# Generated by the TriMeshRef class
# Number of vertices: 1744
# Number of faces: 3480
v -0.77099294459262846 -0.53279400000000021 -0.77099294459262846
v -0.77099294459262846 -0.53279400000000021 -0.69756504510761619
v -0.77099294459262846 -0.53279400000000021 -0.62413714562260403
v -0.77099294459262846 -0.53279400000000021 -0.55070924613759176
v -0.77099294459262846 -0.53279400000000021 -0.47728134665257954
v -0.77099294459262846 -0.53279400000000021 -0.40385344716756733
v -0.77099294459262846 -0.53279400000000021 -0.33042554768255505
v -0.77099294459262846 -0.53279400000000021 -0.25699764819754289
v -0.77099294459262846 -0.53279400000000021 -0.18356974871253062
v -0.77099294459262846 -0.53279400000000021 -0.11014184922751835
v -0.77099294459262846 -0.53279400000000021 -0.036713949742506191
v -0.77099294459262846 -0.53279400000000021 0.03671394974250608
v -0.77099294459262846 -0.53279400000000021 0.11014184922751835
v -0.77099294459262846 -0.53279400000000021 0.18356974871253051
v -0.77099294459262846 -0.53279400000000021 0.25699764819754267
v -0.77099294459262846 -0.53279400000000021 0.33042554768255505
v -0.77099294459262846 -0.53279400000000021 0.40385344716756721
v -0.77099294459262846 -0.53279400000000021 0.47728134665257937
v -0.77099294459262846 -0.53279400000000021 0.55070924613759176
v -0.77099294459262846 -0.53279400000000021 0.62413714562260392
v -0.77099294459262846 -0.53279400000000021 0.69756504510761608
v -0.77099294459262846 -0.53279400000000021 0.77099294459262846
v -0.77099294459262846 -0.459366100514988 -0.77099294459262846
v -0.77099294459262846 -0.459366100514988 -0.69756504510761619
v -0.77099294459262846 -0.459366100514988 -0.62413714562260403
v -0.77099294459262846 -0.459366100514988 -0.55070924613759176
v -0.77099294459262846 -0.459366100514988 -0.47728134665257954
v -0.77099294459262846 -0.459366100514988 -0.40385344716756733
v -0.77099294459262846 -0.459366100514988 -0.33042554768255505
v -0.77099294459262846 -0.459366100514988 -0.25699764819754289
v -0.77099294459262846 -0.459366100514988 -0.18356974871253062
v -0.77099294459262846 -0.459366100514988 -0.11014184922751835
v -0.77099294459262846 -0.459366100514988 -0.036713949742506191
v -0.77099294459262846 -0.459366100514988 0.03671394974250608
v -0.77099294459262846 -0.459366100514988 0.11014184922751835
v -0.77099294459262846 -0.459366100514988 0.18356974871253051
v -0.77099294459262846 -0.459366100514988 0.25699764819754267
v -0.77099294459262846 -0.459366100514988 0.33042554768255505
v -0.77099294459262846 -0.459366100514988 0.40385344716756721
v -0.77099294459262846 -0.459366100514988 0.47728134665257937
v -0.77099294459262846 -0.459366100514988 0.55070924613759176
v -0.77099294459262846 -0.459366100514988 0.62413714562260392
v -0.77099294459262846 -0.459366100514988 0.69756504510761608
v -0.77099294459262846 -0.459366100514988 0.77099294459262846
v -0.77099294459262846 -0.38593820102997578 -0.77099294459262846
v -0.77099294459262846 -0.38593820102997578 -0.69756504510761619
v -0.77099294459262846 -0.38593820102997578 -0.62413714562260403
v -0.77099294459262846 -0.38593820102997578 -0.55070924613759176
v -0.77099294459262846 -0.38593820102997578 -0.47728134665257954
v -0.77099294459262846 -0.38593820102997578 -0.40385344716756733
v -0.77099294459262846 -0.38593820102997578 -0.33042554768255505
v -0.77099294459262846 -0.38593820102997578 -0.25699764819754289
v -0.77099294459262846 -0.38593820102997578 -0.18356974871253062
v -0.77099294459262846 -0.38593820102997578 -0.11014184922751835
v -0.77099294459262846 -0.38593820102997578 -0.036713949742506191
v -0.77099294459262846 -0.38593820102997578 0.03671394974250608
v -0.77099294459262846 -0.38593820102997578 0.11014184922751835
v -0.77099294459262846 -0.38593820102997578 0.18356974871253051
v -0.77099294459262846 -0.38593820102997578 0.25699764819754267
v -0.77099294459262846 -0.38593820102997578 0.33042554768255505
v -0.77099294459262846 -0.38593820102997578 0.40385344716756721
v -0.77099294459262846 -0.38593820102997578 0.47728134665257937
v -0.77099294459262846 -0.38593820102997578 0.55070924613759176
v -0.77099294459262846 -0.38593820102997578 0.62413714562260392
v -0.77099294459262846 -0.38593820102997578 0.69756504510761608
v -0.77099294459262846 -0.38593820102997578 0.77099294459262846
v -0.77099294459262846 -0.31251030154496351 -0.77099294459262846
v -0.77099294459262846 -0.31251030154496351 -0.69756504510761619
v -0.77099294459262846 -0.31251030154496351 -0.62413714562260403
v -0.77099294459262846 -0.31251030154496351 -0.55070924613759176
v -0.77099294459262846 -0.31251030154496351 -0.47728134665257954
v -0.77099294459262846 -0.31251030154496351 -0.40385344716756733
v -0.77099294459262846 -0.31251030154496351 -0.33042554768255505
v -0.77099294459262846 -0.31251030154496351 -0.25699764819754289
v -0.77099294459262846 -0.31251030154496351 -0.18356974871253062
v -0.77099294459262846 -0.31251030154496351 -0.11014184922751835
v -0.77099294459262846 -0.31251030154496351 -0.036713949742506191
v -0.77099294459262846 -0.31251030154496351 0.03671394974250608
v -0.77099294459262846 -0.31251030154496351 0.11014184922751835
v -0.77099294459262846 -0.31251030154496351 0.18356974871253051
v -0.77099294459262846 -0.31251030154496351 0.25699764819754267
v -0.77099294459262846 -0.31251030154496351 0.33042554768255505
v -0.77099294459262846 -0.31251030154496351 0.40385344716756721
v -0.77099294459262846 -0.31251030154496351 0.47728134665257937
v -0.77099294459262846 -0.31251030154496351 0.55070924613759176
v -0.77099294459262846 -0.31251030154496351 0.62413714562260392
v -0.77099294459262846 -0.31251030154496351 0.69756504510761608
v -0.77099294459262846 -0.31251030154496351 0.77099294459262846
v -0.77099294459262846 -0.23908240205995129 -0.77099294459262846
v -0.77099294459262846 -0.23908240205995129 -0.69756504510761619
v -0.77099294459262846 -0.23908240205995129 -0.62413714562260403
v -0.77099294459262846 -0.23908240205995129 -0.55070924613759176
v -0.77099294459262846 -0.23908240205995129 -0.47728134665257954
v -0.77099294459262846 -0.23908240205995129 -0.40385344716756733
v -0.77099294459262846 -0.23908240205995129 -0.33042554768255505
v -0.77099294459262846 -0.23908240205995129 -0.25699764819754289
v -0.77099294459262846 -0.23908240205995129 -0.18356974871253062
v -0.77099294459262846 -0.23908240205995129 -0.11014184922751835
v -0.77099294459262846 -0.23908240205995129 -0.036713949742506191
v -0.77099294459262846 -0.23908240205995129 0.03671394974250608
v -0.77099294459262846 -0.23908240205995129 0.11014184922751835
v -0.77099294459262846 -0.23908240205995129 0.18356974871253051
v -0.77099294459262846 -0.23908240205995129 0.25699764819754267
v -0.77099294459262846 -0.23908240205995129 0.33042554768255505
v -0.77099294459262846 -0.23908240205995129 0.40385344716756721
v -0.77099294459262846 -0.23908240205995129 0.47728134665257937
v -0.77099294459262846 -0.23908240205995129 0.55070924613759176
v -0.77099294459262846 -0.23908240205995129 0.62413714562260392
v -0.77099294459262846 -0.23908240205995129 0.69756504510761608
v -0.77099294459262846 -0.23908240205995129 0.77099294459262846
v -0.77099294459262846 -0.16565450257493908 -0.77099294459262846
v -0.77099294459262846 -0.16565450257493908 -0.69756504510761619
v -0.77099294459262846 -0.16565450257493908 -0.62413714562260403
v -0.77099294459262846 -0.16565450257493908 -0.55070924613759176
v -0.77099294459262846 -0.16565450257493908 -0.47728134665257954
v -0.77099294459262846 -0.16565450257493908 -0.40385344716756733
v -0.77099294459262846 -0.16565450257493908 -0.33042554768255505
v -0.77099294459262846 -0.16565450257493908 -0.25699764819754289
v -0.77099294459262846 -0.16565450257493908 -0.18356974871253062
v -0.77099294459262846 -0.16565450257493908 -0.11014184922751835
v -0.77099294459262846 -0.16565450257493908 -0.036713949742506191
v -0.77099294459262846 -0.16565450257493908 0.03671394974250608
v -0.77099294459262846 -0.16565450257493908 0.11014184922751835
v -0.77099294459262846 -0.16565450257493908 0.18356974871253051
v -0.77099294459262846 -0.16565450257493908 0.25699764819754267
v -0.77099294459262846 -0.16565450257493908 0.33042554768255505
v -0.77099294459262846 -0.16565450257493908 0.40385344716756721
v -0.77099294459262846 -0.16565450257493908 0.47728134665257937
v -0.77099294459262846 -0.16565450257493908 0.55070924613759176
v -0.77099294459262846 -0.16565450257493908 0.62413714562260392
v -0.77099294459262846 -0.16565450257493908 0.69756504510761608
v -0.77099294459262846 -0.16565450257493908 0.77099294459262846
v -0.77099294459262846 -0.092226603089926806 -0.77099294459262846
v -0.77099294459262846 -0.092226603089926806 -0.69756504510761619
v -0.77099294459262846 -0.092226603089926806 -0.62413714562260403
v -0.77099294459262846 -0.092226603089926806 -0.55070924613759176
v -0.77099294459262846 -0.092226603089926806 -0.47728134665257954
v -0.77099294459262846 -0.092226603089926806 -0.40385344716756733
v -0.77099294459262846 -0.092226603089926806 -0.33042554768255505
v -0.77099294459262846 -0.092226603089926806 -0.25699764819754289
v -0.77099294459262846 -0.092226603089926806 -0.18356974871253062
v -0.77099294459262846 -0.092226603089926806 -0.11014184922751835
v -0.77099294459262846 -0.092226603089926806 -0.036713949742506191
v -0.77099294459262846 -0.092226603089926806 0.03671394974250608
v -0.77099294459262846 -0.092226603089926806 0.11014184922751835
v -0.77099294459262846 -0.092226603089926806 0.18356974871253051
v -0.77099294459262846 -0.092226603089926806 0.25699764819754267
v -0.77099294459262846 -0.092226603089926806 0.33042554768255505
v -0.77099294459262846 -0.092226603089926806 0.40385344716756721
v -0.77099294459262846 -0.092226603089926806 0.47728134665257937
v -0.77099294459262846 -0.092226603089926806 0.55070924613759176
v -0.77099294459262846 -0.092226603089926806 0.62413714562260392
v -0.77099294459262846 -0.092226603089926806 0.69756504510761608
v -0.77099294459262846 -0.092226603089926806 0.77099294459262846
v -0.77099294459262846 -0.018798703604914646 -0.77099294459262846
v -0.77099294459262846 -0.018798703604914646 -0.69756504510761619
v -0.77099294459262846 -0.018798703604914646 -0.62413714562260403
v -0.77099294459262846 -0.018798703604914646 -0.55070924613759176
v -0.77099294459262846 -0.018798703604914646 -0.47728134665257954
v -0.77099294459262846 -0.018798703604914646 -0.40385344716756733
v -0.77099294459262846 -0.018798703604914646 -0.33042554768255505
v -0.77099294459262846 -0.018798703604914646 -0.25699764819754289
v -0.77099294459262846 -0.018798703604914646 -0.18356974871253062
v -0.77099294459262846 -0.018798703604914646 -0.11014184922751835
v -0.77099294459262846 -0.018798703604914646 -0.036713949742506191
v -0.77099294459262846 -0.018798703604914646 0.03671394974250608
v -0.77099294459262846 -0.018798703604914646 0.11014184922751835
v -0.77099294459262846 -0.018798703604914646 0.18356974871253051
v -0.77099294459262846 -0.018798703604914646 0.25699764819754267
v -0.77099294459262846 -0.018798703604914646 0.33042554768255505
v -0.77099294459262846 -0.018798703604914646 0.40385344716756721
v -0.77099294459262846 -0.018798703604914646 0.47728134665257937
v -0.77099294459262846 -0.018798703604914646 0.55070924613759176
v -0.77099294459262846 -0.018798703604914646 0.62413714562260392
v -0.77099294459262846 -0.018798703604914646 0.69756504510761608
v -0.77099294459262846 -0.018798703604914646 0.77099294459262846
v -0.69756504510761619 -0.53279400000000021 -0.77099294459262846
v -0.69756504510761619 -0.53279400000000021 -0.69756504510761619
v -0.69756504510761619 -0.53279400000000021 -0.62413714562260403
v -0.69756504510761619 -0.53279400000000021 -0.55070924613759176
v -0.69756504510761619 -0.53279400000000021 -0.47728134665257954
v -0.69756504510761619 -0.53279400000000021 -0.40385344716756733
v -0.69756504510761619 -0.53279400000000021 -0.33042554768255505
v -0.69756504510761619 -0.53279400000000021 -0.25699764819754289
v -0.69756504510761619 -0.53279400000000021 -0.18356974871253062
v -0.69756504510761619 -0.53279400000000021 -0.11014184922751835
v -0.69756504510761619 -0.53279400000000021 -0.036713949742506191
v -0.69756504510761619 -0.53279400000000021 0.03671394974250608
v -0.69756504510761619 -0.53279400000000021 0.11014184922751835
v -0.69756504510761619 -0.53279400000000021 0.18356974871253051
v -0.69756504510761619 -0.53279400000000021 0.25699764819754267
v -0.69756504510761619 -0.53279400000000021 0.33042554768255505
v -0.69756504510761619 -0.53279400000000021 0.40385344716756721
v -0.69756504510761619 -0.53279400000000021 0.47728134665257937
v -0.69756504510761619 -0.53279400000000021 0.55070924613759176
v -0.69756504510761619 -0.53279400000000021 0.62413714562260392
v -0.69756504510761619 -0.53279400000000021 0.69756504510761608
v -0.69756504510761619 -0.53279400000000021 0.77099294459262846
v -0.69756504510761619 -0.459366100514988 -0.77099294459262846
v -0.69756504510761619 -0.459366100514988 0.77099294459262846
v -0.69756504510761619 -0.38593820102997578 -0.77099294459262846
v -0.69756504510761619 -0.38593820102997578 0.77099294459262846
v -0.69756504510761619 -0.31251030154496351 -0.77099294459262846
v -0.69756504510761619 -0.31251030154496351 0.77099294459262846
v -0.69756504510761619 -0.23908240205995129 -0.77099294459262846
v -0.69756504510761619 -0.23908240205995129 0.77099294459262846
v -0.69756504510761619 -0.16565450257493908 -0.77099294459262846
v -0.69756504510761619 -0.16565450257493908 0.77099294459262846
v -0.69756504510761619 -0.092226603089926806 -0.77099294459262846
v -0.69756504510761619 -0.092226603089926806 0.77099294459262846
v -0.69756504510761619 -0.018798703604914646 -0.77099294459262846
v -0.69756504510761619 -0.018798703604914646 -0.69756504510761619
v -0.69756504510761619 -0.018798703604914646 -0.62413714562260403
v -0.69756504510761619 -0.018798703604914646 -0.55070924613759176
v -0.69756504510761619 -0.018798703604914646 -0.47728134665257954
v -0.69756504510761619 -0.018798703604914646 -0.40385344716756733
v -0.69756504510761619 -0.018798703604914646 -0.33042554768255505
v -0.69756504510761619 -0.018798703604914646 -0.25699764819754289
v -0.69756504510761619 -0.018798703604914646 -0.18356974871253062
v -0.69756504510761619 -0.018798703604914646 -0.11014184922751835
v -0.69756504510761619 -0.018798703604914646 -0.036713949742506191
v -0.69756504510761619 -0.018798703604914646 0.03671394974250608
v -0.69756504510761619 -0.018798703604914646 0.11014184922751835
v -0.69756504510761619 -0.018798703604914646 0.18356974871253051
v -0.69756504510761619 -0.018798703604914646 0.25699764819754267
v -0.69756504510761619 -0.018798703604914646 0.33042554768255505
v -0.69756504510761619 -0.018798703604914646 0.40385344716756721
v -0.69756504510761619 -0.018798703604914646 0.47728134665257937
v -0.69756504510761619 -0.018798703604914646 0.55070924613759176
v -0.69756504510761619 -0.018798703604914646 0.62413714562260392
v -0.69756504510761619 -0.018798703604914646 0.69756504510761608
v -0.69756504510761619 -0.018798703604914646 0.77099294459262846
v -0.62413714562260403 -0.53279400000000021 -0.77099294459262846
v -0.62413714562260403 -0.53279400000000021 -0.69756504510761619
v -0.62413714562260403 -0.53279400000000021 -0.62413714562260403
v -0.62413714562260403 -0.53279400000000021 -0.55070924613759176
v -0.62413714562260403 -0.53279400000000021 -0.47728134665257954
v -0.62413714562260403 -0.53279400000000021 -0.40385344716756733
v -0.62413714562260403 -0.53279400000000021 -0.33042554768255505
v -0.62413714562260403 -0.53279400000000021 -0.25699764819754289
v -0.62413714562260403 -0.53279400000000021 -0.18356974871253062
v -0.62413714562260403 -0.53279400000000021 -0.11014184922751835
v -0.62413714562260403 -0.53279400000000021 -0.036713949742506191
v -0.62413714562260403 -0.53279400000000021 0.03671394974250608
v -0.62413714562260403 -0.53279400000000021 0.11014184922751835
v -0.62413714562260403 -0.53279400000000021 0.18356974871253051
v -0.62413714562260403 -0.53279400000000021 0.25699764819754267
v -0.62413714562260403 -0.53279400000000021 0.33042554768255505
v -0.62413714562260403 -0.53279400000000021 0.40385344716756721
v -0.62413714562260403 -0.53279400000000021 0.47728134665257937
v -0.62413714562260403 -0.53279400000000021 0.55070924613759176
v -0.62413714562260403 -0.53279400000000021 0.62413714562260392
v -0.62413714562260403 -0.53279400000000021 0.69756504510761608
v -0.62413714562260403 -0.53279400000000021 0.77099294459262846
v -0.62413714562260403 -0.459366100514988 -0.77099294459262846
v -0.62413714562260403 -0.459366100514988 0.77099294459262846
v -0.62413714562260403 -0.38593820102997578 -0.77099294459262846
v -0.62413714562260403 -0.38593820102997578 0.77099294459262846
v -0.62413714562260403 -0.31251030154496351 -0.77099294459262846
v -0.62413714562260403 -0.31251030154496351 0.77099294459262846
v -0.62413714562260403 -0.23908240205995129 -0.77099294459262846
v -0.62413714562260403 -0.23908240205995129 0.77099294459262846
v -0.62413714562260403 -0.16565450257493908 -0.77099294459262846
v -0.62413714562260403 -0.16565450257493908 0.77099294459262846
v -0.62413714562260403 -0.092226603089926806 -0.77099294459262846
v -0.62413714562260403 -0.092226603089926806 0.77099294459262846
v -0.62413714562260403 -0.018798703604914646 -0.77099294459262846
v -0.62413714562260403 -0.018798703604914646 -0.69756504510761619
v -0.62413714562260403 -0.018798703604914646 -0.62413714562260403
v -0.62413714562260403 -0.018798703604914646 -0.55070924613759176
v -0.62413714562260403 -0.018798703604914646 -0.47728134665257954
v -0.62413714562260403 -0.018798703604914646 -0.40385344716756733
v -0.62413714562260403 -0.018798703604914646 -0.33042554768255505
v -0.62413714562260403 -0.018798703604914646 -0.25699764819754289
v -0.62413714562260403 -0.018798703604914646 -0.18356974871253062
v -0.62413714562260403 -0.018798703604914646 -0.11014184922751835
v -0.62413714562260403 -0.018798703604914646 -0.036713949742506191
v -0.62413714562260403 -0.018798703604914646 0.03671394974250608
v -0.62413714562260403 -0.018798703604914646 0.11014184922751835
v -0.62413714562260403 -0.018798703604914646 0.18356974871253051
v -0.62413714562260403 -0.018798703604914646 0.25699764819754267
v -0.62413714562260403 -0.018798703604914646 0.33042554768255505
v -0.62413714562260403 -0.018798703604914646 0.40385344716756721
v -0.62413714562260403 -0.018798703604914646 0.47728134665257937
v -0.62413714562260403 -0.018798703604914646 0.55070924613759176
v -0.62413714562260403 -0.018798703604914646 0.62413714562260392
v -0.62413714562260403 -0.018798703604914646 0.69756504510761608
v -0.62413714562260403 -0.018798703604914646 0.77099294459262846
v -0.55070924613759176 -0.53279400000000021 -0.77099294459262846
v -0.55070924613759176 -0.53279400000000021 -0.69756504510761619
v -0.55070924613759176 -0.53279400000000021 -0.62413714562260403
v -0.55070924613759176 -0.53279400000000021 -0.55070924613759176
v -0.55070924613759176 -0.53279400000000021 -0.47728134665257954
v -0.55070924613759176 -0.53279400000000021 -0.40385344716756733
v -0.55070924613759176 -0.53279400000000021 -0.33042554768255505
v -0.55070924613759176 -0.53279400000000021 -0.25699764819754289
v -0.55070924613759176 -0.53279400000000021 -0.18356974871253062
v -0.55070924613759176 -0.53279400000000021 -0.11014184922751835
v -0.55070924613759176 -0.53279400000000021 -0.036713949742506191
v -0.55070924613759176 -0.53279400000000021 0.03671394974250608
v -0.55070924613759176 -0.53279400000000021 0.11014184922751835
v -0.55070924613759176 -0.53279400000000021 0.18356974871253051
v -0.55070924613759176 -0.53279400000000021 0.25699764819754267
v -0.55070924613759176 -0.53279400000000021 0.33042554768255505
v -0.55070924613759176 -0.53279400000000021 0.40385344716756721
v -0.55070924613759176 -0.53279400000000021 0.47728134665257937
v -0.55070924613759176 -0.53279400000000021 0.55070924613759176
v -0.55070924613759176 -0.53279400000000021 0.62413714562260392
v -0.55070924613759176 -0.53279400000000021 0.69756504510761608
v -0.55070924613759176 -0.53279400000000021 0.77099294459262846
v -0.55070924613759176 -0.459366100514988 -0.77099294459262846
v -0.55070924613759176 -0.459366100514988 0.77099294459262846
v -0.55070924613759176 -0.38593820102997578 -0.77099294459262846
v -0.55070924613759176 -0.38593820102997578 0.77099294459262846
v -0.55070924613759176 -0.31251030154496351 -0.77099294459262846
v -0.55070924613759176 -0.31251030154496351 0.77099294459262846
v -0.55070924613759176 -0.23908240205995129 -0.77099294459262846
v -0.55070924613759176 -0.23908240205995129 0.77099294459262846
v -0.55070924613759176 -0.16565450257493908 -0.77099294459262846
v -0.55070924613759176 -0.16565450257493908 0.77099294459262846
v -0.55070924613759176 -0.092226603089926806 -0.77099294459262846
v -0.55070924613759176 -0.092226603089926806 0.77099294459262846
v -0.55070924613759176 -0.018798703604914646 -0.77099294459262846
v -0.55070924613759176 -0.018798703604914646 -0.69756504510761619
v -0.55070924613759176 -0.018798703604914646 -0.62413714562260403
v -0.55070924613759176 -0.018798703604914646 -0.55070924613759176
v -0.55070924613759176 -0.018798703604914646 -0.47728134665257954
v -0.55070924613759176 -0.018798703604914646 -0.40385344716756733
v -0.55070924613759176 -0.018798703604914646 -0.33042554768255505
v -0.55070924613759176 -0.018798703604914646 -0.25699764819754289
v -0.55070924613759176 -0.018798703604914646 -0.18356974871253062
v -0.55070924613759176 -0.018798703604914646 -0.11014184922751835
v -0.55070924613759176 -0.018798703604914646 -0.036713949742506191
v -0.55070924613759176 -0.018798703604914646 0.03671394974250608
v -0.55070924613759176 -0.018798703604914646 0.11014184922751835
v -0.55070924613759176 -0.018798703604914646 0.18356974871253051
v -0.55070924613759176 -0.018798703604914646 0.25699764819754267
v -0.55070924613759176 -0.018798703604914646 0.33042554768255505
v -0.55070924613759176 -0.018798703604914646 0.40385344716756721
v -0.55070924613759176 -0.018798703604914646 0.47728134665257937
v -0.55070924613759176 -0.018798703604914646 0.55070924613759176
v -0.55070924613759176 -0.018798703604914646 0.62413714562260392
v -0.55070924613759176 -0.018798703604914646 0.69756504510761608
v -0.55070924613759176 -0.018798703604914646 0.77099294459262846
v -0.47728134665257954 -0.53279400000000021 -0.77099294459262846
v -0.47728134665257954 -0.53279400000000021 -0.69756504510761619
v -0.47728134665257954 -0.53279400000000021 -0.62413714562260403
v -0.47728134665257954 -0.53279400000000021 -0.55070924613759176
v -0.47728134665257954 -0.53279400000000021 -0.47728134665257954
v -0.47728134665257954 -0.53279400000000021 -0.40385344716756733
v -0.47728134665257954 -0.53279400000000021 -0.33042554768255505
v -0.47728134665257954 -0.53279400000000021 -0.25699764819754289
v -0.47728134665257954 -0.53279400000000021 -0.18356974871253062
v -0.47728134665257954 -0.53279400000000021 -0.11014184922751835
v -0.47728134665257954 -0.53279400000000021 -0.036713949742506191
v -0.47728134665257954 -0.53279400000000021 0.03671394974250608
v -0.47728134665257954 -0.53279400000000021 0.11014184922751835
v -0.47728134665257954 -0.53279400000000021 0.18356974871253051
v -0.47728134665257954 -0.53279400000000021 0.25699764819754267
v -0.47728134665257954 -0.53279400000000021 0.33042554768255505
v -0.47728134665257954 -0.53279400000000021 0.40385344716756721
v -0.47728134665257954 -0.53279400000000021 0.47728134665257937
v -0.47728134665257954 -0.53279400000000021 0.55070924613759176
v -0.47728134665257954 -0.53279400000000021 0.62413714562260392
v -0.47728134665257954 -0.53279400000000021 0.69756504510761608
v -0.47728134665257954 -0.53279400000000021 0.77099294459262846
v -0.47728134665257954 -0.459366100514988 -0.77099294459262846
v -0.47728134665257954 -0.459366100514988 0.77099294459262846
v -0.47728134665257954 -0.38593820102997578 -0.77099294459262846
v -0.47728134665257954 -0.38593820102997578 0.77099294459262846
v -0.47728134665257954 -0.31251030154496351 -0.77099294459262846
v -0.47728134665257954 -0.31251030154496351 0.77099294459262846
v -0.47728134665257954 -0.23908240205995129 -0.77099294459262846
v -0.47728134665257954 -0.23908240205995129 0.77099294459262846
v -0.47728134665257954 -0.16565450257493908 -0.77099294459262846
v -0.47728134665257954 -0.16565450257493908 0.77099294459262846
v -0.47728134665257954 -0.092226603089926806 -0.77099294459262846
v -0.47728134665257954 -0.092226603089926806 0.77099294459262846
v -0.47728134665257954 -0.018798703604914646 -0.77099294459262846
v -0.47728134665257954 -0.018798703604914646 -0.69756504510761619
v -0.47728134665257954 -0.018798703604914646 -0.62413714562260403
v -0.47728134665257954 -0.018798703604914646 -0.55070924613759176
v -0.47728134665257954 -0.018798703604914646 -0.47728134665257954
v -0.47728134665257954 -0.018798703604914646 -0.40385344716756733
v -0.47728134665257954 -0.018798703604914646 -0.33042554768255505
v -0.47728134665257954 -0.018798703604914646 -0.25699764819754289
v -0.47728134665257954 -0.018798703604914646 -0.18356974871253062
v -0.47728134665257954 -0.018798703604914646 -0.11014184922751835
v -0.47728134665257954 -0.018798703604914646 -0.036713949742506191
v -0.47728134665257954 -0.018798703604914646 0.03671394974250608
v -0.47728134665257954 -0.018798703604914646 0.11014184922751835
v -0.47728134665257954 -0.018798703604914646 0.18356974871253051
v -0.47728134665257954 -0.018798703604914646 0.25699764819754267
v -0.47728134665257954 -0.018798703604914646 0.33042554768255505
v -0.47728134665257954 -0.018798703604914646 0.40385344716756721
v -0.47728134665257954 -0.018798703604914646 0.47728134665257937
v -0.47728134665257954 -0.018798703604914646 0.55070924613759176
v -0.47728134665257954 -0.018798703604914646 0.62413714562260392
v -0.47728134665257954 -0.018798703604914646 0.69756504510761608
v -0.47728134665257954 -0.018798703604914646 0.77099294459262846
v -0.40385344716756733 -0.53279400000000021 -0.77099294459262846
v -0.40385344716756733 -0.53279400000000021 -0.69756504510761619
v -0.40385344716756733 -0.53279400000000021 -0.62413714562260403
v -0.40385344716756733 -0.53279400000000021 -0.55070924613759176
v -0.40385344716756733 -0.53279400000000021 -0.47728134665257954
v -0.40385344716756733 -0.53279400000000021 -0.40385344716756733
v -0.40385344716756733 -0.53279400000000021 -0.33042554768255505
v -0.40385344716756733 -0.53279400000000021 -0.25699764819754289
v -0.40385344716756733 -0.53279400000000021 -0.18356974871253062
v -0.40385344716756733 -0.53279400000000021 -0.11014184922751835
v -0.40385344716756733 -0.53279400000000021 -0.036713949742506191
v -0.40385344716756733 -0.53279400000000021 0.03671394974250608
v -0.40385344716756733 -0.53279400000000021 0.11014184922751835
v -0.40385344716756733 -0.53279400000000021 0.18356974871253051
v -0.40385344716756733 -0.53279400000000021 0.25699764819754267
v -0.40385344716756733 -0.53279400000000021 0.33042554768255505
v -0.40385344716756733 -0.53279400000000021 0.40385344716756721
v -0.40385344716756733 -0.53279400000000021 0.47728134665257937
v -0.40385344716756733 -0.53279400000000021 0.55070924613759176
v -0.40385344716756733 -0.53279400000000021 0.62413714562260392
v -0.40385344716756733 -0.53279400000000021 0.69756504510761608
v -0.40385344716756733 -0.53279400000000021 0.77099294459262846
v -0.40385344716756733 -0.459366100514988 -0.77099294459262846
v -0.40385344716756733 -0.459366100514988 0.77099294459262846
v -0.40385344716756733 -0.38593820102997578 -0.77099294459262846
v -0.40385344716756733 -0.38593820102997578 0.77099294459262846
v -0.40385344716756733 -0.31251030154496351 -0.77099294459262846
v -0.40385344716756733 -0.31251030154496351 0.77099294459262846
v -0.40385344716756733 -0.23908240205995129 -0.77099294459262846
v -0.40385344716756733 -0.23908240205995129 0.77099294459262846
v -0.40385344716756733 -0.16565450257493908 -0.77099294459262846
v -0.40385344716756733 -0.16565450257493908 0.77099294459262846
v -0.40385344716756733 -0.092226603089926806 -0.77099294459262846
v -0.40385344716756733 -0.092226603089926806 0.77099294459262846
v -0.40385344716756733 -0.018798703604914646 -0.77099294459262846
v -0.40385344716756733 -0.018798703604914646 -0.69756504510761619
v -0.40385344716756733 -0.018798703604914646 -0.62413714562260403
v -0.40385344716756733 -0.018798703604914646 -0.55070924613759176
v -0.40385344716756733 -0.018798703604914646 -0.47728134665257954
v -0.40385344716756733 -0.018798703604914646 -0.40385344716756733
v -0.40385344716756733 -0.018798703604914646 -0.33042554768255505
v -0.40385344716756733 -0.018798703604914646 -0.25699764819754289
v -0.40385344716756733 -0.018798703604914646 -0.18356974871253062
v -0.40385344716756733 -0.018798703604914646 -0.11014184922751835
v -0.40385344716756733 -0.018798703604914646 -0.036713949742506191
v -0.40385344716756733 -0.018798703604914646 0.03671394974250608
v -0.40385344716756733 -0.018798703604914646 0.11014184922751835
v -0.40385344716756733 -0.018798703604914646 0.18356974871253051
v -0.40385344716756733 -0.018798703604914646 0.25699764819754267
v -0.40385344716756733 -0.018798703604914646 0.33042554768255505
v -0.40385344716756733 -0.018798703604914646 0.40385344716756721
v -0.40385344716756733 -0.018798703604914646 0.47728134665257937
v -0.40385344716756733 -0.018798703604914646 0.55070924613759176
v -0.40385344716756733 -0.018798703604914646 0.62413714562260392
v -0.40385344716756733 -0.018798703604914646 0.69756504510761608
v -0.40385344716756733 -0.018798703604914646 0.77099294459262846
v -0.33042554768255505 -0.53279400000000021 -0.77099294459262846
v -0.33042554768255505 -0.53279400000000021 -0.69756504510761619
v -0.33042554768255505 -0.53279400000000021 -0.62413714562260403
v -0.33042554768255505 -0.53279400000000021 -0.55070924613759176
v -0.33042554768255505 -0.53279400000000021 -0.47728134665257954
v -0.33042554768255505 -0.53279400000000021 -0.40385344716756733
v -0.33042554768255505 -0.53279400000000021 -0.33042554768255505
v -0.33042554768255505 -0.53279400000000021 -0.25699764819754289
v -0.33042554768255505 -0.53279400000000021 -0.18356974871253062
v -0.33042554768255505 -0.53279400000000021 -0.11014184922751835
v -0.33042554768255505 -0.53279400000000021 -0.036713949742506191
v -0.33042554768255505 -0.53279400000000021 0.03671394974250608
v -0.33042554768255505 -0.53279400000000021 0.11014184922751835
v -0.33042554768255505 -0.53279400000000021 0.18356974871253051
v -0.33042554768255505 -0.53279400000000021 0.25699764819754267
v -0.33042554768255505 -0.53279400000000021 0.33042554768255505
v -0.33042554768255505 -0.53279400000000021 0.40385344716756721
v -0.33042554768255505 -0.53279400000000021 0.47728134665257937
v -0.33042554768255505 -0.53279400000000021 0.55070924613759176
v -0.33042554768255505 -0.53279400000000021 0.62413714562260392
v -0.33042554768255505 -0.53279400000000021 0.69756504510761608
v -0.33042554768255505 -0.53279400000000021 0.77099294459262846
v -0.33042554768255505 -0.459366100514988 -0.77099294459262846
v -0.33042554768255505 -0.459366100514988 0.77099294459262846
v -0.33042554768255505 -0.38593820102997578 -0.77099294459262846
v -0.33042554768255505 -0.38593820102997578 0.77099294459262846
v -0.33042554768255505 -0.31251030154496351 -0.77099294459262846
v -0.33042554768255505 -0.31251030154496351 0.77099294459262846
v -0.33042554768255505 -0.23908240205995129 -0.77099294459262846
v -0.33042554768255505 -0.23908240205995129 0.77099294459262846
v -0.33042554768255505 -0.16565450257493908 -0.77099294459262846
v -0.33042554768255505 -0.16565450257493908 0.77099294459262846
v -0.33042554768255505 -0.092226603089926806 -0.77099294459262846
v -0.33042554768255505 -0.092226603089926806 0.77099294459262846
v -0.33042554768255505 -0.018798703604914646 -0.77099294459262846
v -0.33042554768255505 -0.018798703604914646 -0.69756504510761619
v -0.33042554768255505 -0.018798703604914646 -0.62413714562260403
v -0.33042554768255505 -0.018798703604914646 -0.55070924613759176
v -0.33042554768255505 -0.018798703604914646 -0.47728134665257954
v -0.33042554768255505 -0.018798703604914646 -0.40385344716756733
v -0.33042554768255505 -0.018798703604914646 -0.33042554768255505
v -0.33042554768255505 -0.018798703604914646 -0.25699764819754289
v -0.33042554768255505 -0.018798703604914646 -0.18356974871253062
v -0.33042554768255505 -0.018798703604914646 -0.11014184922751835
v -0.33042554768255505 -0.018798703604914646 -0.036713949742506191
v -0.33042554768255505 -0.018798703604914646 0.03671394974250608
v -0.33042554768255505 -0.018798703604914646 0.11014184922751835
v -0.33042554768255505 -0.018798703604914646 0.18356974871253051
v -0.33042554768255505 -0.018798703604914646 0.25699764819754267
v -0.33042554768255505 -0.018798703604914646 0.33042554768255505
v -0.33042554768255505 -0.018798703604914646 0.40385344716756721
v -0.33042554768255505 -0.018798703604914646 0.47728134665257937
v -0.33042554768255505 -0.018798703604914646 0.55070924613759176
v -0.33042554768255505 -0.018798703604914646 0.62413714562260392
v -0.33042554768255505 -0.018798703604914646 0.69756504510761608
v -0.33042554768255505 -0.018798703604914646 0.77099294459262846
v -0.25699764819754289 -0.53279400000000021 -0.77099294459262846
v -0.25699764819754289 -0.53279400000000021 -0.69756504510761619
v -0.25699764819754289 -0.53279400000000021 -0.62413714562260403
v -0.25699764819754289 -0.53279400000000021 -0.55070924613759176
v -0.25699764819754289 -0.53279400000000021 -0.47728134665257954
v -0.25699764819754289 -0.53279400000000021 -0.40385344716756733
v -0.25699764819754289 -0.53279400000000021 -0.33042554768255505
v -0.25699764819754289 -0.53279400000000021 -0.25699764819754289
v -0.25699764819754289 -0.53279400000000021 -0.18356974871253062
v -0.25699764819754289 -0.53279400000000021 -0.11014184922751835
v -0.25699764819754289 -0.53279400000000021 -0.036713949742506191
v -0.25699764819754289 -0.53279400000000021 0.03671394974250608
v -0.25699764819754289 -0.53279400000000021 0.11014184922751835
v -0.25699764819754289 -0.53279400000000021 0.18356974871253051
v -0.25699764819754289 -0.53279400000000021 0.25699764819754267
v -0.25699764819754289 -0.53279400000000021 0.33042554768255505
v -0.25699764819754289 -0.53279400000000021 0.40385344716756721
v -0.25699764819754289 -0.53279400000000021 0.47728134665257937
v -0.25699764819754289 -0.53279400000000021 0.55070924613759176
v -0.25699764819754289 -0.53279400000000021 0.62413714562260392
v -0.25699764819754289 -0.53279400000000021 0.69756504510761608
v -0.25699764819754289 -0.53279400000000021 0.77099294459262846
v -0.25699764819754289 -0.459366100514988 -0.77099294459262846
v -0.25699764819754289 -0.459366100514988 0.77099294459262846
v -0.25699764819754289 -0.38593820102997578 -0.77099294459262846
v -0.25699764819754289 -0.38593820102997578 0.77099294459262846
v -0.25699764819754289 -0.31251030154496351 -0.77099294459262846
v -0.25699764819754289 -0.31251030154496351 0.77099294459262846
v -0.25699764819754289 -0.23908240205995129 -0.77099294459262846
v -0.25699764819754289 -0.23908240205995129 0.77099294459262846
v -0.25699764819754289 -0.16565450257493908 -0.77099294459262846
v -0.25699764819754289 -0.16565450257493908 0.77099294459262846
v -0.25699764819754289 -0.092226603089926806 -0.77099294459262846
v -0.25699764819754289 -0.092226603089926806 0.77099294459262846
v -0.25699764819754289 -0.018798703604914646 -0.77099294459262846
v -0.25699764819754289 -0.018798703604914646 -0.69756504510761619
v -0.25699764819754289 -0.018798703604914646 -0.62413714562260403
v -0.25699764819754289 -0.018798703604914646 -0.55070924613759176
v -0.25699764819754289 -0.018798703604914646 -0.47728134665257954
v -0.25699764819754289 -0.018798703604914646 -0.40385344716756733
v -0.25699764819754289 -0.018798703604914646 -0.33042554768255505
v -0.25699764819754289 -0.018798703604914646 -0.25699764819754289
v -0.25699764819754289 -0.018798703604914646 -0.18356974871253062
v -0.25699764819754289 -0.018798703604914646 -0.11014184922751835
v -0.25699764819754289 -0.018798703604914646 -0.036713949742506191
v -0.25699764819754289 -0.018798703604914646 0.03671394974250608
v -0.25699764819754289 -0.018798703604914646 0.11014184922751835
v -0.25699764819754289 -0.018798703604914646 0.18356974871253051
v -0.25699764819754289 -0.018798703604914646 0.25699764819754267
v -0.25699764819754289 -0.018798703604914646 0.33042554768255505
v -0.25699764819754289 -0.018798703604914646 0.40385344716756721
v -0.25699764819754289 -0.018798703604914646 0.47728134665257937
v -0.25699764819754289 -0.018798703604914646 0.55070924613759176
v -0.25699764819754289 -0.018798703604914646 0.62413714562260392
v -0.25699764819754289 -0.018798703604914646 0.69756504510761608
v -0.25699764819754289 -0.018798703604914646 0.77099294459262846
v -0.25699764819754289 0.49519659279017092 -0.18356974871253062
v -0.25699764819754289 0.49519659279017092 -0.11014184922751835
v -0.25699764819754289 0.49519659279017092 -0.036713949742506191
v -0.25699764819754289 0.49519659279017092 0.03671394974250608
v -0.25699764819754289 0.49519659279017092 0.11014184922751835
v -0.25699764819754289 0.49519659279017092 0.18356974871253051
v -0.25699764819754289 0.5686244922751833 -0.18356974871253062
v -0.25699764819754289 0.5686244922751833 -0.11014184922751835
v -0.25699764819754289 0.5686244922751833 -0.036713949742506191
v -0.25699764819754289 0.5686244922751833 0.03671394974250608
v -0.25699764819754289 0.5686244922751833 0.11014184922751835
v -0.25699764819754289 0.5686244922751833 0.18356974871253051
v -0.25699764819754289 0.64205239176019546 -0.18356974871253062
v -0.25699764819754289 0.64205239176019546 -0.11014184922751835
v -0.25699764819754289 0.64205239176019546 -0.036713949742506191
v -0.25699764819754289 0.64205239176019546 0.03671394974250608
v -0.25699764819754289 0.64205239176019546 0.11014184922751835
v -0.25699764819754289 0.64205239176019546 0.18356974871253051
v -0.25699764819754289 0.71548029124520762 -0.18356974871253062
v -0.25699764819754289 0.71548029124520762 -0.11014184922751835
v -0.25699764819754289 0.71548029124520762 -0.036713949742506191
v -0.25699764819754289 0.71548029124520762 0.03671394974250608
v -0.25699764819754289 0.71548029124520762 0.11014184922751835
v -0.25699764819754289 0.71548029124520762 0.18356974871253051
v -0.25699764819754289 0.78890819073022 -0.18356974871253062
v -0.25699764819754289 0.78890819073022 -0.11014184922751835
v -0.25699764819754289 0.78890819073022 -0.036713949742506191
v -0.25699764819754289 0.78890819073022 0.03671394974250608
v -0.25699764819754289 0.78890819073022 0.11014184922751835
v -0.25699764819754289 0.78890819073022 0.18356974871253051
v -0.25699764819754289 0.86233609021523216 -0.18356974871253062
v -0.25699764819754289 0.86233609021523216 -0.11014184922751835
v -0.25699764819754289 0.86233609021523216 -0.036713949742506191
v -0.25699764819754289 0.86233609021523216 0.03671394974250608
v -0.25699764819754289 0.86233609021523216 0.11014184922751835
v -0.25699764819754289 0.86233609021523216 0.18356974871253051
v -0.18356974871253062 -0.53279400000000021 -0.77099294459262846
v -0.18356974871253062 -0.53279400000000021 -0.69756504510761619
v -0.18356974871253062 -0.53279400000000021 -0.62413714562260403
v -0.18356974871253062 -0.53279400000000021 -0.55070924613759176
v -0.18356974871253062 -0.53279400000000021 -0.47728134665257954
v -0.18356974871253062 -0.53279400000000021 -0.40385344716756733
v -0.18356974871253062 -0.53279400000000021 -0.33042554768255505
v -0.18356974871253062 -0.53279400000000021 -0.25699764819754289
v -0.18356974871253062 -0.53279400000000021 -0.18356974871253062
v -0.18356974871253062 -0.53279400000000021 -0.11014184922751835
v -0.18356974871253062 -0.53279400000000021 -0.036713949742506191
v -0.18356974871253062 -0.53279400000000021 0.03671394974250608
v -0.18356974871253062 -0.53279400000000021 0.11014184922751835
v -0.18356974871253062 -0.53279400000000021 0.18356974871253051
v -0.18356974871253062 -0.53279400000000021 0.25699764819754267
v -0.18356974871253062 -0.53279400000000021 0.33042554768255505
v -0.18356974871253062 -0.53279400000000021 0.40385344716756721
v -0.18356974871253062 -0.53279400000000021 0.47728134665257937
v -0.18356974871253062 -0.53279400000000021 0.55070924613759176
v -0.18356974871253062 -0.53279400000000021 0.62413714562260392
v -0.18356974871253062 -0.53279400000000021 0.69756504510761608
v -0.18356974871253062 -0.53279400000000021 0.77099294459262846
v -0.18356974871253062 -0.459366100514988 -0.77099294459262846
v -0.18356974871253062 -0.459366100514988 0.77099294459262846
v -0.18356974871253062 -0.38593820102997578 -0.77099294459262846
v -0.18356974871253062 -0.38593820102997578 0.77099294459262846
v -0.18356974871253062 -0.31251030154496351 -0.77099294459262846
v -0.18356974871253062 -0.31251030154496351 0.77099294459262846
v -0.18356974871253062 -0.23908240205995129 -0.77099294459262846
v -0.18356974871253062 -0.23908240205995129 0.77099294459262846
v -0.18356974871253062 -0.16565450257493908 -0.77099294459262846
v -0.18356974871253062 -0.16565450257493908 0.77099294459262846
v -0.18356974871253062 -0.092226603089926806 -0.77099294459262846
v -0.18356974871253062 -0.092226603089926806 0.77099294459262846
v -0.18356974871253062 -0.018798703604914646 -0.77099294459262846
v -0.18356974871253062 -0.018798703604914646 -0.69756504510761619
v -0.18356974871253062 -0.018798703604914646 -0.62413714562260403
v -0.18356974871253062 -0.018798703604914646 -0.55070924613759176
v -0.18356974871253062 -0.018798703604914646 -0.47728134665257954
v -0.18356974871253062 -0.018798703604914646 -0.40385344716756733
v -0.18356974871253062 -0.018798703604914646 -0.33042554768255505
v -0.18356974871253062 -0.018798703604914646 -0.25699764819754289
v -0.18356974871253062 -0.018798703604914646 -0.18356974871253062
v -0.18356974871253062 -0.018798703604914646 -0.11014184922751835
v -0.18356974871253062 -0.018798703604914646 -0.036713949742506191
v -0.18356974871253062 -0.018798703604914646 0.03671394974250608
v -0.18356974871253062 -0.018798703604914646 0.11014184922751835
v -0.18356974871253062 -0.018798703604914646 0.18356974871253051
v -0.18356974871253062 -0.018798703604914646 0.25699764819754267
v -0.18356974871253062 -0.018798703604914646 0.33042554768255505
v -0.18356974871253062 -0.018798703604914646 0.40385344716756721
v -0.18356974871253062 -0.018798703604914646 0.47728134665257937
v -0.18356974871253062 -0.018798703604914646 0.55070924613759176
v -0.18356974871253062 -0.018798703604914646 0.62413714562260392
v -0.18356974871253062 -0.018798703604914646 0.69756504510761608
v -0.18356974871253062 -0.018798703604914646 0.77099294459262846
v -0.18356974871253062 0.42176869330515876 -0.18356974871253062
v -0.18356974871253062 0.42176869330515876 -0.11014184922751835
v -0.18356974871253062 0.42176869330515876 -0.036713949742506191
v -0.18356974871253062 0.42176869330515876 0.03671394974250608
v -0.18356974871253062 0.42176869330515876 0.11014184922751835
v -0.18356974871253062 0.42176869330515876 0.18356974871253051
v -0.18356974871253062 0.49519659279017092 -0.25699764819754289
v -0.18356974871253062 0.49519659279017092 -0.18356974871253062
v -0.18356974871253062 0.49519659279017092 -0.11014184922751835
v -0.18356974871253062 0.49519659279017092 -0.036713949742506191
v -0.18356974871253062 0.49519659279017092 0.03671394974250608
v -0.18356974871253062 0.49519659279017092 0.11014184922751835
v -0.18356974871253062 0.49519659279017092 0.18356974871253051
v -0.18356974871253062 0.49519659279017092 0.25699764819754267
v -0.18356974871253062 0.5686244922751833 -0.25699764819754289
v -0.18356974871253062 0.5686244922751833 -0.18356974871253062
v -0.18356974871253062 0.5686244922751833 0.18356974871253051
v -0.18356974871253062 0.5686244922751833 0.25699764819754267
v -0.18356974871253062 0.64205239176019546 -0.25699764819754289
v -0.18356974871253062 0.64205239176019546 -0.18356974871253062
v -0.18356974871253062 0.64205239176019546 0.18356974871253051
v -0.18356974871253062 0.64205239176019546 0.25699764819754267
v -0.18356974871253062 0.71548029124520762 -0.25699764819754289
v -0.18356974871253062 0.71548029124520762 -0.18356974871253062
v -0.18356974871253062 0.71548029124520762 0.18356974871253051
v -0.18356974871253062 0.71548029124520762 0.25699764819754267
v -0.18356974871253062 0.78890819073022 -0.25699764819754289
v -0.18356974871253062 0.78890819073022 -0.18356974871253062
v -0.18356974871253062 0.78890819073022 0.18356974871253051
v -0.18356974871253062 0.78890819073022 0.25699764819754267
v -0.18356974871253062 0.86233609021523216 -0.25699764819754289
v -0.18356974871253062 0.86233609021523216 -0.18356974871253062
v -0.18356974871253062 0.86233609021523216 -0.11014184922751835
v -0.18356974871253062 0.86233609021523216 -0.036713949742506191
v -0.18356974871253062 0.86233609021523216 0.03671394974250608
v -0.18356974871253062 0.86233609021523216 0.11014184922751835
v -0.18356974871253062 0.86233609021523216 0.18356974871253051
v -0.18356974871253062 0.86233609021523216 0.25699764819754267
v -0.18356974871253062 0.93576398970024433 -0.18356974871253062
v -0.18356974871253062 0.93576398970024433 -0.11014184922751835
v -0.18356974871253062 0.93576398970024433 -0.036713949742506191
v -0.18356974871253062 0.93576398970024433 0.03671394974250608
v -0.18356974871253062 0.93576398970024433 0.11014184922751835
v -0.18356974871253062 0.93576398970024433 0.18356974871253051
v -0.11014184922751835 -0.53279400000000021 -0.77099294459262846
v -0.11014184922751835 -0.53279400000000021 -0.69756504510761619
v -0.11014184922751835 -0.53279400000000021 -0.62413714562260403
v -0.11014184922751835 -0.53279400000000021 -0.55070924613759176
v -0.11014184922751835 -0.53279400000000021 -0.47728134665257954
v -0.11014184922751835 -0.53279400000000021 -0.40385344716756733
v -0.11014184922751835 -0.53279400000000021 -0.33042554768255505
v -0.11014184922751835 -0.53279400000000021 -0.25699764819754289
v -0.11014184922751835 -0.53279400000000021 -0.18356974871253062
v -0.11014184922751835 -0.53279400000000021 -0.11014184922751835
v -0.11014184922751835 -0.53279400000000021 -0.036713949742506191
v -0.11014184922751835 -0.53279400000000021 0.03671394974250608
v -0.11014184922751835 -0.53279400000000021 0.11014184922751835
v -0.11014184922751835 -0.53279400000000021 0.18356974871253051
v -0.11014184922751835 -0.53279400000000021 0.25699764819754267
v -0.11014184922751835 -0.53279400000000021 0.33042554768255505
v -0.11014184922751835 -0.53279400000000021 0.40385344716756721
v -0.11014184922751835 -0.53279400000000021 0.47728134665257937
v -0.11014184922751835 -0.53279400000000021 0.55070924613759176
v -0.11014184922751835 -0.53279400000000021 0.62413714562260392
v -0.11014184922751835 -0.53279400000000021 0.69756504510761608
v -0.11014184922751835 -0.53279400000000021 0.77099294459262846
v -0.11014184922751835 -0.459366100514988 -0.77099294459262846
v -0.11014184922751835 -0.459366100514988 0.77099294459262846
v -0.11014184922751835 -0.38593820102997578 -0.77099294459262846
v -0.11014184922751835 -0.38593820102997578 0.77099294459262846
v -0.11014184922751835 -0.31251030154496351 -0.77099294459262846
v -0.11014184922751835 -0.31251030154496351 0.77099294459262846
v -0.11014184922751835 -0.23908240205995129 -0.77099294459262846
v -0.11014184922751835 -0.23908240205995129 0.77099294459262846
v -0.11014184922751835 -0.16565450257493908 -0.77099294459262846
v -0.11014184922751835 -0.16565450257493908 0.77099294459262846
v -0.11014184922751835 -0.092226603089926806 -0.77099294459262846
v -0.11014184922751835 -0.092226603089926806 0.77099294459262846
v -0.11014184922751835 -0.018798703604914646 -0.77099294459262846
v -0.11014184922751835 -0.018798703604914646 -0.69756504510761619
v -0.11014184922751835 -0.018798703604914646 -0.62413714562260403
v -0.11014184922751835 -0.018798703604914646 -0.55070924613759176
v -0.11014184922751835 -0.018798703604914646 -0.47728134665257954
v -0.11014184922751835 -0.018798703604914646 -0.40385344716756733
v -0.11014184922751835 -0.018798703604914646 -0.33042554768255505
v -0.11014184922751835 -0.018798703604914646 -0.25699764819754289
v -0.11014184922751835 -0.018798703604914646 -0.18356974871253062
v -0.11014184922751835 -0.018798703604914646 -0.11014184922751835
v -0.11014184922751835 -0.018798703604914646 -0.036713949742506191
v -0.11014184922751835 -0.018798703604914646 0.03671394974250608
v -0.11014184922751835 -0.018798703604914646 0.11014184922751835
v -0.11014184922751835 -0.018798703604914646 0.18356974871253051
v -0.11014184922751835 -0.018798703604914646 0.25699764819754267
v -0.11014184922751835 -0.018798703604914646 0.33042554768255505
v -0.11014184922751835 -0.018798703604914646 0.40385344716756721
v -0.11014184922751835 -0.018798703604914646 0.47728134665257937
v -0.11014184922751835 -0.018798703604914646 0.55070924613759176
v -0.11014184922751835 -0.018798703604914646 0.62413714562260392
v -0.11014184922751835 -0.018798703604914646 0.69756504510761608
v -0.11014184922751835 -0.018798703604914646 0.77099294459262846
v -0.11014184922751835 0.42176869330515876 -0.18356974871253062
v -0.11014184922751835 0.42176869330515876 -0.11014184922751835
v -0.11014184922751835 0.42176869330515876 -0.036713949742506191
v -0.11014184922751835 0.42176869330515876 0.03671394974250608
v -0.11014184922751835 0.42176869330515876 0.11014184922751835
v -0.11014184922751835 0.42176869330515876 0.18356974871253051
v -0.11014184922751835 0.49519659279017092 -0.25699764819754289
v -0.11014184922751835 0.49519659279017092 -0.18356974871253062
v -0.11014184922751835 0.49519659279017092 0.18356974871253051
v -0.11014184922751835 0.49519659279017092 0.25699764819754267
v -0.11014184922751835 0.5686244922751833 -0.25699764819754289
v -0.11014184922751835 0.5686244922751833 0.25699764819754267
v -0.11014184922751835 0.64205239176019546 -0.25699764819754289
v -0.11014184922751835 0.64205239176019546 0.25699764819754267
v -0.11014184922751835 0.71548029124520762 -0.25699764819754289
v -0.11014184922751835 0.71548029124520762 0.25699764819754267
v -0.11014184922751835 0.78890819073022 -0.25699764819754289
v -0.11014184922751835 0.78890819073022 0.25699764819754267
v -0.11014184922751835 0.86233609021523216 -0.25699764819754289
v -0.11014184922751835 0.86233609021523216 -0.18356974871253062
v -0.11014184922751835 0.86233609021523216 0.18356974871253051
v -0.11014184922751835 0.86233609021523216 0.25699764819754267
v -0.11014184922751835 0.93576398970024433 -0.18356974871253062
v -0.11014184922751835 0.93576398970024433 -0.11014184922751835
v -0.11014184922751835 0.93576398970024433 -0.036713949742506191
v -0.11014184922751835 0.93576398970024433 0.03671394974250608
v -0.11014184922751835 0.93576398970024433 0.11014184922751835
v -0.11014184922751835 0.93576398970024433 0.18356974871253051
v -0.036713949742506191 -0.53279400000000021 -0.77099294459262846
v -0.036713949742506191 -0.53279400000000021 -0.69756504510761619
v -0.036713949742506191 -0.53279400000000021 -0.62413714562260403
v -0.036713949742506191 -0.53279400000000021 -0.55070924613759176
v -0.036713949742506191 -0.53279400000000021 -0.47728134665257954
v -0.036713949742506191 -0.53279400000000021 -0.40385344716756733
v -0.036713949742506191 -0.53279400000000021 -0.33042554768255505
v -0.036713949742506191 -0.53279400000000021 -0.25699764819754289
v -0.036713949742506191 -0.53279400000000021 -0.18356974871253062
v -0.036713949742506191 -0.53279400000000021 -0.11014184922751835
v -0.036713949742506191 -0.53279400000000021 -0.036713949742506191
v -0.036713949742506191 -0.53279400000000021 0.03671394974250608
v -0.036713949742506191 -0.53279400000000021 0.11014184922751835
v -0.036713949742506191 -0.53279400000000021 0.18356974871253051
v -0.036713949742506191 -0.53279400000000021 0.25699764819754267
v -0.036713949742506191 -0.53279400000000021 0.33042554768255505
v -0.036713949742506191 -0.53279400000000021 0.40385344716756721
v -0.036713949742506191 -0.53279400000000021 0.47728134665257937
v -0.036713949742506191 -0.53279400000000021 0.55070924613759176
v -0.036713949742506191 -0.53279400000000021 0.62413714562260392
v -0.036713949742506191 -0.53279400000000021 0.69756504510761608
v -0.036713949742506191 -0.53279400000000021 0.77099294459262846
v -0.036713949742506191 -0.459366100514988 -0.77099294459262846
v -0.036713949742506191 -0.459366100514988 0.77099294459262846
v -0.036713949742506191 -0.38593820102997578 -0.77099294459262846
v -0.036713949742506191 -0.38593820102997578 0.77099294459262846
v -0.036713949742506191 -0.31251030154496351 -0.77099294459262846
v -0.036713949742506191 -0.31251030154496351 0.77099294459262846
v -0.036713949742506191 -0.23908240205995129 -0.77099294459262846
v -0.036713949742506191 -0.23908240205995129 0.77099294459262846
v -0.036713949742506191 -0.16565450257493908 -0.77099294459262846
v -0.036713949742506191 -0.16565450257493908 0.77099294459262846
v -0.036713949742506191 -0.092226603089926806 -0.77099294459262846
v -0.036713949742506191 -0.092226603089926806 0.77099294459262846
v -0.036713949742506191 -0.018798703604914646 -0.77099294459262846
v -0.036713949742506191 -0.018798703604914646 -0.69756504510761619
v -0.036713949742506191 -0.018798703604914646 -0.62413714562260403
v -0.036713949742506191 -0.018798703604914646 -0.55070924613759176
v -0.036713949742506191 -0.018798703604914646 -0.47728134665257954
v -0.036713949742506191 -0.018798703604914646 -0.40385344716756733
v -0.036713949742506191 -0.018798703604914646 -0.33042554768255505
v -0.036713949742506191 -0.018798703604914646 -0.25699764819754289
v -0.036713949742506191 -0.018798703604914646 -0.18356974871253062
v -0.036713949742506191 -0.018798703604914646 -0.11014184922751835
v -0.036713949742506191 -0.018798703604914646 -0.036713949742506191
v -0.036713949742506191 -0.018798703604914646 0.03671394974250608
v -0.036713949742506191 -0.018798703604914646 0.11014184922751835
v -0.036713949742506191 -0.018798703604914646 0.18356974871253051
v -0.036713949742506191 -0.018798703604914646 0.25699764819754267
v -0.036713949742506191 -0.018798703604914646 0.33042554768255505
v -0.036713949742506191 -0.018798703604914646 0.40385344716756721
v -0.036713949742506191 -0.018798703604914646 0.47728134665257937
v -0.036713949742506191 -0.018798703604914646 0.55070924613759176
v -0.036713949742506191 -0.018798703604914646 0.62413714562260392
v -0.036713949742506191 -0.018798703604914646 0.69756504510761608
v -0.036713949742506191 -0.018798703604914646 0.77099294459262846
v -0.036713949742506191 0.42176869330515876 -0.18356974871253062
v -0.036713949742506191 0.42176869330515876 -0.11014184922751835
v -0.036713949742506191 0.42176869330515876 -0.036713949742506191
v -0.036713949742506191 0.42176869330515876 0.03671394974250608
v -0.036713949742506191 0.42176869330515876 0.11014184922751835
v -0.036713949742506191 0.42176869330515876 0.18356974871253051
v -0.036713949742506191 0.49519659279017092 -0.25699764819754289
v -0.036713949742506191 0.49519659279017092 -0.18356974871253062
v -0.036713949742506191 0.49519659279017092 0.18356974871253051
v -0.036713949742506191 0.49519659279017092 0.25699764819754267
v -0.036713949742506191 0.5686244922751833 -0.25699764819754289
v -0.036713949742506191 0.5686244922751833 0.25699764819754267
v -0.036713949742506191 0.64205239176019546 -0.25699764819754289
v -0.036713949742506191 0.64205239176019546 0.25699764819754267
v -0.036713949742506191 0.71548029124520762 -0.25699764819754289
v -0.036713949742506191 0.71548029124520762 0.25699764819754267
v -0.036713949742506191 0.78890819073022 -0.25699764819754289
v -0.036713949742506191 0.78890819073022 0.25699764819754267
v -0.036713949742506191 0.86233609021523216 -0.25699764819754289
v -0.036713949742506191 0.86233609021523216 -0.18356974871253062
v -0.036713949742506191 0.86233609021523216 0.18356974871253051
v -0.036713949742506191 0.86233609021523216 0.25699764819754267
v -0.036713949742506191 0.93576398970024433 -0.18356974871253062
v -0.036713949742506191 0.93576398970024433 -0.11014184922751835
v -0.036713949742506191 0.93576398970024433 -0.036713949742506191
v -0.036713949742506191 0.93576398970024433 0.03671394974250608
v -0.036713949742506191 0.93576398970024433 0.11014184922751835
v -0.036713949742506191 0.93576398970024433 0.18356974871253051
v 0.03671394974250608 -0.53279400000000021 -0.77099294459262846
v 0.03671394974250608 -0.53279400000000021 -0.69756504510761619
v 0.03671394974250608 -0.53279400000000021 -0.62413714562260403
v 0.03671394974250608 -0.53279400000000021 -0.55070924613759176
v 0.03671394974250608 -0.53279400000000021 -0.47728134665257954
v 0.03671394974250608 -0.53279400000000021 -0.40385344716756733
v 0.03671394974250608 -0.53279400000000021 -0.33042554768255505
v 0.03671394974250608 -0.53279400000000021 -0.25699764819754289
v 0.03671394974250608 -0.53279400000000021 -0.18356974871253062
v 0.03671394974250608 -0.53279400000000021 -0.11014184922751835
v 0.03671394974250608 -0.53279400000000021 -0.036713949742506191
v 0.03671394974250608 -0.53279400000000021 0.03671394974250608
v 0.03671394974250608 -0.53279400000000021 0.11014184922751835
v 0.03671394974250608 -0.53279400000000021 0.18356974871253051
v 0.03671394974250608 -0.53279400000000021 0.25699764819754267
v 0.03671394974250608 -0.53279400000000021 0.33042554768255505
v 0.03671394974250608 -0.53279400000000021 0.40385344716756721
v 0.03671394974250608 -0.53279400000000021 0.47728134665257937
v 0.03671394974250608 -0.53279400000000021 0.55070924613759176
v 0.03671394974250608 -0.53279400000000021 0.62413714562260392
v 0.03671394974250608 -0.53279400000000021 0.69756504510761608
v 0.03671394974250608 -0.53279400000000021 0.77099294459262846
v 0.03671394974250608 -0.459366100514988 -0.77099294459262846
v 0.03671394974250608 -0.459366100514988 0.77099294459262846
v 0.03671394974250608 -0.38593820102997578 -0.77099294459262846
v 0.03671394974250608 -0.38593820102997578 0.77099294459262846
v 0.03671394974250608 -0.31251030154496351 -0.77099294459262846
v 0.03671394974250608 -0.31251030154496351 0.77099294459262846
v 0.03671394974250608 -0.23908240205995129 -0.77099294459262846
v 0.03671394974250608 -0.23908240205995129 0.77099294459262846
v 0.03671394974250608 -0.16565450257493908 -0.77099294459262846
v 0.03671394974250608 -0.16565450257493908 0.77099294459262846
v 0.03671394974250608 -0.092226603089926806 -0.77099294459262846
v 0.03671394974250608 -0.092226603089926806 0.77099294459262846
v 0.03671394974250608 -0.018798703604914646 -0.77099294459262846
v 0.03671394974250608 -0.018798703604914646 -0.69756504510761619
v 0.03671394974250608 -0.018798703604914646 -0.62413714562260403
v 0.03671394974250608 -0.018798703604914646 -0.55070924613759176
v 0.03671394974250608 -0.018798703604914646 -0.47728134665257954
v 0.03671394974250608 -0.018798703604914646 -0.40385344716756733
v 0.03671394974250608 -0.018798703604914646 -0.33042554768255505
v 0.03671394974250608 -0.018798703604914646 -0.25699764819754289
v 0.03671394974250608 -0.018798703604914646 -0.18356974871253062
v 0.03671394974250608 -0.018798703604914646 -0.11014184922751835
v 0.03671394974250608 -0.018798703604914646 -0.036713949742506191
v 0.03671394974250608 -0.018798703604914646 0.03671394974250608
v 0.03671394974250608 -0.018798703604914646 0.11014184922751835
v 0.03671394974250608 -0.018798703604914646 0.18356974871253051
v 0.03671394974250608 -0.018798703604914646 0.25699764819754267
v 0.03671394974250608 -0.018798703604914646 0.33042554768255505
v 0.03671394974250608 -0.018798703604914646 0.40385344716756721
v 0.03671394974250608 -0.018798703604914646 0.47728134665257937
v 0.03671394974250608 -0.018798703604914646 0.55070924613759176
v 0.03671394974250608 -0.018798703604914646 0.62413714562260392
v 0.03671394974250608 -0.018798703604914646 0.69756504510761608
v 0.03671394974250608 -0.018798703604914646 0.77099294459262846
v 0.03671394974250608 0.42176869330515876 -0.18356974871253062
v 0.03671394974250608 0.42176869330515876 -0.11014184922751835
v 0.03671394974250608 0.42176869330515876 -0.036713949742506191
v 0.03671394974250608 0.42176869330515876 0.03671394974250608
v 0.03671394974250608 0.42176869330515876 0.11014184922751835
v 0.03671394974250608 0.42176869330515876 0.18356974871253051
v 0.03671394974250608 0.49519659279017092 -0.25699764819754289
v 0.03671394974250608 0.49519659279017092 -0.18356974871253062
v 0.03671394974250608 0.49519659279017092 0.18356974871253051
v 0.03671394974250608 0.49519659279017092 0.25699764819754267
v 0.03671394974250608 0.5686244922751833 -0.25699764819754289
v 0.03671394974250608 0.5686244922751833 0.25699764819754267
v 0.03671394974250608 0.64205239176019546 -0.25699764819754289
v 0.03671394974250608 0.64205239176019546 0.25699764819754267
v 0.03671394974250608 0.71548029124520762 -0.25699764819754289
v 0.03671394974250608 0.71548029124520762 0.25699764819754267
v 0.03671394974250608 0.78890819073022 -0.25699764819754289
v 0.03671394974250608 0.78890819073022 0.25699764819754267
v 0.03671394974250608 0.86233609021523216 -0.25699764819754289
v 0.03671394974250608 0.86233609021523216 -0.18356974871253062
v 0.03671394974250608 0.86233609021523216 0.18356974871253051
v 0.03671394974250608 0.86233609021523216 0.25699764819754267
v 0.03671394974250608 0.93576398970024433 -0.18356974871253062
v 0.03671394974250608 0.93576398970024433 -0.11014184922751835
v 0.03671394974250608 0.93576398970024433 -0.036713949742506191
v 0.03671394974250608 0.93576398970024433 0.03671394974250608
v 0.03671394974250608 0.93576398970024433 0.11014184922751835
v 0.03671394974250608 0.93576398970024433 0.18356974871253051
v 0.11014184922751835 -0.53279400000000021 -0.77099294459262846
v 0.11014184922751835 -0.53279400000000021 -0.69756504510761619
v 0.11014184922751835 -0.53279400000000021 -0.62413714562260403
v 0.11014184922751835 -0.53279400000000021 -0.55070924613759176
v 0.11014184922751835 -0.53279400000000021 -0.47728134665257954
v 0.11014184922751835 -0.53279400000000021 -0.40385344716756733
v 0.11014184922751835 -0.53279400000000021 -0.33042554768255505
v 0.11014184922751835 -0.53279400000000021 -0.25699764819754289
v 0.11014184922751835 -0.53279400000000021 -0.18356974871253062
v 0.11014184922751835 -0.53279400000000021 -0.11014184922751835
v 0.11014184922751835 -0.53279400000000021 -0.036713949742506191
v 0.11014184922751835 -0.53279400000000021 0.03671394974250608
v 0.11014184922751835 -0.53279400000000021 0.11014184922751835
v 0.11014184922751835 -0.53279400000000021 0.18356974871253051
v 0.11014184922751835 -0.53279400000000021 0.25699764819754267
v 0.11014184922751835 -0.53279400000000021 0.33042554768255505
v 0.11014184922751835 -0.53279400000000021 0.40385344716756721
v 0.11014184922751835 -0.53279400000000021 0.47728134665257937
v 0.11014184922751835 -0.53279400000000021 0.55070924613759176
v 0.11014184922751835 -0.53279400000000021 0.62413714562260392
v 0.11014184922751835 -0.53279400000000021 0.69756504510761608
v 0.11014184922751835 -0.53279400000000021 0.77099294459262846
v 0.11014184922751835 -0.459366100514988 -0.77099294459262846
v 0.11014184922751835 -0.459366100514988 0.77099294459262846
v 0.11014184922751835 -0.38593820102997578 -0.77099294459262846
v 0.11014184922751835 -0.38593820102997578 0.77099294459262846
v 0.11014184922751835 -0.31251030154496351 -0.77099294459262846
v 0.11014184922751835 -0.31251030154496351 0.77099294459262846
v 0.11014184922751835 -0.23908240205995129 -0.77099294459262846
v 0.11014184922751835 -0.23908240205995129 0.77099294459262846
v 0.11014184922751835 -0.16565450257493908 -0.77099294459262846
v 0.11014184922751835 -0.16565450257493908 0.77099294459262846
v 0.11014184922751835 -0.092226603089926806 -0.77099294459262846
v 0.11014184922751835 -0.092226603089926806 0.77099294459262846
v 0.11014184922751835 -0.018798703604914646 -0.77099294459262846
v 0.11014184922751835 -0.018798703604914646 -0.69756504510761619
v 0.11014184922751835 -0.018798703604914646 -0.62413714562260403
v 0.11014184922751835 -0.018798703604914646 -0.55070924613759176
v 0.11014184922751835 -0.018798703604914646 -0.47728134665257954
v 0.11014184922751835 -0.018798703604914646 -0.40385344716756733
v 0.11014184922751835 -0.018798703604914646 -0.33042554768255505
v 0.11014184922751835 -0.018798703604914646 -0.25699764819754289
v 0.11014184922751835 -0.018798703604914646 -0.18356974871253062
v 0.11014184922751835 -0.018798703604914646 -0.11014184922751835
v 0.11014184922751835 -0.018798703604914646 -0.036713949742506191
v 0.11014184922751835 -0.018798703604914646 0.03671394974250608
v 0.11014184922751835 -0.018798703604914646 0.11014184922751835
v 0.11014184922751835 -0.018798703604914646 0.18356974871253051
v 0.11014184922751835 -0.018798703604914646 0.25699764819754267
v 0.11014184922751835 -0.018798703604914646 0.33042554768255505
v 0.11014184922751835 -0.018798703604914646 0.40385344716756721
v 0.11014184922751835 -0.018798703604914646 0.47728134665257937
v 0.11014184922751835 -0.018798703604914646 0.55070924613759176
v 0.11014184922751835 -0.018798703604914646 0.62413714562260392
v 0.11014184922751835 -0.018798703604914646 0.69756504510761608
v 0.11014184922751835 -0.018798703604914646 0.77099294459262846
v 0.11014184922751835 0.42176869330515876 -0.18356974871253062
v 0.11014184922751835 0.42176869330515876 -0.11014184922751835
v 0.11014184922751835 0.42176869330515876 -0.036713949742506191
v 0.11014184922751835 0.42176869330515876 0.03671394974250608
v 0.11014184922751835 0.42176869330515876 0.11014184922751835
v 0.11014184922751835 0.42176869330515876 0.18356974871253051
v 0.11014184922751835 0.49519659279017092 -0.25699764819754289
v 0.11014184922751835 0.49519659279017092 -0.18356974871253062
v 0.11014184922751835 0.49519659279017092 0.18356974871253051
v 0.11014184922751835 0.49519659279017092 0.25699764819754267
v 0.11014184922751835 0.5686244922751833 -0.25699764819754289
v 0.11014184922751835 0.5686244922751833 0.25699764819754267
v 0.11014184922751835 0.64205239176019546 -0.25699764819754289
v 0.11014184922751835 0.64205239176019546 0.25699764819754267
v 0.11014184922751835 0.71548029124520762 -0.25699764819754289
v 0.11014184922751835 0.71548029124520762 0.25699764819754267
v 0.11014184922751835 0.78890819073022 -0.25699764819754289
v 0.11014184922751835 0.78890819073022 0.25699764819754267
v 0.11014184922751835 0.86233609021523216 -0.25699764819754289
v 0.11014184922751835 0.86233609021523216 -0.18356974871253062
v 0.11014184922751835 0.86233609021523216 0.18356974871253051
v 0.11014184922751835 0.86233609021523216 0.25699764819754267
v 0.11014184922751835 0.93576398970024433 -0.18356974871253062
v 0.11014184922751835 0.93576398970024433 -0.11014184922751835
v 0.11014184922751835 0.93576398970024433 -0.036713949742506191
v 0.11014184922751835 0.93576398970024433 0.03671394974250608
v 0.11014184922751835 0.93576398970024433 0.11014184922751835
v 0.11014184922751835 0.93576398970024433 0.18356974871253051
v 0.18356974871253051 -0.53279400000000021 -0.77099294459262846
v 0.18356974871253051 -0.53279400000000021 -0.69756504510761619
v 0.18356974871253051 -0.53279400000000021 -0.62413714562260403
v 0.18356974871253051 -0.53279400000000021 -0.55070924613759176
v 0.18356974871253051 -0.53279400000000021 -0.47728134665257954
v 0.18356974871253051 -0.53279400000000021 -0.40385344716756733
v 0.18356974871253051 -0.53279400000000021 -0.33042554768255505
v 0.18356974871253051 -0.53279400000000021 -0.25699764819754289
v 0.18356974871253051 -0.53279400000000021 -0.18356974871253062
v 0.18356974871253051 -0.53279400000000021 -0.11014184922751835
v 0.18356974871253051 -0.53279400000000021 -0.036713949742506191
v 0.18356974871253051 -0.53279400000000021 0.03671394974250608
v 0.18356974871253051 -0.53279400000000021 0.11014184922751835
v 0.18356974871253051 -0.53279400000000021 0.18356974871253051
v 0.18356974871253051 -0.53279400000000021 0.25699764819754267
v 0.18356974871253051 -0.53279400000000021 0.33042554768255505
v 0.18356974871253051 -0.53279400000000021 0.40385344716756721
v 0.18356974871253051 -0.53279400000000021 0.47728134665257937
v 0.18356974871253051 -0.53279400000000021 0.55070924613759176
v 0.18356974871253051 -0.53279400000000021 0.62413714562260392
v 0.18356974871253051 -0.53279400000000021 0.69756504510761608
v 0.18356974871253051 -0.53279400000000021 0.77099294459262846
v 0.18356974871253051 -0.459366100514988 -0.77099294459262846
v 0.18356974871253051 -0.459366100514988 0.77099294459262846
v 0.18356974871253051 -0.38593820102997578 -0.77099294459262846
v 0.18356974871253051 -0.38593820102997578 0.77099294459262846
v 0.18356974871253051 -0.31251030154496351 -0.77099294459262846
v 0.18356974871253051 -0.31251030154496351 0.77099294459262846
v 0.18356974871253051 -0.23908240205995129 -0.77099294459262846
v 0.18356974871253051 -0.23908240205995129 0.77099294459262846
v 0.18356974871253051 -0.16565450257493908 -0.77099294459262846
v 0.18356974871253051 -0.16565450257493908 0.77099294459262846
v 0.18356974871253051 -0.092226603089926806 -0.77099294459262846
v 0.18356974871253051 -0.092226603089926806 0.77099294459262846
v 0.18356974871253051 -0.018798703604914646 -0.77099294459262846
v 0.18356974871253051 -0.018798703604914646 -0.69756504510761619
v 0.18356974871253051 -0.018798703604914646 -0.62413714562260403
v 0.18356974871253051 -0.018798703604914646 -0.55070924613759176
v 0.18356974871253051 -0.018798703604914646 -0.47728134665257954
v 0.18356974871253051 -0.018798703604914646 -0.40385344716756733
v 0.18356974871253051 -0.018798703604914646 -0.33042554768255505
v 0.18356974871253051 -0.018798703604914646 -0.25699764819754289
v 0.18356974871253051 -0.018798703604914646 -0.18356974871253062
v 0.18356974871253051 -0.018798703604914646 -0.11014184922751835
v 0.18356974871253051 -0.018798703604914646 -0.036713949742506191
v 0.18356974871253051 -0.018798703604914646 0.03671394974250608
v 0.18356974871253051 -0.018798703604914646 0.11014184922751835
v 0.18356974871253051 -0.018798703604914646 0.18356974871253051
v 0.18356974871253051 -0.018798703604914646 0.25699764819754267
v 0.18356974871253051 -0.018798703604914646 0.33042554768255505
v 0.18356974871253051 -0.018798703604914646 0.40385344716756721
v 0.18356974871253051 -0.018798703604914646 0.47728134665257937
v 0.18356974871253051 -0.018798703604914646 0.55070924613759176
v 0.18356974871253051 -0.018798703604914646 0.62413714562260392
v 0.18356974871253051 -0.018798703604914646 0.69756504510761608
v 0.18356974871253051 -0.018798703604914646 0.77099294459262846
v 0.18356974871253051 0.42176869330515876 -0.18356974871253062
v 0.18356974871253051 0.42176869330515876 -0.11014184922751835
v 0.18356974871253051 0.42176869330515876 -0.036713949742506191
v 0.18356974871253051 0.42176869330515876 0.03671394974250608
v 0.18356974871253051 0.42176869330515876 0.11014184922751835
v 0.18356974871253051 0.42176869330515876 0.18356974871253051
v 0.18356974871253051 0.49519659279017092 -0.25699764819754289
v 0.18356974871253051 0.49519659279017092 -0.18356974871253062
v 0.18356974871253051 0.49519659279017092 -0.11014184922751835
v 0.18356974871253051 0.49519659279017092 -0.036713949742506191
v 0.18356974871253051 0.49519659279017092 0.03671394974250608
v 0.18356974871253051 0.49519659279017092 0.11014184922751835
v 0.18356974871253051 0.49519659279017092 0.18356974871253051
v 0.18356974871253051 0.49519659279017092 0.25699764819754267
v 0.18356974871253051 0.5686244922751833 -0.25699764819754289
v 0.18356974871253051 0.5686244922751833 -0.18356974871253062
v 0.18356974871253051 0.5686244922751833 0.18356974871253051
v 0.18356974871253051 0.5686244922751833 0.25699764819754267
v 0.18356974871253051 0.64205239176019546 -0.25699764819754289
v 0.18356974871253051 0.64205239176019546 -0.18356974871253062
v 0.18356974871253051 0.64205239176019546 0.18356974871253051
v 0.18356974871253051 0.64205239176019546 0.25699764819754267
v 0.18356974871253051 0.71548029124520762 -0.25699764819754289
v 0.18356974871253051 0.71548029124520762 -0.18356974871253062
v 0.18356974871253051 0.71548029124520762 0.18356974871253051
v 0.18356974871253051 0.71548029124520762 0.25699764819754267
v 0.18356974871253051 0.78890819073022 -0.25699764819754289
v 0.18356974871253051 0.78890819073022 -0.18356974871253062
v 0.18356974871253051 0.78890819073022 0.18356974871253051
v 0.18356974871253051 0.78890819073022 0.25699764819754267
v 0.18356974871253051 0.86233609021523216 -0.25699764819754289
v 0.18356974871253051 0.86233609021523216 -0.18356974871253062
v 0.18356974871253051 0.86233609021523216 -0.11014184922751835
v 0.18356974871253051 0.86233609021523216 -0.036713949742506191
v 0.18356974871253051 0.86233609021523216 0.03671394974250608
v 0.18356974871253051 0.86233609021523216 0.11014184922751835
v 0.18356974871253051 0.86233609021523216 0.18356974871253051
v 0.18356974871253051 0.86233609021523216 0.25699764819754267
v 0.18356974871253051 0.93576398970024433 -0.18356974871253062
v 0.18356974871253051 0.93576398970024433 -0.11014184922751835
v 0.18356974871253051 0.93576398970024433 -0.036713949742506191
v 0.18356974871253051 0.93576398970024433 0.03671394974250608
v 0.18356974871253051 0.93576398970024433 0.11014184922751835
v 0.18356974871253051 0.93576398970024433 0.18356974871253051
v 0.25699764819754267 -0.53279400000000021 -0.77099294459262846
v 0.25699764819754267 -0.53279400000000021 -0.69756504510761619
v 0.25699764819754267 -0.53279400000000021 -0.62413714562260403
v 0.25699764819754267 -0.53279400000000021 -0.55070924613759176
v 0.25699764819754267 -0.53279400000000021 -0.47728134665257954
v 0.25699764819754267 -0.53279400000000021 -0.40385344716756733
v 0.25699764819754267 -0.53279400000000021 -0.33042554768255505
v 0.25699764819754267 -0.53279400000000021 -0.25699764819754289
v 0.25699764819754267 -0.53279400000000021 -0.18356974871253062
v 0.25699764819754267 -0.53279400000000021 -0.11014184922751835
v 0.25699764819754267 -0.53279400000000021 -0.036713949742506191
v 0.25699764819754267 -0.53279400000000021 0.03671394974250608
v 0.25699764819754267 -0.53279400000000021 0.11014184922751835
v 0.25699764819754267 -0.53279400000000021 0.18356974871253051
v 0.25699764819754267 -0.53279400000000021 0.25699764819754267
v 0.25699764819754267 -0.53279400000000021 0.33042554768255505
v 0.25699764819754267 -0.53279400000000021 0.40385344716756721
v 0.25699764819754267 -0.53279400000000021 0.47728134665257937
v 0.25699764819754267 -0.53279400000000021 0.55070924613759176
v 0.25699764819754267 -0.53279400000000021 0.62413714562260392
v 0.25699764819754267 -0.53279400000000021 0.69756504510761608
v 0.25699764819754267 -0.53279400000000021 0.77099294459262846
v 0.25699764819754267 -0.459366100514988 -0.77099294459262846
v 0.25699764819754267 -0.459366100514988 0.77099294459262846
v 0.25699764819754267 -0.38593820102997578 -0.77099294459262846
v 0.25699764819754267 -0.38593820102997578 0.77099294459262846
v 0.25699764819754267 -0.31251030154496351 -0.77099294459262846
v 0.25699764819754267 -0.31251030154496351 0.77099294459262846
v 0.25699764819754267 -0.23908240205995129 -0.77099294459262846
v 0.25699764819754267 -0.23908240205995129 0.77099294459262846
v 0.25699764819754267 -0.16565450257493908 -0.77099294459262846
v 0.25699764819754267 -0.16565450257493908 0.77099294459262846
v 0.25699764819754267 -0.092226603089926806 -0.77099294459262846
v 0.25699764819754267 -0.092226603089926806 0.77099294459262846
v 0.25699764819754267 -0.018798703604914646 -0.77099294459262846
v 0.25699764819754267 -0.018798703604914646 -0.69756504510761619
v 0.25699764819754267 -0.018798703604914646 -0.62413714562260403
v 0.25699764819754267 -0.018798703604914646 -0.55070924613759176
v 0.25699764819754267 -0.018798703604914646 -0.47728134665257954
v 0.25699764819754267 -0.018798703604914646 -0.40385344716756733
v 0.25699764819754267 -0.018798703604914646 -0.33042554768255505
v 0.25699764819754267 -0.018798703604914646 -0.25699764819754289
v 0.25699764819754267 -0.018798703604914646 -0.18356974871253062
v 0.25699764819754267 -0.018798703604914646 -0.11014184922751835
v 0.25699764819754267 -0.018798703604914646 -0.036713949742506191
v 0.25699764819754267 -0.018798703604914646 0.03671394974250608
v 0.25699764819754267 -0.018798703604914646 0.11014184922751835
v 0.25699764819754267 -0.018798703604914646 0.18356974871253051
v 0.25699764819754267 -0.018798703604914646 0.25699764819754267
v 0.25699764819754267 -0.018798703604914646 0.33042554768255505
v 0.25699764819754267 -0.018798703604914646 0.40385344716756721
v 0.25699764819754267 -0.018798703604914646 0.47728134665257937
v 0.25699764819754267 -0.018798703604914646 0.55070924613759176
v 0.25699764819754267 -0.018798703604914646 0.62413714562260392
v 0.25699764819754267 -0.018798703604914646 0.69756504510761608
v 0.25699764819754267 -0.018798703604914646 0.77099294459262846
v 0.25699764819754267 0.49519659279017092 -0.18356974871253062
v 0.25699764819754267 0.49519659279017092 -0.11014184922751835
v 0.25699764819754267 0.49519659279017092 -0.036713949742506191
v 0.25699764819754267 0.49519659279017092 0.03671394974250608
v 0.25699764819754267 0.49519659279017092 0.11014184922751835
v 0.25699764819754267 0.49519659279017092 0.18356974871253051
v 0.25699764819754267 0.5686244922751833 -0.18356974871253062
v 0.25699764819754267 0.5686244922751833 -0.11014184922751835
v 0.25699764819754267 0.5686244922751833 -0.036713949742506191
v 0.25699764819754267 0.5686244922751833 0.03671394974250608
v 0.25699764819754267 0.5686244922751833 0.11014184922751835
v 0.25699764819754267 0.5686244922751833 0.18356974871253051
v 0.25699764819754267 0.64205239176019546 -0.18356974871253062
v 0.25699764819754267 0.64205239176019546 -0.11014184922751835
v 0.25699764819754267 0.64205239176019546 -0.036713949742506191
v 0.25699764819754267 0.64205239176019546 0.03671394974250608
v 0.25699764819754267 0.64205239176019546 0.11014184922751835
v 0.25699764819754267 0.64205239176019546 0.18356974871253051
v 0.25699764819754267 0.71548029124520762 -0.18356974871253062
v 0.25699764819754267 0.71548029124520762 -0.11014184922751835
v 0.25699764819754267 0.71548029124520762 -0.036713949742506191
v 0.25699764819754267 0.71548029124520762 0.03671394974250608
v 0.25699764819754267 0.71548029124520762 0.11014184922751835
v 0.25699764819754267 0.71548029124520762 0.18356974871253051
v 0.25699764819754267 0.78890819073022 -0.18356974871253062
v 0.25699764819754267 0.78890819073022 -0.11014184922751835
v 0.25699764819754267 0.78890819073022 -0.036713949742506191
v 0.25699764819754267 0.78890819073022 0.03671394974250608
v 0.25699764819754267 0.78890819073022 0.11014184922751835
v 0.25699764819754267 0.78890819073022 0.18356974871253051
v 0.25699764819754267 0.86233609021523216 -0.18356974871253062
v 0.25699764819754267 0.86233609021523216 -0.11014184922751835
v 0.25699764819754267 0.86233609021523216 -0.036713949742506191
v 0.25699764819754267 0.86233609021523216 0.03671394974250608
v 0.25699764819754267 0.86233609021523216 0.11014184922751835
v 0.25699764819754267 0.86233609021523216 0.18356974871253051
v 0.33042554768255505 -0.53279400000000021 -0.77099294459262846
v 0.33042554768255505 -0.53279400000000021 -0.69756504510761619
v 0.33042554768255505 -0.53279400000000021 -0.62413714562260403
v 0.33042554768255505 -0.53279400000000021 -0.55070924613759176
v 0.33042554768255505 -0.53279400000000021 -0.47728134665257954
v 0.33042554768255505 -0.53279400000000021 -0.40385344716756733
v 0.33042554768255505 -0.53279400000000021 -0.33042554768255505
v 0.33042554768255505 -0.53279400000000021 -0.25699764819754289
v 0.33042554768255505 -0.53279400000000021 -0.18356974871253062
v 0.33042554768255505 -0.53279400000000021 -0.11014184922751835
v 0.33042554768255505 -0.53279400000000021 -0.036713949742506191
v 0.33042554768255505 -0.53279400000000021 0.03671394974250608
v 0.33042554768255505 -0.53279400000000021 0.11014184922751835
v 0.33042554768255505 -0.53279400000000021 0.18356974871253051
v 0.33042554768255505 -0.53279400000000021 0.25699764819754267
v 0.33042554768255505 -0.53279400000000021 0.33042554768255505
v 0.33042554768255505 -0.53279400000000021 0.40385344716756721
v 0.33042554768255505 -0.53279400000000021 0.47728134665257937
v 0.33042554768255505 -0.53279400000000021 0.55070924613759176
v 0.33042554768255505 -0.53279400000000021 0.62413714562260392
v 0.33042554768255505 -0.53279400000000021 0.69756504510761608
v 0.33042554768255505 -0.53279400000000021 0.77099294459262846
v 0.33042554768255505 -0.459366100514988 -0.77099294459262846
v 0.33042554768255505 -0.459366100514988 0.77099294459262846
v 0.33042554768255505 -0.38593820102997578 -0.77099294459262846
v 0.33042554768255505 -0.38593820102997578 0.77099294459262846
v 0.33042554768255505 -0.31251030154496351 -0.77099294459262846
v 0.33042554768255505 -0.31251030154496351 0.77099294459262846
v 0.33042554768255505 -0.23908240205995129 -0.77099294459262846
v 0.33042554768255505 -0.23908240205995129 0.77099294459262846
v 0.33042554768255505 -0.16565450257493908 -0.77099294459262846
v 0.33042554768255505 -0.16565450257493908 0.77099294459262846
v 0.33042554768255505 -0.092226603089926806 -0.77099294459262846
v 0.33042554768255505 -0.092226603089926806 0.77099294459262846
v 0.33042554768255505 -0.018798703604914646 -0.77099294459262846
v 0.33042554768255505 -0.018798703604914646 -0.69756504510761619
v 0.33042554768255505 -0.018798703604914646 -0.62413714562260403
v 0.33042554768255505 -0.018798703604914646 -0.55070924613759176
v 0.33042554768255505 -0.018798703604914646 -0.47728134665257954
v 0.33042554768255505 -0.018798703604914646 -0.40385344716756733
v 0.33042554768255505 -0.018798703604914646 -0.33042554768255505
v 0.33042554768255505 -0.018798703604914646 -0.25699764819754289
v 0.33042554768255505 -0.018798703604914646 -0.18356974871253062
v 0.33042554768255505 -0.018798703604914646 -0.11014184922751835
v 0.33042554768255505 -0.018798703604914646 -0.036713949742506191
v 0.33042554768255505 -0.018798703604914646 0.03671394974250608
v 0.33042554768255505 -0.018798703604914646 0.11014184922751835
v 0.33042554768255505 -0.018798703604914646 0.18356974871253051
v 0.33042554768255505 -0.018798703604914646 0.25699764819754267
v 0.33042554768255505 -0.018798703604914646 0.33042554768255505
v 0.33042554768255505 -0.018798703604914646 0.40385344716756721
v 0.33042554768255505 -0.018798703604914646 0.47728134665257937
v 0.33042554768255505 -0.018798703604914646 0.55070924613759176
v 0.33042554768255505 -0.018798703604914646 0.62413714562260392
v 0.33042554768255505 -0.018798703604914646 0.69756504510761608
v 0.33042554768255505 -0.018798703604914646 0.77099294459262846
v 0.40385344716756721 -0.53279400000000021 -0.77099294459262846
v 0.40385344716756721 -0.53279400000000021 -0.69756504510761619
v 0.40385344716756721 -0.53279400000000021 -0.62413714562260403
v 0.40385344716756721 -0.53279400000000021 -0.55070924613759176
v 0.40385344716756721 -0.53279400000000021 -0.47728134665257954
v 0.40385344716756721 -0.53279400000000021 -0.40385344716756733
v 0.40385344716756721 -0.53279400000000021 -0.33042554768255505
v 0.40385344716756721 -0.53279400000000021 -0.25699764819754289
v 0.40385344716756721 -0.53279400000000021 -0.18356974871253062
v 0.40385344716756721 -0.53279400000000021 -0.11014184922751835
v 0.40385344716756721 -0.53279400000000021 -0.036713949742506191
v 0.40385344716756721 -0.53279400000000021 0.03671394974250608
v 0.40385344716756721 -0.53279400000000021 0.11014184922751835
v 0.40385344716756721 -0.53279400000000021 0.18356974871253051
v 0.40385344716756721 -0.53279400000000021 0.25699764819754267
v 0.40385344716756721 -0.53279400000000021 0.33042554768255505
v 0.40385344716756721 -0.53279400000000021 0.40385344716756721
v 0.40385344716756721 -0.53279400000000021 0.47728134665257937
v 0.40385344716756721 -0.53279400000000021 0.55070924613759176
v 0.40385344716756721 -0.53279400000000021 0.62413714562260392
v 0.40385344716756721 -0.53279400000000021 0.69756504510761608
v 0.40385344716756721 -0.53279400000000021 0.77099294459262846
v 0.40385344716756721 -0.459366100514988 -0.77099294459262846
v 0.40385344716756721 -0.459366100514988 0.77099294459262846
v 0.40385344716756721 -0.38593820102997578 -0.77099294459262846
v 0.40385344716756721 -0.38593820102997578 0.77099294459262846
v 0.40385344716756721 -0.31251030154496351 -0.77099294459262846
v 0.40385344716756721 -0.31251030154496351 0.77099294459262846
v 0.40385344716756721 -0.23908240205995129 -0.77099294459262846
v 0.40385344716756721 -0.23908240205995129 0.77099294459262846
v 0.40385344716756721 -0.16565450257493908 -0.77099294459262846
v 0.40385344716756721 -0.16565450257493908 0.77099294459262846
v 0.40385344716756721 -0.092226603089926806 -0.77099294459262846
v 0.40385344716756721 -0.092226603089926806 0.77099294459262846
v 0.40385344716756721 -0.018798703604914646 -0.77099294459262846
v 0.40385344716756721 -0.018798703604914646 -0.69756504510761619
v 0.40385344716756721 -0.018798703604914646 -0.62413714562260403
v 0.40385344716756721 -0.018798703604914646 -0.55070924613759176
v 0.40385344716756721 -0.018798703604914646 -0.47728134665257954
v 0.40385344716756721 -0.018798703604914646 -0.40385344716756733
v 0.40385344716756721 -0.018798703604914646 -0.33042554768255505
v 0.40385344716756721 -0.018798703604914646 -0.25699764819754289
v 0.40385344716756721 -0.018798703604914646 -0.18356974871253062
v 0.40385344716756721 -0.018798703604914646 -0.11014184922751835
v 0.40385344716756721 -0.018798703604914646 -0.036713949742506191
v 0.40385344716756721 -0.018798703604914646 0.03671394974250608
v 0.40385344716756721 -0.018798703604914646 0.11014184922751835
v 0.40385344716756721 -0.018798703604914646 0.18356974871253051
v 0.40385344716756721 -0.018798703604914646 0.25699764819754267
v 0.40385344716756721 -0.018798703604914646 0.33042554768255505
v 0.40385344716756721 -0.018798703604914646 0.40385344716756721
v 0.40385344716756721 -0.018798703604914646 0.47728134665257937
v 0.40385344716756721 -0.018798703604914646 0.55070924613759176
v 0.40385344716756721 -0.018798703604914646 0.62413714562260392
v 0.40385344716756721 -0.018798703604914646 0.69756504510761608
v 0.40385344716756721 -0.018798703604914646 0.77099294459262846
v 0.47728134665257937 -0.53279400000000021 -0.77099294459262846
v 0.47728134665257937 -0.53279400000000021 -0.69756504510761619
v 0.47728134665257937 -0.53279400000000021 -0.62413714562260403
v 0.47728134665257937 -0.53279400000000021 -0.55070924613759176
v 0.47728134665257937 -0.53279400000000021 -0.47728134665257954
v 0.47728134665257937 -0.53279400000000021 -0.40385344716756733
v 0.47728134665257937 -0.53279400000000021 -0.33042554768255505
v 0.47728134665257937 -0.53279400000000021 -0.25699764819754289
v 0.47728134665257937 -0.53279400000000021 -0.18356974871253062
v 0.47728134665257937 -0.53279400000000021 -0.11014184922751835
v 0.47728134665257937 -0.53279400000000021 -0.036713949742506191
v 0.47728134665257937 -0.53279400000000021 0.03671394974250608
v 0.47728134665257937 -0.53279400000000021 0.11014184922751835
v 0.47728134665257937 -0.53279400000000021 0.18356974871253051
v 0.47728134665257937 -0.53279400000000021 0.25699764819754267
v 0.47728134665257937 -0.53279400000000021 0.33042554768255505
v 0.47728134665257937 -0.53279400000000021 0.40385344716756721
v 0.47728134665257937 -0.53279400000000021 0.47728134665257937
v 0.47728134665257937 -0.53279400000000021 0.55070924613759176
v 0.47728134665257937 -0.53279400000000021 0.62413714562260392
v 0.47728134665257937 -0.53279400000000021 0.69756504510761608
v 0.47728134665257937 -0.53279400000000021 0.77099294459262846
v 0.47728134665257937 -0.459366100514988 -0.77099294459262846
v 0.47728134665257937 -0.459366100514988 0.77099294459262846
v 0.47728134665257937 -0.38593820102997578 -0.77099294459262846
v 0.47728134665257937 -0.38593820102997578 0.77099294459262846
v 0.47728134665257937 -0.31251030154496351 -0.77099294459262846
v 0.47728134665257937 -0.31251030154496351 0.77099294459262846
v 0.47728134665257937 -0.23908240205995129 -0.77099294459262846
v 0.47728134665257937 -0.23908240205995129 0.77099294459262846
v 0.47728134665257937 -0.16565450257493908 -0.77099294459262846
v 0.47728134665257937 -0.16565450257493908 0.77099294459262846
v 0.47728134665257937 -0.092226603089926806 -0.77099294459262846
v 0.47728134665257937 -0.092226603089926806 0.77099294459262846
v 0.47728134665257937 -0.018798703604914646 -0.77099294459262846
v 0.47728134665257937 -0.018798703604914646 -0.69756504510761619
v 0.47728134665257937 -0.018798703604914646 -0.62413714562260403
v 0.47728134665257937 -0.018798703604914646 -0.55070924613759176
v 0.47728134665257937 -0.018798703604914646 -0.47728134665257954
v 0.47728134665257937 -0.018798703604914646 -0.40385344716756733
v 0.47728134665257937 -0.018798703604914646 -0.33042554768255505
v 0.47728134665257937 -0.018798703604914646 -0.25699764819754289
v 0.47728134665257937 -0.018798703604914646 -0.18356974871253062
v 0.47728134665257937 -0.018798703604914646 -0.11014184922751835
v 0.47728134665257937 -0.018798703604914646 -0.036713949742506191
v 0.47728134665257937 -0.018798703604914646 0.03671394974250608
v 0.47728134665257937 -0.018798703604914646 0.11014184922751835
v 0.47728134665257937 -0.018798703604914646 0.18356974871253051
v 0.47728134665257937 -0.018798703604914646 0.25699764819754267
v 0.47728134665257937 -0.018798703604914646 0.33042554768255505
v 0.47728134665257937 -0.018798703604914646 0.40385344716756721
v 0.47728134665257937 -0.018798703604914646 0.47728134665257937
v 0.47728134665257937 -0.018798703604914646 0.55070924613759176
v 0.47728134665257937 -0.018798703604914646 0.62413714562260392
v 0.47728134665257937 -0.018798703604914646 0.69756504510761608
v 0.47728134665257937 -0.018798703604914646 0.77099294459262846
v 0.55070924613759176 -0.53279400000000021 -0.77099294459262846
v 0.55070924613759176 -0.53279400000000021 -0.69756504510761619
v 0.55070924613759176 -0.53279400000000021 -0.62413714562260403
v 0.55070924613759176 -0.53279400000000021 -0.55070924613759176
v 0.55070924613759176 -0.53279400000000021 -0.47728134665257954
v 0.55070924613759176 -0.53279400000000021 -0.40385344716756733
v 0.55070924613759176 -0.53279400000000021 -0.33042554768255505
v 0.55070924613759176 -0.53279400000000021 -0.25699764819754289
v 0.55070924613759176 -0.53279400000000021 -0.18356974871253062
v 0.55070924613759176 -0.53279400000000021 -0.11014184922751835
v 0.55070924613759176 -0.53279400000000021 -0.036713949742506191
v 0.55070924613759176 -0.53279400000000021 0.03671394974250608
v 0.55070924613759176 -0.53279400000000021 0.11014184922751835
v 0.55070924613759176 -0.53279400000000021 0.18356974871253051
v 0.55070924613759176 -0.53279400000000021 0.25699764819754267
v 0.55070924613759176 -0.53279400000000021 0.33042554768255505
v 0.55070924613759176 -0.53279400000000021 0.40385344716756721
v 0.55070924613759176 -0.53279400000000021 0.47728134665257937
v 0.55070924613759176 -0.53279400000000021 0.55070924613759176
v 0.55070924613759176 -0.53279400000000021 0.62413714562260392
v 0.55070924613759176 -0.53279400000000021 0.69756504510761608
v 0.55070924613759176 -0.53279400000000021 0.77099294459262846
v 0.55070924613759176 -0.459366100514988 -0.77099294459262846
v 0.55070924613759176 -0.459366100514988 0.77099294459262846
v 0.55070924613759176 -0.38593820102997578 -0.77099294459262846
v 0.55070924613759176 -0.38593820102997578 0.77099294459262846
v 0.55070924613759176 -0.31251030154496351 -0.77099294459262846
v 0.55070924613759176 -0.31251030154496351 0.77099294459262846
v 0.55070924613759176 -0.23908240205995129 -0.77099294459262846
v 0.55070924613759176 -0.23908240205995129 0.77099294459262846
v 0.55070924613759176 -0.16565450257493908 -0.77099294459262846
v 0.55070924613759176 -0.16565450257493908 0.77099294459262846
v 0.55070924613759176 -0.092226603089926806 -0.77099294459262846
v 0.55070924613759176 -0.092226603089926806 0.77099294459262846
v 0.55070924613759176 -0.018798703604914646 -0.77099294459262846
v 0.55070924613759176 -0.018798703604914646 -0.69756504510761619
v 0.55070924613759176 -0.018798703604914646 -0.62413714562260403
v 0.55070924613759176 -0.018798703604914646 -0.55070924613759176
v 0.55070924613759176 -0.018798703604914646 -0.47728134665257954
v 0.55070924613759176 -0.018798703604914646 -0.40385344716756733
v 0.55070924613759176 -0.018798703604914646 -0.33042554768255505
v 0.55070924613759176 -0.018798703604914646 -0.25699764819754289
v 0.55070924613759176 -0.018798703604914646 -0.18356974871253062
v 0.55070924613759176 -0.018798703604914646 -0.11014184922751835
v 0.55070924613759176 -0.018798703604914646 -0.036713949742506191
v 0.55070924613759176 -0.018798703604914646 0.03671394974250608
v 0.55070924613759176 -0.018798703604914646 0.11014184922751835
v 0.55070924613759176 -0.018798703604914646 0.18356974871253051
v 0.55070924613759176 -0.018798703604914646 0.25699764819754267
v 0.55070924613759176 -0.018798703604914646 0.33042554768255505
v 0.55070924613759176 -0.018798703604914646 0.40385344716756721
v 0.55070924613759176 -0.018798703604914646 0.47728134665257937
v 0.55070924613759176 -0.018798703604914646 0.55070924613759176
v 0.55070924613759176 -0.018798703604914646 0.62413714562260392
v 0.55070924613759176 -0.018798703604914646 0.69756504510761608
v 0.55070924613759176 -0.018798703604914646 0.77099294459262846
v 0.62413714562260392 -0.53279400000000021 -0.77099294459262846
v 0.62413714562260392 -0.53279400000000021 -0.69756504510761619
v 0.62413714562260392 -0.53279400000000021 -0.62413714562260403
v 0.62413714562260392 -0.53279400000000021 -0.55070924613759176
v 0.62413714562260392 -0.53279400000000021 -0.47728134665257954
v 0.62413714562260392 -0.53279400000000021 -0.40385344716756733
v 0.62413714562260392 -0.53279400000000021 -0.33042554768255505
v 0.62413714562260392 -0.53279400000000021 -0.25699764819754289
v 0.62413714562260392 -0.53279400000000021 -0.18356974871253062
v 0.62413714562260392 -0.53279400000000021 -0.11014184922751835
v 0.62413714562260392 -0.53279400000000021 -0.036713949742506191
v 0.62413714562260392 -0.53279400000000021 0.03671394974250608
v 0.62413714562260392 -0.53279400000000021 0.11014184922751835
v 0.62413714562260392 -0.53279400000000021 0.18356974871253051
v 0.62413714562260392 -0.53279400000000021 0.25699764819754267
v 0.62413714562260392 -0.53279400000000021 0.33042554768255505
v 0.62413714562260392 -0.53279400000000021 0.40385344716756721
v 0.62413714562260392 -0.53279400000000021 0.47728134665257937
v 0.62413714562260392 -0.53279400000000021 0.55070924613759176
v 0.62413714562260392 -0.53279400000000021 0.62413714562260392
v 0.62413714562260392 -0.53279400000000021 0.69756504510761608
v 0.62413714562260392 -0.53279400000000021 0.77099294459262846
v 0.62413714562260392 -0.459366100514988 -0.77099294459262846
v 0.62413714562260392 -0.459366100514988 0.77099294459262846
v 0.62413714562260392 -0.38593820102997578 -0.77099294459262846
v 0.62413714562260392 -0.38593820102997578 0.77099294459262846
v 0.62413714562260392 -0.31251030154496351 -0.77099294459262846
v 0.62413714562260392 -0.31251030154496351 0.77099294459262846
v 0.62413714562260392 -0.23908240205995129 -0.77099294459262846
v 0.62413714562260392 -0.23908240205995129 0.77099294459262846
v 0.62413714562260392 -0.16565450257493908 -0.77099294459262846
v 0.62413714562260392 -0.16565450257493908 0.77099294459262846
v 0.62413714562260392 -0.092226603089926806 -0.77099294459262846
v 0.62413714562260392 -0.092226603089926806 0.77099294459262846
v 0.62413714562260392 -0.018798703604914646 -0.77099294459262846
v 0.62413714562260392 -0.018798703604914646 -0.69756504510761619
v 0.62413714562260392 -0.018798703604914646 -0.62413714562260403
v 0.62413714562260392 -0.018798703604914646 -0.55070924613759176
v 0.62413714562260392 -0.018798703604914646 -0.47728134665257954
v 0.62413714562260392 -0.018798703604914646 -0.40385344716756733
v 0.62413714562260392 -0.018798703604914646 -0.33042554768255505
v 0.62413714562260392 -0.018798703604914646 -0.25699764819754289
v 0.62413714562260392 -0.018798703604914646 -0.18356974871253062
v 0.62413714562260392 -0.018798703604914646 -0.11014184922751835
v 0.62413714562260392 -0.018798703604914646 -0.036713949742506191
v 0.62413714562260392 -0.018798703604914646 0.03671394974250608
v 0.62413714562260392 -0.018798703604914646 0.11014184922751835
v 0.62413714562260392 -0.018798703604914646 0.18356974871253051
v 0.62413714562260392 -0.018798703604914646 0.25699764819754267
v 0.62413714562260392 -0.018798703604914646 0.33042554768255505
v 0.62413714562260392 -0.018798703604914646 0.40385344716756721
v 0.62413714562260392 -0.018798703604914646 0.47728134665257937
v 0.62413714562260392 -0.018798703604914646 0.55070924613759176
v 0.62413714562260392 -0.018798703604914646 0.62413714562260392
v 0.62413714562260392 -0.018798703604914646 0.69756504510761608
v 0.62413714562260392 -0.018798703604914646 0.77099294459262846
v 0.69756504510761608 -0.53279400000000021 -0.77099294459262846
v 0.69756504510761608 -0.53279400000000021 -0.69756504510761619
v 0.69756504510761608 -0.53279400000000021 -0.62413714562260403
v 0.69756504510761608 -0.53279400000000021 -0.55070924613759176
v 0.69756504510761608 -0.53279400000000021 -0.47728134665257954
v 0.69756504510761608 -0.53279400000000021 -0.40385344716756733
v 0.69756504510761608 -0.53279400000000021 -0.33042554768255505
v 0.69756504510761608 -0.53279400000000021 -0.25699764819754289
v 0.69756504510761608 -0.53279400000000021 -0.18356974871253062
v 0.69756504510761608 -0.53279400000000021 -0.11014184922751835
v 0.69756504510761608 -0.53279400000000021 -0.036713949742506191
v 0.69756504510761608 -0.53279400000000021 0.03671394974250608
v 0.69756504510761608 -0.53279400000000021 0.11014184922751835
v 0.69756504510761608 -0.53279400000000021 0.18356974871253051
v 0.69756504510761608 -0.53279400000000021 0.25699764819754267
v 0.69756504510761608 -0.53279400000000021 0.33042554768255505
v 0.69756504510761608 -0.53279400000000021 0.40385344716756721
v 0.69756504510761608 -0.53279400000000021 0.47728134665257937
v 0.69756504510761608 -0.53279400000000021 0.55070924613759176
v 0.69756504510761608 -0.53279400000000021 0.62413714562260392
v 0.69756504510761608 -0.53279400000000021 0.69756504510761608
v 0.69756504510761608 -0.53279400000000021 0.77099294459262846
v 0.69756504510761608 -0.459366100514988 -0.77099294459262846
v 0.69756504510761608 -0.459366100514988 0.77099294459262846
v 0.69756504510761608 -0.38593820102997578 -0.77099294459262846
v 0.69756504510761608 -0.38593820102997578 0.77099294459262846
v 0.69756504510761608 -0.31251030154496351 -0.77099294459262846
v 0.69756504510761608 -0.31251030154496351 0.77099294459262846
v 0.69756504510761608 -0.23908240205995129 -0.77099294459262846
v 0.69756504510761608 -0.23908240205995129 0.77099294459262846
v 0.69756504510761608 -0.16565450257493908 -0.77099294459262846
v 0.69756504510761608 -0.16565450257493908 0.77099294459262846
v 0.69756504510761608 -0.092226603089926806 -0.77099294459262846
v 0.69756504510761608 -0.092226603089926806 0.77099294459262846
v 0.69756504510761608 -0.018798703604914646 -0.77099294459262846
v 0.69756504510761608 -0.018798703604914646 -0.69756504510761619
v 0.69756504510761608 -0.018798703604914646 -0.62413714562260403
v 0.69756504510761608 -0.018798703604914646 -0.55070924613759176
v 0.69756504510761608 -0.018798703604914646 -0.47728134665257954
v 0.69756504510761608 -0.018798703604914646 -0.40385344716756733
v 0.69756504510761608 -0.018798703604914646 -0.33042554768255505
v 0.69756504510761608 -0.018798703604914646 -0.25699764819754289
v 0.69756504510761608 -0.018798703604914646 -0.18356974871253062
v 0.69756504510761608 -0.018798703604914646 -0.11014184922751835
v 0.69756504510761608 -0.018798703604914646 -0.036713949742506191
v 0.69756504510761608 -0.018798703604914646 0.03671394974250608
v 0.69756504510761608 -0.018798703604914646 0.11014184922751835
v 0.69756504510761608 -0.018798703604914646 0.18356974871253051
v 0.69756504510761608 -0.018798703604914646 0.25699764819754267
v 0.69756504510761608 -0.018798703604914646 0.33042554768255505
v 0.69756504510761608 -0.018798703604914646 0.40385344716756721
v 0.69756504510761608 -0.018798703604914646 0.47728134665257937
v 0.69756504510761608 -0.018798703604914646 0.55070924613759176
v 0.69756504510761608 -0.018798703604914646 0.62413714562260392
v 0.69756504510761608 -0.018798703604914646 0.69756504510761608
v 0.69756504510761608 -0.018798703604914646 0.77099294459262846
v 0.77099294459262846 -0.53279400000000021 -0.77099294459262846
v 0.77099294459262846 -0.53279400000000021 -0.69756504510761619
v 0.77099294459262846 -0.53279400000000021 -0.62413714562260403
v 0.77099294459262846 -0.53279400000000021 -0.55070924613759176
v 0.77099294459262846 -0.53279400000000021 -0.47728134665257954
v 0.77099294459262846 -0.53279400000000021 -0.40385344716756733
v 0.77099294459262846 -0.53279400000000021 -0.33042554768255505
v 0.77099294459262846 -0.53279400000000021 -0.25699764819754289
v 0.77099294459262846 -0.53279400000000021 -0.18356974871253062
v 0.77099294459262846 -0.53279400000000021 -0.11014184922751835
v 0.77099294459262846 -0.53279400000000021 -0.036713949742506191
v 0.77099294459262846 -0.53279400000000021 0.03671394974250608
v 0.77099294459262846 -0.53279400000000021 0.11014184922751835
v 0.77099294459262846 -0.53279400000000021 0.18356974871253051
v 0.77099294459262846 -0.53279400000000021 0.25699764819754267
v 0.77099294459262846 -0.53279400000000021 0.33042554768255505
v 0.77099294459262846 -0.53279400000000021 0.40385344716756721
v 0.77099294459262846 -0.53279400000000021 0.47728134665257937
v 0.77099294459262846 -0.53279400000000021 0.55070924613759176
v 0.77099294459262846 -0.53279400000000021 0.62413714562260392
v 0.77099294459262846 -0.53279400000000021 0.69756504510761608
v 0.77099294459262846 -0.53279400000000021 0.77099294459262846
v 0.77099294459262846 -0.459366100514988 -0.77099294459262846
v 0.77099294459262846 -0.459366100514988 -0.69756504510761619
v 0.77099294459262846 -0.459366100514988 -0.62413714562260403
v 0.77099294459262846 -0.459366100514988 -0.55070924613759176
v 0.77099294459262846 -0.459366100514988 -0.47728134665257954
v 0.77099294459262846 -0.459366100514988 -0.40385344716756733
v 0.77099294459262846 -0.459366100514988 -0.33042554768255505
v 0.77099294459262846 -0.459366100514988 -0.25699764819754289
v 0.77099294459262846 -0.459366100514988 -0.18356974871253062
v 0.77099294459262846 -0.459366100514988 -0.11014184922751835
v 0.77099294459262846 -0.459366100514988 -0.036713949742506191
v 0.77099294459262846 -0.459366100514988 0.03671394974250608
v 0.77099294459262846 -0.459366100514988 0.11014184922751835
v 0.77099294459262846 -0.459366100514988 0.18356974871253051
v 0.77099294459262846 -0.459366100514988 0.25699764819754267
v 0.77099294459262846 -0.459366100514988 0.33042554768255505
v 0.77099294459262846 -0.459366100514988 0.40385344716756721
v 0.77099294459262846 -0.459366100514988 0.47728134665257937
v 0.77099294459262846 -0.459366100514988 0.55070924613759176
v 0.77099294459262846 -0.459366100514988 0.62413714562260392
v 0.77099294459262846 -0.459366100514988 0.69756504510761608
v 0.77099294459262846 -0.459366100514988 0.77099294459262846
v 0.77099294459262846 -0.38593820102997578 -0.77099294459262846
v 0.77099294459262846 -0.38593820102997578 -0.69756504510761619
v 0.77099294459262846 -0.38593820102997578 -0.62413714562260403
v 0.77099294459262846 -0.38593820102997578 -0.55070924613759176
v 0.77099294459262846 -0.38593820102997578 -0.47728134665257954
v 0.77099294459262846 -0.38593820102997578 -0.40385344716756733
v 0.77099294459262846 -0.38593820102997578 -0.33042554768255505
v 0.77099294459262846 -0.38593820102997578 -0.25699764819754289
v 0.77099294459262846 -0.38593820102997578 -0.18356974871253062
v 0.77099294459262846 -0.38593820102997578 -0.11014184922751835
v 0.77099294459262846 -0.38593820102997578 -0.036713949742506191
v 0.77099294459262846 -0.38593820102997578 0.03671394974250608
v 0.77099294459262846 -0.38593820102997578 0.11014184922751835
v 0.77099294459262846 -0.38593820102997578 0.18356974871253051
v 0.77099294459262846 -0.38593820102997578 0.25699764819754267
v 0.77099294459262846 -0.38593820102997578 0.33042554768255505
v 0.77099294459262846 -0.38593820102997578 0.40385344716756721
v 0.77099294459262846 -0.38593820102997578 0.47728134665257937
v 0.77099294459262846 -0.38593820102997578 0.55070924613759176
v 0.77099294459262846 -0.38593820102997578 0.62413714562260392
v 0.77099294459262846 -0.38593820102997578 0.69756504510761608
v 0.77099294459262846 -0.38593820102997578 0.77099294459262846
v 0.77099294459262846 -0.31251030154496351 -0.77099294459262846
v 0.77099294459262846 -0.31251030154496351 -0.69756504510761619
v 0.77099294459262846 -0.31251030154496351 -0.62413714562260403
v 0.77099294459262846 -0.31251030154496351 -0.55070924613759176
v 0.77099294459262846 -0.31251030154496351 -0.47728134665257954
v 0.77099294459262846 -0.31251030154496351 -0.40385344716756733
v 0.77099294459262846 -0.31251030154496351 -0.33042554768255505
v 0.77099294459262846 -0.31251030154496351 -0.25699764819754289
v 0.77099294459262846 -0.31251030154496351 -0.18356974871253062
v 0.77099294459262846 -0.31251030154496351 -0.11014184922751835
v 0.77099294459262846 -0.31251030154496351 -0.036713949742506191
v 0.77099294459262846 -0.31251030154496351 0.03671394974250608
v 0.77099294459262846 -0.31251030154496351 0.11014184922751835
v 0.77099294459262846 -0.31251030154496351 0.18356974871253051
v 0.77099294459262846 -0.31251030154496351 0.25699764819754267
v 0.77099294459262846 -0.31251030154496351 0.33042554768255505
v 0.77099294459262846 -0.31251030154496351 0.40385344716756721
v 0.77099294459262846 -0.31251030154496351 0.47728134665257937
v 0.77099294459262846 -0.31251030154496351 0.55070924613759176
v 0.77099294459262846 -0.31251030154496351 0.62413714562260392
v 0.77099294459262846 -0.31251030154496351 0.69756504510761608
v 0.77099294459262846 -0.31251030154496351 0.77099294459262846
v 0.77099294459262846 -0.23908240205995129 -0.77099294459262846
v 0.77099294459262846 -0.23908240205995129 -0.69756504510761619
v 0.77099294459262846 -0.23908240205995129 -0.62413714562260403
v 0.77099294459262846 -0.23908240205995129 -0.55070924613759176
v 0.77099294459262846 -0.23908240205995129 -0.47728134665257954
v 0.77099294459262846 -0.23908240205995129 -0.40385344716756733
v 0.77099294459262846 -0.23908240205995129 -0.33042554768255505
v 0.77099294459262846 -0.23908240205995129 -0.25699764819754289
v 0.77099294459262846 -0.23908240205995129 -0.18356974871253062
v 0.77099294459262846 -0.23908240205995129 -0.11014184922751835
v 0.77099294459262846 -0.23908240205995129 -0.036713949742506191
v 0.77099294459262846 -0.23908240205995129 0.03671394974250608
v 0.77099294459262846 -0.23908240205995129 0.11014184922751835
v 0.77099294459262846 -0.23908240205995129 0.18356974871253051
v 0.77099294459262846 -0.23908240205995129 0.25699764819754267
v 0.77099294459262846 -0.23908240205995129 0.33042554768255505
v 0.77099294459262846 -0.23908240205995129 0.40385344716756721
v 0.77099294459262846 -0.23908240205995129 0.47728134665257937
v 0.77099294459262846 -0.23908240205995129 0.55070924613759176
v 0.77099294459262846 -0.23908240205995129 0.62413714562260392
v 0.77099294459262846 -0.23908240205995129 0.69756504510761608
v 0.77099294459262846 -0.23908240205995129 0.77099294459262846
v 0.77099294459262846 -0.16565450257493908 -0.77099294459262846
v 0.77099294459262846 -0.16565450257493908 -0.69756504510761619
v 0.77099294459262846 -0.16565450257493908 -0.62413714562260403
v 0.77099294459262846 -0.16565450257493908 -0.55070924613759176
v 0.77099294459262846 -0.16565450257493908 -0.47728134665257954
v 0.77099294459262846 -0.16565450257493908 -0.40385344716756733
v 0.77099294459262846 -0.16565450257493908 -0.33042554768255505
v 0.77099294459262846 -0.16565450257493908 -0.25699764819754289
v 0.77099294459262846 -0.16565450257493908 -0.18356974871253062
v 0.77099294459262846 -0.16565450257493908 -0.11014184922751835
v 0.77099294459262846 -0.16565450257493908 -0.036713949742506191
v 0.77099294459262846 -0.16565450257493908 0.03671394974250608
v 0.77099294459262846 -0.16565450257493908 0.11014184922751835
v 0.77099294459262846 -0.16565450257493908 0.18356974871253051
v 0.77099294459262846 -0.16565450257493908 0.25699764819754267
v 0.77099294459262846 -0.16565450257493908 0.33042554768255505
v 0.77099294459262846 -0.16565450257493908 0.40385344716756721
v 0.77099294459262846 -0.16565450257493908 0.47728134665257937
v 0.77099294459262846 -0.16565450257493908 0.55070924613759176
v 0.77099294459262846 -0.16565450257493908 0.62413714562260392
v 0.77099294459262846 -0.16565450257493908 0.69756504510761608
v 0.77099294459262846 -0.16565450257493908 0.77099294459262846
v 0.77099294459262846 -0.092226603089926806 -0.77099294459262846
v 0.77099294459262846 -0.092226603089926806 -0.69756504510761619
v 0.77099294459262846 -0.092226603089926806 -0.62413714562260403
v 0.77099294459262846 -0.092226603089926806 -0.55070924613759176
v 0.77099294459262846 -0.092226603089926806 -0.47728134665257954
v 0.77099294459262846 -0.092226603089926806 -0.40385344716756733
v 0.77099294459262846 -0.092226603089926806 -0.33042554768255505
v 0.77099294459262846 -0.092226603089926806 -0.25699764819754289
v 0.77099294459262846 -0.092226603089926806 -0.18356974871253062
v 0.77099294459262846 -0.092226603089926806 -0.11014184922751835
v 0.77099294459262846 -0.092226603089926806 -0.036713949742506191
v 0.77099294459262846 -0.092226603089926806 0.03671394974250608
v 0.77099294459262846 -0.092226603089926806 0.11014184922751835
v 0.77099294459262846 -0.092226603089926806 0.18356974871253051
v 0.77099294459262846 -0.092226603089926806 0.25699764819754267
v 0.77099294459262846 -0.092226603089926806 0.33042554768255505
v 0.77099294459262846 -0.092226603089926806 0.40385344716756721
v 0.77099294459262846 -0.092226603089926806 0.47728134665257937
v 0.77099294459262846 -0.092226603089926806 0.55070924613759176
v 0.77099294459262846 -0.092226603089926806 0.62413714562260392
v 0.77099294459262846 -0.092226603089926806 0.69756504510761608
v 0.77099294459262846 -0.092226603089926806 0.77099294459262846
v 0.77099294459262846 -0.018798703604914646 -0.77099294459262846
v 0.77099294459262846 -0.018798703604914646 -0.69756504510761619
v 0.77099294459262846 -0.018798703604914646 -0.62413714562260403
v 0.77099294459262846 -0.018798703604914646 -0.55070924613759176
v 0.77099294459262846 -0.018798703604914646 -0.47728134665257954
v 0.77099294459262846 -0.018798703604914646 -0.40385344716756733
v 0.77099294459262846 -0.018798703604914646 -0.33042554768255505
v 0.77099294459262846 -0.018798703604914646 -0.25699764819754289
v 0.77099294459262846 -0.018798703604914646 -0.18356974871253062
v 0.77099294459262846 -0.018798703604914646 -0.11014184922751835
v 0.77099294459262846 -0.018798703604914646 -0.036713949742506191
v 0.77099294459262846 -0.018798703604914646 0.03671394974250608
v 0.77099294459262846 -0.018798703604914646 0.11014184922751835
v 0.77099294459262846 -0.018798703604914646 0.18356974871253051
v 0.77099294459262846 -0.018798703604914646 0.25699764819754267
v 0.77099294459262846 -0.018798703604914646 0.33042554768255505
v 0.77099294459262846 -0.018798703604914646 0.40385344716756721
v 0.77099294459262846 -0.018798703604914646 0.47728134665257937
v 0.77099294459262846 -0.018798703604914646 0.55070924613759176
v 0.77099294459262846 -0.018798703604914646 0.62413714562260392
v 0.77099294459262846 -0.018798703604914646 0.69756504510761608
v 0.77099294459262846 -0.018798703604914646 0.77099294459262846
f 1721 1743 1744
f 1744 1722 1721
f 1567 1568 1744
f 1744 1743 1567
f 1546 1722 1744
f 1744 1568 1546
f 1720 1742 1743
f 1743 1721 1720
f 1719 1741 1742
f 1742 1720 1719
f 1717 1739 1740
f 1740 1718 1717
f 1563 1564 1740
f 1740 1739 1563
f 1562 1563 1739
f 1739 1738 1562
f 1560 1561 1737
f 1737 1736 1560
f 1559 1560 1736
f 1736 1735 1559
f 1712 1734 1735
f 1735 1713 1712
f 1558 1559 1735
f 1735 1734 1558
f 1557 1558 1734
f 1734 1733 1557
f 1710 1732 1733
f 1733 1711 1710
f 1709 1731 1732
f 1732 1710 1709
f 1555 1556 1732
f 1732 1731 1555
f 1554 1555 1731
f 1731 1730 1554
f 1707 1729 1730
f 1730 1708 1707
f 1706 1728 1729
f 1729 1707 1706
f 1549 1550 1726
f 1726 1725 1549
f 1702 1724 1725
f 1725 1703 1702
f 1701 1723 1724
f 1724 1702 1701
f 1547 1548 1724
f 1724 1723 1547
f 1544 1700 1722
f 1722 1546 1544
f 1694 1716 1717
f 1717 1695 1694
f 1693 1715 1716
f 1716 1694 1693
f 1690 1712 1713
f 1713 1691 1690
f 1689 1711 1712
f 1712 1690 1689
f 1688 1710 1711
f 1711 1689 1688
f 1681 1703 1704
f 1704 1682 1681
f 1680 1702 1703
f 1703 1681 1680
f 1543 1545 1701
f 1701 1679 1543
f 1542 1678 1700
f 1700 1544 1542
f 1675 1697 1698
f 1698 1676 1675
f 1674 1696 1697
f 1697 1675 1674
f 1670 1692 1693
f 1693 1671 1670
f 1668 1690 1691
f 1691 1669 1668
f 1667 1689 1690
f 1690 1668 1667
f 1666 1688 1689
f 1689 1667 1666
f 1662 1684 1685
f 1685 1663 1662
f 1660 1682 1683
f 1683 1661 1660
f 1659 1681 1682
f 1682 1660 1659
f 1541 1543 1679
f 1679 1657 1541
f 1654 1676 1677
f 1677 1655 1654
f 1653 1675 1676
f 1676 1654 1653
f 1651 1673 1674
f 1674 1652 1651
f 1649 1671 1672
f 1672 1650 1649
f 1647 1669 1670
f 1670 1648 1647
f 1646 1668 1669
f 1669 1647 1646
f 1645 1667 1668
f 1668 1646 1645
f 1643 1665 1666
f 1666 1644 1643
f 1638 1660 1661
f 1661 1639 1638
f 1636 1658 1659
f 1659 1637 1636
f 1539 1541 1657
f 1657 1635 1539
f 1538 1634 1656
f 1656 1540 1538
f 1632 1654 1655
f 1655 1633 1632
f 1631 1653 1654
f 1654 1632 1631
f 1553 1554 1730
f 1730 1729 1553
f 1627 1649 1650
f 1650 1628 1627
f 1626 1648 1649
f 1649 1627 1626
f 1625 1647 1648
f 1648 1626 1625
f 1622 1644 1645
f 1645 1623 1622
f 1619 1641 1642
f 1642 1620 1619
f 1618 1640 1641
f 1641 1619 1618
f 1614 1636 1637
f 1637 1615 1614
f 1537 1539 1635
f 1635 1613 1537
f 1609 1631 1632
f 1632 1610 1609
f 1608 1630 1631
f 1631 1609 1608
f 1604 1626 1627
f 1627 1605 1604
f 1601 1623 1624
f 1624 1602 1601
f 1598 1620 1621
f 1621 1599 1598
f 1597 1619 1620
f 1620 1598 1597
f 1594 1616 1617
f 1617 1595 1594
f 1592 1614 1615
f 1615 1593 1592
f 1535 1537 1613
f 1613 1591 1535
f 1589 1611 1612
f 1612 1590 1589
f 1534 1590 1612
f 1612 1536 1534
f 1588 1610 1611
f 1611 1589 1588
f 1532 1588 1589
f 1589 1533 1532
f 1586 1608 1609
f 1609 1587 1586
f 1584 1606 1607
f 1607 1585 1584
f 1528 1584 1585
f 1585 1529 1528
f 1527 1583 1584
f 1584 1528 1527
f 1581 1603 1604
f 1604 1582 1581
f 1580 1602 1603
f 1603 1581 1580
f 1524 1580 1581
f 1581 1525 1524
f 1579 1601 1602
f 1602 1580 1579
f 1522 1578 1579
f 1579 1523 1522
f 1521 1577 1578
f 1578 1522 1521
f 1576 1598 1599
f 1599 1577 1576
f 1520 1576 1577
f 1577 1521 1520
f 1574 1596 1597
f 1597 1575 1574
f 1517 1573 1574
f 1574 1518 1517
f 1572 1594 1595
f 1595 1573 1572
f 1515 1571 1572
f 1572 1516 1515
f 1513 1569 1570
f 1570 1514 1513
f 1513 1535 1591
f 1591 1569 1513
f 1511 1512 1568
f 1568 1567 1511
f 1508 1509 1565
f 1565 1564 1508
f 1507 1508 1564
f 1564 1563 1507
f 1504 1505 1561
f 1561 1560 1504
f 1503 1504 1560
f 1560 1559 1503
f 1502 1503 1559
f 1559 1558 1502
f 1499 1500 1556
f 1556 1555 1499
f 1498 1499 1555
f 1555 1554 1498
f 1501 1502 1558
f 1558 1557 1501
f 1495 1496 1552
f 1552 1551 1495
f 1494 1495 1551
f 1551 1550 1494
f 1493 1494 1550
f 1550 1549 1493
f 1492 1493 1549
f 1549 1548 1492
f 1489 1491 1547
f 1547 1545 1489
f 1486 1542 1544
f 1544 1488 1486
f 1485 1487 1543
f 1543 1541 1485
f 1484 1540 1542
f 1542 1486 1484
f 1482 1538 1540
f 1540 1484 1482
f 1481 1483 1539
f 1539 1537 1481
f 1607 1629 1630
f 1630 1608 1607
f 1479 1481 1537
f 1537 1535 1479
f 1478 1534 1536
f 1536 1480 1478
f 1476 1532 1533
f 1533 1477 1476
f 1475 1531 1532
f 1532 1476 1475
f 1473 1529 1530
f 1530 1474 1473
f 1470 1526 1527
f 1527 1471 1470
f 1466 1522 1523
f 1523 1467 1466
f 1463 1519 1520
f 1520 1464 1463
f 1461 1517 1518
f 1518 1462 1461
f 1460 1516 1517
f 1517 1461 1460
f 1459 1515 1516
f 1516 1460 1459
f 1458 1514 1515
f 1515 1459 1458
f 1457 1513 1514
f 1514 1458 1457
f 1434 1490 1512
f 1512 1456 1434
f 1454 1455 1511
f 1511 1510 1454
f 1452 1453 1509
f 1509 1508 1452
f 1451 1452 1508
f 1508 1507 1451
f 1448 1449 1505
f 1505 1504 1448
f 1447 1448 1504
f 1504 1503 1447
f 1444 1445 1501
f 1501 1500 1444
f 1443 1444 1500
f 1500 1499 1443
f 1442 1443 1499
f 1499 1498 1442
f 1430 1486 1488
f 1488 1432 1430
f 1429 1431 1487
f 1487 1485 1429
f 1428 1484 1486
f 1486 1430 1428
f 1462 1518 1519
f 1519 1463 1462
f 1663 1685 1686
f 1686 1664 1663
f 1422 1478 1480
f 1480 1424 1422
f 1417 1473 1474
f 1474 1418 1417
f 1413 1469 1470
f 1470 1414 1413
f 1412 1468 1469
f 1469 1413 1412
f 1411 1467 1468
f 1468 1412 1411
f 1409 1465 1466
f 1466 1410 1409
f 1408 1464 1465
f 1465 1409 1408
f 1405 1461 1462
f 1462 1406 1405
f 1403 1459 1460
f 1460 1404 1403
f 1401 1423 1479
f 1479 1457 1401
f 1399 1400 1456
f 1456 1455 1399
f 1378 1434 1456
f 1456 1400 1378
f 1396 1397 1453
f 1453 1452 1396
f 1395 1396 1452
f 1452 1451 1395
f 1392 1393 1449
f 1449 1448 1392
f 1391 1392 1448
f 1448 1447 1391
f 1389 1390 1446
f 1446 1445 1389
f 1388 1389 1445
f 1445 1444 1388
f 1384 1385 1441
f 1441 1440 1384
f 1381 1382 1438
f 1438 1437 1381
f 1379 1380 1436
f 1436 1435 1379
f 1376 1432 1434
f 1434 1378 1376
f 1657 1679 1680
f 1680 1658 1657
f 1472 1528 1529
f 1529 1473 1472
f 1374 1430 1432
f 1432 1376 1374
f 1620 1642 1643
f 1643 1621 1620
f 1373 1375 1431
f 1431 1429 1373
f 1372 1428 1430
f 1430 1374 1372
f 1658 1680 1681
f 1681 1659 1658
f 1371 1373 1429
f 1429 1427 1371
f 1369 1371 1427
f 1427 1425 1369
f 1367 1369 1425
f 1425 1423 1367
f 1360 1416 1417
f 1417 1361 1360
f 1358 1414 1415
f 1415 1359 1358
f 1356 1412 1413
f 1413 1357 1356
f 1355 1411 1412
f 1412 1356 1355
f 1354 1410 1411
f 1411 1355 1354
f 1353 1409 1410
f 1410 1354 1353
f 1352 1408 1409
f 1409 1353 1352
f 1483 1485 1541
f 1541 1539 1483
f 1350 1406 1407
f 1407 1351 1350
f 1349 1405 1406
f 1406 1350 1349
f 1347 1403 1404
f 1404 1348 1347
f 1345 1367 1423
f 1423 1401 1345
f 1322 1378 1400
f 1400 1344 1322
f 1337 1338 1394
f 1394 1393 1337
f 1336 1337 1393
f 1393 1392 1336
f 1334 1335 1391
f 1391 1390 1334
f 1333 1334 1390
f 1390 1389 1333
f 1331 1332 1388
f 1388 1387 1331
f 1330 1331 1387
f 1387 1386 1330
f 1329 1330 1386
f 1386 1385 1329
f 1327 1328 1384
f 1384 1383 1327
f 1325 1326 1382
f 1382 1381 1325
f 1321 1323 1379
f 1379 1377 1321
f 1320 1376 1378
f 1378 1322 1320
f 1714 1736 1737
f 1737 1715 1714
f 1397 1398 1454
f 1454 1453 1397
f 1317 1319 1375
f 1375 1373 1317
f 1673 1695 1696
f 1696 1674 1673
f 1343 1344 1400
f 1400 1399 1343
f 1314 1370 1372
f 1372 1316 1314
f 1424 1480 1482
f 1482 1426 1424
f 1587 1609 1610
f 1610 1588 1587
f 1313 1315 1371
f 1371 1369 1313
f 1514 1570 1571
f 1571 1515 1514
f 1566 1567 1743
f 1743 1742 1566
f 1308 1364 1365
f 1365 1309 1308
f 1305 1361 1362
f 1362 1306 1305
f 1304 1360 1361
f 1361 1305 1304
f 1302 1358 1359
f 1359 1303 1302
f 1301 1357 1358
f 1358 1302 1301
f 1299 1355 1356
f 1356 1300 1299
f 1295 1351 1352
f 1352 1296 1295
f 1289 1345 1346
f 1346 1290 1289
f 1289 1311 1367
f 1367 1345 1289
f 1266 1322 1344
f 1344 1288 1266
f 1286 1287 1343
f 1343 1342 1286
f 1285 1286 1342
f 1342 1341 1285
f 1309 1365 1366
f 1366 1310 1309
f 1284 1285 1341
f 1341 1340 1284
f 1283 1284 1340
f 1340 1339 1283
f 1280 1281 1337
f 1337 1336 1280
f 1279 1280 1336
f 1336 1335 1279
f 1278 1279 1335
f 1335 1334 1278
f 1277 1278 1334
f 1334 1333 1277
f 1276 1277 1333
f 1333 1332 1276
f 1642 1664 1665
f 1665 1643 1642
f 1268 1269 1325
f 1325 1324 1268
f 1519 1575 1576
f 1576 1520 1519
f 1265 1267 1323
f 1323 1321 1265
f 1264 1320 1322
f 1322 1266 1264
f 1705 1727 1728
f 1728 1706 1705
f 1359 1415 1416
f 1416 1360 1359
f 1262 1318 1320
f 1320 1264 1262
f 1536 1612 1634
f 1634 1538 1536
f 1550 1551 1727
f 1727 1726 1550
f 1467 1523 1524
f 1524 1468 1467
f 1394 1395 1451
f 1451 1450 1394
f 1506 1507 1563
f 1563 1562 1506
f 1259 1261 1317
f 1317 1315 1259
f 1346 1402 1403
f 1403 1347 1346
f 1318 1374 1376
f 1376 1320 1318
f 1398 1399 1455
f 1455 1454 1398
f 1402 1458 1459
f 1459 1403 1402
f 1257 1259 1315
f 1315 1313 1257
f 1256 1312 1314
f 1314 1258 1256
f 1488 1544 1546
f 1546 1490 1488
f 1595 1617 1618
f 1618 1596 1595
f 1406 1462 1463
f 1463 1407 1406
f 1253 1309 1310
f 1310 1254 1253
f 1254 1310 1312
f 1312 1256 1254
f 1715 1737 1738
f 1738 1716 1715
f 1251 1307 1308
f 1308 1252 1251
f 1250 1306 1307
f 1307 1251 1250
f 1246 1302 1303
f 1303 1247 1246
f 1245 1301 1302
f 1302 1246 1245
f 1244 1300 1301
f 1301 1245 1244
f 1623 1645 1646
f 1646 1624 1623
f 1241 1297 1298
f 1298 1242 1241
f 1240 1296 1297
f 1297 1241 1240
f 1238 1294 1295
f 1295 1239 1238
f 1237 1293 1294
f 1294 1238 1237
f 1236 1292 1293
f 1293 1237 1236
f 1234 1290 1291
f 1291 1235 1234
f 1480 1536 1538
f 1538 1482 1480
f 1233 1289 1290
f 1290 1234 1233
f 1233 1255 1311
f 1311 1289 1233
f 1192 1193 1285
f 1285 1284 1192
f 1191 1192 1284
f 1284 1283 1191
f 1190 1191 1283
f 1283 1282 1190
f 1188 1189 1281
f 1281 1280 1188
f 1187 1188 1280
f 1280 1279 1187
f 1186 1187 1279
f 1279 1278 1186
f 1185 1186 1278
f 1278 1277 1185
f 1184 1185 1277
f 1277 1276 1184
f 1175 1176 1268
f 1268 1267 1175
f 1172 1264 1266
f 1266 1174 1172
f 1509 1510 1566
f 1566 1565 1509
f 1370 1426 1428
f 1428 1372 1370
f 1387 1388 1444
f 1444 1443 1387
f 1169 1171 1263
f 1263 1261 1169
f 1168 1260 1262
f 1262 1170 1168
f 1655 1677 1678
f 1678 1656 1655
f 1421 1477 1478
f 1478 1422 1421
f 1617 1639 1640
f 1640 1618 1617
f 1450 1451 1507
f 1507 1506 1450
f 1165 1167 1259
f 1259 1257 1165
f 1164 1256 1258
f 1258 1166 1164
f 1163 1165 1257
f 1257 1255 1163
f 1161 1253 1254
f 1254 1162 1161
f 1162 1254 1256
f 1256 1164 1162
f 1440 1441 1497
f 1497 1496 1440
f 1160 1252 1253
f 1253 1161 1160
f 1159 1251 1252
f 1252 1160 1159
f 1613 1635 1636
f 1636 1614 1613
f 1156 1248 1249
f 1249 1157 1156
f 1155 1247 1248
f 1248 1156 1155
f 1151 1243 1244
f 1244 1152 1151
f 1193 1194 1286
f 1286 1285 1193
f 1150 1242 1243
f 1243 1151 1150
f 1149 1241 1242
f 1242 1150 1149
f 1146 1238 1239
f 1239 1147 1146
f 1145 1237 1238
f 1238 1146 1145
f 1144 1236 1237
f 1237 1145 1144
f 1143 1235 1236
f 1236 1144 1143
f 1142 1234 1235
f 1235 1143 1142
f 1141 1163 1255
f 1255 1233 1141
f 1225 1231 1232
f 1232 1226 1225
f 1131 1132 1231
f 1231 1230 1131
f 1223 1229 1230
f 1230 1224 1223
f 1130 1131 1230
f 1230 1229 1130
f 1222 1228 1229
f 1229 1223 1222
f 1129 1130 1229
f 1229 1228 1129
f 1221 1227 1228
f 1228 1222 1221
f 1128 1129 1228
f 1228 1227 1128
f 1124 1128 1227
f 1227 1221 1124
f 1219 1225 1226
f 1226 1220 1219
f 1216 1222 1223
f 1223 1217 1216
f 1215 1221 1222
f 1222 1216 1215
f 1213 1219 1220
f 1220 1214 1213
f 1117 1214 1220
f 1220 1121 1117
f 1212 1218 1219
f 1219 1213 1212
f 1211 1217 1218
f 1218 1212 1211
f 1210 1216 1217
f 1217 1211 1210
f 1207 1213 1214
f 1214 1208 1207
f 1113 1208 1214
f 1214 1117 1113
f 1203 1209 1210
f 1210 1204 1203
f 1201 1207 1208
f 1208 1202 1201
f 1199 1205 1206
f 1206 1200 1199
f 1198 1204 1205
f 1205 1199 1198
f 1105 1198 1199
f 1199 1106 1105
f 1197 1203 1204
f 1204 1198 1197
f 1104 1197 1198
f 1198 1105 1104
f 1104 1112 1203
f 1203 1197 1104
f 1074 1174 1196
f 1196 1096 1074
f 1092 1093 1193
f 1193 1192 1092
f 1091 1092 1192
f 1192 1191 1091
f 1090 1091 1191
f 1191 1190 1090
f 1088 1089 1189
f 1189 1188 1088
f 1087 1088 1188
f 1188 1187 1087
f 1085 1086 1186
f 1186 1185 1085
f 1083 1084 1184
f 1184 1183 1083
f 1081 1082 1182
f 1182 1181 1081
f 1078 1079 1179
f 1179 1178 1078
f 1076 1077 1177
f 1177 1176 1076
f 1073 1075 1175
f 1175 1173 1073
f 1664 1686 1687
f 1687 1665 1664
f 1209 1215 1216
f 1216 1210 1209
f 1153 1245 1246
f 1246 1154 1153
f 1072 1172 1174
f 1174 1074 1072
f 1071 1073 1173
f 1173 1171 1071
f 1070 1170 1172
f 1172 1072 1070
f 1404 1460 1461
f 1461 1405 1404
f 1437 1438 1494
f 1494 1493 1437
f 1069 1071 1171
f 1171 1169 1069
f 1637 1659 1660
f 1660 1638 1637
f 1465 1521 1522
f 1522 1466 1465
f 1066 1166 1168
f 1168 1068 1066
f 1545 1547 1723
f 1723 1701 1545
f 1064 1164 1166
f 1166 1066 1064
f 1063 1065 1165
f 1165 1163 1063
f 1061 1161 1162
f 1162 1062 1061
f 1062 1162 1164
f 1164 1064 1062
f 1057 1157 1158
f 1158 1058 1057
f 1056 1156 1157
f 1157 1057 1056
f 1055 1155 1156
f 1156 1056 1055
f 1053 1153 1154
f 1154 1054 1053
f 1051 1151 1152
f 1152 1052 1051
f 1046 1146 1147
f 1147 1047 1046
f 1045 1145 1146
f 1146 1046 1045
f 1043 1143 1144
f 1144 1044 1043
f 1042 1142 1143
f 1143 1043 1042
f 1699 1721 1722
f 1722 1700 1699
f 1041 1141 1142
f 1142 1042 1041
f 1041 1063 1163
f 1163 1141 1041
f 1132 1139 1140
f 1140 1133 1132
f 1131 1138 1139
f 1139 1132 1131
f 1047 1147 1148
f 1148 1048 1047
f 1038 1039 1139
f 1139 1138 1038
f 1130 1137 1138
f 1138 1131 1130
f 1129 1136 1137
f 1137 1130 1129
f 1036 1037 1137
f 1137 1136 1036
f 1128 1135 1136
f 1136 1129 1128
f 1033 1034 1134
f 1134 1133 1033
f 1030 1126 1134
f 1134 1034 1030
f 1523 1579 1580
f 1580 1524 1523
f 1031 1032 1128
f 1128 1127 1031
f 1121 1125 1126
f 1126 1122 1121
f 1028 1122 1126
f 1126 1030 1028
f 1119 1123 1124
f 1124 1120 1119
f 1027 1029 1123
f 1123 1119 1027
f 1115 1119 1120
f 1120 1116 1115
f 1025 1027 1119
f 1119 1115 1025
f 1109 1113 1114
f 1114 1110 1109
f 1157 1249 1250
f 1250 1158 1157
f 1019 1103 1104
f 1104 1020 1019
f 1019 1023 1111
f 1111 1103 1019
f 1018 1102 1109
f 1109 1021 1018
f 1016 1100 1101
f 1101 1017 1016
f 1098 1105 1106
f 1106 1099 1098
f 1097 1104 1105
f 1105 1098 1097
f 1013 1097 1098
f 1098 1014 1013
f 1013 1020 1104
f 1104 1097 1013
f 1011 1012 1096
f 1096 1095 1011
f 990 1074 1096
f 1096 1012 990
f 1009 1010 1094
f 1094 1093 1009
f 1007 1008 1092
f 1092 1091 1007
f 1006 1007 1091
f 1091 1090 1006
f 1005 1006 1090
f 1090 1089 1005
f 1003 1004 1088
f 1088 1087 1003
f 1002 1003 1087
f 1087 1086 1002
f 1001 1002 1086
f 1086 1085 1001
f 1000 1001 1085
f 1085 1084 1000
f 1106 1199 1200
f 1200 1107 1106
f 998 999 1083
f 1083 1082 998
f 993 994 1078
f 1078 1077 993
f 991 992 1076
f 1076 1075 991
f 989 991 1075
f 1075 1073 989
f 988 1072 1074
f 1074 990 988
f 1679 1701 1702
f 1702 1680 1679
f 1629 1651 1652
f 1652 1630 1629
f 1650 1672 1673
f 1673 1651 1650
f 1469 1525 1526
f 1526 1470 1469
f 987 989 1073
f 1073 1071 987
f 986 1070 1072
f 1072 988 986
f 994 995 1079
f 1079 1078 994
f 1316 1372 1374
f 1374 1318 1316
f 1033 1133 1140
f 1140 1040 1033
f 985 987 1071
f 1071 1069 985
f 984 1068 1070
f 1070 986 984
f 1407 1463 1464
f 1464 1408 1407
f 983 985 1069
f 1069 1067 983
f 982 1066 1068
f 1068 984 982
f 1004 1005 1089
f 1089 1088 1004
f 1366 1422 1424
f 1424 1368 1366
f 981 983 1067
f 1067 1065 981
f 980 1064 1066
f 1066 982 980
f 1342 1343 1399
f 1399 1398 1342
f 1269 1270 1326
f 1326 1325 1269
f 1109 1202 1208
f 1208 1113 1109
f 1107 1200 1201
f 1201 1108 1107
f 977 1061 1062
f 1062 978 977
f 978 1062 1064
f 1064 980 978
f 976 1060 1061
f 1061 977 976
f 975 1059 1060
f 1060 976 975
f 974 1058 1059
f 1059 975 974
f 972 1056 1057
f 1057 973 972
f 1648 1670 1671
f 1671 1649 1648
f 1189 1190 1282
f 1282 1281 1189
f 971 1055 1056
f 1056 972 971
f 970 1054 1055
f 1055 971 970
f 968 1052 1053
f 1053 969 968
f 1332 1333 1389
f 1389 1388 1332
f 967 1051 1052
f 1052 968 967
f 965 1049 1050
f 1050 966 965
f 1014 1098 1099
f 1099 1015 1014
f 964 1048 1049
f 1049 965 964
f 962 1046 1047
f 1047 963 962
f 958 1042 1043
f 1043 959 958
f 957 979 1063
f 1063 1041 957
f 955 956 1040
f 1040 1039 955
f 949 1033 1040
f 1040 956 949
f 954 955 1039
f 1039 1038 954
f 1015 1099 1100
f 1100 1016 1015
f 953 954 1038
f 1038 1037 953
f 952 953 1037
f 1037 1036 952
f 951 952 1036
f 1036 1035 951
f 948 951 1035
f 1035 1032 948
f 949 950 1034
f 1034 1033 949
f 946 1030 1034
f 1034 950 946
f 1324 1325 1381
f 1381 1380 1324
f 947 948 1032
f 1032 1031 947
f 945 947 1031
f 1031 1029 945
f 944 1028 1030
f 1030 946 944
f 1716 1738 1739
f 1739 1717 1716
f 942 1026 1028
f 1028 944 942
f 1431 1433 1489
f 1489 1487 1431
f 1477 1533 1534
f 1534 1478 1477
f 1252 1308 1309
f 1309 1253 1252
f 939 941 1025
f 1025 1023 939
f 937 1021 1022
f 1022 938 937
f 938 1022 1024
f 1024 940 938
f 934 1018 1021
f 1021 937 934
f 784 785 869
f 869 868 784
f 789 873 874
f 874 790 789
f 931 1015 1016
f 1016 932 931
f 643 644 744
f 744 743 643
f 743 744 828
f 828 827 743
f 929 936 1020
f 1020 1013 929
f 1272 1273 1329
f 1329 1328 1272
f 926 927 1011
f 1011 1010 926
f 923 924 1008
f 1008 1007 923
f 922 923 1007
f 1007 1006 922
f 921 922 1006
f 1006 1005 921
f 920 921 1005
f 1005 1004 920
f 915 916 1000
f 1000 999 915
f 913 914 998
f 998 997 913
f 1306 1362 1363
f 1363 1307 1306
f 912 913 997
f 997 996 912
f 910 911 995
f 995 994 910
f 908 909 993
f 993 992 908
f 904 988 990
f 990 906 904
f 317 319 375
f 375 373 317
f 733 735 819
f 819 817 733
f 909 910 994
f 994 993 909
f 902 986 988
f 988 904 902
f 308 364 365
f 365 309 308
f 905 907 991
f 991 989 905
f 1386 1387 1443
f 1443 1442 1386
f 1393 1394 1450
f 1450 1449 1393
f 899 901 985
f 985 983 899
f 898 982 984
f 984 900 898
f 901 903 987
f 987 985 901
f 896 980 982
f 982 898 896
f 337 338 394
f 394 393 337
f 892 976 977
f 977 893 892
f 1615 1637 1638
f 1638 1616 1615
f 890 974 975
f 975 891 890
f 1050 1150 1151
f 1151 1051 1050
f 885 969 970
f 970 886 885
f 483 485 541
f 541 539 483
f 881 965 966
f 966 882 881
f 879 963 964
f 964 880 879
f 877 961 962
f 962 878 877
f 875 959 960
f 960 876 875
f 1125 1226 1232
f 1232 1133 1125
f 873 957 958
f 958 874 873
f 426 482 484
f 484 428 426
f 873 895 979
f 979 957 873
f 865 949 956
f 956 872 865
f 870 871 955
f 955 954 870
f 868 869 953
f 953 952 868
f 18 194 195
f 195 19 18
f 862 946 950
f 950 866 862
f 863 864 948
f 948 947 863
f 1621 1643 1644
f 1644 1622 1621
f 358 414 415
f 415 359 358
f 857 859 943
f 943 941 857
f 1644 1666 1667
f 1667 1645 1644
f 856 940 942
f 942 858 856
f 1686 1708 1709
f 1709 1687 1686
f 149 150 172
f 172 171 149
f 855 857 941
f 941 939 855
f 853 937 938
f 938 854 853
f 895 897 981
f 981 979 895
f 850 934 937
f 937 853 850
f 848 932 933
f 933 849 848
f 27 28 50
f 50 49 27
f 307 363 364
f 364 308 307
f 81 82 104
f 104 103 81
f 845 929 930
f 930 846 845
f 219 220 276
f 276 275 219
f 792 876 877
f 877 793 792
f 1267 1268 1324
f 1324 1323 1267
f 841 842 926
f 926 925 841
f 838 839 923
f 923 922 838
f 837 838 922
f 922 921 837
f 1039 1040 1140
f 1140 1139 1039
f 833 834 918
f 918 917 833
f 832 833 917
f 917 916 832
f 734 818 820
f 820 736 734
f 158 159 215
f 215 214 158
f 830 831 915
f 915 914 830
f 917 918 1002
f 1002 1001 917
f 825 826 910
f 910 909 825
f 824 825 909
f 909 908 824
f 1564 1565 1741
f 1741 1740 1564
f 823 824 908
f 908 907 823
f 716 800 801
f 801 717 716
f 115 116 138
f 138 137 115
f 615 715 716
f 716 616 615
f 276 277 333
f 333 332 276
f 1665 1687 1688
f 1688 1666 1665
f 272 273 329
f 329 328 272
f 1282 1283 1339
f 1339 1338 1282
f 1059 1159 1160
f 1160 1060 1059
f 817 819 903
f 903 901 817
f 816 900 902
f 902 818 816
f 233 255 311
f 311 289 233
f 846 930 931
f 931 847 846
f 1292 1348 1349
f 1349 1293 1292
f 489 491 547
f 547 545 489
f 1291 1347 1348
f 1348 1292 1291
f 814 898 900
f 900 816 814
f 64 65 87
f 87 86 64
f 1548 1549 1725
f 1725 1724 1548
f 735 737 821
f 821 819 735
f 893 977 978
f 978 894 893
f 911 912 996
f 996 995 911
f 329 330 386
f 386 385 329
f 1375 1377 1433
f 1433 1431 1375
f 1270 1271 1327
f 1327 1326 1270
f 813 815 899
f 899 897 813
f 1255 1257 1313
f 1313 1311 1255
f 1166 1258 1260
f 1260 1168 1166
f 491 492 548
f 548 547 491
f 1117 1121 1122
f 1122 1118 1117
f 811 813 897
f 897 895 811
f 810 894 896
f 896 812 810
f 963 1047 1048
f 1048 964 963
f 806 890 891
f 891 807 806
f 1540 1656 1678
f 1678 1542 1540
f 834 835 919
f 919 918 834
f 805 889 890
f 890 806 805
f 592 685 689
f 689 598 592
f 907 908 992
f 992 991 907
f 1338 1339 1395
f 1395 1394 1338
f 799 883 884
f 884 800 799
f 795 879 880
f 880 796 795
f 794 878 879
f 879 795 794
f 793 877 878
f 878 794 793
f 842 843 927
f 927 926 842
f 789 811 895
f 895 873 789
f 785 786 870
f 870 869 785
f 354 410 411
f 411 355 354
f 780 783 867
f 867 864 780
f 570 571 577
f 577 576 570
f 781 782 866
f 866 865 781
f 15 191 192
f 192 16 15
f 779 780 864
f 864 863 779
f 599 600 693
f 693 692 599
f 1103 1111 1112
f 1112 1104 1103
f 774 858 860
f 860 776 774
f 773 775 859
f 859 857 773
f 291 347 348
f 348 292 291
f 164 165 221
f 221 220 164
f 1630 1652 1653
f 1653 1631 1630
f 97 98 120
f 120 119 97
f 767 851 852
f 852 768 767
f 765 849 850
f 850 766 765
f 764 848 849
f 849 765 764
f 762 846 847
f 847 763 762
f 759 760 844
f 844 843 759
f 758 759 843
f 843 842 758
f 636 736 738
f 738 638 636
f 755 756 840
f 840 839 755
f 1433 1435 1491
f 1491 1489 1433
f 752 753 837
f 837 836 752
f 1171 1173 1265
f 1265 1263 1171
f 751 752 836
f 836 835 751
f 750 751 835
f 835 834 750
f 787 788 872
f 872 871 787
f 747 748 832
f 832 831 747
f 745 746 830
f 830 829 745
f 1575 1597 1598
f 1598 1576 1575
f 742 743 827
f 827 826 742
f 741 742 826
f 826 825 741
f 739 740 824
f 824 823 739
f 736 820 822
f 822 738 736
f 979 981 1065
f 1065 1063 979
f 87 88 110
f 110 109 87
f 1605 1627 1628
f 1628 1606 1605
f 249 305 306
f 306 250 249
f 301 357 358
f 358 302 301
f 1606 1628 1629
f 1629 1607 1606
f 732 816 818
f 818 734 732
f 831 832 916
f 916 915 831
f 245 301 302
f 302 246 245
f 694 695 702
f 702 701 694
f 101 102 124
f 124 123 101
f 396 397 453
f 453 452 396
f 729 731 815
f 815 813 729
f 1351 1407 1408
f 1408 1352 1351
f 1390 1391 1447
f 1447 1446 1390
f 154 210 232
f 232 176 154
f 1687 1709 1710
f 1710 1688 1687
f 797 881 882
f 882 798 797
f 123 124 146
f 146 145 123
f 730 814 816
f 816 732 730
f 691 692 780
f 780 779 691
f 1418 1474 1475
f 1475 1419 1418
f 726 810 812
f 812 728 726
f 724 808 809
f 809 725 724
f 723 807 808
f 808 724 723
f 466 522 523
f 523 467 466
f 1357 1413 1414
f 1414 1358 1357
f 722 806 807
f 807 723 722
f 717 801 802
f 802 718 717
f 90 91 113
f 113 112 90
f 215 216 272
f 272 271 215
f 714 798 799
f 799 715 714
f 1382 1383 1439
f 1439 1438 1382
f 711 795 796
f 796 712 711
f 791 875 876
f 876 792 791
f 708 792 793
f 793 709 708
f 1339 1340 1396
f 1396 1395 1339
f 705 789 790
f 790 706 705
f 696 697 704
f 704 703 696
f 697 781 788
f 788 704 697
f 702 703 787
f 787 786 702
f 961 1045 1046
f 1046 962 961
f 701 702 786
f 786 785 701
f 1695 1717 1718
f 1718 1696 1695
f 692 693 700
f 700 699 692
f 699 700 784
f 784 783 699
f 692 699 783
f 783 780 692
f 697 698 782
f 782 781 697
f 690 778 782
f 782 698 690
f 1141 1233 1234
f 1234 1142 1141
f 687 688 692
f 692 691 687
f 687 691 779
f 779 777 687
f 686 776 778
f 778 690 686
f 683 684 688
f 688 687 683
f 1089 1090 1190
f 1190 1189 1089
f 995 996 1080
f 1080 1079 995
f 683 687 777
f 777 775 683
f 681 682 686
f 686 685 681
f 836 837 921
f 921 920 836
f 682 774 776
f 776 686 682
f 443 444 500
f 500 499 443
f 677 678 682
f 682 681 677
f 1552 1553 1729
f 1729 1728 1552
f 2 178 179
f 179 3 2
f 675 679 773
f 773 771 675
f 673 769 770
f 770 674 673
f 674 770 772
f 772 678 674
f 1017 1101 1102
f 1102 1018 1017
f 667 767 768
f 768 668 667
f 665 765 766
f 766 666 665
f 664 665 672
f 672 671 664
f 442 443 499
f 499 498 442
f 1556 1557 1733
f 1733 1732 1556
f 661 761 762
f 762 662 661
f 659 660 760
f 760 759 659
f 638 738 760
f 760 660 638
f 1683 1705 1706
f 1706 1684 1683
f 657 658 758
f 758 757 657
f 935 1019 1020
f 1020 936 935
f 891 975 976
f 976 892 891
f 656 657 757
f 757 756 656
f 653 654 754
f 754 753 653
f 188 244 245
f 245 189 188
f 652 653 753
f 753 752 652
f 1093 1094 1194
f 1194 1193 1093
f 662 762 763
f 763 663 662
f 648 649 749
f 749 748 648
f 647 648 748
f 748 747 647
f 630 730 732
f 732 632 630
f 646 647 747
f 747 746 646
f 1669 1691 1692
f 1692 1670 1669
f 675 676 680
f 680 679 675
f 346 402 403
f 403 347 346
f 642 643 743
f 743 742 642
f 640 641 741
f 741 740 640
f 1029 1031 1127
f 1127 1123 1029
f 210 266 288
f 288 232 210
f 593 594 600
f 600 599 593
f 1080 1081 1181
f 1181 1180 1080
f 865 866 950
f 950 949 865
f 1457 1479 1535
f 1535 1513 1457
f 493 494 550
f 550 549 493
f 1183 1184 1276
f 1276 1275 1183
f 110 206 208
f 208 132 110
f 933 1017 1018
f 1018 934 933
f 1474 1530 1531
f 1531 1475 1474
f 1116 1120 1215
f 1215 1209 1116
f 496 497 553
f 553 552 496
f 52 53 75
f 75 74 52
f 633 635 735
f 735 733 633
f 632 732 734
f 734 634 632
f 693 694 701
f 701 700 693
f 1449 1450 1506
f 1506 1505 1449
f 1677 1699 1700
f 1700 1678 1677
f 1323 1324 1380
f 1380 1379 1323
f 1048 1148 1149
f 1149 1049 1048
f 673 674 678
f 678 677 673
f 869 870 954
f 954 953 869
f 205 207 263
f 263 261 205
f 1439 1440 1496
f 1496 1495 1439
f 1497 1498 1554
f 1554 1553 1497
f 169 170 226
f 226 225 169
f 190 246 247
f 247 191 190
f 1099 1106 1107
f 1107 1100 1099
f 1425 1427 1483
f 1483 1481 1425
f 629 631 731
f 731 729 629
f 820 904 906
f 906 822 820
f 47 48 70
f 70 69 47
f 874 958 959
f 959 875 874
f 323 324 380
f 380 379 323
f 627 629 729
f 729 727 627
f 624 724 725
f 725 625 624
f 622 722 723
f 723 623 622
f 365 421 422
f 422 366 365
f 619 719 720
f 720 620 619
f 618 718 719
f 719 619 618
f 617 717 718
f 718 618 617
f 616 716 717
f 717 617 616
f 1671 1693 1694
f 1694 1672 1671
f 614 714 715
f 715 615 614
f 612 712 713
f 713 613 612
f 960 1044 1045
f 1045 961 960
f 925 926 1010
f 1010 1009 925
f 607 707 708
f 708 608 607
f 1505 1506 1562
f 1562 1561 1505
f 606 706 707
f 707 607 606
f 906 990 1012
f 1012 928 906
f 605 705 706
f 706 606 605
f 597 598 604
f 604 603 597
f 753 754 838
f 838 837 753
f 878 962 963
f 963 879 878
f 603 604 697
f 697 696 603
f 598 689 697
f 697 604 598
f 602 603 696
f 696 695 602
f 601 602 695
f 695 694 601
f 594 595 601
f 601 600 594
f 1410 1466 1467
f 1467 1411 1410
f 679 683 775
f 775 773 679
f 706 790 791
f 791 707 706
f 593 599 692
f 692 688 593
f 587 588 594
f 594 593 587
f 537 539 631
f 631 629 537
f 587 593 688
f 688 684 587
f 585 586 592
f 592 591 585
f 586 681 685
f 685 592 586
f 584 585 591
f 591 590 584
f 590 591 597
f 597 596 590
f 583 584 590
f 590 589 583
f 582 583 589
f 589 588 582
f 581 582 588
f 588 587 581
f 767 771 855
f 855 851 767
f 581 587 684
f 684 680 581
f 579 580 586
f 586 585 579
f 1094 1095 1195
f 1195 1194 1094
f 580 677 681
f 681 586 580
f 575 581 680
f 680 676 575
f 573 672 673
f 673 574 573
f 574 673 677
f 677 580 574
f 897 899 983
f 983 981 897
f 572 671 672
f 672 573 572
f 571 572 578
f 578 577 571
f 571 670 671
f 671 572 571
f 621 721 722
f 722 622 621
f 570 669 670
f 670 571 570
f 569 570 576
f 576 575 569
f 569 668 669
f 669 570 569
f 470 526 527
f 527 471 470
f 569 575 676
f 676 668 569
f 1 23 199
f 199 177 1
f 546 638 660
f 660 568 546
f 566 567 659
f 659 658 566
f 565 566 658
f 658 657 565
f 564 565 657
f 657 656 564
f 563 564 656
f 656 655 563
f 561 562 654
f 654 653 561
f 1032 1035 1135
f 1135 1128 1032
f 558 559 651
f 651 650 558
f 556 557 649
f 649 648 556
f 555 556 648
f 648 647 555
f 553 554 646
f 646 645 553
f 551 552 644
f 644 643 551
f 522 614 615
f 615 523 522
f 1435 1436 1492
f 1492 1491 1435
f 547 548 640
f 640 639 547
f 107 108 130
f 130 129 107
f 663 763 764
f 764 664 663
f 545 547 639
f 639 637 545
f 757 758 842
f 842 841 757
f 1682 1704 1705
f 1705 1683 1682
f 924 925 1009
f 1009 1008 924
f 1531 1587 1588
f 1588 1532 1531
f 13 14 36
f 36 35 13
f 542 634 636
f 636 544 542
f 620 720 721
f 721 621 620
f 1335 1336 1392
f 1392 1391 1335
f 350 406 407
f 407 351 350
f 1692 1714 1715
f 1715 1693 1692
f 1065 1067 1167
f 1167 1165 1065
f 1533 1589 1590
f 1590 1534 1533
f 356 412 413
f 413 357 356
f 613 713 714
f 714 614 613
f 151 152 174
f 174 173 151
f 539 541 633
f 633 631 539
f 851 855 939
f 939 935 851
f 600 601 694
f 694 693 600
f 1565 1566 1742
f 1742 1741 1565
f 391 392 448
f 448 447 391
f 497 498 554
f 554 553 497
f 635 637 737
f 737 735 635
f 6 7 29
f 29 28 6
f 294 350 351
f 351 295 294
f 1427 1429 1485
f 1485 1483 1427
f 718 802 803
f 803 719 718
f 536 628 630
f 630 538 536
f 763 847 848
f 848 764 763
f 1582 1604 1605
f 1605 1583 1582
f 381 382 438
f 438 437 381
f 193 249 250
f 250 194 193
f 754 755 839
f 839 838 754
f 1101 1108 1109
f 1109 1102 1101
f 535 537 629
f 629 627 535
f 533 625 626
f 626 534 533
f 1445 1446 1502
f 1502 1501 1445
f 534 626 628
f 628 536 534
f 572 573 579
f 579 578 572
f 531 623 624
f 624 532 531
f 932 1016 1017
f 1017 933 932
f 1077 1078 1178
f 1178 1177 1077
f 554 555 647
f 647 646 554
f 412 468 469
f 469 413 412
f 530 622 623
f 623 531 530
f 798 882 883
f 883 799 798
f 526 618 619
f 619 527 526
f 1023 1025 1115
f 1115 1111 1023
f 525 617 618
f 618 526 525
f 524 616 617
f 617 525 524
f 49 50 72
f 72 71 49
f 521 613 614
f 614 522 521
f 1441 1442 1498
f 1498 1497 1441
f 783 784 868
f 868 867 783
f 520 612 613
f 613 521 520
f 518 610 611
f 611 519 518
f 345 367 423
f 423 401 345
f 661 668 768
f 768 761 661
f 517 609 610
f 610 518 517
f 516 608 609
f 609 517 516
f 1718 1740 1741
f 1741 1719 1718
f 515 607 608
f 608 516 515
f 514 606 607
f 607 515 514
f 761 845 846
f 846 762 761
f 513 535 627
f 627 605 513
f 511 512 568
f 568 567 511
f 490 546 568
f 568 512 490
f 507 508 564
f 564 563 507
f 444 445 501
f 501 500 444
f 776 860 862
f 862 778 776
f 503 504 560
f 560 559 503
f 138 139 161
f 161 160 138
f 501 502 558
f 558 557 501
f 349 405 406
f 406 350 349
f 500 501 557
f 557 556 500
f 1086 1087 1187
f 1187 1186 1086
f 499 500 556
f 556 555 499
f 1602 1624 1625
f 1625 1603 1602
f 498 499 555
f 555 554 498
f 808 892 893
f 893 809 808
f 494 495 551
f 551 550 494
f 1204 1210 1211
f 1211 1205 1204
f 266 322 344
f 344 288 266
f 1181 1182 1274
f 1274 1273 1181
f 487 489 545
f 545 543 487
f 433 435 491
f 491 489 433
f 1022 1110 1114
f 1114 1024 1022
f 628 728 730
f 730 630 628
f 1698 1720 1721
f 1721 1699 1698
f 1275 1276 1332
f 1332 1331 1275
f 485 487 543
f 543 541 485
f 392 393 449
f 449 448 392
f 484 540 542
f 542 486 484
f 845 852 936
f 936 929 845
f 775 777 861
f 861 859 775
f 710 794 795
f 795 711 710
f 1455 1456 1512
f 1512 1511 1455
f 102 103 125
f 125 124 102
f 1446 1447 1503
f 1503 1502 1446
f 1010 1011 1095
f 1095 1094 1010
f 422 478 480
f 480 424 422
f 376 432 434
f 434 378 376
f 1383 1384 1440
f 1440 1439 1383
f 474 530 531
f 531 475 474
f 1147 1239 1240
f 1240 1148 1147
f 1303 1359 1360
f 1360 1304 1303
f 335 336 392
f 392 391 335
f 1616 1638 1639
f 1639 1617 1616
f 166 167 223
f 223 222 166
f 42 43 65
f 65 64 42
f 815 817 901
f 901 899 815
f 481 483 539
f 539 537 481
f 1363 1419 1420
f 1420 1364 1363
f 1624 1646 1647
f 1647 1625 1624
f 506 507 563
f 563 562 506
f 1247 1303 1304
f 1304 1248 1247
f 116 117 139
f 139 138 116
f 882 966 967
f 967 883 882
f 509 510 566
f 566 565 509
f 9 10 32
f 32 31 9
f 241 297 298
f 298 242 241
f 478 534 536
f 536 480 478
f 476 532 533
f 533 477 476
f 475 531 532
f 532 476 475
f 289 345 346
f 346 290 289
f 1060 1160 1161
f 1161 1061 1060
f 246 302 303
f 303 247 246
f 473 529 530
f 530 474 473
f 471 527 528
f 528 472 471
f 469 525 526
f 526 470 469
f 468 524 525
f 525 469 468
f 479 481 537
f 537 535 479
f 1361 1417 1418
f 1418 1362 1361
f 162 163 219
f 219 218 162
f 296 352 353
f 353 297 296
f 464 520 521
f 521 465 464
f 661 662 669
f 669 668 661
f 330 331 387
f 387 386 330
f 463 519 520
f 520 464 463
f 256 312 314
f 314 258 256
f 461 517 518
f 518 462 461
f 1297 1353 1354
f 1354 1298 1297
f 662 663 670
f 670 669 662
f 1364 1420 1421
f 1421 1365 1364
f 457 513 514
f 514 458 457
f 1200 1206 1207
f 1207 1201 1200
f 67 68 90
f 90 89 67
f 455 456 512
f 512 511 455
f 1307 1363 1364
f 1364 1308 1307
f 434 490 512
f 512 456 434
f 452 453 509
f 509 508 452
f 38 39 61
f 61 60 38
f 450 451 507
f 507 506 450
f 1684 1706 1707
f 1707 1685 1684
f 449 450 506
f 506 505 449
f 448 449 505
f 505 504 448
f 447 448 504
f 504 503 447
f 446 447 503
f 503 502 446
f 527 619 620
f 620 528 527
f 930 1014 1015
f 1015 931 930
f 445 446 502
f 502 501 445
f 744 745 829
f 829 828 744
f 292 348 349
f 349 293 292
f 888 972 973
f 973 889 888
f 727 729 813
f 813 811 727
f 440 441 497
f 497 496 440
f 185 241 242
f 242 186 185
f 436 437 493
f 493 492 436
f 192 248 249
f 249 193 192
f 202 258 260
f 260 204 202
f 1628 1650 1651
f 1651 1629 1628
f 1315 1317 1373
f 1373 1371 1315
f 458 514 515
f 515 459 458
f 709 793 794
f 794 710 709
f 431 433 489
f 489 487 431
f 1703 1725 1726
f 1726 1704 1703
f 871 872 956
f 956 955 871
f 6 182 183
f 183 7 6
f 840 841 925
f 925 924 840
f 1453 1454 1510
f 1510 1509 1453
f 860 944 946
f 946 862 860
f 1079 1080 1180
f 1180 1179 1079
f 388 389 445
f 445 444 388
f 1217 1223 1224
f 1224 1218 1217
f 480 536 538
f 538 482 480
f 725 809 810
f 810 726 725
f 679 680 684
f 684 683 679
f 333 334 390
f 390 389 333
f 300 356 357
f 357 301 300
f 703 704 788
f 788 787 703
f 343 344 400
f 400 399 343
f 567 568 660
f 660 659 567
f 1633 1655 1656
f 1656 1634 1633
f 235 291 292
f 292 236 235
f 69 70 92
f 92 91 69
f 1290 1346 1347
f 1347 1291 1290
f 413 469 470
f 470 414 413
f 529 621 622
f 622 530 529
f 51 52 74
f 74 73 51
f 472 528 529
f 529 473 472
f 1704 1726 1727
f 1727 1705 1704
f 1591 1613 1614
f 1614 1592 1591
f 916 917 1001
f 1001 1000 916
f 835 836 920
f 920 919 835
f 1600 1622 1623
f 1623 1601 1600
f 737 739 823
f 823 821 737
f 1273 1274 1330
f 1330 1329 1273
f 424 480 482
f 482 426 424
f 117 118 140
f 140 139 117
f 72 73 95
f 95 94 72
f 1095 1096 1196
f 1196 1195 1095
f 790 874 875
f 875 791 790
f 214 215 271
f 271 270 214
f 462 518 519
f 519 463 462
f 1195 1196 1288
f 1288 1287 1195
f 133 134 156
f 156 155 133
f 1274 1275 1331
f 1331 1330 1274
f 423 425 481
f 481 479 423
f 1697 1719 1720
f 1720 1698 1697
f 420 476 477
f 477 421 420
f 419 475 476
f 476 420 419
f 416 472 473
f 473 417 416
f 199 201 257
f 257 255 199
f 465 521 522
f 522 466 465
f 415 471 472
f 472 416 415
f 1570 1592 1593
f 1593 1571 1570
f 24 25 47
f 47 46 24
f 302 358 359
f 359 303 302
f 363 419 420
f 420 364 363
f 325 326 382
f 382 381 325
f 417 473 474
f 474 418 417
f 900 984 986
f 986 902 900
f 355 411 412
f 412 356 355
f 408 464 465
f 465 409 408
f 407 463 464
f 464 408 407
f 410 466 467
f 467 411 410
f 404 460 461
f 461 405 404
f 367 369 425
f 425 423 367
f 401 457 458
f 458 402 401
f 378 434 456
f 456 400 378
f 397 398 454
f 454 453 397
f 142 143 165
f 165 164 142
f 255 257 313
f 313 311 255
f 1 2 24
f 24 23 1
f 390 391 447
f 447 446 390
f 311 313 369
f 369 367 311
f 940 1024 1026
f 1026 942 940
f 389 390 446
f 446 445 389
f 454 455 511
f 511 510 454
f 96 97 119
f 119 118 96
f 387 388 444
f 444 443 387
f 384 385 441
f 441 440 384
f 353 409 410
f 410 354 353
f 859 861 945
f 945 943 859
f 197 253 254
f 254 198 197
f 738 822 844
f 844 760 738
f 105 106 128
f 128 127 105
f 83 84 106
f 106 105 83
f 48 49 71
f 71 70 48
f 310 366 368
f 368 312 310
f 700 701 785
f 785 784 700
f 849 933 934
f 934 850 849
f 207 209 265
f 265 263 207
f 1362 1418 1419
f 1419 1363 1362
f 28 29 51
f 51 50 28
f 68 69 91
f 91 90 68
f 7 183 184
f 184 8 7
f 20 21 43
f 43 42 20
f 1326 1327 1383
f 1383 1382 1326
f 8 184 185
f 185 9 8
f 626 726 728
f 728 628 626
f 1310 1366 1368
f 1368 1312 1310
f 428 484 486
f 486 430 428
f 372 428 430
f 430 374 372
f 1035 1036 1136
f 1136 1135 1035
f 803 887 888
f 888 804 803
f 1661 1683 1684
f 1684 1662 1661
f 118 119 141
f 141 140 118
f 54 55 77
f 77 76 54
f 1120 1124 1221
f 1221 1215 1120
f 94 95 117
f 117 116 94
f 172 173 229
f 229 228 172
f 371 373 429
f 429 427 371
f 510 511 567
f 567 566 510
f 336 337 393
f 393 392 336
f 89 90 112
f 112 111 89
f 230 231 287
f 287 286 230
f 369 371 427
f 427 425 369
f 368 424 426
f 426 370 368
f 1423 1425 1481
f 1481 1479 1423
f 453 454 510
f 510 509 453
f 67 89 205
f 205 203 67
f 394 395 451
f 451 450 394
f 1341 1342 1398
f 1398 1397 1341
f 364 420 421
f 421 365 364
f 439 440 496
f 496 495 439
f 432 488 490
f 490 434 432
f 361 417 418
f 418 362 361
f 359 415 416
f 416 360 359
f 298 354 355
f 355 299 298
f 777 779 863
f 863 861 777
f 437 438 494
f 494 493 437
f 880 964 965
f 965 881 880
f 1432 1488 1490
f 1490 1434 1432
f 351 407 408
f 408 352 351
f 152 153 175
f 175 174 152
f 45 67 203
f 203 201 45
f 1049 1149 1150
f 1150 1050 1049
f 352 408 409
f 409 353 352
f 644 645 745
f 745 744 644
f 342 343 399
f 399 398 342
f 608 708 709
f 709 609 608
f 340 341 397
f 397 396 340
f 339 340 396
f 396 395 339
f 338 339 395
f 395 394 338
f 713 797 798
f 798 714 713
f 685 686 690
f 690 689 685
f 1518 1574 1575
f 1575 1519 1518
f 1419 1475 1476
f 1476 1420 1419
f 667 668 676
f 676 675 667
f 331 332 388
f 388 387 331
f 189 245 246
f 246 190 189
f 1243 1299 1300
f 1300 1244 1243
f 328 329 385
f 385 384 328
f 327 328 384
f 384 383 327
f 482 538 540
f 540 484 482
f 277 278 334
f 334 333 277
f 321 323 379
f 379 377 321
f 132 208 210
f 210 154 132
f 1713 1735 1736
f 1736 1714 1713
f 609 709 710
f 710 610 609
f 100 101 123
f 123 122 100
f 345 401 402
f 402 346 345
f 1179 1180 1272
f 1272 1271 1179
f 139 140 162
f 162 161 139
f 438 439 495
f 495 494 438
f 548 549 641
f 641 640 548
f 1176 1177 1269
f 1269 1268 1176
f 528 620 621
f 621 529 528
f 320 376 378
f 378 322 320
f 992 993 1077
f 1077 1076 992
f 867 868 952
f 952 951 867
f 1672 1694 1695
f 1695 1673 1672
f 218 219 275
f 275 274 218
f 1464 1520 1521
f 1521 1465 1464
f 103 104 126
f 126 125 103
f 552 553 645
f 645 644 552
f 257 259 315
f 315 313 257
f 1178 1179 1271
f 1271 1270 1178
f 319 321 377
f 377 375 319
f 421 477 478
f 478 422 421
f 289 311 367
f 367 345 289
f 409 465 466
f 466 410 409
f 324 325 381
f 381 380 324
f 184 240 241
f 241 185 184
f 18 19 41
f 41 40 18
f 198 254 256
f 256 200 198
f 228 229 285
f 285 284 228
f 140 141 163
f 163 162 140
f 596 597 603
f 603 602 596
f 12 188 189
f 189 13 12
f 316 372 374
f 374 318 316
f 557 558 650
f 650 649 557
f 229 230 286
f 286 285 229
f 1401 1457 1458
f 1458 1402 1401
f 209 211 267
f 267 265 209
f 889 973 974
f 974 890 889
f 665 666 673
f 673 672 665
f 1123 1127 1128
f 1128 1124 1123
f 383 384 440
f 440 439 383
f 254 310 312
f 312 256 254
f 705 727 811
f 811 789 705
f 181 237 238
f 238 182 181
f 707 791 792
f 792 708 707
f 441 442 498
f 498 497 441
f 666 766 769
f 769 673 666
f 195 251 252
f 252 196 195
f 45 46 68
f 68 67 45
f 251 307 308
f 308 252 251
f 1206 1212 1213
f 1213 1207 1206
f 314 370 372
f 372 316 314
f 111 112 134
f 134 133 111
f 639 640 740
f 740 739 639
f 41 42 64
f 64 63 41
f 477 533 534
f 534 478 477
f 876 960 961
f 961 877 876
f 393 394 450
f 450 449 393
f 1603 1625 1626
f 1626 1604 1603
f 322 378 400
f 400 344 322
f 1235 1291 1292
f 1292 1236 1235
f 778 862 866
f 866 782 778
f 719 803 804
f 804 720 719
f 1239 1295 1296
f 1296 1240 1239
f 406 462 463
f 463 407 406
f 1487 1489 1545
f 1545 1543 1487
f 1148 1240 1241
f 1241 1149 1148
f 578 579 585
f 585 584 578
f 224 225 281
f 281 280 224
f 957 1041 1042
f 1042 958 957
f 1585 1607 1608
f 1608 1586 1585
f 60 61 83
f 83 82 60
f 430 486 488
f 488 432 430
f 403 459 460
f 460 404 403
f 1436 1437 1493
f 1493 1492 1436
f 259 261 317
f 317 315 259
f 313 315 371
f 371 369 313
f 312 368 370
f 370 314 312
f 386 387 443
f 443 442 386
f 786 787 871
f 871 870 786
f 1258 1314 1316
f 1316 1260 1258
f 492 493 549
f 549 548 492
f 1261 1263 1319
f 1319 1317 1261
f 996 997 1081
f 1081 1080 996
f 357 413 414
f 414 358 357
f 1296 1352 1353
f 1353 1297 1296
f 864 867 951
f 951 948 864
f 201 203 259
f 259 257 201
f 1510 1511 1567
f 1567 1566 1510
f 502 503 559
f 559 558 502
f 309 365 366
f 366 310 309
f 1125 1133 1134
f 1134 1126 1125
f 258 314 316
f 316 260 258
f 399 400 456
f 456 455 399
f 1224 1230 1231
f 1231 1225 1224
f 360 416 417
f 417 361 360
f 748 749 833
f 833 832 748
f 120 121 143
f 143 142 120
f 191 247 248
f 248 192 191
f 306 362 363
f 363 307 306
f 305 361 362
f 362 306 305
f 573 574 580
f 580 579 573
f 1082 1083 1183
f 1183 1182 1082
f 299 355 356
f 356 300 299
f 427 429 485
f 485 483 427
f 295 351 352
f 352 296 295
f 1426 1482 1484
f 1484 1428 1426
f 80 81 103
f 103 102 80
f 19 195 196
f 196 20 19
f 287 288 344
f 344 343 287
f 283 284 340
f 340 339 283
f 281 282 338
f 338 337 281
f 395 396 452
f 452 451 395
f 280 281 337
f 337 336 280
f 278 279 335
f 335 334 278
f 3 4 26
f 26 25 3
f 274 275 331
f 331 330 274
f 523 615 616
f 616 524 523
f 270 271 327
f 327 326 270
f 178 234 235
f 235 179 178
f 1377 1379 1435
f 1435 1433 1377
f 379 380 436
f 436 435 379
f 966 1050 1051
f 1051 967 966
f 929 1013 1014
f 1014 930 929
f 1113 1117 1118
f 1118 1114 1113
f 429 431 487
f 487 485 429
f 4 5 27
f 27 26 4
f 231 232 288
f 288 287 231
f 1496 1497 1553
f 1553 1552 1496
f 374 430 432
f 432 376 374
f 886 970 971
f 971 887 886
f 1182 1183 1275
f 1275 1274 1182
f 715 799 800
f 800 716 715
f 156 157 213
f 213 212 156
f 1177 1178 1270
f 1270 1269 1177
f 851 935 936
f 936 852 851
f 57 58 80
f 80 79 57
f 398 399 455
f 455 454 398
f 159 160 216
f 216 215 159
f 10 186 187
f 187 11 10
f 1293 1349 1350
f 1350 1294 1293
f 177 199 255
f 255 233 177
f 223 224 280
f 280 279 223
f 538 630 632
f 632 540 538
f 262 318 320
f 320 264 262
f 495 496 552
f 552 551 495
f 260 316 318
f 318 262 260
f 1569 1591 1592
f 1592 1570 1569
f 504 505 561
f 561 560 504
f 645 646 746
f 746 745 645
f 1205 1211 1212
f 1212 1206 1205
f 1340 1341 1397
f 1397 1396 1340
f 65 66 88
f 88 87 65
f 1167 1169 1261
f 1261 1259 1167
f 147 148 170
f 170 169 147
f 559 560 652
f 652 651 559
f 366 422 424
f 424 368 366
f 1611 1633 1634
f 1634 1612 1611
f 79 80 102
f 102 101 79
f 40 41 63
f 63 62 40
f 78 79 101
f 101 100 78
f 1058 1158 1159
f 1159 1059 1058
f 375 377 433
f 433 431 375
f 12 13 35
f 35 34 12
f 1100 1107 1108
f 1108 1101 1100
f 861 863 947
f 947 945 861
f 59 60 82
f 82 81 59
f 173 174 230
f 230 229 173
f 99 100 122
f 122 121 99
f 3 179 180
f 180 4 3
f 84 85 107
f 107 106 84
f 1578 1600 1601
f 1601 1579 1578
f 1121 1220 1226
f 1226 1125 1121
f 271 272 328
f 328 327 271
f 731 733 817
f 817 815 731
f 43 44 66
f 66 65 43
f 560 561 653
f 653 652 560
f 1526 1582 1583
f 1583 1527 1526
f 1108 1201 1202
f 1202 1109 1108
f 341 342 398
f 398 397 341
f 34 35 57
f 57 56 34
f 728 812 814
f 814 730 728
f 267 268 324
f 324 323 267
f 261 263 319
f 319 317 261
f 550 551 643
f 643 642 550
f 14 15 37
f 37 36 14
f 1067 1069 1169
f 1169 1167 1067
f 847 931 932
f 932 848 847
f 252 308 309
f 309 253 252
f 1420 1476 1477
f 1477 1421 1420
f 821 823 907
f 907 905 821
f 250 306 307
f 307 251 250
f 1561 1562 1738
f 1738 1737 1561
f 549 550 642
f 642 641 549
f 591 592 598
f 598 597 591
f 772 856 858
f 858 774 772
f 243 299 300
f 300 244 243
f 1491 1492 1548
f 1548 1547 1491
f 104 105 127
f 127 126 104
f 242 298 299
f 299 243 242
f 1639 1661 1662
f 1662 1640 1639
f 508 509 565
f 565 564 508
f 134 135 157
f 157 156 134
f 854 938 940
f 940 856 854
f 240 296 297
f 297 241 240
f 237 293 294
f 294 238 237
f 239 295 296
f 296 240 239
f 1641 1663 1664
f 1664 1642 1641
f 1311 1313 1369
f 1369 1367 1311
f 575 576 582
f 582 581 575
f 91 92 114
f 114 113 91
f 802 886 887
f 887 803 802
f 236 292 293
f 293 237 236
f 1218 1224 1225
f 1225 1219 1218
f 29 30 52
f 52 51 29
f 160 161 217
f 217 216 160
f 973 1057 1058
f 1058 974 973
f 611 711 712
f 712 612 611
f 918 919 1003
f 1003 1002 918
f 1516 1572 1573
f 1573 1517 1516
f 1471 1527 1528
f 1528 1472 1471
f 221 222 278
f 278 277 221
f 53 54 76
f 76 75 53
f 220 221 277
f 277 276 220
f 756 757 841
f 841 840 756
f 5 181 182
f 182 6 5
f 1194 1195 1287
f 1287 1286 1194
f 238 294 295
f 295 239 238
f 217 218 274
f 274 273 217
f 212 213 269
f 269 268 212
f 145 146 168
f 168 167 145
f 411 467 468
f 468 412 411
f 771 773 857
f 857 855 771
f 505 506 562
f 562 561 505
f 1271 1272 1328
f 1328 1327 1271
f 999 1000 1084
f 1084 1083 999
f 208 264 266
f 266 210 208
f 179 235 236
f 236 180 179
f 623 723 724
f 724 624 623
f 275 276 332
f 332 331 275
f 887 971 972
f 972 888 887
f 1281 1282 1338
f 1338 1337 1281
f 216 217 273
f 273 272 216
f 248 304 305
f 305 249 248
f 98 99 121
f 121 120 98
f 770 854 856
f 856 772 770
f 1365 1421 1422
f 1422 1366 1365
f 1708 1730 1731
f 1731 1709 1708
f 822 906 928
f 928 844 822
f 244 300 301
f 301 245 244
f 1368 1424 1426
f 1426 1370 1368
f 58 59 81
f 81 80 58
f 1551 1552 1728
f 1728 1727 1551
f 282 283 339
f 339 338 282
f 1468 1524 1525
f 1525 1469 1468
f 124 125 147
f 147 146 124
f 200 256 258
f 258 202 200
f 303 359 360
f 360 304 303
f 206 262 264
f 264 208 206
f 22 198 200
f 200 44 22
f 373 375 431
f 431 429 373
f 761 768 852
f 852 845 761
f 265 267 323
f 323 321 265
f 1691 1713 1714
f 1714 1692 1691
f 1263 1265 1321
f 1321 1319 1263
f 1438 1439 1495
f 1495 1494 1438
f 46 47 69
f 69 68 46
f 796 880 881
f 881 797 796
f 543 545 637
f 637 635 543
f 1500 1501 1557
f 1557 1556 1500
f 17 193 194
f 194 18 17
f 804 888 889
f 889 805 804
f 801 885 886
f 886 802 801
f 532 624 625
f 625 533 532
f 1158 1250 1251
f 1251 1159 1158
f 695 696 703
f 703 702 695
f 70 71 93
f 93 92 70
f 839 840 924
f 924 923 839
f 36 37 59
f 59 58 36
f 631 633 733
f 733 731 631
f 576 577 583
f 583 582 576
f 650 651 751
f 751 750 650
f 1154 1246 1247
f 1247 1155 1154
f 781 865 872
f 872 788 781
f 1260 1316 1318
f 1318 1262 1260
f 451 452 508
f 508 507 451
f 1249 1305 1306
f 1306 1250 1249
f 16 192 193
f 193 17 16
f 749 750 834
f 834 833 749
f 168 169 225
f 225 224 168
f 1328 1329 1385
f 1385 1384 1328
f 1170 1262 1264
f 1264 1172 1170
f 61 62 84
f 84 83 61
f 109 110 132
f 132 131 109
f 1319 1321 1377
f 1377 1375 1319
f 1596 1618 1619
f 1619 1597 1596
f 826 827 911
f 911 910 826
f 488 544 546
f 546 490 488
f 969 1053 1054
f 1054 970 969
f 467 523 524
f 524 468 467
f 721 805 806
f 806 722 721
f 233 289 290
f 290 234 233
f 85 86 108
f 108 107 85
f 884 968 969
f 969 885 884
f 1583 1605 1606
f 1606 1584 1583
f 111 133 209
f 209 207 111
f 194 250 251
f 251 195 194
f 213 214 270
f 270 269 213
f 136 137 159
f 159 158 136
f 165 166 222
f 222 221 165
f 95 96 118
f 118 117 95
f 15 16 38
f 38 37 15
f 222 223 279
f 279 278 222
f 93 94 116
f 116 115 93
f 649 650 750
f 750 749 649
f 1075 1076 1176
f 1176 1175 1075
f 654 655 755
f 755 754 654
f 137 138 160
f 160 159 137
f 843 844 928
f 928 927 843
f 800 884 885
f 885 801 800
f 10 11 33
f 33 32 10
f 1577 1599 1600
f 1600 1578 1577
f 315 317 373
f 373 371 315
f 1685 1707 1708
f 1708 1686 1685
f 211 212 268
f 268 267 211
f 678 772 774
f 774 682 678
f 122 123 145
f 145 144 122
f 1298 1354 1355
f 1355 1299 1298
f 519 611 612
f 612 520 519
f 119 120 142
f 142 141 119
f 914 915 999
f 999 998 914
f 1044 1144 1145
f 1145 1045 1044
f 1610 1632 1633
f 1633 1611 1610
f 385 386 442
f 442 441 385
f 401 423 479
f 479 457 401
f 382 383 439
f 439 438 382
f 1132 1133 1232
f 1232 1231 1132
f 175 176 232
f 232 231 175
f 157 158 214
f 214 213 157
f 827 828 912
f 912 911 827
f 182 238 239
f 239 183 182
f 959 1043 1044
f 1044 960 959
f 829 830 914
f 914 913 829
f 927 928 1012
f 1012 1011 927
f 1242 1298 1299
f 1299 1243 1242
f 32 33 55
f 55 54 32
f 153 154 176
f 176 175 153
f 1571 1593 1594
f 1594 1572 1571
f 1180 1181 1273
f 1273 1272 1180
f 74 75 97
f 97 96 74
f 347 403 404
f 404 348 347
f 414 470 471
f 471 415 414
f 150 151 173
f 173 172 150
f 819 821 905
f 905 903 819
f 997 998 1082
f 1082 1081 997
f 86 87 109
f 109 108 86
f 25 26 48
f 48 47 25
f 167 168 224
f 224 223 167
f 655 656 756
f 756 755 655
f 1490 1546 1568
f 1568 1512 1490
f 1068 1168 1170
f 1170 1070 1068
f 766 850 853
f 853 769 766
f 186 242 243
f 243 187 186
f 141 142 164
f 164 163 141
f 1652 1674 1675
f 1675 1653 1652
f 268 269 325
f 325 324 268
f 39 40 62
f 62 61 39
f 7 8 30
f 30 29 7
f 883 967 968
f 968 884 883
f 13 189 190
f 190 14 13
f 196 252 253
f 253 197 196
f 161 162 218
f 218 217 161
f 146 147 169
f 169 168 146
f 903 905 989
f 989 987 903
f 247 303 304
f 304 248 247
f 126 127 149
f 149 148 126
f 163 164 220
f 220 219 163
f 1111 1115 1116
f 1116 1112 1111
f 689 690 698
f 698 697 689
f 226 227 283
f 283 282 226
f 435 436 492
f 492 491 435
f 712 796 797
f 797 713 712
f 1599 1621 1622
f 1622 1600 1599
f 16 17 39
f 39 38 16
f 135 136 158
f 158 157 135
f 121 122 144
f 144 143 121
f 1294 1350 1351
f 1351 1295 1294
f 11 187 188
f 188 12 11
f 1084 1085 1185
f 1185 1184 1084
f 293 349 350
f 350 294 293
f 285 286 342
f 342 341 285
f 21 197 198
f 198 22 21
f 133 155 211
f 211 209 133
f 943 945 1029
f 1029 1027 943
f 131 132 154
f 154 153 131
f 1287 1288 1344
f 1344 1343 1287
f 667 675 771
f 771 767 667
f 171 172 228
f 228 227 171
f 1640 1662 1663
f 1663 1641 1640
f 130 131 153
f 153 152 130
f 155 156 212
f 212 211 155
f 418 474 475
f 475 419 418
f 809 893 894
f 894 810 809
f 1348 1404 1405
f 1405 1349 1348
f 129 130 152
f 152 151 129
f 588 589 595
f 595 594 588
f 33 34 56
f 56 55 33
f 935 939 1023
f 1023 1019 935
f 297 353 354
f 354 298 297
f 1037 1038 1138
f 1138 1137 1037
f 304 360 361
f 361 305 304
f 30 31 53
f 53 52 30
f 148 149 171
f 171 170 148
f 625 725 726
f 726 626 625
f 894 978 980
f 980 896 894
f 1026 1118 1122
f 1122 1028 1026
f 263 265 321
f 321 319 263
f 1024 1114 1118
f 1118 1026 1024
f 114 115 137
f 137 136 114
f 113 114 136
f 136 135 113
f 1380 1381 1437
f 1437 1436 1380
f 35 36 58
f 58 57 35
f 225 226 282
f 282 281 225
f 143 144 166
f 166 165 143
f 108 109 131
f 131 130 108
f 1054 1154 1155
f 1155 1055 1054
f 5 6 28
f 28 27 5
f 253 309 310
f 310 254 253
f 812 896 898
f 898 814 812
f 562 563 655
f 655 654 562
f 1345 1401 1402
f 1402 1346 1345
f 106 107 129
f 129 128 106
f 21 22 44
f 44 43 21
f 76 77 99
f 99 98 76
f 577 578 584
f 584 583 577
f 227 228 284
f 284 283 227
f 541 543 635
f 635 633 541
f 1414 1470 1471
f 1471 1415 1414
f 1052 1152 1153
f 1153 1053 1052
f 183 239 240
f 240 184 183
f 332 333 389
f 389 388 332
f 740 741 825
f 825 824 740
f 1312 1368 1370
f 1370 1314 1312
f 127 128 150
f 150 149 127
f 1529 1585 1586
f 1586 1530 1529
f 651 652 752
f 752 751 651
f 818 902 904
f 904 820 818
f 144 145 167
f 167 166 144
f 125 126 148
f 148 147 125
f 14 190 191
f 191 15 14
f 1530 1586 1587
f 1587 1531 1530
f 1573 1595 1596
f 1596 1574 1573
f 664 764 765
f 765 665 664
f 486 542 544
f 544 488 486
f 828 829 913
f 913 912 828
f 264 320 322
f 322 266 264
f 1525 1581 1582
f 1582 1526 1525
f 62 63 85
f 85 84 62
f 610 710 711
f 711 611 610
f 63 64 86
f 86 85 63
f 1173 1175 1267
f 1267 1265 1173
f 1008 1009 1093
f 1093 1092 1008
f 19 20 42
f 42 41 19
f 348 404 405
f 405 349 348
f 279 280 336
f 336 335 279
f 2 3 25
f 25 24 2
f 177 233 234
f 234 178 177
f 31 32 54
f 54 53 31
f 605 627 727
f 727 705 605
f 326 327 383
f 383 382 326
f 73 74 96
f 96 95 73
f 318 374 376
f 376 320 318
f 1635 1657 1658
f 1658 1636 1635
f 82 83 105
f 105 104 82
f 71 72 94
f 94 93 71
f 1696 1718 1719
f 1719 1697 1696
f 89 111 207
f 207 205 89
f 128 129 151
f 151 150 128
f 1593 1615 1616
f 1616 1594 1593
f 380 381 437
f 437 436 380
f 290 346 347
f 347 291 290
f 92 93 115
f 115 114 92
f 170 171 227
f 227 226 170
f 204 260 262
f 262 206 204
f 1300 1356 1357
f 1357 1301 1300
f 174 175 231
f 231 230 174
f 1021 1109 1110
f 1110 1022 1021
f 23 45 201
f 201 199 23
f 720 804 805
f 805 721 720
f 457 479 535
f 535 513 457
f 56 57 79
f 79 78 56
f 66 202 204
f 204 88 66
f 44 200 202
f 202 66 44
f 234 290 291
f 291 235 234
f 1 177 178
f 178 2 1
f 55 56 78
f 78 77 55
f 858 942 944
f 944 860 858
f 77 78 100
f 100 99 77
f 658 659 759
f 759 758 658
f 377 379 435
f 435 433 377
f 1415 1471 1472
f 1472 1416 1415
f 637 639 739
f 739 737 637
f 402 458 459
f 459 403 402
f 88 204 206
f 206 110 88
f 460 516 517
f 517 461 460
f 405 461 462
f 462 406 405
f 286 287 343
f 343 342 286
f 746 747 831
f 831 830 746
f 540 632 634
f 634 542 540
f 8 9 31
f 31 30 8
f 1174 1266 1288
f 1288 1196 1174
f 1112 1116 1209
f 1209 1203 1112
f 1385 1386 1442
f 1442 1441 1385
f 20 196 197
f 197 21 20
f 425 427 483
f 483 481 425
f 187 243 244
f 244 188 187
f 9 185 186
f 186 10 9
f 589 590 596
f 596 595 589
f 634 734 736
f 736 636 634
f 112 113 135
f 135 134 112
f 807 891 892
f 892 808 807
f 370 426 428
f 428 372 370
f 37 38 60
f 60 59 37
f 269 270 326
f 326 325 269
f 513 605 606
f 606 514 513
f 11 12 34
f 34 33 11
f 1676 1698 1699
f 1699 1677 1676
f 23 24 46
f 46 45 23
f 362 418 419
f 419 363 362
f 180 236 237
f 237 181 180
f 1248 1304 1305
f 1305 1249 1248
f 544 636 638
f 638 546 544
f 17 18 40
f 40 39 17
f 459 515 516
f 516 460 459
f 26 27 49
f 49 48 26
f 1711 1733 1734
f 1734 1712 1711
f 1416 1472 1473
f 1473 1417 1416
f 663 664 671
f 671 670 663
f 4 180 181
f 181 5 4
f 641 642 742
f 742 741 641
f 919 920 1004
f 1004 1003 919
f 203 205 261
f 261 259 203
f 50 51 73
f 73 72 50
f 1152 1244 1245
f 1245 1153 1152
f 595 596 602
f 602 601 595
f 769 853 854
f 854 770 769
f 284 285 341
f 341 340 284
f 941 943 1027
f 1027 1025 941
f 273 274 330
f 330 329 273
f 75 76 98
f 98 97 75
f 334 335 391
f 391 390 334
