# newton-physics/newton unisex_shirt.usd (/root/shirt), Apache-2.0; scaled cm -> m; MeshLab isotropic remeshing, target edge 2 cm; rotated -75 deg about x, lowest point at y=0.86
v 0.0189075303 1.14014956 -0.326969442
v 0.0181515799 1.13053596 -0.318101643
v 0.0329231023 1.14406684 -0.323673389
v 0.0677036619 1.1668477 -0.305307832
v -0.0686027718 1.16660425 -0.30443583
v -0.0731500533 1.14983197 -0.305270235
v -0.0201681995 1.14033121 -0.32661589
v -0.0602007725 1.13658055 -0.308890531
v -0.0727663994 1.17921908 -0.288046975
v -0.0853659786 1.16469455 -0.291224842
v -0.0528821697 1.20673661 -0.24013079
v -0.0564483404 1.20321662 -0.259914533
v -0.020846839 1.2217497 -0.248230746
v 0.0198873401 1.22216575 -0.248155126
v 0.0120079326 1.21718481 -0.23458466
v -0.0836593976 1.17882609 -0.27317241
v 0.0301077514 1.21446036 -0.235629686
v 0.0833351708 1.18530117 -0.260657005
v 0.0677574682 1.19207075 -0.272881321
v 0.0587105131 1.20097014 -0.263479369
v 0.149373343 0.96272033 0.291068041
v 0.135911274 0.941566601 0.285644494
v 0.0894392395 0.885909606 0.270599737
v 0.122443313 0.924337662 0.257736197
v -0.003031211 0.865595837 0.245612677
v -0.153000385 0.970154471 0.27506269
v -0.171626701 1.00802339 0.303172246
v -0.0800271511 0.897752441 0.273876564
v -0.10960376 0.921240288 0.262104695
v -0.0335608528 1.12540432 0.317814741
v -0.167233963 1.06388224 0.313787171
v -0.055599494 1.1187609 0.327882573
v -0.111698847 1.10801321 0.325017271
v 0.0766052485 1.11372058 0.325933787
v 0.132790394 1.10322211 0.322573837
v -0.0127604148 1.12862956 0.314708784
v 0.160508537 1.07862203 0.315834406
v 0.167997322 1.06142581 0.311845778
v 0.0202173328 1.12259556 0.328764021
v 0.0391053629 1.1202552 0.327977611
v -0.166968507 1.02341691 0.243732911
v -0.111618793 1.19447857 -0.210368722
v -0.097514686 1.19549275 -0.222998036
v 0.170075433 1.17450609 -0.105032242
v 0.15797261 1.18980684 -0.111899318
v -0.147596761 1.19800321 -0.122854237
v -0.160134335 1.06583869 0.0422875156
v -0.159215269 1.0604037 0.0607538328
v -0.155732046 1.04313713 0.135066113
v -0.142675031 1.19364579 -0.190379687
v -0.043302989 1.13321335 0.284764621
v 0.154586105 1.17900934 -0.236465919
v -0.150383133 1.14182705 -0.0165512482
v -0.099381496 1.1791579 -0.260056068
v -0.0819357237 1.21604411 -0.144049244
v 0.0108510758 1.22045912 -0.197332746
v 0.147341188 1.19241046 -0.201769111
v -0.167686367 1.14878037 -0.0790845601
v -0.168815823 1.0958671 -0.0683682746
v -0.168102531 1.11414738 -0.0665037578
v 0.114579231 1.17517109 -0.258032533
v 0.0994284182 1.17309037 -0.269429346
v -0.159862191 1.10118717 -0.0178094165
v -0.164696852 1.12109722 -0.0528448115
v 0.108816138 1.1853248 -0.241053763
v -0.153782694 1.18374125 -0.228617109
v 0.0798904379 1.21450622 -0.159435775
v -0.149219606 1.19022072 -0.211330594
v -0.169225507 1.1881036 -0.217496199
v -0.140286765 1.10404051 0.0748956969
v -0.13265799 1.15722097 -0.269486476
v 0.0856819832 1.20088283 -0.219181784
v -0.159330145 1.17835605 -0.0933277657
v 0.0587279261 1.2081834 -0.227185301
v 0.180772318 1.19121067 -0.198674602
v 0.135792392 1.20072364 -0.106303085
v 0.167276945 1.159438 -0.0891733616
v 0.203947562 1.16457697 -0.238856176
v 0.165691269 1.19315129 -0.192630114
v 0.0988596501 1.12221942 0.290792701
v -0.159100138 1.0818749 -0.0161002688
v 0.159098225 1.07770865 0.268494206
v 0.155862112 1.03527396 0.151703916
v -0.0613649843 1.2188272 -0.146566193
v 0.0605682651 1.22376838 -0.0958075561
v -0.0501028056 1.21512052 -0.196747399
v 0.121411417 1.18866569 -0.224980448
v 0.00168973847 1.21731223 -0.214692825
v 0.17805838 1.19078726 -0.163078391
v 0.0215990585 1.21740014 -0.21656245
v 0.156344432 1.1760591 -0.0892794453
v 0.114423389 1.19396488 -0.20788092
v 0.16748373 1.09571638 -0.0695823835
v 0.166812211 1.10941616 -0.0679992034
v 0.105137841 1.20091885 -0.191867158
v 0.172677705 1.17741831 -0.233352304
v 0.150247799 1.19719536 -0.144019174
v -0.130653652 1.20417427 -0.114244091
v -0.148099969 1.16140713 -0.0473015699
v 0.0207568033 1.22231761 -0.179983586
v -0.119501861 1.17463432 -0.0125739325
v -0.113439154 1.21097097 -0.106574827
v 0.143471616 1.16633967 -0.0511083489
v 0.130181277 1.17976539 -0.0426170467
v -0.14953185 1.09734095 0.285030183
v 0.102445739 1.19325382 -0.22389931
v 0.0661502908 1.21124475 -0.196244089
v 0.130549336 1.20316491 -0.141518073
v 0.11967831 1.20835851 -0.121938349
v -0.155797901 1.11010366 -0.00407352847
v -0.141848915 1.13510829 0.0220384383
v 0.121300769 1.15727112 0.0140824805
v 0.155601029 1.08297855 0.0536884575
v -0.0230876973 1.2220379 -0.178932903
v 0.0841721371 1.20626975 -0.197455203
v -0.116028785 1.20698385 -0.145671116
v -0.109274941 1.20292616 -0.177922444
v 0.154224081 1.03761265 0.129941625
v -0.15687068 1.05064906 0.0978722236
v -0.090310837 1.19000339 0.0748377856
v 0.00965323479 1.22338693 -0.164164337
v 0.0899400443 1.21474635 -0.141419478
v -0.115252082 1.20943613 -0.125705927
v -0.0996483614 1.21296408 -0.13658615
v 0.152847515 1.10701569 0.0149227065
v -0.0690152222 1.21929793 -0.129058941
v -0.152450161 1.06516742 0.174610415
v -0.15077902 1.07174849 0.189446744
v 0.154638193 1.06591329 0.231085999
v 0.147958217 1.10205282 0.24470537
v 0.151673077 1.05262727 0.0826528009
v 0.122960195 1.12544372 0.255458481
v 0.12486166 1.1385089 0.199329339
v 0.128782916 1.11846374 0.142882438
v 0.145504324 1.07385684 0.116312302
v 0.0813624543 1.13208246 0.265121674
v -0.143132798 1.11989075 0.0422983492
v -0.135311743 1.10038304 0.0942184883
v -0.115293588 1.11796874 0.296220997
v -0.0787358618 1.21955224 -0.113694316
v -0.0486480636 1.22169576 -0.129455239
v 0.0260678773 1.13990921 0.265885416
v -0.0175716231 1.14509748 0.255597122
v -0.0236840791 1.22504988 -0.0953767299
v 0.0538649831 1.15442376 0.198038308
v 0.092841224 1.14620928 0.218643325
v 0.115233016 1.16321856 0.0977034097
v 0.0267905246 1.17062691 0.151426285
v 0.0771572203 1.22264314 -0.0828461468
v -0.0451854783 1.16676899 0.161840293
v 0.0539990494 1.21832318 -0.0301259836
v 0.104156729 1.19544527 -0.025025334
v -0.13794977 1.11587948 0.188458665
v -0.0747032746 1.16806327 0.149338409
v 0.0843661364 1.17484542 0.125758512
v 0.115522011 1.1536159 0.0803265637
v 0.0745686823 1.14417914 0.22852383
v -0.11681186 1.1430364 0.0845012147
v -0.110930817 1.16277591 0.0362687145
v 0.0390492076 1.1465396 0.23177499
v 0.115224143 1.16090606 0.132526187
v 0.0967980576 1.18072824 0.0990907014
v -0.123102701 1.16096961 0.00544329266
v -0.0625110386 1.16515967 0.161217302
v -0.00954477426 1.18332893 0.113987829
v -0.0802839999 1.19573144 0.0541811505
v -0.0995338702 1.1912046 0.055344214
v 0.108511972 1.17780878 0.066694257
v 0.0495624863 1.18152153 0.106195874
v -0.0405875064 1.19225433 0.0720266379
v 0.105306374 1.20466752 -0.0424814004
v 0.0767337452 1.20954963 0.00307251379
v 0.132260458 1.14275489 0.0248427794
v 0.0726712784 1.20407872 0.0261612984
v 0.111996535 1.16408713 0.0633579307
v 0.0765216968 1.19487434 0.0594117503
v 0.0125201615 1.19579085 0.0639453829
v -0.00764740244 1.199859 0.0500925828
v -0.0703437418 1.22311763 -0.0649334314
v -0.113561744 1.2103161 -0.0882235892
v -0.0662478602 1.21842202 -0.0341956947
v -0.106499285 1.19861783 -0.0356603142
v -0.102579141 1.18656453 0.017844505
v -0.0979962635 1.20209562 0.00699823124
v -0.103595495 1.17026079 0.137177998
v -0.104582018 1.17905602 0.0372772258
v -0.0630929753 1.2040253 0.0232591115
v -0.0657297966 1.18019762 0.107397879
v -0.049244496 1.20717945 0.0148678148
v -0.0423775951 1.19735814 0.0526968478
v -0.242628078 1.07389708 -0.0223128951
v -0.236060881 1.07455478 -0.0318895337
v -0.224217682 1.09046572 -0.0356601922
v -0.310159139 1.06573377 -0.0691542668
v -0.311717815 1.06013103 -0.062409221
v -0.319662075 1.13108413 -0.0515535681
v -0.291485304 1.14850978 -0.0520371116
v -0.326090126 1.09536465 -0.0634122248
v -0.277207661 1.15200721 -0.0196620391
v -0.232838725 1.13728937 -0.0225662044
v -0.179272469 1.13506976 -0.0693812783
v -0.227936198 1.17175905 -0.157759503
v -0.196959606 1.14100582 -0.0649222329
v -0.302944786 1.07270137 -0.0836540572
v -0.25805826 1.06711529 -0.123671886
v -0.214064273 1.14929306 -0.234022572
v -0.307730487 1.09162307 -0.0870160339
v -0.195322387 1.17685623 -0.11121059
v -0.308953247 1.11104885 -0.0912551532
v -0.216778864 1.16249267 -0.221698097
v -0.199523243 1.06373165 -0.0869595348
v -0.174142621 1.0616287 -0.136552633
v -0.178087562 1.06586066 -0.116350301
v -0.240867509 1.11067352 -0.19751571
v -0.246238491 1.13030543 -0.193761376
v -0.209704127 1.06265441 -0.127508259
v -0.226561118 1.10519485 -0.0298061347
v -0.213135337 1.17615452 -0.202148673
v -0.203401994 1.16334072 -0.0646996458
v -0.221129009 1.16838558 -0.0658417352
v -0.275035743 1.14969933 -0.107686627
v -0.238272212 1.16707107 -0.142094034
v -0.239952281 1.16755855 -0.105238333
v -0.249291462 1.16410165 -0.0874605027
v -0.236976521 1.05549598 -0.0558469103
v -0.201272944 1.10742197 -0.239366546
v -0.211445946 1.11737361 -0.234285822
v -0.296207772 1.12690821 -0.0979288629
v -0.258936027 1.14160747 -0.165004986
v -0.2114267 1.14533534 -0.0550854904
v -0.215813084 1.16559784 -0.0573534596
v -0.259356438 1.09994264 -0.164114187
v -0.265662983 1.11666928 -0.161579309
v -0.226263075 1.06504219 -0.13771788
v -0.264984776 1.05918823 -0.10168855
v -0.291554174 1.10925726 -0.115992821
v -0.211279977 1.09697858 -0.223175161
v -0.235566508 1.09766721 -0.193802527
v -0.299914065 1.11437837 -0.104446547
v -0.280874194 1.0718696 -0.108188376
v -0.280260574 1.10614306 -0.128683407
v -0.254597124 1.15589974 -0.144938699
v -0.290383596 1.12776651 -0.111783809
v 0.205857538 1.11302515 -0.0533522741
v 0.213771345 1.12441426 -0.0422005819
v 0.202838365 1.13486777 -0.0535102266
v 0.231511851 1.16786022 -0.175556054
v 0.186365556 1.10286763 -0.0586388731
v 0.223542971 1.13281276 -0.0308631816
v 0.229834679 1.16475509 -0.195011115
v 0.213620238 1.16570294 -0.0674024325
v 0.278404814 1.15434092 -0.0376773251
v 0.235785874 1.13803689 -0.0208033942
v 0.21654058 1.13806165 -0.231272962
v 0.267642002 1.05455019 -0.0898254789
v 0.230108956 1.06518825 -0.0458179234
v 0.197777912 1.17941538 -0.128699876
v 0.196256671 1.07220092 -0.0750965564
v 0.183963629 1.07825428 -0.0822753561
v 0.206720162 1.07252247 -0.0612095397
v 0.227108201 1.10955551 -0.212638259
v 0.216913642 1.11482134 -0.229357922
v 0.224879956 1.17234142 -0.117510655
v 0.207899852 1.15195713 -0.241570656
v 0.194741121 1.09049354 -0.217391762
v 0.20941883 1.08718079 -0.207070042
v 0.195430416 1.06738194 -0.187357694
v 0.192962536 1.06399931 -0.142357325
v 0.184330215 1.06585728 -0.157799234
v 0.235751747 1.16827993 -0.103707238
v 0.292745952 1.14197252 -0.087108421
v 0.251985172 1.13898792 -0.179730671
v 0.246941896 1.15659711 -0.167477066
v 0.272189278 1.14411584 -0.134734761
v 0.247657139 1.12280114 -0.192801854
v 0.267827904 1.09389274 -0.151377863
v 0.18726675 1.06598513 -0.171969064
v 0.20587612 1.06063772 -0.134499427
v 0.289956415 1.09309732 -0.108610856
v 0.298738322 1.07009386 -0.0864129531
v 0.25276384 1.06301505 -0.113326808
v 0.291495173 1.12253413 -0.114369433
v 0.298370895 1.10914384 -0.1038185
v 0.248040489 1.14544096 -0.0145919499
v 0.263384705 1.15625799 -0.0234849901
v 0.31867197 1.13158714 -0.0522229382
v 0.226526775 1.08412897 -0.0182162667
v 0.229303841 1.10128991 -0.0258019176
v 0.248717327 1.13610433 -0.00832455266
v 0.239440013 1.13053195 -0.0145117862
v 0.313513775 1.06482282 -0.0643410086
v 0.241363735 1.07319859 -0.0238345886
v 0.297112808 1.04884914 -0.0574932193
v 0.164738927 0.988405316 0.257465616
v 0.00895932929 1.11316801 -0.308744719
v -0.0289246839 0.884409569 0.198553807
v 0.0266611867 1.03583077 -0.231503233
v -0.00129302538 1.09900529 -0.297085957
v -0.0667309034 0.997598553 -0.148379482
v -0.0331663802 1.1147923 -0.304919112
v 0.126750487 0.935183649 0.226460932
v 0.0735453066 0.895843137 0.215214235
v -0.0560788111 1.11763373 -0.301930683
v 0.16134522 1.0718919 -0.0704472129
v 0.153612603 1.05055585 -0.030613749
v -0.135163168 0.947514345 0.253766735
v 0.0990377746 1.15877868 -0.28680118
v 0.179490323 1.15387587 -0.258164156
v 0.0546730342 1.12028961 -0.303961943
v 0.0438181327 1.07507735 -0.27795981
v 0.071503387 1.09371076 -0.289552466
v 0.106301562 1.13375316 -0.288809335
v 0.079987266 1.15208061 -0.301006269
v -0.0919732397 0.922584581 0.204524446
v 0.00740245587 0.880165493 0.21258015
v -0.169815446 1.0017824 0.267636574
v -0.0960278782 1.08885938 -0.282140883
v -0.162445573 0.990981447 0.223369008
v -0.135905395 1.02602246 0.0683309521
v -0.0135505419 0.915912841 0.0941766245
v -0.179016347 1.05881064 -0.167993512
v -0.14430603 1.01367466 0.134896787
v -0.160099421 1.06141058 -0.120507156
v -0.196901879 1.08093063 -0.223025336
v 0.073866441 1.11177927 -0.296325183
v -0.156469126 1.03782433 -0.0814291983
v -0.14401747 1.0302761 -0.0656712474
v -0.0769803623 1.11219947 -0.295503918
v -0.0162225271 0.877163605 0.211753744
v -0.144244737 0.962565798 0.218774092
v 0.12819668 1.13882182 -0.282693015
v 0.0834132332 1.0316717 -0.227973513
v -0.175416045 1.06405638 -0.201299355
v -0.079487482 1.09223789 -0.287437153
v -0.102167423 1.07013816 -0.267986281
v -0.0281625542 1.0840576 -0.28445537
v -0.115434664 1.15530383 -0.279353996
v 0.154238082 1.04928908 -0.208062569
v 0.13504588 1.02965041 -0.0432799929
v 0.145403521 1.03378817 -0.0554806624
v -0.162773685 1.05787911 -0.138557002
v -0.161729225 1.14836656 -0.266113563
v -0.174451285 1.08621939 -0.241500459
v -0.179556055 1.1476057 -0.259448776
v 0.144916025 0.992105978 0.144894824
v 0.1363145 1.00309202 0.0991527079
v 0.164388215 1.10830749 -0.255695086
v 0.163818507 1.07740465 -0.237790902
v -0.13612866 1.00409319 0.0703185022
v -0.135659997 1.02031125 0.0782044881
v -0.153050032 0.985155596 0.15259967
v -0.123330692 1.0702314 -0.257289478
v -0.0331376354 1.06879219 -0.272315196
v 0.141519662 1.15577614 -0.268796161
v 0.0907381295 1.05517312 -0.256206963
v 0.0742524301 1.05375173 -0.25900572
v -0.0591736453 0.906411257 0.194069146
v -0.124020864 0.943381856 0.197185843
v 0.0945449781 0.921231913 0.140967533
v 0.15750309 1.04846587 -0.0504439483
v -0.15281827 1.03061195 -0.156515732
v 0.189329309 1.08222314 -0.214390357
v -0.164872493 1.11447684 -0.259841885
v 0.11772437 1.07523778 -0.264530847
v -0.0644519169 0.919687979 0.163453493
v -0.0876805742 0.924654592 0.187895836
v -0.151602224 1.04480509 -0.00544792905
v -0.139833253 1.03521203 9.09513728e-05
v -0.141480942 1.04420694 0.0354960134
v 0.0418262063 1.05865528 -0.263079165
v 0.0857918462 1.08029667 -0.28042291
v 0.149595556 0.979242638 0.147116189
v 0.146398409 0.981776583 0.130647626
v -0.133791517 0.95516521 0.179283014
v -0.0628337172 0.923824195 0.145087527
v -0.0620138191 0.959214356 0.00847132905
v -0.160193691 1.06787746 -0.10373449
v 0.127122147 1.00751075 0.0484288911
v 0.112652435 0.973569919 -0.0393225447
v 0.118498769 0.992225155 -0.0352974005
v -0.115534107 1.02607117 -0.197402128
v -0.134935382 1.02916578 -0.169783401
v 0.0798806004 1.06525679 -0.270190202
v 0.0250147225 1.0552738 -0.25892451
v 0.0579940603 1.04764978 -0.251162898
v 0.0588282227 1.10367419 -0.296088393
v 0.016564662 1.04648351 -0.247719166
v 0.134686176 1.04343555 -0.2163135
v 0.105638302 1.02540046 -0.207472306
v -0.0308924074 1.02444744 -0.21009977
v -0.0810376508 0.933911035 0.137276445
v 0.113007675 1.00154032 -0.0501653817
v -0.0643005413 1.02291224 -0.215773855
v -0.0929752262 1.04393065 -0.241287381
v 0.123006856 0.983003808 -0.00488172085
v 0.129635117 1.02804947 -0.025168524
v -0.111985586 1.04446696 -0.234021825
v -0.0979873439 0.94632493 0.0896054652
v 0.00529660984 0.923879412 0.0908150642
v 0.022894428 0.91500169 0.139617589
v 0.0327109453 0.924008373 0.119166277
v -0.0688721032 0.947535487 0.0658993304
v 0.0104747139 0.939322311 0.0536745773
v 0.00972341611 0.932315768 0.073247465
v 0.0998617268 0.980074882 -0.0948742237
v 0.096803732 0.965503442 -0.0385958577
v 0.0209515576 1.01844036 -0.19228501
v 0.0773732874 0.991607228 -0.138335193
v 0.0915821451 0.998498759 -0.159661634
v 0.056778393 0.997074594 -0.145540362
v 0.12860322 0.971633849 0.0447904132
v -0.114857592 1.01327036 -0.0895302654
v -0.0713331072 0.963201567 -0.00802691178
v 0.0241745053 0.971224331 -0.0350589819
v -0.0338389202 0.958902925 -0.029217821
v -0.0280157438 0.949943655 -0.00614823075
v 0.0399063041 0.949863541 0.0311048125
v 0.0253247375 0.954839561 0.0202189375
v -0.0113933995 0.953816581 -0.0158531545
v 0.0852108104 0.938941093 0.0560087489
v 0.09559171 0.939300152 0.072747495
v -0.0493826643 0.967336528 -0.0335194252
v -0.0803026138 0.990994625 -0.136147033
v 0.030604034 0.976543346 -0.0550976776
v -0.0711706595 0.973580646 -0.05638889
v -0.0212770814 0.979294327 -0.0911942914
v -0.0439235757 0.974169713 -0.0672887513
v -0.102085491 0.982120483 -0.0867511076
v -0.0961682693 0.994410908 -0.144603061
v -0.10900413 0.973485152 -0.0379145578
v -0.0876174823 0.969525749 -0.0422932435
v -0.0604645423 1.01446333 -0.199532141
v 0.0807642891 1.1663943 -0.293449229
v -0.0242748584 1.12912506 -0.315113714
v -0.0341340697 1.14423628 -0.323207941
v -0.0518782783 1.15165275 -0.317318591
v 0.0528935762 1.15262065 -0.317296195
v -0.0756922978 1.13169765 -0.302004808
v -0.000687280968 1.1377394 -0.329202528
v -0.0435074163 1.2102314 -0.254491013
v -0.0228510338 1.21518962 -0.228210683
v -0.0369104323 1.21254016 -0.234072572
v -0.0818456022 1.18926083 -0.254484661
v -0.0654927945 1.19439701 -0.269129318
v 0.0674682445 1.19815314 -0.248228909
v 0.0487652911 1.20820825 -0.241507757
v -0.00707870322 1.21760601 -0.231444151
v -0.000610437989 1.22572966 -0.24532902
v 0.0708930969 1.17646071 -0.292987224
v -0.0822861097 1.1987491 -0.235877632
v 0.038263166 1.21308302 -0.25293818
v -0.161402296 0.983514028 0.284397099
v 0.16208848 0.984354367 0.296495291
v 0.0498216408 0.883753969 0.251134458
v 0.134293188 0.940130386 0.266343237
v 0.0865437033 0.890959984 0.246960913
v 0.113480857 0.910874406 0.266073181
v 0.155698734 0.972467443 0.280553789
v 0.103671904 0.897451288 0.273937887
v 0.071583066 0.880854091 0.269013767
v 0.164384539 0.987963671 0.276265428
v 0.0351605749 0.874184001 0.266338727
v 0.170752831 1.0054926 0.301345359
v 0.0530646086 0.878958575 0.268184949
v -0.156935825 0.974572228 0.295321225
v -0.125756235 0.934744512 0.269777792
v -0.168007177 0.997157119 0.284250286
v 0.101853768 0.899161093 0.256522295
v -0.165651741 0.990677583 0.299233896
v 0.00102302402 0.860347622 0.260982225
v 0.0183825338 0.866632509 0.263444103
v 0.115245152 0.911543805 0.277767675
v -0.0505906343 0.876016123 0.266614645
v -0.10971982 0.919371371 0.280624271
v -0.136397762 0.944356535 0.287592552
v -0.124064035 0.930831871 0.283953859
v -0.149607883 0.962986449 0.292390395
v -0.0969318981 0.914397027 0.255195686
v -0.0949704838 0.908409494 0.2773294
v -0.0225786679 0.867492033 0.244414935
v -0.0839016617 0.906345729 0.255902702
v -0.0348969698 0.866507818 0.263356824
v -0.141021905 0.952692712 0.272809918
v 0.123125367 0.92271048 0.280719612
v -0.0690921283 0.889462411 0.271120803
v -0.0176044917 0.86 0.26095211
v -0.171616917 1.04558194 0.310074325
v -0.173336449 1.02681009 0.306600433
v -0.159287224 1.08090328 0.317657062
v -0.0827130281 1.11763781 0.312958679
v -0.168510435 1.05181927 0.296509831
v -0.130320587 1.10398675 0.323911767
v -0.0930250454 1.11174849 0.326035039
v -0.147105389 1.09522433 0.321315868
v -0.0367689729 1.12154032 0.328628106
v -0.0743521547 1.1154758 0.32701718
v -0.154505971 1.08811022 0.301754922
v 0.0953342056 1.11026713 0.324851891
v -0.124250067 1.11069257 0.309030034
v 0.070625985 1.11926911 0.309226786
v -0.0485098606 1.12656524 0.305338966
v 0.00889968121 1.1289605 0.31358609
v 0.00119643301 1.12349075 0.329091088
v 0.143663148 1.1002637 0.303819467
v -0.0814031438 1.12274039 0.296714211
v 0.127221272 1.10976503 0.305209715
v -0.0178468919 1.12360598 0.329202528
v -0.163101592 1.07069431 0.298775698
v 0.108433222 1.11464721 0.307352343
v 0.0625638437 1.11630156 0.326726145
v 0.0892854597 1.11699094 0.308595625
v 0.173028679 1.02421113 0.304719422
v 0.118758526 1.10596922 0.323468803
v 0.148975344 1.09344321 0.319637965
v 0.17182148 1.0430194 0.308137278
v 0.0503879509 1.1230042 0.31001675
v 0.170764764 1.0234062 0.282818617
v -0.163443279 1.19251299 -0.134265492
v -0.172630704 1.01522385 0.284396055
v -0.129737634 1.19175752 -0.209275948
v 0.0283753681 1.22373628 -0.126348116
v -0.156303778 1.05242806 0.166938241
v -0.140511005 1.14411276 0.00765389725
v -0.136195598 1.1590753 -0.0114524153
v -0.156386054 1.07830723 0.0541470927
v 0.0984647576 1.18288733 -0.254293683
v -0.154519124 1.03086365 0.191206141
v 0.088323834 1.19425545 -0.240743522
v -0.18816698 1.17606113 -0.22975856
v -0.144585884 1.08738665 0.0835677006
v -0.162079407 1.03947787 0.24392324
v -0.155898445 1.07578905 0.246321638
v -0.160724891 1.06845555 0.262570986
v -0.0830165631 1.20673201 -0.197192067
v -0.0668570824 1.20579989 -0.227233576
v -0.164044556 1.1013609 -0.0515429457
v 0.158010123 1.09828784 -0.0250043954
v 0.0410969981 1.21413788 -0.220962344
v -0.176148483 1.18888113 -0.145137411
v -0.163062866 1.19342463 -0.155412499
v -0.134701483 1.11958433 0.0634980574
v -0.135064986 1.17164257 -0.25499366
v -0.117382205 1.18054468 -0.24819739
v -0.0512173951 1.21188658 -0.218852061
v -0.156019038 1.08774991 0.0176566428
v -0.15889927 1.07477786 0.0024167929
v 0.0868038967 1.12676109 0.280594121
v 0.118377399 1.11823141 0.288292678
v 0.154618575 1.08780486 0.303190457
v 0.161846181 1.07257611 0.292783919
v 0.183185265 1.18135552 -0.225963742
v 0.190159934 1.18788171 -0.208253423
v 0.161637712 1.10023431 -0.0493682753
v 0.154789257 1.03408132 0.187110443
v 0.153708033 1.04370014 0.17111167
v 0.149753421 1.06698372 0.0513409212
v -0.0988432818 1.18927691 -0.242238036
v 0.154411341 1.09498821 0.0334715738
v -0.116779231 1.16915264 -0.265030983
v -0.100242415 1.16750648 -0.276489944
v 0.131217015 1.17977152 -0.243182686
v 0.142603506 1.10862267 0.206733768
v 0.166157692 1.18767939 -0.218105427
v -0.0806851092 1.22166294 -0.0814843093
v -0.117879143 1.18856034 -0.22771477
v 0.159688369 1.19345829 -0.130608932
v -0.162546124 1.141351 -0.0570262668
v -0.16514116 1.19283255 -0.178450111
v 0.166209126 1.14840659 -0.0803352167
v 0.154667217 1.0825165 0.0113586516
v -0.035386134 1.21652458 -0.21405389
v -0.160658924 1.09021514 -0.0342309091
v 0.127367766 1.19516566 -0.19051638
v 0.188997567 1.17157245 -0.235956506
v 0.166414156 1.12755071 -0.0702847176
v -0.160903387 1.19267133 -0.198682145
v 0.0736260644 1.20300349 -0.230284902
v -0.156876294 1.16708916 -0.0782841827
v -0.136252655 1.18150411 -0.238005189
v -0.0308622855 1.21980508 -0.196072466
v -0.162698464 1.18778076 -0.112838706
v -0.175514856 1.17438707 -0.10428509
v -0.168629303 1.15967799 -0.0880713522
v -0.156823224 1.15893092 -0.0649708054
v 0.145698428 1.19150338 -0.0934299696
v -0.167700621 1.12994965 -0.0697453932
v -0.153336598 1.17308037 -0.245096852
v -0.153844088 1.14769714 -0.0369755885
v -0.121387132 1.1849906 -0.0322334254
v -0.134624589 1.16957459 -0.029632813
v -0.127281593 1.20456448 -0.0977052558
v -0.14496126 1.17270559 -0.0643911454
v -0.134073665 1.17886926 -0.0481114302
v 0.135023137 1.18017628 -0.0611188782
v 0.155809088 1.15569637 -0.0631239158
v -0.137558405 1.18759792 -0.222952294
v -0.120062824 1.19640865 -0.193389884
v -0.159590463 1.130905 -0.0362140433
v -0.162576059 1.11061452 -0.0351045525
v 0.15861895 1.16125346 -0.0787351702
v 0.137855465 1.16590649 -0.0300036586
v -0.171632057 1.03129212 0.296428876
v -0.165308369 1.05977651 0.280268026
v -0.0665070622 1.15370028 0.200107716
v 0.15563139 1.03314757 0.20406734
v -0.156254978 1.0449053 0.121211107
v 0.0198241851 1.15156168 0.225510437
v 0.124775421 1.13839365 0.133371382
v 0.0982352229 1.19893287 -0.207976904
v 0.131027593 1.19148378 -0.209235049
v 0.0416790906 1.22190911 -0.144478191
v 0.129806937 1.19845063 -0.172143048
v 0.12075845 1.20408075 -0.157567503
v 0.139858289 1.19873943 -0.159183949
v -0.150339651 1.16065891 -0.260375989
v 0.14185116 1.18779111 -0.222371797
v -0.157482763 1.09389132 -0.000609617772
v -0.152376699 1.10700046 0.0123818297
v 0.13773216 1.148639 0.00448219402
v 0.14798717 1.10287242 0.0523912476
v 0.155187793 1.11692973 -0.0154915749
v -0.0671711329 1.20920211 -0.205695
v -0.147326895 1.19795225 -0.144846206
v -0.131655214 1.20328342 -0.134688062
v -0.131336677 1.20146635 -0.155129892
v 0.167104975 1.19294613 -0.175577196
v 0.148319449 1.1940099 -0.178925168
v 0.159111663 1.19450612 -0.161028948
v -0.0106927617 1.22101384 -0.196599085
v -0.0172920213 1.21756949 -0.213813767
v 0.147823254 1.16961993 -0.070720202
v -0.159305326 1.07908066 0.281810261
v -0.169588768 1.0383521 0.27920237
v -0.158172404 1.05874936 0.244498034
v 0.152947929 1.05968067 0.118732348
v 0.15315924 1.09122346 0.286368842
v 0.159346902 1.0625995 0.252071693
v 0.134555077 1.12800418 0.201579541
v 0.137306824 1.12228193 0.220706048
v -0.157002366 1.12056455 -0.0178557585
v -0.14891031 1.0909916 0.0649333526
v -0.15205189 1.09286596 0.0483947515
v -0.134629717 1.12708935 0.206334568
v 0.0106215159 1.13873821 0.280442313
v 0.111201366 1.14373773 0.208518809
v 0.0697927548 1.20739245 -0.213033022
v 0.0340915895 1.21900617 -0.198160426
v 0.101026211 1.20987717 -0.158015554
v 0.0401422407 1.22011009 -0.177917628
v 0.0657680615 1.21865165 -0.140390765
v 0.051060255 1.21975512 -0.160883648
v 0.0639188187 1.22120251 -0.116519051
v 0.0200239346 1.22408115 -0.147603847
v 0.0240450971 1.22463282 -0.103033403
v 0.0443970844 1.22379002 -0.109422028
v 0.0401746364 1.22562253 -0.08869765
v 0.110316071 1.2093746 -0.141143745
v 0.0926826618 1.20860172 -0.176232175
v 0.0804250473 1.22035509 -0.103448869
v 0.142817279 1.20018519 -0.126198971
v 0.158960775 1.11668508 -0.0351394228
v 0.154351723 1.13405978 -0.0257836103
v -0.131124721 1.18900546 -0.065316879
v -0.145073815 1.18387914 -0.08004508
v -0.0584146596 1.22526491 -0.0810047097
v -0.127789783 1.19853689 -0.174473795
v -0.154536549 1.06005137 0.207107575
v -0.156465787 1.0388362 0.207455634
v -0.162088298 1.02665339 0.22516104
v -0.163780836 1.04921957 0.262045158
v -0.14122812 1.1021731 0.305341171
v 0.151746511 1.05135429 0.140098649
v 0.136239997 1.0950008 0.0952916235
v 0.125427367 1.11949768 0.0785111554
v 0.167611003 1.03992155 0.277363922
v -0.123592719 1.12041295 0.276630264
v -0.11189657 1.12961376 0.262802956
v -0.0627330175 1.12716833 0.290901464
v 0.155255563 1.07776598 -0.0120354686
v 0.100516743 1.2134861 -0.127791152
v 0.115778317 1.20970949 -0.0990752636
v 0.0996926157 1.21541779 -0.11120422
v 0.141171556 1.18491315 -0.0781693571
v -0.117024341 1.20377908 -0.162582715
v -0.021156649 1.22391191 -0.147847455
v -0.0898557927 1.20858948 -0.17985569
v -0.0012655264 1.22233795 -0.179720267
v -0.053282874 1.21914551 -0.163383026
v 0.0311502192 1.22271185 -0.16286984
v -0.0855926159 1.2168504 -0.128005569
v -0.0978347727 1.21512285 -0.117769286
v -0.0140496638 1.2242752 -0.11330775
v 0.00732858031 1.22419918 -0.117111841
v 0.00170167024 1.22468252 -0.0942745865
v -0.012749669 1.22342901 -0.163844002
v -0.0989789296 1.20059781 -0.200396504
v -0.146138917 1.19623047 -0.166635726
v -0.0989826382 1.20994637 -0.158809381
v -0.155320933 1.05015985 0.187192242
v -0.149114705 1.06861492 0.158904805
v -0.146586917 1.07318092 0.141874192
v -0.142869059 1.08458158 0.103847121
v -0.157493468 1.04922071 0.225834115
v -0.14314822 1.10799089 0.267733097
v -0.150952141 1.09239671 0.236840774
v -0.134154673 1.11081982 0.29015561
v 0.104228967 1.12849571 0.269610506
v 0.15408237 1.04651627 0.106364414
v 0.136489168 1.09728057 0.152141763
v 0.150426929 1.06359448 0.171036414
v 0.163943187 1.05835376 0.273344638
v 0.140223236 1.10766151 0.28722469
v 0.156376991 1.04962989 0.216777318
v 0.149989367 1.08560608 0.225260446
v 0.155321625 1.08234093 0.244237657
v -0.152802695 1.07291452 0.0904734867
v -0.0781737527 1.1287613 0.278232933
v -0.00744100374 1.14030749 0.274691853
v -0.0282781283 1.13188752 0.300168148
v 0.151857087 1.11801431 0.000900279895
v 0.145526004 1.13173876 0.0142012674
v -0.0430049877 1.21953763 -0.179045796
v -0.0752692429 1.21489514 -0.163668792
v -0.0338671685 1.22240008 -0.162889535
v -0.0411020695 1.22184734 -0.146434415
v -0.00750740408 1.22415058 -0.132328422
v -0.152365837 1.06556074 0.127440194
v -0.145381966 1.10755805 0.249586059
v -0.148414162 1.0780736 0.205578526
v -0.144915341 1.09309946 0.214898457
v -0.107994901 1.15163351 0.194087335
v 0.138463151 1.11335448 0.262045382
v 0.150473223 1.0967218 0.265436652
v 0.136606169 1.11973432 0.242959486
v 0.124581442 1.13468274 0.215931927
v 0.145859508 1.10539862 0.229716642
v 0.148939302 1.07383911 0.18995729
v 0.147127577 1.08207426 0.205619872
v 0.123521977 1.13023551 0.235018966
v 0.145100893 1.09423327 0.211827968
v 0.137281064 1.1008104 0.173046917
v 0.137285107 1.11400013 0.186092507
v 0.146122871 1.0747722 0.152033305
v 0.132105808 1.13450838 0.179283858
v 0.143735352 1.08365931 0.171060927
v 0.142271271 1.08486281 0.133346332
v 0.148097382 1.06517435 0.134915068
v 0.154413112 1.06535136 0.0964497901
v 0.154618753 1.07310894 0.073314788
v 0.154009879 1.05239882 0.193006071
v -0.150701422 1.10271442 0.0334651951
v -0.156373606 1.08233978 0.0360596767
v -0.154282152 1.07494442 0.0724806482
v -0.157786322 1.05534563 0.0792461877
v -0.0242416465 1.1381558 0.279191092
v -0.100115789 1.12536633 0.283179611
v -0.00558120643 1.13473659 0.295301499
v 0.0178101522 1.13293604 0.29761732
v 0.0291032459 1.12681264 0.311865923
v 0.136837377 1.11143629 0.0677525019
v 0.128205254 1.13412693 0.151962972
v 0.147543353 1.11431988 0.0332341158
v 0.139944455 1.12941575 0.0337468166
v 0.139877877 1.11997127 0.0497872324
v -0.0935019633 1.21794027 -0.0978437463
v -0.0278599386 1.22365896 -0.130112079
v -0.133961177 1.09837251 0.114689235
v -0.155458676 1.05410986 0.147311153
v -0.145103113 1.08119411 0.172374115
v -0.132178617 1.11046631 0.151963473
v -0.142287237 1.11386447 0.225207319
v -0.130937932 1.1215192 0.257313854
v -0.120007043 1.13183778 0.244041864
v -0.134097578 1.12207475 0.240356187
v 0.00206134304 1.15002766 0.239490805
v 0.092231188 1.13522716 0.253727055
v 0.137031287 1.09057643 0.113648435
v 0.128643921 1.10982493 0.108208702
v 0.132470808 1.10337852 0.129392959
v 0.00586939959 1.14428198 0.260567491
v 0.144371056 1.09301781 0.0746559929
v 0.130339422 1.10739307 0.0857936252
v 0.126376942 1.12573291 0.0634887687
v 0.0090605404 1.2244758 -0.0719147964
v -0.152443477 1.06779807 0.111814206
v 0.0559136415 1.14779008 0.219318713
v -0.130706199 1.13871982 0.0366218073
v -0.0903172689 1.14311736 0.231109081
v -0.109527607 1.14026521 0.228516835
v -0.0402500085 1.13947635 0.263407782
v -0.0380479962 1.14550625 0.242413405
v -0.0529895147 1.14540726 0.232916699
v 0.126249533 1.14257131 0.166116033
v 0.119022598 1.14302783 0.0973736406
v 0.121112356 1.15177952 0.15392014
v 0.122705569 1.13102951 0.112647588
v 0.11865829 1.13417303 0.0826587977
v 0.123235692 1.12386697 0.0943801808
v -0.0360415062 1.22403767 -0.112771912
v 0.0217071845 1.22509399 -0.0845446826
v 0.0331683477 1.22523859 -0.0664059141
v 0.0731175771 1.21899207 -0.0410935693
v 0.0833136266 1.21765869 -0.123372242
v 0.0743250291 1.22257071 -0.0618444114
v 0.105338728 1.21247385 -0.0584820154
v 0.0965324863 1.21728957 -0.0909722315
v -0.0599107695 1.22230663 -0.0489730976
v 0.0345468474 1.22193935 -0.041793753
v 0.0163183316 1.21966395 -0.0333789748
v 0.00254761941 1.22088786 -0.0428346018
v 0.0152841068 1.22266157 -0.0523979866
v 0.0901546277 1.21760728 -0.050609086
v 0.110411393 1.21103041 -0.0787653565
v 0.0929340626 1.21868868 -0.0704390848
v 0.120829197 1.19485854 -0.0541352277
v 0.0736004107 1.21508908 -0.0206421385
v 0.129463772 1.20068673 -0.0847409839
v 0.119807481 1.2029022 -0.0690332877
v -0.127383216 1.13128329 0.225627231
v -0.151841312 1.0721511 0.226105116
v 0.0462276177 1.13339581 0.273902633
v -0.126017998 1.13449497 0.0530127918
v -0.101232068 1.13674719 0.24714027
v -0.136814355 1.10156799 0.170780375
v 0.0225864154 1.14578831 0.24562213
v 0.116939707 1.14642843 0.188171494
v 0.108316849 1.17492027 0.0486107351
v 0.0554642043 1.21273995 -0.00767229755
v 0.0922159195 1.21414298 -0.0307315217
v -0.124019106 1.15106302 0.0243695291
v -0.114161392 1.14998984 0.0659350269
v -0.122556672 1.1321899 0.0682319267
v -0.121200016 1.1299363 0.0940874934
v -0.116539957 1.15021434 0.0444623711
v -0.0592547488 1.13931942 0.25032737
v -0.0702054551 1.14368699 0.232483241
v -0.0811931361 1.13823992 0.248346809
v -0.0585191089 1.14923204 0.216978305
v -0.0392245874 1.15073378 0.222211379
v -0.0191712292 1.15141118 0.231239215
v -0.0739485044 1.13408269 0.2626065
v -0.0593843081 1.13334866 0.271399873
v 0.0420355101 1.14040195 0.251728098
v 0.109431425 1.16905792 0.112841983
v 0.0883368683 1.18704213 0.0846744024
v 0.108967328 1.17462586 0.0788492073
v 0.120105173 1.15240092 0.115413037
v 0.122118974 1.18049516 -0.0243321675
v 0.0367518411 1.15218591 0.212641438
v 0.0338748197 1.15689595 0.197301553
v 0.0762336999 1.13814212 0.247182685
v 0.0579027044 1.14169006 0.238987581
v 0.0616656496 1.13523893 0.258535163
v -0.0803476022 1.21509896 -0.0252333928
v -0.0941568089 1.21395882 -0.0376207606
v -0.116031374 1.14440153 0.20783896
v -0.0219324963 1.15666882 0.210332088
v -0.0437062365 1.15611034 0.200178657
v -0.0787767337 1.14880147 0.214917192
v -0.000482168167 1.15579521 0.218412017
v -0.0243707333 1.16100861 0.193179893
v -0.0029853695 1.16161024 0.196414058
v -0.0584383186 1.16010448 0.180315215
v -0.0152723113 1.16566947 0.178918903
v -0.0773340408 1.16216512 0.169552549
v 0.011302616 1.18511515 0.104068601
v -0.0331238522 1.17266338 0.145937803
v 0.00451266594 1.16670248 0.176457622
v -0.024753943 1.16901289 0.162823636
v 0.0179054085 1.15705198 0.206450809
v 0.0196915588 1.16155188 0.188312089
v 0.0100242759 1.17535716 0.140887064
v 0.0239666655 1.16591443 0.169948268
v 0.101211667 1.17024197 0.129203024
v -0.0216352844 1.17803199 0.13096736
v -0.108091136 1.17009221 0.0554216062
v -0.101529074 1.18665131 0.0710961329
v -0.00408183691 1.17878568 0.131507245
v -0.0106742844 1.17428176 0.147834631
v 0.100508659 1.17539921 0.110203904
v 0.129429147 1.19233967 -0.0695488381
v 0.152806211 1.15001633 -0.0406174053
v 0.149790571 1.1347644 -0.00562767974
v 0.0739472822 1.15577187 0.191271532
v 0.0743242295 1.15039379 0.20875572
v 0.0397886298 1.16030479 0.182038933
v -0.0774620617 1.15694062 0.18733755
v -0.0988417097 1.14747703 0.212868365
v -0.00758744139 1.16983852 0.164747935
v 0.00789880304 1.17095489 0.158385809
v -0.0246414967 1.19665522 0.0626915797
v 0.0430859882 1.16545028 0.163236813
v 0.0882076558 1.16899045 0.14412942
v 0.117672275 1.1919882 -0.0370537427
v 0.0902965927 1.21269782 -0.0177583061
v 0.103576291 1.18423482 0.0116184398
v 0.0979576636 1.19967338 0.00397275827
v 0.127563924 1.16593364 -0.00730644781
v 0.112282194 1.17067213 0.0049359399
v 0.0998482756 1.19371589 -0.00703870238
v 0.144676706 1.15094238 -0.0168775822
v 0.117402225 1.14998407 0.0358797266
v 0.101363869 1.19054033 0.0262864317
v 0.104610352 1.18487796 0.0341674892
v 0.116440077 1.14237518 0.061267712
v 0.110534181 1.15990979 0.0442677575
v 0.0949113428 1.15284732 0.196049851
v 0.0849177472 1.15953411 0.176831464
v 0.0759799823 1.16536406 0.159367402
v 0.0957019136 1.16302407 0.161061933
v 0.0455388518 1.17079524 0.144748683
v 0.0666879287 1.17136145 0.139521682
v 0.0110865144 1.18000694 0.12302287
v -0.0519829393 1.17740657 0.121369114
v -0.03243879 1.18092714 0.116318522
v 0.0586909669 1.16666471 0.156652282
v 0.083987309 1.17945271 0.110275648
v 0.0723924686 1.18388409 0.0970022559
v 0.128613196 1.13448252 0.0445746179
v 0.0945506286 1.18874994 0.0694356549
v 0.0719832959 1.19025724 0.0756589122
v 0.0992925739 1.18986751 0.0575392157
v 0.0569067504 1.20721913 0.0134505917
v 0.0493389888 1.19805693 0.0482327387
v 0.0881641102 1.20356358 0.0221999641
v 0.0376910772 1.2111097 0.00533574464
v 0.0415681515 1.20606017 0.0220622225
v 0.0900453663 1.19902875 0.0385961751
v 0.0123276992 1.21658424 -0.0174577605
v 0.11150935 1.1558966 0.160721921
v 0.10650548 1.15599125 0.175716197
v 0.105997933 1.16291989 0.14707664
v 0.0359130824 1.20203515 0.0374059956
v 0.0324918935 1.19701275 0.0558308501
v 0.0170875605 1.21323349 -0.000767703491
v 0.0510780138 1.18749677 0.0854999556
v 0.0285901598 1.17550713 0.133246126
v 0.0670735117 1.17781007 0.117907484
v 0.0307419747 1.18605217 0.0951788484
v -0.130826502 1.19956674 -0.0818928277
v -0.0577620087 1.22227537 -0.113061179
v -0.069096592 1.22277462 -0.0974947323
v -0.050057607 1.21990829 -0.0343857609
v -0.046419609 1.22470342 -0.0966296919
v -0.0995222706 1.21638011 -0.0800920159
v -0.0272711482 1.22387742 -0.0582055909
v -0.0931851863 1.21887088 -0.0661402498
v -0.119487943 1.19562377 -0.0493760682
v -0.107744849 1.18959758 -0.0202611991
v -0.104694807 1.18785625 -0.00321560098
v -0.0810472028 1.21900636 -0.046516557
v -0.110784852 1.17470265 0.00526999701
v -0.141464747 1.09248706 0.191873538
v -0.133378176 1.12453005 0.169429278
v -0.141376032 1.10885922 0.204619723
v -0.126175063 1.13975525 0.167001853
v -0.140703847 1.08836349 0.152083618
v -0.134033808 1.10083918 0.134116416
v -0.127568394 1.12099171 0.134242976
v -0.129136945 1.11607838 0.0832170419
v -0.128574394 1.11241894 0.120737499
v -0.126896144 1.11376046 0.104238668
v -0.0387567788 1.21740839 -0.0194516617
v -0.115542214 1.15792337 0.140571414
v -0.11946444 1.14758882 0.105409668
v -0.115423839 1.15631559 0.086704341
v -0.110730991 1.17062117 0.0761115019
v -0.102662194 1.1796706 0.0953239285
v -0.0795558426 1.18514743 0.0924443845
v -0.098529253 1.1965321 0.036170052
v -0.110652937 1.1680777 0.0212281293
v -0.0590188999 1.19302238 0.0629771834
v -0.000583001633 1.20534136 0.0283860627
v -0.0384312055 1.18816206 0.0880868461
v -0.0803254817 1.20188722 0.0322151536
v -0.0576046937 1.18670503 0.0855577829
v -0.0612248968 1.19869267 0.0423565847
v -0.0973170853 1.20024839 0.0216310852
v 0.0297697603 1.18064256 0.114661877
v 0.0478474054 1.17600296 0.126188097
v -0.00647662266 1.19393314 0.0727729479
v 0.0120090551 1.19038771 0.0843083531
v 0.0153348621 1.20137544 0.0431261557
v -0.0808421025 1.20629874 0.0144909794
v -0.00399642267 1.21423315 -0.00742095463
v -0.0450033241 1.21183559 -0.000877770021
v 0.0212965209 1.20732951 0.0210669475
v -0.0807114035 1.21045207 -0.00447062998
v -0.0327480488 1.20941353 0.0146020894
v -0.0981233406 1.20609203 -0.0148934624
v -0.0635250412 1.20882288 0.00512853659
v -0.0135265261 1.2098834 0.0123864629
v -0.102423218 1.21030208 -0.0495838839
v -0.0607159447 1.21444012 -0.0161839357
v -0.0275522489 1.20109263 0.0460475948
v 0.00362774967 1.20985437 0.0107228389
v -0.000921159491 1.21826284 -0.0279267324
v -0.0258845096 1.18633583 0.099141712
v -0.00682841316 1.18873914 0.0927221021
v -0.00455221688 1.22300633 -0.0575157888
v -0.0359621824 1.22594528 -0.0788907753
v -0.013589154 1.22094136 -0.0416076882
v -0.0192279124 1.21804054 -0.0233404029
v -0.0320387176 1.22091359 -0.0379075384
v -0.0133246519 1.22469495 -0.0762710377
v -0.128442132 1.13145276 0.151028408
v -0.123976496 1.14320712 0.130902903
v -0.101147604 1.17600919 0.119045722
v -0.0456589177 1.18320323 0.102701101
v -0.0850004333 1.17885288 0.113532921
v -0.0880454139 1.1723827 0.134402655
v -0.111383768 1.16904092 0.10126045
v -0.109918308 1.16159838 0.158476357
v -0.0706234616 1.17410848 0.128534925
v -0.116481924 1.15246723 0.170254454
v -0.0392466282 1.17599988 0.131217783
v -0.0919388564 1.16584967 0.15512861
v -0.0960849171 1.15864198 0.177326204
v -0.12140146 1.14867063 0.153218392
v -0.124004939 1.12813755 0.115409223
v -0.113833358 1.16138802 0.122672013
v -0.227577591 1.08457625 -0.0167837621
v -0.249677982 1.0618766 -0.0263358679
v -0.262071495 1.04973266 -0.0342468349
v -0.316492787 1.08427023 -0.0738730975
v -0.297717323 1.04843638 -0.0559960658
v -0.314794969 1.13092404 -0.0583170353
v -0.281460533 1.0437986 -0.0466923233
v -0.260608997 1.15019284 -0.0101711692
v -0.257240055 1.04814501 -0.0495724339
v -0.292094739 1.05624002 -0.0743892206
v -0.274886626 1.04633013 -0.0621108056
v -0.320798082 1.10288169 -0.070223714
v -0.32559885 1.10944296 -0.0599583831
v -0.310777281 1.12619678 -0.0722671827
v -0.307401562 1.14171844 -0.0411316392
v -0.292491035 1.14738586 -0.0303600069
v -0.235610388 1.12502771 -0.0135656446
v -0.24518724 1.14820048 -0.0179845652
v -0.246761589 1.13750234 -0.00618005913
v -0.233583984 1.10227414 -0.0123379854
v -0.25252001 1.14950645 -0.0152013887
v -0.274741397 1.15452112 -0.0398904458
v -0.303725678 1.13881624 -0.0635680657
v -0.322665558 1.08130358 -0.0645271173
v -0.229201287 1.12108128 -0.022732139
v -0.237093143 1.11583281 -0.00893831072
v -0.202718114 1.17909558 -0.132143476
v -0.22431568 1.07254601 -0.046006951
v -0.181043446 1.18266575 -0.126722569
v -0.192130447 1.18508872 -0.147639321
v -0.235637339 1.15859421 -0.193268449
v -0.212821803 1.05973742 -0.0793784475
v -0.241010124 1.06338359 -0.126831836
v -0.210743332 1.18015903 -0.152533493
v -0.186438147 1.07335448 -0.0831694039
v -0.186756527 1.08425376 -0.0657764592
v -0.231131242 1.17089123 -0.12234023
v -0.191146377 1.06428848 -0.134570966
v -0.189910235 1.06408038 -0.100785765
v -0.206140295 1.0672101 -0.151450456
v -0.187285814 1.17045247 -0.0912207478
v -0.22651914 1.14689965 -0.218799228
v -0.215016371 1.1071853 -0.0449189871
v -0.206612594 1.17196728 -0.222167867
v -0.189310993 1.12152907 -0.0605893402
v -0.207839654 1.12799344 -0.0558714789
v -0.190775674 1.18689646 -0.209527435
v -0.20179938 1.18530656 -0.188718672
v -0.201769981 1.1638533 -0.239237329
v -0.225482253 1.13731059 -0.0316085511
v -0.207669907 1.16954011 -0.0754896856
v -0.198743543 1.18676385 -0.167402754
v -0.222922572 1.17196584 -0.190999594
v -0.266354981 1.15120048 -0.126671848
v -0.214429423 1.17551178 -0.1177388
v -0.221109103 1.17461254 -0.137608965
v -0.220810036 1.14924687 -0.0418351129
v -0.209758954 1.17379459 -0.0972174512
v -0.258656251 1.16102848 -0.106464722
v -0.170380717 1.08626644 -0.0790245996
v -0.273454252 1.11983774 -0.142326512
v -0.220314047 1.13278009 -0.228059187
v -0.240224769 1.1663966 -0.0675011677
v -0.222236507 1.11500563 -0.220332133
v -0.212694676 1.07452473 -0.173774617
v -0.232546038 1.13084603 -0.213220254
v -0.246551429 1.14795445 -0.181927238
v -0.186086423 1.15567511 -0.0746723673
v -0.234393062 1.15419181 -0.0318225433
v -0.228031043 1.17051883 -0.0858192468
v -0.238075157 1.14556169 -0.202581404
v -0.233385365 1.16595997 -0.177215856
v -0.244586776 1.15974625 -0.162254702
v -0.25404017 1.11629446 -0.181310889
v -0.257289338 1.13031892 -0.173542607
v -0.233059997 1.11531027 -0.21013814
v -0.273796421 1.05199523 -0.0801345852
v -0.201002514 1.06962633 -0.0708991132
v -0.21072731 1.05772531 -0.1036937
v -0.234856336 1.05236021 -0.07369872
v -0.229391479 1.05445787 -0.0971872867
v -0.271776425 1.06896678 -0.110193488
v -0.227102686 1.05934505 -0.117661663
v -0.244045631 1.07259616 -0.141277565
v -0.258392695 1.16126984 -0.0714175094
v -0.274128492 1.15541097 -0.0616432901
v -0.246141683 1.09478171 -0.177587843
v -0.24854712 1.08378324 -0.158397623
v -0.222616354 1.09829033 -0.209867504
v -0.218086806 1.08566491 -0.19279933
v -0.249820934 1.0489923 -0.0695487505
v -0.205539659 1.07761676 -0.0561872076
v -0.195947006 1.06099406 -0.117363508
v -0.253905735 1.05169346 -0.087594033
v -0.270898136 1.08152728 -0.124560706
v -0.299592942 1.13246714 -0.0827977632
v -0.298508213 1.09944794 -0.10194099
v -0.208011204 1.08473696 -0.213077227
v -0.200518707 1.0773672 -0.190098183
v -0.230618157 1.08149438 -0.175971805
v -0.285976757 1.0647772 -0.0943848351
v -0.24550224 1.05907618 -0.109290488
v -0.228189344 1.0727335 -0.157321785
v -0.248709018 1.16408605 -0.124934301
v -0.285950612 1.09026803 -0.115924936
v -0.265364906 1.14400669 -0.146105259
v -0.276439747 1.09292853 -0.134040067
v -0.26741974 1.13099256 -0.155071098
v -0.274569366 1.13658499 -0.136708438
v -0.262398159 1.08347235 -0.141393438
v -0.271931422 1.1034257 -0.147374412
v -0.279629966 1.13895334 -0.117517558
v -0.28436012 1.1258387 -0.12784966
v 0.189270206 1.08757494 -0.0611517519
v 0.206764297 1.17501272 -0.217542132
v 0.179769847 1.15412576 -0.0776596945
v 0.209831072 1.1558104 -0.0544049669
v 0.213413593 1.14073892 -0.043406469
v 0.193743275 1.16134675 -0.0727889878
v 0.274422919 1.15524721 -0.0572019309
v 0.189896763 1.12931375 -0.0662031582
v 0.244643022 1.13795292 -0.195285565
v 0.21134862 1.17892131 -0.14715246
v 0.211773447 1.17739857 -0.201992301
v 0.200121669 1.18641794 -0.168546916
v 0.234077979 1.14713098 -0.208275021
v 0.182121235 1.19161205 -0.181657747
v 0.285407897 1.054594 -0.0792675146
v 0.223145242 1.16164092 -0.212830316
v 0.224528807 1.14731998 -0.221123983
v 0.282010759 1.1259286 -0.129920965
v 0.218586227 1.17741785 -0.166054425
v 0.175912127 1.18358814 -0.125908924
v 0.218949719 1.07637704 -0.0462169956
v 0.205551422 1.09081587 -0.0476540811
v 0.208227708 1.17575812 -0.112502013
v 0.219770349 1.17285271 -0.101321413
v 0.188927074 1.18581361 -0.146468057
v 0.19100737 1.0655667 -0.123964505
v 0.176200071 1.07320822 -0.113445132
v 0.169895134 1.08747592 -0.0811601587
v 0.213412726 1.07905433 -0.194683386
v 0.237871842 1.08016908 -0.165694673
v 0.22222514 1.07176301 -0.161840341
v 0.198946414 1.07486945 -0.205276923
v 0.189792196 1.17635496 -0.108831103
v 0.17238884 1.08070616 -0.093576659
v 0.197690135 1.18712285 -0.190825869
v 0.230700351 1.16996364 -0.15603135
v 0.215962625 1.17830049 -0.18337794
v 0.192370729 1.14597055 -0.0664122534
v 0.204101136 1.17235113 -0.0888726883
v 0.245882001 1.16436875 -0.088121959
v 0.228176467 1.1712336 -0.136176203
v 0.207343471 1.07211651 -0.175609936
v 0.224324559 1.07966809 -0.179905118
v 0.187613827 1.0697297 -0.103719982
v 0.23362382 1.14991895 -0.0311143076
v 0.214877023 1.11024081 -0.044309358
v 0.22164861 1.15508813 -0.0452659747
v 0.234174981 1.16110729 -0.0469677506
v 0.222412682 1.16230294 -0.0557299164
v 0.226035928 1.17049917 -0.0859875433
v 0.252277184 1.16149742 -0.0523031402
v 0.293480435 1.14531124 -0.0683814188
v 0.243114881 1.16474384 -0.123198565
v 0.257862771 1.12095397 -0.174442157
v 0.242288842 1.15420193 -0.185089686
v 0.227724266 1.12985775 -0.219373626
v 0.299350984 1.12727898 -0.0978466558
v 0.266354781 1.11581352 -0.157364813
v 0.251144214 1.09183035 -0.167723073
v 0.239098188 1.12384005 -0.205723615
v 0.233966119 1.10074957 -0.198123621
v 0.224273856 1.09150193 -0.199558716
v 0.213009457 1.10056615 -0.216323843
v 0.205470028 1.10574712 -0.234966616
v 0.241406111 1.06592264 -0.128553205
v 0.23773913 1.07355458 -0.147625678
v 0.250225386 1.08258729 -0.153438223
v 0.237786969 1.09045259 -0.182554578
v 0.224209061 1.05729374 -0.1234219
v 0.223037135 1.06394029 -0.142946731
v 0.204370523 1.06444039 -0.159498304
v 0.25943766 1.10549901 -0.170575987
v 0.18026711 1.06802855 -0.135970344
v 0.214160497 1.06121426 -0.0782340981
v 0.278394817 1.14530617 -0.118430953
v 0.292258089 1.07860141 -0.0990843736
v 0.275483363 1.08274596 -0.132591909
v 0.261135042 1.15545358 -0.13293906
v 0.2455683 1.16317594 -0.144710974
v 0.234994802 1.16697033 -0.0677866756
v 0.26325833 1.13833203 -0.159358491
v 0.259323246 1.14976529 -0.153873131
v 0.271723561 1.15255363 -0.107404759
v 0.253872291 1.16082406 -0.106773171
v 0.258560203 1.16018985 -0.0725662513
v 0.277857986 1.15207686 -0.078395593
v 0.288984267 1.14019397 -0.105375418
v 0.279887094 1.14966753 -0.094221917
v 0.27437986 1.10733934 -0.137116992
v 0.302256832 1.0617834 -0.073360991
v 0.262045814 1.07241008 -0.122024828
v 0.280467078 1.09414272 -0.122360077
v 0.203784041 1.06122717 -0.113706328
v 0.200168987 1.06583097 -0.0932718045
v 0.217137736 1.05668234 -0.102920417
v 0.251696305 1.05519015 -0.0983648586
v 0.233308278 1.05289576 -0.0910176524
v 0.236645804 1.05674705 -0.114065903
v 0.27052084 1.04660412 -0.0653384336
v 0.247950721 1.04971077 -0.0747785904
v 0.288803902 1.06397833 -0.094216316
v 0.219114184 1.06454269 -0.058839193
v 0.307716314 1.1306122 -0.0776250161
v 0.271180129 1.12761538 -0.148577338
v 0.231920271 1.05509366 -0.0651590795
v 0.281185522 1.07473306 -0.117223528
v 0.303878778 1.0903867 -0.0917338664
v 0.324516602 1.114788 -0.0597292471
v 0.235726318 1.1006833 -0.014956248
v 0.239785538 1.1141097 -0.0116232937
v 0.259507887 1.05087609 -0.0350429216
v 0.309356699 1.13940795 -0.044423473
v 0.263383243 1.15860698 -0.0402952599
v 0.308599441 1.13684676 -0.060298689
v 0.260319157 1.15118311 -0.0109467759
v 0.317693545 1.11849269 -0.0684571749
v 0.247536043 1.05144819 -0.0529314564
v 0.291807728 1.14883374 -0.0311039883
v 0.324975528 1.10075815 -0.0633584477
v 0.320744476 1.07729493 -0.0661836367
v 0.262772236 1.04717437 -0.0460057508
v 0.245691175 1.15527261 -0.0293201107
v 0.227917938 1.11739841 -0.0261582532
v 0.2805192 1.15283657 -0.0230872049
v 0.293382565 1.14770744 -0.0499023109
v 0.242200355 1.06244184 -0.0343736571
v 0.316561047 1.09632104 -0.0759438078
v 0.223876237 1.08842111 -0.03238583
v 0.246210461 1.06533462 -0.0266839539
v 0.309784899 1.11272838 -0.0857380497
v 0.310717223 1.0763969 -0.0767877462
v 0.231950216 1.0798619 -0.0330519285
v 0.280757275 1.04402489 -0.0484447993
v 0.279478094 1.04654596 -0.0594934203
v 0.169960451 1.00726559 0.266902054
v 0.164564237 0.995129737 0.229255321
v -0.0429938308 0.894491196 0.186821301
v 0.0960137974 0.906072773 0.209273355
v 0.158680471 1.08129908 -0.0364174697
v -0.154670748 0.9759628 0.232671511
v -0.162264974 0.9858212 0.268433072
v 0.145976872 1.05341489 0.064593309
v 0.137984457 1.05128448 0.0465371936
v 0.145199898 0.956326707 0.253564839
v 0.156602889 0.973287717 0.247564822
v 0.140626138 0.95179286 0.232677726
v 0.149349092 1.02252377 0.135493597
v 0.0447057999 0.889341381 0.232757284
v 0.0302037206 0.880711533 0.244014018
v 0.145715833 1.02905828 0.114997405
v 0.0747843432 0.900778591 0.196051466
v 0.161799349 1.08364088 -0.0591366434
v 0.15451703 1.03398229 -0.110313906
v 0.131577549 0.938757112 0.245370149
v -0.155311845 1.03236838 -0.134479473
v -0.160580901 1.046699 -0.126342103
v 0.156845671 1.06558991 -0.0269717157
v -0.0731377275 0.905200947 0.235186793
v 0.108373043 1.14613678 -0.287935158
v -0.00781370431 0.871481169 0.226636719
v 0.0667978751 0.889625693 0.235899021
v 0.188315082 1.06820005 -0.206329404
v -0.154184954 0.973686644 0.253659956
v 0.130716289 1.16768288 -0.260127738
v 0.172551238 1.05327764 -0.196097822
v 0.183419805 1.0597526 -0.171316874
v 0.066189832 1.07732068 -0.280260176
v 0.109851753 1.05895539 -0.252802733
v 0.117777411 1.1595656 -0.274108332
v -0.107260257 0.923043559 0.241889875
v 0.0392308663 0.892793891 0.218083106
v -0.0835090295 0.916045823 0.218538883
v -0.122117827 0.933660867 0.248121796
v -0.0477090795 0.884410242 0.229925309
v -0.145447381 0.960334276 0.259007408
v 0.146135892 0.957184567 0.273960094
v -0.0407941242 0.874801704 0.246679994
v 0.158544907 0.976449091 0.230381578
v -0.139812322 1.02631796 0.093891337
v -0.148725773 1.0289861 0.140278842
v -0.141057494 1.02091485 0.111093802
v 0.0754911902 1.13151658 -0.302023014
v -0.164937378 1.00922323 0.213667612
v -0.0662066571 0.906399459 0.213596323
v -0.154797351 0.978017087 0.214266045
v -0.0937359481 1.12665914 -0.294266892
v -0.157673139 1.07875303 -0.0512983037
v 0.0122270504 0.874625038 0.233814212
v -0.193415499 1.06949868 -0.170475288
v -0.156714316 1.03450285 -0.112663247
v 0.0053100006 1.07472628 -0.277302857
v 0.111871355 0.911812244 0.250146116
v -0.012667256 1.11276806 -0.308205841
v 0.0261932391 0.892224302 0.20786396
v -0.0930940819 1.14644389 -0.296155152
v 0.0541147985 0.904237714 0.184363444
v -0.100914427 1.15506174 -0.287318501
v 0.042239484 1.10300833 -0.29727997
v 0.0419463835 1.13388543 -0.314055944
v -0.132888021 0.947279007 0.23386888
v -0.154438648 1.03184061 -0.0940291834
v -0.185039278 1.06635255 -0.186066121
v -0.200034688 1.15109648 -0.248341114
v -0.185021808 1.16316709 -0.246313698
v -0.0592549351 0.896539199 0.22531822
v -0.159994897 1.08014579 -0.0767033671
v -0.0285443049 0.874707856 0.228105439
v 0.0864074422 0.895223514 0.229181602
v -0.14447223 0.960630686 0.241309104
v -0.117571757 0.935184017 0.211728446
v -0.119547998 0.93419117 0.228444657
v -0.0910197977 0.915139936 0.237825288
v 0.0178346277 0.924664111 0.106229365
v 0.203645085 1.12725762 -0.243825117
v -0.146778732 0.986658408 0.113101582
v -0.147310775 1.14377347 -0.271076172
v -0.178052085 1.1185722 -0.250552521
v 0.134362337 0.993219534 0.0623520415
v -0.146686539 1.03662036 0.105726213
v -0.119300058 0.947637828 0.144226308
v -0.167172995 1.00642191 0.233535614
v -0.169369237 1.0115897 0.253730669
v -0.0876771169 1.05640197 -0.259110267
v -0.191094745 1.07505526 -0.206260656
v 0.166991375 1.00790631 0.248688437
v 0.16471667 1.00344188 0.234966825
v 0.164352415 0.989581511 0.241111424
v 0.15478435 1.01300246 0.205162981
v 0.111299011 0.926152042 0.178142135
v -0.0612402135 1.09617829 -0.292050003
v -0.112056448 1.12233389 -0.28619961
v 0.0207149412 1.09848332 -0.295662659
v -0.0413960397 1.09822713 -0.295164625
v -0.0220892931 0.888729312 0.179087765
v 0.0264081663 0.88627979 0.225188342
v 0.0118844947 0.889000218 0.19373439
v 0.0302679933 0.899930281 0.190611429
v 0.0442494453 0.89795291 0.204339397
v 0.055004904 0.893956747 0.218552175
v 0.0604470763 0.898248551 0.203841689
v 0.0646454026 0.908204061 0.165604846
v 0.0968488728 0.911304262 0.18971729
v -0.048922742 0.892460868 0.208312671
v -0.008035906 0.882681846 0.195376711
v 0.0987841606 0.992073137 -0.137401033
v 0.148377936 1.06546933 0.00460506292
v 0.189225758 1.13961394 -0.2480374
v 0.182841562 1.11689124 -0.249868045
v 0.157692841 1.15359836 -0.261354973
v -0.130697868 1.13789687 -0.281698802
v -0.171111208 1.13520656 -0.26324812
v -0.188765563 1.13480332 -0.250875705
v 0.159651632 0.979691435 0.212512823
v 0.156070837 0.976220282 0.199456044
v 0.135376197 1.03994448 0.0592739393
v 0.141579217 1.04434165 0.0110439598
v 0.127104861 1.02724192 0.0112167508
v 0.150524505 1.00960699 0.175377565
v 0.171899386 1.12939026 -0.255881141
v 0.155320108 1.08738208 -0.253358823
v 0.176225304 1.05641636 -0.131396547
v -0.158377578 1.01883147 0.206288757
v -0.15269877 1.03323057 0.17249572
v -0.192777113 1.08917675 -0.234657907
v -0.162873041 1.05954198 -0.216866641
v -0.142463194 1.07034677 -0.246930067
v 0.118082091 0.921743715 0.23830507
v 0.136831951 0.948858532 0.214775838
v 0.112817774 0.919088136 0.219151147
v 0.111303336 0.921302304 0.199221072
v -0.0642060902 1.07742286 -0.280114013
v -0.0808031616 1.07300732 -0.276364018
v -0.108533835 1.14055578 -0.28905323
v -0.0953816537 1.10780149 -0.288554955
v -0.11874206 1.08627741 -0.271724007
v -0.127353507 1.0570799 -0.241221694
v -0.0654987446 1.05822303 -0.264151904
v -0.158395195 1.13302051 -0.268297509
v -0.0211779917 1.09900761 -0.295953921
v 0.113687754 1.12299806 -0.285398799
v 0.0901612743 1.10037272 -0.287959835
v -0.0695169925 0.918180175 0.181882401
v -0.103186192 0.924500636 0.219814207
v 0.0748067784 0.905190589 0.179272281
v 0.0826041412 0.912337141 0.157877461
v -0.00466942519 0.894077212 0.162088747
v -0.00163570318 0.888268429 0.180962404
v -0.0536275007 0.907461184 0.175102267
v -0.00802460339 0.906279011 0.125859447
v 0.143023819 1.03217256 -0.129339664
v 0.140728917 1.02933829 -0.0740289189
v 0.165257966 1.06623877 -0.0930009927
v -0.159659805 1.06197664 -0.0142690068
v -0.157928607 1.07027271 -0.0333429679
v -0.158422737 1.06530775 0.0212794266
v -0.152735448 1.03845122 -0.0442047275
v -0.182797448 1.06506562 -0.154605851
v -0.210038194 1.13618048 -0.241891999
v 0.155297156 1.02586013 0.172008765
v 0.133789559 1.03814992 0.0282298002
v 0.143506527 1.03665988 -0.014290804
v 0.151200712 1.01685455 0.156174358
v 0.139797159 1.03745056 0.0754230837
v 0.174018262 1.09580372 -0.247049896
v 0.192771459 1.09328172 -0.228681869
v 0.181139319 1.08584727 -0.232596713
v 0.169958724 1.07130654 -0.219551163
v 0.192418467 1.10382255 -0.243410136
v -0.149217451 1.03133125 0.124652717
v -0.15244786 1.03259671 0.149864623
v -0.14614764 1.00148236 0.123042208
v -0.151004984 1.04859507 0.0663789548
v -0.160686951 1.00811359 0.192151369
v -0.164575195 0.991527068 0.24732401
v -0.182194214 1.07247549 -0.223476143
v 0.101705693 0.904673134 0.233233838
v -0.00314813024 1.04637317 -0.24713973
v 0.162646501 1.13812348 -0.268205081
v 0.143611112 1.12167999 -0.275094033
v 0.109838389 1.10698396 -0.283364268
v 0.0532166526 1.0901333 -0.289210378
v -0.109543126 0.938678435 0.159198741
v -0.0760360988 0.917101412 0.200332514
v -0.0394834951 0.897307857 0.171182245
v -0.0810725927 0.926783994 0.169581802
v -0.0285814524 0.894714959 0.163244349
v 0.00406645669 0.904344126 0.141584417
v 0.0142266351 0.897313861 0.176540134
v 0.0112838589 0.91496593 0.123519719
v 0.0327636743 0.907171519 0.171803008
v 0.0488115098 0.9112677 0.16047118
v 0.0324838538 0.913311243 0.154135192
v 0.165428324 1.0424074 -0.128461905
v 0.151110631 1.05596557 -0.0107006372
v -0.133294807 1.03216547 0.0243581405
v -0.156938456 1.0533782 -0.0332078664
v -0.156836387 1.05787963 0.0043168395
v -0.165347119 1.04980439 -0.163912581
v 0.156277352 0.989655862 0.187466393
v 0.152502398 0.993850557 0.177323475
v 0.150849291 0.985162007 0.163460981
v 0.129291637 1.02131486 0.0646938217
v 0.147219233 1.06496902 0.0215447872
v 0.154630144 1.07826709 0.0322877873
v 0.162720699 1.04330587 -0.16814776
v 0.174613176 1.05108926 -0.149441616
v 0.158456693 1.0446055 -0.186107632
v 0.168665146 1.06039335 -0.211334587
v -0.144144073 0.998601489 0.102649278
v -0.153545585 1.01451842 0.182128664
v -0.152689498 1.05305385 0.0334147475
v -0.184980112 1.10363463 -0.243301116
v -0.167857467 1.10159952 -0.250464587
v -0.151771511 1.10092935 -0.261984863
v -0.173691866 1.05329189 -0.180197159
v -0.00929352764 1.08565027 -0.285849787
v 0.00706324365 1.0878077 -0.287260088
v -0.0137476375 1.07097729 -0.274171492
v -0.0425757358 1.04058189 -0.239373174
v 0.105118593 1.08769367 -0.277691137
v 0.0363534428 1.04701159 -0.248525567
v 0.0939100975 1.12113748 -0.29260606
v 0.15806115 0.993953289 0.202226661
v 0.15909302 1.00374636 0.220554279
v 0.126819934 0.943084459 0.176410863
v 0.150873694 0.964597314 0.217144671
v -0.0348937812 0.903443697 0.145053287
v -0.0313308328 0.906146924 0.130797633
v -0.0170708449 0.899859088 0.144280807
v -0.0477547558 0.908437281 0.155980485
v 0.0165389989 0.90562616 0.157998407
v 0.067034827 0.921709441 0.11727347
v 0.108533201 0.9314308 0.144857439
v 0.0624361422 0.913190645 0.147586758
v 0.0949923981 0.930602839 0.106051836
v 0.102862993 0.92300076 0.158977527
v 0.120522802 0.942739708 0.139748051
v 0.158645841 1.06526481 -0.0488073851
v 0.151423871 1.0328162 -0.0895544292
v -0.149213009 1.05272761 0.0502138312
v -0.0949227839 0.938949519 0.124427888
v -0.128314428 1.0274709 0.000320995599
v -0.148486691 1.04485096 0.0164144284
v -0.131727171 1.02331 0.044134106
v -0.141441361 1.03884677 0.0579652903
v -0.156689768 1.07092888 -0.0884315096
v -0.155201578 1.05321448 -0.0883935695
v 0.145391998 1.00320363 0.161189368
v 0.143381126 1.03455326 0.0947921169
v 0.133486118 1.02063683 0.0842780404
v 0.143325224 0.9846157 0.109153409
v 0.141188097 0.996831108 0.123960581
v 0.131806384 1.00473106 0.0738456641
v 0.128508129 1.03250205 0.0426528627
v 0.123060313 1.01918796 0.0264548686
v 0.155412314 1.06362052 -0.22383314
v 0.156860766 1.12002006 -0.263277697
v 0.13645009 1.08124032 -0.259354092
v -0.139226956 1.00948089 0.0907208824
v -0.145679092 1.03802228 0.0813715943
v -0.148698116 0.98599869 0.132441811
v -0.155609062 1.08568692 -0.2493761
v -0.161335212 1.04153447 -0.176264475
v -0.145935993 1.04046503 -0.191398831
v -0.161524698 1.0508711 -0.196429083
v -0.131197821 1.02843479 -0.185114812
v -0.129829707 1.0465618 -0.223310431
v -0.163103483 1.04600218 -0.145419183
v -0.14648351 1.04892607 -0.210685858
v 0.0226114733 1.08191127 -0.282868039
v 0.0239261667 1.06700183 -0.270701782
v 0.0364332766 1.08958782 -0.289062902
v 0.0610265245 1.06205019 -0.268039596
v 0.128518379 1.06412214 -0.24815725
v 0.0989051297 1.06939743 -0.268574902
v 0.124737877 1.09435105 -0.272732282
v 0.0466543962 1.03843231 -0.236761439
v 0.141199434 1.0551172 -0.226765725
v 0.121789124 1.04980248 -0.23531091
v 0.174397783 1.04980428 -0.174123063
v 0.145414858 1.04044458 -0.173785855
v 0.114767203 1.03736944 -0.221099782
v 0.156941851 1.04016253 -0.156703336
v 0.140368638 1.04102975 -0.195234961
v 0.115640459 1.01580378 -0.155785178
v 0.118466136 1.01974812 -0.171223413
v 0.122954641 1.03236059 -0.202127802
v 0.128360307 1.02982311 -0.182020784
v 0.142036304 1.03540536 -0.149436498
v -0.0385668949 1.01568146 -0.192278944
v -0.10197589 1.01661317 -0.192493794
v 0.15329155 0.996860738 0.192861242
v 0.141936935 0.956683243 0.179602215
v -0.0251312181 0.910000015 0.113548002
v 0.132738836 1.02957705 -0.00456536515
v 0.144906015 1.03635892 -0.0362491162
v 0.159349089 1.04401776 -0.0712582959
v 0.16158992 1.04396267 -0.0906363824
v 0.116401844 1.01612136 -0.0951823156
v 0.131914319 1.02403549 -0.0924063121
v 0.130586723 1.02697233 -0.0579163267
v 0.123406725 1.02226775 -0.0777839124
v 0.138644807 1.02546446 -0.109404611
v 0.168237198 1.05249309 -0.110779434
v -0.129199032 1.01011334 0.030755488
v -0.122438431 1.01316161 -0.0079995722
v -0.125819731 1.01272474 0.0113117665
v -0.151725035 1.04014712 -0.0226838991
v -0.143279601 1.03506739 -0.0174372938
v -0.158257499 1.05689204 -0.052790315
v -0.155427599 1.06474809 -0.0710591303
v 0.134054077 0.963692154 0.0957164359
v 0.13146843 0.964997409 0.0791963758
v 0.139124989 0.985473886 0.0830570421
v 0.110702996 1.00570308 -0.0732751012
v -0.136675465 0.974999248 0.0804922881
v -0.130500832 0.972565421 0.0570457937
v -0.128191118 0.974051346 0.0421132142
v -0.141140899 0.986938426 0.0882275126
v -0.130731305 0.961108239 0.111390286
v -0.0576918224 1.04624393 -0.248491655
v -0.0802631221 1.03112945 -0.228281579
v -0.145599324 1.0579984 -0.230064538
v -0.145839225 1.03269363 -0.176446385
v -0.0490547204 1.00108152 -0.160229176
v -0.1691856 1.05966073 -0.153912304
v 0.0637548934 1.03433922 -0.232920572
v 0.0788153187 1.04368397 -0.244766526
v 0.0877956778 1.02141012 -0.21104749
v 0.130659184 1.02620059 -0.16253653
v 0.0546882946 1.00776565 -0.180668045
v 0.00820274071 1.03858262 -0.235660571
v 0.153739753 0.975255113 0.184292868
v 0.117746875 0.937024815 0.159032167
v 0.149586678 0.96734183 0.167759776
v -0.0970044791 0.942451055 0.108140662
v -0.0483038831 0.915187496 0.135650598
v -0.075791837 0.928718705 0.153991216
v -0.0315153658 0.916496542 0.0998319027
v -0.044266165 0.918650534 0.115100522
v 0.120424699 1.01862634 -0.108232805
v 0.124335251 1.0194659 -0.125044769
v 0.156986705 1.0387351 -0.142693301
v 0.128343069 1.0215601 -0.143041859
v -0.157189646 1.04149568 -0.0662064718
v 0.125547614 1.00090961 0.0282179181
v -0.135502971 0.991622348 0.0530236688
v -0.143271785 0.970404262 0.141370149
v -0.150860662 1.00204868 0.144149616
v -0.138240557 0.957431029 0.198588483
v -0.130976645 0.958489035 0.131450795
v -0.133522218 0.958286352 0.149443231
v -0.145688784 0.969703353 0.163926006
v -0.155007421 1.00306426 0.167534979
v -0.150591908 0.97304418 0.198419548
v -0.141242422 0.972995552 0.121637227
v -0.140282798 0.976863617 0.101218506
v -0.112846031 0.953396239 0.084977646
v -0.120907609 0.960421175 0.0725373657
v -0.113410522 0.947375002 0.122445352
v -0.116875549 0.940151435 0.178500765
v -0.0991882681 0.930844973 0.174284753
v -0.129752021 0.946709241 0.215225637
v -0.146825725 1.02741017 -0.116236093
v -0.00821179155 1.00931958 -0.163056393
v 0.00166579938 1.01527287 -0.181034812
v -0.0787218997 0.938789607 0.116944885
v 0.125383815 0.996454249 0.00943276271
v 0.117470116 1.01828448 -0.0541892082
v 0.116725953 1.01278407 -0.0300793057
v 0.124979036 1.02454911 -0.0420714055
v 0.121096348 0.997527633 -0.014341925
v -0.127580785 0.961860724 0.0916720482
v -0.101969088 0.938354657 0.139909036
v -0.0788781292 0.942565451 0.097369503
v -0.0623459479 0.928673161 0.12619552
v -0.114160537 0.951248592 0.100950422
v -0.0913662102 0.932696672 0.155402036
v 0.100228374 1.04340052 -0.237981595
v 0.0947163106 1.01621834 -0.197008883
v -0.0266463292 1.0333465 -0.227081121
v -0.00790564804 1.03610907 -0.23144661
v -0.015913435 1.019719 -0.196043235
v 0.0522324543 1.01606146 -0.199329621
v 0.0235901189 1.02549997 -0.211037893
v -0.0113757326 1.02735518 -0.214449728
v 0.00742168777 1.03042039 -0.220919585
v -0.00127114876 0.914231827 0.108299558
v 0.0443011199 0.917981441 0.138543967
v -0.0608421882 0.933538462 0.106073143
v 0.114970055 0.983044983 -0.053549841
v -0.0448428293 0.925561929 0.0938636969
v -0.0416614485 0.929658462 0.0741824237
v -0.00713714969 0.924137342 0.073865908
v -0.0233355311 0.925937315 0.06596508
v -0.0045823914 0.929275087 0.0623127466
v -0.0273829233 0.921210078 0.0834464832
v 0.111460228 0.987104578 -0.0778478344
v 0.093869431 1.00867465 -0.183216114
v 0.110214816 1.01996697 -0.187517432
v 0.104518052 1.01191546 -0.167879775
v 0.121759129 0.971607743 0.00709123824
v 0.017830292 0.964813893 -0.0154695058
v 0.107190161 0.965726692 -0.0238177583
v 0.128415303 0.982493753 0.0248166901
v 0.119703255 1.01190665 0.0145620455
v 0.120980163 0.983213438 -0.0183898127
v 0.116585484 0.969132313 -0.0065896244
v -0.110743667 0.957969355 0.0513124706
v -0.0821244273 0.946642633 0.0776786947
v -0.138007861 0.989198235 0.0662706704
v -0.108744866 0.967973509 -0.00557250916
v 0.0454790311 1.02734836 -0.218396248
v 0.0678453172 1.02183892 -0.214650471
v -0.0456938742 1.02962506 -0.222348638
v -0.0900878636 0.954193304 0.0376968236
v -0.035862236 0.932097657 0.0571492199
v -0.0526236087 0.941303696 0.0618071128
v 0.0262566781 0.933162616 0.0901999685
v 0.107396812 1.00666601 -0.10466069
v 0.106616852 1.00866523 -0.122168798
v 0.10855978 1.00097599 -0.0901482785
v 0.108177595 1.01030821 -0.138852972
v 0.0374640572 1.01415281 -0.185680274
v 0.0558045364 1.00243013 -0.162988934
v 0.105708795 0.998167955 -0.118874894
v 0.103575084 1.00559738 -0.152053226
v 0.0730431998 1.00327947 -0.173060121
v 0.0730515766 1.01029921 -0.192230807
v 0.132276394 0.988849941 0.0447952366
v 0.122159362 0.966717477 0.0261811366
v 0.134257433 0.977179724 0.0627707989
v 0.086228981 0.92271251 0.118247188
v 0.139362018 0.965036363 0.117801699
v 0.114057921 0.957364127 0.04113122
v -0.060409534 0.939680075 0.0831409766
v -0.132597943 1.0072494 0.050135762
v -0.125286827 0.981799633 0.00330072213
v -0.133383363 0.990668929 0.0368870255
v -0.0480480439 1.02147658 -0.20790923
v -0.0211161876 1.01280664 -0.177590102
v 0.00448983668 1.02235228 -0.202380062
v 0.0220213577 1.01255956 -0.173778898
v 0.0360724354 1.020554 -0.201194279
v 0.0391073897 1.00760867 -0.168138249
v 0.0708684552 0.998257994 -0.156355375
v -0.0248214805 0.936515109 0.0346842897
v -0.014079647 0.932061976 0.0483966948
v 0.0193222522 0.94853066 0.0358332342
v 0.122615224 0.947340631 0.120535224
v -0.10217119 0.950922102 0.0718492462
v -0.0864854457 0.950292425 0.0583087028
v -0.0653918405 0.951326939 0.0468654828
v -0.0747639042 0.956756746 0.0240370042
v -0.0538065788 0.952604182 0.0265056113
v -0.0255729222 0.942230141 0.0157434108
v -0.0388543585 0.944421829 0.0252841217
v -0.0274213586 1.00526981 -0.161165241
v 0.00302517546 1.00559391 -0.148719476
v -0.00932780779 0.939984171 0.0264104933
v 0.0127573597 0.957063158 0.00347187161
v 0.00728145385 0.949046921 0.0213444502
v -0.00654732044 0.948646311 0.00440821371
v 0.0522601772 0.958346393 -0.00769769329
v 0.0378703646 0.965562331 -0.0210654287
v 0.0532332311 0.943541193 0.0437098366
v -0.0429976473 0.95143376 0.00957402476
v 0.00293195228 0.958247841 -0.0110585004
v 0.0335037882 0.945420945 0.0493714872
v 0.0313547588 0.939757203 0.0682236482
v 0.0377366009 0.929235929 0.102684189
v 0.133495988 0.95409612 0.134749993
v -0.128771986 0.995707255 0.0171079339
v -0.096113258 0.959678187 0.0140503799
v -0.0898786962 0.962831812 -0.00724949567
v -0.0961356274 0.990469551 -0.127107261
v 0.0355521052 0.981804154 -0.0755947125
v -0.0167064929 0.961002825 -0.0403753824
v -0.0634448069 0.966259298 -0.0225354762
v -0.0797575178 0.965477381 -0.0237959328
v 0.0769858395 0.925539361 0.103445502
v 0.105294057 0.933332634 0.125075366
v 0.110871546 0.941487055 0.105113483
v -0.0800475462 0.960219324 0.00664363988
v 0.0422624731 1.00200531 -0.15289373
v 0.0139288685 1.00116171 -0.133461647
v 0.00224703839 0.986438815 -0.0914294707
v -0.00610053821 0.999091723 -0.132659273
v 0.0230500955 0.996559658 -0.119506123
v 0.0877191865 0.931710558 0.0894866479
v -0.0382767102 1.00816332 -0.174353805
v -0.0337014889 0.997332924 -0.14558148
v -0.0155055841 1.00264522 -0.147240619
v 0.023967193 1.00647729 -0.15325444
v 0.0223193702 0.986636206 -0.0867122099
v -0.0540186719 0.987455035 -0.109081058
v -0.0503829784 0.995780873 -0.141802142
v 0.0386057452 0.986874655 -0.0954675682
v 0.0570157499 0.985425603 -0.106074814
v 0.086332683 0.974563932 -0.0787933593
v 0.057267718 0.991382197 -0.126291516
v 0.0912006187 0.984312478 -0.122944287
v 0.106041539 0.9904531 -0.100521337
v 0.0952067661 0.981334117 -0.10722801
v 0.0757253655 0.985348984 -0.116464597
v 0.0778185305 0.962791867 -0.035454752
v 0.102510285 0.971317753 -0.0525982505
v 0.0991541177 0.974441407 -0.0704394066
v 0.0136336828 0.974812044 -0.0484540937
v 0.0548939469 0.979888852 -0.0853076847
v 0.0644233915 0.968062568 -0.0502535106
v -0.00210318227 0.971577212 -0.053499822
v -0.017471193 0.968021554 -0.0583960663
v -0.0347527714 0.966066339 -0.0508374202
v -0.0284559502 0.972242632 -0.0722868914
v 0.0856117085 0.968811437 -0.0576245582
v -0.0399283057 0.990719839 -0.127523226
v -0.0362026047 0.985451806 -0.111647317
v -0.019031251 0.991554536 -0.120827262
v -0.00878228836 0.976288757 -0.0727097444
v -0.0442852829 0.979573983 -0.0881240379
v -0.0975133125 0.976935429 -0.0758024087
v 0.0442741836 0.969943859 -0.0419112995
v 0.0132414472 0.980909 -0.0686243353
v 0.0504183483 0.974708043 -0.0635949321
v 0.0910604053 0.959330408 -0.0209972668
v 0.0722956675 0.95760587 -0.0148894314
v 0.0579036615 0.963125208 -0.0283823543
v 0.14172232 1.06629788 -0.241043905
v -0.133964252 1.02746072 -0.0644433559
v -0.137935775 1.02994763 -0.0402943237
v -0.142551442 1.02740803 -0.080460949
v -0.122464433 1.02149688 -0.0556718217
v -0.116010249 1.00016764 -0.0616559465
v -0.139924157 1.02557593 -0.137397735
v -0.117215585 1.00262147 -0.042817311
v -0.113807659 1.01171879 -0.0750831421
v -0.111635736 0.998235079 -0.0799200794
v -0.121354098 1.01934282 -0.103544963
v -0.137243788 1.0247801 -0.0990050913
v -0.110019047 1.0083869 -0.109369302
v -0.107263301 0.996006746 -0.0991784487
v -0.121459433 1.01963096 -0.138257401
v -0.130087255 1.02368151 -0.11981793
v -0.0832279962 0.979823331 -0.0903845215
v -0.0969675152 0.984627833 -0.105465951
v -0.11405987 1.01442764 -0.123995851
v -0.111106026 1.01343309 -0.152475493
v -0.115703085 0.968681331 0.0146745421
v -0.131521678 1.03033034 -0.0185430787
v -0.122127652 1.01944789 -0.0329936032
v -0.126588337 0.979013981 0.0202011692
v -0.122123489 0.970006529 0.030494904
v -0.12565684 0.999189873 0.00176037839
v -0.0616052724 0.992648187 -0.12842492
v -0.0765012744 0.985724214 -0.111444713
v -0.119877621 1.00341401 -0.0265215653
v -0.111280727 0.98607812 -0.0691085578
v -0.0991701118 0.967324035 -0.0233941932
v -0.04971579 0.960934559 -0.0112541783
v -0.0670553243 0.969663781 -0.0382194001
v -0.0658215514 0.982940384 -0.0902142706
v -0.0534036839 0.972909753 -0.0526570545
v -0.0867109613 0.973735979 -0.0605770452
v -0.101871061 0.973002482 -0.0547118043
v -0.13099391 1.02741373 -0.158010732
v -0.114737984 1.01970342 -0.174014933
v -0.0710805842 1.00288801 -0.168796427
v -0.0851606725 0.998126946 -0.156748195
v -0.105926564 1.00657942 -0.135745569
v -0.131027215 1.03692986 -0.204574297
v -0.102119923 1.00517957 -0.16449077
v -0.077679568 1.01021912 -0.190086099
v -0.0979622554 1.03372891 -0.225564971
v -0.0555565667 1.00727929 -0.181135136
v -0.061088137 1.03501465 -0.233886259
v -0.107715588 1.05631289 -0.250842181
v -0.118743904 0.988929356 -0.0359356015
v -0.114272887 1.03460989 -0.216504639
v -0.114148941 0.982203561 -0.0457647164
v -0.122694414 0.993600136 -0.0145521119
v -0.116318431 0.975829235 -0.0210324714
v 0.145091213 0.966784976 0.142743298
v 0.134313426 0.952399958 0.156688071
v -0.156477575 1.04916041 -0.107977916
v 0.104644163 0.947534906 0.0566560754
v 0.108002799 0.956650892 0.0226625001
v 0.104671915 0.958321886 0.00503116955
v 0.0428467975 0.934355833 0.0830195376
v 0.0955683965 0.946818124 0.038904943
v 0.0754032733 0.932805915 0.0734889879
v 0.122132216 0.95946663 0.0588716015
v 0.104515884 0.94067874 0.0884876743
v 0.101755673 0.960180871 -0.00979923878
v 0.0674855466 0.952398514 0.00517833884
v 0.0871654425 0.954451044 -0.00267481025
v 0.0464983366 0.953883883 0.0123072293
v 0.0321349086 0.960642925 -0.000760405186
v 0.0738505221 0.9422403 0.0395290301
v 0.0651497 0.937603568 0.0581047498
v -0.106559881 0.930600834 0.19633253
v 0.0698175916 0.883913061 0.256974833
v 0.0159543569 0.869895426 0.252173446
v -0.097214522 1.11839668 0.304549241
v -0.0356003505 1.16322188 0.179367652
v -0.0235577742 1.19148915 0.081368536
v -0.049047604 1.22532868 -0.063844841
v -0.184466113 1.10241744 -0.0596230269
v -0.185514357 1.19153564 -0.179521103
v -0.224658037 1.17241929 -0.105474652
v -0.252541196 1.16076575 -0.0475493719
v -0.228604284 1.16330964 -0.0496209236
v -0.156983004 0.987621807 0.178572878
v 0.0312916609 1.11571261 -0.307663786
v -0.172122145 1.07313184 -0.0978637593
v -0.0229794715 1.04410821 -0.244153602
v 0.00295411589 0.941362578 0.0369030647
v -0.0456251008 0.94253901 0.0418510833
v 0.0393038836 0.992133146 -0.114389087
v 0.128571851 1.11422644 -0.278747706
v -0.126072327 1.02208712 -0.0808122672
v -0.0824424131 1.20298196 -0.215731498
v -0.0666758353 1.19898519 -0.24760385
v 0.0567241028 1.22533743 -0.0745846
v 0.169007047 1.19145798 -0.145282028
v -0.178951576 1.19159508 -0.195606214
v 0.159752938 1.04428638 0.238354641
v -0.14577684 1.10623611 0.0550879862
v 0.126600266 1.12003985 0.125362123
v 0.0327485682 1.21715269 -0.017608937
v 0.0545532082 1.20228491 0.0324553811
v -0.114210428 1.20709326 -0.0679488031
v -0.0255656227 1.21450251 -0.00397523056
v -0.24232032 1.06024001 -0.0376998138
v -0.259264833 1.15588784 -0.0280929672
v -0.200073448 1.1074989 -0.0508513113
v -0.216891521 1.17832311 -0.17278161
v -0.295477674 1.08057172 -0.099217772
v -0.26444435 1.09109 -0.144940367
v 0.183656303 1.1673633 -0.0900410323
v 0.193023816 1.15940183 -0.248524904
v -0.0613533843 0.893547946 0.239487369
v 0.0947719125 0.914561961 0.172885276
v -0.159868724 1.06911458 -0.236762935
v -0.149645723 1.0188327 0.156458568
v -0.0500699264 1.06754769 -0.271754545
v 0.14674056 1.14156433 -0.271776195
v -0.0339891435 0.881287687 0.214526847
v 0.145072529 1.10337363 -0.265998511
v 0.138957331 1.01275553 0.117705665
v 0.123786422 0.934523515 0.208147221
v 0.121504815 0.934974096 0.191350176
v 0.118236072 1.01578259 -0.00687678679
v -0.159151838 0.987602958 0.20062898
v 0.0368124763 0.998375674 -0.134857558
v 0.00295788981 0.994482298 -0.114558756
v -0.022531522 0.99584838 -0.134520466
v 0.155736734 1.09987494 -0.00399700712
v -0.067426937 1.12116948 0.310142166
v 0.132140107 1.11988045 0.16448175
v 0.0314722558 1.19162875 0.0752375005
v -0.208864742 1.08755065 -0.0472235495
v 0.214044526 1.17609171 -0.128622391
v 0.255501553 1.07839188 -0.138341999
v 0.0877903215 1.13970896 -0.298910379
v -0.12716871 1.11784154 -0.278287917
v 0.143656262 1.00841107 0.143222576
v -0.13820846 1.0854014 -0.260607394
v 0.170489156 1.16547601 -0.2462232
v -0.180247742 1.19040849 -0.162340456
v 0.072388673 1.21294107 -0.179438092
v 0.0489608397 1.22182728 -0.127342745
v 0.00994202435 1.22406558 -0.134999697
v -0.0913904283 1.13227736 0.264158286
v 0.0545051113 1.22342257 -0.0523974215
v 0.0919040775 1.14034153 0.23765184
v 0.109781471 1.18008119 -0.00825067108
v 0.06632343 1.19823704 0.0469500651
v -0.0435314885 1.2232924 -0.0489326608
v -0.219237264 1.12878654 -0.0437535368
v -0.285627694 1.14182617 -0.0963574185
v 0.179730141 1.13844542 -0.0730391106
v 0.268441791 1.06448075 -0.106156064
v 0.083418993 1.17525375 -0.279426277
v -0.107527691 0.960167032 0.029822056
v -0.0139858175 0.986938767 -0.105849292
v -0.0927969112 1.00631866 -0.17575938
v 0.0589879574 0.933222634 0.0770813371
v 0.0471768799 0.939434431 0.0627366544
v -0.218211493 1.06396759 -0.0592839194
v -0.0733437214 1.19024182 0.0742190876
v -0.229817859 1.157011 -0.2080964
v 0.163436286 1.02816164 0.249096981
v 0.0609742477 0.947499914 0.0248264411
v 0.0627925974 1.14391242 -0.310490408
v 0.14739693 1.16698824 -0.252806964
v 0.0532249497 1.21294083 -0.206133585
v 0.0526813307 1.19337607 0.0645062379
v -0.126107578 1.13894242 0.189065355
v 0.264979474 1.15716551 -0.0915237724
v 0.155654036 0.971922967 0.265162462
v 0.0496611096 0.923086849 0.117624364
v 0.0846619901 0.948099058 0.0193662126
v -0.0767666187 0.976898145 -0.0741548108
v 0.161207725 1.12036353 -0.0541575362
v 0.107452317 1.17193137 0.026436827
v -0.0545699114 1.17102793 0.142756578
v -0.195916486 1.11951976 -0.244482365
v 0.144736103 1.08049149 0.0945276843
v -0.15350073 1.08979855 0.261436026
v -0.0423629798 1.20320514 0.0321185942
v 0.160367499 1.05666438 -0.0705970525
v 0.185709206 1.0580777 -0.187334654
v 0.0989684659 1.03127153 -0.221874841
v 0.0570529599 0.927443044 0.0984098478
v 0.0699491235 0.973346944 -0.072588282
v 0.070663692 0.92905405 0.0887231462
v -0.197316383 1.09069548 -0.0532421561
v 0.137876207 1.02016774 0.102716003
v 0.076856114 0.979180821 -0.0952384851
v 0.161267187 1.1388437 -0.0585697459
v 0.158864441 1.13204321 -0.0425898978
v -0.150094345 1.12592547 0.00346866019
v -0.0207548799 1.20507418 0.0310949587
v 0.249448052 1.10433277 -0.181964169
v 0.167700341 1.0517012 0.292652773
v -0.145864763 1.19503572 -0.0998791806
v 0.133235882 0.946850501 0.195295991
v -0.0181836667 1.05680783 -0.260305513
v 0.125615867 0.952577584 0.105338993
v 0.00870236895 1.01022983 -0.163897167
v 0.120563301 0.950951806 0.0906275532
v 0.11404168 0.949286526 0.0738567173
v 0.107568476 1.13441527 0.246954773
v 0.170411589 1.03619089 0.293233418
v 0.171753572 1.0083818 0.290490484
v -0.00396477945 1.12768693 -0.320725525
v -0.0568099715 0.885365937 0.25118183
v 0.21522883 1.15755019 -0.228356201
v -0.0435907789 1.13196902 -0.312761528
v -0.0589022908 0.977897602 -0.0714656627
v -0.0744644126 1.04457588 -0.246246376
v 0.00481645222 1.05892328 -0.262870137
v -0.041473482 1.05412903 -0.257815795
v -0.108655231 1.11374213 0.312217266
v 0.151868279 1.06830082 0.210242321
v 0.285712901 1.10905886 -0.11934177
v 0.0216525534 0.991773304 -0.103424749
v 0.00341911413 0.965695803 -0.0316417404
v 0.112980672 1.20284563 -0.174256463
v 0.14193764 1.0930818 0.191852168
v -0.0466339481 1.08179632 -0.282909086
v 0.05939711 0.918112577 0.130938843
v 0.0750539784 0.917040098 0.135190447
v 0.140062469 1.05524399 0.0307148731
v -0.0705720809 0.896444349 0.254489482
v 0.146110269 1.06352348 0.0368011588
v -0.145201242 1.12155722 -0.27149506
v -0.156437039 1.05073796 -0.0720597895
v -0.000532466164 1.22442829 -0.149631377
v 0.109269867 1.13922572 0.227645186
v 0.061517665 1.16082542 0.17590765
v -0.133248802 1.1026044 -0.271757035
v 0.163672807 1.04396016 0.258911547
v 0.028229567 1.13496826 0.283174345
v -0.145061123 1.15671322 -0.0282657511
v 0.146431383 0.959918811 0.199093941
v -0.114368861 1.1042795 -0.280679572
v 0.167264645 1.02503764 0.263696541
v -0.147776913 1.11889662 0.02300823
v 0.05947888 1.12564058 0.292312706
v -0.167280484 1.16156064 -0.251145374
v -0.170890548 1.17584199 -0.236339244
v 0.0803940773 1.12284194 0.293850785
v -0.0657635748 1.21393719 -0.182243231
v 0.0381460614 1.12968714 0.294799153
v -0.291786009 1.14551209 -0.0769891169
v 0.157606289 1.02691082 0.221659791
v 0.155221569 1.01917857 0.190400268
v 0.0692341504 1.12850642 0.278054098
v -0.272020837 1.15568432 -0.0855292513
v 0.125383223 1.11947298 0.272797047
v -0.0809060261 1.01863121 -0.207596457
v -0.169470957 1.02524248 0.264227434
v -0.0868264699 1.15309201 0.198600521
v 0.150476867 0.963641747 0.23624402
v -0.104047923 0.996398962 -0.117059633
v 0.182113303 1.11875102 -0.0628283287
v -0.127929508 0.951693907 0.163093954
v 0.151470198 1.05418353 0.154856065
v -0.141378496 1.08398243 0.130570028
v 0.2620932 1.15647221 -0.119453843
v 0.161751442 1.01940934 0.237337224
v -0.145767727 0.967925214 0.18297841
v 0.0632829635 1.2168489 -0.165540248
v -0.0965827188 1.0248058 -0.212711361
v 0.051475607 1.21630327 -0.186799594
f 1333 2 3
f 449 1958 433
f 435 434 2014
f 2014 8 436
f 9 10 16
f 437 1969 1333
f 8 438 6
f 19 445 18
f 1897 443 450
f 444 16 443
f 464 462 454
f 463 453 2010
f 469 452 465
f 452 26 465
f 471 470 1877
f 466 475 483
f 478 479 29
f 482 1311 480
f 473 2012 1311
f 473 485 2012
f 24 484 457
f 476 466 474
f 475 477 483
f 476 475 466
f 468 23 456
f 482 473 1311
f 478 481 479
f 487 602 488
f 508 31 489
f 499 492 33
f 507 30 495
f 671 494 492
f 498 513 509
f 671 492 499
f 507 503 36
f 498 509 511
f 38 2000 550
f 39 502 503
f 1444 1397 522
f 51 719 755
f 647 56 100
f 65 61 526
f 64 60 536
f 545 617 546
f 509 80 511
f 63 572 81
f 598 567 64
f 1433 83 555
f 526 62 18
f 561 1298 61
f 75 552 563
f 73 581 582
f 660 45 566
f 94 575 1979
f 593 99 590
f 592 99 593
f 712 732 2056
f 2010 1269 517
f 2024 613 612
f 587 542 615
f 616 561 87
f 610 87 92
f 616 52 561
f 89 626 628
f 68 69 576
f 600 91 631
f 508 497 632
f 1984 105 704
f 754 119 716
f 644 758 2039
f 79 627 626
f 57 616 610
f 72 115 609
f 613 108 614
f 520 42 565
f 531 703 669
f 2058 41 1356
f 632 603 508
f 603 533 670
f 673 777 1983
f 782 760 674
f 550 82 636
f 618 110 617
f 88 630 629
f 521 611 653
f 656 655 654
f 534 696 686
f 531 669 41
f 497 105 632
f 139 706 499
f 710 737 750
f 605 750 713
f 118 672 83
f 746 777 779
f 2000 711 550
f 757 755 719
f 722 724 114
f 100 689 649
f 121 2034 653
f 670 634 531
f 703 668 669
f 127 699 128
f 636 504 549
f 130 736 734
f 733 130 732
f 736 562 639
f 744 826 133
f 743 746 709
f 754 753 48
f 758 644 757
f 620 558 762
f 686 723 2049
f 725 766 685
f 127 769 700
f 128 769 127
f 676 772 704
f 742 2025 741
f 709 746 779
f 642 752 525
f 758 757 502
f 883 662 901
f 125 721 762
f 781 760 782
f 760 781 620
f 702 716 785
f 606 785 119
f 700 768 522
f 145 786 885
f 51 842 678
f 906 902 1980
f 674 783 797
f 797 794 798
f 815 894 104
f 1949 804 1898
f 803 659 682
f 817 681 813
f 813 818 817
f 683 817 881
f 771 774 819
f 541 822 137
f 155 880 917
f 820 729 667
f 830 163 523
f 792 835 791
f 792 838 836
f 842 790 835
f 825 843 160
f 930 932 910
f 930 795 932
f 870 849 850
f 843 852 160
f 788 859 888
f 164 863 150
f 862 860 870
f 869 150 1879
f 868 864 862
f 871 873 868
f 595 103 882
f 594 631 683
f 631 594 103
f 851 776 1950
f 152 848 894
f 152 1951 848
f 812 802 829
f 901 601 898
f 829 816 895
f 827 1980 904
f 112 173 619
f 173 721 619
f 763 721 173
f 908 2036 884
f 893 909 910
f 175 846 156
f 931 910 908
f 912 916 909
f 2036 908 909
f 893 874 155
f 910 909 908
f 933 987 983
f 981 982 177
f 565 579 596
f 102 691 123
f 765 140 691
f 941 126 140
f 163 101 524
f 183 978 184
f 589 949 182
f 182 948 589
f 888 789 788
f 819 773 789
f 770 1006 959
f 958 770 959
f 966 965 1012
f 832 960 833
f 185 1021 964
f 833 965 158
f 877 968 120
f 159 876 186
f 120 969 1965
f 976 170 972
f 976 974 170
f 1965 976 972
f 952 183 950
f 878 872 913
f 866 913 979
f 982 866 939
f 987 973 983
f 990 949 950
f 984 988 184
f 184 988 990
f 988 991 994
f 993 182 855
f 951 179 947
f 181 951 854
f 988 854 990
f 177 178 981
f 891 1880 981
f 991 189 986
f 963 943 994
f 665 179 1881
f 995 1985 190
f 1985 189 187
f 144 799 944
f 1881 807 1953
f 164 150 1981
f 1021 185 1008
f 1010 1011 1014
f 1011 1010 1008
f 1010 1014 188
f 1015 1013 1019
f 865 863 164
f 967 1012 968
f 1020 965 833
f 1021 1012 965
f 1007 1006 1019
f 1015 956 1973
f 999 982 981
f 192 1022 191
f 1026 1031 1032
f 1026 194 1031
f 1030 1028 1032
f 1037 197 1036
f 1045 1025 194
f 1035 1033 1034
f 1027 1044 1035
f 193 217 1022
f 1046 1041 217
f 1047 1046 1038
f 583 582 1062
f 1885 1106 1107
f 1065 1068 529
f 1066 201 203
f 197 1107 2051
f 1077 222 1058
f 1048 1077 1076
f 1099 211 1056
f 206 210 1070
f 200 1071 1090
f 1966 1052 1074
f 1088 215 1096
f 1909 1039 1090
f 1889 1056 1060
f 1100 1053 1102
f 237 1085 227
f 1124 1109 1121
f 1889 1060 213
f 209 1117 228
f 1110 237 1119
f 238 1097 1110
f 1087 1097 215
f 1085 1097 1087
f 231 220 1886
f 1032 1112 1030
f 1098 1122 235
f 1912 204 207
f 205 1105 1054
f 232 1109 1913
f 1118 1126 1912
f 242 1125 222
f 1133 1075 1130
f 233 1082 1129
f 236 1134 241
f 241 1132 1128
f 1145 1150 1136
f 1149 1233 255
f 1135 248 93
f 1146 1144 1153
f 1136 551 552
f 1148 89 1146
f 1159 1899 1154
f 89 1159 1146
f 77 1137 1914
f 257 1167 1157
f 1173 251 1184
f 1179 1139 249
f 1138 1183 251
f 1179 1256 1182
f 261 1196 1197
f 1262 1180 1156
f 1999 1195 275
f 1190 1194 261
f 275 1195 1194
f 1197 1196 266
f 1200 1164 1201
f 1165 1200 1204
f 1207 269 268
f 1208 1236 260
f 1247 1141 1185
f 272 273 1215
f 276 1206 1192
f 1227 278 1203
f 1232 1229 1203
f 1230 1231 1232
f 1204 1199 1203
f 255 1234 1230
f 1155 1236 256
f 259 1168 1178
f 1222 271 1221
f 270 1184 1174
f 1215 1238 1192
f 1232 1203 1199
f 271 1186 1237
f 1210 280 1235
f 284 1249 285
f 1224 1265 291
f 1248 1250 1237
f 1253 1254 1261
f 1244 290 1257
f 284 285 1256
f 293 1224 291
f 1253 1250 1242
f 293 1149 1224
f 1241 1261 1265
f 252 1252 1259
f 1266 292 287
f 1373 1282 1305
f 1273 679 1291
f 1278 1280 2060
f 1281 118 83
f 1277 556 1276
f 1572 1287 1578
f 483 306 466
f 1294 25 480
f 1295 1876 454
f 1450 1326 468
f 455 24 1288
f 8 303 438
f 1306 314 1457
f 1318 1306 1457
f 1275 1448 1297
f 1275 1297 26
f 483 477 26
f 26 452 1275
f 1319 1274 318
f 1317 669 1396
f 546 81 1427
f 1370 1328 315
f 438 1320 1329
f 1329 1331 10
f 298 1413 1327
f 1310 455 1278
f 1806 326 1335
f 529 1338 1070
f 1294 315 1322
f 1282 1373 1295
f 1369 1305 1282
f 1292 481 1346
f 1377 1922 1308
f 1308 1916 1339
f 1569 396 1435
f 1433 1436 83
f 1604 1563 1618
f 1356 1355 1448
f 41 1355 1356
f 1269 1359 2043
f 1361 1359 294
f 1270 1360 1361
f 2067 1498 2052
f 1363 1376 1917
f 1342 1450 456
f 1303 1293 307
f 302 1295 1373
f 315 1378 1370
f 1285 1418 1376
f 302 1374 1285
f 212 323 213
f 1500 1312 2060
f 1558 1555 1562
f 1314 1443 322
f 1535 1622 351
f 1274 1343 1297
f 1925 1403 1404
f 302 1272 1342
f 1365 1320 1408
f 342 1350 1412
f 1383 354 1970
f 1417 1306 1346
f 1404 1403 1272
f 1421 1462 1370
f 1442 1348 1198
f 342 2046 615
f 1438 1442 1440
f 606 119 1353
f 1487 343 1486
f 1399 1539 333
f 1413 1490 336
f 1405 1920 1411
f 312 1939 1293
f 1531 1453 1452
f 1301 1455 311
f 1457 357 1318
f 1422 365 1504
f 1422 1416 365
f 1378 1368 1421
f 1420 1368 1460
f 1371 1464 1330
f 1462 1371 1370
f 1465 1508 1375
f 570 1478 1477
f 1512 1286 1273
f 1426 1986 1572
f 1427 81 1428
f 1386 1432 1337
f 1486 1982 1351
f 1473 1474 1566
f 2053 1433 554
f 1436 1433 1392
f 118 1284 708
f 1441 362 1296
f 1353 1443 606
f 1446 1534 754
f 1537 1472 1489
f 1376 1272 1285
f 1454 1494 1415
f 1496 1414 1454
f 325 1496 1415
f 1387 1497 1498
f 1402 1500 1280
f 1458 1460 1368
f 1504 375 1611
f 1504 1458 1422
f 1614 1502 1611
f 1503 1460 1501
f 1460 1458 1504
f 1611 1501 1504
f 1508 1419 1375
f 359 1510 1419
f 1510 1363 1917
f 1707 2028 1506
f 1511 1608 1507
f 1321 1428 572
f 1471 1429 546
f 1610 1515 1634
f 1485 1514 47
f 1517 1469 369
f 1518 1519 369
f 1352 1704 378
f 1284 1523 708
f 347 1382 1438
f 1394 347 1438
f 1480 1557 1479
f 1579 1518 1469
f 1535 1445 1349
f 1536 1487 1488
f 1409 1942 2037
f 1336 1120 1358
f 1542 1472 361
f 361 1537 1598
f 310 1301 1547
f 1546 1366 1332
f 1495 384 370
f 370 310 1547
f 383 1547 1301
f 383 371 1549
f 364 1302 1549
f 1548 1532 1803
f 1552 388 1553
f 1302 1653 355
f 1299 338 1482
f 1562 1555 1604
f 1567 2041 2002
f 391 1612 1652
f 360 305 1570
f 304 1986 1426
f 1578 1395 1161
f 59 1321 536
f 1582 1427 1470
f 369 1519 1514
f 1520 1081 1889
f 1475 345 1522
f 1525 373 1708
f 1525 1526 373
f 1613 1671 320
f 1804 1895 1807
f 1472 1537 361
f 1472 1542 1600
f 1289 1290 1542
f 1495 387 384
f 332 1602 1653
f 1567 1609 1607
f 375 1650 1611
f 1568 1502 1614
f 1287 1513 1577
f 1577 1424 1287
f 1574 1577 1513
f 1617 1557 1480
f 1424 1617 1467
f 345 1526 1941
f 1529 1391 1434
f 1680 1620 1642
f 1535 351 1623
f 351 1628 1623
f 1887 351 1627
f 1629 1624 330
f 1483 1445 1315
f 1357 394 1851
f 1543 1597 1541
f 1840 1817 1809
f 1636 366 1875
f 2063 1354 1456
f 1569 1390 1391
f 1927 396 1569
f 339 396 1645
f 1648 1354 1634
f 1636 1456 1652
f 1556 1653 1553
f 1687 1718 1659
f 1652 1459 1636
f 401 1663 400
f 1466 1663 1465
f 1710 1664 1649
f 1668 1669 1670
f 1559 1560 1604
f 1678 406 379
f 1646 1642 395
f 1680 1642 1927
f 1391 1680 1927
f 1642 1679 1676
f 1680 1529 1620
f 1682 1681 395
f 1726 1683 1690
f 1621 1685 349
f 1636 1875 1635
f 1693 1863 1745
f 1695 1616 1615
f 1379 1700 1776
f 1719 1698 1605
f 1776 1700 1778
f 1697 1616 1695
f 1658 1703 1605
f 1587 1706 1588
f 1587 1866 1706
f 1710 1692 1667
f 1685 1591 1590
f 1656 1655 1890
f 1656 1661 1660
f 1816 1812 412
f 407 1716 1659
f 1660 1661 1716
f 1605 1699 1719
f 1768 1717 1719
f 1702 1605 1703
f 1657 1564 390
f 1776 1779 408
f 1759 1768 1719
f 1705 1709 1861
f 1528 378 1529
f 378 1476 1527
f 398 1632 1725
f 1726 1684 1725
f 1592 1827 1683
f 1690 1683 1959
f 1726 1727 402
f 1727 1728 1729
f 1730 1721 1731
f 1673 1675 409
f 1697 1701 1559
f 1379 1697 1695
f 1735 1736 1737
f 1723 1736 418
f 400 1463 401
f 1728 1690 1748
f 1829 1771 1791
f 413 1754 1753
f 1693 399 404
f 1756 1509 1757
f 1867 1757 1509
f 1758 376 1728
f 1760 1930 1762
f 1509 1755 1764
f 1707 1756 359
f 1767 1762 1931
f 1767 1732 1639
f 1929 1768 1759
f 1770 1829 1791
f 1766 1791 1771
f 1759 1699 410
f 1751 1772 1784
f 410 1775 1929
f 422 1835 1837
f 1786 2023 1752
f 1599 1765 1732
f 1771 299 1599
f 1787 1789 1794
f 1735 1677 1872
f 1789 1787 1788
f 1787 1794 1786
f 1770 1795 1836
f 424 1799 1797
f 1871 1869 1968
f 1797 1802 1739
f 364 1550 1532
f 1430 1619 327
f 326 1619 2033
f 1805 1825 1824
f 1805 1430 327
f 1814 1818 1813
f 1816 412 1815
f 1812 1832 1808
f 1816 1815 2061
f 1818 1638 1809
f 1819 1820 1830
f 1750 423 1830
f 1748 1749 1758
f 1581 1747 1579
f 1579 1713 1711
f 423 1829 1830
f 1830 1829 1770
f 1856 430 1833
f 1833 430 431
f 413 1749 1754
f 1832 1839 1854
f 1758 1749 413
f 326 327 1619
f 1840 382 1841
f 1822 1840 1841
f 1540 381 1841
f 381 1565 1841
f 1841 1846 1822
f 1853 2070 381
f 299 1843 1842
f 1853 1541 397
f 432 1849 1847
f 1850 1689 393
f 1831 1855 1580
f 1831 1810 1852
f 1608 1858 1499
f 1609 1857 372
f 1858 1746 1857
f 1746 1511 1724
f 326 1521 1335
f 1862 1682 1676
f 1676 1861 1862
f 1874 1865 1962
f 1509 1764 1867
f 1764 1755 1991
f 1865 421 1764
f 1764 421 1867
f 1681 1678 379
f 1873 1874 1740
f 1874 1873 420
f 1871 417 418
f 418 1736 1735
f 1739 1738 1872
f 1872 1871 418
f 1864 1873 1977
f 3 2 1
f 4 449 433
f 4 433 313
f 5 436 6
f 2 2011 439
f 435 7 434
f 435 2014 436
f 437 4 1969
f 9 5 10
f 1 2 439
f 10 5 6
f 3 437 1333
f 436 8 6
f 440 12 11
f 441 447 13
f 440 11 442
f 442 441 13
f 441 630 447
f 1897 11 12
f 444 1897 12
f 18 1958 19
f 448 447 15
f 451 446 20
f 445 20 446
f 19 20 445
f 13 447 448
f 449 19 1958
f 9 16 444
f 15 17 14
f 451 14 17
f 17 446 451
f 1897 444 443
f 445 446 74
f 13 440 442
f 1275 452 467
f 1283 462 1877
f 21 458 453
f 22 1310 21
f 457 459 468
f 23 468 459
f 2010 453 461
f 464 1876 460
f 486 482 480
f 469 27 467
f 25 1877 470
f 28 479 481
f 455 484 24
f 1310 22 455
f 472 459 457
f 22 484 455
f 458 21 1310
f 452 469 467
f 456 23 1876
f 454 462 1283
f 465 26 477
f 474 29 479
f 1308 2012 1916
f 2030 2012 485
f 481 2030 28
f 1916 2012 2030
f 1876 464 454
f 484 472 457
f 485 28 2030
f 486 25 470
f 486 480 25
f 466 29 474
f 488 602 27
f 490 496 1933
f 501 32 30
f 494 497 489
f 31 491 487
f 1878 493 490
f 490 1933 505
f 497 494 671
f 32 495 30
f 508 489 497
f 496 490 493
f 34 498 511
f 512 2010 517
f 508 603 491
f 504 506 35
f 490 505 1878
f 511 500 34
f 502 36 503
f 550 549 37
f 509 513 506
f 37 38 550
f 491 31 508
f 633 491 603
f 510 34 500
f 602 487 491
f 39 40 759
f 38 515 2000
f 504 514 549
f 1933 32 501
f 513 35 506
f 37 549 514
f 30 507 36
f 496 32 1933
f 40 510 516
f 35 514 504
f 531 41 2058
f 1397 699 522
f 44 1154 45
f 98 46 2001
f 525 47 48
f 49 768 727
f 39 759 502
f 719 30 36
f 531 2058 670
f 632 533 603
f 563 616 57
f 525 752 47
f 53 588 598
f 640 599 63
f 654 521 693
f 584 58 567
f 536 60 59
f 538 74 446
f 538 446 17
f 540 539 518
f 540 1944 539
f 70 960 541
f 1154 566 45
f 443 557 450
f 557 443 54
f 535 11 1897
f 582 581 1050
f 535 544 11
f 581 73 2001
f 528 445 577
f 577 445 74
f 543 559 542
f 443 16 54
f 45 660 76
f 518 46 623
f 11 544 442
f 77 91 600
f 757 718 755
f 1273 537 679
f 712 548 506
f 450 535 1897
f 69 529 1068
f 711 82 550
f 553 537 1273
f 106 65 528
f 528 526 18
f 554 1433 555
f 801 1898 656
f 54 559 543
f 544 622 86
f 622 2049 86
f 543 557 54
f 96 563 551
f 564 945 947
f 66 69 68
f 445 528 18
f 15 90 17
f 61 62 526
f 91 77 44
f 62 1958 18
f 536 599 64
f 592 578 584
f 628 97 1899
f 626 1148 79
f 64 567 586
f 442 571 441
f 10 560 16
f 560 54 16
f 630 441 571
f 553 93 94
f 599 536 572
f 585 91 45
f 79 1148 75
f 1899 89 628
f 563 552 551
f 898 619 901
f 64 599 598
f 94 1979 553
f 836 838 859
f 1971 74 538
f 74 646 577
f 90 538 17
f 72 577 646
f 72 106 528
f 72 528 577
f 544 571 442
f 630 571 580
f 518 539 1050
f 73 582 583
f 518 581 46
f 45 76 585
f 1971 538 647
f 538 90 647
f 52 96 1943
f 308 1943 1915
f 96 574 1943
f 551 574 96
f 1148 626 89
f 1995 595 882
f 64 586 60
f 598 588 567
f 576 50 68
f 568 50 576
f 587 2047 66
f 581 518 1050
f 540 568 1944
f 567 99 584
f 592 584 99
f 77 600 569
f 1899 566 1154
f 1995 882 1996
f 450 557 43
f 557 565 43
f 73 583 578
f 583 58 578
f 58 584 578
f 101 589 590
f 98 591 102
f 592 593 663
f 588 99 567
f 45 91 44
f 585 683 91
f 631 595 600
f 447 88 15
f 88 90 15
f 68 596 66
f 66 596 579
f 50 597 520
f 598 599 640
f 600 595 569
f 104 601 103
f 543 565 557
f 491 633 602
f 1984 632 105
f 671 499 706
f 1983 135 748
f 606 49 727
f 560 559 54
f 106 72 609
f 573 610 92
f 87 610 616
f 573 95 2024
f 612 627 573
f 612 614 627
f 95 573 92
f 612 613 614
f 2024 95 658
f 657 108 613
f 587 579 542
f 1350 615 71
f 579 587 66
f 543 579 565
f 543 542 579
f 1298 561 1970
f 561 61 65
f 106 87 65
f 87 561 65
f 563 96 52
f 63 599 572
f 545 546 1429
f 617 81 546
f 588 53 2040
f 110 63 617
f 640 53 598
f 537 553 661
f 898 112 619
f 113 558 620
f 601 882 103
f 661 621 537
f 1896 622 535
f 622 544 535
f 535 450 1896
f 1896 534 622
f 534 2049 622
f 580 114 629
f 624 46 98
f 540 623 697
f 50 568 697
f 666 625 684
f 57 79 563
f 563 79 75
f 573 627 57
f 97 628 614
f 614 628 627
f 627 628 626
f 529 69 2047
f 576 69 1900
f 56 88 629
f 520 596 68
f 696 534 1896
f 50 520 68
f 520 597 42
f 447 630 88
f 632 1984 533
f 820 703 634
f 633 519 602
f 634 670 533
f 547 2048 80
f 734 639 739
f 82 715 733
f 636 549 550
f 675 2009 517
f 639 562 638
f 63 110 640
f 716 530 753
f 706 139 676
f 672 747 2064
f 764 763 919
f 573 57 610
f 79 57 627
f 72 646 115
f 115 646 107
f 646 1971 107
f 74 1971 646
f 649 2071 647
f 107 1945 115
f 658 115 1945
f 100 649 647
f 56 647 90
f 85 652 655
f 122 648 67
f 689 121 653
f 98 123 624
f 611 689 653
f 650 611 1946
f 652 1946 655
f 656 1898 85
f 115 658 95
f 658 67 648
f 1945 67 658
f 613 648 657
f 614 108 97
f 648 613 2024
f 2024 658 648
f 680 109 657
f 76 109 681
f 76 660 109
f 122 67 650
f 681 109 682
f 566 97 660
f 109 660 108
f 108 660 97
f 883 621 662
f 661 662 621
f 625 623 624
f 624 623 46
f 592 663 664
f 2001 591 98
f 180 591 940
f 940 591 2001
f 947 945 1906
f 687 629 114
f 625 116 684
f 624 116 625
f 629 687 56
f 696 43 42
f 565 42 43
f 43 696 1896
f 596 520 565
f 696 42 597
f 716 119 785
f 668 667 699
f 633 603 670
f 497 671 105
f 533 1984 532
f 633 670 2058
f 532 634 533
f 83 672 2064
f 2052 605 713
f 637 82 711
f 81 617 63
f 545 618 617
f 641 642 525
f 727 785 606
f 1948 677 756
f 2048 547 2054
f 570 679 1932
f 570 125 558
f 1932 537 621
f 570 1932 125
f 87 106 92
f 609 95 92
f 115 95 609
f 806 682 659
f 817 585 76
f 683 585 817
f 680 122 803
f 650 652 803
f 650 803 122
f 124 698 116
f 117 684 698
f 684 116 698
f 100 56 687
f 88 56 90
f 1947 2034 726
f 726 2034 685
f 689 611 651
f 695 687 114
f 121 687 695
f 655 1946 521
f 766 726 685
f 690 124 691
f 656 85 655
f 692 694 693
f 693 694 654
f 2049 534 686
f 686 696 117
f 696 597 117
f 597 50 666
f 666 697 625
f 597 666 117
f 684 117 666
f 127 700 522
f 634 703 531
f 667 668 703
f 667 729 128
f 532 1984 705
f 773 772 677
f 712 506 504
f 636 733 712
f 635 118 708
f 554 555 750
f 82 637 715
f 637 711 2038
f 712 504 636
f 129 2020 714
f 713 1901 2052
f 129 714 715
f 2000 675 711
f 618 545 751
f 752 545 1429
f 48 753 525
f 500 2045 516
f 1276 749 131
f 883 720 621
f 125 720 721
f 621 720 1932
f 698 124 55
f 688 724 722
f 688 2049 723
f 124 690 55
f 690 126 55
f 580 86 722
f 580 722 114
f 698 686 117
f 540 697 568
f 100 121 689
f 121 100 687
f 685 2034 695
f 685 724 725
f 766 692 726
f 522 768 1444
f 957 700 769
f 820 667 703
f 128 699 667
f 704 728 1984
f 729 730 953
f 699 127 522
f 527 699 1397
f 706 105 671
f 704 105 706
f 856 888 731
f 733 732 712
f 733 636 82
f 129 715 637
f 714 736 130
f 714 130 715
f 734 732 130
f 732 734 132
f 733 715 130
f 736 639 734
f 739 132 734
f 639 735 739
f 739 2035 2008
f 738 740 714
f 562 2025 742
f 638 562 742
f 741 1934 742
f 1934 744 742
f 746 743 747
f 847 161 608
f 741 709 1934
f 777 135 1983
f 2054 547 136
f 749 748 131
f 135 747 635
f 748 135 635
f 554 750 605
f 713 750 2020
f 137 111 2044
f 752 751 545
f 751 642 1902
f 47 752 1429
f 751 752 642
f 1902 642 641
f 753 641 525
f 641 753 530
f 530 716 702
f 757 36 502
f 790 51 755
f 757 719 36
f 719 51 501
f 505 678 717
f 673 1983 781
f 748 749 1983
f 135 777 746
f 135 746 747
f 764 760 620
f 134 608 761
f 762 558 125
f 764 620 762
f 84 55 126
f 686 698 723
f 698 55 723
f 768 701 727
f 957 701 700
f 1444 768 49
f 701 768 700
f 769 128 953
f 527 668 699
f 706 676 704
f 772 773 774
f 772 728 704
f 780 775 143
f 638 744 133
f 777 778 779
f 541 832 822
f 111 137 787
f 523 53 1997
f 618 1997 110
f 138 530 702
f 530 70 641
f 753 754 716
f 841 837 1948
f 1948 837 823
f 676 139 756
f 719 501 30
f 678 501 51
f 825 780 142
f 883 721 720
f 762 721 763
f 760 783 674
f 783 760 764
f 558 1478 570
f 126 141 84
f 84 141 725
f 766 141 799
f 723 84 688
f 55 84 723
f 521 1947 693
f 1947 726 693
f 141 766 725
f 726 692 693
f 801 808 1949
f 144 1005 694
f 144 692 799
f 800 694 784
f 654 800 656
f 772 676 677
f 953 128 729
f 133 645 735
f 638 133 735
f 639 638 735
f 744 638 742
f 541 137 1902
f 618 2044 1997
f 70 1902 641
f 823 677 1948
f 789 823 788
f 756 139 1878
f 644 718 757
f 718 143 755
f 842 51 790
f 718 644 780
f 142 780 644
f 780 825 775
f 763 764 762
f 783 764 919
f 1934 761 793
f 794 147 847
f 761 1934 134
f 826 744 793
f 1934 709 134
f 795 793 761
f 778 796 1903
f 798 778 782
f 779 134 709
f 134 1903 608
f 778 777 673
f 798 782 674
f 905 919 902
f 161 795 608
f 796 778 798
f 796 798 794
f 794 847 796
f 797 798 674
f 692 766 799
f 694 800 654
f 801 811 808
f 656 800 801
f 800 784 801
f 802 1949 151
f 1898 804 149
f 149 804 814
f 813 805 818
f 659 149 806
f 682 806 681
f 680 682 109
f 1904 808 809
f 149 659 85
f 680 803 682
f 811 809 808
f 1904 809 929
f 802 812 804
f 152 900 1951
f 806 149 814
f 804 812 814
f 813 681 806
f 817 76 681
f 594 881 815
f 815 881 818
f 151 816 802
f 805 813 814
f 814 813 806
f 815 818 805
f 91 683 631
f 881 817 818
f 767 702 2065
f 138 702 767
f 728 772 774
f 823 789 773
f 705 730 820
f 532 820 634
f 735 2035 739
f 821 843 142
f 834 830 787
f 787 137 822
f 677 823 773
f 788 823 837
f 842 841 717
f 790 791 835
f 843 825 142
f 755 143 790
f 780 143 718
f 825 607 775
f 1934 793 744
f 907 826 931
f 608 796 847
f 156 794 797
f 897 903 896
f 794 156 147
f 810 809 811
f 935 1904 929
f 915 1016 875
f 808 1904 151
f 926 1904 935
f 802 816 829
f 601 104 848
f 594 683 881
f 771 643 955
f 730 771 955
f 771 730 705
f 730 955 953
f 730 729 820
f 2035 645 146
f 832 541 960
f 832 831 822
f 70 530 138
f 833 960 962
f 832 833 158
f 834 159 830
f 643 819 856
f 840 143 775
f 857 839 840
f 792 836 835
f 836 788 837
f 143 791 790
f 791 840 839
f 792 839 838
f 1018 2059 887
f 835 836 837
f 792 791 839
f 838 604 859
f 838 839 858
f 842 717 678
f 860 775 607
f 932 795 161
f 846 845 162
f 156 846 147
f 147 844 847
f 151 1904 828
f 894 848 104
f 146 907 885
f 160 607 825
f 136 851 853
f 2054 136 853
f 2054 853 821
f 2054 821 2045
f 2050 821 2039
f 849 607 160
f 821 853 843
f 852 843 853
f 851 852 853
f 787 830 111
f 830 159 971
f 855 990 854
f 111 523 1997
f 110 1997 640
f 101 949 589
f 138 960 70
f 822 834 787
f 834 876 159
f 888 856 789
f 791 143 840
f 860 857 840
f 604 858 863
f 859 788 836
f 604 838 858
f 775 860 840
f 839 857 858
f 861 858 857
f 864 861 862
f 863 858 1879
f 164 154 865
f 604 863 887
f 939 866 979
f 867 150 869
f 890 889 868
f 862 861 857
f 145 850 849
f 864 869 1879
f 862 857 860
f 150 863 1879
f 1879 861 864
f 890 148 872
f 145 849 786
f 890 868 873
f 892 148 873
f 873 886 892
f 886 145 2036
f 880 155 874
f 867 879 875
f 876 967 877
f 878 875 879
f 167 876 877
f 890 872 879
f 875 165 915
f 162 147 846
f 847 844 161
f 168 920 846
f 911 148 892
f 147 162 880
f 920 845 846
f 880 874 844
f 874 161 844
f 162 917 880
f 171 815 805
f 595 631 103
f 882 601 901
f 721 883 619
f 815 104 594
f 103 594 104
f 157 885 786
f 776 851 136
f 707 776 136
f 849 160 786
f 786 852 157
f 145 886 850
f 160 852 786
f 871 886 873
f 850 871 870
f 884 145 885
f 2036 916 892
f 885 907 884
f 851 157 852
f 859 2059 888
f 604 2059 859
f 1017 865 154
f 148 937 872
f 2036 892 886
f 147 880 844
f 894 171 152
f 151 828 816
f 895 816 172
f 828 172 816
f 172 897 895
f 815 171 894
f 896 900 897
f 171 805 812
f 895 900 152
f 112 899 1980
f 601 848 898
f 805 814 812
f 152 171 829
f 896 1980 899
f 925 903 897
f 1951 898 848
f 896 903 904
f 900 896 1951
f 919 763 173
f 904 1980 896
f 1980 902 112
f 895 897 900
f 175 168 846
f 173 112 902
f 899 112 898
f 903 928 904
f 827 175 906
f 783 905 797
f 1951 899 898
f 168 175 827
f 175 905 906
f 797 905 156
f 919 905 783
f 906 905 902
f 905 175 156
f 907 146 645
f 157 146 885
f 146 157 1950
f 908 907 931
f 886 871 850
f 911 892 916
f 162 918 917
f 937 913 872
f 165 878 913
f 875 1016 867
f 914 915 1009
f 916 2036 909
f 938 917 918
f 152 829 895
f 812 829 171
f 1905 1952 174
f 827 904 922
f 845 920 921
f 922 168 827
f 162 845 918
f 928 176 922
f 922 920 168
f 928 922 904
f 897 172 925
f 172 828 923
f 921 918 845
f 938 918 169
f 903 925 928
f 924 1905 933
f 928 174 1952
f 987 933 927
f 174 923 1905
f 975 970 166
f 1972 934 1935
f 925 174 928
f 927 926 987
f 828 926 923
f 619 883 901
f 930 793 795
f 907 908 884
f 931 793 930
f 931 930 910
f 874 932 161
f 878 165 875
f 165 913 866
f 893 910 932
f 912 893 155
f 932 874 893
f 173 902 919
f 793 931 826
f 912 909 893
f 1905 927 933
f 933 934 924
f 177 934 983
f 924 934 1972
f 983 934 933
f 178 177 983
f 936 921 1972
f 921 936 918
f 937 979 913
f 169 918 936
f 911 980 937
f 155 917 938
f 936 1972 1935
f 938 169 980
f 155 938 912
f 73 578 664
f 664 578 592
f 73 664 2001
f 179 564 947
f 124 123 691
f 624 123 116
f 116 123 124
f 102 123 98
f 590 589 593
f 765 564 942
f 180 102 591
f 663 1906 940
f 102 765 691
f 180 1906 945
f 140 126 690
f 765 102 180
f 941 141 126
f 941 944 799
f 691 140 690
f 941 799 141
f 765 942 140
f 942 564 665
f 665 564 179
f 564 765 945
f 946 1881 1953
f 941 942 944
f 593 589 948
f 180 945 765
f 593 948 663
f 950 949 101
f 951 947 993
f 101 163 952
f 950 184 990
f 971 183 952
f 993 1906 948
f 1906 180 940
f 1906 663 948
f 664 940 2001
f 664 663 940
f 949 990 182
f 555 710 750
f 745 710 743
f 747 743 2064
f 782 673 781
f 953 824 769
f 824 953 153
f 954 824 153
f 153 953 955
f 824 957 769
f 153 955 643
f 153 643 1973
f 819 789 856
f 957 824 770
f 767 2065 958
f 961 958 959
f 767 958 961
f 962 961 1020
f 138 962 960
f 801 784 811
f 120 1965 166
f 822 831 834
f 158 966 831
f 967 966 1012
f 831 966 967
f 158 831 832
f 877 967 968
f 166 970 167
f 876 834 831
f 967 876 831
f 186 183 971
f 186 971 159
f 969 968 1010
f 166 167 120
f 167 877 120
f 972 166 1965
f 1009 915 998
f 1880 170 974
f 190 891 995
f 974 976 1009
f 976 969 188
f 998 915 165
f 977 166 972
f 187 977 1985
f 184 978 984
f 975 166 977
f 978 970 975
f 186 970 183
f 970 186 167
f 952 950 101
f 971 952 163
f 876 167 186
f 889 890 879
f 889 864 868
f 878 879 872
f 869 889 879
f 869 879 867
f 864 889 869
f 148 890 873
f 148 911 937
f 169 979 980
f 980 979 937
f 169 939 979
f 936 939 169
f 1880 998 999
f 999 866 982
f 177 982 1935
f 1935 982 939
f 809 810 997
f 997 929 809
f 187 984 975
f 977 187 975
f 991 984 187
f 986 189 989
f 992 973 996
f 985 935 929
f 935 996 987
f 988 994 854
f 182 990 855
f 935 987 926
f 973 987 996
f 1998 992 989
f 972 190 977
f 988 984 991
f 184 950 183
f 992 1998 973
f 972 170 190
f 995 891 178
f 993 947 1906
f 951 993 855
f 854 951 855
f 1003 1004 963
f 992 985 1907
f 994 986 963
f 973 178 983
f 190 170 891
f 178 891 981
f 985 992 996
f 992 1907 989
f 935 985 996
f 985 997 1003
f 985 1003 1907
f 1009 998 974
f 165 999 998
f 974 998 1880
f 981 1880 999
f 994 991 986
f 1907 986 989
f 190 1985 977
f 963 986 1907
f 189 991 187
f 811 784 1000
f 1000 784 1005
f 946 1005 1001
f 1005 784 694
f 1000 1005 946
f 1001 144 944
f 1000 946 1002
f 929 997 985
f 1002 946 1004
f 1002 1003 997
f 1881 946 1001
f 1002 997 810
f 1001 665 1881
f 1002 1004 1003
f 807 181 943
f 942 665 944
f 944 665 1001
f 951 181 807
f 951 807 179
f 692 144 694
f 1001 1005 144
f 1000 810 811
f 1002 810 1000
f 854 994 181
f 943 181 994
f 887 863 865
f 956 1006 954
f 773 819 774
f 2059 731 888
f 856 731 1973
f 188 1009 976
f 969 120 968
f 188 969 1010
f 1008 968 1012
f 966 158 965
f 185 1011 1008
f 1010 968 1008
f 964 1013 185
f 731 1018 1015
f 164 1981 154
f 964 1021 1007
f 1017 1011 185
f 154 1011 1017
f 956 1019 1006
f 1017 185 1013
f 1017 1018 865
f 1018 1017 1013
f 1012 1021 1008
f 1013 964 1019
f 1019 964 1007
f 961 959 1020
f 959 1006 1007
f 1020 833 962
f 1007 1021 965
f 1016 914 1981
f 915 914 1016
f 1009 188 914
f 1014 914 188
f 1006 770 954
f 1015 1019 956
f 1018 1013 1015
f 970 978 183
f 984 978 975
f 866 999 165
f 1015 1973 731
f 2059 1018 731
f 865 1018 887
f 1023 1908 192
f 1023 192 191
f 1024 1030 1908
f 1035 209 1033
f 1031 194 204
f 1026 195 194
f 1028 1030 1024
f 1909 1029 1042
f 194 1025 204
f 193 1022 192
f 225 1908 1030
f 197 1037 1043
f 207 1033 209
f 1044 1036 197
f 195 1045 194
f 1034 1033 198
f 199 1043 1037
f 1028 1026 1032
f 1025 1033 207
f 1039 1040 1038
f 1040 1047 1038
f 196 1036 1027
f 1027 1036 1044
f 1045 198 1025
f 1046 200 1038
f 1909 1042 1039
f 1025 198 1033
f 1039 1038 200
f 1029 1040 1042
f 1042 1040 1039
f 1035 1034 1027
f 1027 1034 196
f 1047 1041 1046
f 1051 1055 1048
f 1064 217 193
f 193 192 1049
f 1051 1050 539
f 1089 201 58
f 1031 1122 1098
f 1089 58 583
f 59 1057 1081
f 1081 1057 1056
f 1113 1057 1992
f 1058 223 1884
f 208 1079 1062
f 1431 212 1059
f 1111 1120 1086
f 1431 1061 1323
f 1089 583 1062
f 216 1059 1114
f 1055 1077 1048
f 219 1089 1072
f 60 586 201
f 1067 1064 1910
f 1065 529 1070
f 1078 1071 1954
f 1064 193 1936
f 1936 1910 1064
f 1055 1051 1073
f 1910 1066 1067
f 1064 1067 1954
f 1079 208 1076
f 59 60 1882
f 1065 218 1068
f 1882 1057 59
f 1911 1069 1074
f 1069 218 1074
f 1944 1883 1073
f 1900 1068 1069
f 1069 1068 218
f 218 1065 210
f 58 201 586
f 201 1089 203
f 539 1944 1051
f 1073 1051 1944
f 1050 208 582
f 1046 1071 200
f 197 1043 1107
f 219 1072 220
f 568 1900 1883
f 208 1062 582
f 1048 208 1050
f 208 1048 1076
f 1069 1911 1073
f 1069 1073 1883
f 1055 1073 1911
f 1093 1094 202
f 1050 1051 1048
f 1125 1058 222
f 1058 1076 1077
f 1079 1076 1884
f 1080 224 223
f 1090 1071 1078
f 1884 1091 1079
f 1079 1072 1062
f 223 1091 1884
f 1049 225 1964
f 1056 1057 1099
f 1106 1885 1084
f 218 210 1966
f 1966 210 1063
f 210 206 1063
f 206 1432 1083
f 1086 1323 1061
f 1063 1087 1092
f 1087 1063 1083
f 1070 210 1065
f 201 1066 60
f 1066 1882 60
f 1067 1066 203
f 219 230 203
f 1046 217 1954
f 231 230 219
f 218 1966 1074
f 1911 1074 1093
f 1093 1074 1052
f 1092 215 1088
f 1088 1093 1052
f 1088 1052 1092
f 1094 1093 1088
f 1911 1093 202
f 1096 229 1088
f 1094 1088 229
f 202 1094 222
f 1105 1131 1109
f 1096 215 1095
f 1090 1039 200
f 1099 1964 1053
f 1060 1056 211
f 211 1053 1100
f 216 234 1061
f 1053 211 1099
f 211 1100 1060
f 1060 1100 1114
f 1101 1964 225
f 1053 1101 1102
f 1104 234 216
f 1102 1123 1104
f 213 1060 1114
f 1103 205 235
f 234 1105 1124
f 1105 1109 1124
f 324 237 1398
f 1398 237 226
f 214 1108 1095
f 1358 1120 1119
f 215 214 1095
f 238 1121 1108
f 1107 1106 2055
f 231 1078 230
f 1909 1090 1885
f 1072 1089 1062
f 1079 1091 1072
f 1072 1091 220
f 220 231 219
f 233 1096 1095
f 1131 1105 205
f 238 1108 214
f 1121 238 1111
f 225 1049 1908
f 1032 1098 1112
f 1964 1101 1053
f 1112 1101 225
f 225 1030 1112
f 1102 1101 1115
f 1113 1099 1057
f 1114 1100 216
f 234 1104 1054
f 1123 1115 235
f 1061 1431 1059
f 209 1035 1117
f 1083 1432 227
f 1083 227 1085
f 1119 237 324
f 1085 237 1110
f 1358 1119 324
f 1110 1119 1111
f 238 1110 1111
f 238 214 1097
f 1092 1087 215
f 215 1097 214
f 1083 1085 1087
f 1085 1110 1097
f 197 2051 1044
f 1044 2051 1117
f 1091 1084 220
f 1043 1909 1885
f 1120 1323 1086
f 1119 1120 1111
f 1031 204 1122
f 1114 1059 213
f 213 1059 212
f 1059 216 1061
f 1104 216 1100
f 1102 1104 1100
f 1054 1104 1123
f 205 1054 1123
f 1105 234 1054
f 234 1124 1061
f 235 205 1123
f 205 1103 1116
f 1101 1112 1115
f 207 204 1025
f 1122 204 1912
f 1086 1061 1124
f 1128 1132 1913
f 236 1118 239
f 2055 1106 224
f 1117 1955 228
f 1122 1103 235
f 1122 240 1103
f 1109 1108 1121
f 1132 232 1913
f 232 1108 1109
f 233 232 1132
f 1102 1115 1123
f 207 1118 1912
f 241 1126 236
f 223 1125 1080
f 223 1058 1125
f 229 1127 242
f 243 236 239
f 243 239 228
f 229 1096 1129
f 1096 233 1129
f 1111 1086 1121
f 1086 1124 1121
f 239 1118 209
f 1125 242 1075
f 222 1094 242
f 242 1094 229
f 1127 229 1129
f 221 1133 1955
f 1075 242 1127
f 1125 1075 1080
f 1133 221 1075
f 221 1080 1075
f 241 1128 1126
f 1116 1126 1128
f 1116 1128 1913
f 1126 1116 240
f 240 1116 1103
f 1082 241 1134
f 1082 1132 241
f 233 1132 1082
f 1955 243 228
f 236 243 1134
f 1134 1130 1082
f 1130 1129 1082
f 1127 1129 1130
f 1130 1134 1133
f 1133 1134 243
f 1913 1131 1116
f 1131 205 1116
f 1171 1153 247
f 1257 245 1180
f 251 1214 1184
f 574 1136 78
f 1137 77 569
f 1139 1181 1138
f 1914 1173 1167
f 1169 552 75
f 1264 1191 1237
f 1219 1141 1220
f 248 2062 94
f 575 2062 1956
f 1179 249 253
f 44 77 1914
f 1159 89 1899
f 1136 1150 2013
f 1140 1914 1137
f 244 245 246
f 244 246 1142
f 1137 1172 1140
f 1145 552 1169
f 1171 1169 1146
f 569 1956 1137
f 250 1189 1147
f 1169 75 1148
f 254 1348 264
f 2013 1150 1151
f 1145 1136 552
f 1136 574 551
f 1155 1262 1156
f 260 1156 1135
f 1135 1156 248
f 244 1180 245
f 1146 1153 1171
f 1167 1154 44
f 1144 257 1937
f 1156 244 248
f 263 1157 1158
f 1142 2062 244
f 1144 1159 257
f 266 265 1197
f 1160 1161 1207
f 1154 1167 257
f 268 269 1205
f 1146 1159 1144
f 1146 1169 1148
f 1140 251 1173
f 1914 1167 44
f 1171 1145 1169
f 263 1175 1937
f 1158 1157 1173
f 1173 1157 1167
f 1144 1175 1170
f 1165 1177 1164
f 1229 1208 1228
f 258 260 1135
f 1172 1138 1140
f 1142 246 1172
f 246 1139 1138
f 1262 288 1180
f 1139 246 245
f 1182 1181 1179
f 246 1138 1172
f 1214 251 1183
f 1140 1138 251
f 1138 1181 1183
f 1182 1185 1214
f 1179 1181 1139
f 253 1256 1179
f 1173 1184 1158
f 1183 1182 1214
f 245 249 1139
f 245 1257 249
f 1182 1183 1181
f 1974 1174 1219
f 1185 1141 1219
f 1247 1185 1256
f 1182 1256 1185
f 1202 1195 1999
f 1147 1143 1194
f 1151 1150 1147
f 2013 254 264
f 1156 1180 244
f 1170 273 247
f 1189 1143 1147
f 1170 1153 1144
f 1213 1170 1175
f 247 273 1189
f 1171 247 250
f 1213 1175 1187
f 1209 274 1212
f 272 275 1143
f 247 1189 250
f 1188 275 272
f 272 1143 1189
f 1194 1143 275
f 1194 1190 1147
f 272 1215 1188
f 1188 1206 1999
f 1188 1215 1192
f 276 1201 1193
f 265 266 1166
f 254 2013 1151
f 1194 1195 261
f 261 1197 262
f 1196 1195 1202
f 1196 261 1195
f 1196 1202 1177
f 266 1196 1163
f 1164 1200 1165
f 1177 1163 1196
f 277 1176 1205
f 1177 1165 1176
f 1190 1151 1147
f 1197 265 1198
f 1198 1348 262
f 1201 1164 1193
f 1203 278 1204
f 1204 1205 1165
f 1199 1204 1200
f 268 1160 1207
f 268 1205 278
f 1205 1204 278
f 1160 268 278
f 277 267 1176
f 277 1205 269
f 1177 1176 1163
f 1165 1205 1176
f 1150 1145 250
f 1145 1171 250
f 1178 1161 1160
f 258 1208 260
f 1156 260 1155
f 1155 260 1236
f 1221 1217 1222
f 1190 254 1151
f 1190 261 262
f 262 1197 1198
f 254 1190 262
f 1348 254 262
f 1212 1213 1187
f 1216 273 1213
f 273 1170 1213
f 1214 1174 1184
f 1216 1213 1212
f 1209 1212 2066
f 274 1209 1152
f 1141 1247 252
f 1218 1974 1217
f 1214 1185 1219
f 1218 1187 270
f 1187 263 270
f 270 263 1158
f 1218 270 1174
f 1221 1209 1217
f 1215 273 1216
f 1189 273 272
f 1188 1999 275
f 1193 1999 1206
f 1163 1166 266
f 1176 267 1163
f 276 1223 1211
f 1149 280 1224
f 1211 1938 276
f 1938 1201 276
f 1938 1211 1225
f 1199 1225 281
f 1226 1211 1223
f 1216 1238 1215
f 1192 1206 1188
f 1160 278 1227
f 1227 1203 1229
f 1178 1228 259
f 1228 258 259
f 1227 1178 1160
f 1199 1938 1225
f 281 1957 1230
f 1228 1178 1227
f 1228 1227 1229
f 258 1228 1208
f 1234 1233 1251
f 1229 1231 1208
f 1225 1240 1957
f 1235 1240 1210
f 1210 1240 279
f 1234 255 1233
f 1231 1234 1239
f 1230 1232 281
f 280 1149 1235
f 1239 1236 1208
f 256 1236 1239
f 1178 1168 1161
f 1168 259 1162
f 271 1237 1191
f 1221 271 1191
f 271 1222 1220
f 1175 263 1187
f 270 1158 1184
f 1238 1216 274
f 1223 1238 1152
f 1192 1238 1223
f 276 1192 1223
f 282 1152 1209
f 274 1152 1238
f 1219 1174 1214
f 1209 1221 282
f 283 282 1191
f 1223 1152 2021
f 1200 1938 1199
f 1239 1234 1251
f 1239 1251 256
f 1208 1231 1239
f 1240 1225 1211
f 1232 1231 1229
f 1234 1231 1230
f 258 1135 259
f 1141 1186 1220
f 1220 1186 271
f 283 1191 1264
f 1221 1191 282
f 1264 1241 283
f 279 283 1241
f 1241 280 1210
f 1241 1210 279
f 1242 1250 286
f 287 1243 288
f 1244 1257 1243
f 1244 289 290
f 1246 286 1248
f 285 252 1247
f 1250 1248 286
f 1258 285 1249
f 1246 1259 1252
f 249 1257 253
f 1248 1259 1246
f 288 1243 1257
f 1251 1233 1255
f 289 1249 284
f 284 253 290
f 1258 1252 252
f 1186 1259 1248
f 252 1259 1141
f 1141 1259 1186
f 1266 1260 292
f 1257 290 253
f 1256 285 1247
f 291 1265 1254
f 1267 1268 293
f 287 1262 1266
f 1253 1261 1250
f 252 285 1258
f 292 1260 1263
f 1263 1260 1245
f 1250 1261 1264
f 1250 1264 1237
f 293 1268 1149
f 1260 1266 256
f 1180 288 1257
f 1241 1265 280
f 1241 1264 1261
f 1265 1261 1254
f 1186 1248 1237
f 253 284 1256
f 290 289 284
f 280 1265 1224
f 287 288 1262
f 256 1266 1155
f 1155 1266 1262
f 1245 1255 1267
f 1268 1233 1149
f 1268 1267 1255
f 1255 1245 1251
f 1245 1260 1251
f 1251 1260 256
f 1268 1255 1233
f 1303 62 61
f 294 1359 1269
f 1312 1270 1361
f 2011 295 1327
f 1360 1270 1498
f 1285 1272 302
f 1687 297 1551
f 1448 1274 1297
f 1450 468 456
f 1278 1288 1280
f 1318 1339 1292
f 1505 1464 1462
f 1392 1433 2053
f 1342 456 1295
f 1295 456 1876
f 294 461 1975
f 1283 1282 454
f 1322 1877 25
f 480 1311 1341
f 458 1975 461
f 304 1162 1286
f 1292 1339 1916
f 1286 1162 93
f 1348 1381 264
f 307 1293 1939
f 264 78 2013
f 1439 1442 1198
f 267 1296 1166
f 1309 26 1297
f 1309 1297 1343
f 61 1298 1303
f 1296 1299 1482
f 269 1300 277
f 295 2011 2
f 478 29 1304
f 265 1439 1198
f 1322 315 1369
f 1161 1395 1207
f 1941 1924 1281
f 1307 1334 1345
f 466 306 1307
f 1278 1975 1310
f 483 1309 306
f 1361 1279 1312
f 1426 1168 1162
f 24 457 1326
f 49 1314 1444
f 1485 47 1429
f 466 1307 29
f 467 316 1275
f 1969 1316 309
f 1339 1318 1377
f 519 316 467
f 1341 1294 480
f 519 2058 316
f 320 1671 1668
f 1369 1283 1322
f 1431 1323 321
f 1361 294 1279
f 1324 1290 1289
f 468 1326 457
f 1329 1320 1407
f 2011 1327 434
f 343 1449 1398
f 2014 434 300
f 300 434 1327
f 6 438 1329
f 1372 1371 1330
f 560 10 1331
f 71 559 337
f 559 560 337
f 6 1329 10
f 303 8 2014
f 1333 309 1888
f 1327 1413 300
f 309 1333 1969
f 1327 295 298
f 1316 325 309
f 1430 1470 1584
f 1307 306 1334
f 1326 1401 24
f 206 1337 1432
f 1346 481 478
f 1070 1338 1337
f 328 1320 438
f 1337 206 1070
f 1320 328 1408
f 1339 1377 1308
f 1585 1340 1520
f 329 1294 1341
f 1328 1369 315
f 1306 1292 1346
f 1304 1346 478
f 29 1307 1304
f 1304 1307 1345
f 1308 1341 1311
f 1322 25 1294
f 1309 1343 306
f 1417 1345 1344
f 1345 1334 1637
f 1282 1295 454
f 1322 1283 1877
f 1282 1283 1369
f 1304 1345 1417
f 1392 2053 1566
f 1415 1494 371
f 1443 1353 1315
f 1626 1354 2063
f 1355 41 669
f 1448 1275 316
f 1448 316 1356
f 335 1406 1357
f 1312 1387 1270
f 1362 1498 1497
f 1362 1497 1566
f 1361 1360 1359
f 2067 1360 1498
f 455 1288 1278
f 1401 1288 24
f 1450 1403 1401
f 334 1408 328
f 334 328 1364
f 337 1331 1407
f 1412 1350 2032
f 1407 1331 1329
f 295 1366 298
f 1364 303 1367
f 328 303 1364
f 1367 303 300
f 313 1939 1316
f 1303 307 62
f 296 1368 1378
f 1305 1369 1328
f 1330 1285 1374
f 1342 1295 302
f 1328 1371 1372
f 1373 1372 1374
f 1372 1305 1328
f 1418 1330 1375
f 1462 1464 1371
f 1372 1330 1374
f 1330 1465 1375
f 1418 1285 1330
f 296 1922 1377
f 1341 1308 1922
f 1464 1465 1330
f 1558 388 338
f 1468 679 1380
f 339 340 1570
f 1393 1381 1382
f 1303 331 1293
f 264 1381 1915
f 1471 546 1427
f 341 212 1600
f 71 1384 1350
f 1449 343 1918
f 344 1385 1386
f 1386 1385 1351
f 1497 1387 1388
f 1566 1474 1392
f 1390 1434 1391
f 1522 1436 1392
f 1531 1393 347
f 1480 1395 1467
f 1919 1314 322
f 1396 668 527
f 1355 1317 318
f 318 1317 1928
f 1317 1355 669
f 1288 1401 301
f 1404 1926 1925
f 1364 2026 1405
f 1364 1405 334
f 334 1405 1406
f 71 337 1384
f 1365 1407 1320
f 1407 1384 337
f 2032 1384 1940
f 1408 317 2042
f 1408 334 317
f 317 334 1406
f 317 1406 335
f 615 542 71
f 1366 295 1888
f 309 1332 1888
f 300 1413 1367
f 1413 336 1367
f 438 303 328
f 1303 354 331
f 1303 1298 354
f 1293 331 312
f 331 1414 312
f 1943 1383 1970
f 1970 354 1298
f 1452 1921 1383
f 331 1453 1894
f 1494 1454 1550
f 1318 1292 1306
f 357 1457 1416
f 1344 1637 358
f 1417 314 1306
f 1372 1373 1305
f 302 1373 1374
f 1418 1375 1419
f 357 1377 1318
f 1328 1370 1371
f 1294 329 315
f 1421 1370 1378
f 1368 1420 1421
f 1422 357 1416
f 1287 1424 1467
f 360 1571 1986
f 340 1425 1571
f 1321 59 1340
f 1431 1600 212
f 1289 1542 361
f 1350 342 615
f 615 2046 587
f 1338 2046 344
f 344 2046 342
f 226 227 1982
f 1338 344 1337
f 605 2053 554
f 1362 1566 2053
f 1528 1277 1389
f 1390 1435 1468
f 1476 1389 1437
f 362 265 1166
f 1439 362 1440
f 362 1439 265
f 1440 1442 1439
f 1480 269 1207
f 1443 49 606
f 322 1445 1623
f 1623 1445 1535
f 1397 1484 527
f 1443 1314 49
f 1919 1444 1314
f 1397 1444 1919
f 1446 754 48
f 1484 1396 527
f 1317 1396 1447
f 1319 318 1928
f 1448 318 1274
f 318 1448 1355
f 333 1358 1449
f 1358 324 1449
f 1486 1398 226
f 1486 343 1398
f 1336 1323 1120
f 1537 1538 1598
f 301 1401 1403
f 1450 1401 1326
f 1376 1404 1272
f 1351 1385 363
f 1385 1412 363
f 1412 1385 342
f 1386 1337 344
f 342 1385 344
f 336 353 2026
f 1367 336 2026
f 1367 2026 1364
f 336 1490 1492
f 1411 1406 1405
f 1411 1920 2018
f 1383 1943 308
f 1383 308 1452
f 1452 1453 1921
f 312 1496 1939
f 1453 1923 1894
f 1393 1531 1452
f 1304 1417 1346
f 365 1459 1612
f 1271 1458 1368
f 329 1922 296
f 1271 296 1377
f 1271 1377 357
f 1460 1503 1420
f 1416 1457 366
f 1416 366 1459
f 1378 315 329
f 1422 1271 357
f 1271 1368 296
f 1502 1423 1503
f 1462 1421 1420
f 400 1505 1461
f 1464 1466 1465
f 1508 1465 1663
f 1466 1464 1505
f 1578 1467 1395
f 1273 1291 1512
f 1468 1380 1390
f 1435 305 1468
f 305 1291 1468
f 1512 1291 305
f 1381 1393 308
f 1348 1382 1381
f 347 1393 1382
f 1428 81 572
f 1471 1427 367
f 1321 572 536
f 1470 1428 1584
f 1428 1321 1584
f 1824 368 1583
f 1859 323 1290
f 1522 1474 1475
f 1277 1276 1389
f 1528 1389 1476
f 1482 1441 1296
f 1296 362 1166
f 1440 362 1441
f 348 1394 1438
f 1382 1348 1442
f 1479 1554 1480
f 1482 1530 1441
f 322 1443 1315
f 1534 1353 119
f 1315 1353 1313
f 119 754 1534
f 350 1533 1313
f 1533 1315 1313
f 1396 1484 1447
f 1514 48 47
f 1485 369 1514
f 1449 324 1398
f 1351 1487 1486
f 343 1487 1536
f 363 1488 1487
f 1400 1536 1942
f 1918 343 1536
f 1489 1472 321
f 298 1366 1491
f 1491 1366 1544
f 298 1490 1413
f 1491 1490 298
f 1357 1851 335
f 2018 353 2003
f 1495 370 385
f 1495 385 1551
f 1316 1496 325
f 1415 1496 1454
f 1496 312 1414
f 1637 1344 1345
f 1875 1344 358
f 1457 314 366
f 1510 1608 1363
f 1363 1926 1404
f 1609 372 1475
f 372 373 345
f 358 374 1635
f 365 1612 375
f 1504 365 375
f 1271 1422 1458
f 1504 1501 1460
f 1420 1505 1462
f 1976 2027 1663
f 2028 1419 1508
f 359 2028 1707
f 2028 359 1419
f 1509 1707 1755
f 1510 1917 1419
f 1507 1510 359
f 1507 359 1756
f 1363 1499 1926
f 1376 1363 1404
f 1380 679 570
f 1291 679 1468
f 1477 1390 1380
f 1391 1529 1680
f 1425 1513 1571
f 1427 1428 1470
f 1521 1585 1520
f 1324 1335 1859
f 1582 1583 367
f 1429 1517 1485
f 1514 1519 1446
f 1517 1429 1471
f 413 1834 376
f 1517 369 1485
f 1516 1469 368
f 1518 369 1469
f 1520 377 1521
f 1474 1522 1392
f 1607 1475 1474
f 1607 1474 1473
f 1858 1857 1609
f 1436 1281 83
f 1436 1941 1281
f 1525 346 1526
f 1620 1529 378
f 1681 379 380
f 1277 1528 1434
f 378 1528 1476
f 1526 345 373
f 1281 1284 118
f 1524 1476 1437
f 1438 1382 1442
f 1438 1440 348
f 1923 1394 1532
f 1441 348 1440
f 1530 348 1441
f 1923 1531 347
f 1394 1923 347
f 1923 1532 1550
f 1480 1554 1300
f 1480 1300 269
f 1395 1480 1207
f 267 1987 1296
f 267 277 1300
f 267 1300 1987
f 1534 1313 1353
f 350 1313 1534
f 350 349 1533
f 349 350 319
f 1315 1533 1483
f 1483 1533 1593
f 1533 349 1593
f 1534 1446 1519
f 1514 1446 48
f 1918 1536 1400
f 1536 1488 1942
f 352 1409 335
f 352 1410 1400
f 321 1336 1489
f 1399 1918 1597
f 381 1540 1845
f 1538 1539 1543
f 1449 1399 333
f 1336 321 1323
f 1600 321 1472
f 1489 1539 1537
f 1537 1539 1538
f 333 1539 1489
f 1399 1543 1539
f 1358 333 1336
f 1336 333 1489
f 1845 1538 1543
f 1538 1845 1540
f 341 1290 323
f 1490 1325 1492
f 1325 1545 2017
f 1545 1325 1544
f 1544 1325 1491
f 1490 1491 1325
f 1544 310 1545
f 310 1455 1301
f 1547 383 356
f 310 1544 1546
f 1546 1544 1366
f 325 386 309
f 309 386 1332
f 311 386 325
f 310 1546 1455
f 386 1455 1332
f 1332 1455 1546
f 2017 387 1451
f 311 371 1301
f 311 325 1415
f 1455 386 311
f 370 1545 310
f 2017 1545 384
f 387 1495 297
f 384 387 2017
f 371 311 1415
f 1545 370 384
f 356 355 1602
f 385 1601 1551
f 371 383 1301
f 385 370 1547
f 383 1549 355
f 1547 356 385
f 1302 364 1548
f 1549 1302 355
f 1548 364 1532
f 348 1530 1803
f 371 1494 1549
f 1494 364 1549
f 356 383 355
f 1551 1601 1687
f 1653 1302 1553
f 1552 1803 1530
f 1553 1302 1548
f 1482 338 1530
f 1479 1481 1554
f 1479 1555 1481
f 389 1556 1561
f 1555 1479 1557
f 1558 338 1481
f 1299 1481 338
f 1554 1481 1299
f 1555 1558 1481
f 1561 1558 1562
f 1480 1467 1617
f 1555 1557 1563
f 1714 390 1564
f 1473 1566 1497
f 2041 1607 1388
f 2041 1567 1607
f 1475 1607 1609
f 1652 1612 1459
f 1875 366 314
f 1648 391 1652
f 1662 1568 320
f 1477 2029 1390
f 1570 1435 396
f 1286 93 553
f 1426 1162 304
f 1273 1286 553
f 1512 304 1286
f 1986 1571 1572
f 340 360 1570
f 340 1571 360
f 1576 1575 1643
f 340 1575 1425
f 1574 1576 1573
f 1576 1425 1575
f 1576 1574 1425
f 1287 1572 1513
f 1643 1589 1576
f 1578 1287 1467
f 1426 1161 1168
f 1340 59 1081
f 1520 1340 1081
f 1469 1517 368
f 1580 1828 1581
f 1469 1516 1581
f 1471 367 1517
f 1517 367 368
f 367 1583 368
f 1430 1582 1470
f 368 1824 1516
f 1427 1582 367
f 1582 1805 1583
f 319 1519 1518
f 377 1520 1889
f 1859 1521 377
f 1859 377 323
f 213 323 377
f 1889 213 377
f 372 1857 373
f 372 345 1475
f 1588 1586 1587
f 1586 1708 2004
f 2006 1587 1586
f 1525 1588 346
f 1524 346 1527
f 1643 392 1589
f 346 1924 1526
f 1590 1591 1633
f 1591 1621 1592
f 1621 1713 1592
f 1594 1651 1634
f 1595 1411 2018
f 1850 393 1596
f 1411 1357 1406
f 1597 1410 1541
f 1410 1597 1400
f 382 1598 1540
f 1540 1598 1538
f 1599 1842 1849
f 1600 1542 341
f 1600 1431 321
f 1290 341 1542
f 212 341 323
f 361 1598 382
f 2003 2017 1451
f 1601 385 1602
f 385 356 1602
f 1653 1602 355
f 1601 1602 332
f 1604 1618 1559
f 1605 1698 1658
f 1562 1604 1560
f 2018 1493 1595
f 1660 1657 390
f 1270 1387 1498
f 1388 1473 1497
f 1500 1387 1312
f 1388 1387 1500
f 1499 1858 1567
f 1641 1515 1610
f 1502 1501 1611
f 1502 1568 1423
f 1614 1664 1666
f 305 1435 1570
f 305 360 1512
f 1570 396 339
f 1681 1646 395
f 1572 1578 1426
f 1571 1513 1572
f 1425 1574 1513
f 1577 1574 1615
f 1577 1616 1424
f 1618 1424 1616
f 1563 1617 1424
f 1563 1424 1618
f 1615 1574 1573
f 1697 1618 1616
f 1555 1563 1604
f 1557 1617 1563
f 1675 1559 1701
f 1559 1618 1697
f 1578 1161 1426
f 1585 1521 2033
f 1569 1391 1927
f 1528 1529 1434
f 1518 1579 1711
f 1633 1647 1590
f 1349 1630 1535
f 1483 1349 1445
f 351 1622 1627
f 374 1624 2068
f 1484 1628 1447
f 1622 1535 1630
f 1622 1630 1625
f 1319 1629 330
f 1447 1928 1317
f 1594 1625 1630
f 1484 1919 1628
f 1919 1623 1628
f 1887 2068 1629
f 1887 1628 351
f 1274 1319 330
f 374 1627 2063
f 1593 1631 1483
f 1632 1647 1633
f 1354 1625 1634
f 1627 1622 1626
f 391 1648 1515
f 1648 1456 1354
f 1636 1635 1456
f 1624 1637 330
f 1631 1349 1483
f 1357 1411 2016
f 1410 1851 397
f 1845 1541 1853
f 1597 1543 1399
f 1845 1543 1541
f 361 1809 1289
f 1840 1809 361
f 1324 1289 1638
f 1289 1809 1638
f 1495 1551 297
f 332 1688 1601
f 1687 1601 1688
f 1562 1674 1561
f 1603 1688 332
f 1493 1850 1595
f 2041 1388 1500
f 1473 1388 1607
f 1641 391 1515
f 1612 391 375
f 1423 1662 1463
f 1649 1641 1610
f 1575 340 339
f 1569 1435 1390
f 1927 1642 1646
f 396 1644 1645
f 1643 1645 1644
f 339 1645 1575
f 1643 1575 1645
f 1592 1683 1591
f 1593 1590 1631
f 1445 322 1315
f 1349 1631 1630
f 1631 1594 1630
f 398 1610 1651
f 1634 1515 1648
f 1610 1634 1651
f 1641 1650 391
f 1614 1666 1613
f 1610 398 1649
f 1650 1641 1664
f 1632 398 1651
f 1632 1651 1647
f 1632 1633 1725
f 1456 1648 1652
f 1625 1354 1626
f 1635 1875 358
f 374 358 1624
f 1624 358 1637
f 397 1541 1410
f 1841 382 1540
f 361 382 1840
f 332 1653 1988
f 1556 389 1988
f 1655 1689 1493
f 1606 1451 387
f 1451 1606 1656
f 1660 390 1655
f 1687 1658 1718
f 1659 1661 297
f 1661 1659 1716
f 297 1661 1606
f 1614 1611 1650
f 1463 1662 1347
f 400 1461 1463
f 1347 1662 399
f 1505 400 1466
f 400 1663 1466
f 320 1568 1613
f 1710 1684 402
f 1710 1667 1666
f 1725 1633 1683
f 1665 392 380
f 1666 1671 1613
f 1710 1666 1664
f 1666 1667 1671
f 399 320 1668
f 1671 1669 1668
f 1669 1671 1667
f 1669 1667 1691
f 1722 1670 1669
f 404 1668 1670
f 380 379 1665
f 1782 405 1672
f 1576 1589 1573
f 1697 1379 1701
f 1560 1559 1675
f 1674 1560 1675
f 1673 1674 1675
f 1562 1560 1674
f 1676 395 1642
f 1672 392 1665
f 1739 1872 1677
f 1798 1783 1786
f 1665 379 1781
f 1646 380 1644
f 1681 380 1646
f 1644 1927 1646
f 1684 1649 398
f 1664 1641 1649
f 1710 1649 1684
f 1685 1590 1593
f 1593 349 1685
f 1711 1621 349
f 1647 1651 1594
f 1631 1647 1594
f 1590 1647 1631
f 374 2063 1635
f 1456 1635 2063
f 1636 1459 366
f 1654 1603 389
f 1654 1673 1703
f 1655 1493 1890
f 1493 1689 1850
f 1714 1689 390
f 1687 1659 297
f 1568 1662 1423
f 399 1662 320
f 1727 1726 1690
f 1737 416 419
f 1892 1691 1692
f 1722 1691 1721
f 1727 1692 402
f 1463 1347 401
f 1589 1696 1573
f 1694 1700 1695
f 1778 1700 1777
f 1700 1694 1777
f 1573 1696 1694
f 1695 1615 1694
f 1573 1694 1615
f 1672 1696 1589
f 1694 1696 1777
f 1379 1695 1700
f 1615 1616 1577
f 1703 1673 1702
f 1658 1688 1703
f 1654 1703 1603
f 1687 1688 1658
f 1654 1674 1673
f 1620 378 1704
f 1620 1704 1679
f 1642 1620 1679
f 378 1527 1352
f 411 1679 1704
f 1352 1527 1588
f 1705 1679 411
f 1679 1705 1676
f 1676 1705 1861
f 395 1676 1682
f 1352 1588 1706
f 1708 1746 1724
f 411 1709 1705
f 1706 1866 411
f 1525 1586 1588
f 1725 1683 1726
f 402 1692 1710
f 1691 1667 1692
f 1633 1591 1683
f 1685 1621 1591
f 1713 1621 1711
f 1856 1712 1855
f 390 1689 1655
f 1715 1657 1640
f 1451 1656 1890
f 1655 1656 1660
f 1656 1606 1661
f 1564 1849 432
f 1716 1640 1657
f 1564 1657 1715
f 1639 1733 1767
f 1716 1657 1660
f 1717 1640 407
f 1640 1717 2005
f 1659 1718 407
f 1718 1698 407
f 1640 1716 407
f 1699 1702 1720
f 1698 1717 407
f 1698 1719 1717
f 1658 1698 1718
f 409 1720 1702
f 1775 410 408
f 1702 1699 1605
f 403 1722 1891
f 1696 1672 1777
f 1524 1527 1476
f 402 1684 1726
f 398 1725 1684
f 1728 1727 1690
f 1727 1892 1692
f 1729 376 1741
f 1728 376 1729
f 1765 1715 1732
f 1702 1673 409
f 1379 409 1701
f 408 409 1379
f 1677 1735 1742
f 1691 1722 1669
f 403 1670 1722
f 1730 1734 1721
f 1731 1892 1729
f 1734 1736 1891
f 1736 1734 1737
f 1737 1734 1730
f 418 1735 1872
f 1741 1731 1729
f 1737 1730 416
f 1834 422 415
f 1742 1735 1737
f 1802 1738 1739
f 1741 416 1730
f 416 415 419
f 419 1742 1737
f 1731 1741 1730
f 1670 403 404
f 1693 404 1744
f 399 1668 404
f 1744 404 403
f 1745 401 1347
f 1347 399 1693
f 1745 1976 401
f 1865 420 421
f 1708 1857 1746
f 1756 1757 1724
f 1690 1959 1748
f 1833 1754 1749
f 1849 1564 1765
f 1717 1768 2005
f 1759 1719 1699
f 419 2023 1742
f 1834 415 416
f 1721 1892 1731
f 1727 1729 1892
f 1741 376 1834
f 1752 419 415
f 1754 1835 1753
f 415 422 1788
f 1788 422 1837
f 1693 1745 1347
f 1693 1744 1863
f 1765 1564 1715
f 1929 1759 410
f 1379 1776 408
f 1766 1599 1732
f 415 1788 1752
f 2023 419 1752
f 1751 1784 1799
f 1511 1756 1724
f 1707 1509 1756
f 1715 1640 1639
f 1732 1715 1639
f 1732 1767 1766
f 1733 1768 1760
f 1762 1767 1733
f 1768 1929 1760
f 1762 1930 1793
f 1769 2022 1772
f 1770 1792 1795
f 1766 1931 1791
f 424 1798 1751
f 426 1794 1789
f 1699 1720 410
f 410 1720 408
f 409 408 1720
f 1778 1779 1776
f 1777 1672 405
f 1994 1778 405
f 1778 1777 405
f 1665 1781 1782
f 405 1782 1774
f 1775 1779 1773
f 1779 1994 1773
f 1801 1780 1800
f 1769 1751 1798
f 1665 1782 1672
f 1774 1782 1790
f 406 1781 379
f 1751 1769 1772
f 1784 1772 1773
f 1849 1765 1599
f 1787 1752 1788
f 1798 1794 1761
f 1789 1788 427
f 1797 1739 414
f 1774 1990 1994
f 1785 1990 1790
f 406 1790 1781
f 1771 1599 1766
f 1792 1770 1791
f 426 1792 1960
f 1761 1794 426
f 1786 1752 1787
f 427 1795 1789
f 1795 426 1789
f 427 2015 1795
f 424 414 1783
f 1783 414 2023
f 1783 1798 424
f 2023 414 1677
f 2023 1677 1742
f 414 424 1797
f 1797 1785 1802
f 1799 1785 1797
f 406 1678 1800
f 1739 1677 414
f 1795 1792 426
f 1790 406 1780
f 1780 1802 1785
f 1738 1802 1801
f 1872 1738 1871
f 306 1343 1334
f 330 1343 1274
f 317 335 1409
f 1550 364 1494
f 1416 1459 365
f 1619 1430 1584
f 1805 1824 1583
f 1895 1804 1806
f 1430 1805 1582
f 1811 1808 1807
f 1832 1854 1808
f 1809 1817 1818
f 1805 1807 1825
f 327 1806 1804
f 412 1812 1811
f 1811 1812 1808
f 1814 1813 1895
f 1895 1813 412
f 1638 1818 1814
f 1832 1812 428
f 412 1813 1815
f 1807 1808 1810
f 1818 1817 1821
f 1821 1817 1844
f 1812 1816 428
f 1820 428 1816
f 1815 1813 1821
f 1822 1844 1817
f 429 423 1750
f 1822 1817 1840
f 1827 1823 1959
f 1747 1713 1579
f 1959 1683 1827
f 1748 1823 1686
f 1828 1747 1581
f 1826 1747 1712
f 1713 1826 1827
f 1469 1581 1579
f 1581 1516 1580
f 1747 1828 1712
f 1713 1747 1826
f 1824 1580 1516
f 1821 2061 1815
f 1844 429 1750
f 1830 1836 1819
f 428 1796 1832
f 1852 1855 1831
f 1748 1686 1749
f 1748 1758 1728
f 1978 1819 1836
f 1820 1819 428
f 1839 1832 1796
f 1753 422 1834
f 1837 1835 425
f 1836 1830 1770
f 1837 425 2015
f 1835 431 425
f 1856 1852 430
f 1833 431 1754
f 431 1835 1754
f 431 1838 425
f 1978 425 1838
f 430 1839 431
f 422 1753 1835
f 413 1753 1834
f 1833 1749 1686
f 326 1806 327
f 1814 1895 1806
f 1842 1847 1849
f 429 1844 1822
f 1841 1565 1961
f 1846 1843 429
f 1841 1961 1846
f 1843 1961 1842
f 299 1842 1599
f 1853 381 1845
f 1689 1714 393
f 1596 394 2016
f 1818 1821 1813
f 2061 1821 1844
f 1825 1807 1810
f 1824 1825 1580
f 1852 1810 1854
f 1825 1810 1831
f 1854 1810 1808
f 1713 1827 1592
f 1823 1827 1826
f 376 1758 413
f 299 1829 423
f 1771 1829 299
f 1846 429 1822
f 432 1714 1564
f 393 1714 432
f 430 1852 1854
f 1852 1856 1855
f 1712 1856 1686
f 1847 1961 1565
f 381 2070 1565
f 393 2057 1596
f 1712 1686 1823
f 1580 1855 1828
f 1855 1712 1828
f 1825 1831 1580
f 1567 1858 1609
f 1857 1708 373
f 1511 1746 1858
f 1507 1756 1511
f 1858 1608 1511
f 1363 1608 1499
f 1608 1510 1507
f 1848 1596 2070
f 394 1596 1848
f 1853 397 1848
f 1853 1848 2070
f 1324 1638 1335
f 1335 1638 1814
f 1806 1335 1814
f 1290 1324 1859
f 1866 2007 1860
f 1861 1864 1977
f 1968 1977 1873
f 1866 1709 411
f 1977 1862 1861
f 1869 1738 1801
f 1860 1864 1709
f 1866 1860 1709
f 1709 1864 1861
f 1587 2006 2007
f 420 1860 421
f 2007 2006 1867
f 1802 1780 1801
f 1681 1682 1678
f 1868 1682 1862
f 1682 1868 1678
f 1870 1869 1801
f 1800 1780 406
f 1870 1868 1862
f 1800 1678 1868
f 1870 1801 1800
f 1871 1738 1869
f 1868 1870 1800
f 1862 1977 1870
f 1873 1740 1968
f 1743 1963 1744
f 1743 403 1723
f 417 1871 1968
f 1743 1723 417
f 1723 418 417
f 1860 420 1864
f 1743 417 1740
f 1869 1977 1968
f 1740 1874 1963
f 1744 403 1743
f 1863 1744 1963
f 1864 420 1873
f 420 1865 1874
f 1839 1796 1838
f 431 1839 1838
f 1854 1839 430
f 1784 1773 1994
f 1875 1417 1344
f 1875 314 1417
f 1521 1859 1335
f 460 1876 23
f 471 1877 462
f 99 588 2040
f 680 657 122
f 33 2019 499
f 85 1898 149
f 841 842 835
f 1879 858 861
f 907 645 826
f 941 140 942
f 170 1880 891
f 1881 179 807
f 217 1041 1022
f 1886 1084 1885
f 1886 220 1084
f 1127 1130 1075
f 461 294 1269
f 78 1915 574
f 1628 1887 1447
f 2 1888 295
f 226 1982 1486
f 1704 1352 1706
f 1779 1775 408
f 1675 1701 409
f 1734 1891 1722
f 1691 1892 1721
f 1767 1931 1766
f 1772 1893 1773
f 1929 1893 1763
f 1751 1799 424
f 1454 1894 1550
f 1811 1895 412
f 493 1878 2019
f 516 510 500
f 521 654 655
f 50 697 666
f 1896 450 43
f 567 58 586
f 69 1068 1900
f 1949 1898 801
f 1900 568 576
f 1915 1943 574
f 1899 97 566
f 563 52 616
f 652 85 659
f 657 648 122
f 548 707 80
f 677 676 756
f 841 835 837
f 125 1932 720
f 129 1901 713
f 1902 70 541
f 771 728 774
f 1949 808 151
f 138 767 962
f 961 962 767
f 756 505 717
f 795 761 608
f 778 1903 779
f 1903 796 608
f 1903 134 779
f 803 652 659
f 771 705 728
f 1904 926 828
f 911 916 912
f 922 176 920
f 1905 923 927
f 1935 934 177
f 923 926 927
f 645 133 826
f 176 921 920
f 1004 943 963
f 963 1907 1003
f 1908 1023 1024
f 1029 1909 199
f 1909 1043 199
f 192 1908 1049
f 1058 1884 1076
f 1066 1910 1882
f 1883 1900 1069
f 1055 1911 202
f 1090 1886 1885
f 219 203 1089
f 1078 231 1886
f 1889 1081 1056
f 1099 1113 1964
f 1885 1107 1043
f 1122 1912 240
f 1912 1126 240
f 1914 1140 1173
f 1170 247 1153
f 1218 2066 1187
f 281 1232 1199
f 1149 255 1235
f 279 1226 2021
f 2010 461 1269
f 1492 1325 2017
f 1915 78 264
f 337 560 1331
f 1333 1888 2
f 1292 2030 481
f 1917 1418 1419
f 1915 1381 308
f 1484 1397 1919
f 1366 1888 1332
f 2026 1920 1405
f 331 354 1921
f 1383 1921 354
f 331 1894 1414
f 1454 1414 1894
f 1922 329 1341
f 1921 1453 331
f 1550 1894 1923
f 296 1378 329
f 1503 1423 1461
f 1923 1453 1531
f 1447 1887 1928
f 1452 308 1393
f 301 1925 1402
f 1925 2002 1402
f 1503 1501 1502
f 1917 1376 1418
f 1524 1437 1523
f 352 335 1851
f 1410 352 1851
f 1525 1708 1586
f 1400 1597 1918
f 1449 1918 1399
f 396 1927 1644
f 322 1623 1919
f 1319 1928 1629
f 1887 1629 1928
f 1625 1594 1634
f 1606 387 297
f 1281 1924 1284
f 2003 1890 2018
f 1721 1734 1722
f 1603 1703 1688
f 1704 1706 411
f 403 1891 1723
f 1891 1736 1723
f 1741 1834 416
f 1930 1761 1960
f 1793 1931 1762
f 1929 1763 1760
f 1893 1929 1775
f 1931 1793 1791
f 1930 1763 2022
f 1893 1775 1773
f 1798 1761 1769
f 1792 1791 1793
f 429 1843 423
f 1686 1856 1833
f 1843 299 423
f 1819 1978 1796
f 1712 1823 1826
f 421 1860 2007
f 629 630 580
f 505 1933 678
f 851 1950 157
f 707 132 2008
f 1953 807 943
f 263 1937 1157
f 1201 1938 1200
f 1522 1941 1436
f 1409 352 1942
f 2037 1942 1488
f 1584 1585 2033
f 458 461 453
f 1933 501 678
f 540 518 623
f 1944 568 1883
f 561 52 1970
f 2071 1945 107
f 697 623 625
f 521 1946 611
f 650 1946 652
f 657 109 108
f 1932 679 537
f 1947 521 653
f 1948 717 841
f 745 709 741
f 745 743 709
f 2050 516 2045
f 1948 756 717
f 804 1949 802
f 132 707 2056
f 172 923 174
f 1951 896 899
f 146 1950 2035
f 924 1952 1905
f 936 1935 939
f 946 1953 1004
f 643 771 819
f 1004 1953 943
f 973 1998 178
f 1020 959 1007
f 954 770 824
f 1067 203 230
f 1910 1936 1992
f 1083 1063 206
f 1954 1071 1046
f 221 1955 2055
f 575 1956 569
f 1956 1172 1137
f 1172 1956 1142
f 1154 257 1159
f 1937 257 1157
f 1937 1175 1144
f 1974 1218 1174
f 267 1166 1163
f 255 1957 1235
f 1230 1957 255
f 1957 281 1225
f 1957 1240 1235
f 279 1240 1226
f 313 433 307
f 433 1958 307
f 1958 62 307
f 313 307 1939
f 1939 1496 1316
f 363 1487 1351
f 1437 1389 1276
f 1940 2042 2037
f 1400 1942 352
f 353 336 1492
f 345 1941 1522
f 1437 131 1523
f 1622 1625 1626
f 1614 1650 1664
f 1527 346 1588
f 1748 1959 1823
f 1785 1790 1780
f 1960 1792 1793
f 426 1960 1761
f 1978 2015 425
f 1847 1842 1961
f 1961 1843 1846
f 1963 1962 1863
f 1874 1962 1963
f 1740 1963 1743
f 1078 1886 1090
f 1964 1113 1049
f 193 1049 1936
f 1930 1960 1793
f 737 710 745
f 741 2025 745
f 1966 1092 1052
f 1568 1614 1613
f 389 1561 1674
f 1968 1740 417
f 1969 4 313
f 559 71 542
f 749 556 113
f 1970 52 1943
f 976 1965 969
f 1971 2071 107
f 113 620 781
f 739 2008 132
f 1950 2008 2035
f 928 1952 176
f 954 1973 956
f 153 1973 954
f 1985 989 189
f 995 1998 1985
f 856 1973 643
f 1966 1063 1092
f 232 1095 1108
f 226 237 227
f 232 233 1095
f 1193 1206 276
f 1217 1974 1222
f 1974 1219 1220
f 1222 1974 1220
f 1278 1279 1975
f 294 1975 1279
f 1975 458 1310
f 1967 1359 2067
f 360 1986 1512
f 375 391 1650
f 1654 389 1674
f 1461 1423 1463
f 1870 1977 1869
f 1962 1989 1863
f 1969 313 1316
f 532 705 820
f 2003 1492 2017
f 1284 1924 1993
f 1924 346 1993
f 1763 1930 1760
f 1774 1994 405
f 1978 1838 1796
f 707 2008 776
f 172 174 925
f 1924 1941 1526
f 512 2009 515
f 1936 1049 1113
f 661 1979 1996
f 1979 575 1995
f 1478 113 556
f 1913 1109 1131
f 483 26 1309
f 1982 1386 1351
f 1979 661 553
f 749 1276 556
f 1984 728 705
f 1478 558 113
f 870 860 607
f 849 870 607
f 882 901 662
f 1980 827 906
f 1981 150 867
f 867 1016 1981
f 1981 914 1014
f 1113 1992 1936
f 202 222 1077
f 1055 202 1077
f 1164 1177 1202
f 1193 1164 1202
f 1420 1503 1461
f 1420 1461 1505
f 227 1432 1982
f 1386 1982 1432
f 131 1437 1276
f 1554 1299 1987
f 1987 1299 1296
f 1987 1300 1554
f 1988 1653 1556
f 1988 389 1603
f 1745 1989 1976
f 1799 1990 1785
f 1990 1784 1994
f 1784 1990 1799
f 1990 1774 1790
f 1991 1989 1962
f 1764 1991 1865
f 1451 1890 2003
f 2022 1769 1761
f 1930 2022 1761
f 1991 1962 1865
f 421 2007 1867
f 1882 1992 1057
f 1910 1992 1882
f 332 1988 1603
f 1952 924 1972
f 1985 1998 989
f 1986 304 1512
f 1989 1745 1863
f 1976 1989 1506
f 749 113 781
f 1523 1993 1524
f 1993 1523 1284
f 1993 346 1524
f 740 562 736
f 980 911 912
f 570 1477 1380
f 708 1523 131
f 1733 1760 1762
f 1994 1779 1778
f 595 1995 569
f 1996 882 662
f 662 661 1996
f 740 736 714
f 708 131 748
f 1983 749 781
f 673 782 778
f 1997 53 640
f 871 868 862
f 1014 1011 154
f 1202 1999 1193
f 1493 2018 1890
f 980 912 938
f 1998 995 178
f 870 871 862
f 1981 1014 154
f 2028 1508 2027
f 1996 1979 1995
f 1995 575 569
f 2025 740 738
f 948 182 993
f 1477 2031 2029
f 1585 1584 1321
f 1506 1755 1707
f 394 1848 397
f 2009 512 517
f 581 2001 46
f 106 609 92
f 1150 250 1147
f 2003 353 1492
f 2002 1925 1926
f 1478 556 2031
f 1585 1321 1340
f 2004 1708 1724
f 2005 1733 1639
f 1640 2005 1639
f 1586 2004 2006
f 2005 1768 1733
f 2006 1757 1867
f 427 1788 1837
f 1804 1805 327
f 1804 1807 1805
f 394 397 1851
f 2004 1757 2006
f 1757 2004 1724
f 1587 2007 1866
f 516 759 40
f 776 2008 1950
f 2009 2000 515
f 1412 2032 363
f 1976 1663 401
f 675 2000 2009
f 463 2010 512
f 1396 669 668
f 1895 1811 1807
f 2011 7 439
f 2011 434 7
f 65 526 528
f 756 1878 505
f 957 770 958
f 965 1020 1007
f 1136 2013 78
f 2012 1308 1311
f 303 2014 300
f 2016 1411 1595
f 1357 2016 394
f 1798 1786 1794
f 1782 1781 1790
f 2015 1836 1795
f 1836 2015 1978
f 1850 2016 1595
f 1596 2016 1850
f 2018 1920 353
f 1226 1240 1211
f 2015 427 1837
f 2025 737 745
f 1989 1755 1506
f 1755 1989 1991
f 2032 1350 1384
f 2025 738 737
f 695 114 724
f 139 2019 1878
f 738 2020 737
f 1152 282 2021
f 1409 2042 317
f 1772 2022 1893
f 448 15 14
f 573 2024 612
f 2020 738 714
f 129 713 2020
f 695 724 685
f 2025 562 740
f 2020 750 737
f 701 2065 727
f 1223 2021 1226
f 1408 2042 1365
f 1920 2026 353
f 2027 1508 1663
f 1434 2029 1277
f 2029 1434 1390
f 2023 1786 1783
f 2019 139 499
f 493 2019 33
f 283 2021 282
f 2021 283 279
f 1916 2030 1292
f 1365 2042 1940
f 2022 1763 1893
f 1506 2027 1976
f 2027 1506 2028
f 556 1277 2031
f 2029 2031 1277
f 1478 2031 1477
f 1488 2032 2037
f 2032 1488 363
f 2033 1619 1584
f 121 695 2034
f 1334 1343 330
f 1334 330 1637
f 1365 1940 1384
f 1500 1402 2041
f 2033 1521 326
f 1365 1384 1407
f 653 2034 1947
f 101 590 524
f 645 2035 735
f 163 524 523
f 2036 145 884
f 1117 1035 1044
f 2002 1926 1499
f 1567 2002 1499
f 2037 2032 1940
f 1098 1032 1031
f 209 228 239
f 2040 53 524
f 1901 2067 2052
f 675 2038 711
f 2039 142 644
f 2039 821 142
f 111 830 523
f 590 2040 524
f 80 707 547
f 163 830 971
f 2041 1402 2002
f 99 2040 590
f 1901 129 637
f 2042 1409 2037
f 1967 2038 2043
f 2038 1967 1901
f 2050 759 516
f 524 53 523
f 224 1080 2055
f 2038 1901 637
f 571 544 86
f 548 80 509
f 2043 1359 1967
f 517 2043 675
f 502 759 758
f 580 571 86
f 751 2044 618
f 1902 137 751
f 688 84 725
f 724 688 725
f 2044 111 1997
f 2045 821 2050
f 224 1091 223
f 1106 1084 224
f 1091 224 1084
f 1115 1112 1098
f 1115 1098 235
f 1118 207 209
f 2046 2047 587
f 529 2047 1338
f 2047 2046 1338
f 506 548 509
f 517 1269 2043
f 547 707 136
f 2043 2038 675
f 2055 1080 221
f 511 2048 500
f 712 2056 548
f 722 2049 688
f 635 708 748
f 759 2050 758
f 1117 2051 1955
f 2052 1498 1362
f 388 1556 1553
f 519 467 27
f 519 27 602
f 2053 605 1362
f 2047 69 66
f 2048 511 80
f 500 2048 2045
f 2054 2045 2048
f 86 2049 722
f 2052 1362 605
f 236 1126 1118
f 1133 243 1955
f 432 1847 2057
f 2056 707 548
f 132 2056 732
f 388 1558 1561
f 1556 388 1561
f 2051 1107 2055
f 2055 1955 2051
f 2050 2039 758
f 137 2044 751
f 2070 2057 1565
f 633 2058 519
f 747 672 635
f 2058 1356 316
f 1280 1288 301
f 1280 301 1402
f 2057 1847 1565
f 887 2059 604
f 93 248 94
f 1278 2060 1279
f 1500 2060 1280
f 649 2069 2071
f 2062 575 94
f 1956 2062 1142
f 2062 248 244
f 1279 2060 1312
f 1403 1450 1272
f 1820 1816 2061
f 176 1952 1972
f 1212 274 1216
f 301 1403 1925
f 2063 1627 1626
f 374 2068 1627
f 176 1972 921
f 957 958 2065
f 1967 2067 1901
f 672 118 635
f 651 611 650
f 651 650 2069
f 319 1518 1711
f 319 1711 349
f 1450 1342 1272
f 1887 1627 2068
f 555 2064 710
f 2064 743 710
f 2069 649 651
f 651 649 689
f 83 2064 555
f 2065 702 785
f 1209 2066 1217
f 1217 2066 1218
f 2068 1624 1629
f 1844 1750 2061
f 2057 393 432
f 2066 1212 1187
f 2067 1359 1360
f 2065 785 727
f 1552 1530 338
f 388 1552 338
f 319 350 1534
f 1519 319 1534
f 67 1945 2069
f 1820 1750 1830
f 2070 1596 2057
f 1552 1548 1803
f 2069 1945 2071
f 2069 650 67
f 1064 1954 217
f 392 1672 1589
f 1820 2061 1750
f 2071 1971 647
f 1162 259 1135
f 93 1162 1135
f 428 1819 1796
f 1803 1532 1394
f 1803 1394 348
f 957 2065 701
f 1954 230 1078
f 392 1643 1644
f 380 392 1644
f 1954 1067 230
f 1553 1548 1552
