# Bounding sphere generated for g0_b8_fbms.obj
# bounds_method = minimal enclosing sphere
# source_vertex_count = 16239
# center = (-4.4679452539747209e-05, 0.00016901474152036425, 2.0639537489571924e-05)
# radius = 1.0025222755440286
# relative_padding = 0
# sphere_parameterization = icosphere
# sphere_resolution = icosphere subdivisions 5
# sphere_vertices = 10242
# sphere_faces = 20480
o minimal_bounding_sphere
v -0.52710183029850632 0.85296539882397482 2.0639537489571924e-05
v 0.52701247139342688 0.85296539882397482 2.0639537489571924e-05
v -0.52710183029850632 -0.85262736934093419 2.0639537489571924e-05
v 0.52701247139342688 -0.85262736934093419 2.0639537489571924e-05
v -4.4679452539747209e-05 -0.52688813610444629 0.85281702361994405
v -4.4679452539747209e-05 0.52722616558748692 0.85281702361994405
v -4.4679452539747209e-05 -0.52688813610444629 -0.85277574454496496
v -4.4679452539747209e-05 0.52722616558748692 -0.85277574454496496
v 0.85275170462991479 0.00016901474152036425 -0.52703651130847706
v 0.85275170462991479 0.00016901474152036425 0.52707779038345615
v -0.85284106353499423 0.00016901474152036425 -0.52703651130847706
v -0.85284106353499423 0.00016901474152036425 0.52707779038345615
v -0.81110223760710265 0.50143015251353473 0.30981705992003822
v -0.50130581722455414 0.30996543512406899 0.81107819769205247
v -0.30984109983508829 0.81122657289608313 0.50128177730950385
v 0.30975174093000885 0.81122657289608313 0.50128177730950385
v -4.4679452539747209e-05 1.0026912902855489 2.0639537489571924e-05
v 0.30975174093000885 0.81122657289608313 -0.50124049823452477
v -0.30984109983508829 0.81122657289608313 -0.50124049823452477
v -0.50130581722455414 0.30996543512406899 -0.81103691861707339
v -0.81110223760710265 0.50143015251353473 -0.30977578084505902
v -1.0025669549965683 0.00016901474152036425 2.0639537489571924e-05
v 0.5012164583194747 0.30996543512406899 0.81107819769205247
v 0.81101287870202321 0.50143015251353473 0.30981705992003822
v -0.50130581722455414 -0.30962740564102825 0.81107819769205247
v -4.4679452539747209e-05 0.00016901474152036425 1.0025429150815182
v -0.81110223760710265 -0.50109212303049411 -0.30977578084505902
v -0.81110223760710265 -0.50109212303049411 0.30981705992003822
v -4.4679452539747209e-05 0.00016901474152036425 -1.0025016360065391
v -0.50130581722455414 -0.30962740564102825 -0.81103691861707339
v 0.81101287870202321 0.50143015251353473 -0.30977578084505902
v 0.5012164583194747 0.30996543512406899 -0.81103691861707339
v 0.81101287870202321 -0.50109212303049411 0.30981705992003822
v 0.5012164583194747 -0.30962740564102825 0.81107819769205247
v 0.30975174093000885 -0.81088854341304251 0.50128177730950385
v -0.30984109983508829 -0.81088854341304251 0.50128177730950385
v -4.4679452539747209e-05 -1.0023532608025083 2.0639537489571924e-05
v -0.30984109983508829 -0.81088854341304251 -0.50124049823452477
v 0.30975174093000885 -0.81088854341304251 -0.50124049823452477
v 0.5012164583194747 -0.30962740564102825 -0.81103691861707339
v 0.81101287870202321 -0.50109212303049411 -0.30977578084505902
v 1.0024775960914889 0.00016901474152036425 2.0639537489571924e-05
v -0.69557506254446411 0.7039862140961145 0.16104780820983963
v -0.58931248811201087 0.69009578220573076 0.42641883157871679
v -0.43502763052043941 0.86501338276846451 0.26056807156151424
v -0.70386187880713391 0.16119618341387043 0.69555102262941393
v -0.68997144691675028 0.42656720678274768 0.58928844819696069
v -0.86488904747948392 0.26071644676554506 0.43500359060538935
v -0.16107184812488978 0.6956993978334447 0.70383783889208362
v -0.42644287149376697 0.58943682340099146 0.6899474070017001
v -0.26059211147656441 0.43515196580942012 0.86486500756443374
v -0.16291429607078362 0.95362435762871423 0.2635492149604729
v -0.27400046184808946 0.96453364612013925 2.0639537489571924e-05
v 0.16098248921981029 0.6956993978334447 0.70383783889208362
v -4.4679452539747209e-05 0.85296539882397471 0.52707779038345615
v 0.27391110294301002 0.96453364612013925 2.0639537489571924e-05
v 0.16282493716570412 0.95362435762871423 0.2635492149604729
v 0.43493827161535997 0.86501338276846451 0.26056807156151424
v -0.16291429607078362 0.95362435762871423 -0.2635079358854937
v -0.43502763052043941 0.86501338276846451 -0.26052679248653504
v 0.43493827161535997 0.86501338276846451 -0.26052679248653504
v 0.16282493716570412 0.95362435762871423 -0.2635079358854937
v -0.16107184812488978 0.6956993978334447 -0.70379655981710454
v -4.4679452539747209e-05 0.85296539882397471 -0.52703651130847706
v 0.16098248921981029 0.6956993978334447 -0.70379655981710454
v -0.58931248811201087 0.69009578220573076 -0.4263775525037376
v -0.69557506254446411 0.7039862140961145 -0.16100652913486049
v -0.26059211147656441 0.43515196580942012 -0.86482372848945466
v -0.42644287149376697 0.58943682340099146 -0.68990612792672101
v -0.86488904747948392 0.26071644676554506 -0.43496231153041015
v -0.68997144691675028 0.42656720678274768 -0.58924716912198161
v -0.70386187880713391 0.16119618341387043 -0.69550974355443484
v -0.85284106353499411 0.52722616558748703 2.0639537489571924e-05
v -0.96440931083115866 0.00016901474152036425 -0.27393514285806014
v -0.95350002233973363 0.26369759016450373 -0.16284897708075433
v -0.95350002233973363 0.26369759016450373 0.16289025615573346
v -0.96440931083115866 0.00016901474152036425 0.27397642193303934
v 0.58922312920693143 0.69009578220573076 0.42641883157871679
v 0.69548570363938467 0.7039862140961145 0.16104780820983963
v 0.26050275257148497 0.43515196580942012 0.86486500756443374
v 0.42635351258868753 0.58943682340099146 0.6899474070017001
v 0.86479968857440448 0.26071644676554506 0.43500359060538935
v 0.68988208801167084 0.42656720678274768 0.58928844819696069
v 0.70377251990205447 0.16119618341387043 0.69555102262941393
v -0.26357325487552308 0.16303863135976426 0.95347598242468345
v -4.4679452539747209e-05 0.27412479713707011 0.96438527091610848
v -0.70386187880713391 -0.16085815393082969 0.69555102262941393
v -0.52710183029850644 0.00016901474152036425 0.85281702361994394
v -4.4679452539747209e-05 -0.27378676765402937 0.96438527091610848
v -0.26357325487552308 -0.16270060187672353 0.95347598242468345
v -0.26059211147656441 -0.43481393632637938 0.86486500756443374
v -0.95350002233973363 -0.26335956068146299 0.16289025615573346
v -0.86488904747948392 -0.26037841728250433 0.43500359060538935
v -0.86488904747948392 -0.26037841728250433 -0.43496231153041015
v -0.95350002233973363 -0.26335956068146299 -0.16284897708075433
v -0.69557506254446411 -0.70364818461307388 0.16104780820983963
v -0.85284106353499411 -0.5268881361044464 2.0639537489571924e-05
v -0.69557506254446411 -0.70364818461307388 -0.16100652913486049
v -0.52710183029850644 0.00016901474152036425 -0.85277574454496485
v -0.70386187880713391 -0.16085815393082969 -0.69550974355443484
v -4.4679452539747209e-05 0.27412479713707011 -0.9643439918411294
v -0.26357325487552308 0.16303863135976426 -0.95343470334970437
v -0.26059211147656441 -0.43481393632637938 -0.86482372848945466
v -0.26357325487552308 -0.16270060187672353 -0.95343470334970437
v -4.4679452539747209e-05 -0.27378676765402937 -0.9643439918411294
v 0.42635351258868753 0.58943682340099146 -0.68990612792672101
v 0.26050275257148497 0.43515196580942012 -0.86482372848945466
v 0.69548570363938467 0.7039862140961145 -0.16100652913486049
v 0.58922312920693143 0.69009578220573076 -0.4263775525037376
v 0.70377251990205447 0.16119618341387043 -0.69550974355443484
v 0.68988208801167084 0.42656720678274768 -0.58924716912198161
v 0.86479968857440448 0.26071644676554506 -0.43496231153041015
v 0.69548570363938467 -0.70364818461307388 0.16104780820983963
v 0.58922312920693143 -0.68975775272269013 0.42641883157871679
v 0.43493827161535997 -0.86467535328542389 0.26056807156151424
v 0.70377251990205447 -0.16085815393082969 0.69555102262941393
v 0.68988208801167084 -0.42622917729970694 0.58928844819696069
v 0.86479968857440448 -0.26037841728250433 0.43500359060538935
v 0.16098248921981029 -0.69536136835040407 0.70383783889208362
v 0.42635351258868753 -0.58909879391795084 0.6899474070017001
v 0.26050275257148497 -0.43481393632637938 0.86486500756443374
v 0.16282493716570412 -0.9532863281456736 0.2635492149604729
v 0.27391110294301002 -0.96419561663709863 2.0639537489571924e-05
v -0.16107184812488978 -0.69536136835040407 0.70383783889208362
v -4.4679452539747209e-05 -0.85262736934093408 0.52707779038345615
v -0.27400046184808946 -0.96419561663709863 2.0639537489571924e-05
v -0.16291429607078362 -0.9532863281456736 0.2635492149604729
v -0.43502763052043941 -0.86467535328542389 0.26056807156151424
v 0.16282493716570412 -0.9532863281456736 -0.2635079358854937
v 0.43493827161535997 -0.86467535328542389 -0.26052679248653504
v -0.43502763052043941 -0.86467535328542389 -0.26052679248653504
v -0.16291429607078362 -0.9532863281456736 -0.2635079358854937
v 0.16098248921981029 -0.69536136835040407 -0.70379655981710454
v -4.4679452539747209e-05 -0.85262736934093408 -0.52703651130847706
v -0.16107184812488978 -0.69536136835040407 -0.70379655981710454
v 0.58922312920693143 -0.68975775272269013 -0.4263775525037376
v 0.69548570363938467 -0.70364818461307388 -0.16100652913486049
v 0.26050275257148497 -0.43481393632637938 -0.86482372848945466
v 0.42635351258868753 -0.58909879391795084 -0.68990612792672101
v 0.86479968857440448 -0.26037841728250433 -0.43496231153041015
v 0.68988208801167084 -0.42622917729970694 -0.58924716912198161
v 0.70377251990205447 -0.16085815393082969 -0.69550974355443484
v 0.85275170462991468 -0.5268881361044464 2.0639537489571924e-05
v 0.96431995192607922 0.00016901474152036425 -0.27393514285806014
v 0.95341066343465419 -0.26335956068146299 -0.16284897708075433
v 0.95341066343465419 -0.26335956068146299 0.16289025615573346
v 0.96431995192607922 0.00016901474152036425 0.27397642193303934
v 0.26348389597044364 -0.16270060187672353 0.95347598242468345
v 0.527012471393427 0.00016901474152036425 0.85281702361994394
v 0.26348389597044364 0.16303863135976426 0.95347598242468345
v -0.58931248811201087 -0.68975775272269013 0.42641883157871679
v -0.42644287149376697 -0.58909879391795084 0.6899474070017001
v -0.68997144691675028 -0.42622917729970694 0.58928844819696069
v -0.42644287149376697 -0.58909879391795084 -0.68990612792672101
v -0.58931248811201087 -0.68975775272269013 -0.4263775525037376
v -0.68997144691675028 -0.42622917729970694 -0.58924716912198161
v 0.527012471393427 0.00016901474152036425 -0.85277574454496485
v 0.26348389597044364 -0.16270060187672353 -0.95343470334970437
v 0.26348389597044364 0.16303863135976426 -0.95343470334970437
v 0.95341066343465419 0.26369759016450373 0.16289025615573346
v 0.95341066343465419 0.26369759016450373 -0.16284897708075433
v 0.85275170462991468 0.52722616558748703 2.0639537489571924e-05
v -0.61723951913934638 0.78598912529774445 0.081311454955701065
v -0.57273719267757217 0.79481752376675563 0.21358080755096501
v -0.48570821681948628 0.86727994071595593 0.13155194185734975
v -0.70893497878029077 0.6031871208975913 0.37270632497353368
v -0.64908952452161617 0.70425028043566529 0.29677183726003731
v -0.76061050975891986 0.60852474424684433 0.23770496192832091
v -0.37602919753756714 0.8462090666376757 0.38460195175884238
v -0.51746810044359992 0.78559679416354311 0.34704674761017573
v -0.45518026832680092 0.76001615676323631 0.46963199956137863
v -0.78586479000876386 0.081459830159731864 0.6172154792242962
v -0.79469318847777504 0.21372918275499583 0.57271315276252199
v -0.86715560542697534 0.13170031706138058 0.48568417690443616
v -0.60306278560861082 0.3728547001775645 0.70891093886524059
v -0.70412594514668458 0.29692021246406808 0.64906548460656588
v -0.60840040895786374 0.23785333713235171 0.76058646984386968
v -0.846084731348695 0.38475032696287326 0.37600515762251707
v -0.78547245887456241 0.34719512281420656 0.51744406052854985
v -0.75989182147425571 0.46978037476540951 0.4551562284117508
v -0.081335494870751229 0.61736385442832709 0.78584075009371379
v -0.21360484746601521 0.57286152796655276 0.79466914856272475
v -0.13157598177239996 0.48583255210846693 0.86713156551192516
v -0.37273036488858385 0.70905931406927136 0.60303874569356053
v -0.29679587717508743 0.64921385981059665 0.70410190523163441
v -0.23772900184337109 0.76073484504790045 0.60837636904281356
v -0.38462599167389261 0.37615353282654784 0.84606069143364482
v -0.34707078752522585 0.51759243573258062 0.78544841895951223
v -0.46965603947642887 0.45530460361578157 0.75986778155920554
v -0.64825331860183488 0.56584643110624377 0.51469095508825791
v -0.56572209581726318 0.51483933029228868 0.6482292786867847
v -0.5147149950033082 0.64837765389081548 0.565698055902213
v -0.35917702466409673 0.92680496624222142 0.13200808201295547
v -0.4044174014012748 0.91752042761760466 2.0639537489571924e-05
v -0.23932361875640182 0.89342290289541848 0.38718209612316157
v -0.30206341644893009 0.91872421020817963 0.26476947966014225
v -0.13834487514673591 0.99310605646819705 2.0639537489571924e-05
v -0.22071690272105229 0.96899912055831783 0.133148055582126
v -0.082494582890756785 0.99034857748326344 0.13342738566967158
v 0.081246135965671734 0.61736385442832709 0.78584075009371379
v -4.4679452539747209e-05 0.70484897044201866 0.71309642302471521
v 0.15678435641310529 0.84246606020145354 0.52058884225534352
v 0.081301834275338047 0.78234127585523328 0.62182463728160098
v 0.2376396429382916 0.76073484504790045 0.60837636904281356
v -0.081391193180417543 0.78234127585523328 0.62182463728160098
v -0.15687371531818478 0.84246606020145354 0.52058884225534352
v 0.40432804249619536 0.91752042761760466 2.0639537489571924e-05
v 0.35908766575901729 0.92680496624222142 0.13200808201295547
v 0.48561885791440684 0.86727994071595593 0.13155194185734975
v 0.082405223985677289 0.99034857748326344 0.13342738566967158
v 0.2206275438159728 0.96899912055831783 0.133148055582126
v 0.13825551624165641 0.99310605646819705 2.0639537489571924e-05
v 0.3759398386324877 0.8462090666376757 0.38460195175884238
v 0.30197405754385065 0.91872421020817963 0.26476947966014225
v 0.23923425985132232 0.89342290289541848 0.38718209612316157
v -0.082575902237111407 0.91545430108786874 0.40063561033306971
v 0.082486543332031911 0.91545430108786874 0.40063561033306971
v -4.4679452539747209e-05 0.96646140190182384 0.26709728673454297
v -0.35917702466409673 0.92680496624222142 -0.13196680293797633
v -0.48570821681948628 0.86727994071595593 -0.13151066278237061
v -0.082494582890756785 0.99034857748326344 -0.13338610659469244
v -0.22071690272105229 0.96899912055831783 -0.13310677650714686
v -0.37602919753756714 0.8462090666376757 -0.38456067268386318
v -0.30206341644893009 0.91872421020817963 -0.26472820058516305
v -0.23932361875640182 0.89342290289541848 -0.38714081704818237
v 0.48561885791440684 0.86727994071595593 -0.13151066278237061
v 0.35908766575901729 0.92680496624222142 -0.13196680293797633
v 0.23923425985132232 0.89342290289541848 -0.38714081704818237
v 0.30197405754385065 0.91872421020817963 -0.26472820058516305
v 0.3759398386324877 0.8462090666376757 -0.38456067268386318
v 0.2206275438159728 0.96899912055831783 -0.13310677650714686
v 0.082405223985677289 0.99034857748326344 -0.13338610659469244
v -0.081335494870751229 0.61736385442832709 -0.78579947101873471
v -4.4679452539747209e-05 0.70484897044201866 -0.71305514394973613
v 0.081246135965671734 0.61736385442832709 -0.78579947101873471
v -0.15687371531818478 0.84246606020145354 -0.52054756318036444
v -0.081391193180417543 0.78234127585523328 -0.62178335820662189
v -0.23772900184337109 0.76073484504790045 -0.60833508996783447
v 0.2376396429382916 0.76073484504790045 -0.60833508996783447
v 0.081301834275338047 0.78234127585523328 -0.62178335820662189
v 0.15678435641310529 0.84246606020145354 -0.52054756318036444
v -4.4679452539747209e-05 0.96646140190182384 -0.26705600765956378
v 0.082486543332031911 0.91545430108786874 -0.40059433125809052
v -0.082575902237111407 0.91545430108786874 -0.40059433125809052
v -0.57273719267757217 0.79481752376675563 -0.21353952847598587
v -0.61723951913934638 0.78598912529774445 -0.081270175880721926
v -0.45518026832680092 0.76001615676323631 -0.46959072048639944
v -0.51746810044359992 0.78559679416354311 -0.34700546853519654
v -0.76061050975891986 0.60852474424684433 -0.23766368285334177
v -0.64908952452161617 0.70425028043566529 -0.29673055818505811
v -0.70893497878029077 0.6031871208975913 -0.37266504589855448
v -0.13157598177239996 0.48583255210846693 -0.86709028643694608
v -0.21360484746601521 0.57286152796655276 -0.79462786948774566
v -0.46965603947642887 0.45530460361578157 -0.75982650248422645
v -0.34707078752522585 0.51759243573258062 -0.78540713988453315
v -0.38462599167389261 0.37615353282654784 -0.84601941235866573
v -0.29679587717508743 0.64921385981059665 -0.70406062615665532
v -0.37273036488858385 0.70905931406927136 -0.60299746661858145
v -0.86715560542697534 0.13170031706138058 -0.48564289782945697
v -0.79469318847777504 0.21372918275499583 -0.57267187368754291
v -0.78586479000876386 0.081459830159731864 -0.61717420014931712
v -0.75989182147425571 0.46978037476540951 -0.4551149493367716
v -0.78547245887456241 0.34719512281420656 -0.51740278145357077
v -0.846084731348695 0.38475032696287326 -0.37596387854753788
v -0.60840040895786374 0.23785333713235171 -0.7605451907688906
v -0.70412594514668458 0.29692021246406808 -0.6490242055315868
v -0.60306278560861082 0.3728547001775645 -0.70886965979026151
v -0.5147149950033082 0.64837765389081548 -0.56565677682723392
v -0.56572209581726318 0.51483933029228868 -0.64818799961180562
v -0.64825331860183488 0.56584643110624377 -0.51464967601327882
v -0.70472463515303807 0.71324479822874609 2.0639537489571924e-05
v -0.84234172491247283 0.52073721745937451 -0.15680839632815546
v -0.78221694056625268 0.62197301248563175 -0.081325874190388239
v -0.78221694056625268 0.62197301248563175 0.081367153265367378
v -0.84234172491247283 0.52073721745937451 0.1568496754031346
v -0.91739609232862407 0.00016901474152036425 -0.40435208241124548
v -0.92668063095324082 0.1321564572169863 -0.35911170567406742
v -0.99022424219428284 0.1335757608737024 -0.082429263900727481
v -0.96887478526933724 0.13329643078615683 -0.22065158373102298
v -0.99298172117921646 0.00016901474152036425 -0.13827955615670659
v -0.91859987491919892 0.26491785486417313 -0.30199809745890083
v -0.89329856760643789 0.38733047132719245 -0.23925829976637256
v -0.92668063095324082 0.1321564572169863 0.35915298474904661
v -0.91739609232862407 0.00016901474152036425 0.40439336148622468
v -0.89329856760643789 0.38733047132719245 0.2392995788413517
v -0.91859987491919892 0.26491785486417313 0.30203937653388002
v -0.99298172117921646 0.00016901474152036425 0.13832083523168573
v -0.96887478526933724 0.13329643078615683 0.22069286280600212
v -0.99022424219428284 0.1335757608737024 0.082470542975706621
v -0.91532996579888815 0.40078398553710048 -0.082510583247082089
v -0.96633706661284324 0.2672456619385738 2.0639537489571924e-05
v -0.91532996579888815 0.40078398553710048 0.082551862322061229
v 0.57264783377249273 0.79481752376675563 0.21358080755096501
v 0.61715016023426694 0.78598912529774445 0.081311454955701065
v 0.45509090942172148 0.76001615676323631 0.46963199956137863
v 0.51737874153852048 0.78559679416354311 0.34704674761017573
v 0.76052115085384042 0.60852474424684433 0.23770496192832091
v 0.64900016561653673 0.70425028043566529 0.29677183726003731
v 0.70884561987521133 0.6031871208975913 0.37270632497353368
v 0.13148662286732046 0.48583255210846693 0.86713156551192516
v 0.21351548856093572 0.57286152796655276 0.79466914856272475
v 0.46956668057134943 0.45530460361578157 0.75986778155920554
v 0.34698142862014641 0.51759243573258062 0.78544841895951223
v 0.38453663276881317 0.37615353282654784 0.84606069143364482
v 0.29670651827000799 0.64921385981059665 0.70410190523163441
v 0.37264100598350441 0.70905931406927136 0.60303874569356053
v 0.8670662465218959 0.13170031706138058 0.48568417690443616
v 0.7946038295726956 0.21372918275499583 0.57271315276252199
v 0.78577543110368442 0.081459830159731864 0.6172154792242962
v 0.75980246256917627 0.46978037476540951 0.4551562284117508
v 0.78538309996948297 0.34719512281420656 0.51744406052854985
v 0.84599537244361556 0.38475032696287326 0.37600515762251707
v 0.6083110500527843 0.23785333713235171 0.76058646984386968
v 0.70403658624160514 0.29692021246406808 0.64906548460656588
v 0.60297342670353138 0.3728547001775645 0.70891093886524059
v 0.51462563609822876 0.64837765389081548 0.565698055902213
v 0.56563273691218374 0.51483933029228868 0.6482292786867847
v 0.64816395969675544 0.56584643110624377 0.51469095508825791
v -0.13203212192800567 0.35930135995307738 0.92665659103819065
v -4.4679452539747209e-05 0.40454173669025545 0.91737205241357389
v -0.3872061360382118 0.23944795404538249 0.89327452769138771
v -0.26479351957519248 0.30218775173791079 0.91857583500414874
v -4.4679452539747209e-05 0.13846921043571653 0.99295768126416628
v -0.13317209549717621 0.22084123801003291 0.96885074535428706
v -0.13345142558472178 0.082618918179737419 0.99020020227923267
v -0.78586479000876386 -0.081121800676691128 0.6172154792242962
v -0.7131204629397655 0.00016901474152036425 0.70470059523798789
v -0.52061288217039392 -0.15666002112412467 0.84231768499742266
v -0.62184867719665116 -0.081177498986357441 0.78219290065120251
v -0.60840040895786374 -0.23751530764931097 0.76058646984386968
v -0.62184867719665116 0.081515528469398177 0.78219290065120251
v -0.52061288217039392 0.1569980506071654 0.84231768499742266
v -4.4679452539747209e-05 -0.40420370720721471 0.91737205241357389
v -0.13203212192800567 -0.35896333047003665 0.92665659103819065
v -0.13157598177239996 -0.48549452262542619 0.86713156551192516
v -0.13345142558472178 -0.082280888696696683 0.99020020227923267
v -0.13317209549717621 -0.22050320852699218 0.96885074535428706
v -4.4679452539747209e-05 -0.13813118095267579 0.99295768126416628
v -0.38462599167389261 -0.37581550334350711 0.84606069143364482
v -0.26479351957519248 -0.30184972225487006 0.91857583500414874
v -0.3872061360382118 -0.23910992456234176 0.89327452769138771
v -0.40065965024811984 0.082700237526092027 0.91530592588383797
v -0.40065965024811984 -0.082362208043051291 0.91530592588383797
v -0.26712132664959315 0.00016901474152036425 0.96631302669779306
v -0.92668063095324082 -0.13181842773394556 0.35915298474904661
v -0.86715560542697534 -0.13136228757833984 0.48568417690443616
v -0.99022424219428284 -0.13323773139066167 0.082470542975706621
v -0.96887478526933724 -0.13295840130311609 0.22069286280600212
v -0.846084731348695 -0.38441229747983252 0.37600515762251707
v -0.91859987491919892 -0.26457982538113239 0.30203937653388002
v -0.89329856760643789 -0.38699244184415171 0.2392995788413517
v -0.86715560542697534 -0.13136228757833984 -0.48564289782945697
v -0.92668063095324082 -0.13181842773394556 -0.35911170567406742
v -0.89329856760643789 -0.38699244184415171 -0.23925829976637256
v -0.91859987491919892 -0.26457982538113239 -0.30199809745890083
v -0.846084731348695 -0.38441229747983252 -0.37596387854753788
v -0.96887478526933724 -0.13295840130311609 -0.22065158373102298
v -0.99022424219428284 -0.13323773139066167 -0.082429263900727481
v -0.61723951913934638 -0.78565109581470383 0.081311454955701065
v -0.70472463515303807 -0.71290676874570547 2.0639537489571924e-05
v -0.61723951913934638 -0.78565109581470383 -0.081270175880721926
v -0.84234172491247283 -0.52039918797633389 0.1568496754031346
v -0.78221694056625268 -0.62163498300259112 0.081367153265367378
v -0.76061050975891986 -0.6081867147638037 0.23770496192832091
v -0.76061050975891986 -0.6081867147638037 -0.23766368285334177
v -0.78221694056625268 -0.62163498300259112 -0.081325874190388239
v -0.84234172491247283 -0.52039918797633389 -0.15680839632815546
v -0.96633706661284324 -0.26690763245553306 2.0639537489571924e-05
v -0.91532996579888815 -0.40044595605405975 -0.082510583247082089
v -0.91532996579888815 -0.40044595605405975 0.082551862322061229
v -0.7131204629397655 0.00016901474152036425 -0.70465931616300881
v -0.78586479000876386 -0.081121800676691128 -0.61717420014931712
v -0.52061288217039392 0.1569980506071654 -0.84227640592244357
v -0.62184867719665116 0.081515528469398177 -0.78215162157622342
v -0.60840040895786374 -0.23751530764931097 -0.7605451907688906
v -0.62184867719665116 -0.081177498986357441 -0.78215162157622342
v -0.52061288217039392 -0.15666002112412467 -0.84227640592244357
v -4.4679452539747209e-05 0.40454173669025545 -0.91733077333859481
v -0.13203212192800567 0.35930135995307738 -0.92661531196321156
v -0.13345142558472178 0.082618918179737419 -0.99015892320425358
v -0.13317209549717621 0.22084123801003291 -0.96880946627930797
v -4.4679452539747209e-05 0.13846921043571653 -0.9929164021891872
v -0.26479351957519248 0.30218775173791079 -0.91853455592916966
v -0.3872061360382118 0.23944795404538249 -0.89323324861640863
v -0.13157598177239996 -0.48549452262542619 -0.86709028643694608
v -0.13203212192800567 -0.35896333047003665 -0.92661531196321156
v -4.4679452539747209e-05 -0.40420370720721471 -0.91733077333859481
v -0.3872061360382118 -0.23910992456234176 -0.89323324861640863
v -0.26479351957519248 -0.30184972225487006 -0.91853455592916966
v -0.38462599167389261 -0.37581550334350711 -0.84601941235866573
v -4.4679452539747209e-05 -0.13813118095267579 -0.9929164021891872
v -0.13317209549717621 -0.22050320852699218 -0.96880946627930797
v -0.13345142558472178 -0.082280888696696683 -0.99015892320425358
v -0.40065965024811984 0.082700237526092027 -0.91526464680885888
v -0.26712132664959315 0.00016901474152036425 -0.96627174762281398
v -0.40065965024811984 -0.082362208043051291 -0.91526464680885888
v 0.21351548856093572 0.57286152796655276 -0.79462786948774566
v 0.13148662286732046 0.48583255210846693 -0.86709028643694608
v 0.37264100598350441 0.70905931406927136 -0.60299746661858145
v 0.29670651827000799 0.64921385981059665 -0.70406062615665532
v 0.38453663276881317 0.37615353282654784 -0.84601941235866573
v 0.34698142862014641 0.51759243573258062 -0.78540713988453315
v 0.46956668057134943 0.45530460361578157 -0.75982650248422645
v 0.61715016023426694 0.78598912529774445 -0.081270175880721926
v 0.57264783377249273 0.79481752376675563 -0.21353952847598587
v 0.70884561987521133 0.6031871208975913 -0.37266504589855448
v 0.64900016561653673 0.70425028043566529 -0.29673055818505811
v 0.76052115085384042 0.60852474424684433 -0.23766368285334177
v 0.51737874153852048 0.78559679416354311 -0.34700546853519654
v 0.45509090942172148 0.76001615676323631 -0.46959072048639944
v 0.78577543110368442 0.081459830159731864 -0.61717420014931712
v 0.7946038295726956 0.21372918275499583 -0.57267187368754291
v 0.8670662465218959 0.13170031706138058 -0.48564289782945697
v 0.60297342670353138 0.3728547001775645 -0.70886965979026151
v 0.70403658624160514 0.29692021246406808 -0.6490242055315868
v 0.6083110500527843 0.23785333713235171 -0.7605451907688906
v 0.84599537244361556 0.38475032696287326 -0.37596387854753788
v 0.78538309996948297 0.34719512281420656 -0.51740278145357077
v 0.75980246256917627 0.46978037476540951 -0.4551149493367716
v 0.51462563609822876 0.64837765389081548 -0.56565677682723392
v 0.64816395969675544 0.56584643110624377 -0.51464967601327882
v 0.56563273691218374 0.51483933029228868 -0.64818799961180562
v 0.61715016023426694 -0.78565109581470383 0.081311454955701065
v 0.57264783377249273 -0.794479494283715 0.21358080755096501
v 0.48561885791440684 -0.86694191123291531 0.13155194185734975
v 0.70884561987521133 -0.60284909141455068 0.37270632497353368
v 0.64900016561653673 -0.70391225095262466 0.29677183726003731
v 0.76052115085384042 -0.6081867147638037 0.23770496192832091
v 0.3759398386324877 -0.84587103715463507 0.38460195175884238
v 0.51737874153852048 -0.78525876468050249 0.34704674761017573
v 0.45509090942172148 -0.75967812728019568 0.46963199956137863
v 0.78577543110368442 -0.081121800676691128 0.6172154792242962
v 0.7946038295726956 -0.2133911532719551 0.57271315276252199
v 0.8670662465218959 -0.13136228757833984 0.48568417690443616
v 0.60297342670353138 -0.37251667069452377 0.70891093886524059
v 0.70403658624160514 -0.29658218298102734 0.64906548460656588
v 0.6083110500527843 -0.23751530764931097 0.76058646984386968
v 0.84599537244361556 -0.38441229747983252 0.37600515762251707
v 0.78538309996948297 -0.34685709333116582 0.51744406052854985
v 0.75980246256917627 -0.46944234528236878 0.4551562284117508
v 0.081246135965671734 -0.61702582494528646 0.78584075009371379
v 0.21351548856093572 -0.57252349848351214 0.79466914856272475
v 0.13148662286732046 -0.48549452262542619 0.86713156551192516
v 0.37264100598350441 -0.70872128458623074 0.60303874569356053
v 0.29670651827000799 -0.64887583032755602 0.70410190523163441
v 0.2376396429382916 -0.76039681556485983 0.60837636904281356
v 0.38453663276881317 -0.37581550334350711 0.84606069143364482
v 0.34698142862014641 -0.51725440624954 0.78544841895951223
v 0.46956668057134943 -0.45496657413274083 0.75986778155920554
v 0.64816395969675544 -0.56550840162320315 0.51469095508825791
v 0.56563273691218374 -0.51450130080924805 0.6482292786867847
v 0.51462563609822876 -0.64803962440777485 0.565698055902213
v 0.35908766575901729 -0.92646693675918079 0.13200808201295547
v 0.40432804249619536 -0.91718239813456404 2.0639537489571924e-05
v 0.23923425985132232 -0.89308487341237786 0.38718209612316157
v 0.30197405754385065 -0.918386180725139 0.26476947966014225
v 0.13825551624165641 -0.99276802698515643 2.0639537489571924e-05
v 0.2206275438159728 -0.9686610910752772 0.133148055582126
v 0.082405223985677289 -0.99001054800022281 0.13342738566967158
v -0.081335494870751229 -0.61702582494528646 0.78584075009371379
v -4.4679452539747209e-05 -0.70451094095897804 0.71309642302471521
v -0.15687371531818478 -0.84212803071841291 0.52058884225534352
v -0.081391193180417543 -0.78200324637219265 0.62182463728160098
v -0.23772900184337109 -0.76039681556485983 0.60837636904281356
v 0.081301834275338047 -0.78200324637219265 0.62182463728160098
v 0.15678435641310529 -0.84212803071841291 0.52058884225534352
v -0.4044174014012748 -0.91718239813456404 2.0639537489571924e-05
v -0.35917702466409673 -0.92646693675918079 0.13200808201295547
v -0.48570821681948628 -0.86694191123291531 0.13155194185734975
v -0.082494582890756785 -0.99001054800022281 0.13342738566967158
v -0.22071690272105229 -0.9686610910752772 0.133148055582126
v -0.13834487514673591 -0.99276802698515643 2.0639537489571924e-05
v -0.37602919753756714 -0.84587103715463507 0.38460195175884238
v -0.30206341644893009 -0.918386180725139 0.26476947966014225
v -0.23932361875640182 -0.89308487341237786 0.38718209612316157
v 0.082486543332031911 -0.91511627160482811 0.40063561033306971
v -0.082575902237111407 -0.91511627160482811 0.40063561033306971
v -4.4679452539747209e-05 -0.96612337241878321 0.26709728673454297
v 0.35908766575901729 -0.92646693675918079 -0.13196680293797633
v 0.48561885791440684 -0.86694191123291531 -0.13151066278237061
v 0.082405223985677289 -0.99001054800022281 -0.13338610659469244
v 0.2206275438159728 -0.9686610910752772 -0.13310677650714686
v 0.3759398386324877 -0.84587103715463507 -0.38456067268386318
v 0.30197405754385065 -0.918386180725139 -0.26472820058516305
v 0.23923425985132232 -0.89308487341237786 -0.38714081704818237
v -0.48570821681948628 -0.86694191123291531 -0.13151066278237061
v -0.35917702466409673 -0.92646693675918079 -0.13196680293797633
v -0.23932361875640182 -0.89308487341237786 -0.38714081704818237
v -0.30206341644893009 -0.918386180725139 -0.26472820058516305
v -0.37602919753756714 -0.84587103715463507 -0.38456067268386318
v -0.22071690272105229 -0.9686610910752772 -0.13310677650714686
v -0.082494582890756785 -0.99001054800022281 -0.13338610659469244
v 0.081246135965671734 -0.61702582494528646 -0.78579947101873471
v -4.4679452539747209e-05 -0.70451094095897804 -0.71305514394973613
v -0.081335494870751229 -0.61702582494528646 -0.78579947101873471
v 0.15678435641310529 -0.84212803071841291 -0.52054756318036444
v 0.081301834275338047 -0.78200324637219265 -0.62178335820662189
v 0.2376396429382916 -0.76039681556485983 -0.60833508996783447
v -0.23772900184337109 -0.76039681556485983 -0.60833508996783447
v -0.081391193180417543 -0.78200324637219265 -0.62178335820662189
v -0.15687371531818478 -0.84212803071841291 -0.52054756318036444
v -4.4679452539747209e-05 -0.96612337241878321 -0.26705600765956378
v -0.082575902237111407 -0.91511627160482811 -0.40059433125809052
v 0.082486543332031911 -0.91511627160482811 -0.40059433125809052
v 0.57264783377249273 -0.794479494283715 -0.21353952847598587
v 0.61715016023426694 -0.78565109581470383 -0.081270175880721926
v 0.45509090942172148 -0.75967812728019568 -0.46959072048639944
v 0.51737874153852048 -0.78525876468050249 -0.34700546853519654
v 0.76052115085384042 -0.6081867147638037 -0.23766368285334177
v 0.64900016561653673 -0.70391225095262466 -0.29673055818505811
v 0.70884561987521133 -0.60284909141455068 -0.37266504589855448
v 0.13148662286732046 -0.48549452262542619 -0.86709028643694608
v 0.21351548856093572 -0.57252349848351214 -0.79462786948774566
v 0.46956668057134943 -0.45496657413274083 -0.75982650248422645
v 0.34698142862014641 -0.51725440624954 -0.78540713988453315
v 0.38453663276881317 -0.37581550334350711 -0.84601941235866573
v 0.29670651827000799 -0.64887583032755602 -0.70406062615665532
v 0.37264100598350441 -0.70872128458623074 -0.60299746661858145
v 0.8670662465218959 -0.13136228757833984 -0.48564289782945697
v 0.7946038295726956 -0.2133911532719551 -0.57267187368754291
v 0.78577543110368442 -0.081121800676691128 -0.61717420014931712
v 0.75980246256917627 -0.46944234528236878 -0.4551149493367716
v 0.78538309996948297 -0.34685709333116582 -0.51740278145357077
v 0.84599537244361556 -0.38441229747983252 -0.37596387854753788
v 0.6083110500527843 -0.23751530764931097 -0.7605451907688906
v 0.70403658624160514 -0.29658218298102734 -0.6490242055315868
v 0.60297342670353138 -0.37251667069452377 -0.70886965979026151
v 0.51462563609822876 -0.64803962440777485 -0.56565677682723392
v 0.56563273691218374 -0.51450130080924805 -0.64818799961180562
v 0.64816395969675544 -0.56550840162320315 -0.51464967601327882
v 0.70463527624795863 -0.71290676874570547 2.0639537489571924e-05
v 0.84225236600739339 -0.52039918797633389 -0.15680839632815546
v 0.78212758166117324 -0.62163498300259112 -0.081325874190388239
v 0.78212758166117324 -0.62163498300259112 0.081367153265367378
v 0.84225236600739339 -0.52039918797633389 0.1568496754031346
v 0.91730673342354463 0.00016901474152036425 -0.40435208241124548
v 0.92659127204816139 -0.13181842773394556 -0.35911170567406742
v 0.9901348832892034 -0.13323773139066167 -0.082429263900727481
v 0.9687854263642578 -0.13295840130311609 -0.22065158373102298
v 0.99289236227413702 0.00016901474152036425 -0.13827955615670659
v 0.91851051601411948 -0.26457982538113239 -0.30199809745890083
v 0.89320920870135845 -0.38699244184415171 -0.23925829976637256
v 0.92659127204816139 -0.13181842773394556 0.35915298474904661
v 0.91730673342354463 0.00016901474152036425 0.40439336148622468
v 0.89320920870135845 -0.38699244184415171 0.2392995788413517
v 0.91851051601411948 -0.26457982538113239 0.30203937653388002
v 0.99289236227413702 0.00016901474152036425 0.13832083523168573
v 0.9687854263642578 -0.13295840130311609 0.22069286280600212
v 0.9901348832892034 -0.13323773139066167 0.082470542975706621
v 0.91524060689380871 -0.40044595605405975 -0.082510583247082089
v 0.9662477077077638 -0.26690763245553306 2.0639537489571924e-05
v 0.91524060689380871 -0.40044595605405975 0.082551862322061229
v 0.13194276302292618 -0.35896333047003665 0.92665659103819065
v 0.38711677713313236 -0.23910992456234176 0.89327452769138771
v 0.26470416067011304 -0.30184972225487006 0.91857583500414874
v 0.13308273659209671 -0.22050320852699218 0.96885074535428706
v 0.13336206667964229 -0.082280888696696683 0.99020020227923267
v 0.71303110403468606 0.00016901474152036425 0.70470059523798789
v 0.52052352326531448 0.1569980506071654 0.84231768499742266
v 0.62175931829157172 0.081515528469398177 0.78219290065120251
v 0.62175931829157172 -0.081177498986357441 0.78219290065120251
v 0.52052352326531448 -0.15666002112412467 0.84231768499742266
v 0.13194276302292618 0.35930135995307738 0.92665659103819065
v 0.13336206667964229 0.082618918179737419 0.99020020227923267
v 0.13308273659209671 0.22084123801003291 0.96885074535428706
v 0.26470416067011304 0.30218775173791079 0.91857583500414874
v 0.38711677713313236 0.23944795404538249 0.89327452769138771
v 0.4005702913430404 -0.082362208043051291 0.91530592588383797
v 0.4005702913430404 0.082700237526092027 0.91530592588383797
v 0.26703196774451371 0.00016901474152036425 0.96631302669779306
v -0.57273719267757217 -0.794479494283715 0.21358080755096501
v -0.45518026832680092 -0.75967812728019568 0.46963199956137863
v -0.51746810044359992 -0.78525876468050249 0.34704674761017573
v -0.64908952452161617 -0.70391225095262466 0.29677183726003731
v -0.70893497878029077 -0.60284909141455068 0.37270632497353368
v -0.21360484746601521 -0.57252349848351214 0.79466914856272475
v -0.46965603947642887 -0.45496657413274083 0.75986778155920554
v -0.34707078752522585 -0.51725440624954 0.78544841895951223
v -0.29679587717508743 -0.64887583032755602 0.70410190523163441
v -0.37273036488858385 -0.70872128458623074 0.60303874569356053
v -0.79469318847777504 -0.2133911532719551 0.57271315276252199
v -0.75989182147425571 -0.46944234528236878 0.4551562284117508
v -0.78547245887456241 -0.34685709333116582 0.51744406052854985
v -0.70412594514668458 -0.29658218298102734 0.64906548460656588
v -0.60306278560861082 -0.37251667069452377 0.70891093886524059
v -0.5147149950033082 -0.64803962440777485 0.565698055902213
v -0.56572209581726318 -0.51450130080924805 0.6482292786867847
v -0.64825331860183488 -0.56550840162320315 0.51469095508825791
v -0.21360484746601521 -0.57252349848351214 -0.79462786948774566
v -0.37273036488858385 -0.70872128458623074 -0.60299746661858145
v -0.29679587717508743 -0.64887583032755602 -0.70406062615665532
v -0.34707078752522585 -0.51725440624954 -0.78540713988453315
v -0.46965603947642887 -0.45496657413274083 -0.75982650248422645
v -0.57273719267757217 -0.794479494283715 -0.21353952847598587
v -0.70893497878029077 -0.60284909141455068 -0.37266504589855448
v -0.64908952452161617 -0.70391225095262466 -0.29673055818505811
v -0.51746810044359992 -0.78525876468050249 -0.34700546853519654
v -0.45518026832680092 -0.75967812728019568 -0.46959072048639944
v -0.79469318847777504 -0.2133911532719551 -0.57267187368754291
v -0.60306278560861082 -0.37251667069452377 -0.70886965979026151
v -0.70412594514668458 -0.29658218298102734 -0.6490242055315868
v -0.78547245887456241 -0.34685709333116582 -0.51740278145357077
v -0.75989182147425571 -0.46944234528236878 -0.4551149493367716
v -0.5147149950033082 -0.64803962440777485 -0.56565677682723392
v -0.64825331860183488 -0.56550840162320315 -0.51464967601327882
v -0.56572209581726318 -0.51450130080924805 -0.64818799961180562
v 0.71303110403468606 0.00016901474152036425 -0.70465931616300881
v 0.52052352326531448 -0.15666002112412467 -0.84227640592244357
v 0.62175931829157172 -0.081177498986357441 -0.78215162157622342
v 0.62175931829157172 0.081515528469398177 -0.78215162157622342
v 0.52052352326531448 0.1569980506071654 -0.84227640592244357
v 0.13194276302292618 -0.35896333047003665 -0.92661531196321156
v 0.13336206667964229 -0.082280888696696683 -0.99015892320425358
v 0.13308273659209671 -0.22050320852699218 -0.96880946627930797
v 0.26470416067011304 -0.30184972225487006 -0.91853455592916966
v 0.38711677713313236 -0.23910992456234176 -0.89323324861640863
v 0.13194276302292618 0.35930135995307738 -0.92661531196321156
v 0.38711677713313236 0.23944795404538249 -0.89323324861640863
v 0.26470416067011304 0.30218775173791079 -0.91853455592916966
v 0.13308273659209671 0.22084123801003291 -0.96880946627930797
v 0.13336206667964229 0.082618918179737419 -0.99015892320425358
v 0.4005702913430404 -0.082362208043051291 -0.91526464680885888
v 0.26703196774451371 0.00016901474152036425 -0.96627174762281398
v 0.4005702913430404 0.082700237526092027 -0.91526464680885888
v 0.92659127204816139 0.1321564572169863 0.35915298474904661
v 0.9901348832892034 0.1335757608737024 0.082470542975706621
v 0.9687854263642578 0.13329643078615683 0.22069286280600212
v 0.91851051601411948 0.26491785486417313 0.30203937653388002
v 0.89320920870135845 0.38733047132719245 0.2392995788413517
v 0.92659127204816139 0.1321564572169863 -0.35911170567406742
v 0.89320920870135845 0.38733047132719245 -0.23925829976637256
v 0.91851051601411948 0.26491785486417313 -0.30199809745890083
v 0.9687854263642578 0.13329643078615683 -0.22065158373102298
v 0.9901348832892034 0.1335757608737024 -0.082429263900727481
v 0.70463527624795863 0.71324479822874609 2.0639537489571924e-05
v 0.84225236600739339 0.52073721745937451 0.1568496754031346
v 0.78212758166117324 0.62197301248563175 0.081367153265367378
v 0.78212758166117324 0.62197301248563175 -0.081325874190388239
v 0.84225236600739339 0.52073721745937451 -0.15680839632815546
v 0.9662477077077638 0.2672456619385738 2.0639537489571924e-05
v 0.91524060689380871 0.40078398553710048 -0.082510583247082089
v 0.91524060689380871 0.40078398553710048 0.082551862322061229
v -0.57354313858646278 0.82144268746561988 0.040763550862797995
v -0.55329567656249135 0.82936500503502431 0.10678325865109572
v -0.50761972326149063 0.86218559879092826 0.065944054862461604
v -0.63622453172049431 0.75184578682482994 0.18792523990884058
v -0.59644050719429065 0.79233214538451391 0.14780597055549152
v -0.65798182857587806 0.74677440321411115 0.12147027794421011
v -0.46147218571241966 0.86822404162083144 0.19653028240094797
v -0.53051433382246937 0.83307676127651775 0.17298752803530901
v -0.5055258767007752 0.83262199791091329 0.23784768384247618
v -0.76236859842313709 0.55401596200690806 0.34231687751286988
v -0.73669228437263179 0.60743834160806154 0.30600296545604211
v -0.78774144474417962 0.5563083694270804 0.27441768230762065
v -0.62079204619380313 0.69896411563443805 0.36252446932942634
v -0.68067014591619268 0.65531452986482663 0.33555639229258633
v -0.65113081471214374 0.64864047263995406 0.40079804125291807
v -0.72983928906982554 0.65782935446094348 0.19985461636741603
v -0.70705963214663325 0.6584448041383173 0.26807614633220139
v -0.67405986435223142 0.70592717863221366 0.22949799700059298
v -0.34375770312964887 0.8307054121972115 0.44400438115202029
v -0.41669041922357208 0.80521037073354085 0.4282328014796225
v -0.38369334488018891 0.78805013939493396 0.48695795366779199
v -0.4774715600897444 0.82742543245713629 0.30458804743815715
v -0.44814909779781364 0.81846031441128486 0.36697117040805338
v -0.40650112245194564 0.85766333129086991 0.32335880615536955
v -0.5238611295200617 0.72729746382615978 0.44941073525879421
v -0.48751157541172746 0.77469309165492928 0.40933640100694924
v -0.55481222102028593 0.7397418901634476 0.38772651997393398
v -0.61251149791165271 0.75149437171840883 0.25584385430131862
v -0.58520835258730375 0.74738744268175927 0.32297421135846527
v -0.54652861353895921 0.79227403693648779 0.28104707345593333
v -0.82131835217663929 0.040911926066828787 0.5735190986714126
v -0.82924066974604371 0.10693163385512652 0.55327163664744117
v -0.86206126350194767 0.066092430066492416 0.50759568334644045
v -0.75172145153584935 0.18807361511287141 0.63620049180544413
v -0.79220781009553332 0.14795434575952232 0.59641646727924047
v -0.74665006792513056 0.12161865314824091 0.65795778866082788
v -0.86809970633185085 0.19667865760497882 0.46144814579736959
v -0.83295242598753716 0.17313590323933983 0.5304902939074192
v -0.8324976626219327 0.23799605904650703 0.50550183678572513
v -0.55389162671792747 0.34246525271690059 0.7623445585080868
v -0.60731400631908095 0.30615134066007293 0.73666824445758161
v -0.55618403413809991 0.27456605751165142 0.78771740482912944
v -0.69883978034545757 0.36267284453345722 0.62076800627875306
v -0.65519019457584615 0.33570476749661721 0.6806461060011425
v -0.64851613735097347 0.4009464164569489 0.65110677479709356
v -0.65770501917196289 0.20000299157144683 0.72981524915477536
v -0.65832046884933682 0.26822452153623216 0.70703559223158297
v -0.70580284334323307 0.22964637220462381 0.67403582443718113
v -0.8305810769082308 0.44415275635605111 0.34373366321459886
v -0.80508603544456014 0.42838117668365339 0.41666637930852196
v -0.78792580410595336 0.48710632887182287 0.38366930496513879
v -0.8273010971681557 0.30473642264218798 0.47744752017469433
v -0.81833597912230416 0.36711954561208415 0.44812505788276352
v -0.85753899600188921 0.32350718135940038 0.40647708253689552
v -0.72717312853717919 0.44955911046282504 0.52383708960501141
v -0.77456875636594846 0.40948477621098001 0.48748753549667739
v -0.73961755487446712 0.38787489517796486 0.55478818110523587
v -0.75137003642942812 0.25599222950534939 0.61248745799660254
v -0.74726310739277868 0.32312258656249604 0.58518431267225368
v -0.79214970164750709 0.28119544865996415 0.54650457362390914
v -0.040787590777848159 0.57366747387544326 0.82129431226158911
v -0.10680729856614589 0.55342001185147194 0.82921662983099342
v -0.065968094777511796 0.50774405855047122 0.86203722358689749
v -0.18794927982389076 0.63634886700947491 0.75169741162079917
v -0.1478300104705417 0.59656484248327124 0.79218377018048314
v -0.12149431785926025 0.65810616386485865 0.74662602801008027
v -0.1965543223159982 0.46159652100140036 0.86807566641680067
v -0.17301156795035921 0.53063866911144997 0.83292838607248698
v -0.23787172375752641 0.5056502119897559 0.83247362270688241
v -0.34234091742792 0.76249293371211768 0.55386758680287729
v -0.30602700537109229 0.73681661966161238 0.60728996640403077
v -0.27444172222267077 0.7878657800331601 0.55615999422304974
v -0.36254850924447651 0.62091638148278372 0.69881574043040728
v -0.33558043220763656 0.68079448120517327 0.65516615466079597
v -0.40082208116796819 0.65125515000112433 0.64849209743592318
v -0.19987865628246618 0.72996362435880613 0.6576809792569126
v -0.26810018624725152 0.70718396743561374 0.65829642893428664
v -0.22952203691564318 0.67418419964121201 0.70577880342818289
v -0.44402842106707047 0.34388203841862963 0.83055703699318062
v -0.42825684139467274 0.41681475451255273 0.80506199552950997
v -0.48698199358284222 0.38381768016916956 0.78790176419090319
v -0.30461208735320733 0.4775958953787251 0.82727705725310552
v -0.3669952103231035 0.44827343308679429 0.81831193920725398
v -0.32338284607041973 0.40662545774092629 0.85751495608683903
v -0.44943477517384434 0.52398546480904218 0.72714908862212901
v -0.40936044092199936 0.48763591070070822 0.7745447164508984
v -0.38775055988898416 0.55493655630926653 0.73959351495941683
v -0.25586789421636874 0.61263583320063331 0.75134599651437795
v -0.32299825127351539 0.58533268787628445 0.7472390674777285
v -0.28107111337098345 0.54665294882793991 0.79212566173245691
v -0.73690964044166618 0.53830677000040772 0.41533822716579621
v -0.67134562969395739 0.49786251821116068 0.5538320910000446
v -0.7062927429339797 0.51944580991255263 0.48645274763439045
v -0.68073397462736362 0.58635953404985708 0.44509779180370213
v -0.62084815809133187 0.63006661521276697 0.47212546560106389
v -0.53818243471142724 0.41548660236982699 0.736885600526616
v -0.49773818292218008 0.55398046620407548 0.67132158977890732
v -0.51932147462357203 0.48660112283842122 0.70626870301892952
v -0.58623519876087649 0.4452461670077329 0.68070993471231345
v -0.62994227992378637 0.47227384080509471 0.62082411817628169
v -0.41536226708084639 0.73703397573064677 0.53815839479637684
v -0.55385613091509489 0.67146996498293798 0.49771414300712991
v -0.48647678754944063 0.70641707822296018 0.51929743470852185
v -0.44512183171875236 0.68085830991634422 0.58621115884582631
v -0.47214950551611412 0.62097249338031246 0.6299182400087362
v -0.60905489904443066 0.54218266294250395 0.58344044598776279
v -0.54205832765352335 0.58358882119179345 0.60903085912938049
v -0.58346448590281297 0.60917923433341126 0.54203428773847318
v -0.44653305744888527 0.89534793237519195 0.066003566877657321
v -0.46687681193618219 0.88736610279059203 2.0639537489571924e-05
v -0.39839748741550773 0.89883098364923864 0.19692828029553405
v -0.42347361869647127 0.89923156140447957 0.13210161303727272
v -0.3400225473056992 0.94328404607756933 2.0639537489571924e-05
v -0.38272900280446748 0.924413118884297 0.066175439665451335
v -0.31762127632942427 0.94875342758287418 0.066229625275814913
v -0.27543128429283459 0.85495977253001931 0.44560552621552313
v -0.30848012243049872 0.87208801208437381 0.38690014603738221
v -0.23308616575735885 0.93857952738236372 0.26483810192992274
v -0.2713543844467331 0.90828558258399739 0.32677170097102298
v -0.20174071899083912 0.92637882600328891 0.32637168690670071
v -0.34010910127606947 0.88523270440614321 0.32570356388116745
v -0.36949245645156376 0.89416018858027946 0.26334369992311962
v -0.069360660359517934 1.0002921110416112 2.0639537489571924e-05
v -0.11070809330501953 0.99431784810795421 0.0668982808883226
v -0.041397106904808648 0.99960084868494159 0.066930272672574884
v -0.24799420262664107 0.96925023901784368 0.066755395660632613
v -0.18009359100310193 0.98412772848199503 0.066793029532347836
v -0.20666714562201927 0.98116752107882332 2.0639537489571924e-05
v -0.12308372780463324 0.974991520009165 0.19910200171461859
v -0.15197582265663073 0.98206559129836013 0.13361313046655771
v -0.19230839122834933 0.96378157802687126 0.19885827675640555
v -0.33148506399320909 0.92517825961718325 0.1989077465908787
v -0.26225478076632819 0.94698372685530252 0.19961692371103273
v -0.29070539877513019 0.95038147877179802 0.13292486221818514
v 0.040698231872768664 0.57366747387544326 0.82129431226158911
v -4.4679452539747209e-05 0.61940293919163969 0.7884369380575551
v 0.080731531633543727 0.70255785274780036 0.71077800807385694
v 0.04069993643946411 0.66271964261123306 0.75129785518244685
v 0.12140495895418076 0.65810616386485865 0.74662602801008027
v -0.040789295344543605 0.66271964261123306 0.75129785518244685
v -0.080820890538623222 0.70255785274780036 0.71077800807385694
v 0.23398949793548629 0.82940256684720304 0.51251515935060832
v 0.19772734967293956 0.80369426101244534 0.56595731096179047
v 0.27435236331759133 0.7878657800331601 0.55615999422304974
v 0.040733095076469807 0.81975401870169984 0.5759273223863961
v 0.11933388233756272 0.8143869721342416 0.57260145462486989
v 0.078612311733666146 0.85033651217825335 0.52545304908382973
v 0.19978929737738668 0.72996362435880613 0.6576809792569126
v 0.15997083082042787 0.77395635743047209 0.61702882240740065
v 0.12145357437238301 0.74091895576435507 0.66453445591314531
v -0.19781670857801906 0.80369426101244534 0.56595731096179047
v -0.23407885684056579 0.82940256684720304 0.51251515935060832
v -0.1215429332774625 0.74091895576435507 0.66453445591314531
v -0.16006018972550737 0.77395635743047209 0.61702882240740065
v -0.078701670638745641 0.85033651217825335 0.52545304908382973
v -0.11942324124264221 0.8143869721342416 0.57260145462486989
v -0.040822453981549302 0.81975401870169984 0.5759273223863961
v 0.040734985765539168 0.74554005588132899 0.6692066696493234
v -4.4679452539747209e-05 0.7849289720498277 0.62388177983029613
v -0.040824344670618663 0.74554005588132899 0.6692066696493234
v 0.46678745303110275 0.88736610279059203 2.0639537489571924e-05
v 0.44644369854380583 0.89534793237519195 0.066003566877657321
v 0.50753036435641119 0.86218559879092826 0.065944054862461604
v 0.31753191742434483 0.94875342758287418 0.066229625275814913
v 0.38263964389938804 0.924413118884297 0.066175439665451335
v 0.33993318840061976 0.94328404607756933 2.0639537489571924e-05
v 0.46138282680734022 0.86822404162083144 0.19653028240094797
v 0.42338425979139183 0.89923156140447957 0.13210161303727272
v 0.39830812851042829 0.89883098364923864 0.19692828029553405
v 0.041307747999729152 0.99960084868494159 0.066930272672574884
v 0.11061873439994004 0.99431784810795421 0.0668982808883226
v 0.069271301454438439 1.0002921110416112 2.0639537489571924e-05
v 0.19221903232326984 0.96378157802687126 0.19885827675640555
v 0.15188646375155124 0.98206559129836013 0.13361313046655771
v 0.12299436889955374 0.974991520009165 0.19910200171461859
v 0.20657778671693977 0.98116752107882332 2.0639537489571924e-05
v 0.18000423209802244 0.98412772848199503 0.066793029532347836
v 0.24790484372156157 0.96925023901784368 0.066755395660632613
v 0.34366834422456943 0.8307054121972115 0.44400438115202029
v 0.30839076352541928 0.87208801208437381 0.38690014603738221
v 0.27534192538775515 0.85495977253001931 0.44560552621552313
v 0.36940309754648432 0.89416018858027946 0.26334369992311962
v 0.34001974237099003 0.88523270440614321 0.32570356388116745
v 0.4064117635468662 0.85766333129086991 0.32335880615536955
v 0.20165136008575962 0.92637882600328891 0.32637168690670071
v 0.27126502554165366 0.90828558258399739 0.32677170097102298
v 0.23299680685227936 0.93857952738236372 0.26483810192992274
v 0.29061603987005075 0.95038147877179802 0.13292486221818514
v 0.26216542186124875 0.94698372685530252 0.19961692371103273
v 0.33139570508812966 0.92517825961718325 0.1989077465908787
v -0.198771885182779 0.87089419337997243 0.45542823054763509
v -0.041448029222710854 0.88716064473439282 0.46540491506941328
v -0.12010222362564303 0.88173147472805613 0.46206471556442891
v -0.16145717945633131 0.90729024303467209 0.39515099142712451
v -0.12315465462169162 0.93765811633701834 0.33320081806780694
v 0.1986825262776995 0.87089419337997243 0.45542823054763509
v 0.12306529571661212 0.93765811633701834 0.33320081806780694
v 0.16136782055125182 0.90729024303467209 0.39515099142712451
v 0.12001286472056354 0.88173147472805613 0.46206471556442891
v 0.041358670317631359 0.88716064473439282 0.46540491506941328
v -4.4679452539747209e-05 0.99371436101055322 0.13388085718681514
v -0.081751304851520518 0.96324679374308431 0.26620879089156985
v -0.041399635283228063 0.98148988593949182 0.20089380434920148
v 0.041310276378148568 0.98148988593949182 0.20089380434920148
v 0.081661945946441022 0.96324679374308431 0.26620879089156985
v -4.4679452539747209e-05 0.91857167814632967 0.40200006788293308
v 0.04136147879674975 0.94416209128794759 0.33500349649202582
v -0.041450837701829245 0.94416209128794759 0.33500349649202582
v -0.44653305744888527 0.89534793237519195 -0.065962287802678182
v -0.50761972326149063 0.86218559879092826 -0.065902775787482465
v -0.31762127632942427 0.94875342758287418 -0.066188346200835774
v -0.38272900280446748 0.924413118884297 -0.066134160590472196
v -0.46147218571241966 0.86822404162083144 -0.19648900332596883
v -0.42347361869647127 0.89923156140447957 -0.13206033396229358
v -0.39839748741550773 0.89883098364923864 -0.19688700122055491
v -0.041397106904808648 0.99960084868494159 -0.066888993597595744
v -0.11070809330501953 0.99431784810795421 -0.066857001813343461
v -0.19230839122834933 0.96378157802687126 -0.19881699768142641
v -0.15197582265663073 0.98206559129836013 -0.13357185139157857
v -0.12308372780463324 0.974991520009165 -0.19906072263963945
v -0.18009359100310193 0.98412772848199503 -0.066751750457368697
v -0.24799420262664107 0.96925023901784368 -0.066714116585653474
v -0.34375770312964887 0.8307054121972115 -0.44396310207704109
v -0.30848012243049872 0.87208801208437381 -0.38685886696240301
v -0.27543128429283459 0.85495977253001931 -0.44556424714054393
v -0.36949245645156376 0.89416018858027946 -0.26330242084814043
v -0.34010910127606947 0.88523270440614321 -0.32566228480618825
v -0.40650112245194564 0.85766333129086991 -0.32331752708039035
v -0.20174071899083912 0.92637882600328891 -0.32633040783172151
v -0.2713543844467331 0.90828558258399739 -0.32673042189604379
v -0.23308616575735885 0.93857952738236372 -0.26479682285494355
v -0.29070539877513019 0.95038147877179802 -0.132883583143206
v -0.26225478076632819 0.94698372685530252 -0.1995756446360536
v -0.33148506399320909 0.92517825961718325 -0.19886646751589956
v 0.50753036435641119 0.86218559879092826 -0.065902775787482465
v 0.44644369854380583 0.89534793237519195 -0.065962287802678182
v 0.39830812851042829 0.89883098364923864 -0.19688700122055491
v 0.42338425979139183 0.89923156140447957 -0.13206033396229358
v 0.46138282680734022 0.86822404162083144 -0.19648900332596883
v 0.38263964389938804 0.924413118884297 -0.066134160590472196
v 0.31753191742434483 0.94875342758287418 -0.066188346200835774
v 0.27534192538775515 0.85495977253001931 -0.44556424714054393
v 0.30839076352541928 0.87208801208437381 -0.38685886696240301
v 0.34366834422456943 0.8307054121972115 -0.44396310207704109
v 0.23299680685227936 0.93857952738236372 -0.26479682285494355
v 0.27126502554165366 0.90828558258399739 -0.32673042189604379
v 0.20165136008575962 0.92637882600328891 -0.32633040783172151
v 0.4064117635468662 0.85766333129086991 -0.32331752708039035
v 0.34001974237099003 0.88523270440614321 -0.32566228480618825
v 0.36940309754648432 0.89416018858027946 -0.26330242084814043
v 0.11061873439994004 0.99431784810795421 -0.066857001813343461
v 0.041307747999729152 0.99960084868494159 -0.066888993597595744
v 0.24790484372156157 0.96925023901784368 -0.066714116585653474
v 0.18000423209802244 0.98412772848199503 -0.066751750457368697
v 0.12299436889955374 0.974991520009165 -0.19906072263963945
v 0.15188646375155124 0.98206559129836013 -0.13357185139157857
v 0.19221903232326984 0.96378157802687126 -0.19881699768142641
v 0.33139570508812966 0.92517825961718325 -0.19886646751589956
v 0.26216542186124875 0.94698372685530252 -0.1995756446360536
v 0.29061603987005075 0.95038147877179802 -0.132883583143206
v -0.040787590777848159 0.57366747387544326 -0.82125303318661003
v -4.4679452539747209e-05 0.61940293919163969 -0.78839565898257602
v 0.040698231872768664 0.57366747387544326 -0.82125303318661003
v -0.080820890538623222 0.70255785274780036 -0.71073672899887785
v -0.040789295344543605 0.66271964261123306 -0.75125657610746777
v -0.12149431785926025 0.65810616386485865 -0.74658474893510118
v 0.12140495895418076 0.65810616386485865 -0.74658474893510118
v 0.04069993643946411 0.66271964261123306 -0.75125657610746777
v 0.080731531633543727 0.70255785274780036 -0.71073672899887785
v -0.23407885684056579 0.82940256684720304 -0.51247388027562923
v -0.19781670857801906 0.80369426101244534 -0.56591603188681139
v -0.27444172222267077 0.7878657800331601 -0.55611871514807065
v -0.040822453981549302 0.81975401870169984 -0.57588604331141702
v -0.11942324124264221 0.8143869721342416 -0.5725601755498908
v -0.078701670638745641 0.85033651217825335 -0.52541177000885064
v -0.19987865628246618 0.72996362435880613 -0.65763970018193352
v -0.16006018972550737 0.77395635743047209 -0.61698754333242156
v -0.1215429332774625 0.74091895576435507 -0.66449317683816622
v 0.27435236331759133 0.7878657800331601 -0.55611871514807065
v 0.19772734967293956 0.80369426101244534 -0.56591603188681139
v 0.23398949793548629 0.82940256684720304 -0.51247388027562923
v 0.12145357437238301 0.74091895576435507 -0.66449317683816622
v 0.15997083082042787 0.77395635743047209 -0.61698754333242156
v 0.19978929737738668 0.72996362435880613 -0.65763970018193352
v 0.078612311733666146 0.85033651217825335 -0.52541177000885064
v 0.11933388233756272 0.8143869721342416 -0.5725601755498908
v 0.040733095076469807 0.81975401870169984 -0.57588604331141702
v -0.040824344670618663 0.74554005588132899 -0.66916539057434432
v -4.4679452539747209e-05 0.7849289720498277 -0.62384050075531705
v 0.040734985765539168 0.74554005588132899 -0.66916539057434432
v -4.4679452539747209e-05 0.99371436101055322 -0.133839578111836
v 0.081661945946441022 0.96324679374308431 -0.26616751181659065
v 0.041310276378148568 0.98148988593949182 -0.20085252527422234
v -0.041399635283228063 0.98148988593949182 -0.20085252527422234
v -0.081751304851520518 0.96324679374308431 -0.26616751181659065
v 0.1986825262776995 0.87089419337997243 -0.4553869514726559
v 0.041358670317631359 0.88716064473439282 -0.46536363599443409
v 0.12001286472056354 0.88173147472805613 -0.46202343648944971
v 0.16136782055125182 0.90729024303467209 -0.39510971235214531
v 0.12306529571661212 0.93765811633701834 -0.33315953899282774
v -0.198771885182779 0.87089419337997243 -0.4553869514726559
v -0.12315465462169162 0.93765811633701834 -0.33315953899282774
v -0.16145717945633131 0.90729024303467209 -0.39510971235214531
v -0.12010222362564303 0.88173147472805613 -0.46202343648944971
v -0.041448029222710854 0.88716064473439282 -0.46536363599443409
v 0.04136147879674975 0.94416209128794759 -0.33496221741704663
v -4.4679452539747209e-05 0.91857167814632967 -0.40195878880795388
v -0.041450837701829245 0.94416209128794759 -0.33496221741704663
v -0.55329567656249135 0.82936500503502431 -0.10674197957611659
v -0.57354313858646278 0.82144268746561988 -0.040722271787818856
v -0.5055258767007752 0.83262199791091329 -0.23780640476749704
v -0.53051433382246937 0.83307676127651775 -0.17294624896032987
v -0.65798182857587806 0.74677440321411115 -0.12142899886923098
v -0.59644050719429065 0.79233214538451391 -0.14776469148051238
v -0.63622453172049431 0.75184578682482994 -0.18788396083386144
v -0.38369334488018891 0.78805013939493396 -0.48691667459281279
v -0.41669041922357208 0.80521037073354085 -0.42819152240464331
v -0.55481222102028593 0.7397418901634476 -0.38768524089895479
v -0.48751157541172746 0.77469309165492928 -0.40929512193197004
v -0.5238611295200617 0.72729746382615978 -0.44936945618381502
v -0.44814909779781364 0.81846031441128486 -0.36692989133307419
v -0.4774715600897444 0.82742543245713629 -0.30454676836317796
v -0.78774144474417962 0.5563083694270804 -0.27437640323264145
v -0.73669228437263179 0.60743834160806154 -0.30596168638106291
v -0.76236859842313709 0.55401596200690806 -0.34227559843789068
v -0.67405986435223142 0.70592717863221366 -0.22945671792561384
v -0.70705963214663325 0.6584448041383173 -0.2680348672572222
v -0.72983928906982554 0.65782935446094348 -0.19981333729243689
v -0.65113081471214374 0.64864047263995406 -0.40075676217793887
v -0.68067014591619268 0.65531452986482663 -0.33551511321760713
v -0.62079204619380313 0.69896411563443805 -0.36248319025444714
v -0.54652861353895921 0.79227403693648779 -0.28100579438095413
v -0.58520835258730375 0.74738744268175927 -0.32293293228348607
v -0.61251149791165271 0.75149437171840883 -0.25580257522633942
v -0.065968094777511796 0.50774405855047122 -0.86199594451191841
v -0.10680729856614589 0.55342001185147194 -0.82917535075601434
v -0.23787172375752641 0.5056502119897559 -0.83243234363190333
v -0.17301156795035921 0.53063866911144997 -0.8328871069975079
v -0.1965543223159982 0.46159652100140036 -0.86803438734182159
v -0.1478300104705417 0.59656484248327124 -0.79214249110550405
v -0.18794927982389076 0.63634886700947491 -0.75165613254582009
v -0.48698199358284222 0.38381768016916956 -0.7878604851159241
v -0.42825684139467274 0.41681475451255273 -0.80502071645453088
v -0.44402842106707047 0.34388203841862963 -0.83051575791820154
v -0.38775055988898416 0.55493655630926653 -0.73955223588443775
v -0.40936044092199936 0.48763591070070822 -0.77450343737591931
v -0.44943477517384434 0.52398546480904218 -0.72710780954714993
v -0.32338284607041973 0.40662545774092629 -0.85747367701185995
v -0.3669952103231035 0.44827343308679429 -0.8182706601322749
v -0.30461208735320733 0.4775958953787251 -0.82723577817812644
v -0.30602700537109229 0.73681661966161238 -0.60724868732905168
v -0.34234091742792 0.76249293371211768 -0.5538263077278982
v -0.22952203691564318 0.67418419964121201 -0.7057375243532038
v -0.26810018624725152 0.70718396743561374 -0.65825514985930755
v -0.40082208116796819 0.65125515000112433 -0.64845081836094409
v -0.33558043220763656 0.68079448120517327 -0.65512487558581689
v -0.36254850924447651 0.62091638148278372 -0.6987744613554282
v -0.28107111337098345 0.54665294882793991 -0.79208438265747783
v -0.32299825127351539 0.58533268787628445 -0.74719778840274942
v -0.25586789421636874 0.61263583320063331 -0.75130471743939886
v -0.86206126350194767 0.066092430066492416 -0.50755440427146137
v -0.82924066974604371 0.10693163385512652 -0.55323035757246208
v -0.82131835217663929 0.040911926066828787 -0.57347781959643351
v -0.8324976626219327 0.23799605904650703 -0.50546055771074605
v -0.83295242598753716 0.17313590323933983 -0.53044901483244011
v -0.86809970633185085 0.19667865760497882 -0.4614068667223904
v -0.74665006792513056 0.12161865314824091 -0.6579165095858488
v -0.79220781009553332 0.14795434575952232 -0.59637518820426139
v -0.75172145153584935 0.18807361511287141 -0.63615921273046505
v -0.78792580410595336 0.48710632887182287 -0.3836280258901596
v -0.80508603544456014 0.42838117668365339 -0.41662510023354277
v -0.8305810769082308 0.44415275635605111 -0.34369238413961967
v -0.73961755487446712 0.38787489517796486 -0.55474690203025678
v -0.77456875636594846 0.40948477621098001 -0.4874462564216982
v -0.72717312853717919 0.44955911046282504 -0.52379581053003232
v -0.85753899600188921 0.32350718135940038 -0.40643580346191632
v -0.81833597912230416 0.36711954561208415 -0.44808377880778433
v -0.8273010971681557 0.30473642264218798 -0.47740624109971513
v -0.55618403413809991 0.27456605751165142 -0.78767612575415036
v -0.60731400631908095 0.30615134066007293 -0.73662696538260253
v -0.55389162671792747 0.34246525271690059 -0.76230327943310772
v -0.70580284334323307 0.22964637220462381 -0.67399454536220205
v -0.65832046884933682 0.26822452153623216 -0.70699431315660388
v -0.65770501917196289 0.20000299157144683 -0.72977397007979627
v -0.64851613735097347 0.4009464164569489 -0.65106549572211447
v -0.65519019457584615 0.33570476749661721 -0.68060482692616342
v -0.69883978034545757 0.36267284453345722 -0.62072672720377398
v -0.79214970164750709 0.28119544865996415 -0.54646329454893006
v -0.74726310739277868 0.32312258656249604 -0.5851430335972746
v -0.75137003642942812 0.25599222950534939 -0.61244617892162345
v -0.41536226708084639 0.73703397573064677 -0.53811711572139775
v -0.47214950551611412 0.62097249338031246 -0.62987696093375711
v -0.44512183171875236 0.68085830991634422 -0.58616987977084722
v -0.48647678754944063 0.70641707822296018 -0.51925615563354277
v -0.55385613091509489 0.67146996498293798 -0.49767286393215071
v -0.53818243471142724 0.41548660236982699 -0.73684432145163692
v -0.62994227992378637 0.47227384080509471 -0.62078283910130261
v -0.58623519876087649 0.4452461670077329 -0.68066865563733436
v -0.51932147462357203 0.48660112283842122 -0.70622742394395044
v -0.49773818292218008 0.55398046620407548 -0.67128031070392824
v -0.73690964044166618 0.53830677000040772 -0.41529694809081702
v -0.62084815809133187 0.63006661521276697 -0.47208418652608469
v -0.68073397462736362 0.58635953404985708 -0.44505651272872293
v -0.7062927429339797 0.51944580991255263 -0.48641146855941125
v -0.67134562969395739 0.49786251821116068 -0.55379081192506552
v -0.54205832765352335 0.58358882119179345 -0.6089895800544014
v -0.60905489904443066 0.54218266294250395 -0.58339916691278371
v -0.58346448590281297 0.60917923433341126 -0.54199300866349409
v -0.61927860390265921 0.78858531326158587 2.0639537489571924e-05
v -0.70243351745881966 0.71092638327788782 -0.080755571548593905
v -0.66259530732225236 0.75144623038647762 -0.040723976354514302
v -0.66259530732225236 0.75144623038647762 0.040765255429493441
v -0.70243351745881966 0.71092638327788782 0.080796850623573044
v -0.82927823155822233 0.5126635345546392 -0.23401353785053644
v -0.80356992572346464 0.56610568616582135 -0.19775138958798974
v -0.81962968341271925 0.57607569759042698 -0.040757134991519992
v -0.81426263684526101 0.57274982982890077 -0.11935792225261291
v -0.85021217688927264 0.5256014242878605 -0.078636351648716324
v -0.77383202214149149 0.61717719761143142 -0.15999487073547808
v -0.74079462047537448 0.66468283111717608 -0.1214776142874332
v -0.80356992572346464 0.56610568616582135 0.19779266866296888
v -0.82927823155822233 0.5126635345546392 0.23405481692551558
v -0.74079462047537448 0.66468283111717608 0.12151889336241234
v -0.77383202214149149 0.61717719761143142 0.16003614981045722
v -0.85021217688927264 0.5256014242878605 0.078677630723695463
v -0.81426263684526101 0.57274982982890077 0.11939920132759205
v -0.81962968341271925 0.57607569759042698 0.040798414066499131
v -0.7454157205923484 0.66935504485335429 -0.040759025680589346
v -0.78480463676084711 0.62403015503432691 2.0639537489571924e-05
v -0.7454157205923484 0.66935504485335429 0.040800304755568485
v -0.88724176750161143 0.00016901474152036425 -0.46681149294615287
v -0.89522359708621135 0.066151942081688134 -0.44646773845885596
v -0.94862909229389358 0.066378000479845725 -0.31755595733939496
v -0.92428878359531641 0.066323814869482148 -0.38266368381443816
v -0.94315971078858873 0.00016901474152036425 -0.33995722831566988
v -0.89910722611549898 0.13224998824130352 -0.42340829970644195
v -0.89870664836025804 0.19707665549956488 -0.39833216842547842
v -0.999476513395961 0.067078647876605696 -0.041331787914779337
v -0.9941935128189735 0.067046656092353399 -0.11064277431499021
v -1.0001677757526306 0.00016901474152036425 -0.069295341369488617
v -0.96365724273789066 0.19900665196043638 -0.19224307223832005
v -0.98194125600937954 0.13376150567058856 -0.15191050366660144
v -0.97486718472018441 0.19925037691864941 -0.12301840881460394
v -0.98104318578984273 0.00016901474152036425 -0.20660182663198995
v -0.98400339319301444 0.066941404736378649 -0.18002827201307262
v -0.9691259037288632 0.066903770864663439 -0.24792888363661178
v -0.87196367679539322 0.38704852124141315 -0.30841480344046951
v -0.85483543724103872 0.44575390141955401 -0.27536596530280538
v -0.89403585329129887 0.2634920751271505 -0.36942713746153455
v -0.88510836911716251 0.32585193908519838 -0.34004378228604021
v -0.92625449071430832 0.32652006211073153 -0.20167540000080983
v -0.90816124729501668 0.32692007617505386 -0.27128906545670384
v -0.93845519209338302 0.26498647713395362 -0.23302084676732956
v -0.95025714348281742 0.13307323742221597 -0.29064007978510087
v -0.94685939156632193 0.19976529891506364 -0.26218946177629893
v -0.92505392432820266 0.19905612179490956 -0.33141974500317983
v -0.89522359708621135 0.066151942081688134 0.44650901753383515
v -0.88724176750161143 0.00016901474152036425 0.46685277202113207
v -0.89870664836025804 0.19707665549956488 0.39837344750045761
v -0.89910722611549898 0.13224998824130352 0.42344957878142114
v -0.94315971078858873 0.00016901474152036425 0.33999850739064907
v -0.92428878359531641 0.066323814869482148 0.38270496288941735
v -0.94862909229389358 0.066378000479845725 0.31759723641437415
v -0.85483543724103872 0.44575390141955401 0.27540724437778458
v -0.87196367679539322 0.38704852124141315 0.3084560825154487
v -0.93845519209338302 0.26498647713395362 0.2330621258423087
v -0.90816124729501668 0.32692007617505386 0.27133034453168303
v -0.92625449071430832 0.32652006211073153 0.20171667907578897
v -0.88510836911716251 0.32585193908519838 0.3400850613610194
v -0.89403585329129887 0.2634920751271505 0.36946841653651374
v -1.0001677757526306 0.00016901474152036425 0.069336620444467756
v -0.9941935128189735 0.067046656092353399 0.11068405338996935
v -0.999476513395961 0.067078647876605696 0.041373066989758477
v -0.9691259037288632 0.066903770864663439 0.24797016271159092
v -0.98400339319301444 0.066941404736378649 0.18006955108805175
v -0.98104318578984273 0.00016901474152036425 0.20664310570696909
v -0.97486718472018441 0.19925037691864941 0.12305968788958307
v -0.98194125600937954 0.13376150567058856 0.15195178274158058
v -0.96365724273789066 0.19900665196043638 0.19228435131329918
v -0.92505392432820266 0.19905612179490956 0.33146102407815903
v -0.94685939156632193 0.19976529891506364 0.26223074085127812
v -0.95025714348281742 0.13307323742221597 0.29068135886008006
v -0.87076985809099183 0.45557660575166603 -0.19870656619274973
v -0.93753378104803775 0.33334919327183771 -0.12308933563166231
v -0.9071659077456915 0.39529936663115534 -0.16139186046630202
v -0.88160713943907543 0.46221309076845973 -0.1200369046356137
v -0.88703630944541212 0.46555329027344405 -0.04138271023268153
v -0.99359002572157262 0.13402923239084596 2.0639537489571924e-05
v -0.96312245845410371 0.26635716609560073 0.081727264936470354
v -0.98136555065051123 0.20104217955323234 0.041375595368177892
v -0.98136555065051123 0.20104217955323234 -0.041334316293198753
v -0.96312245845410371 0.26635716609560073 -0.081685985861491214
v -0.87076985809099183 0.45557660575166603 0.19874784526772887
v -0.88703630944541212 0.46555329027344405 0.041423989307660669
v -0.88160713943907543 0.46221309076845973 0.12007818371059284
v -0.9071659077456915 0.39529936663115534 0.16143313954128116
v -0.93753378104803775 0.33334919327183771 0.12313061470664145
v -0.94403775599896689 0.33515187169605665 -0.041385518711799928
v -0.94403775599896689 0.33515187169605665 0.041426797786779067
v -0.91844734285734908 0.40214844308696385 2.0639537489571924e-05
v 0.55320631765741191 0.82936500503502431 0.10678325865109572
v 0.57345377968138334 0.82144268746561988 0.040763550862797995
v 0.50543651779569576 0.83262199791091329 0.23784768384247618
v 0.53042497491738994 0.83307676127651775 0.17298752803530901
v 0.65789246967079862 0.74677440321411115 0.12147027794421011
v 0.59635114828921121 0.79233214538451391 0.14780597055549152
v 0.63613517281541487 0.75184578682482994 0.18792523990884058
v 0.38360398597510947 0.78805013939493396 0.48695795366779199
v 0.41660106031849264 0.80521037073354085 0.4282328014796225
v 0.55472286211520649 0.7397418901634476 0.38772651997393398
v 0.48742221650664802 0.77469309165492928 0.40933640100694924
v 0.52377177061498226 0.72729746382615978 0.44941073525879421
v 0.44805973889273421 0.81846031441128486 0.36697117040805338
v 0.47738220118466496 0.82742543245713629 0.30458804743815715
v 0.78765208583910018 0.5563083694270804 0.27441768230762065
v 0.73660292546755235 0.60743834160806154 0.30600296545604211
v 0.76227923951805765 0.55401596200690806 0.34231687751286988
v 0.67397050544715198 0.70592717863221366 0.22949799700059298
v 0.70697027324155381 0.6584448041383173 0.26807614633220139
v 0.7297499301647461 0.65782935446094348 0.19985461636741603
v 0.6510414558070643 0.64864047263995406 0.40079804125291807
v 0.68058078701111324 0.65531452986482663 0.33555639229258633
v 0.62070268728872369 0.69896411563443805 0.36252446932942634
v 0.54643925463387977 0.79227403693648779 0.28104707345593333
v 0.58511899368222431 0.74738744268175927 0.32297421135846527
v 0.61242213900657327 0.75149437171840883 0.25584385430131862
v 0.065878735872432301 0.50774405855047122 0.86203722358689749
v 0.10671793966106639 0.55342001185147194 0.82921662983099342
v 0.23778236485244691 0.5056502119897559 0.83247362270688241
v 0.17292220904527972 0.53063866911144997 0.83292838607248698
v 0.19646496341091871 0.46159652100140036 0.86807566641680067
v 0.14774065156546221 0.59656484248327124 0.79218377018048314
v 0.18785992091881126 0.63634886700947491 0.75169741162079917
v 0.48689263467776278 0.38381768016916956 0.78790176419090319
v 0.4281674824895933 0.41681475451255273 0.80506199552950997
v 0.44393906216199103 0.34388203841862963 0.83055703699318062
v 0.38766120098390472 0.55493655630926653 0.73959351495941683
v 0.40927108201691992 0.48763591070070822 0.7745447164508984
v 0.4493454162687649 0.52398546480904218 0.72714908862212901
v 0.32329348716534029 0.40662545774092629 0.85751495608683903
v 0.36690585141802406 0.44827343308679429 0.81831193920725398
v 0.30452272844812789 0.4775958953787251 0.82727705725310552
v 0.30593764646601285 0.73681661966161238 0.60728996640403077
v 0.34225155852284056 0.76249293371211768 0.55386758680287729
v 0.22943267801056369 0.67418419964121201 0.70577880342818289
v 0.26801082734217208 0.70718396743561374 0.65829642893428664
v 0.40073272226288875 0.65125515000112433 0.64849209743592318
v 0.33549107330255712 0.68079448120517327 0.65516615466079597
v 0.36245915033939707 0.62091638148278372 0.69881574043040728
v 0.28098175446590401 0.54665294882793991 0.79212566173245691
v 0.32290889236843595 0.58533268787628445 0.7472390674777285
v 0.2557785353112893 0.61263583320063331 0.75134599651437795
v 0.86197190459686823 0.066092430066492416 0.50759568334644045
v 0.82915131084096427 0.10693163385512652 0.55327163664744117
v 0.82122899327155985 0.040911926066828787 0.5735190986714126
v 0.83240830371685326 0.23799605904650703 0.50550183678572513
v 0.83286306708245772 0.17313590323933983 0.5304902939074192
v 0.86801034742677141 0.19667865760497882 0.46144814579736959
v 0.74656070902005112 0.12161865314824091 0.65795778866082788
v 0.79211845119045388 0.14795434575952232 0.59641646727924047
v 0.75163209263076991 0.18807361511287141 0.63620049180544413
v 0.78783644520087392 0.48710632887182287 0.38366930496513879
v 0.8049966765394807 0.42838117668365339 0.41666637930852196
v 0.83049171800315136 0.44415275635605111 0.34373366321459886
v 0.73952819596938768 0.38787489517796486 0.55478818110523587
v 0.77447939746086902 0.40948477621098001 0.48748753549667739
v 0.72708376963209975 0.44955911046282504 0.52383708960501141
v 0.85744963709680977 0.32350718135940038 0.40647708253689552
v 0.81824662021722472 0.36711954561208415 0.44812505788276352
v 0.82721173826307626 0.30473642264218798 0.47744752017469433
v 0.55609467523302047 0.27456605751165142 0.78771740482912944
v 0.60722464741400151 0.30615134066007293 0.73666824445758161
v 0.55380226781284803 0.34246525271690059 0.7623445585080868
v 0.70571348443815363 0.22964637220462381 0.67403582443718113
v 0.65823110994425738 0.26822452153623216 0.70703559223158297
v 0.65761566026688345 0.20000299157144683 0.72981524915477536
v 0.64842677844589403 0.4009464164569489 0.65110677479709356
v 0.65510083567076671 0.33570476749661721 0.6806461060011425
v 0.69875042144037813 0.36267284453345722 0.62076800627875306
v 0.79206034274242765 0.28119544865996415 0.54650457362390914
v 0.74717374848769924 0.32312258656249604 0.58518431267225368
v 0.75128067752434868 0.25599222950534939 0.61248745799660254
v 0.41527290817576695 0.73703397573064677 0.53815839479637684
v 0.47206014661103468 0.62097249338031246 0.6299182400087362
v 0.44503247281367292 0.68085830991634422 0.58621115884582631
v 0.48638742864436119 0.70641707822296018 0.51929743470852185
v 0.55376677201001545 0.67146996498293798 0.49771414300712991
v 0.5380930758063478 0.41548660236982699 0.736885600526616
v 0.62985292101870693 0.47227384080509471 0.62082411817628169
v 0.58614583985579705 0.4452461670077329 0.68070993471231345
v 0.51923211571849259 0.48660112283842122 0.70626870301892952
v 0.49764882401710064 0.55398046620407548 0.67132158977890732
v 0.73682028153658674 0.53830677000040772 0.41533822716579621
v 0.62075879918625243 0.63006661521276697 0.47212546560106389
v 0.68064461572228419 0.58635953404985708 0.44509779180370213
v 0.70620338402890026 0.51944580991255263 0.48645274763439045
v 0.67125627078887795 0.49786251821116068 0.5538320910000446
v 0.54196896874844391 0.58358882119179345 0.60903085912938049
v 0.60896554013935122 0.54218266294250395 0.58344044598776279
v 0.58337512699773353 0.60917923433341126 0.54203428773847318
v -0.066027606792707527 0.44665739273786598 0.89519955717116118
v -4.4679452539747209e-05 0.46700114722516284 0.88721772758656126
v -0.19695232021058426 0.39852182270448838 0.89868260844520786
v -0.1321256529523229 0.42359795398545191 0.8990831862004488
v -4.4679452539747209e-05 0.34014688259467984 0.94313567087353856
v -0.066199479580501527 0.38285333809344813 0.92426474368026623
v -0.066253665190865105 0.31774561161840492 0.94860505237884341
v -0.44562956613057336 0.27555561958181535 0.85481139732598854
v -0.3869241859524325 0.30860445771947947 0.87193963688034304
v -0.26486214184497298 0.2332105010463395 0.93843115217833284
v -0.32679574088607322 0.2714787197357138 0.9081372073799665
v -0.32639572682175089 0.20186505427981977 0.92623045079925814
v -0.32572760379621774 0.34023343656505017 0.88508432920211233
v -0.26336773983816986 0.36961679174054451 0.89401181337624869
v -4.4679452539747209e-05 0.069484995648498554 1.0001437358375804
v -0.066922320803372792 0.11083242859400017 0.99416947290392343
v -0.066954312587625076 0.041521442193789268 0.99945247348091082
v -0.066779435575682805 0.24811853791562169 0.96910186381381291
v -0.066817069447398028 0.18021792629208255 0.98397935327796426
v -4.4679452539747209e-05 0.20679148091099989 0.98101914587479255
v -0.19912604162966879 0.12320806309361387 0.97484314480513423
v -0.13363717038160794 0.15210015794561138 0.98191721609432936
v -0.19888231667145576 0.19243272651732998 0.96363320282284048
v -0.19893178650592894 0.3316093992821898 0.92502988441315248
v -0.19964096362608302 0.26237911605530889 0.94683535165127175
v -0.13294890213323535 0.29082973406411083 0.95023310356776725
v -0.82131835217663929 -0.040573896583788065 0.5735190986714126
v -0.78846097797260528 0.00016901474152036425 0.61925456398760903
v -0.71080204798890723 -0.080607196344563106 0.70240947754376948
v -0.75132189509749703 -0.04057560115048351 0.66257126740720218
v -0.74665006792513056 -0.12128062366520018 0.65795778866082788
v -0.75132189509749703 0.040913630633524233 0.66257126740720218
v -0.71080204798890723 0.080945225827603842 0.70240947754376948
v -0.51253919926565861 -0.23386516264650564 0.82925419164317216
v -0.56598135087684076 -0.19760301438395894 0.80354588580841457
v -0.55618403413809991 -0.27422802802861068 0.78771740482912944
v -0.57595136230144639 -0.0406087597874892 0.81960564349766907
v -0.57262549453992007 -0.1192095470485821 0.81423859693021072
v -0.5254770889988799 -0.078487976444685525 0.85018813697422246
v -0.65770501917196289 -0.19966496208840609 0.72981524915477536
v -0.61705286232245082 -0.15984649553144731 0.77380798222644143
v -0.66455849582819548 -0.1213292390834024 0.7407705805603243
v -0.56598135087684076 0.19794104386699968 0.80354588580841457
v -0.51253919926565861 0.23420319212954638 0.82925419164317216
v -0.66455849582819548 0.12166726856644314 0.7407705805603243
v -0.61705286232245082 0.16018452501448804 0.77380798222644143
v -0.5254770889988799 0.078826005927726261 0.85018813697422246
v -0.57262549453992007 0.11954757653162283 0.81423859693021072
v -0.57595136230144639 0.040946789270529922 0.81960564349766907
v -0.66923070956437369 -0.040610650476558555 0.74539168067729822
v -0.62390581974534631 0.00016901474152036425 0.78478059684579693
v -0.66923070956437369 0.040948679959599277 0.74539168067729822
v -4.4679452539747209e-05 -0.4666631177421221 0.88721772758656126
v -0.066027606792707527 -0.44631936325482524 0.89519955717116118
v -0.065968094777511796 -0.5074060290674306 0.86203722358689749
v -0.066253665190865105 -0.31740758213536419 0.94860505237884341
v -0.066199479580501527 -0.38251530861040739 0.92426474368026623
v -4.4679452539747209e-05 -0.33980885311163911 0.94313567087353856
v -0.1965543223159982 -0.46125849151835963 0.86807566641680067
v -0.1321256529523229 -0.42325992450241118 0.8990831862004488
v -0.19695232021058426 -0.39818379322144765 0.89868260844520786
v -0.066954312587625076 -0.041183412710748546 0.99945247348091082
v -0.066922320803372792 -0.11049439911095943 0.99416947290392343
v -4.4679452539747209e-05 -0.069146966165457818 1.0001437358375804
v -0.19888231667145576 -0.19209469703428925 0.96363320282284048
v -0.13363717038160794 -0.15176212846257064 0.98191721609432936
v -0.19912604162966879 -0.12287003361057314 0.97484314480513423
v -4.4679452539747209e-05 -0.20645345142795915 0.98101914587479255
v -0.066817069447398028 -0.17987989680904182 0.98397935327796426
v -0.066779435575682805 -0.24778050843258095 0.96910186381381291
v -0.44402842106707047 -0.3435440089355889 0.83055703699318062
v -0.3869241859524325 -0.30826642823643874 0.87193963688034304
v -0.44562956613057336 -0.27521759009877461 0.85481139732598854
v -0.26336773983816986 -0.36927876225750378 0.89401181337624869
v -0.32572760379621774 -0.33989540708200944 0.88508432920211233
v -0.32338284607041973 -0.40628742825788555 0.85751495608683903
v -0.32639572682175089 -0.20152702479677903 0.92623045079925814
v -0.32679574088607322 -0.27114069025267307 0.9081372073799665
v -0.26486214184497298 -0.23287247156329877 0.93843115217833284
v -0.13294890213323535 -0.2904917045810701 0.95023310356776725
v -0.19964096362608302 -0.26204108657226816 0.94683535165127175
v -0.19893178650592894 -0.33127136979914906 0.92502988441315248
v -0.45545227046268533 0.19889622047175964 0.87074581817594154
v -0.46542895498446341 0.041572364511691461 0.88701226953036194
v -0.46208875547947909 0.12022655891462364 0.88158309952402525
v -0.39517503134217469 0.16158151474531196 0.90714186783064132
v -0.33322485798285706 0.12327898991067225 0.93750974113298757
v -0.45545227046268533 -0.19855819098871891 0.87074581817594154
v -0.33322485798285706 -0.12294096042763152 0.93750974113298757
v -0.39517503134217469 -0.16124348526227122 0.90714186783064132
v -0.46208875547947909 -0.1198885294315829 0.88158309952402525
v -0.46542895498446341 -0.041234335028650738 0.88701226953036194
v -0.13390489710186534 0.00016901474152036425 0.99356598580652244
v -0.26623283080662008 0.081875640140501152 0.96309841853905354
v -0.20091784426425172 0.041523970572208684 0.98134151073546105
v -0.20091784426425172 -0.041185941089167961 0.98134151073546105
v -0.26623283080662008 -0.081537610657460416 0.96309841853905354
v -0.4020241077979832 0.00016901474152036425 0.9184233029422989
v -0.335027536407076 -0.041237143507769136 0.94401371608391671
v -0.335027536407076 0.041575172990809858 0.94401371608391671
v -0.89522359708621135 -0.065813912598647398 0.44650901753383515
v -0.86206126350194767 -0.06575440058345168 0.50759568334644045
v -0.94862909229389358 -0.066039970996804989 0.31759723641437415
v -0.92428878359531641 -0.065985785386441412 0.38270496288941735
v -0.86809970633185085 -0.19634062812193809 0.46144814579736959
v -0.89910722611549898 -0.13191195875826278 0.42344957878142114
v -0.89870664836025804 -0.19673862601652414 0.39837344750045761
v -0.999476513395961 -0.06674061839356496 0.041373066989758477
v -0.9941935128189735 -0.066708626609312663 0.11068405338996935
v -0.96365724273789066 -0.19866862247739564 0.19228435131329918
v -0.98194125600937954 -0.13342347618754782 0.15195178274158058
v -0.97486718472018441 -0.19891234743560868 0.12305968788958307
v -0.98400339319301444 -0.066603375253337913 0.18006955108805175
v -0.9691259037288632 -0.066565741381622703 0.24797016271159092
v -0.8305810769082308 -0.44381472687301038 0.34373366321459886
v -0.87196367679539322 -0.38671049175837241 0.3084560825154487
v -0.85483543724103872 -0.44541587193651327 0.27540724437778458
v -0.89403585329129887 -0.26315404564410977 0.36946841653651374
v -0.88510836911716251 -0.32551390960215765 0.3400850613610194
v -0.85753899600188921 -0.32316915187635964 0.40647708253689552
v -0.92625449071430832 -0.3261820326276908 0.20171667907578897
v -0.90816124729501668 -0.32658204669201313 0.27133034453168303
v -0.93845519209338302 -0.26464844765091289 0.2330621258423087
v -0.95025714348281742 -0.13273520793917523 0.29068135886008006
v -0.94685939156632193 -0.19942726943202291 0.26223074085127812
v -0.92505392432820266 -0.19871809231186882 0.33146102407815903
v -0.86206126350194767 -0.06575440058345168 -0.50755440427146137
v -0.89522359708621135 -0.065813912598647398 -0.44646773845885596
v -0.89870664836025804 -0.19673862601652414 -0.39833216842547842
v -0.89910722611549898 -0.13191195875826278 -0.42340829970644195
v -0.86809970633185085 -0.19634062812193809 -0.4614068667223904
v -0.92428878359531641 -0.065985785386441412 -0.38266368381443816
v -0.94862909229389358 -0.066039970996804989 -0.31755595733939496
v -0.85483543724103872 -0.44541587193651327 -0.27536596530280538
v -0.87196367679539322 -0.38671049175837241 -0.30841480344046951
v -0.8305810769082308 -0.44381472687301038 -0.34369238413961967
v -0.93845519209338302 -0.26464844765091289 -0.23302084676732956
v -0.90816124729501668 -0.32658204669201313 -0.27128906545670384
v -0.92625449071430832 -0.3261820326276908 -0.20167540000080983
v -0.85753899600188921 -0.32316915187635964 -0.40643580346191632
v -0.88510836911716251 -0.32551390960215765 -0.34004378228604021
v -0.89403585329129887 -0.26315404564410977 -0.36942713746153455
v -0.9941935128189735 -0.066708626609312663 -0.11064277431499021
v -0.999476513395961 -0.06674061839356496 -0.041331787914779337
v -0.9691259037288632 -0.066565741381622703 -0.24792888363661178
v -0.98400339319301444 -0.066603375253337913 -0.18002827201307262
v -0.97486718472018441 -0.19891234743560868 -0.12301840881460394
v -0.98194125600937954 -0.13342347618754782 -0.15191050366660144
v -0.96365724273789066 -0.19866862247739564 -0.19224307223832005
v -0.92505392432820266 -0.19871809231186882 -0.33141974500317983
v -0.94685939156632193 -0.19942726943202291 -0.26218946177629893
v -0.95025714348281742 -0.13273520793917523 -0.29064007978510087
v -0.57354313858646278 -0.82110465798257926 0.040763550862797995
v -0.61927860390265921 -0.78824728377854525 2.0639537489571924e-05
v -0.57354313858646278 -0.82110465798257926 -0.040722271787818856
v -0.70243351745881966 -0.71058835379484719 0.080796850623573044
v -0.66259530732225236 -0.751108200903437 0.040765255429493441
v -0.65798182857587806 -0.74643637373107052 0.12147027794421011
v -0.65798182857587806 -0.74643637373107052 -0.12142899886923098
v -0.66259530732225236 -0.751108200903437 -0.040723976354514302
v -0.70243351745881966 -0.71058835379484719 -0.080755571548593905
v -0.82927823155822233 -0.51232550507159857 0.23405481692551558
v -0.80356992572346464 -0.56576765668278073 0.19779266866296888
v -0.78774144474417962 -0.55597033994403977 0.27441768230762065
v -0.81962968341271925 -0.57573766810738636 0.040798414066499131
v -0.81426263684526101 -0.57241180034586014 0.11939920132759205
v -0.85021217688927264 -0.52526339480481987 0.078677630723695463
v -0.72983928906982554 -0.65749132497790286 0.19985461636741603
v -0.77383202214149149 -0.61683916812839079 0.16003614981045722
v -0.74079462047537448 -0.66434480163413545 0.12151889336241234
v -0.78774144474417962 -0.55597033994403977 -0.27437640323264145
v -0.80356992572346464 -0.56576765668278073 -0.19775138958798974
v -0.82927823155822233 -0.51232550507159857 -0.23401353785053644
v -0.74079462047537448 -0.66434480163413545 -0.1214776142874332
v -0.77383202214149149 -0.61683916812839079 -0.15999487073547808
v -0.72983928906982554 -0.65749132497790286 -0.19981333729243689
v -0.85021217688927264 -0.52526339480481987 -0.078636351648716324
v -0.81426263684526101 -0.57241180034586014 -0.11935792225261291
v -0.81962968341271925 -0.57573766810738636 -0.040757134991519992
v -0.7454157205923484 -0.66901701537031366 0.040800304755568485
v -0.78480463676084711 -0.62369212555128628 2.0639537489571924e-05
v -0.7454157205923484 -0.66901701537031366 -0.040759025680589346
v -0.99359002572157262 -0.13369120290780523 2.0639537489571924e-05
v -0.96312245845410371 -0.26601913661255999 -0.081685985861491214
v -0.98136555065051123 -0.2007041500701916 -0.041334316293198753
v -0.98136555065051123 -0.2007041500701916 0.041375595368177892
v -0.96312245845410371 -0.26601913661255999 0.081727264936470354
v -0.87076985809099183 -0.45523857626862529 -0.19870656619274973
v -0.88703630944541212 -0.46521526079040332 -0.04138271023268153
v -0.88160713943907543 -0.461875061285419 -0.1200369046356137
v -0.9071659077456915 -0.3949613371481146 -0.16139186046630202
v -0.93753378104803775 -0.33301116378879697 -0.12308933563166231
v -0.87076985809099183 -0.45523857626862529 0.19874784526772887
v -0.93753378104803775 -0.33301116378879697 0.12313061470664145
v -0.9071659077456915 -0.3949613371481146 0.16143313954128116
v -0.88160713943907543 -0.461875061285419 0.12007818371059284
v -0.88703630944541212 -0.46521526079040332 0.041423989307660669
v -0.94403775599896689 -0.33481384221301591 -0.041385518711799928
v -0.91844734285734908 -0.40181041360392311 2.0639537489571924e-05
v -0.94403775599896689 -0.33481384221301591 0.041426797786779067
v -0.78846097797260528 0.00016901474152036425 -0.61921328491262995
v -0.82131835217663929 -0.040573896583788065 -0.57347781959643351
v -0.71080204798890723 0.080945225827603842 -0.70236819846879039
v -0.75132189509749703 0.040913630633524233 -0.6625299883322231
v -0.74665006792513056 -0.12128062366520018 -0.6579165095858488
v -0.75132189509749703 -0.04057560115048351 -0.6625299883322231
v -0.71080204798890723 -0.080607196344563106 -0.70236819846879039
v -0.51253919926565861 0.23420319212954638 -0.82921291256819307
v -0.56598135087684076 0.19794104386699968 -0.80350460673343549
v -0.57595136230144639 0.040946789270529922 -0.81956436442268998
v -0.57262549453992007 0.11954757653162283 -0.81419731785523164
v -0.5254770889988799 0.078826005927726261 -0.85014685789924338
v -0.61705286232245082 0.16018452501448804 -0.77376670315146234
v -0.66455849582819548 0.12166726856644314 -0.74072930148534522
v -0.55618403413809991 -0.27422802802861068 -0.78767612575415036
v -0.56598135087684076 -0.19760301438395894 -0.80350460673343549
v -0.51253919926565861 -0.23386516264650564 -0.82921291256819307
v -0.66455849582819548 -0.1213292390834024 -0.74072930148534522
v -0.61705286232245082 -0.15984649553144731 -0.77376670315146234
v -0.65770501917196289 -0.19966496208840609 -0.72977397007979627
v -0.5254770889988799 -0.078487976444685525 -0.85014685789924338
v -0.57262549453992007 -0.1192095470485821 -0.81419731785523164
v -0.57595136230144639 -0.0406087597874892 -0.81956436442268998
v -0.66923070956437369 0.040948679959599277 -0.74535040160231913
v -0.62390581974534631 0.00016901474152036425 -0.78473931777081785
v -0.66923070956437369 -0.040610650476558555 -0.74535040160231913
v -4.4679452539747209e-05 0.46700114722516284 -0.88717644851158217
v -0.066027606792707527 0.44665739273786598 -0.89515827809618209
v -0.066253665190865105 0.31774561161840492 -0.94856377330386432
v -0.066199479580501527 0.38285333809344813 -0.92422346460528715
v -4.4679452539747209e-05 0.34014688259467984 -0.94309439179855947
v -0.1321256529523229 0.42359795398545191 -0.89904190712546972
v -0.19695232021058426 0.39852182270448838 -0.89864132937022878
v -0.066954312587625076 0.041521442193789268 -0.99941119440593174
v -0.066922320803372792 0.11083242859400017 -0.99412819382894435
v -4.4679452539747209e-05 0.069484995648498554 -1.0001024567626013
v -0.19888231667145576 0.19243272651732998 -0.9635919237478614
v -0.13363717038160794 0.15210015794561138 -0.98187593701935028
v -0.19912604162966879 0.12320806309361387 -0.97480186573015515
v -4.4679452539747209e-05 0.20679148091099989 -0.98097786679981347
v -0.066817069447398028 0.18021792629208255 -0.98393807420298518
v -0.066779435575682805 0.24811853791562169 -0.96906058473883383
v -0.3869241859524325 0.30860445771947947 -0.87189835780536395
v -0.44562956613057336 0.27555561958181535 -0.85477011825100946
v -0.26336773983816986 0.36961679174054451 -0.8939705343012696
v -0.32572760379621774 0.34023343656505017 -0.88504305012713325
v -0.32639572682175089 0.20186505427981977 -0.92618917172427906
v -0.32679574088607322 0.2714787197357138 -0.90809592830498742
v -0.26486214184497298 0.2332105010463395 -0.93838987310335376
v -0.13294890213323535 0.29082973406411083 -0.95019182449278816
v -0.19964096362608302 0.26237911605530889 -0.94679407257629267
v -0.19893178650592894 0.3316093992821898 -0.9249886053381734
v -0.065968094777511796 -0.5074060290674306 -0.86199594451191841
v -0.066027606792707527 -0.44631936325482524 -0.89515827809618209
v -4.4679452539747209e-05 -0.4666631177421221 -0.88717644851158217
v -0.19695232021058426 -0.39818379322144765 -0.89864132937022878
v -0.1321256529523229 -0.42325992450241118 -0.89904190712546972
v -0.1965543223159982 -0.46125849151835963 -0.86803438734182159
v -4.4679452539747209e-05 -0.33980885311163911 -0.94309439179855947
v -0.066199479580501527 -0.38251530861040739 -0.92422346460528715
v -0.066253665190865105 -0.31740758213536419 -0.94856377330386432
v -0.44562956613057336 -0.27521759009877461 -0.85477011825100946
v -0.3869241859524325 -0.30826642823643874 -0.87189835780536395
v -0.44402842106707047 -0.3435440089355889 -0.83051575791820154
v -0.26486214184497298 -0.23287247156329877 -0.93838987310335376
v -0.32679574088607322 -0.27114069025267307 -0.90809592830498742
v -0.32639572682175089 -0.20152702479677903 -0.92618917172427906
v -0.32338284607041973 -0.40628742825788555 -0.85747367701185995
v -0.32572760379621774 -0.33989540708200944 -0.88504305012713325
v -0.26336773983816986 -0.36927876225750378 -0.8939705343012696
v -4.4679452539747209e-05 -0.069146966165457818 -1.0001024567626013
v -0.066922320803372792 -0.11049439911095943 -0.99412819382894435
v -0.066954312587625076 -0.041183412710748546 -0.99941119440593174
v -0.066779435575682805 -0.24778050843258095 -0.96906058473883383
v -0.066817069447398028 -0.17987989680904182 -0.98393807420298518
v -4.4679452539747209e-05 -0.20645345142795915 -0.98097786679981347
v -0.19912604162966879 -0.12287003361057314 -0.97480186573015515
v -0.13363717038160794 -0.15176212846257064 -0.98187593701935028
v -0.19888231667145576 -0.19209469703428925 -0.9635919237478614
v -0.19893178650592894 -0.33127136979914906 -0.9249886053381734
v -0.19964096362608302 -0.26204108657226816 -0.94679407257629267
v -0.13294890213323535 -0.2904917045810701 -0.95019182449278816
v -0.45545227046268533 0.19889622047175964 -0.87070453910096246
v -0.33322485798285706 0.12327898991067225 -0.93746846205800849
v -0.39517503134217469 0.16158151474531196 -0.90710058875566224
v -0.46208875547947909 0.12022655891462364 -0.88154182044904617
v -0.46542895498446341 0.041572364511691461 -0.88697099045538286
v -0.13390489710186534 0.00016901474152036425 -0.99352470673154336
v -0.26623283080662008 -0.081537610657460416 -0.96305713946407445
v -0.20091784426425172 -0.041185941089167961 -0.98130023166048197
v -0.20091784426425172 0.041523970572208684 -0.98130023166048197
v -0.26623283080662008 0.081875640140501152 -0.96305713946407445
v -0.45545227046268533 -0.19855819098871891 -0.87070453910096246
v -0.46542895498446341 -0.041234335028650738 -0.88697099045538286
v -0.46208875547947909 -0.1198885294315829 -0.88154182044904617
v -0.39517503134217469 -0.16124348526227122 -0.90710058875566224
v -0.33322485798285706 -0.12294096042763152 -0.93746846205800849
v -0.335027536407076 0.041575172990809858 -0.94397243700893763
v -0.335027536407076 -0.041237143507769136 -0.94397243700893763
v -0.4020241077979832 0.00016901474152036425 -0.91838202386731982
v 0.10671793966106639 0.55342001185147194 -0.82917535075601434
v 0.065878735872432301 0.50774405855047122 -0.86199594451191841
v 0.18785992091881126 0.63634886700947491 -0.75165613254582009
v 0.14774065156546221 0.59656484248327124 -0.79214249110550405
v 0.19646496341091871 0.46159652100140036 -0.86803438734182159
v 0.17292220904527972 0.53063866911144997 -0.8328871069975079
v 0.23778236485244691 0.5056502119897559 -0.83243234363190333
v 0.34225155852284056 0.76249293371211768 -0.5538263077278982
v 0.30593764646601285 0.73681661966161238 -0.60724868732905168
v 0.36245915033939707 0.62091638148278372 -0.6987744613554282
v 0.33549107330255712 0.68079448120517327 -0.65512487558581689
v 0.40073272226288875 0.65125515000112433 -0.64845081836094409
v 0.26801082734217208 0.70718396743561374 -0.65825514985930755
v 0.22943267801056369 0.67418419964121201 -0.7057375243532038
v 0.44393906216199103 0.34388203841862963 -0.83051575791820154
v 0.4281674824895933 0.41681475451255273 -0.80502071645453088
v 0.48689263467776278 0.38381768016916956 -0.7878604851159241
v 0.30452272844812789 0.4775958953787251 -0.82723577817812644
v 0.36690585141802406 0.44827343308679429 -0.8182706601322749
v 0.32329348716534029 0.40662545774092629 -0.85747367701185995
v 0.4493454162687649 0.52398546480904218 -0.72710780954714993
v 0.40927108201691992 0.48763591070070822 -0.77450343737591931
v 0.38766120098390472 0.55493655630926653 -0.73955223588443775
v 0.2557785353112893 0.61263583320063331 -0.75130471743939886
v 0.32290889236843595 0.58533268787628445 -0.74719778840274942
v 0.28098175446590401 0.54665294882793991 -0.79208438265747783
v 0.57345377968138334 0.82144268746561988 -0.040722271787818856
v 0.55320631765741191 0.82936500503502431 -0.10674197957611659
v 0.63613517281541487 0.75184578682482994 -0.18788396083386144
v 0.59635114828921121 0.79233214538451391 -0.14776469148051238
v 0.65789246967079862 0.74677440321411115 -0.12142899886923098
v 0.53042497491738994 0.83307676127651775 -0.17294624896032987
v 0.50543651779569576 0.83262199791091329 -0.23780640476749704
v 0.76227923951805765 0.55401596200690806 -0.34227559843789068
v 0.73660292546755235 0.60743834160806154 -0.30596168638106291
v 0.78765208583910018 0.5563083694270804 -0.27437640323264145
v 0.62070268728872369 0.69896411563443805 -0.36248319025444714
v 0.68058078701111324 0.65531452986482663 -0.33551511321760713
v 0.6510414558070643 0.64864047263995406 -0.40075676217793887
v 0.7297499301647461 0.65782935446094348 -0.19981333729243689
v 0.70697027324155381 0.6584448041383173 -0.2680348672572222
v 0.67397050544715198 0.70592717863221366 -0.22945671792561384
v 0.41660106031849264 0.80521037073354085 -0.42819152240464331
v 0.38360398597510947 0.78805013939493396 -0.48691667459281279
v 0.47738220118466496 0.82742543245713629 -0.30454676836317796
v 0.44805973889273421 0.81846031441128486 -0.36692989133307419
v 0.52377177061498226 0.72729746382615978 -0.44936945618381502
v 0.48742221650664802 0.77469309165492928 -0.40929512193197004
v 0.55472286211520649 0.7397418901634476 -0.38768524089895479
v 0.61242213900657327 0.75149437171840883 -0.25580257522633942
v 0.58511899368222431 0.74738744268175927 -0.32293293228348607
v 0.54643925463387977 0.79227403693648779 -0.28100579438095413
v 0.82122899327155985 0.040911926066828787 -0.57347781959643351
v 0.82915131084096427 0.10693163385512652 -0.55323035757246208
v 0.86197190459686823 0.066092430066492416 -0.50755440427146137
v 0.75163209263076991 0.18807361511287141 -0.63615921273046505
v 0.79211845119045388 0.14795434575952232 -0.59637518820426139
v 0.74656070902005112 0.12161865314824091 -0.6579165095858488
v 0.86801034742677141 0.19667865760497882 -0.4614068667223904
v 0.83286306708245772 0.17313590323933983 -0.53044901483244011
v 0.83240830371685326 0.23799605904650703 -0.50546055771074605
v 0.55380226781284803 0.34246525271690059 -0.76230327943310772
v 0.60722464741400151 0.30615134066007293 -0.73662696538260253
v 0.55609467523302047 0.27456605751165142 -0.78767612575415036
v 0.69875042144037813 0.36267284453345722 -0.62072672720377398
v 0.65510083567076671 0.33570476749661721 -0.68060482692616342
v 0.64842677844589403 0.4009464164569489 -0.65106549572211447
v 0.65761566026688345 0.20000299157144683 -0.72977397007979627
v 0.65823110994425738 0.26822452153623216 -0.70699431315660388
v 0.70571348443815363 0.22964637220462381 -0.67399454536220205
v 0.83049171800315136 0.44415275635605111 -0.34369238413961967
v 0.8049966765394807 0.42838117668365339 -0.41662510023354277
v 0.78783644520087392 0.48710632887182287 -0.3836280258901596
v 0.82721173826307626 0.30473642264218798 -0.47740624109971513
v 0.81824662021722472 0.36711954561208415 -0.44808377880778433
v 0.85744963709680977 0.32350718135940038 -0.40643580346191632
v 0.72708376963209975 0.44955911046282504 -0.52379581053003232
v 0.77447939746086902 0.40948477621098001 -0.4874462564216982
v 0.73952819596938768 0.38787489517796486 -0.55474690203025678
v 0.75128067752434868 0.25599222950534939 -0.61244617892162345
v 0.74717374848769924 0.32312258656249604 -0.5851430335972746
v 0.79206034274242765 0.28119544865996415 -0.54646329454893006
v 0.41527290817576695 0.73703397573064677 -0.53811711572139775
v 0.55376677201001545 0.67146996498293798 -0.49767286393215071
v 0.48638742864436119 0.70641707822296018 -0.51925615563354277
v 0.44503247281367292 0.68085830991634422 -0.58616987977084722
v 0.47206014661103468 0.62097249338031246 -0.62987696093375711
v 0.73682028153658674 0.53830677000040772 -0.41529694809081702
v 0.67125627078887795 0.49786251821116068 -0.55379081192506552
v 0.70620338402890026 0.51944580991255263 -0.48641146855941125
v 0.68064461572228419 0.58635953404985708 -0.44505651272872293
v 0.62075879918625243 0.63006661521276697 -0.47208418652608469
v 0.5380930758063478 0.41548660236982699 -0.73684432145163692
v 0.49764882401710064 0.55398046620407548 -0.67128031070392824
v 0.51923211571849259 0.48660112283842122 -0.70622742394395044
v 0.58614583985579705 0.4452461670077329 -0.68066865563733436
v 0.62985292101870693 0.47227384080509471 -0.62078283910130261
v 0.58337512699773353 0.60917923433341126 -0.54199300866349409
v 0.60896554013935122 0.54218266294250395 -0.58339916691278371
v 0.54196896874844391 0.58358882119179345 -0.6089895800544014
v 0.57345377968138334 -0.82110465798257926 0.040763550862797995
v 0.55320631765741191 -0.82902697555198368 0.10678325865109572
v 0.50753036435641119 -0.86184756930788764 0.065944054862461604
v 0.63613517281541487 -0.75150775734178932 0.18792523990884058
v 0.59635114828921121 -0.79199411590147328 0.14780597055549152
v 0.65789246967079862 -0.74643637373107052 0.12147027794421011
v 0.46138282680734022 -0.86788601213779082 0.19653028240094797
v 0.53042497491738994 -0.83273873179347713 0.17298752803530901
v 0.50543651779569576 -0.83228396842787267 0.23784768384247618
v 0.76227923951805765 -0.55367793252386743 0.34231687751286988
v 0.73660292546755235 -0.60710031212502091 0.30600296545604211
v 0.78765208583910018 -0.55597033994403977 0.27441768230762065
v 0.62070268728872369 -0.69862608615139743 0.36252446932942634
v 0.68058078701111324 -0.65497650038178601 0.33555639229258633
v 0.6510414558070643 -0.64830244315691343 0.40079804125291807
v 0.7297499301647461 -0.65749132497790286 0.19985461636741603
v 0.70697027324155381 -0.65810677465527667 0.26807614633220139
v 0.67397050544715198 -0.70558914914917303 0.22949799700059298
v 0.34366834422456943 -0.83036738271417088 0.44400438115202029
v 0.41660106031849264 -0.80487234125050022 0.4282328014796225
v 0.38360398597510947 -0.78771210991189333 0.48695795366779199
v 0.47738220118466496 -0.82708740297409566 0.30458804743815715
v 0.44805973889273421 -0.81812228492824424 0.36697117040805338
v 0.4064117635468662 -0.85732530180782929 0.32335880615536955
v 0.52377177061498226 -0.72695943434311916 0.44941073525879421
v 0.48742221650664802 -0.77435506217188865 0.40933640100694924
v 0.55472286211520649 -0.73940386068040698 0.38772651997393398
v 0.61242213900657327 -0.7511563422353682 0.25584385430131862
v 0.58511899368222431 -0.74704941319871865 0.32297421135846527
v 0.54643925463387977 -0.79193600745344717 0.28104707345593333
v 0.82122899327155985 -0.040573896583788065 0.5735190986714126
v 0.82915131084096427 -0.10659360437208579 0.55327163664744117
v 0.86197190459686823 -0.06575440058345168 0.50759568334644045
v 0.75163209263076991 -0.18773558562983067 0.63620049180544413
v 0.79211845119045388 -0.14761631627648159 0.59641646727924047
v 0.74656070902005112 -0.12128062366520018 0.65795778866082788
v 0.86801034742677141 -0.19634062812193809 0.46144814579736959
v 0.83286306708245772 -0.1727978737562991 0.5304902939074192
v 0.83240830371685326 -0.23765802956346629 0.50550183678572513
v 0.55380226781284803 -0.34212722323385986 0.7623445585080868
v 0.60722464741400151 -0.3058133111770322 0.73666824445758161
v 0.55609467523302047 -0.27422802802861068 0.78771740482912944
v 0.69875042144037813 -0.36233481505041648 0.62076800627875306
v 0.65510083567076671 -0.33536673801357647 0.6806461060011425
v 0.64842677844589403 -0.40060838697390816 0.65110677479709356
v 0.65761566026688345 -0.19966496208840609 0.72981524915477536
v 0.65823110994425738 -0.26788649205319143 0.70703559223158297
v 0.70571348443815363 -0.22930834272158307 0.67403582443718113
v 0.83049171800315136 -0.44381472687301038 0.34373366321459886
v 0.8049966765394807 -0.42804314720061265 0.41666637930852196
v 0.78783644520087392 -0.48676829938878213 0.38366930496513879
v 0.82721173826307626 -0.30439839315914724 0.47744752017469433
v 0.81824662021722472 -0.36678151612904342 0.44812505788276352
v 0.85744963709680977 -0.32316915187635964 0.40647708253689552
v 0.72708376963209975 -0.4492210809797843 0.52383708960501141
v 0.77447939746086902 -0.40914674672793927 0.48748753549667739
v 0.73952819596938768 -0.38753686569492413 0.55478818110523587
v 0.75128067752434868 -0.25565420002230865 0.61248745799660254
v 0.74717374848769924 -0.3227845570794553 0.58518431267225368
v 0.79206034274242765 -0.28085741917692342 0.54650457362390914
v 0.040698231872768664 -0.57332944439240263 0.82129431226158911
v 0.10671793966106639 -0.55308198236843131 0.82921662983099342
v 0.065878735872432301 -0.5074060290674306 0.86203722358689749
v 0.18785992091881126 -0.63601083752643428 0.75169741162079917
v 0.14774065156546221 -0.59622681300023062 0.79218377018048314
v 0.12140495895418076 -0.65776813438181803 0.74662602801008027
v 0.19646496341091871 -0.46125849151835963 0.86807566641680067
v 0.17292220904527972 -0.53030063962840934 0.83292838607248698
v 0.23778236485244691 -0.50531218250671528 0.83247362270688241
v 0.34225155852284056 -0.76215490422907706 0.55386758680287729
v 0.30593764646601285 -0.73647859017857176 0.60728996640403077
v 0.27435236331759133 -0.78752775055011948 0.55615999422304974
v 0.36245915033939707 -0.62057835199974309 0.69881574043040728
v 0.33549107330255712 -0.68045645172213265 0.65516615466079597
v 0.40073272226288875 -0.6509171205180837 0.64849209743592318
v 0.19978929737738668 -0.7296255948757655 0.6576809792569126
v 0.26801082734217208 -0.70684593795257311 0.65829642893428664
v 0.22943267801056369 -0.67384617015817139 0.70577880342818289
v 0.44393906216199103 -0.3435440089355889 0.83055703699318062
v 0.4281674824895933 -0.416476725029512 0.80506199552950997
v 0.48689263467776278 -0.38347965068612883 0.78790176419090319
v 0.30452272844812789 -0.47725786589568436 0.82727705725310552
v 0.36690585141802406 -0.44793540360375356 0.81831193920725398
v 0.32329348716534029 -0.40628742825788555 0.85751495608683903
v 0.4493454162687649 -0.52364743532600155 0.72714908862212901
v 0.40927108201691992 -0.48729788121766748 0.7745447164508984
v 0.38766120098390472 -0.5545985268262259 0.73959351495941683
v 0.2557785353112893 -0.61229780371759268 0.75134599651437795
v 0.32290889236843595 -0.58499465839324383 0.7472390674777285
v 0.28098175446590401 -0.54631491934489929 0.79212566173245691
v 0.73682028153658674 -0.53796874051736709 0.41533822716579621
v 0.67125627078887795 -0.49752448872811994 0.5538320910000446
v 0.70620338402890026 -0.519107780429512 0.48645274763439045
v 0.68064461572228419 -0.58602150456681645 0.44509779180370213
v 0.62075879918625243 -0.62972858572972634 0.47212546560106389
v 0.5380930758063478 -0.41514857288678625 0.736885600526616
v 0.49764882401710064 -0.55364243672103486 0.67132158977890732
v 0.51923211571849259 -0.48626309335538048 0.70626870301892952
v 0.58614583985579705 -0.44490813752469216 0.68070993471231345
v 0.62985292101870693 -0.47193581132205398 0.62082411817628169
v 0.41527290817576695 -0.73669594624760615 0.53815839479637684
v 0.55376677201001545 -0.67113193549989736 0.49771414300712991
v 0.48638742864436119 -0.70607904873991956 0.51929743470852185
v 0.44503247281367292 -0.68052028043330359 0.58621115884582631
v 0.47206014661103468 -0.62063446389727184 0.6299182400087362
v 0.60896554013935122 -0.54184463345946332 0.58344044598776279
v 0.54196896874844391 -0.58325079170875282 0.60903085912938049
v 0.58337512699773353 -0.60884120485037063 0.54203428773847318
v 0.44644369854380583 -0.89500990289215132 0.066003566877657321
v 0.46678745303110275 -0.8870280733075514 2.0639537489571924e-05
v 0.39830812851042829 -0.89849295416619801 0.19692828029553405
v 0.42338425979139183 -0.89889353192143895 0.13210161303727272
v 0.33993318840061976 -0.9429460165945287 2.0639537489571924e-05
v 0.38263964389938804 -0.92407508940125638 0.066175439665451335
v 0.31753191742434483 -0.94841539809983355 0.066229625275814913
v 0.27534192538775515 -0.85462174304697869 0.44560552621552313
v 0.30839076352541928 -0.87174998260133318 0.38690014603738221
v 0.23299680685227936 -0.9382414978993231 0.26483810192992274
v 0.27126502554165366 -0.90794755310095676 0.32677170097102298
v 0.20165136008575962 -0.92604079652024829 0.32637168690670071
v 0.34001974237099003 -0.88489467492310259 0.32570356388116745
v 0.36940309754648432 -0.89382215909723883 0.26334369992311962
v 0.069271301454438439 -0.99995408155857057 2.0639537489571924e-05
v 0.11061873439994004 -0.99397981862491358 0.0668982808883226
v 0.041307747999729152 -0.99926281920190096 0.066930272672574884
v 0.24790484372156157 -0.96891220953480306 0.066755395660632613
v 0.18000423209802244 -0.98378969899895441 0.066793029532347836
v 0.20657778671693977 -0.9808294915957827 2.0639537489571924e-05
v 0.12299436889955374 -0.97465349052612438 0.19910200171461859
v 0.15188646375155124 -0.9817275618153195 0.13361313046655771
v 0.19221903232326984 -0.96344354854383063 0.19885827675640555
v 0.33139570508812966 -0.92484023013414263 0.1989077465908787
v 0.26216542186124875 -0.9466456973722619 0.19961692371103273
v 0.29061603987005075 -0.95004344928875739 0.13292486221818514
v -0.040787590777848159 -0.57332944439240263 0.82129431226158911
v -4.4679452539747209e-05 -0.61906490970859906 0.7884369380575551
v -0.080820890538623222 -0.70221982326475973 0.71077800807385694
v -0.040789295344543605 -0.66238161312819244 0.75129785518244685
v -0.12149431785926025 -0.65776813438181803 0.74662602801008027
v 0.04069993643946411 -0.66238161312819244 0.75129785518244685
v 0.080731531633543727 -0.70221982326475973 0.71077800807385694
v -0.23407885684056579 -0.82906453736416241 0.51251515935060832
v -0.19781670857801906 -0.80335623152940472 0.56595731096179047
v -0.27444172222267077 -0.78752775055011948 0.55615999422304974
v -0.040822453981549302 -0.81941598921865921 0.5759273223863961
v -0.11942324124264221 -0.81404894265120098 0.57260145462486989
v -0.078701670638745641 -0.84999848269521272 0.52545304908382973
v -0.19987865628246618 -0.7296255948757655 0.6576809792569126
v -0.16006018972550737 -0.77361832794743146 0.61702882240740065
v -0.1215429332774625 -0.74058092628131444 0.66453445591314531
v 0.19772734967293956 -0.80335623152940472 0.56595731096179047
v 0.23398949793548629 -0.82906453736416241 0.51251515935060832
v 0.12145357437238301 -0.74058092628131444 0.66453445591314531
v 0.15997083082042787 -0.77361832794743146 0.61702882240740065
v 0.078612311733666146 -0.84999848269521272 0.52545304908382973
v 0.11933388233756272 -0.81404894265120098 0.57260145462486989
v 0.040733095076469807 -0.81941598921865921 0.5759273223863961
v -0.040824344670618663 -0.74520202639828836 0.6692066696493234
v -4.4679452539747209e-05 -0.78459094256678708 0.62388177983029613
v 0.040734985765539168 -0.74520202639828836 0.6692066696493234
v -0.46687681193618219 -0.8870280733075514 2.0639537489571924e-05
v -0.44653305744888527 -0.89500990289215132 0.066003566877657321
v -0.50761972326149063 -0.86184756930788764 0.065944054862461604
v -0.31762127632942427 -0.94841539809983355 0.066229625275814913
v -0.38272900280446748 -0.92407508940125638 0.066175439665451335
v -0.3400225473056992 -0.9429460165945287 2.0639537489571924e-05
v -0.46147218571241966 -0.86788601213779082 0.19653028240094797
v -0.42347361869647127 -0.89889353192143895 0.13210161303727272
v -0.39839748741550773 -0.89849295416619801 0.19692828029553405
v -0.041397106904808648 -0.99926281920190096 0.066930272672574884
v -0.11070809330501953 -0.99397981862491358 0.0668982808883226
v -0.069360660359517934 -0.99995408155857057 2.0639537489571924e-05
v -0.19230839122834933 -0.96344354854383063 0.19885827675640555
v -0.15197582265663073 -0.9817275618153195 0.13361313046655771
v -0.12308372780463324 -0.97465349052612438 0.19910200171461859
v -0.20666714562201927 -0.9808294915957827 2.0639537489571924e-05
v -0.18009359100310193 -0.98378969899895441 0.066793029532347836
v -0.24799420262664107 -0.96891220953480306 0.066755395660632613
v -0.34375770312964887 -0.83036738271417088 0.44400438115202029
v -0.30848012243049872 -0.87174998260133318 0.38690014603738221
v -0.27543128429283459 -0.85462174304697869 0.44560552621552313
v -0.36949245645156376 -0.89382215909723883 0.26334369992311962
v -0.34010910127606947 -0.88489467492310259 0.32570356388116745
v -0.40650112245194564 -0.85732530180782929 0.32335880615536955
v -0.20174071899083912 -0.92604079652024829 0.32637168690670071
v -0.2713543844467331 -0.90794755310095676 0.32677170097102298
v -0.23308616575735885 -0.9382414978993231 0.26483810192992274
v -0.29070539877513019 -0.95004344928875739 0.13292486221818514
v -0.26225478076632819 -0.9466456973722619 0.19961692371103273
v -0.33148506399320909 -0.92484023013414263 0.1989077465908787
v 0.1986825262776995 -0.8705561638969318 0.45542823054763509
v 0.041358670317631359 -0.8868226152513522 0.46540491506941328
v 0.12001286472056354 -0.88139344524501551 0.46206471556442891
v 0.16136782055125182 -0.90695221355163147 0.39515099142712451
v 0.12306529571661212 -0.93732008685397772 0.33320081806780694
v -0.198771885182779 -0.8705561638969318 0.45542823054763509
v -0.12315465462169162 -0.93732008685397772 0.33320081806780694
v -0.16145717945633131 -0.90695221355163147 0.39515099142712451
v -0.12010222362564303 -0.88139344524501551 0.46206471556442891
v -0.041448029222710854 -0.8868226152513522 0.46540491506941328
v -4.4679452539747209e-05 -0.99337633152751259 0.13388085718681514
v 0.081661945946441022 -0.96290876426004368 0.26620879089156985
v 0.041310276378148568 -0.9811518564564512 0.20089380434920148
v -0.041399635283228063 -0.9811518564564512 0.20089380434920148
v -0.081751304851520518 -0.96290876426004368 0.26620879089156985
v -4.4679452539747209e-05 -0.91823364866328905 0.40200006788293308
v -0.041450837701829245 -0.94382406180490697 0.33500349649202582
v 0.04136147879674975 -0.94382406180490697 0.33500349649202582
v 0.44644369854380583 -0.89500990289215132 -0.065962287802678182
v 0.50753036435641119 -0.86184756930788764 -0.065902775787482465
v 0.31753191742434483 -0.94841539809983355 -0.066188346200835774
v 0.38263964389938804 -0.92407508940125638 -0.066134160590472196
v 0.46138282680734022 -0.86788601213779082 -0.19648900332596883
v 0.42338425979139183 -0.89889353192143895 -0.13206033396229358
v 0.39830812851042829 -0.89849295416619801 -0.19688700122055491
v 0.041307747999729152 -0.99926281920190096 -0.066888993597595744
v 0.11061873439994004 -0.99397981862491358 -0.066857001813343461
v 0.19221903232326984 -0.96344354854383063 -0.19881699768142641
v 0.15188646375155124 -0.9817275618153195 -0.13357185139157857
v 0.12299436889955374 -0.97465349052612438 -0.19906072263963945
v 0.18000423209802244 -0.98378969899895441 -0.066751750457368697
v 0.24790484372156157 -0.96891220953480306 -0.066714116585653474
v 0.34366834422456943 -0.83036738271417088 -0.44396310207704109
v 0.30839076352541928 -0.87174998260133318 -0.38685886696240301
v 0.27534192538775515 -0.85462174304697869 -0.44556424714054393
v 0.36940309754648432 -0.89382215909723883 -0.26330242084814043
v 0.34001974237099003 -0.88489467492310259 -0.32566228480618825
v 0.4064117635468662 -0.85732530180782929 -0.32331752708039035
v 0.20165136008575962 -0.92604079652024829 -0.32633040783172151
v 0.27126502554165366 -0.90794755310095676 -0.32673042189604379
v 0.23299680685227936 -0.9382414978993231 -0.26479682285494355
v 0.29061603987005075 -0.95004344928875739 -0.132883583143206
v 0.26216542186124875 -0.9466456973722619 -0.1995756446360536
v 0.33139570508812966 -0.92484023013414263 -0.19886646751589956
v -0.50761972326149063 -0.86184756930788764 -0.065902775787482465
v -0.44653305744888527 -0.89500990289215132 -0.065962287802678182
v -0.39839748741550773 -0.89849295416619801 -0.19688700122055491
v -0.42347361869647127 -0.89889353192143895 -0.13206033396229358
v -0.46147218571241966 -0.86788601213779082 -0.19648900332596883
v -0.38272900280446748 -0.92407508940125638 -0.066134160590472196
v -0.31762127632942427 -0.94841539809983355 -0.066188346200835774
v -0.27543128429283459 -0.85462174304697869 -0.44556424714054393
v -0.30848012243049872 -0.87174998260133318 -0.38685886696240301
v -0.34375770312964887 -0.83036738271417088 -0.44396310207704109
v -0.23308616575735885 -0.9382414978993231 -0.26479682285494355
v -0.2713543844467331 -0.90794755310095676 -0.32673042189604379
v -0.20174071899083912 -0.92604079652024829 -0.32633040783172151
v -0.40650112245194564 -0.85732530180782929 -0.32331752708039035
v -0.34010910127606947 -0.88489467492310259 -0.32566228480618825
v -0.36949245645156376 -0.89382215909723883 -0.26330242084814043
v -0.11070809330501953 -0.99397981862491358 -0.066857001813343461
v -0.041397106904808648 -0.99926281920190096 -0.066888993597595744
v -0.24799420262664107 -0.96891220953480306 -0.066714116585653474
v -0.18009359100310193 -0.98378969899895441 -0.066751750457368697
v -0.12308372780463324 -0.97465349052612438 -0.19906072263963945
v -0.15197582265663073 -0.9817275618153195 -0.13357185139157857
v -0.19230839122834933 -0.96344354854383063 -0.19881699768142641
v -0.33148506399320909 -0.92484023013414263 -0.19886646751589956
v -0.26225478076632819 -0.9466456973722619 -0.1995756446360536
v -0.29070539877513019 -0.95004344928875739 -0.132883583143206
v 0.040698231872768664 -0.57332944439240263 -0.82125303318661003
v -4.4679452539747209e-05 -0.61906490970859906 -0.78839565898257602
v -0.040787590777848159 -0.57332944439240263 -0.82125303318661003
v 0.080731531633543727 -0.70221982326475973 -0.71073672899887785
v 0.04069993643946411 -0.66238161312819244 -0.75125657610746777
v 0.12140495895418076 -0.65776813438181803 -0.74658474893510118
v -0.12149431785926025 -0.65776813438181803 -0.74658474893510118
v -0.040789295344543605 -0.66238161312819244 -0.75125657610746777
v -0.080820890538623222 -0.70221982326475973 -0.71073672899887785
v 0.23398949793548629 -0.82906453736416241 -0.51247388027562923
v 0.19772734967293956 -0.80335623152940472 -0.56591603188681139
v 0.27435236331759133 -0.78752775055011948 -0.55611871514807065
v 0.040733095076469807 -0.81941598921865921 -0.57588604331141702
v 0.11933388233756272 -0.81404894265120098 -0.5725601755498908
v 0.078612311733666146 -0.84999848269521272 -0.52541177000885064
v 0.19978929737738668 -0.7296255948757655 -0.65763970018193352
v 0.15997083082042787 -0.77361832794743146 -0.61698754333242156
v 0.12145357437238301 -0.74058092628131444 -0.66449317683816622
v -0.27444172222267077 -0.78752775055011948 -0.55611871514807065
v -0.19781670857801906 -0.80335623152940472 -0.56591603188681139
v -0.23407885684056579 -0.82906453736416241 -0.51247388027562923
v -0.1215429332774625 -0.74058092628131444 -0.66449317683816622
v -0.16006018972550737 -0.77361832794743146 -0.61698754333242156
v -0.19987865628246618 -0.7296255948757655 -0.65763970018193352
v -0.078701670638745641 -0.84999848269521272 -0.52541177000885064
v -0.11942324124264221 -0.81404894265120098 -0.5725601755498908
v -0.040822453981549302 -0.81941598921865921 -0.57588604331141702
v 0.040734985765539168 -0.74520202639828836 -0.66916539057434432
v -4.4679452539747209e-05 -0.78459094256678708 -0.62384050075531705
v -0.040824344670618663 -0.74520202639828836 -0.66916539057434432
v -4.4679452539747209e-05 -0.99337633152751259 -0.133839578111836
v -0.081751304851520518 -0.96290876426004368 -0.26616751181659065
v -0.041399635283228063 -0.9811518564564512 -0.20085252527422234
v 0.041310276378148568 -0.9811518564564512 -0.20085252527422234
v 0.081661945946441022 -0.96290876426004368 -0.26616751181659065
v -0.198771885182779 -0.8705561638969318 -0.4553869514726559
v -0.041448029222710854 -0.8868226152513522 -0.46536363599443409
v -0.12010222362564303 -0.88139344524501551 -0.46202343648944971
v -0.16145717945633131 -0.90695221355163147 -0.39510971235214531
v -0.12315465462169162 -0.93732008685397772 -0.33315953899282774
v 0.1986825262776995 -0.8705561638969318 -0.4553869514726559
v 0.12306529571661212 -0.93732008685397772 -0.33315953899282774
v 0.16136782055125182 -0.90695221355163147 -0.39510971235214531
v 0.12001286472056354 -0.88139344524501551 -0.46202343648944971
v 0.041358670317631359 -0.8868226152513522 -0.46536363599443409
v -0.041450837701829245 -0.94382406180490697 -0.33496221741704663
v -4.4679452539747209e-05 -0.91823364866328905 -0.40195878880795388
v 0.04136147879674975 -0.94382406180490697 -0.33496221741704663
v 0.55320631765741191 -0.82902697555198368 -0.10674197957611659
v 0.57345377968138334 -0.82110465798257926 -0.040722271787818856
v 0.50543651779569576 -0.83228396842787267 -0.23780640476749704
v 0.53042497491738994 -0.83273873179347713 -0.17294624896032987
v 0.65789246967079862 -0.74643637373107052 -0.12142899886923098
v 0.59635114828921121 -0.79199411590147328 -0.14776469148051238
v 0.63613517281541487 -0.75150775734178932 -0.18788396083386144
v 0.38360398597510947 -0.78771210991189333 -0.48691667459281279
v 0.41660106031849264 -0.80487234125050022 -0.42819152240464331
v 0.55472286211520649 -0.73940386068040698 -0.38768524089895479
v 0.48742221650664802 -0.77435506217188865 -0.40929512193197004
v 0.52377177061498226 -0.72695943434311916 -0.44936945618381502
v 0.44805973889273421 -0.81812228492824424 -0.36692989133307419
v 0.47738220118466496 -0.82708740297409566 -0.30454676836317796
v 0.78765208583910018 -0.55597033994403977 -0.27437640323264145
v 0.73660292546755235 -0.60710031212502091 -0.30596168638106291
v 0.76227923951805765 -0.55367793252386743 -0.34227559843789068
v 0.67397050544715198 -0.70558914914917303 -0.22945671792561384
v 0.70697027324155381 -0.65810677465527667 -0.2680348672572222
v 0.7297499301647461 -0.65749132497790286 -0.19981333729243689
v 0.6510414558070643 -0.64830244315691343 -0.40075676217793887
v 0.68058078701111324 -0.65497650038178601 -0.33551511321760713
v 0.62070268728872369 -0.69862608615139743 -0.36248319025444714
v 0.54643925463387977 -0.79193600745344717 -0.28100579438095413
v 0.58511899368222431 -0.74704941319871865 -0.32293293228348607
v 0.61242213900657327 -0.7511563422353682 -0.25580257522633942
v 0.065878735872432301 -0.5074060290674306 -0.86199594451191841
v 0.10671793966106639 -0.55308198236843131 -0.82917535075601434
v 0.23778236485244691 -0.50531218250671528 -0.83243234363190333
v 0.17292220904527972 -0.53030063962840934 -0.8328871069975079
v 0.19646496341091871 -0.46125849151835963 -0.86803438734182159
v 0.14774065156546221 -0.59622681300023062 -0.79214249110550405
v 0.18785992091881126 -0.63601083752643428 -0.75165613254582009
v 0.48689263467776278 -0.38347965068612883 -0.7878604851159241
v 0.4281674824895933 -0.416476725029512 -0.80502071645453088
v 0.44393906216199103 -0.3435440089355889 -0.83051575791820154
v 0.38766120098390472 -0.5545985268262259 -0.73955223588443775
v 0.40927108201691992 -0.48729788121766748 -0.77450343737591931
v 0.4493454162687649 -0.52364743532600155 -0.72710780954714993
v 0.32329348716534029 -0.40628742825788555 -0.85747367701185995
v 0.36690585141802406 -0.44793540360375356 -0.8182706601322749
v 0.30452272844812789 -0.47725786589568436 -0.82723577817812644
v 0.30593764646601285 -0.73647859017857176 -0.60724868732905168
v 0.34225155852284056 -0.76215490422907706 -0.5538263077278982
v 0.22943267801056369 -0.67384617015817139 -0.7057375243532038
v 0.26801082734217208 -0.70684593795257311 -0.65825514985930755
v 0.40073272226288875 -0.6509171205180837 -0.64845081836094409
v 0.33549107330255712 -0.68045645172213265 -0.65512487558581689
v 0.36245915033939707 -0.62057835199974309 -0.6987744613554282
v 0.28098175446590401 -0.54631491934489929 -0.79208438265747783
v 0.32290889236843595 -0.58499465839324383 -0.74719778840274942
v 0.2557785353112893 -0.61229780371759268 -0.75130471743939886
v 0.86197190459686823 -0.06575440058345168 -0.50755440427146137
v 0.82915131084096427 -0.10659360437208579 -0.55323035757246208
v 0.82122899327155985 -0.040573896583788065 -0.57347781959643351
v 0.83240830371685326 -0.23765802956346629 -0.50546055771074605
v 0.83286306708245772 -0.1727978737562991 -0.53044901483244011
v 0.86801034742677141 -0.19634062812193809 -0.4614068667223904
v 0.74656070902005112 -0.12128062366520018 -0.6579165095858488
v 0.79211845119045388 -0.14761631627648159 -0.59637518820426139
v 0.75163209263076991 -0.18773558562983067 -0.63615921273046505
v 0.78783644520087392 -0.48676829938878213 -0.3836280258901596
v 0.8049966765394807 -0.42804314720061265 -0.41662510023354277
v 0.83049171800315136 -0.44381472687301038 -0.34369238413961967
v 0.73952819596938768 -0.38753686569492413 -0.55474690203025678
v 0.77447939746086902 -0.40914674672793927 -0.4874462564216982
v 0.72708376963209975 -0.4492210809797843 -0.52379581053003232
v 0.85744963709680977 -0.32316915187635964 -0.40643580346191632
v 0.81824662021722472 -0.36678151612904342 -0.44808377880778433
v 0.82721173826307626 -0.30439839315914724 -0.47740624109971513
v 0.55609467523302047 -0.27422802802861068 -0.78767612575415036
v 0.60722464741400151 -0.3058133111770322 -0.73662696538260253
v 0.55380226781284803 -0.34212722323385986 -0.76230327943310772
v 0.70571348443815363 -0.22930834272158307 -0.67399454536220205
v 0.65823110994425738 -0.26788649205319143 -0.70699431315660388
v 0.65761566026688345 -0.19966496208840609 -0.72977397007979627
v 0.64842677844589403 -0.40060838697390816 -0.65106549572211447
v 0.65510083567076671 -0.33536673801357647 -0.68060482692616342
v 0.69875042144037813 -0.36233481505041648 -0.62072672720377398
v 0.79206034274242765 -0.28085741917692342 -0.54646329454893006
v 0.74717374848769924 -0.3227845570794553 -0.5851430335972746
v 0.75128067752434868 -0.25565420002230865 -0.61244617892162345
v 0.41527290817576695 -0.73669594624760615 -0.53811711572139775
v 0.47206014661103468 -0.62063446389727184 -0.62987696093375711
v 0.44503247281367292 -0.68052028043330359 -0.58616987977084722
v 0.48638742864436119 -0.70607904873991956 -0.51925615563354277
v 0.55376677201001545 -0.67113193549989736 -0.49767286393215071
v 0.5380930758063478 -0.41514857288678625 -0.73684432145163692
v 0.62985292101870693 -0.47193581132205398 -0.62078283910130261
v 0.58614583985579705 -0.44490813752469216 -0.68066865563733436
v 0.51923211571849259 -0.48626309335538048 -0.70622742394395044
v 0.49764882401710064 -0.55364243672103486 -0.67128031070392824
v 0.73682028153658674 -0.53796874051736709 -0.41529694809081702
v 0.62075879918625243 -0.62972858572972634 -0.47208418652608469
v 0.68064461572228419 -0.58602150456681645 -0.44505651272872293
v 0.70620338402890026 -0.519107780429512 -0.48641146855941125
v 0.67125627078887795 -0.49752448872811994 -0.55379081192506552
v 0.54196896874844391 -0.58325079170875282 -0.6089895800544014
v 0.60896554013935122 -0.54184463345946332 -0.58339916691278371
v 0.58337512699773353 -0.60884120485037063 -0.54199300866349409
v 0.61918924499757977 -0.78824728377854525 2.0639537489571924e-05
v 0.70234415855374022 -0.71058835379484719 -0.080755571548593905
v 0.66250594841717292 -0.751108200903437 -0.040723976354514302
v 0.66250594841717292 -0.751108200903437 0.040765255429493441
v 0.70234415855374022 -0.71058835379484719 0.080796850623573044
v 0.82918887265314289 -0.51232550507159857 -0.23401353785053644
v 0.8034805668183852 -0.56576765668278073 -0.19775138958798974
v 0.81954032450763981 -0.57573766810738636 -0.040757134991519992
v 0.81417327794018157 -0.57241180034586014 -0.11935792225261291
v 0.8501228179841932 -0.52526339480481987 -0.078636351648716324
v 0.77374266323641205 -0.61683916812839079 -0.15999487073547808
v 0.74070526157029504 -0.66434480163413545 -0.1214776142874332
v 0.8034805668183852 -0.56576765668278073 0.19779266866296888
v 0.82918887265314289 -0.51232550507159857 0.23405481692551558
v 0.74070526157029504 -0.66434480163413545 0.12151889336241234
v 0.77374266323641205 -0.61683916812839079 0.16003614981045722
v 0.8501228179841932 -0.52526339480481987 0.078677630723695463
v 0.81417327794018157 -0.57241180034586014 0.11939920132759205
v 0.81954032450763981 -0.57573766810738636 0.040798414066499131
v 0.74532636168726896 -0.66901701537031366 -0.040759025680589346
v 0.78471527785576767 -0.62369212555128628 2.0639537489571924e-05
v 0.74532636168726896 -0.66901701537031366 0.040800304755568485
v 0.88715240859653199 0.00016901474152036425 -0.46681149294615287
v 0.89513423818113191 -0.065813912598647398 -0.44646773845885596
v 0.94853973338881414 -0.066039970996804989 -0.31755595733939496
v 0.92419942469023697 -0.065985785386441412 -0.38266368381443816
v 0.94307035188350929 0.00016901474152036425 -0.33995722831566988
v 0.89901786721041954 -0.13191195875826278 -0.42340829970644195
v 0.8986172894551786 -0.19673862601652414 -0.39833216842547842
v 0.99938715449088156 -0.06674061839356496 -0.041331787914779337
v 0.99410415391389406 -0.066708626609312663 -0.11064277431499021
v 1.0000784168475512 0.00016901474152036425 -0.069295341369488617
v 0.96356788383281122 -0.19866862247739564 -0.19224307223832005
v 0.9818518971043001 -0.13342347618754782 -0.15191050366660144
v 0.97477782581510497 -0.19891234743560868 -0.12301840881460394
v 0.98095382688476329 0.00016901474152036425 -0.20660182663198995
v 0.983914034287935 -0.066603375253337913 -0.18002827201307262
v 0.96903654482378376 -0.066565741381622703 -0.24792888363661178
v 0.87187431789031378 -0.38671049175837241 -0.30841480344046951
v 0.85474607833595928 -0.44541587193651327 -0.27536596530280538
v 0.89394649438621943 -0.26315404564410977 -0.36942713746153455
v 0.88501901021208307 -0.32551390960215765 -0.34004378228604021
v 0.92616513180922888 -0.3261820326276908 -0.20167540000080983
v 0.90807188838993724 -0.32658204669201313 -0.27128906545670384
v 0.93836583318830358 -0.26464844765091289 -0.23302084676732956
v 0.95016778457773798 -0.13273520793917523 -0.29064007978510087
v 0.94677003266124249 -0.19942726943202291 -0.26218946177629893
v 0.92496456542312322 -0.19871809231186882 -0.33141974500317983
v 0.89513423818113191 -0.065813912598647398 0.44650901753383515
v 0.88715240859653199 0.00016901474152036425 0.46685277202113207
v 0.8986172894551786 -0.19673862601652414 0.39837344750045761
v 0.89901786721041954 -0.13191195875826278 0.42344957878142114
v 0.94307035188350929 0.00016901474152036425 0.33999850739064907
v 0.92419942469023697 -0.065985785386441412 0.38270496288941735
v 0.94853973338881414 -0.066039970996804989 0.31759723641437415
v 0.85474607833595928 -0.44541587193651327 0.27540724437778458
v 0.87187431789031378 -0.38671049175837241 0.3084560825154487
v 0.93836583318830358 -0.26464844765091289 0.2330621258423087
v 0.90807188838993724 -0.32658204669201313 0.27133034453168303
v 0.92616513180922888 -0.3261820326276908 0.20171667907578897
v 0.88501901021208307 -0.32551390960215765 0.3400850613610194
v 0.89394649438621943 -0.26315404564410977 0.36946841653651374
v 1.0000784168475512 0.00016901474152036425 0.069336620444467756
v 0.99410415391389406 -0.066708626609312663 0.11068405338996935
v 0.99938715449088156 -0.06674061839356496 0.041373066989758477
v 0.96903654482378376 -0.066565741381622703 0.24797016271159092
v 0.983914034287935 -0.066603375253337913 0.18006955108805175
v 0.98095382688476329 0.00016901474152036425 0.20664310570696909
v 0.97477782581510497 -0.19891234743560868 0.12305968788958307
v 0.9818518971043001 -0.13342347618754782 0.15195178274158058
v 0.96356788383281122 -0.19866862247739564 0.19228435131329918
v 0.92496456542312322 -0.19871809231186882 0.33146102407815903
v 0.94677003266124249 -0.19942726943202291 0.26223074085127812
v 0.95016778457773798 -0.13273520793917523 0.29068135886008006
v 0.87068049918591239 -0.45523857626862529 -0.19870656619274973
v 0.93744442214295831 -0.33301116378879697 -0.12308933563166231
v 0.90707654884061206 -0.3949613371481146 -0.16139186046630202
v 0.88151778053399599 -0.461875061285419 -0.1200369046356137
v 0.88694695054033268 -0.46521526079040332 -0.04138271023268153
v 0.99350066681649318 -0.13369120290780523 2.0639537489571924e-05
v 0.96303309954902427 -0.26601913661255999 0.081727264936470354
v 0.98127619174543179 -0.2007041500701916 0.041375595368177892
v 0.98127619174543179 -0.2007041500701916 -0.041334316293198753
v 0.96303309954902427 -0.26601913661255999 -0.081685985861491214
v 0.87068049918591239 -0.45523857626862529 0.19874784526772887
v 0.88694695054033268 -0.46521526079040332 0.041423989307660669
v 0.88151778053399599 -0.461875061285419 0.12007818371059284
v 0.90707654884061206 -0.3949613371481146 0.16143313954128116
v 0.93744442214295831 -0.33301116378879697 0.12313061470664145
v 0.94394839709388745 -0.33481384221301591 -0.041385518711799928
v 0.94394839709388745 -0.33481384221301591 0.041426797786779067
v 0.91835798395226964 -0.40181041360392311 2.0639537489571924e-05
v 0.065938247887628032 -0.44631936325482524 0.89519955717116118
v 0.19686296130550476 -0.39818379322144765 0.89868260844520786
v 0.1320362940472434 -0.42325992450241118 0.8990831862004488
v 0.066110120675422032 -0.38251530861040739 0.92426474368026623
v 0.06616430628578561 -0.31740758213536419 0.94860505237884341
v 0.44554020722549392 -0.27521759009877461 0.85481139732598854
v 0.38683482704735306 -0.30826642823643874 0.87193963688034304
v 0.26477278293989354 -0.23287247156329877 0.93843115217833284
v 0.32670638198099378 -0.27114069025267307 0.9081372073799665
v 0.32630636791667145 -0.20152702479677903 0.92623045079925814
v 0.3256382448911383 -0.33989540708200944 0.88508432920211233
v 0.26327838093309042 -0.36927876225750378 0.89401181337624869
v 0.066832961898293297 -0.11049439911095943 0.99416947290392343
v 0.06686495368254558 -0.041183412710748546 0.99945247348091082
v 0.06669007667060331 -0.24778050843258095 0.96910186381381291
v 0.066727710542318533 -0.17987989680904182 0.98397935327796426
v 0.1990366827245893 -0.12287003361057314 0.97484314480513423
v 0.13354781147652844 -0.15176212846257064 0.98191721609432936
v 0.19879295776637626 -0.19209469703428925 0.96363320282284048
v 0.19884242760084944 -0.33127136979914906 0.92502988441315248
v 0.19955160472100353 -0.26204108657226816 0.94683535165127175
v 0.13285954322815585 -0.2904917045810701 0.95023310356776725
v 0.78837161906752584 0.00016901474152036425 0.61925456398760903
v 0.71071268908382779 0.080945225827603842 0.70240947754376948
v 0.75123253619241759 0.040913630633524233 0.66257126740720218
v 0.75123253619241759 -0.04057560115048351 0.66257126740720218
v 0.71071268908382779 -0.080607196344563106 0.70240947754376948
v 0.51244984036057917 0.23420319212954638 0.82925419164317216
v 0.56589199197176132 0.19794104386699968 0.80354588580841457
v 0.57586200339636695 0.040946789270529922 0.81960564349766907
v 0.57253613563484063 0.11954757653162283 0.81423859693021072
v 0.52538773009380046 0.078826005927726261 0.85018813697422246
v 0.61696350341737138 0.16018452501448804 0.77380798222644143
v 0.66446913692311604 0.12166726856644314 0.7407705805603243
v 0.56589199197176132 -0.19760301438395894 0.80354588580841457
v 0.51244984036057917 -0.23386516264650564 0.82925419164317216
v 0.66446913692311604 -0.1213292390834024 0.7407705805603243
v 0.61696350341737138 -0.15984649553144731 0.77380798222644143
v 0.52538773009380046 -0.078487976444685525 0.85018813697422246
v 0.57253613563484063 -0.1192095470485821 0.81423859693021072
v 0.57586200339636695 -0.0406087597874892 0.81960564349766907
v 0.66914135065929425 0.040948679959599277 0.74539168067729822
v 0.62381646084026687 0.00016901474152036425 0.78478059684579693
v 0.66914135065929425 -0.040610650476558555 0.74539168067729822
v 0.065938247887628032 0.44665739273786598 0.89519955717116118
v 0.06616430628578561 0.31774561161840492 0.94860505237884341
v 0.066110120675422032 0.38285333809344813 0.92426474368026623
v 0.1320362940472434 0.42359795398545191 0.8990831862004488
v 0.19686296130550476 0.39852182270448838 0.89868260844520786
v 0.06686495368254558 0.041521442193789268 0.99945247348091082
v 0.066832961898293297 0.11083242859400017 0.99416947290392343
v 0.19879295776637626 0.19243272651732998 0.96363320282284048
v 0.13354781147652844 0.15210015794561138 0.98191721609432936
v 0.1990366827245893 0.12320806309361387 0.97484314480513423
v 0.066727710542318533 0.18021792629208255 0.98397935327796426
v 0.06669007667060331 0.24811853791562169 0.96910186381381291
v 0.38683482704735306 0.30860445771947947 0.87193963688034304
v 0.44554020722549392 0.27555561958181535 0.85481139732598854
v 0.26327838093309042 0.36961679174054451 0.89401181337624869
v 0.3256382448911383 0.34023343656505017 0.88508432920211233
v 0.32630636791667145 0.20186505427981977 0.92623045079925814
v 0.32670638198099378 0.2714787197357138 0.9081372073799665
v 0.26477278293989354 0.2332105010463395 0.93843115217833284
v 0.13285954322815585 0.29082973406411083 0.95023310356776725
v 0.19955160472100353 0.26237911605530889 0.94683535165127175
v 0.19884242760084944 0.3316093992821898 0.92502988441315248
v 0.45536291155760589 -0.19855819098871891 0.87074581817594154
v 0.46533959607938397 -0.041234335028650738 0.88701226953036194
v 0.46199939657439965 -0.1198885294315829 0.88158309952402525
v 0.39508567243709525 -0.16124348526227122 0.90714186783064132
v 0.33313549907777762 -0.12294096042763152 0.93750974113298757
v 0.45536291155760589 0.19889622047175964 0.87074581817594154
v 0.33313549907777762 0.12327898991067225 0.93750974113298757
v 0.39508567243709525 0.16158151474531196 0.90714186783064132
v 0.46199939657439965 0.12022655891462364 0.88158309952402525
v 0.46533959607938397 0.041572364511691461 0.88701226953036194
v 0.13381553819678585 0.00016901474152036425 0.99356598580652244
v 0.26614347190154064 -0.081537610657460416 0.96309841853905354
v 0.20082848535917222 -0.041185941089167961 0.98134151073546105
v 0.20082848535917222 0.041523970572208684 0.98134151073546105
v 0.26614347190154064 0.081875640140501152 0.96309841853905354
v 0.40193474889290376 0.00016901474152036425 0.9184233029422989
v 0.33493817750199656 0.041575172990809858 0.94401371608391671
v 0.33493817750199656 -0.041237143507769136 0.94401371608391671
v -0.55329567656249135 -0.82902697555198368 0.10678325865109572
v -0.5055258767007752 -0.83228396842787267 0.23784768384247618
v -0.53051433382246937 -0.83273873179347713 0.17298752803530901
v -0.59644050719429065 -0.79199411590147328 0.14780597055549152
v -0.63622453172049431 -0.75150775734178932 0.18792523990884058
v -0.38369334488018891 -0.78771210991189333 0.48695795366779199
v -0.41669041922357208 -0.80487234125050022 0.4282328014796225
v -0.55481222102028593 -0.73940386068040698 0.38772651997393398
v -0.48751157541172746 -0.77435506217188865 0.40933640100694924
v -0.5238611295200617 -0.72695943434311916 0.44941073525879421
v -0.44814909779781364 -0.81812228492824424 0.36697117040805338
v -0.4774715600897444 -0.82708740297409566 0.30458804743815715
v -0.73669228437263179 -0.60710031212502091 0.30600296545604211
v -0.76236859842313709 -0.55367793252386743 0.34231687751286988
v -0.67405986435223142 -0.70558914914917303 0.22949799700059298
v -0.70705963214663325 -0.65810677465527667 0.26807614633220139
v -0.65113081471214374 -0.64830244315691343 0.40079804125291807
v -0.68067014591619268 -0.65497650038178601 0.33555639229258633
v -0.62079204619380313 -0.69862608615139743 0.36252446932942634
v -0.54652861353895921 -0.79193600745344717 0.28104707345593333
v -0.58520835258730375 -0.74704941319871865 0.32297421135846527
v -0.61251149791165271 -0.7511563422353682 0.25584385430131862
v -0.10680729856614589 -0.55308198236843131 0.82921662983099342
v -0.23787172375752641 -0.50531218250671528 0.83247362270688241
v -0.17301156795035921 -0.53030063962840934 0.83292838607248698
v -0.1478300104705417 -0.59622681300023062 0.79218377018048314
v -0.18794927982389076 -0.63601083752643428 0.75169741162079917
v -0.48698199358284222 -0.38347965068612883 0.78790176419090319
v -0.42825684139467274 -0.416476725029512 0.80506199552950997
v -0.38775055988898416 -0.5545985268262259 0.73959351495941683
v -0.40936044092199936 -0.48729788121766748 0.7745447164508984
v -0.44943477517384434 -0.52364743532600155 0.72714908862212901
v -0.3669952103231035 -0.44793540360375356 0.81831193920725398
v -0.30461208735320733 -0.47725786589568436 0.82727705725310552
v -0.30602700537109229 -0.73647859017857176 0.60728996640403077
v -0.34234091742792 -0.76215490422907706 0.55386758680287729
v -0.22952203691564318 -0.67384617015817139 0.70577880342818289
v -0.26810018624725152 -0.70684593795257311 0.65829642893428664
v -0.40082208116796819 -0.6509171205180837 0.64849209743592318
v -0.33558043220763656 -0.68045645172213265 0.65516615466079597
v -0.36254850924447651 -0.62057835199974309 0.69881574043040728
v -0.28107111337098345 -0.54631491934489929 0.79212566173245691
v -0.32299825127351539 -0.58499465839324383 0.7472390674777285
v -0.25586789421636874 -0.61229780371759268 0.75134599651437795
v -0.82924066974604371 -0.10659360437208579 0.55327163664744117
v -0.8324976626219327 -0.23765802956346629 0.50550183678572513
v -0.83295242598753716 -0.1727978737562991 0.5304902939074192
v -0.79220781009553332 -0.14761631627648159 0.59641646727924047
v -0.75172145153584935 -0.18773558562983067 0.63620049180544413
v -0.78792580410595336 -0.48676829938878213 0.38366930496513879
v -0.80508603544456014 -0.42804314720061265 0.41666637930852196
v -0.73961755487446712 -0.38753686569492413 0.55478818110523587
v -0.77456875636594846 -0.40914674672793927 0.48748753549667739
v -0.72717312853717919 -0.4492210809797843 0.52383708960501141
v -0.81833597912230416 -0.36678151612904342 0.44812505788276352
v -0.8273010971681557 -0.30439839315914724 0.47744752017469433
v -0.60731400631908095 -0.3058133111770322 0.73666824445758161
v -0.55389162671792747 -0.34212722323385986 0.7623445585080868
v -0.70580284334323307 -0.22930834272158307 0.67403582443718113
v -0.65832046884933682 -0.26788649205319143 0.70703559223158297
v -0.64851613735097347 -0.40060838697390816 0.65110677479709356
v -0.65519019457584615 -0.33536673801357647 0.6806461060011425
v -0.69883978034545757 -0.36233481505041648 0.62076800627875306
v -0.79214970164750709 -0.28085741917692342 0.54650457362390914
v -0.74726310739277868 -0.3227845570794553 0.58518431267225368
v -0.75137003642942812 -0.25565420002230865 0.61248745799660254
v -0.41536226708084639 -0.73669594624760615 0.53815839479637684
v -0.47214950551611412 -0.62063446389727184 0.6299182400087362
v -0.44512183171875236 -0.68052028043330359 0.58621115884582631
v -0.48647678754944063 -0.70607904873991956 0.51929743470852185
v -0.55385613091509489 -0.67113193549989736 0.49771414300712991
v -0.53818243471142724 -0.41514857288678625 0.736885600526616
v -0.62994227992378637 -0.47193581132205398 0.62082411817628169
v -0.58623519876087649 -0.44490813752469216 0.68070993471231345
v -0.51932147462357203 -0.48626309335538048 0.70626870301892952
v -0.49773818292218008 -0.55364243672103486 0.67132158977890732
v -0.73690964044166618 -0.53796874051736709 0.41533822716579621
v -0.62084815809133187 -0.62972858572972634 0.47212546560106389
v -0.68073397462736362 -0.58602150456681645 0.44509779180370213
v -0.7062927429339797 -0.519107780429512 0.48645274763439045
v -0.67134562969395739 -0.49752448872811994 0.5538320910000446
v -0.54205832765352335 -0.58325079170875282 0.60903085912938049
v -0.60905489904443066 -0.54184463345946332 0.58344044598776279
v -0.58346448590281297 -0.60884120485037063 0.54203428773847318
v -0.10680729856614589 -0.55308198236843131 -0.82917535075601434
v -0.18794927982389076 -0.63601083752643428 -0.75165613254582009
v -0.1478300104705417 -0.59622681300023062 -0.79214249110550405
v -0.17301156795035921 -0.53030063962840934 -0.8328871069975079
v -0.23787172375752641 -0.50531218250671528 -0.83243234363190333
v -0.34234091742792 -0.76215490422907706 -0.5538263077278982
v -0.30602700537109229 -0.73647859017857176 -0.60724868732905168
v -0.36254850924447651 -0.62057835199974309 -0.6987744613554282
v -0.33558043220763656 -0.68045645172213265 -0.65512487558581689
v -0.40082208116796819 -0.6509171205180837 -0.64845081836094409
v -0.26810018624725152 -0.70684593795257311 -0.65825514985930755
v -0.22952203691564318 -0.67384617015817139 -0.7057375243532038
v -0.42825684139467274 -0.416476725029512 -0.80502071645453088
v -0.48698199358284222 -0.38347965068612883 -0.7878604851159241
v -0.30461208735320733 -0.47725786589568436 -0.82723577817812644
v -0.3669952103231035 -0.44793540360375356 -0.8182706601322749
v -0.44943477517384434 -0.52364743532600155 -0.72710780954714993
v -0.40936044092199936 -0.48729788121766748 -0.77450343737591931
v -0.38775055988898416 -0.5545985268262259 -0.73955223588443775
v -0.25586789421636874 -0.61229780371759268 -0.75130471743939886
v -0.32299825127351539 -0.58499465839324383 -0.74719778840274942
v -0.28107111337098345 -0.54631491934489929 -0.79208438265747783
v -0.55329567656249135 -0.82902697555198368 -0.10674197957611659
v -0.63622453172049431 -0.75150775734178932 -0.18788396083386144
v -0.59644050719429065 -0.79199411590147328 -0.14776469148051238
v -0.53051433382246937 -0.83273873179347713 -0.17294624896032987
v -0.5055258767007752 -0.83228396842787267 -0.23780640476749704
v -0.76236859842313709 -0.55367793252386743 -0.34227559843789068
v -0.73669228437263179 -0.60710031212502091 -0.30596168638106291
v -0.62079204619380313 -0.69862608615139743 -0.36248319025444714
v -0.68067014591619268 -0.65497650038178601 -0.33551511321760713
v -0.65113081471214374 -0.64830244315691343 -0.40075676217793887
v -0.70705963214663325 -0.65810677465527667 -0.2680348672572222
v -0.67405986435223142 -0.70558914914917303 -0.22945671792561384
v -0.41669041922357208 -0.80487234125050022 -0.42819152240464331
v -0.38369334488018891 -0.78771210991189333 -0.48691667459281279
v -0.4774715600897444 -0.82708740297409566 -0.30454676836317796
v -0.44814909779781364 -0.81812228492824424 -0.36692989133307419
v -0.5238611295200617 -0.72695943434311916 -0.44936945618381502
v -0.48751157541172746 -0.77435506217188865 -0.40929512193197004
v -0.55481222102028593 -0.73940386068040698 -0.38768524089895479
v -0.61251149791165271 -0.7511563422353682 -0.25580257522633942
v -0.58520835258730375 -0.74704941319871865 -0.32293293228348607
v -0.54652861353895921 -0.79193600745344717 -0.28100579438095413
v -0.82924066974604371 -0.10659360437208579 -0.55323035757246208
v -0.75172145153584935 -0.18773558562983067 -0.63615921273046505
v -0.79220781009553332 -0.14761631627648159 -0.59637518820426139
v -0.83295242598753716 -0.1727978737562991 -0.53044901483244011
v -0.8324976626219327 -0.23765802956346629 -0.50546055771074605
v -0.55389162671792747 -0.34212722323385986 -0.76230327943310772
v -0.60731400631908095 -0.3058133111770322 -0.73662696538260253
v -0.69883978034545757 -0.36233481505041648 -0.62072672720377398
v -0.65519019457584615 -0.33536673801357647 -0.68060482692616342
v -0.64851613735097347 -0.40060838697390816 -0.65106549572211447
v -0.65832046884933682 -0.26788649205319143 -0.70699431315660388
v -0.70580284334323307 -0.22930834272158307 -0.67399454536220205
v -0.80508603544456014 -0.42804314720061265 -0.41662510023354277
v -0.78792580410595336 -0.48676829938878213 -0.3836280258901596
v -0.8273010971681557 -0.30439839315914724 -0.47740624109971513
v -0.81833597912230416 -0.36678151612904342 -0.44808377880778433
v -0.72717312853717919 -0.4492210809797843 -0.52379581053003232
v -0.77456875636594846 -0.40914674672793927 -0.4874462564216982
v -0.73961755487446712 -0.38753686569492413 -0.55474690203025678
v -0.75137003642942812 -0.25565420002230865 -0.61244617892162345
v -0.74726310739277868 -0.3227845570794553 -0.5851430335972746
v -0.79214970164750709 -0.28085741917692342 -0.54646329454893006
v -0.41536226708084639 -0.73669594624760615 -0.53811711572139775
v -0.55385613091509489 -0.67113193549989736 -0.49767286393215071
v -0.48647678754944063 -0.70607904873991956 -0.51925615563354277
v -0.44512183171875236 -0.68052028043330359 -0.58616987977084722
v -0.47214950551611412 -0.62063446389727184 -0.62987696093375711
v -0.73690964044166618 -0.53796874051736709 -0.41529694809081702
v -0.67134562969395739 -0.49752448872811994 -0.55379081192506552
v -0.7062927429339797 -0.519107780429512 -0.48641146855941125
v -0.68073397462736362 -0.58602150456681645 -0.44505651272872293
v -0.62084815809133187 -0.62972858572972634 -0.47208418652608469
v -0.53818243471142724 -0.41514857288678625 -0.73684432145163692
v -0.49773818292218008 -0.55364243672103486 -0.67128031070392824
v -0.51932147462357203 -0.48626309335538048 -0.70622742394395044
v -0.58623519876087649 -0.44490813752469216 -0.68066865563733436
v -0.62994227992378637 -0.47193581132205398 -0.62078283910130261
v -0.58346448590281297 -0.60884120485037063 -0.54199300866349409
v -0.60905489904443066 -0.54184463345946332 -0.58339916691278371
v -0.54205832765352335 -0.58325079170875282 -0.6089895800544014
v 0.78837161906752584 0.00016901474152036425 -0.61921328491262995
v 0.71071268908382779 -0.080607196344563106 -0.70236819846879039
v 0.75123253619241759 -0.04057560115048351 -0.6625299883322231
v 0.75123253619241759 0.040913630633524233 -0.6625299883322231
v 0.71071268908382779 0.080945225827603842 -0.70236819846879039
v 0.51244984036057917 -0.23386516264650564 -0.82921291256819307
v 0.56589199197176132 -0.19760301438395894 -0.80350460673343549
v 0.57586200339636695 -0.0406087597874892 -0.81956436442268998
v 0.57253613563484063 -0.1192095470485821 -0.81419731785523164
v 0.52538773009380046 -0.078487976444685525 -0.85014685789924338
v 0.61696350341737138 -0.15984649553144731 -0.77376670315146234
v 0.66446913692311604 -0.1213292390834024 -0.74072930148534522
v 0.56589199197176132 0.19794104386699968 -0.80350460673343549
v 0.51244984036057917 0.23420319212954638 -0.82921291256819307
v 0.66446913692311604 0.12166726856644314 -0.74072930148534522
v 0.61696350341737138 0.16018452501448804 -0.77376670315146234
v 0.52538773009380046 0.078826005927726261 -0.85014685789924338
v 0.57253613563484063 0.11954757653162283 -0.81419731785523164
v 0.57586200339636695 0.040946789270529922 -0.81956436442268998
v 0.66914135065929425 -0.040610650476558555 -0.74535040160231913
v 0.62381646084026687 0.00016901474152036425 -0.78473931777081785
v 0.66914135065929425 0.040948679959599277 -0.74535040160231913
v 0.065938247887628032 -0.44631936325482524 -0.89515827809618209
v 0.06616430628578561 -0.31740758213536419 -0.94856377330386432
v 0.066110120675422032 -0.38251530861040739 -0.92422346460528715
v 0.1320362940472434 -0.42325992450241118 -0.89904190712546972
v 0.19686296130550476 -0.39818379322144765 -0.89864132937022878
v 0.06686495368254558 -0.041183412710748546 -0.99941119440593174
v 0.066832961898293297 -0.11049439911095943 -0.99412819382894435
v 0.19879295776637626 -0.19209469703428925 -0.9635919237478614
v 0.13354781147652844 -0.15176212846257064 -0.98187593701935028
v 0.1990366827245893 -0.12287003361057314 -0.97480186573015515
v 0.066727710542318533 -0.17987989680904182 -0.98393807420298518
v 0.06669007667060331 -0.24778050843258095 -0.96906058473883383
v 0.38683482704735306 -0.30826642823643874 -0.87189835780536395
v 0.44554020722549392 -0.27521759009877461 -0.85477011825100946
v 0.26327838093309042 -0.36927876225750378 -0.8939705343012696
v 0.3256382448911383 -0.33989540708200944 -0.88504305012713325
v 0.32630636791667145 -0.20152702479677903 -0.92618917172427906
v 0.32670638198099378 -0.27114069025267307 -0.90809592830498742
v 0.26477278293989354 -0.23287247156329877 -0.93838987310335376
v 0.13285954322815585 -0.2904917045810701 -0.95019182449278816
v 0.19955160472100353 -0.26204108657226816 -0.94679407257629267
v 0.19884242760084944 -0.33127136979914906 -0.9249886053381734
v 0.065938247887628032 0.44665739273786598 -0.89515827809618209
v 0.19686296130550476 0.39852182270448838 -0.89864132937022878
v 0.1320362940472434 0.42359795398545191 -0.89904190712546972
v 0.066110120675422032 0.38285333809344813 -0.92422346460528715
v 0.06616430628578561 0.31774561161840492 -0.94856377330386432
v 0.44554020722549392 0.27555561958181535 -0.85477011825100946
v 0.38683482704735306 0.30860445771947947 -0.87189835780536395
v 0.26477278293989354 0.2332105010463395 -0.93838987310335376
v 0.32670638198099378 0.2714787197357138 -0.90809592830498742
v 0.32630636791667145 0.20186505427981977 -0.92618917172427906
v 0.3256382448911383 0.34023343656505017 -0.88504305012713325
v 0.26327838093309042 0.36961679174054451 -0.8939705343012696
v 0.066832961898293297 0.11083242859400017 -0.99412819382894435
v 0.06686495368254558 0.041521442193789268 -0.99941119440593174
v 0.06669007667060331 0.24811853791562169 -0.96906058473883383
v 0.066727710542318533 0.18021792629208255 -0.98393807420298518
v 0.1990366827245893 0.12320806309361387 -0.97480186573015515
v 0.13354781147652844 0.15210015794561138 -0.98187593701935028
v 0.19879295776637626 0.19243272651732998 -0.9635919237478614
v 0.19884242760084944 0.3316093992821898 -0.9249886053381734
v 0.19955160472100353 0.26237911605530889 -0.94679407257629267
v 0.13285954322815585 0.29082973406411083 -0.95019182449278816
v 0.45536291155760589 -0.19855819098871891 -0.87070453910096246
v 0.33313549907777762 -0.12294096042763152 -0.93746846205800849
v 0.39508567243709525 -0.16124348526227122 -0.90710058875566224
v 0.46199939657439965 -0.1198885294315829 -0.88154182044904617
v 0.46533959607938397 -0.041234335028650738 -0.88697099045538286
v 0.13381553819678585 0.00016901474152036425 -0.99352470673154336
v 0.26614347190154064 0.081875640140501152 -0.96305713946407445
v 0.20082848535917222 0.041523970572208684 -0.98130023166048197
v 0.20082848535917222 -0.041185941089167961 -0.98130023166048197
v 0.26614347190154064 -0.081537610657460416 -0.96305713946407445
v 0.45536291155760589 0.19889622047175964 -0.87070453910096246
v 0.46533959607938397 0.041572364511691461 -0.88697099045538286
v 0.46199939657439965 0.12022655891462364 -0.88154182044904617
v 0.39508567243709525 0.16158151474531196 -0.90710058875566224
v 0.33313549907777762 0.12327898991067225 -0.93746846205800849
v 0.33493817750199656 -0.041237143507769136 -0.94397243700893763
v 0.33493817750199656 0.041575172990809858 -0.94397243700893763
v 0.40193474889290376 0.00016901474152036425 -0.91838202386731982
v 0.89513423818113191 0.066151942081688134 0.44650901753383515
v 0.94853973338881414 0.066378000479845725 0.31759723641437415
v 0.92419942469023697 0.066323814869482148 0.38270496288941735
v 0.89901786721041954 0.13224998824130352 0.42344957878142114
v 0.8986172894551786 0.19707665549956488 0.39837344750045761
v 0.99938715449088156 0.067078647876605696 0.041373066989758477
v 0.99410415391389406 0.067046656092353399 0.11068405338996935
v 0.96356788383281122 0.19900665196043638 0.19228435131329918
v 0.9818518971043001 0.13376150567058856 0.15195178274158058
v 0.97477782581510497 0.19925037691864941 0.12305968788958307
v 0.983914034287935 0.066941404736378649 0.18006955108805175
v 0.96903654482378376 0.066903770864663439 0.24797016271159092
v 0.87187431789031378 0.38704852124141315 0.3084560825154487
v 0.85474607833595928 0.44575390141955401 0.27540724437778458
v 0.89394649438621943 0.2634920751271505 0.36946841653651374
v 0.88501901021208307 0.32585193908519838 0.3400850613610194
v 0.92616513180922888 0.32652006211073153 0.20171667907578897
v 0.90807188838993724 0.32692007617505386 0.27133034453168303
v 0.93836583318830358 0.26498647713395362 0.2330621258423087
v 0.95016778457773798 0.13307323742221597 0.29068135886008006
v 0.94677003266124249 0.19976529891506364 0.26223074085127812
v 0.92496456542312322 0.19905612179490956 0.33146102407815903
v 0.89513423818113191 0.066151942081688134 -0.44646773845885596
v 0.8986172894551786 0.19707665549956488 -0.39833216842547842
v 0.89901786721041954 0.13224998824130352 -0.42340829970644195
v 0.92419942469023697 0.066323814869482148 -0.38266368381443816
v 0.94853973338881414 0.066378000479845725 -0.31755595733939496
v 0.85474607833595928 0.44575390141955401 -0.27536596530280538
v 0.87187431789031378 0.38704852124141315 -0.30841480344046951
v 0.93836583318830358 0.26498647713395362 -0.23302084676732956
v 0.90807188838993724 0.32692007617505386 -0.27128906545670384
v 0.92616513180922888 0.32652006211073153 -0.20167540000080983
v 0.88501901021208307 0.32585193908519838 -0.34004378228604021
v 0.89394649438621943 0.2634920751271505 -0.36942713746153455
v 0.99410415391389406 0.067046656092353399 -0.11064277431499021
v 0.99938715449088156 0.067078647876605696 -0.041331787914779337
v 0.96903654482378376 0.066903770864663439 -0.24792888363661178
v 0.983914034287935 0.066941404736378649 -0.18002827201307262
v 0.97477782581510497 0.19925037691864941 -0.12301840881460394
v 0.9818518971043001 0.13376150567058856 -0.15191050366660144
v 0.96356788383281122 0.19900665196043638 -0.19224307223832005
v 0.92496456542312322 0.19905612179490956 -0.33141974500317983
v 0.94677003266124249 0.19976529891506364 -0.26218946177629893
v 0.95016778457773798 0.13307323742221597 -0.29064007978510087
v 0.61918924499757977 0.78858531326158587 2.0639537489571924e-05
v 0.70234415855374022 0.71092638327788782 0.080796850623573044
v 0.66250594841717292 0.75144623038647762 0.040765255429493441
v 0.66250594841717292 0.75144623038647762 -0.040723976354514302
v 0.70234415855374022 0.71092638327788782 -0.080755571548593905
v 0.82918887265314289 0.5126635345546392 0.23405481692551558
v 0.8034805668183852 0.56610568616582135 0.19779266866296888
v 0.81954032450763981 0.57607569759042698 0.040798414066499131
v 0.81417327794018157 0.57274982982890077 0.11939920132759205
v 0.8501228179841932 0.5256014242878605 0.078677630723695463
v 0.77374266323641205 0.61717719761143142 0.16003614981045722
v 0.74070526157029504 0.66468283111717608 0.12151889336241234
v 0.8034805668183852 0.56610568616582135 -0.19775138958798974
v 0.82918887265314289 0.5126635345546392 -0.23401353785053644
v 0.74070526157029504 0.66468283111717608 -0.1214776142874332
v 0.77374266323641205 0.61717719761143142 -0.15999487073547808
v 0.8501228179841932 0.5256014242878605 -0.078636351648716324
v 0.81417327794018157 0.57274982982890077 -0.11935792225261291
v 0.81954032450763981 0.57607569759042698 -0.040757134991519992
v 0.74532636168726896 0.66935504485335429 0.040800304755568485
v 0.78471527785576767 0.62403015503432691 2.0639537489571924e-05
v 0.74532636168726896 0.66935504485335429 -0.040759025680589346
v 0.99350066681649318 0.13402923239084596 2.0639537489571924e-05
v 0.96303309954902427 0.26635716609560073 -0.081685985861491214
v 0.98127619174543179 0.20104217955323234 -0.041334316293198753
v 0.98127619174543179 0.20104217955323234 0.041375595368177892
v 0.96303309954902427 0.26635716609560073 0.081727264936470354
v 0.87068049918591239 0.45557660575166603 -0.19870656619274973
v 0.88694695054033268 0.46555329027344405 -0.04138271023268153
v 0.88151778053399599 0.46221309076845973 -0.1200369046356137
v 0.90707654884061206 0.39529936663115534 -0.16139186046630202
v 0.93744442214295831 0.33334919327183771 -0.12308933563166231
v 0.87068049918591239 0.45557660575166603 0.19874784526772887
v 0.93744442214295831 0.33334919327183771 0.12313061470664145
v 0.90707654884061206 0.39529936663115534 0.16143313954128116
v 0.88151778053399599 0.46221309076845973 0.12007818371059284
v 0.88694695054033268 0.46555329027344405 0.041423989307660669
v 0.94394839709388745 0.33515187169605665 -0.041385518711799928
v 0.91835798395226964 0.40214844308696385 2.0639537489571924e-05
v 0.94394839709388745 0.33515187169605665 0.041426797786779067
v -0.55065200357185151 0.83770527915923954 0.0204042941009045
v -0.54102837138098914 0.84251005373435128 0.053397901156271389
v -0.51767055767330927 0.85808893372265438 0.033002085436031815
v -0.5857499659333103 0.80834265104409586 0.094124858018534069
v -0.56375823393299673 0.82590016122315701 0.073817761345239985
v -0.59574783626299654 0.80419708892209685 0.061074041224101851
v -0.49696135720525775 0.86525049060870907 0.098807118595228394
v -0.53077670235079899 0.84628386874198325 0.086415585408611412
v -0.51993010764983805 0.84902156059798284 0.11926580674811907
v -0.66644167964131917 0.72850825146515952 0.17462850691522186
v -0.6474991110290077 0.7497684895656439 0.1547924048481179
v -0.67718368945588869 0.72581458202033045 0.14134361991320743
v -0.58494499864654304 0.79405823766815375 0.18080346861612848
v -0.61670318009437897 0.77255323023954869 0.16796655403865049
v -0.60497276109181575 0.77396086621612725 0.20091638264247016
v -0.63799246318199565 0.76684059024498341 0.10145156929606901
v -0.62772320631523559 0.77018142378706922 0.13474803019478623
v -0.60720971897626796 0.78964134896817217 0.11462849805010847
v -0.4485183038165429 0.86713756239604822 0.22868602517683545
v -0.48379485377460507 0.85094328465192126 0.21732186701624315
v -0.4706594352620897 0.84950833288526129 0.2494106698743494
v -0.50842082808390021 0.85069624125056031 0.152362496660088
v -0.49639816777382539 0.85134476117955027 0.18490973134371494
v -0.47387377132211117 0.86827152000356289 0.16413933139737424
v -0.53957025135567027 0.81438184018261106 0.22589791841213175
v -0.51833163680388383 0.83335018751885626 0.20554114004983798
v -0.55196182834434848 0.81444295797163624 0.19340191861484068
v -0.57521985202562942 0.81134466627945945 0.12737249923923741
v -0.56394333144526099 0.81337635100322225 0.1605293666924841
v -0.54223659375314892 0.83172944095156853 0.13997098283960879
v -0.78734239602235667 0.52813009612027317 0.32631853256670795
v -0.77556246408006768 0.55552555068711817 0.30856917165341852
v -0.79990052678494306 0.52918585895636772 0.29229228542039815
v -0.72328493602334432 0.60570733442961899 0.33957591872879872
v -0.74998125512455271 0.58107635600936181 0.32435489041525301
v -0.73621935259520466 0.5790478360444874 0.3577874264701999
v -0.77463954505122001 0.58276522018737842 0.25621464522502946
v -0.76280696288285077 0.58232372980768854 0.29043499810879636
v -0.74913954984812892 0.60837788638764645 0.27203122124330992
v -0.60544031446757607 0.69497530679888941 0.39472464836462084
v -0.63635073515177154 0.67421468868494605 0.38189489355393436
v -0.620700154290174 0.66988445375535033 0.41392754363859391
v -0.66528506330937642 0.68019664082064624 0.31635680948518075
v -0.65123488088132953 0.67766345751001711 0.34931065448626164
v -0.63534800294307381 0.7020570952081896 0.32985957390193565
v -0.68055754750520747 0.62639659553862703 0.38705056916272246
v -0.66632933818585116 0.65239731166766057 0.36841433544913049
v -0.69522602883882112 0.62963426121288113 0.35434719500884448
v -0.71313393466094888 0.68131542646331311 0.18055925830593947
v -0.70250050025683131 0.68241333857653319 0.21484478942537438
v -0.68525667155976677 0.70540874188032865 0.19539813593766839
v -0.73440906764474501 0.6339801760881455 0.25308835788478817
v -0.71891215304161393 0.65856084714314322 0.23411605470932131
v -0.74567113063626955 0.63355610926609884 0.21891078720715235
v -0.66199899481117763 0.70554085973518577 0.26330367664828924
v -0.69097508353348469 0.68259621518417024 0.24893670124208617
v -0.67860495720460556 0.68188038412572338 0.28264489764590273
v -0.7092374699992342 0.63187191144880672 0.32103146348302752
v -0.69431921072937175 0.657309688921492 0.3020138886683349
v -0.72231789719070238 0.63332898588251929 0.28721528232329657
v -0.32699506979852355 0.82145750483927626 0.47292609652390899
v -0.36396364613777776 0.80990760990473343 0.46578593037809329
v -0.34703473911847038 0.80025519359370212 0.4945010919971653
v -0.39661823824544129 0.82624803871680008 0.40668238051684391
v -0.3805184083340219 0.81859105002893295 0.43645623243638071
v -0.36010893613479661 0.83895922587491834 0.41455124845391295
v -0.41976039220722794 0.77463022960871353 0.47866399329395048
v -0.40043256954826667 0.79710932441835669 0.45787060758254428
v -0.43621958012464007 0.78312348136760346 0.44922512768951861
v -0.4565422017056302 0.84676205796909809 0.28275928970303527
v -0.4423332202687234 0.8432055603697941 0.31421984762022132
v -0.42101631321163729 0.86185404523176279 0.29213826098680112
v -0.48318623406401079 0.80265579706471657 0.35728820784750437
v -0.46308867609529886 0.823437760555076 0.3359815633093664
v -0.49778887501577351 0.80702829506543738 0.32602636111344169
v -0.39149943190427156 0.8524462569357617 0.35419233826948754
v -0.42760030236662294 0.83860147218592163 0.34538728034153388
v -0.41241146336497803 0.83298563982908003 0.37608049842362046
v -0.55701621368387766 0.7092432935875711 0.43825264441266959
v -0.53966682683115375 0.73396863019226666 0.41882486036723166
v -0.57242924239910076 0.71537727134227935 0.40733375588970616
v -0.47163318781909408 0.76782223660422411 0.43975206063722855
v -0.50601202119393163 0.75147886255385787 0.42965010155485278
v -0.4898983583572154 0.74423045469958116 0.45987589914976046
v -0.53648400834004883 0.76315840413644509 0.36762225957670502
v -0.5215653659092836 0.75780362506745491 0.39884000190086988
v -0.50279608661257424 0.78062035121645945 0.37842207578616949
v -0.43268447879349359 0.81233228272981328 0.39784540387321132
v -0.46813664819832751 0.79709820022822575 0.38840793989264538
v -0.45245584569026415 0.79057168295815627 0.41911331628264781
v -0.65557186065768158 0.72936443089442682 0.208848493821366
v -0.63121237970603417 0.72834749895452389 0.27648825472585986
v -0.6438110248566481 0.7293057851964867 0.24286910145874016
v -0.62477026148281023 0.75215426555961118 0.22202749229426796
v -0.59301128565969274 0.7736606897431918 0.2348655789938395
v -0.58828895138826354 0.71994867642197224 0.37543618014277924
v -0.55179325312879901 0.76712462611017151 0.33528697336528246
v -0.57037750205516691 0.74404361851651935 0.35557929613677075
v -0.60338866925604084 0.72364159517807347 0.34297015227434269
v -0.61765828400680067 0.72641779835750531 0.31012877023994723
v -0.49182105121539665 0.83056799681506599 0.27139573734301159
v -0.5599983008497631 0.79406383642581246 0.24747541712114868
v -0.52636613159393786 0.8129713624642938 0.25961452527845785
v -0.51241820779837588 0.81051101201609577 0.29305669169740312
v -0.53234571003435127 0.78945046116613227 0.31425196218593421
v -0.59925271013040338 0.74993238211346613 0.2895988532902064
v -0.56623962764718427 0.77033558916149936 0.30220872872539239
v -0.58000005833095092 0.77252344685091767 0.26866781088486508
v -0.83758094387025894 0.020552669304935291 0.55062796365680133
v -0.84238571844537069 0.053546276360302188 0.54100433146593896
v -0.85796459843367379 0.033150460640062614 0.51764651775825909
v -0.80821831575511527 0.094273233222564867 0.58572592601826012
v -0.82577582593417642 0.073966136549270783 0.56373419401794655
v -0.80407275363311626 0.061222416428132642 0.59572379634794637
v -0.86512615531972847 0.09895549379925922 0.49693731729020763
v -0.84615953345300265 0.08656396061264221 0.53075266243574881
v -0.84889722530900236 0.11941418195214988 0.51990606773478798
v -0.72838391617617892 0.17477688211925269 0.666417639726269
v -0.74964415427666331 0.1549407800521487 0.64747507111395752
v -0.72569024673134985 0.14149199511723823 0.67715964954083852
v -0.79393390237917316 0.1809518438201593 0.58492095873149286
v -0.7724288949505681 0.16811492924268132 0.61667914017932879
v -0.77383653092714666 0.20106475784650099 0.60494872117676557
v -0.76671625495600282 0.10159994450009981 0.63796842326694547
v -0.77005708849808863 0.13489640539881703 0.62769916640018542
v -0.78951701367919158 0.11477687325413927 0.60718567906121779
v -0.86701322710706763 0.2288344003808663 0.44849426390149277
v -0.85081894936294056 0.21747024222027397 0.483770813859555
v -0.84938399759628069 0.24955904507838025 0.47063539534703963
v -0.85057190596157972 0.1525108718641188 0.50839678816885003
v -0.85122042589056968 0.18505810654774579 0.49637412785877527
v -0.8681471847145823 0.16428770660140507 0.4738497314070611
v -0.81425750489363047 0.2260462936161626 0.53954621144062009
v -0.83322585222987566 0.20568951525386883 0.51830759688883365
v -0.81431862268265565 0.19355029381887146 0.55193778842929819
v -0.81122033099047886 0.12752087444326821 0.57519581211057924
v -0.81325201571424166 0.1606777418965149 0.56391929153021081
v -0.83160510566258794 0.14011935804363962 0.54221255383809874
v -0.52800576083129258 0.32646690777073872 0.78731835610730649
v -0.55540121539813769 0.30871754685744923 0.77553842416501739
v -0.52906152366738723 0.29244066062442892 0.79987648686989288
v -0.6055829991406384 0.33972429393282955 0.72326089610829414
v -0.58095202072038121 0.32450326561928378 0.74995721520950254
v -0.5789235007555068 0.35793580167423067 0.73619531268015426
v -0.58264088489839794 0.25636302042906023 0.77461550513616984
v -0.58219939451870795 0.29058337331282713 0.76278292296780048
v -0.60825355109866586 0.27217959644734074 0.74911550993307874
v -0.69485097150990871 0.39487302356865173 0.605416274552526
v -0.67409035339596546 0.38204326875796518 0.63632669523672147
v -0.66976011846636974 0.41407591884262479 0.62067611437512382
v -0.68007230553166553 0.31650518468921146 0.66526102339432613
v -0.67753912222103641 0.34945902969029247 0.65121084096627935
v -0.701932759919209 0.33000794910596648 0.63532396302802363
v -0.62627226024964644 0.38719894436675328 0.68053350759015729
v -0.65227297637867998 0.36856271065316132 0.66630529827080087
v -0.62950992592390065 0.35449557021287531 0.69520198892377083
v -0.68119109117433252 0.18070763350997027 0.7131098947458987
v -0.6822890032875526 0.21499316462940518 0.70247646034178113
v -0.70528440659134806 0.19554651114169919 0.68523263164471659
v -0.63385584079916502 0.25323673308881894 0.73438502772969483
v -0.65843651185416263 0.23426442991335211 0.71888811312656364
v -0.63343177397711825 0.21905916241118314 0.74564709072121937
v -0.70541652444620517 0.26345205185232007 0.66197495489612745
v -0.68247187989518976 0.24908507644611702 0.6909510436184344
v -0.6817560488367429 0.28279327284993355 0.6785809172895555
v -0.63174757615982613 0.32117983868705835 0.70921343008418403
v -0.6571853536325114 0.30216226387236578 0.69429517081432146
v -0.63320465059353881 0.2873636575273274 0.72229385727565221
v -0.82133316955029567 0.47307447172793987 0.32697102988347354
v -0.80978327461575272 0.46593430558212412 0.36393960622272764
v -0.80013085830472142 0.49464946720119612 0.34701069920342031
v -0.82612370342781938 0.40683075572087479 0.39659419833039117
v -0.81846671473995236 0.43660460764041159 0.38049436841897183
v -0.83883489058593763 0.41469962365794383 0.36008489621974654
v -0.77450589431973282 0.47881236849798131 0.41973635229217782
v -0.79698498912937599 0.4580189827865751 0.40040852963321655
v -0.78299914607862275 0.44937350289354955 0.43619554020958995
v -0.8466377226801175 0.28290766490706604 0.45651816179058013
v -0.8430812250808134 0.31436822282425209 0.44230918035367328
v -0.8617297099427822 0.29228663619083201 0.42099227329658723
v -0.80253146177573598 0.35743658305153514 0.48316219414896072
v -0.82331342526609541 0.33612993851339718 0.46306463618024879
v -0.80690395977645668 0.32617473631747251 0.49776483510072345
v -0.85232192164678089 0.35434071347351842 0.39147539198922149
v -0.83847713689694092 0.3455356555455647 0.42757626245157287
v -0.83286130454009943 0.37622887362765139 0.41238742344992796
v -0.70911895829859051 0.43840101961670053 0.55699217376882737
v -0.73384429490328607 0.41897323557126254 0.53964278691610357
v -0.71525293605329876 0.40748213109373699 0.57240520248405047
v -0.76769790131524351 0.43990043584125943 0.47160914790404407
v -0.75135452726487739 0.42979847675888361 0.50598798127888145
v -0.74410611941060067 0.46002427435379134 0.48987431844216522
v -0.7630340688474645 0.36777063478073585 0.53645996842499866
v -0.75767928977847421 0.39898837710490065 0.52154132599423353
v -0.78049601592747875 0.37857045099020037 0.50277204669752418
v -0.81220794744083269 0.39799377907724215 0.43266043887844352
v -0.79697386493924505 0.38855631509667615 0.46811260828327744
v -0.79044734766917557 0.41926169148667863 0.45243180577521408
v -0.72924009560544611 0.20899686902539683 0.65554782074263129
v -0.72822316366554318 0.27663662992989063 0.63118833979098399
v -0.72918144990750611 0.24301747666277101 0.64378698494159792
v -0.75202993027063059 0.22217586749829876 0.62474622156776005
v -0.77353635445421121 0.2350139541978703 0.59298724574464257
v -0.71982434113299143 0.37558455534681007 0.58826491147321336
v -0.76700029082119092 0.33543534856931323 0.55176921321374894
v -0.74391928322753875 0.35572767134080158 0.57035346214011684
v -0.72351725988909288 0.3431185274783734 0.60336462934099078
v -0.72629346306852471 0.310277145443978 0.6176342440917505
v -0.8304436615260854 0.27154411254704242 0.49179701130034659
v -0.79393950113683176 0.24762379232517956 0.55997426093471292
v -0.8128470271753131 0.25976290048248862 0.52634209167888768
v -0.81038667672711517 0.293205066901434 0.51239416788332581
v -0.78932612587715156 0.31440033738996503 0.5323216701193012
v -0.74980804682448543 0.28974722849423717 0.59922867021535331
v -0.77021125387251865 0.30235710392942311 0.56621558773213421
v -0.77239911156193697 0.26881618608889585 0.57997601841590074
v -0.020428334015954671 0.5507763388608321 0.83755690395520888
v -0.053421941071321567 0.54115270666996962 0.84236167853032051
v -0.033026125351082 0.51779489296228987 0.85794055851862361
v -0.094148897933584233 0.58587430122229089 0.80819427584006509
v -0.073841801260290163 0.56388256922197733 0.82575178601912624
v -0.061098081139152022 0.59587217155197725 0.80404871371806619
v -0.098831158510278599 0.4970856924942384 0.8651021154046783
v -0.086439625323661604 0.53090103763977969 0.84613549353795237
v -0.11928984666316927 0.52005444293881875 0.84887318539395218
v -0.17465254683027201 0.66656601493029977 0.72835987626112864
v -0.15481644476316805 0.64762344631798829 0.74962011436161313
v -0.14136765982825758 0.67730802474486929 0.72566620681629967
v -0.18082750853117868 0.58506933393552363 0.79390986246412287
v -0.16799059395370067 0.61682751538335956 0.77240485503551792
v -0.20094042255752034 0.60509709638079634 0.77381249101209648
v -0.10147560921111916 0.63811679847097635 0.76669221504095264
v -0.13477207010983638 0.62784754160421619 0.77003304858303834
v -0.11465253796515865 0.60733405426524856 0.78949297376414151
v -0.22871006509188568 0.44864263910552354 0.86698918719201745
v -0.21734590693129338 0.48391918906358583 0.85079490944789038
v -0.24943470978939963 0.4707837705510704 0.84935995768123052
v -0.15238653657513818 0.5085451633728808 0.85054786604652954
v -0.18493377125876517 0.49652250306280604 0.8511963859755195
v -0.16416337131242445 0.47399810661109187 0.86812314479953212
v -0.22592195832718198 0.53969458664465098 0.81423346497858018
v -0.20556517996488821 0.51845597209286443 0.83320181231482549
v -0.19342595852989086 0.55208616363332907 0.81429458276760536
v -0.12739653915428759 0.57534418731461001 0.81119629107542868
v -0.16055340660753428 0.56406766673424158 0.81322797579919148
v -0.139995022754659 0.54236092904212951 0.83158106574753776
v -0.32634257248175813 0.78746673131133738 0.5279817209162424
v -0.30859321156846864 0.77568679936904816 0.55537717548308752
v -0.29231632533544832 0.80002486207392354 0.52903748375233706
v -0.3395999586438489 0.72340927131232491 0.60555895922558822
v -0.32437893033030313 0.75010559041353331 0.58092798080533103
v -0.35781146638525002 0.73634368788418514 0.57889946084045651
v -0.25623868514007958 0.77476388034020061 0.58261684498334776
v -0.29045903802384648 0.76293129817183125 0.58217535460365777
v -0.2720552611583601 0.74926388513710951 0.60822951118361568
v -0.39474868827967102 0.60556464975655666 0.69482693159485864
v -0.38191893346898453 0.63647507044075213 0.67406631348091517
v -0.41395158355364403 0.62082448957915459 0.66973607855131956
v -0.31638084940023081 0.6654093985983569 0.68004826561661536
v -0.34933469440131182 0.65135921617031012 0.67751508230598634
v -0.32988361381698583 0.6354723382320544 0.70190872000415883
v -0.38707460907777264 0.68068188279418818 0.62624822033459626
v -0.36843837536418073 0.66645367347483175 0.6522489364636298
v -0.35437123492389466 0.6953503641278016 0.62948588600885036
v -0.18058329822098965 0.71325826994992947 0.68116705125928234
v -0.21486882934042456 0.70262483554581201 0.68226496337250231
v -0.19542217585271857 0.68538100684874737 0.70526036667629788
v -0.2531123977998383 0.7345334029337256 0.63383180088411484
v -0.23414009462437146 0.71903648833059441 0.65841247193911245
v -0.21893482712220255 0.74579546592525026 0.63340773406206796
v -0.26332771656333936 0.66212333010015822 0.705392484531155
v -0.2489607411571364 0.69109941882246528 0.68244783998013958
v -0.2826689375609529 0.67872929249358627 0.68173200892169272
v -0.3210555033980777 0.7093618052882148 0.63172353624477595
v -0.30203792858338513 0.69444354601835223 0.65716131371746123
v -0.28723932223834675 0.72244223247968298 0.63318061067848863
v -0.47295013643895922 0.32711940508750431 0.82130912963524549
v -0.46580997029314347 0.36408798142675841 0.80975923470070255
v -0.49452513191221548 0.34715907440745108 0.80010681838967124
v -0.40670642043189414 0.39674257353442194 0.8260996635127692
v -0.43648027235143094 0.3806427436230026 0.81844267482490218
v -0.41457528836896318 0.36023327142377731 0.83881085067088745
v -0.47868803320900066 0.41988472749620859 0.77448185440468265
v -0.45789464749759445 0.40055690483724732 0.79696094921432581
v -0.4492491676045689 0.43634391541362072 0.78297510616357258
v -0.28278332961808539 0.45666653699461091 0.84661368276506732
v -0.31424388753527144 0.44245755555770405 0.84305718516576322
v -0.29216230090185136 0.421140648500618 0.86170567002773202
v -0.35731224776255449 0.48331056935299149 0.8025074218606858
v -0.33600560322441653 0.46321301138427956 0.82328938535104523
v -0.32605040102849181 0.49791321030475422 0.8068799198614065
v -0.35421637818453777 0.39162376719325226 0.85229788173173071
v -0.34541132025658405 0.42772463765560365 0.83845309698189074
v -0.37610453833867075 0.41253579865395873 0.83283726462504926
v -0.43827668432771977 0.55714054897285814 0.70909491838354033
v -0.41884890028228183 0.53979116212013423 0.733820254988236
v -0.40735779580475634 0.57255357768808135 0.71522889613824858
v -0.43977610055227873 0.47175752310807484 0.76767386140019322
v -0.4296741414699029 0.50613635648291222 0.7513304873498271
v -0.45989993906481069 0.49002269364619599 0.7440820794955505
v -0.3676462994917552 0.53660834362902943 0.76301002893241432
v -0.39886404181592 0.52168970119826419 0.75765524986342414
v -0.37844611570121961 0.50292042190155495 0.78047197601242868
v -0.3978694437882615 0.43280881408247429 0.81218390752578251
v -0.3884319798076955 0.46826098348730821 0.79694982502419487
v -0.41913735619769799 0.45258018097924491 0.79042330775412539
v -0.20887253373641618 0.65569619594666206 0.72921605569039594
v -0.27651229464090998 0.63133671499501476 0.728199123750493
v -0.24289314137379039 0.6439353601456288 0.72915740999245593
v -0.22205153220931814 0.62489459677179082 0.75200589035558041
v -0.23488961890888971 0.59313562094867345 0.77351231453916103
v -0.37546022005782936 0.58841328667724402 0.71980030121794136
v -0.33531101328033258 0.55191758841777971 0.76697625090614074
v -0.35560333605182093 0.57050183734414761 0.74389524331248857
v -0.34299419218939281 0.60351300454502144 0.7234932199740427
v -0.31015281015499735 0.61778261929578127 0.72626942315347454
v -0.27141977725806177 0.49194538650437741 0.83041962161103511
v -0.24749945703619888 0.56012263613874369 0.79391546122178158
v -0.25963856519350803 0.52649046688291856 0.81282298726026292
v -0.29308073161245329 0.51254254308735658 0.81036263681206511
v -0.31427600210098439 0.53247004532333209 0.78930208596210139
v -0.28962289320525653 0.59937704541938408 0.74978400690943525
v -0.30223276864044246 0.56636396293616498 0.77018721395746848
v -0.2686918507999152 0.58012439361993151 0.77237507164688679
v -0.77580743503185257 0.52100441642256967 0.3633022718473391
v -0.74903532927136907 0.50447085287834292 0.43561629550500164
v -0.76300884417120418 0.51310395614251358 0.39981351366994256
v -0.7502203331725904 0.54658471260238672 0.37912126820868342
v -0.72353530248245479 0.57123078972575303 0.39435638544650548
v -0.68122530260971859 0.4625996197129314 0.57203620504506314
v -0.69981221429697871 0.47408522089167615 0.53926060438427026
v -0.67780589553535986 0.54307295871877315 0.50096570094628101
v -0.68935324722832236 0.50904843249234588 0.52054571054027721
v -0.66034886858411446 0.53229722253389056 0.53470639888493154
v -0.71733247757548435 0.48490762681692362 0.50556747771287247
v -0.73366906733074932 0.49500213663683951 0.47117491570149911
v -0.63649229714482736 0.63985891616083557 0.43680682626726203
v -0.60558415152248357 0.66063072420747881 0.44964625163775079
v -0.69538115937448286 0.59524118102447265 0.40922377927013237
v -0.66648943958077522 0.61801642837837423 0.42330171414613083
v -0.63507910752450525 0.59845431587553599 0.49381906660289532
v -0.65129564108872828 0.60868453889625962 0.45896721027595755
v -0.66501645615688032 0.57655614570868896 0.48027195333484485
v -0.72217176129063454 0.52929436434830923 0.45125201593043079
v -0.69410412901705276 0.55337354918601189 0.46617204895532638
v -0.709382271860724 0.5627776823745726 0.43055818733407791
v -0.52088008113358908 0.36345064705136981 0.77578339511680228
v -0.50434651758936233 0.43576467070903241 0.74901128935631889
v -0.51297962085353299 0.39996188887397333 0.762984804256154
v -0.54646037731340613 0.37926964341271424 0.75019629325754023
v -0.57110645443677255 0.39450476065053625 0.72351126256740461
v -0.46247528442395075 0.57218458024909402 0.68120126269466841
v -0.47396088560269545 0.53940897958830092 0.69978817438192853
v -0.54294862342979255 0.50111407615031178 0.67778185562030968
v -0.5089240972033654 0.52069408574430809 0.68932920731327207
v -0.53217288724490996 0.53485477408896243 0.66032482866906428
v -0.48478329152794292 0.50571585291690324 0.71730843766043417
v -0.49487780134785886 0.47132329090552988 0.73364502741569915
v -0.63973458087185497 0.43695520147129285 0.63646825722977718
v -0.66050638891849822 0.44979462684178162 0.60556011160743339
v -0.59511684573549195 0.40937215447416314 0.69535711945943257
v -0.61789209308939363 0.42345008935016165 0.66646539966572504
v -0.5983299805865554 0.49396744180692614 0.63505506760945507
v -0.60856020360727903 0.45911558547998832 0.65127160117367811
v -0.57643181041970837 0.48042032853887562 0.66499241624183014
v -0.52917002905932853 0.45140039113446151 0.72214772137558425
v -0.5532492138970313 0.46632042415935715 0.69408008910200258
v -0.562653347085592 0.43070656253810868 0.70935823194567371
v -0.36332631176238922 0.77593177032083316 0.52085604121853879
v -0.43564033542005182 0.74915966456034966 0.50432247767431204
v -0.39983755358499268 0.76313317946018489 0.51295558093848281
v -0.37914530812373354 0.750344668461571 0.54643633739835595
v -0.39438042536155571 0.72365963777143549 0.57108241452172226
v -0.57206024496011343 0.68134963789869907 0.46245124450890057
v -0.53928464429932044 0.69993654958595919 0.47393684568764533
v -0.5009897408613313 0.67793023082434034 0.54292458351474238
v -0.5205697504553275 0.68947758251730284 0.50890005728831511
v -0.53473043879998183 0.66047320387309505 0.53214884732985979
v -0.50559151762792265 0.71745681286446483 0.48475925161289274
v -0.47119895561654929 0.73379340261972981 0.49485376143280868
v -0.43683086618231221 0.63661663243380795 0.63971054095680469
v -0.44967029155280097 0.60570848681146416 0.66048234900344804
v -0.40924781918518255 0.69550549466346334 0.59509280582044177
v -0.42332575406118106 0.66661377486975582 0.61786805317434335
v -0.49384310651794555 0.63520344281348584 0.59830594067150522
v -0.45899125019100778 0.65141997637770888 0.60853616369222885
v -0.48029599324989503 0.6651407914458608 0.57640777050465808
v -0.45127605584548097 0.72229609657961502 0.52914598914427824
v -0.46619608887037656 0.69422846430603335 0.55322517398198112
v -0.43058222724912815 0.70950660714970448 0.56262930717054171
v -0.65119950393357651 0.48548223669626178 0.58782960860223188
v -0.58788754488726336 0.52895991208071169 0.61635810019575865
v -0.62001704799987911 0.50765264047678349 0.60263622580320397
v -0.64073604937118267 0.52045768753720489 0.5691121773714789
v -0.62918821836375338 0.55448513204744387 0.54953220675253645
v -0.48535790140728108 0.58797798380626276 0.65117546401852633
v -0.52883557679173121 0.61650647539978931 0.58786350497221318
v -0.50752830518780301 0.60278460100723463 0.61999300808482893
v -0.5203333522482243 0.56926055257550967 0.64071200945613249
v -0.55436079675846339 0.54968058195656722 0.62916417844870332
v -0.58785364851728217 0.6513238392225571 0.48533386149223096
v -0.61638214011080872 0.58801188017624395 0.52881153687668092
v -0.60266026571825404 0.62014138328885959 0.50750426527275261
v -0.56913621728652908 0.64086038466016326 0.52030931233317401
v -0.54955624666758662 0.62931255365273397 0.5543367568434131
v -0.57604811187287941 0.56336631323269049 0.59674483191970906
v -0.56324197794370989 0.59689320712373972 0.57602407195782923
v -0.59676887183475924 0.57617244716186 0.56321793802865971
v -0.48765110976220727 0.87549901564115351 0.033009601444291957
v -0.49728690310989437 0.87068672505778177 2.0639537489571924e-05
v -0.46650479872268075 0.88204021737442928 0.0988591545974081
v -0.47736328806187489 0.87929517422771764 0.066013476605421659
v -0.43590795551864547 0.9029835679798357 2.0639537489571924e-05
v -0.45697958054304855 0.89189299829108903 0.033031945023223985
v -0.42582588916879371 0.90718116610401445 0.033039296313936019
v -0.41705164930445937 0.88263976666870636 0.22893431770016395
v -0.43019788355025418 0.884068033944586 0.1968496460845571
v -0.39156371956919189 0.91357444092588558 0.1321352927939336
v -0.41118267958203075 0.8995718849410701 0.1646138802501986
v -0.3790954822171736 0.91356070184699467 0.16460201093801868
v -0.44283411450901011 0.88444916667241602 0.1644500835717653
v -0.45486786185366956 0.88379379457921825 0.13190708375851515
v -0.30719532344082501 0.95447996765967624 2.0639537489571924e-05
v -0.32902308846397688 0.94659749611271138 0.033145388830154519
v -0.2960515678843576 0.9574219296278339 0.033152073320934505
v -0.39381296957128142 0.92152779318919764 0.033118192866147485
v -0.36167077711652884 0.93461086782134473 0.033125045030355176
v -0.3724428415635318 0.93095928210486811 2.0639537489571924e-05
v -0.33867450825068979 0.93854223761665634 0.09919950120187325
v -0.35038572230272302 0.93714647095225767 0.06624233695970333
v -0.37117899926570952 0.92617289092459765 0.099152122491739034
v -0.43526950872351022 0.89783873517738544 0.099113192035786835
v -0.40343460429026656 0.91257619987599203 0.099220488410259391
v -0.41488473405140114 0.91043721877775674 0.066129933763306378
v -0.29286194356268103 0.83373582251277922 0.47380892536045305
v -0.30979717323946399 0.84338433120659129 0.44509617878163743
v -0.27408044787131525 0.8833309760065724 0.38729349007516289
v -0.29213128707949804 0.86404319800925877 0.41650319870467778
v -0.25757599883874377 0.87486569715521967 0.41671506747197251
v -0.32637136998395955 0.85205576011941553 0.41577390417680099
v -0.34247780886877449 0.85970866423709347 0.38600257666047044
v -0.19812719811535948 0.94670865676819982 0.26436309703188526
v -0.21754651432202954 0.93304993178964335 0.29578584945548408
v -0.18246814941499398 0.94072672772622123 0.29518801428243613
v -0.28688362706069648 0.91406158981410679 0.29595085483193906
v -0.25241551851794924 0.9241473788221467 0.29603390826422726
v -0.26774638290385838 0.92924739071194928 0.26497362071601854
v -0.22070228789293675 0.91060277588441707 0.35705214987031769
v -0.23669987616848787 0.91792292176272305 0.3267820157382742
v -0.25549460773908211 0.90140322537381257 0.35719446932680493
v -0.38830129217409964 0.87659912840996179 0.29358148756576535
v -0.40251802139422099 0.88015083761590185 0.26212388903842981
v -0.35834920875861404 0.86639795068426362 0.35543055467244
v -0.37354551223756965 0.87200916974041898 0.32474018776697783
v -0.33599327323522549 0.90702347619605905 0.26422594046351527
v -0.35501415976160794 0.89023148496700266 0.29470077138760209
v -0.3213373888945909 0.90268388441933733 0.29546745003270508
v -0.29014479325407583 0.8908854301134872 0.35711601100179036
v -0.30593191037421597 0.89734624133979235 0.32645124318010033
v -0.3244931328549806 0.87919821180841229 0.35651998701329723
v -0.034723423915615059 1.0020913159427871 2.0639537489571924e-05
v -0.055415114021848823 1.0006010899312658 0.03349736083934747
v -0.020736846089252022 1.0019183819432365 0.033501268456566632
v -0.12460765653962098 0.99435982351062735 0.033481265057782907
v -0.090104049762715188 0.99807699444699993 0.033485349627972102
v -0.10391493044725683 0.99729582910380188 2.0639537489571924e-05
v -0.061993605274517596 0.99574226397897025 0.10025610708399578
v -0.076098318670503193 0.99755891517654993 0.066954513128391652
v -0.096664300933330935 0.99298018496729235 0.10022813417645859
v -0.26116470530545161 0.96751199138126887 0.033409419184293361
v -0.2275090703808387 0.97597418660480872 0.033414207577657375
v -0.24047769444318751 0.97343304791262442 2.0639537489571924e-05
v -0.20056197595559777 0.97732719462093909 0.10004872689211028
v -0.21417261439070231 0.97727634703428279 0.066814363949416214
v -0.23450583790497395 0.96974616066121144 0.10001582066811122
v -0.17260928423460892 0.98772780799809679 2.0639537489571924e-05
v -0.19350488719479134 0.98328039537263145 0.033428337091986823
v -0.15934374501767956 0.98939009122309585 0.033432950392673064
v -0.14310930958277318 0.96505182850029692 0.23150407367613962
v -0.1577925728147089 0.96997989860294065 0.19910194113486618
v -0.17772523357196943 0.95931776429328508 0.2313520249634099
v -0.11730663234773919 0.98680809100219646 0.13360162830707792
v -0.13761832528229065 0.97915868786844529 0.16646469874635464
v -0.10286842873198244 0.98342810587145491 0.16639296072232534
v -0.20664507397560286 0.96701007638671854 0.16610962611299354
v -0.17227535096051155 0.97367672623675483 0.16636439329218131
v -0.18645991666488318 0.97612685611509564 0.13346187813513688
v -0.14548983600768658 0.98982833335832687 0.066886568616088424
v -0.16614339906748227 0.98374029256410267 0.10026868064905614
v -0.13144502174472628 0.98896728291310743 0.10033438669282035
v -0.38419676285215965 0.8970834650385664 0.23028691720327479
v -0.3169810570575895 0.92255313668109729 0.23198998472413743
v -0.35077497269673458 0.91041202536040033 0.23131446994006619
v -0.36517637574184209 0.91259211021918618 0.19804551718125452
v -0.34555650807603372 0.92659615296843878 0.16556594089004559
v -0.21287341078297389 0.95196824042095729 0.2320402035364747
v -0.24168512242634152 0.95878199107198514 0.1665198013739678
v -0.2274279893183139 0.95599807381310953 0.19936595097165155
v -0.24783001265675975 0.94338892995068135 0.23237711817252546
v -0.28239195017900776 0.93362378794664991 0.23238483225196943
v -0.28299319693152036 0.95963070856021193 0.066536107760989879
v -0.32515336139341322 0.93920599109574798 0.13255295608011591
v -0.30435927883715941 0.95017914320337615 0.099641387292381978
v -0.2695697458771254 0.96059961559906326 0.099921652881793999
v -0.25587809484598112 0.96031684414117169 0.13312331505245456
v -0.2970646209425008 0.93669489222697466 0.19939302508618395
v -0.27666141389446758 0.94930476766216043 0.16637994260296479
v -0.31135288698357544 0.9385565297251125 0.16605372241168445
v 0.020338975110875176 0.5507763388608321 0.83755690395520888
v -4.4679452539747209e-05 0.57414166857677196 0.82197337881834098
v 0.04063423010134732 0.61889295799873734 0.78778762368935418
v 0.020339028066286517 0.5968938747077116 0.80534967721593642
v 0.061008722234072527 0.59587217155197725 0.80404871371806619
v -0.020428386971366012 0.5968938747077116 0.80534967721593642
v -0.040723589006426815 0.61889295799873734 0.78778762368935418
v 0.12095540196756209 0.69969744871374473 0.70788352408694322
v 0.10113011563373761 0.68074819561065325 0.72914789342992703
v 0.14127830092317809 0.67730802474486929 0.72566620681629967
v 0.020340040850942629 0.68420081688977319 0.73264323664321607
v 0.060752277826767953 0.6830492128055734 0.73147759523587841
v 0.040376294513944033 0.70427595804518006 0.71251658353798331
v 0.10138625030603966 0.63811679847097635 0.76669221504095264
v 0.081118657939941621 0.66095194709708172 0.74957340081108859
v 0.061010212829848386 0.64043160759390649 0.76903756086256858
v -0.10121947453881711 0.68074819561065325 0.72914789342992703
v -0.12104476087264159 0.69969744871374473 0.70788352408694322
v -0.061099571734927881 0.64043160759390649 0.76903756086256858
v -0.081208016845021117 0.66095194709708172 0.74957340081108859
v -0.040465653419023528 0.70427595804518006 0.71251658353798331
v -0.060841636731847448 0.6830492128055734 0.73147759523587841
v -0.020429399756022124 0.68420081688977319 0.73264323664321607
v 0.020340095219569296 0.6414534815404267 0.77033850027160689
v -4.4679452539747209e-05 0.66326751560701136 0.75191909751696662
v -0.020429454124648791 0.6414534815404267 0.77033850027160689
v 0.27208041802088928 0.82094736023041448 0.50728955427953004
v 0.25433737976507553 0.80916352067090602 0.53468742388663149
v 0.29222696643036888 0.80002486207392354 0.52903748375233706
v 0.17737146748544463 0.82361676595129396 0.54362732161123239
v 0.21598828895645517 0.81703946400443539 0.53956057192746443
v 0.19553771411168644 0.83657915543069139 0.51695053501847865
v 0.25614932623500014 0.77476388034020061 0.58261684498334776
v 0.23622264076870472 0.79639600826231394 0.56149302634407794
v 0.21782547287661383 0.78272451065740278 0.58754970732724232
v 0.02035728509085033 0.83689603518247702 0.55185627273703763
v 0.059709262054780873 0.83555637203812883 0.55102730256916765
v 0.039314160379681024 0.85230792371780462 0.52667144842108615
v 0.10037903094327358 0.79885063719600435 0.59757704466238493
v 0.080095488104898055 0.81770296992500202 0.57470898866934372
v 0.06105662947571585 0.80156132480755848 0.59926008114347229
v 0.11778917970841456 0.84705420397902387 0.52342447105515344
v 0.099036871433657553 0.83289773268369671 0.54938085064705133
v 0.1381432959388032 0.82893135289739006 0.54692829469842674
v 0.18049393931591015 0.71325826994992947 0.68116705125928234
v 0.16074754234072131 0.73601840358597992 0.66162660331804635
v 0.14130863663622975 0.71876978649555123 0.68462496601169254
v 0.19896078428839484 0.76794571378890908 0.61318185713293416
v 0.17999594559023863 0.75244418588509188 0.63776537936455635
v 0.21884546821712306 0.74579546592525026 0.63340773406206796
v 0.1014427558777119 0.76211851123077989 0.64359206388122858
v 0.14079686591836599 0.75789314323439194 0.64116704805837521
v 0.12073073348645347 0.77875737984820703 0.61991125110689349
v 0.15865509205680992 0.8096755524435455 0.56972623096391839
v 0.13974383185419401 0.79469158712991905 0.59520461700491623
v 0.17895861739475438 0.78930816155828176 0.59185519381857432
v -0.25442673867015497 0.80916352067090602 0.53468742388663149
v -0.27216977692596872 0.82094736023041448 0.50728955427953004
v -0.21791483178169332 0.78272451065740278 0.58754970732724232
v -0.23631199967378422 0.79639600826231394 0.56149302634407794
v -0.19562707301676593 0.83657915543069139 0.51695053501847865
v -0.21607764786153466 0.81703946400443539 0.53956057192746443
v -0.17746082639052413 0.82361676595129396 0.54362732161123239
v -0.14139799554130925 0.71876978649555123 0.68462496601169254
v -0.1608369012458008 0.73601840358597992 0.66162660331804635
v -0.12082009239153296 0.77875737984820703 0.61991125110689349
v -0.14088622482344548 0.75789314323439194 0.64116704805837521
v -0.10153211478279139 0.76211851123077989 0.64359206388122858
v -0.18008530449531812 0.75244418588509188 0.63776537936455635
v -0.19905014319347433 0.76794571378890908 0.61318185713293416
v -0.039403519284760519 0.85230792371780462 0.52667144842108615
v -0.059798620959860369 0.83555637203812883 0.55102730256916765
v -0.020446643995929825 0.83689603518247702 0.55185627273703763
v -0.1382326548438827 0.82893135289739006 0.54692829469842674
v -0.099126230338737048 0.83289773268369671 0.54938085064705133
v -0.11787853861349405 0.84705420397902387 0.52342447105515344
v -0.061145988380795345 0.80156132480755848 0.59926008114347229
v -0.08018484700997755 0.81770296992500202 0.57470898866934372
v -0.10046838984835307 0.79885063719600435 0.59757704466238493
v -0.17904797629983388 0.78930816155828176 0.59185519381857432
v -0.1398331907592735 0.79469158712991905 0.59520461700491623
v -0.15874445096188941 0.8096755524435455 0.56972623096391839
v 0.10115888646809952 0.72221166417016247 0.68810723555065911
v 0.061058282759068674 0.76443939050997978 0.64593714628869614
v 0.081160547367069444 0.74383637348993314 0.66741518823511892
v 0.060772417452142895 0.72451534452668342 0.69043688225837696
v 0.020358467230080782 0.72566793749129987 0.69160283830805813
v -4.4679452539747209e-05 0.8204328506762294 0.57640432461163693
v -0.040751507205206074 0.78428178113225966 0.62336728204016156
v -0.02044670279098559 0.80285831597918367 0.60029104200979755
v 0.020357343885906095 0.80285831597918367 0.60029104200979755
v 0.040662148300126578 0.78428178113225966 0.62336728204016156
v -0.10124824537317902 0.72221166417016247 0.68810723555065911
v -0.020447826135160278 0.72566793749129987 0.69160283830805813
v -0.06086177635722239 0.72451534452668342 0.69043688225837696
v -0.081249906272148939 0.74383637348993314 0.66741518823511892
v -0.06114764166414817 0.76443939050997978 0.64593714628869614
v 0.020358527595493441 0.7657363484848595 0.64696830327022703
v -0.020447886500572936 0.7657363484848595 0.64696830327022703
v -4.4679452539747209e-05 0.74615747649412645 0.66976098317370625
v 0.49719754420481493 0.87068672505778177 2.0639537489571924e-05
v 0.48756175085712783 0.87549901564115351 0.033009601444291957
v 0.51758119876822983 0.85808893372265438 0.033002085436031815
v 0.42573653026371427 0.90718116610401445 0.033039296313936019
v 0.45689022163796911 0.89189299829108903 0.033031945023223985
v 0.43581859661356603 0.9029835679798357 2.0639537489571924e-05
v 0.49687199830017831 0.86525049060870907 0.098807118595228394
v 0.47727392915679545 0.87929517422771764 0.066013476605421659
v 0.46641543981760131 0.88204021737442928 0.0988591545974081
v 0.29596220897927816 0.9574219296278339 0.033152073320934505
v 0.32893372955889744 0.94659749611271138 0.033145388830154519
v 0.30710596453574557 0.95447996765967624 2.0639537489571924e-05
v 0.37108964036063008 0.92617289092459765 0.099152122491739034
v 0.35029636339764358 0.93714647095225767 0.06624233695970333
v 0.33858514934561035 0.93854223761665634 0.09919950120187325
v 0.37235348265845236 0.93095928210486811 2.0639537489571924e-05
v 0.3615814182114494 0.93461086782134473 0.033125045030355176
v 0.39372361066620198 0.92152779318919764 0.033118192866147485
v 0.44842894491146346 0.86713756239604822 0.22868602517683545
v 0.43010852464517474 0.884068033944586 0.1968496460845571
v 0.41696229039937993 0.88263976666870636 0.22893431770016395
v 0.45477850294859012 0.88379379457921825 0.13190708375851515
v 0.44274475560393067 0.88444916667241602 0.1644500835717653
v 0.47378441241703173 0.86827152000356289 0.16413933139737424
v 0.37900612331209416 0.91356070184699467 0.16460201093801868
v 0.41109332067695131 0.8995718849410701 0.1646138802501986
v 0.39147436066411245 0.91357444092588558 0.1321352927939336
v 0.4147953751463217 0.91043721877775674 0.066129933763306378
v 0.40334524538518712 0.91257619987599203 0.099220488410259391
v 0.43518014981843078 0.89783873517738544 0.099113192035786835
v 0.020647487184172527 1.0019183819432365 0.033501268456566632
v 0.055325755116769328 1.0006010899312658 0.03349736083934747
v 0.034634065010535564 1.0020913159427871 2.0639537489571924e-05
v 0.09657494202825144 0.99298018496729235 0.10022813417645859
v 0.076008959765423698 0.99755891517654993 0.066954513128391652
v 0.061904246369438101 0.99574226397897025 0.10025610708399578
v 0.10382557154217734 0.99729582910380188 2.0639537489571924e-05
v 0.090014690857635693 0.99807699444699993 0.033485349627972102
v 0.12451829763454149 0.99435982351062735 0.033481265057782907
v 0.17763587466688993 0.95931776429328508 0.2313520249634099
v 0.15770321390962941 0.96997989860294065 0.19910194113486618
v 0.14301995067769369 0.96505182850029692 0.23150407367613962
v 0.18637055775980368 0.97612685611509564 0.13346187813513688
v 0.17218599205543206 0.97367672623675483 0.16636439329218131
v 0.20655571507052337 0.96701007638671854 0.16610962611299354
v 0.10277906982690295 0.98342810587145491 0.16639296072232534
v 0.13752896637721115 0.97915868786844529 0.16646469874635464
v 0.1172172734426597 0.98680809100219646 0.13360162830707792
v 0.24038833553810801 0.97343304791262442 2.0639537489571924e-05
v 0.22741971147575921 0.97597418660480872 0.033414207577657375
v 0.26107534640037217 0.96751199138126887 0.033409419184293361
v 0.15925438611260007 0.98939009122309585 0.033432950392673064
v 0.19341552828971184 0.98328039537263145 0.033428337091986823
v 0.17251992532952942 0.98772780799809679 2.0639537489571924e-05
v 0.23441647899989446 0.96974616066121144 0.10001582066811122
v 0.21408325548562282 0.97727634703428279 0.066814363949416214
v 0.20047261705051828 0.97732719462093909 0.10004872689211028
v 0.13135566283964678 0.98896728291310743 0.10033438669282035
v 0.16605404016240277 0.98374029256410267 0.10026868064905614
v 0.14540047710260709 0.98982833335832687 0.066886568616088424
v 0.32690571089344411 0.82145750483927626 0.47292609652390899
v 0.30970781433438455 0.84338433120659129 0.44509617878163743
v 0.29277258465760159 0.83373582251277922 0.47380892536045305
v 0.34238844996369505 0.85970866423709347 0.38600257666047044
v 0.32628201107888011 0.85205576011941553 0.41577390417680099
v 0.36001957722971717 0.83895922587491834 0.41455124845391295
v 0.25748663993366433 0.87486569715521967 0.41671506747197251
v 0.2920419281744186 0.86404319800925877 0.41650319870467778
v 0.27399108896623581 0.8833309760065724 0.38729349007516289
v 0.40242866248914155 0.88015083761590185 0.26212388903842981
v 0.3882119332690202 0.87659912840996179 0.29358148756576535
v 0.42092695430655785 0.86185404523176279 0.29213826098680112
v 0.32124802998951146 0.90268388441933733 0.29546745003270508
v 0.3549248008565285 0.89023148496700266 0.29470077138760209
v 0.33590391433014605 0.90702347619605905 0.26422594046351527
v 0.39141007299919212 0.8524462569357617 0.35419233826948754
v 0.37345615333249021 0.87200916974041898 0.32474018776697783
v 0.3582598498535346 0.86639795068426362 0.35543055467244
v 0.18237879050991448 0.94072672772622123 0.29518801428243613
v 0.21745715541695004 0.93304993178964335 0.29578584945548408
v 0.19803783921027998 0.94670865676819982 0.26436309703188526
v 0.25540524883400267 0.90140322537381257 0.35719446932680493
v 0.23661051726340837 0.91792292176272305 0.3267820157382742
v 0.22061292898785725 0.91060277588441707 0.35705214987031769
v 0.26765702399877894 0.92924739071194928 0.26497362071601854
v 0.2523261596128698 0.9241473788221467 0.29603390826422726
v 0.28679426815561704 0.91406158981410679 0.29595085483193906
v 0.32440377394990116 0.87919821180841229 0.35651998701329723
v 0.30584255146913653 0.89734624133979235 0.32645124318010033
v 0.29005543434899639 0.8908854301134872 0.35711601100179036
v 0.28290383802644092 0.95963070856021193 0.066536107760989879
v 0.25578873594090168 0.96031684414117169 0.13312331505245456
v 0.26948038697204596 0.96059961559906326 0.099921652881793999
v 0.30426991993207997 0.95017914320337615 0.099641387292381978
v 0.32506400248833378 0.93920599109574798 0.13255295608011591
v 0.2127840518778944 0.95196824042095729 0.2320402035364747
v 0.28230259127392832 0.93362378794664991 0.23238483225196943
v 0.24774065375168025 0.94338892995068135 0.23237711817252546
v 0.2273386304132344 0.95599807381310953 0.19936595097165155
v 0.24159576352126202 0.95878199107198514 0.1665198013739678
v 0.38410740394708021 0.8970834650385664 0.23028691720327479
v 0.34546714917095428 0.92659615296843878 0.16556594089004559
v 0.36508701683676265 0.91259211021918618 0.19804551718125452
v 0.35068561379165514 0.91041202536040033 0.23131446994006619
v 0.31689169815251006 0.92255313668109729 0.23198998472413743
v 0.27657205498938814 0.94930476766216043 0.16637994260296479
v 0.29697526203742136 0.93669489222697466 0.19939302508618395
v 0.311263528078496 0.9385565297251125 0.16605372241168445
v -0.25497203335080321 0.84289839720566218 0.47946838969178196
v -0.17797355428713632 0.85740643949444306 0.48842234517031069
v -0.21659314631033796 0.85080742940702225 0.4843469365304115
v -0.2372853917715971 0.86359594040563603 0.45086618007053847
v -0.21923346434563243 0.88290646628335723 0.42166240832290025
v -0.020763593143760112 0.87078740443075187 0.49665456821369502
v -0.060122312877663418 0.86943532222888242 0.49582067744723057
v -0.10141876456819127 0.8992997963345204 0.43168954671161391
v -0.080837723073583043 0.88513170910193262 0.46409436929902775
v -0.062063567450098799 0.90205787360417822 0.4333808323943511
v -0.099485063938630547 0.86675832830571442 0.49417191648775149
v -0.13859690104779712 0.86277696115873315 0.49171335417832596
v -0.16257609099467166 0.93275523938103366 0.33004698217807088
v -0.14315354655107254 0.94642855551798699 0.29862346371914744
v -0.20054803747916378 0.9010648691149995 0.39147430979069286
v -0.18175082750537219 0.91760136630042355 0.36106311492630089
v -0.10295089973213507 0.92732763466378754 0.36722373905270544
v -0.14241622333790274 0.92318931524152648 0.36445826289511407
v -0.12211251217962754 0.91208923571299994 0.3982063597216981
v -0.15956309365758234 0.8770056433108282 0.45910920974011965
v -0.14089959457256121 0.89527275420326957 0.42897296958140207
v -0.18025692225393519 0.88979513274073885 0.42562589171385623
v 0.25488267444572377 0.84289839720566218 0.47946838969178196
v 0.21914410544055293 0.88290646628335723 0.42166240832290025
v 0.23719603286651761 0.86359594040563603 0.45086618007053847
v 0.21650378740525847 0.85080742940702225 0.4843469365304115
v 0.17788419538205683 0.85740643949444306 0.48842234517031069
v 0.14306418764599305 0.94642855551798699 0.29862346371914744
v 0.16248673208959216 0.93275523938103366 0.33004698217807088
v 0.12202315327454805 0.91208923571299994 0.3982063597216981
v 0.14232686443282325 0.92318931524152648 0.36445826289511407
v 0.10286154082705558 0.92732763466378754 0.36722373905270544
v 0.1816614686002927 0.91760136630042355 0.36106311492630089
v 0.20045867857408428 0.9010648691149995 0.39147430979069286
v 0.060032953972583923 0.86943532222888242 0.49582067744723057
v 0.020674234238680617 0.87078740443075187 0.49665456821369502
v 0.13850754214271763 0.86277696115873315 0.49171335417832596
v 0.099395705033551052 0.86675832830571442 0.49417191648775149
v 0.061974208545019303 0.90205787360417822 0.4333808323943511
v 0.080748364168503547 0.88513170910193262 0.46409436929902775
v 0.10132940566311177 0.8992997963345204 0.43168954671161391
v 0.1801675633488557 0.88979513274073885 0.42562589171385623
v 0.14081023566748171 0.89527275420326957 0.42897296958140207
v 0.15947373475250284 0.8770056433108282 0.45910920974011965
v -4.4679452539747209e-05 1.000452166576862 0.066987266422318656
v -0.041304589511035841 0.99287255851116385 0.13376744126049717
v -0.020736924913798901 0.99743025313543554 0.10048340048294074
v 0.020647566008719406 0.99743025313543554 0.10048340048294074
v 0.041215230605956346 0.99287255851116385 0.13376744126049717
v -0.12243463285985218 0.95923354838913677 0.2650995571567773
v -0.10249845756954799 0.96988525880141696 0.23283932933256404
v -0.020738427063976023 0.97474186589289735 0.234179644426149
v -0.061623179716859454 0.97312216225388415 0.23373237226171309
v -0.040932011734576022 0.96565741539075189 0.26687507032818186
v -0.082310443019281365 0.97905890376718552 0.20016519297344809
v -0.061995815883906416 0.98669485127767576 0.16729210603275921
v 0.1024090986644685 0.96988525880141696 0.23283932933256404
v 0.12234527395477268 0.95923354838913677 0.2650995571567773
v 0.061906456978826921 0.98669485127767576 0.16729210603275921
v 0.08222108411420187 0.97905890376718552 0.20016519297344809
v 0.040842652829496527 0.96565741539075189 0.26687507032818186
v 0.061533820811779959 0.97312216225388415 0.23373237226171309
v 0.020649068158896527 0.97474186589289735 0.234179644426149
v -0.020738508048892598 0.98838293455093928 0.16751967569861323
v -4.4679452539747209e-05 0.98232587922992443 0.20106492943472581
v 0.020649149143813102 0.98838293455093928 0.16751967569861323
v -4.4679452539747209e-05 0.88791805016401448 0.46580230842153697
v 0.041255994023950304 0.91779200293023377 0.40165880863995634
v 0.02067432191876387 0.90362168338523685 0.43406546609887164
v -0.020763680823843365 0.90362168338523685 0.43406546609887164
v -0.041345352929029799 0.91779200293023377 0.40165880863995634
v 0.10245106765746124 0.95126390558030893 0.29996070589524143
v 0.020675990423315603 0.95612330114991073 0.30130616706793412
v 0.06156323264618644 0.95450251409858677 0.3008577219154917
v 0.082282234017490047 0.94169746703816548 0.33438177034721678
v 0.061976663899805662 0.93059808118317855 0.36813206051115638
v -0.10254042656254074 0.95126390558030893 0.29996070589524143
v -0.062066022804885157 0.93059808118317855 0.36813206051115638
v -0.082371592922569542 0.94169746703816548 0.33438177034721678
v -0.061652591551265935 0.95450251409858677 0.3008577219154917
v -0.020765349328395098 0.95612330114991073 0.30130616706793412
v 0.020676080509339959 0.9321621460342332 0.36881647233903236
v -4.4679452539747209e-05 0.94496827996340282 0.33528957844798296
v -0.020765439414419454 0.9321621460342332 0.36881647233903236
v -0.48765110976220727 0.87549901564115351 -0.032968322369312818
v -0.51767055767330927 0.85808893372265438 -0.032960806361052676
v -0.42582588916879371 0.90718116610401445 -0.03299801723895688
v -0.45697958054304855 0.89189299829108903 -0.032990665948244846
v -0.49696135720525775 0.86525049060870907 -0.098765839520249255
v -0.47736328806187489 0.87929517422771764 -0.06597219753044252
v -0.46650479872268075 0.88204021737442928 -0.098817875522428961
v -0.2960515678843576 0.9574219296278339 -0.033110794245955366
v -0.32902308846397688 0.94659749611271138 -0.03310410975517538
v -0.37117899926570952 0.92617289092459765 -0.099110843416759895
v -0.35038572230272302 0.93714647095225767 -0.06620105788472419
v -0.33867450825068979 0.93854223761665634 -0.099158222126894111
v -0.36167077711652884 0.93461086782134473 -0.033083765955376036
v -0.39381296957128142 0.92152779318919764 -0.033076913791168346
v -0.4485183038165429 0.86713756239604822 -0.22864474610185631
v -0.43019788355025418 0.884068033944586 -0.19680836700957796
v -0.41705164930445937 0.88263976666870636 -0.22889303862518481
v -0.45486786185366956 0.88379379457921825 -0.13186580468353601
v -0.44283411450901011 0.88444916667241602 -0.16440880449678616
v -0.47387377132211117 0.86827152000356289 -0.1640980523223951
v -0.3790954822171736 0.91356070184699467 -0.16456073186303954
v -0.41118267958203075 0.8995718849410701 -0.16457260117521946
v -0.39156371956919189 0.91357444092588558 -0.13209401371895446
v -0.41488473405140114 0.91043721877775674 -0.066088654688327239
v -0.40343460429026656 0.91257619987599203 -0.099179209335280252
v -0.43526950872351022 0.89783873517738544 -0.099071912960807695
v -0.020736846089252022 1.0019183819432365 -0.033459989381587493
v -0.055415114021848823 1.0006010899312658 -0.033456081764368331
v -0.096664300933330935 0.99298018496729235 -0.10018685510147946
v -0.076098318670503193 0.99755891517654993 -0.066913234053412513
v -0.061993605274517596 0.99574226397897025 -0.10021482800901664
v -0.090104049762715188 0.99807699444699993 -0.033444070552992963
v -0.12460765653962098 0.99435982351062735 -0.033439985982803767
v -0.17772523357196943 0.95931776429328508 -0.23131074588843076
v -0.1577925728147089 0.96997989860294065 -0.19906066205988704
v -0.14310930958277318 0.96505182850029692 -0.23146279460116048
v -0.18645991666488318 0.97612685611509564 -0.13342059906015774
v -0.17227535096051155 0.97367672623675483 -0.16632311421720217
v -0.20664507397560286 0.96701007638671854 -0.1660683470380144
v -0.10286842873198244 0.98342810587145491 -0.16635168164734621
v -0.13761832528229065 0.97915868786844529 -0.1664234196713755
v -0.11730663234773919 0.98680809100219646 -0.13356034923209878
v -0.2275090703808387 0.97597418660480872 -0.033372928502678235
v -0.26116470530545161 0.96751199138126887 -0.033368140109314222
v -0.15934374501767956 0.98939009122309585 -0.033391671317693924
v -0.19350488719479134 0.98328039537263145 -0.033387058017007684
v -0.23450583790497395 0.96974616066121144 -0.099974541593132085
v -0.21417261439070231 0.97727634703428279 -0.066773084874437075
v -0.20056197595559777 0.97732719462093909 -0.10000744781713114
v -0.13144502174472628 0.98896728291310743 -0.10029310761784122
v -0.16614339906748227 0.98374029256410267 -0.100227401574077
v -0.14548983600768658 0.98982833335832687 -0.066845289541109285
v -0.32699506979852355 0.82145750483927626 -0.4728848174489298
v -0.30979717323946399 0.84338433120659129 -0.44505489970665824
v -0.29286194356268103 0.83373582251277922 -0.47376764628547385
v -0.34247780886877449 0.85970866423709347 -0.38596129758549125
v -0.32637136998395955 0.85205576011941553 -0.4157326251018218
v -0.36010893613479661 0.83895922587491834 -0.41450996937893375
v -0.25757599883874377 0.87486569715521967 -0.41667378839699332
v -0.29213128707949804 0.86404319800925877 -0.41646191962969858
v -0.27408044787131525 0.8833309760065724 -0.3872522110001837
v -0.40251802139422099 0.88015083761590185 -0.26208260996345062
v -0.38830129217409964 0.87659912840996179 -0.29354020849078616
v -0.42101631321163729 0.86185404523176279 -0.29209698191182193
v -0.3213373888945909 0.90268388441933733 -0.29542617095772589
v -0.35501415976160794 0.89023148496700266 -0.29465949231262289
v -0.33599327323522549 0.90702347619605905 -0.26418466138853608
v -0.39149943190427156 0.8524462569357617 -0.35415105919450834
v -0.37354551223756965 0.87200916974041898 -0.32469890869199863
v -0.35834920875861404 0.86639795068426362 -0.35538927559746081
v -0.18246814941499398 0.94072672772622123 -0.29514673520745693
v -0.21754651432202954 0.93304993178964335 -0.29574457038050489
v -0.19812719811535948 0.94670865676819982 -0.26432181795690607
v -0.25549460773908211 0.90140322537381257 -0.35715319025182574
v -0.23669987616848787 0.91792292176272305 -0.32674073666329501
v -0.22070228789293675 0.91060277588441707 -0.3570108707953385
v -0.26774638290385838 0.92924739071194928 -0.26493234164103935
v -0.25241551851794924 0.9241473788221467 -0.29599262918924807
v -0.28688362706069648 0.91406158981410679 -0.29590957575695986
v -0.3244931328549806 0.87919821180841229 -0.35647870793831804
v -0.30593191037421597 0.89734624133979235 -0.32640996410512113
v -0.29014479325407583 0.8908854301134872 -0.35707473192681116
v -0.28299319693152036 0.95963070856021193 -0.06649482868601074
v -0.25587809484598112 0.96031684414117169 -0.13308203597747542
v -0.2695697458771254 0.96059961559906326 -0.099880373806814859
v -0.30435927883715941 0.95017914320337615 -0.099600108217402838
v -0.32515336139341322 0.93920599109574798 -0.13251167700513677
v -0.21287341078297389 0.95196824042095729 -0.23199892446149556
v -0.28239195017900776 0.93362378794664991 -0.23234355317699029
v -0.24783001265675975 0.94338892995068135 -0.23233583909754632
v -0.2274279893183139 0.95599807381310953 -0.19932467189667241
v -0.24168512242634152 0.95878199107198514 -0.16647852229898866
v -0.38419676285215965 0.8970834650385664 -0.23024563812829565
v -0.34555650807603372 0.92659615296843878 -0.16552466181506645
v -0.36517637574184209 0.91259211021918618 -0.19800423810627538
v -0.35077497269673458 0.91041202536040033 -0.23127319086508705
v -0.3169810570575895 0.92255313668109729 -0.23194870564915829
v -0.27666141389446758 0.94930476766216043 -0.16633866352798565
v -0.2970646209425008 0.93669489222697466 -0.19935174601120481
v -0.31135288698357544 0.9385565297251125 -0.16601244333670531
v 0.51758119876822983 0.85808893372265438 -0.032960806361052676
v 0.48756175085712783 0.87549901564115351 -0.032968322369312818
v 0.46641543981760131 0.88204021737442928 -0.098817875522428961
v 0.47727392915679545 0.87929517422771764 -0.06597219753044252
v 0.49687199830017831 0.86525049060870907 -0.098765839520249255
v 0.45689022163796911 0.89189299829108903 -0.032990665948244846
v 0.42573653026371427 0.90718116610401445 -0.03299801723895688
v 0.41696229039937993 0.88263976666870636 -0.22889303862518481
v 0.43010852464517474 0.884068033944586 -0.19680836700957796
v 0.44842894491146346 0.86713756239604822 -0.22864474610185631
v 0.39147436066411245 0.91357444092588558 -0.13209401371895446
v 0.41109332067695131 0.8995718849410701 -0.16457260117521946
v 0.37900612331209416 0.91356070184699467 -0.16456073186303954
v 0.47378441241703173 0.86827152000356289 -0.1640980523223951
v 0.44274475560393067 0.88444916667241602 -0.16440880449678616
v 0.45477850294859012 0.88379379457921825 -0.13186580468353601
v 0.32893372955889744 0.94659749611271138 -0.03310410975517538
v 0.29596220897927816 0.9574219296278339 -0.033110794245955366
v 0.39372361066620198 0.92152779318919764 -0.033076913791168346
v 0.3615814182114494 0.93461086782134473 -0.033083765955376036
v 0.33858514934561035 0.93854223761665634 -0.099158222126894111
v 0.35029636339764358 0.93714647095225767 -0.06620105788472419
v 0.37108964036063008 0.92617289092459765 -0.099110843416759895
v 0.43518014981843078 0.89783873517738544 -0.099071912960807695
v 0.40334524538518712 0.91257619987599203 -0.099179209335280252
v 0.4147953751463217 0.91043721877775674 -0.066088654688327239
v 0.29277258465760159 0.83373582251277922 -0.47376764628547385
v 0.30970781433438455 0.84338433120659129 -0.44505489970665824
v 0.32690571089344411 0.82145750483927626 -0.4728848174489298
v 0.27399108896623581 0.8833309760065724 -0.3872522110001837
v 0.2920419281744186 0.86404319800925877 -0.41646191962969858
v 0.25748663993366433 0.87486569715521967 -0.41667378839699332
v 0.36001957722971717 0.83895922587491834 -0.41450996937893375
v 0.32628201107888011 0.85205576011941553 -0.4157326251018218
v 0.34238844996369505 0.85970866423709347 -0.38596129758549125
v 0.19803783921027998 0.94670865676819982 -0.26432181795690607
v 0.21745715541695004 0.93304993178964335 -0.29574457038050489
v 0.18237879050991448 0.94072672772622123 -0.29514673520745693
v 0.28679426815561704 0.91406158981410679 -0.29590957575695986
v 0.2523261596128698 0.9241473788221467 -0.29599262918924807
v 0.26765702399877894 0.92924739071194928 -0.26493234164103935
v 0.22061292898785725 0.91060277588441707 -0.3570108707953385
v 0.23661051726340837 0.91792292176272305 -0.32674073666329501
v 0.25540524883400267 0.90140322537381257 -0.35715319025182574
v 0.42092695430655785 0.86185404523176279 -0.29209698191182193
v 0.3882119332690202 0.87659912840996179 -0.29354020849078616
v 0.40242866248914155 0.88015083761590185 -0.26208260996345062
v 0.3582598498535346 0.86639795068426362 -0.35538927559746081
v 0.37345615333249021 0.87200916974041898 -0.32469890869199863
v 0.39141007299919212 0.8524462569357617 -0.35415105919450834
v 0.33590391433014605 0.90702347619605905 -0.26418466138853608
v 0.3549248008565285 0.89023148496700266 -0.29465949231262289
v 0.32124802998951146 0.90268388441933733 -0.29542617095772589
v 0.29005543434899639 0.8908854301134872 -0.35707473192681116
v 0.30584255146913653 0.89734624133979235 -0.32640996410512113
v 0.32440377394990116 0.87919821180841229 -0.35647870793831804
v 0.055325755116769328 1.0006010899312658 -0.033456081764368331
v 0.020647487184172527 1.0019183819432365 -0.033459989381587493
v 0.12451829763454149 0.99435982351062735 -0.033439985982803767
v 0.090014690857635693 0.99807699444699993 -0.033444070552992963
v 0.061904246369438101 0.99574226397897025 -0.10021482800901664
v 0.076008959765423698 0.99755891517654993 -0.066913234053412513
v 0.09657494202825144 0.99298018496729235 -0.10018685510147946
v 0.26107534640037217 0.96751199138126887 -0.033368140109314222
v 0.22741971147575921 0.97597418660480872 -0.033372928502678235
v 0.20047261705051828 0.97732719462093909 -0.10000744781713114
v 0.21408325548562282 0.97727634703428279 -0.066773084874437075
v 0.23441647899989446 0.96974616066121144 -0.099974541593132085
v 0.19341552828971184 0.98328039537263145 -0.033387058017007684
v 0.15925438611260007 0.98939009122309585 -0.033391671317693924
v 0.14301995067769369 0.96505182850029692 -0.23146279460116048
v 0.15770321390962941 0.96997989860294065 -0.19906066205988704
v 0.17763587466688993 0.95931776429328508 -0.23131074588843076
v 0.1172172734426597 0.98680809100219646 -0.13356034923209878
v 0.13752896637721115 0.97915868786844529 -0.1664234196713755
v 0.10277906982690295 0.98342810587145491 -0.16635168164734621
v 0.20655571507052337 0.96701007638671854 -0.1660683470380144
v 0.17218599205543206 0.97367672623675483 -0.16632311421720217
v 0.18637055775980368 0.97612685611509564 -0.13342059906015774
v 0.14540047710260709 0.98982833335832687 -0.066845289541109285
v 0.16605404016240277 0.98374029256410267 -0.100227401574077
v 0.13135566283964678 0.98896728291310743 -0.10029310761784122
v 0.38410740394708021 0.8970834650385664 -0.23024563812829565
v 0.31689169815251006 0.92255313668109729 -0.23194870564915829
v 0.35068561379165514 0.91041202536040033 -0.23127319086508705
v 0.36508701683676265 0.91259211021918618 -0.19800423810627538
v 0.34546714917095428 0.92659615296843878 -0.16552466181506645
v 0.2127840518778944 0.95196824042095729 -0.23199892446149556
v 0.24159576352126202 0.95878199107198514 -0.16647852229898866
v 0.2273386304132344 0.95599807381310953 -0.19932467189667241
v 0.24774065375168025 0.94338892995068135 -0.23233583909754632
v 0.28230259127392832 0.93362378794664991 -0.23234355317699029
v 0.28290383802644092 0.95963070856021193 -0.06649482868601074
v 0.32506400248833378 0.93920599109574798 -0.13251167700513677
v 0.30426991993207997 0.95017914320337615 -0.099600108217402838
v 0.26948038697204596 0.96059961559906326 -0.099880373806814859
v 0.25578873594090168 0.96031684414117169 -0.13308203597747542
v 0.29697526203742136 0.93669489222697466 -0.19935174601120481
v 0.27657205498938814 0.94930476766216043 -0.16633866352798565
v 0.311263528078496 0.9385565297251125 -0.16601244333670531
v -0.020428334015954671 0.5507763388608321 -0.83751562488022979
v -4.4679452539747209e-05 0.57414166857677196 -0.8219320997433619
v 0.020338975110875176 0.5507763388608321 -0.83751562488022979
v -0.040723589006426815 0.61889295799873734 -0.78774634461437509
v -0.020428386971366012 0.5968938747077116 -0.80530839814095734
v -0.061098081139152022 0.59587217155197725 -0.8040074346430871
v 0.061008722234072527 0.59587217155197725 -0.8040074346430871
v 0.020339028066286517 0.5968938747077116 -0.80530839814095734
v 0.04063423010134732 0.61889295799873734 -0.78774634461437509
v -0.12104476087264159 0.69969744871374473 -0.70784224501196413
v -0.10121947453881711 0.68074819561065325 -0.72910661435494795
v -0.14136765982825758 0.67730802474486929 -0.72562492774132059
v -0.020429399756022124 0.68420081688977319 -0.73260195756823698
v -0.060841636731847448 0.6830492128055734 -0.73143631616089932
v -0.040465653419023528 0.70427595804518006 -0.71247530446300422
v -0.10147560921111916 0.63811679847097635 -0.76665093596597356
v -0.081208016845021117 0.66095194709708172 -0.7495321217361095
v -0.061099571734927881 0.64043160759390649 -0.7689962817875895
v 0.14127830092317809 0.67730802474486929 -0.72562492774132059
v 0.10113011563373761 0.68074819561065325 -0.72910661435494795
v 0.12095540196756209 0.69969744871374473 -0.70784224501196413
v 0.061010212829848386 0.64043160759390649 -0.7689962817875895
v 0.081118657939941621 0.66095194709708172 -0.7495321217361095
v 0.10138625030603966 0.63811679847097635 -0.76665093596597356
v 0.040376294513944033 0.70427595804518006 -0.71247530446300422
v 0.060752277826767953 0.6830492128055734 -0.73143631616089932
v 0.020340040850942629 0.68420081688977319 -0.73260195756823698
v -0.020429454124648791 0.6414534815404267 -0.7702972211966278
v -4.4679452539747209e-05 0.66326751560701136 -0.75187781844198753
v 0.020340095219569296 0.6414534815404267 -0.7702972211966278
v -0.27216977692596872 0.82094736023041448 -0.50724827520455096
v -0.25442673867015497 0.80916352067090602 -0.5346461448116524
v -0.29231632533544832 0.80002486207392354 -0.52899620467735797
v -0.17746082639052413 0.82361676595129396 -0.54358604253625331
v -0.21607764786153466 0.81703946400443539 -0.53951929285248534
v -0.19562707301676593 0.83657915543069139 -0.51690925594349957
v -0.25623868514007958 0.77476388034020061 -0.58257556590836868
v -0.23631199967378422 0.79639600826231394 -0.56145174726909886
v -0.21791483178169332 0.78272451065740278 -0.58750842825226324
v -0.020446643995929825 0.83689603518247702 -0.55181499366205855
v -0.059798620959860369 0.83555637203812883 -0.55098602349418857
v -0.039403519284760519 0.85230792371780462 -0.52663016934610707
v -0.10046838984835307 0.79885063719600435 -0.59753576558740584
v -0.08018484700997755 0.81770296992500202 -0.57466770959436464
v -0.061145988380795345 0.80156132480755848 -0.59921880206849321
v -0.11787853861349405 0.84705420397902387 -0.52338319198017436
v -0.099126230338737048 0.83289773268369671 -0.54933957157207225
v -0.1382326548438827 0.82893135289739006 -0.54688701562344766
v -0.18058329822098965 0.71325826994992947 -0.68112577218430326
v -0.1608369012458008 0.73601840358597992 -0.66158532424306726
v -0.14139799554130925 0.71876978649555123 -0.68458368693671345
v -0.19905014319347433 0.76794571378890908 -0.61314057805795508
v -0.18008530449531812 0.75244418588509188 -0.63772410028957727
v -0.21893482712220255 0.74579546592525026 -0.63336645498708888
v -0.10153211478279139 0.76211851123077989 -0.6435507848062495
v -0.14088622482344548 0.75789314323439194 -0.64112576898339613
v -0.12082009239153296 0.77875737984820703 -0.61986997203191441
v -0.15874445096188941 0.8096755524435455 -0.56968495188893931
v -0.1398331907592735 0.79469158712991905 -0.59516333792993714
v -0.17904797629983388 0.78930816155828176 -0.59181391474359524
v 0.29222696643036888 0.80002486207392354 -0.52899620467735797
v 0.25433737976507553 0.80916352067090602 -0.5346461448116524
v 0.27208041802088928 0.82094736023041448 -0.50724827520455096
v 0.21782547287661383 0.78272451065740278 -0.58750842825226324
v 0.23622264076870472 0.79639600826231394 -0.56145174726909886
v 0.25614932623500014 0.77476388034020061 -0.58257556590836868
v 0.19553771411168644 0.83657915543069139 -0.51690925594349957
v 0.21598828895645517 0.81703946400443539 -0.53951929285248534
v 0.17737146748544463 0.82361676595129396 -0.54358604253625331
v 0.14130863663622975 0.71876978649555123 -0.68458368693671345
v 0.16074754234072131 0.73601840358597992 -0.66158532424306726
v 0.18049393931591015 0.71325826994992947 -0.68112577218430326
v 0.12073073348645347 0.77875737984820703 -0.61986997203191441
v 0.14079686591836599 0.75789314323439194 -0.64112576898339613
v 0.1014427558777119 0.76211851123077989 -0.6435507848062495
v 0.21884546821712306 0.74579546592525026 -0.63336645498708888
v 0.17999594559023863 0.75244418588509188 -0.63772410028957727
v 0.19896078428839484 0.76794571378890908 -0.61314057805795508
v 0.039314160379681024 0.85230792371780462 -0.52663016934610707
v 0.059709262054780873 0.83555637203812883 -0.55098602349418857
v 0.02035728509085033 0.83689603518247702 -0.55181499366205855
v 0.1381432959388032 0.82893135289739006 -0.54688701562344766
v 0.099036871433657553 0.83289773268369671 -0.54933957157207225
v 0.11778917970841456 0.84705420397902387 -0.52338319198017436
v 0.06105662947571585 0.80156132480755848 -0.59921880206849321
v 0.080095488104898055 0.81770296992500202 -0.57466770959436464
v 0.10037903094327358 0.79885063719600435 -0.59753576558740584
v 0.17895861739475438 0.78930816155828176 -0.59181391474359524
v 0.13974383185419401 0.79469158712991905 -0.59516333792993714
v 0.15865509205680992 0.8096755524435455 -0.56968495188893931
v -0.10124824537317902 0.72221166417016247 -0.68806595647568003
v -0.06114764166414817 0.76443939050997978 -0.64589586721371706
v -0.081249906272148939 0.74383637348993314 -0.66737390916013983
v -0.06086177635722239 0.72451534452668342 -0.69039560318339788
v -0.020447826135160278 0.72566793749129987 -0.69156155923307905
v -4.4679452539747209e-05 0.8204328506762294 -0.57636304553665785
v 0.040662148300126578 0.78428178113225966 -0.62332600296518248
v 0.020357343885906095 0.80285831597918367 -0.60024976293481846
v -0.02044670279098559 0.80285831597918367 -0.60024976293481846
v -0.040751507205206074 0.78428178113225966 -0.62332600296518248
v 0.10115888646809952 0.72221166417016247 -0.68806595647568003
v 0.020358467230080782 0.72566793749129987 -0.69156155923307905
v 0.060772417452142895 0.72451534452668342 -0.69039560318339788
v 0.081160547367069444 0.74383637348993314 -0.66737390916013983
v 0.061058282759068674 0.76443939050997978 -0.64589586721371706
v -0.020447886500572936 0.7657363484848595 -0.64692702419524795
v 0.020358527595493441 0.7657363484848595 -0.64692702419524795
v -4.4679452539747209e-05 0.74615747649412645 -0.66971970409872716
v -4.4679452539747209e-05 1.000452166576862 -0.066945987347339517
v 0.041215230605956346 0.99287255851116385 -0.13372616218551803
v 0.020647566008719406 0.99743025313543554 -0.1004421214079616
v -0.020736924913798901 0.99743025313543554 -0.1004421214079616
v -0.041304589511035841 0.99287255851116385 -0.13372616218551803
v 0.12234527395477268 0.95923354838913677 -0.2650582780817981
v 0.1024090986644685 0.96988525880141696 -0.2327980502575849
v 0.020649068158896527 0.97474186589289735 -0.23413836535116986
v 0.061533820811779959 0.97312216225388415 -0.23369109318673395
v 0.040842652829496527 0.96565741539075189 -0.26683379125320267
v 0.08222108411420187 0.97905890376718552 -0.20012391389846895
v 0.061906456978826921 0.98669485127767576 -0.16725082695778007
v -0.10249845756954799 0.96988525880141696 -0.2327980502575849
v -0.12243463285985218 0.95923354838913677 -0.2650582780817981
v -0.061995815883906416 0.98669485127767576 -0.16725082695778007
v -0.082310443019281365 0.97905890376718552 -0.20012391389846895
v -0.040932011734576022 0.96565741539075189 -0.26683379125320267
v -0.061623179716859454 0.97312216225388415 -0.23369109318673395
v -0.020738427063976023 0.97474186589289735 -0.23413836535116986
v 0.020649149143813102 0.98838293455093928 -0.16747839662363409
v -4.4679452539747209e-05 0.98232587922992443 -0.20102365035974668
v -0.020738508048892598 0.98838293455093928 -0.16747839662363409
v 0.25488267444572377 0.84289839720566218 -0.47942711061680277
v 0.17788419538205683 0.85740643949444306 -0.4883810660953315
v 0.21650378740525847 0.85080742940702225 -0.4843056574554323
v 0.23719603286651761 0.86359594040563603 -0.45082490099555927
v 0.21914410544055293 0.88290646628335723 -0.42162112924792106
v 0.020674234238680617 0.87078740443075187 -0.49661328913871583
v 0.060032953972583923 0.86943532222888242 -0.49577939837225138
v 0.10132940566311177 0.8992997963345204 -0.43164826763663472
v 0.080748364168503547 0.88513170910193262 -0.46405309022404856
v 0.061974208545019303 0.90205787360417822 -0.43333955331937191
v 0.099395705033551052 0.86675832830571442 -0.4941306374127723
v 0.13850754214271763 0.86277696115873315 -0.49167207510334676
v 0.16248673208959216 0.93275523938103366 -0.33000570310309169
v 0.14306418764599305 0.94642855551798699 -0.29858218464416825
v 0.20045867857408428 0.9010648691149995 -0.39143303071571367
v 0.1816614686002927 0.91760136630042355 -0.36102183585132169
v 0.10286154082705558 0.92732763466378754 -0.36718245997772625
v 0.14232686443282325 0.92318931524152648 -0.36441698382013488
v 0.12202315327454805 0.91208923571299994 -0.39816508064671891
v 0.15947373475250284 0.8770056433108282 -0.45906793066514046
v 0.14081023566748171 0.89527275420326957 -0.42893169050642288
v 0.1801675633488557 0.88979513274073885 -0.42558461263887704
v -0.25497203335080321 0.84289839720566218 -0.47942711061680277
v -0.21923346434563243 0.88290646628335723 -0.42162112924792106
v -0.2372853917715971 0.86359594040563603 -0.45082490099555927
v -0.21659314631033796 0.85080742940702225 -0.4843056574554323
v -0.17797355428713632 0.85740643949444306 -0.4883810660953315
v -0.14315354655107254 0.94642855551798699 -0.29858218464416825
v -0.16257609099467166 0.93275523938103366 -0.33000570310309169
v -0.12211251217962754 0.91208923571299994 -0.39816508064671891
v -0.14241622333790274 0.92318931524152648 -0.36441698382013488
v -0.10295089973213507 0.92732763466378754 -0.36718245997772625
v -0.18175082750537219 0.91760136630042355 -0.36102183585132169
v -0.20054803747916378 0.9010648691149995 -0.39143303071571367
v -0.060122312877663418 0.86943532222888242 -0.49577939837225138
v -0.020763593143760112 0.87078740443075187 -0.49661328913871583
v -0.13859690104779712 0.86277696115873315 -0.49167207510334676
v -0.099485063938630547 0.86675832830571442 -0.4941306374127723
v -0.062063567450098799 0.90205787360417822 -0.43333955331937191
v -0.080837723073583043 0.88513170910193262 -0.46405309022404856
v -0.10141876456819127 0.8992997963345204 -0.43164826763663472
v -0.18025692225393519 0.88979513274073885 -0.42558461263887704
v -0.14089959457256121 0.89527275420326957 -0.42893169050642288
v -0.15956309365758234 0.8770056433108282 -0.45906793066514046
v 0.10245106765746124 0.95126390558030893 -0.29991942682026224
v 0.061976663899805662 0.93059808118317855 -0.36809078143617718
v 0.082282234017490047 0.94169746703816548 -0.33434049127223758
v 0.06156323264618644 0.95450251409858677 -0.30081644284051251
v 0.020675990423315603 0.95612330114991073 -0.30126488799295492
v -4.4679452539747209e-05 0.88791805016401448 -0.46576102934655778
v -0.041345352929029799 0.91779200293023377 -0.40161752956497715
v -0.020763680823843365 0.90362168338523685 -0.43402418702389245
v 0.02067432191876387 0.90362168338523685 -0.43402418702389245
v 0.041255994023950304 0.91779200293023377 -0.40161752956497715
v -0.10254042656254074 0.95126390558030893 -0.29991942682026224
v -0.020765349328395098 0.95612330114991073 -0.30126488799295492
v -0.061652591551265935 0.95450251409858677 -0.30081644284051251
v -0.082371592922569542 0.94169746703816548 -0.33434049127223758
v -0.062066022804885157 0.93059808118317855 -0.36809078143617718
v 0.020676080509339959 0.9321621460342332 -0.36877519326405317
v -0.020765439414419454 0.9321621460342332 -0.36877519326405317
v -4.4679452539747209e-05 0.94496827996340282 -0.33524829937300377
v -0.54102837138098914 0.84251005373435128 -0.05335662208129225
v -0.55065200357185151 0.83770527915923954 -0.020363015025925354
v -0.51993010764983805 0.84902156059798284 -0.11922452767313993
v -0.53077670235079899 0.84628386874198325 -0.086374306333632273
v -0.59574783626299654 0.80419708892209685 -0.061032762149122712
v -0.56375823393299673 0.82590016122315701 -0.073776482270260846
v -0.5857499659333103 0.80834265104409586 -0.09408357894355493
v -0.4706594352620897 0.84950833288526129 -0.24936939079937026
v -0.48379485377460507 0.85094328465192126 -0.21728058794126401
v -0.55196182834434848 0.81444295797163624 -0.19336063953986155
v -0.51833163680388383 0.83335018751885626 -0.20549986097485884
v -0.53957025135567027 0.81438184018261106 -0.22585663933715261
v -0.49639816777382539 0.85134476117955027 -0.1848684522687358
v -0.50842082808390021 0.85069624125056031 -0.15232121758510886
v -0.67718368945588869 0.72581458202033045 -0.14130234083822829
v -0.6474991110290077 0.7497684895656439 -0.15475112577313876
v -0.66644167964131917 0.72850825146515952 -0.17458722784024272
v -0.60720971897626796 0.78964134896817217 -0.11458721897512933
v -0.62772320631523559 0.77018142378706922 -0.13470675111980709
v -0.63799246318199565 0.76684059024498341 -0.10141029022108987
v -0.60497276109181575 0.77396086621612725 -0.20087510356749103
v -0.61670318009437897 0.77255323023954869 -0.16792527496367135
v -0.58494499864654304 0.79405823766815375 -0.18076218954114934
v -0.54223659375314892 0.83172944095156853 -0.13992970376462965
v -0.56394333144526099 0.81337635100322225 -0.16048808761750497
v -0.57521985202562942 0.81134466627945945 -0.12733122016425827
v -0.34703473911847038 0.80025519359370212 -0.4944598129221861
v -0.36396364613777776 0.80990760990473343 -0.4657446513031141
v -0.43621958012464007 0.78312348136760346 -0.44918384861453942
v -0.40043256954826667 0.79710932441835669 -0.45782932850756508
v -0.41976039220722794 0.77463022960871353 -0.47862271421897129
v -0.3805184083340219 0.81859105002893295 -0.43641495336140151
v -0.39661823824544129 0.82624803871680008 -0.40664110144186472
v -0.57242924239910076 0.71537727134227935 -0.40729247681472697
v -0.53966682683115375 0.73396863019226666 -0.41878358129225246
v -0.55701621368387766 0.7092432935875711 -0.4382113653376904
v -0.50279608661257424 0.78062035121645945 -0.37838079671119029
v -0.5215653659092836 0.75780362506745491 -0.39879872282589068
v -0.53648400834004883 0.76315840413644509 -0.36758098050172583
v -0.4898983583572154 0.74423045469958116 -0.45983462007478126
v -0.50601202119393163 0.75147886255385787 -0.42960882247987359
v -0.47163318781909408 0.76782223660422411 -0.43971078156224935
v -0.4423332202687234 0.8432055603697941 -0.31417856854524212
v -0.4565422017056302 0.84676205796909809 -0.28271801062805607
v -0.41241146336497803 0.83298563982908003 -0.37603921934864126
v -0.42760030236662294 0.83860147218592163 -0.34534600126655468
v -0.49778887501577351 0.80702829506543738 -0.32598508203846249
v -0.46308867609529886 0.823437760555076 -0.33594028423438721
v -0.48318623406401079 0.80265579706471657 -0.35724692877252517
v -0.45245584569026415 0.79057168295815627 -0.41907203720766861
v -0.46813664819832751 0.79709820022822575 -0.38836666081766619
v -0.43268447879349359 0.81233228272981328 -0.39780412479823213
v -0.79990052678494306 0.52918585895636772 -0.29225100634541895
v -0.77556246408006768 0.55552555068711817 -0.30852789257843932
v -0.78734239602235667 0.52813009612027317 -0.32627725349172876
v -0.74913954984812892 0.60837788638764645 -0.27198994216833072
v -0.76280696288285077 0.58232372980768854 -0.29039371903381717
v -0.77463954505122001 0.58276522018737842 -0.25617336615005026
v -0.73621935259520466 0.5790478360444874 -0.3577461473952207
v -0.74998125512455271 0.58107635600936181 -0.32431361134027381
v -0.72328493602334432 0.60570733442961899 -0.33953463965381953
v -0.68525667155976677 0.70540874188032865 -0.19535685686268925
v -0.70250050025683131 0.68241333857653319 -0.21480351035039524
v -0.71313393466094888 0.68131542646331311 -0.18051797923096033
v -0.67860495720460556 0.68188038412572338 -0.28260361857092353
v -0.69097508353348469 0.68259621518417024 -0.24889542216710703
v -0.66199899481117763 0.70554085973518577 -0.26326239757331005
v -0.74567113063626955 0.63355610926609884 -0.21886950813217321
v -0.71891215304161393 0.65856084714314322 -0.23407477563434217
v -0.73440906764474501 0.6339801760881455 -0.25304707880980898
v -0.620700154290174 0.66988445375535033 -0.41388626456361471
v -0.63635073515177154 0.67421468868494605 -0.38185361447895516
v -0.60544031446757607 0.69497530679888941 -0.39468336928964165
v -0.69522602883882112 0.62963426121288113 -0.35430591593386529
v -0.66632933818585116 0.65239731166766057 -0.3683730563741513
v -0.68055754750520747 0.62639659553862703 -0.38700929008774326
v -0.63534800294307381 0.7020570952081896 -0.32981829482695646
v -0.65123488088132953 0.67766345751001711 -0.34926937541128245
v -0.66528506330937642 0.68019664082064624 -0.31631553041020155
v -0.72231789719070238 0.63332898588251929 -0.28717400324831738
v -0.69431921072937175 0.657309688921492 -0.3019726095933557
v -0.7092374699992342 0.63187191144880672 -0.32099018440804833
v -0.49182105121539665 0.83056799681506599 -0.27135445826803239
v -0.53234571003435127 0.78945046116613227 -0.31421068311095501
v -0.51241820779837588 0.81051101201609577 -0.29301541262242392
v -0.52636613159393786 0.8129713624642938 -0.25957324620347866
v -0.5599983008497631 0.79406383642581246 -0.24743413804616954
v -0.58828895138826354 0.71994867642197224 -0.37539490106780005
v -0.61765828400680067 0.72641779835750531 -0.31008749116496803
v -0.60338866925604084 0.72364159517807347 -0.34292887319936349
v -0.57037750205516691 0.74404361851651935 -0.35553801706179156
v -0.55179325312879901 0.76712462611017151 -0.33524569429030326
v -0.65557186065768158 0.72936443089442682 -0.20880721474638686
v -0.59301128565969274 0.7736606897431918 -0.23482429991886036
v -0.62477026148281023 0.75215426555961118 -0.22198621321928882
v -0.6438110248566481 0.7293057851964867 -0.24282782238376102
v -0.63121237970603417 0.72834749895452389 -0.27644697565088067
v -0.56623962764718427 0.77033558916149936 -0.3021674496504132
v -0.59925271013040338 0.74993238211346613 -0.28955757421522721
v -0.58000005833095092 0.77252344685091767 -0.26862653180988588
v -0.033026125351082 0.51779489296228987 -0.85789927944364452
v -0.053421941071321567 0.54115270666996962 -0.84232039945534143
v -0.11928984666316927 0.52005444293881875 -0.8488319063189731
v -0.086439625323661604 0.53090103763977969 -0.84609421446297328
v -0.098831158510278599 0.4970856924942384 -0.86506083632969921
v -0.073841801260290163 0.56388256922197733 -0.82571050694414716
v -0.094148897933584233 0.58587430122229089 -0.80815299676508601
v -0.24943470978939963 0.4707837705510704 -0.84931867860625143
v -0.21734590693129338 0.48391918906358583 -0.8507536303729113
v -0.22871006509188568 0.44864263910552354 -0.86694790811703837
v -0.19342595852989086 0.55208616363332907 -0.81425330369262627
v -0.20556517996488821 0.51845597209286443 -0.8331605332398464
v -0.22592195832718198 0.53969458664465098 -0.8141921859036011
v -0.16416337131242445 0.47399810661109187 -0.86808186572455304
v -0.18493377125876517 0.49652250306280604 -0.85115510690054041
v -0.15238653657513818 0.5085451633728808 -0.85050658697155046
v -0.15481644476316805 0.64762344631798829 -0.74957883528663405
v -0.17465254683027201 0.66656601493029977 -0.72831859718614955
v -0.11465253796515865 0.60733405426524856 -0.78945169468916243
v -0.13477207010983638 0.62784754160421619 -0.76999176950805925
v -0.20094042255752034 0.60509709638079634 -0.7737712119371174
v -0.16799059395370067 0.61682751538335956 -0.77236357596053884
v -0.18082750853117868 0.58506933393552363 -0.79386858338914379
v -0.139995022754659 0.54236092904212951 -0.83153978667255868
v -0.16055340660753428 0.56406766673424158 -0.8131866967242124
v -0.12739653915428759 0.57534418731461001 -0.81115501200044959
v -0.49452513191221548 0.34715907440745108 -0.80006553931469215
v -0.46580997029314347 0.36408798142675841 -0.80971795562572346
v -0.47295013643895922 0.32711940508750431 -0.82126785056026641
v -0.4492491676045689 0.43634391541362072 -0.78293382708859349
v -0.45789464749759445 0.40055690483724732 -0.79691967013934673
v -0.47868803320900066 0.41988472749620859 -0.77444057532970356
v -0.41457528836896318 0.36023327142377731 -0.83876957159590837
v -0.43648027235143094 0.3806427436230026 -0.8184013957499231
v -0.40670642043189414 0.39674257353442194 -0.82605838443779012
v -0.40735779580475634 0.57255357768808135 -0.7151876170632695
v -0.41884890028228183 0.53979116212013423 -0.73377897591325691
v -0.43827668432771977 0.55714054897285814 -0.70905363930856125
v -0.37844611570121961 0.50292042190155495 -0.7804306969374496
v -0.39886404181592 0.52168970119826419 -0.75761397078844506
v -0.3676462994917552 0.53660834362902943 -0.76296874985743524
v -0.45989993906481069 0.49002269364619599 -0.74404080042057141
v -0.4296741414699029 0.50613635648291222 -0.75128920827484802
v -0.43977610055227873 0.47175752310807484 -0.76763258232521414
v -0.29216230090185136 0.421140648500618 -0.86166439095275293
v -0.31424388753527144 0.44245755555770405 -0.84301590609078414
v -0.28278332961808539 0.45666653699461091 -0.84657240369008824
v -0.37610453833867075 0.41253579865395873 -0.83279598555007017
v -0.34541132025658405 0.42772463765560365 -0.83841181790691166
v -0.35421637818453777 0.39162376719325226 -0.85225660265675163
v -0.32605040102849181 0.49791321030475422 -0.80683864078642742
v -0.33600560322441653 0.46321301138427956 -0.82324810627606615
v -0.35731224776255449 0.48331056935299149 -0.80246614278570672
v -0.41913735619769799 0.45258018097924491 -0.79038202867914631
v -0.3884319798076955 0.46826098348730821 -0.79690854594921579
v -0.3978694437882615 0.43280881408247429 -0.81214262845080343
v -0.30859321156846864 0.77568679936904816 -0.55533589640810843
v -0.32634257248175813 0.78746673131133738 -0.52794044184126332
v -0.2720552611583601 0.74926388513710951 -0.6081882321086366
v -0.29045903802384648 0.76293129817183125 -0.58213407552867868
v -0.35781146638525002 0.73634368788418514 -0.57885818176547743
v -0.32437893033030313 0.75010559041353331 -0.58088670173035195
v -0.3395999586438489 0.72340927131232491 -0.60551768015060914
v -0.19542217585271857 0.68538100684874737 -0.70521908760131879
v -0.21486882934042456 0.70262483554581201 -0.68222368429752323
v -0.2826689375609529 0.67872929249358627 -0.68169072984671364
v -0.2489607411571364 0.69109941882246528 -0.6824065609051605
v -0.26332771656333936 0.66212333010015822 -0.70535120545617591
v -0.23414009462437146 0.71903648833059441 -0.65837119286413337
v -0.2531123977998383 0.7345334029337256 -0.63379052180913575
v -0.41395158355364403 0.62082448957915459 -0.66969479947634047
v -0.38191893346898453 0.63647507044075213 -0.67402503440593609
v -0.39474868827967102 0.60556464975655666 -0.69478565251987956
v -0.35437123492389466 0.6953503641278016 -0.62944460693387128
v -0.36843837536418073 0.66645367347483175 -0.65220765738865072
v -0.38707460907777264 0.68068188279418818 -0.62620694125961718
v -0.32988361381698583 0.6354723382320544 -0.70186744092917974
v -0.34933469440131182 0.65135921617031012 -0.67747380323100725
v -0.31638084940023081 0.6654093985983569 -0.68000698654163627
v -0.28723932223834675 0.72244223247968298 -0.63313933160350955
v -0.30203792858338513 0.69444354601835223 -0.65712003464248214
v -0.3210555033980777 0.7093618052882148 -0.63168225716979687
v -0.27141977725806177 0.49194538650437741 -0.83037834253605602
v -0.31427600210098439 0.53247004532333209 -0.7892608068871223
v -0.29308073161245329 0.51254254308735658 -0.81032135773708602
v -0.25963856519350803 0.52649046688291856 -0.81278170818528384
v -0.24749945703619888 0.56012263613874369 -0.7938741821468025
v -0.37546022005782936 0.58841328667724402 -0.71975902214296228
v -0.31015281015499735 0.61778261929578127 -0.72622814407849545
v -0.34299419218939281 0.60351300454502144 -0.72345194089906362
v -0.35560333605182093 0.57050183734414761 -0.74385396423750949
v -0.33531101328033258 0.55191758841777971 -0.76693497183116166
v -0.20887253373641618 0.65569619594666206 -0.72917477661541685
v -0.23488961890888971 0.59313562094867345 -0.77347103546418194
v -0.22205153220931814 0.62489459677179082 -0.75196461128060132
v -0.24289314137379039 0.6439353601456288 -0.72911613091747685
v -0.27651229464090998 0.63133671499501476 -0.72815784467551392
v -0.30223276864044246 0.56636396293616498 -0.77014593488248939
v -0.28962289320525653 0.59937704541938408 -0.74974272783445617
v -0.2686918507999152 0.58012439361993151 -0.77233379257190771
v -0.85796459843367379 0.033150460640062614 -0.51760523868328001
v -0.84238571844537069 0.053546276360302188 -0.54096305239095988
v -0.83758094387025894 0.020552669304935291 -0.55058668458182225
v -0.84889722530900236 0.11941418195214988 -0.5198647886598089
v -0.84615953345300265 0.08656396061264221 -0.53071138336076973
v -0.86512615531972847 0.09895549379925922 -0.49689603821522843
v -0.80407275363311626 0.061222416428132642 -0.59568251727296728
v -0.82577582593417642 0.073966136549270783 -0.56369291494296747
v -0.80821831575511527 0.094273233222564867 -0.58568464694328104
v -0.84938399759628069 0.24955904507838025 -0.47059411627206044
v -0.85081894936294056 0.21747024222027397 -0.48372953478457581
v -0.86701322710706763 0.2288344003808663 -0.44845298482651358
v -0.81431862268265565 0.19355029381887146 -0.55189650935431911
v -0.83322585222987566 0.20568951525386883 -0.51826631781385457
v -0.81425750489363047 0.2260462936161626 -0.53950493236564101
v -0.8681471847145823 0.16428770660140507 -0.47380845233208191
v -0.85122042589056968 0.18505810654774579 -0.49633284878379608
v -0.85057190596157972 0.1525108718641188 -0.50835550909387095
v -0.72569024673134985 0.14149199511723823 -0.67711837046585943
v -0.74964415427666331 0.1549407800521487 -0.64743379203897844
v -0.72838391617617892 0.17477688211925269 -0.66637636065128991
v -0.78951701367919158 0.11477687325413927 -0.6071443999862387
v -0.77005708849808863 0.13489640539881703 -0.62765788732520633
v -0.76671625495600282 0.10159994450009981 -0.63792714419196639
v -0.77383653092714666 0.20106475784650099 -0.60490744210178649
v -0.7724288949505681 0.16811492924268132 -0.6166378611043497
v -0.79393390237917316 0.1809518438201593 -0.58487967965651377
v -0.83160510566258794 0.14011935804363962 -0.54217127476311966
v -0.81325201571424166 0.1606777418965149 -0.56387801245523173
v -0.81122033099047886 0.12752087444326821 -0.57515453303560016
v -0.80013085830472142 0.49464946720119612 -0.34696942012844112
v -0.80978327461575272 0.46593430558212412 -0.36389832714774845
v -0.82133316955029567 0.47307447172793987 -0.32692975080849435
v -0.78299914607862275 0.44937350289354955 -0.43615426113461075
v -0.79698498912937599 0.4580189827865751 -0.40036725055823735
v -0.77450589431973282 0.47881236849798131 -0.41969507321719862
v -0.83883489058593763 0.41469962365794383 -0.36004361714476735
v -0.81846671473995236 0.43660460764041159 -0.38045308934399263
v -0.82612370342781938 0.40683075572087479 -0.39655291925541197
v -0.71525293605329876 0.40748213109373699 -0.57236392340907138
v -0.73384429490328607 0.41897323557126254 -0.53960150784112448
v -0.70911895829859051 0.43840101961670053 -0.55695089469384829
v -0.78049601592747875 0.37857045099020037 -0.50273076762254509
v -0.75767928977847421 0.39898837710490065 -0.52150004691925445
v -0.7630340688474645 0.36777063478073585 -0.53641868935001957
v -0.74410611941060067 0.46002427435379134 -0.48983303936718603
v -0.75135452726487739 0.42979847675888361 -0.50594670220390237
v -0.76769790131524351 0.43990043584125943 -0.47156786882906487
v -0.8617297099427822 0.29228663619083201 -0.42095099422160803
v -0.8430812250808134 0.31436822282425209 -0.44226790127869409
v -0.8466377226801175 0.28290766490706604 -0.45647688271560094
v -0.83286130454009943 0.37622887362765139 -0.41234614437494876
v -0.83847713689694092 0.3455356555455647 -0.42753498337659368
v -0.85232192164678089 0.35434071347351842 -0.39143411291424229
v -0.80690395977645668 0.32617473631747251 -0.49772355602574425
v -0.82331342526609541 0.33612993851339718 -0.4630233571052696
v -0.80253146177573598 0.35743658305153514 -0.48312091507398153
v -0.79044734766917557 0.41926169148667863 -0.45239052670023489
v -0.79697386493924505 0.38855631509667615 -0.46807132920829825
v -0.81220794744083269 0.39799377907724215 -0.43261915980346433
v -0.52906152366738723 0.29244066062442892 -0.79983520779491379
v -0.55540121539813769 0.30871754685744923 -0.77549714509003831
v -0.52800576083129258 0.32646690777073872 -0.78727707703232741
v -0.60825355109866586 0.27217959644734074 -0.74907423085809965
v -0.58219939451870795 0.29058337331282713 -0.7627416438928214
v -0.58264088489839794 0.25636302042906023 -0.77457422606119075
v -0.5789235007555068 0.35793580167423067 -0.73615403360517517
v -0.58095202072038121 0.32450326561928378 -0.74991593613452345
v -0.6055829991406384 0.33972429393282955 -0.72321961703331505
v -0.70528440659134806 0.19554651114169919 -0.68519135256973751
v -0.6822890032875526 0.21499316462940518 -0.70243518126680204
v -0.68119109117433252 0.18070763350997027 -0.71306861567091961
v -0.6817560488367429 0.28279327284993355 -0.67853963821457641
v -0.68247187989518976 0.24908507644611702 -0.69090976454345532
v -0.70541652444620517 0.26345205185232007 -0.66193367582114837
v -0.63343177397711825 0.21905916241118314 -0.74560581164624029
v -0.65843651185416263 0.23426442991335211 -0.71884683405158456
v -0.63385584079916502 0.25323673308881894 -0.73434374865471574
v -0.66976011846636974 0.41407591884262479 -0.62063483530014474
v -0.67409035339596546 0.38204326875796518 -0.63628541616174239
v -0.69485097150990871 0.39487302356865173 -0.60537499547754692
v -0.62950992592390065 0.35449557021287531 -0.69516070984879175
v -0.65227297637867998 0.36856271065316132 -0.66626401919582179
v -0.62627226024964644 0.38719894436675328 -0.68049222851517821
v -0.701932759919209 0.33000794910596648 -0.63528268395304455
v -0.67753912222103641 0.34945902969029247 -0.65116956189130026
v -0.68007230553166553 0.31650518468921146 -0.66521974431934705
v -0.63320465059353881 0.2873636575273274 -0.72225257820067312
v -0.6571853536325114 0.30216226387236578 -0.69425389173934238
v -0.63174757615982613 0.32117983868705835 -0.70917215100920494
v -0.8304436615260854 0.27154411254704242 -0.49175573222536739
v -0.78932612587715156 0.31440033738996503 -0.53228039104432212
v -0.81038667672711517 0.293205066901434 -0.51235288880834673
v -0.8128470271753131 0.25976290048248862 -0.5263008126039086
v -0.79393950113683176 0.24762379232517956 -0.55993298185973384
v -0.71982434113299143 0.37558455534681007 -0.58822363239823428
v -0.72629346306852471 0.310277145443978 -0.61759296501677141
v -0.72351725988909288 0.3431185274783734 -0.60332335026601169
v -0.74391928322753875 0.35572767134080158 -0.57031218306513776
v -0.76700029082119092 0.33543534856931323 -0.55172793413876986
v -0.72924009560544611 0.20899686902539683 -0.65550654166765221
v -0.77353635445421121 0.2350139541978703 -0.59294596666966348
v -0.75202993027063059 0.22217586749829876 -0.62470494249278097
v -0.72918144990750611 0.24301747666277101 -0.64374570586661883
v -0.72822316366554318 0.27663662992989063 -0.6311470607160049
v -0.77021125387251865 0.30235710392942311 -0.56617430865715512
v -0.74980804682448543 0.28974722849423717 -0.59918739114037423
v -0.77239911156193697 0.26881618608889585 -0.57993473934092166
v -0.36332631176238922 0.77593177032083316 -0.52081476214355971
v -0.39438042536155571 0.72365963777143549 -0.57104113544674318
v -0.37914530812373354 0.750344668461571 -0.54639505832337687
v -0.39983755358499268 0.76313317946018489 -0.51291430186350373
v -0.43564033542005182 0.74915966456034966 -0.50428119859933296
v -0.44967029155280097 0.60570848681146416 -0.66044106992846896
v -0.43683086618231221 0.63661663243380795 -0.6396692618818256
v -0.48029599324989503 0.6651407914458608 -0.576366491429679
v -0.45899125019100778 0.65141997637770888 -0.60849488461724976
v -0.49384310651794555 0.63520344281348584 -0.59826466159652614
v -0.42332575406118106 0.66661377486975582 -0.61782677409936426
v -0.40924781918518255 0.69550549466346334 -0.59505152674546269
v -0.53928464429932044 0.69993654958595919 -0.47389556661266613
v -0.57206024496011343 0.68134963789869907 -0.46240996543392138
v -0.47119895561654929 0.73379340261972981 -0.49481248235782949
v -0.50559151762792265 0.71745681286446483 -0.48471797253791354
v -0.53473043879998183 0.66047320387309505 -0.5321075682548807
v -0.5205697504553275 0.68947758251730284 -0.50885877821333603
v -0.5009897408613313 0.67793023082434034 -0.54288330443976329
v -0.43058222724912815 0.70950660714970448 -0.56258802809556263
v -0.46619608887037656 0.69422846430603335 -0.55318389490700204
v -0.45127605584548097 0.72229609657961502 -0.52910471006929916
v -0.52088008113358908 0.36345064705136981 -0.77574211604182319
v -0.57110645443677255 0.39450476065053625 -0.72346998349242553
v -0.54646037731340613 0.37926964341271424 -0.75015501418256114
v -0.51297962085353299 0.39996188887397333 -0.76294352518117492
v -0.50434651758936233 0.43576467070903241 -0.7489700102813398
v -0.66050638891849822 0.44979462684178162 -0.60551883253245431
v -0.63973458087185497 0.43695520147129285 -0.6364269781547981
v -0.57643181041970837 0.48042032853887562 -0.66495113716685106
v -0.60856020360727903 0.45911558547998832 -0.65123032209869902
v -0.5983299805865554 0.49396744180692614 -0.63501378853447599
v -0.61789209308939363 0.42345008935016165 -0.66642412059074596
v -0.59511684573549195 0.40937215447416314 -0.69531584038445349
v -0.47396088560269545 0.53940897958830092 -0.69974689530694945
v -0.46247528442395075 0.57218458024909402 -0.68115998361968932
v -0.49487780134785886 0.47132329090552988 -0.73360374834072006
v -0.48478329152794292 0.50571585291690324 -0.71726715858545509
v -0.53217288724490996 0.53485477408896243 -0.6602835495940852
v -0.5089240972033654 0.52069408574430809 -0.68928792823829299
v -0.54294862342979255 0.50111407615031178 -0.6777405765453306
v -0.562653347085592 0.43070656253810868 -0.70931695287069463
v -0.5532492138970313 0.46632042415935715 -0.6940388100270235
v -0.52917002905932853 0.45140039113446151 -0.72210644230060517
v -0.77580743503185257 0.52100441642256967 -0.3632609927723599
v -0.72353530248245479 0.57123078972575303 -0.39431510637152628
v -0.7502203331725904 0.54658471260238672 -0.37907998913370422
v -0.76300884417120418 0.51310395614251358 -0.39977223459496336
v -0.74903532927136907 0.50447085287834292 -0.43557501643002244
v -0.60558415152248357 0.66063072420747881 -0.4496049725627716
v -0.63649229714482736 0.63985891616083557 -0.43676554719228283
v -0.66501645615688032 0.57655614570868896 -0.48023067425986565
v -0.65129564108872828 0.60868453889625962 -0.45892593120097835
v -0.63507910752450525 0.59845431587553599 -0.49377778752791612
v -0.66648943958077522 0.61801642837837423 -0.42326043507115163
v -0.69538115937448286 0.59524118102447265 -0.40918250019515318
v -0.69981221429697871 0.47408522089167615 -0.53921932530929118
v -0.68122530260971859 0.4625996197129314 -0.57199492597008406
v -0.73366906733074932 0.49500213663683951 -0.47113363662651991
v -0.71733247757548435 0.48490762681692362 -0.50552619863789339
v -0.66034886858411446 0.53229722253389056 -0.53466511980995246
v -0.68935324722832236 0.50904843249234588 -0.52050443146529812
v -0.67780589553535986 0.54307295871877315 -0.50092442187130193
v -0.709382271860724 0.5627776823745726 -0.43051690825909872
v -0.69410412901705276 0.55337354918601189 -0.46613076988034718
v -0.72217176129063454 0.52929436434830923 -0.4512107368554516
v -0.48535790140728108 0.58797798380626276 -0.65113418494354725
v -0.55436079675846339 0.54968058195656722 -0.62912289937372423
v -0.5203333522482243 0.56926055257550967 -0.64067073038115341
v -0.50752830518780301 0.60278460100723463 -0.61995172900984985
v -0.52883557679173121 0.61650647539978931 -0.5878222258972341
v -0.65119950393357651 0.48548223669626178 -0.5877883295272528
v -0.62918821836375338 0.55448513204744387 -0.54949092767755736
v -0.64073604937118267 0.52045768753720489 -0.56907089829649982
v -0.62001704799987911 0.50765264047678349 -0.60259494672822489
v -0.58788754488726336 0.52895991208071169 -0.61631682112077957
v -0.58785364851728217 0.6513238392225571 -0.48529258241725176
v -0.54955624666758662 0.62931255365273397 -0.55429547776843402
v -0.56913621728652908 0.64086038466016326 -0.52026803325819493
v -0.60266026571825404 0.62014138328885959 -0.50746298619777352
v -0.61638214011080872 0.58801188017624395 -0.52877025780170184
v -0.57604811187287941 0.56336631323269049 -0.59670355284472998
v -0.59676887183475924 0.57617244716186 -0.56317665895368063
v -0.56324197794370989 0.59689320712373972 -0.57598279288285015
v -0.57401733328779148 0.82212175402237175 2.0639537489571924e-05
v -0.61876862270975674 0.78793599889338484 -0.040658270016397505
v -0.59676953941873112 0.80549805241996719 -0.020363067981336698
v -0.59676953941873112 0.80549805241996719 0.020404347056315844
v -0.61876862270975674 0.78793599889338484 0.040699549091376644
v -0.69957311342476414 0.70803189929097399 -0.12097944188261228
v -0.68062386032167255 0.72929626863395802 -0.10115415554878779
v -0.68407648160079249 0.73279161184724673 -0.020364080765992807
v -0.6829248775165927 0.73162597043990918 -0.060776317741818145
v -0.70415162275619947 0.71266495874201419 -0.040400334428994211
v -0.66082761180810112 0.74972177601511936 -0.081142697854991827
v -0.64030727230492579 0.76918593606659946 -0.061034252744898584
v -0.68062386032167255 0.72929626863395802 0.10119543462376693
v -0.69957311342476414 0.70803189929097399 0.12102072095759142
v -0.64030727230492579 0.76918593606659946 0.061075531819877724
v -0.66082761180810112 0.74972177601511936 0.081183976929970966
v -0.70415162275619947 0.71266495874201419 0.04044161350397335
v -0.6829248775165927 0.73162597043990918 0.060817596816797284
v -0.68407648160079249 0.73279161184724673 0.020405359840971953
v -0.6413291462514461 0.77048687547563766 -0.020364135134619477
v -0.66314318031803077 0.7520674727209975 2.0639537489571924e-05
v -0.6413291462514461 0.77048687547563766 0.020405414209598623
v -0.82082302494143389 0.50743792948356092 -0.27210445793593946
v -0.80903918538192543 0.53483579909066226 -0.25436141968012566
v -0.82349243066231337 0.54377569681526339 -0.17739550740049481
v -0.81691512871545469 0.53970894713149542 -0.21601232887150534
v -0.83645482014171069 0.51709891022250953 -0.19556175402673664
v -0.79627167297333334 0.56164140154810871 -0.2362466806837549
v -0.78260017536842219 0.5876980825312732 -0.21784951279166401
v -0.83677169989349642 0.55200464794106852 -0.020381325005900508
v -0.83543203674914823 0.55117567777319865 -0.059733301969831065
v -0.85218358842882402 0.52681982362511703 -0.039338200294731202
v -0.79872630190702376 0.5977254198664157 -0.1004030708583238
v -0.81757863463602132 0.57485736387337472 -0.080119528019948233
v -0.80143698951857789 0.59940845634750317 -0.061080669390766035
v -0.84692986869004339 0.52357284625918432 -0.11781321962346476
v -0.83277339739471612 0.54952922585108221 -0.099060911348707731
v -0.82880701760840947 0.54707666990245762 -0.13816733585385338
v -0.73589406829699922 0.66177497852207712 -0.16077158225577148
v -0.71864545120657053 0.6847733412157232 -0.14133267655127993
v -0.76782137849992849 0.61333023233696493 -0.19898482420344502
v -0.75231985059611117 0.63791375456858723 -0.18001998550528886
v -0.7619941759417993 0.64374043908525935 -0.10146679579276208
v -0.75776880794541135 0.64131542326240598 -0.14082090583341617
v -0.77863304455922644 0.62005962631092426 -0.12075477340150367
v -0.8095512171545648 0.56987460616794916 -0.15867913197186007
v -0.79456725184093835 0.595352992208947 -0.13976787176924418
v -0.78918382626930117 0.5920035690226052 -0.17898265730980459
v -0.80903918538192543 0.53483579909066226 0.25440269875510485
v -0.82082302494143389 0.50743792948356092 0.27214573701091865
v -0.78260017536842219 0.5876980825312732 0.21789079186664315
v -0.79627167297333334 0.56164140154810871 0.23628795975873404
v -0.83645482014171069 0.51709891022250953 0.19560303310171578
v -0.81691512871545469 0.53970894713149542 0.21605360794648448
v -0.82349243066231337 0.54377569681526339 0.17743678647547395
v -0.71864545120657053 0.6847733412157232 0.14137395562625907
v -0.73589406829699922 0.66177497852207712 0.16081286133075062
v -0.77863304455922644 0.62005962631092426 0.12079605247648281
v -0.75776880794541135 0.64131542326240598 0.1408621849083953
v -0.7619941759417993 0.64374043908525935 0.10150807486774122
v -0.75231985059611117 0.63791375456858723 0.180061264580268
v -0.76782137849992849 0.61333023233696493 0.19902610327842415
v -0.85218358842882402 0.52681982362511703 0.039379479369710341
v -0.83543203674914823 0.55117567777319865 0.059774581044810204
v -0.83677169989349642 0.55200464794106852 0.020422604080879654
v -0.82880701760840947 0.54707666990245762 0.13820861492883252
v -0.83277339739471612 0.54952922585108221 0.09910219042368687
v -0.84692986869004339 0.52357284625918432 0.1178544986984439
v -0.80143698951857789 0.59940845634750317 0.061121948465745174
v -0.81757863463602132 0.57485736387337472 0.080160807094927372
v -0.79872630190702376 0.5977254198664157 0.10044434993330294
v -0.78918382626930117 0.5920035690226052 0.17902393638478373
v -0.79456725184093835 0.595352992208947 0.13980915084422332
v -0.8095512171545648 0.56987460616794916 0.1587204110468392
v -0.72208732888118188 0.68825561075468988 -0.1011829263831497
v -0.76431505522099918 0.64608552149272702 -0.061082322674118859
v -0.74371203820095255 0.6675635634391498 -0.081184587282119608
v -0.72439100923770272 0.69058525746240795 -0.060796457367193066
v -0.72554360220231928 0.6917512135120889 -0.020382507145130957
v -0.82030851538724869 0.57655269981566781 2.0639537489571924e-05
v -0.78415744584327907 0.62351565724419233 0.040727467290155903
v -0.80273398069020296 0.60043941721382832 0.020422662875935416
v -0.80273398069020296 0.60043941721382832 -0.02038138380095627
v -0.78415744584327907 0.62351565724419233 -0.040686188215176763
v -0.72208732888118188 0.68825561075468988 0.10122420545812884
v -0.72554360220231928 0.6917512135120889 0.020423786220110103
v -0.72439100923770272 0.69058525746240795 0.060837736442172205
v -0.74371203820095255 0.6675635634391498 0.081225866357098747
v -0.76431505522099918 0.64608552149272702 0.061123601749097999
v -0.76561201319587879 0.6471166784742578 -0.020382567510543612
v -0.76561201319587879 0.6471166784742578 0.020423846585522758
v -0.74603314120514574 0.66990935837773713 2.0639537489571924e-05
v -0.87056238976880118 0.00016901474152036425 -0.49722158411986506
v -0.87537468035217292 0.033157976648322755 -0.48758579077217795
v -0.90705683081503385 0.033187671517966817 -0.4257605701787644
v -0.89176866300210844 0.033180320227254784 -0.45691426155301923
v -0.90285923269085511 0.00016901474152036425 -0.43584263652861616
v -0.87917083893873704 0.066161851809452485 -0.47729796907184557
v -0.88191588208544869 0.099007529801438926 -0.46643947973265143
v -0.95729759433885331 0.033300448524965304 -0.29598624889432829
v -0.94647316082373079 0.033293764034185318 -0.32895776947394756
v -0.95435563237069565 0.00016901474152036425 -0.30713000445079569
v -0.92604855563561705 0.099300497695769846 -0.3711136802756802
v -0.93702213566327708 0.066390712163734156 -0.35032040331269371
v -0.93841790232767575 0.099347876405904062 -0.33860918926066047
v -0.93083494681588752 0.00016901474152036425 -0.37237752257350248
v -0.93448653253236402 0.033273420234385967 -0.36160545812649947
v -0.92140345790021705 0.033266568070178283 -0.39374765058125211
v -0.8839436986556054 0.19699802128858795 -0.43013256456022486
v -0.88251543137972566 0.22908269290419475 -0.41698633031443
v -0.88366945929023766 0.13205545896254597 -0.45480254286364025
v -0.88432483138343543 0.1645984587757961 -0.44276879551898085
v -0.91343636655801408 0.16475038614204951 -0.37903016322714428
v -0.89944754965208951 0.1647622554542294 -0.41111736059200144
v -0.91345010563690499 0.1322836679979644 -0.39149840057916258
v -0.91031288348877615 0.066278308967337204 -0.41481941506137182
v -0.91245186458701144 0.099368863614290204 -0.40336928530023725
v -0.89771439988840485 0.099261567239817633 -0.43520418973348091
v -1.0017940466542559 0.033649643660597431 -0.020671527099222705
v -1.0004767546422852 0.033645736043378269 -0.055349795031819506
v -1.0019669806538065 0.00016901474152036425 -0.034658104925585742
v -0.99285584967831175 0.10037650938048942 -0.096598981943301632
v -0.99743457988756934 0.067102888332422464 -0.076032999680473889
v -0.99561792868998966 0.10040448228802659 -0.061928286284488293
v -0.99717149381482129 0.00016901474152036425 -0.10384961145722751
v -0.99795265915801934 0.033633724832002901 -0.090038730772685885
v -0.99423548822164676 0.033629640261813705 -0.12454233754959168
v -0.95919342900430449 0.23150040016744075 -0.17765991458194014
v -0.96985556331396006 0.199250316338897 -0.15772725382467961
v -0.96492749321131632 0.23165244888017045 -0.14304399059274389
v -0.97600252082611505 0.13361025333916773 -0.18639459767485386
v -0.97355239094777424 0.16651276849621213 -0.17221003197048224
v -0.96688574109773795 0.16625800131702437 -0.20657975498557357
v -0.98330377058247431 0.1665413359263562 -0.10280310974195316
v -0.9790343525794647 0.16661307395038549 -0.13755300629226136
v -0.98668375571321587 0.13375000351110874 -0.1172413133577099
v -0.97330871262364382 0.00016901474152036425 -0.24041237545315819
v -0.97584985131582813 0.03356258278168818 -0.22744375139080941
v -0.96738765609228827 0.033557794388324159 -0.26109938631542229
v -0.98926575593411525 0.033581325596703862 -0.15927842602765024
v -0.98315606008365086 0.033576712296017622 -0.19343956820476202
v -0.98760347270911619 0.00016901474152036425 -0.1725439652445796
v -0.96962182537223085 0.10016419587214204 -0.23444051891494461
v -0.9771520117453022 0.06696273915344704 -0.21410729540067303
v -0.9772028593319585 0.10019710209614111 -0.20049665696556845
v -0.98884294762412683 0.10048276189685118 -0.13137970275469699
v -0.98361595727512208 0.10041705585308697 -0.16607808007745298
v -0.98970399806934628 0.067034943820119222 -0.14542451701765727
v -0.84325999591761058 0.4452445539856682 -0.30973185424943472
v -0.83361148722379852 0.47395730056448387 -0.29279662457265176
v -0.85958432894811276 0.38615095186450132 -0.34241248987874529
v -0.85193142483043482 0.41592227938083187 -0.32630605099393034
v -0.87474136186623896 0.41686344267600334 -0.25751067984871451
v -0.86391886272027818 0.41665157390870866 -0.29206596808946877
v -0.8832066407175917 0.38744186527919378 -0.27401512888128604
v -0.88002650232692126 0.2622722642424607 -0.40245270240419179
v -0.8764747931209812 0.29372986276979618 -0.38823597318407044
v -0.90255954913035663 0.29561582523673607 -0.32127206990456164
v -0.89010714967802196 0.29484914659163297 -0.35494884077157868
v -0.90689914090707846 0.26437431566754621 -0.33592795424519628
v -0.87188483445143816 0.32488856297100871 -0.37348019324754039
v -0.86627361539528291 0.35557892987647094 -0.35828388976858483
v -0.94060239243724064 0.2953363894864669 -0.18240283042496472
v -0.93292559650066276 0.29593422465951497 -0.21748119533200028
v -0.94658432147921912 0.26451147223591615 -0.19806187912533019
v -0.90127889008483186 0.35734284453083576 -0.25542928874905291
v -0.91779858647374246 0.32693039094230508 -0.2366345571784586
v -0.91047844059543637 0.35720052507434852 -0.22063696890290746
v -0.92912305542296858 0.26512199592004942 -0.26768106391382912
v -0.924023043533166 0.29618228346825815 -0.25235019952792004
v -0.9139372545251262 0.29609923003596994 -0.28681830807066716
v -0.8790738765194317 0.35666836221732823 -0.32442781386495145
v -0.89722190605081165 0.32659961838413126 -0.3058665913841867
v -0.89076109482450649 0.35726438620582124 -0.29007947426404662
v -0.95950637327123134 0.066684482965020705 -0.28292787794149099
v -0.96019250885219098 0.13327169025648533 -0.2558127758559518
v -0.96047528031008267 0.10007002808582482 -0.26950442688709614
v -0.95005480791439556 0.099789762496412804 -0.30429395984713009
v -0.93908165580676739 0.13270133128414677 -0.3250880424033839
v -0.9518439051319767 0.23218857874050561 -0.21280809179294463
v -0.9334994526576692 0.23253320745600034 -0.28232663118897855
v -0.94326459466170076 0.2325254933765564 -0.24776469366673051
v -0.95587373852412894 0.19951432617568243 -0.22736267032828464
v -0.95865765578300455 0.16666817657799865 -0.24161980343631226
v -0.89695912974958569 0.23043529240730565 -0.38413144386213038
v -0.92647181767945819 0.16571431609407641 -0.34549118908600446
v -0.91246777493020559 0.19819389238528534 -0.36511105675181277
v -0.91028769007141974 0.2314628451440971 -0.35070965370670537
v -0.92242880139211658 0.23213835992816828 -0.31691573806756029
v -0.94918043237317984 0.16652831780699567 -0.27659609490443826
v -0.93657055693799407 0.19954140029021483 -0.29699930195247154
v -0.93843219443613191 0.16620209761571531 -0.31128756799354612
v -0.87537468035217292 0.033157976648322755 0.48762706984715715
v -0.87056238976880118 0.00016901474152036425 0.49726286319484425
v -0.88191588208544869 0.099007529801438926 0.46648075880763062
v -0.87917083893873704 0.066161851809452485 0.47733924814682477
v -0.90285923269085511 0.00016901474152036425 0.43588391560359535
v -0.89176866300210844 0.033180320227254784 0.45695554062799842
v -0.90705683081503385 0.033187671517966817 0.42580184925374359
v -0.88251543137972566 0.22908269290419475 0.41702760938940919
v -0.8839436986556054 0.19699802128858795 0.43017384363520406
v -0.91345010563690499 0.1322836679979644 0.39153967965414177
v -0.89944754965208951 0.1647622554542294 0.41115863966698063
v -0.91343636655801408 0.16475038614204951 0.37907144230212347
v -0.88432483138343543 0.1645984587757961 0.44281007459396005
v -0.88366945929023766 0.13205545896254597 0.45484382193861944
v -0.95435563237069565 0.00016901474152036425 0.30717128352577489
v -0.94647316082373079 0.033293764034185318 0.32899904854892675
v -0.95729759433885331 0.033300448524965304 0.29602752796930748
v -0.92140345790021705 0.033266568070178283 0.3937889296562313
v -0.93448653253236402 0.033273420234385967 0.36164673720147866
v -0.93083494681588752 0.00016901474152036425 0.37241880164848168
v -0.93841790232767575 0.099347876405904062 0.33865046833563966
v -0.93702213566327708 0.066390712163734156 0.3503616823876729
v -0.92604855563561705 0.099300497695769846 0.3711549593506594
v -0.89771439988840485 0.099261567239817633 0.4352454688084601
v -0.91245186458701144 0.099368863614290204 0.40341056437521644
v -0.91031288348877615 0.066278308967337204 0.41486069413635102
v -0.83361148722379852 0.47395730056448387 0.29283790364763096
v -0.84325999591761058 0.4452445539856682 0.30977313332441392
v -0.8832066407175917 0.38744186527919378 0.27405640795626524
v -0.86391886272027818 0.41665157390870866 0.29210724716444797
v -0.87474136186623896 0.41686344267600334 0.2575519589236937
v -0.85193142483043482 0.41592227938083187 0.32634733006890954
v -0.85958432894811276 0.38615095186450132 0.34245376895372448
v -0.94658432147921912 0.26451147223591615 0.19810315820030933
v -0.93292559650066276 0.29593422465951497 0.21752247440697942
v -0.94060239243724064 0.2953363894864669 0.18244410949994386
v -0.9139372545251262 0.29609923003596994 0.28685958714564636
v -0.924023043533166 0.29618228346825815 0.25239147860289923
v -0.92912305542296858 0.26512199592004942 0.26772234298880832
v -0.91047844059543637 0.35720052507434852 0.2206782479778866
v -0.91779858647374246 0.32693039094230508 0.23667583625343774
v -0.90127889008483186 0.35734284453083576 0.2554705678240321
v -0.8764747931209812 0.29372986276979618 0.38827725225904963
v -0.88002650232692126 0.2622722642424607 0.40249398147917098
v -0.86627361539528291 0.35557892987647094 0.35832516884356402
v -0.87188483445143816 0.32488856297100871 0.37352147232251959
v -0.90689914090707846 0.26437431566754621 0.33596923332017548
v -0.89010714967802196 0.29484914659163297 0.35499011984655787
v -0.90255954913035663 0.29561582523673607 0.32131334897954084
v -0.89076109482450649 0.35726438620582124 0.29012075333902582
v -0.89722190605081165 0.32659961838413126 0.3059078704591659
v -0.8790738765194317 0.35666836221732823 0.32446909293993065
v -1.0019669806538065 0.00016901474152036425 0.034699384000564881
v -1.0004767546422852 0.033645736043378269 0.055391074106798645
v -1.0017940466542559 0.033649643660597431 0.020712806174201851
v -0.99423548822164676 0.033629640261813705 0.12458361662457082
v -0.99795265915801934 0.033633724832002901 0.090080009847665024
v -0.99717149381482129 0.00016901474152036425 0.10389089053220665
v -0.99561792868998966 0.10040448228802659 0.061969565359467432
v -0.99743457988756934 0.067102888332422464 0.076074278755453029
v -0.99285584967831175 0.10037650938048942 0.096640261018280771
v -0.96738765609228827 0.033557794388324159 0.26114066539040148
v -0.97584985131582813 0.03356258278168818 0.22748503046578855
v -0.97330871262364382 0.00016901474152036425 0.24045365452813733
v -0.9772028593319585 0.10019710209614111 0.20053793604054759
v -0.9771520117453022 0.06696273915344704 0.21414857447565216
v -0.96962182537223085 0.10016419587214204 0.23448179798992375
v -0.98760347270911619 0.00016901474152036425 0.17258524431955874
v -0.98315606008365086 0.033576712296017622 0.19348084727974116
v -0.98926575593411525 0.033581325596703862 0.15931970510262938
v -0.96492749321131632 0.23165244888017045 0.14308526966772303
v -0.96985556331396006 0.199250316338897 0.15776853289965875
v -0.95919342900430449 0.23150040016744075 0.17770119365691928
v -0.98668375571321587 0.13375000351110874 0.11728259243268904
v -0.9790343525794647 0.16661307395038549 0.1375942853672405
v -0.98330377058247431 0.1665413359263562 0.10284438881693229
v -0.96688574109773795 0.16625800131702437 0.20662103406055271
v -0.97355239094777424 0.16651276849621213 0.17225131104546137
v -0.97600252082611505 0.13361025333916773 0.186435876749833
v -0.98970399806934628 0.067034943820119222 0.14546579609263641
v -0.98361595727512208 0.10041705585308697 0.16611935915243212
v -0.98884294762412683 0.10048276189685118 0.13142098182967613
v -0.89695912974958569 0.23043529240730565 0.38417272293710958
v -0.92242880139211658 0.23213835992816828 0.31695701714253949
v -0.91028769007141974 0.2314628451440971 0.35075093278168457
v -0.91246777493020559 0.19819389238528534 0.36515233582679196
v -0.92647181767945819 0.16571431609407641 0.34553246816098365
v -0.9518439051319767 0.23218857874050561 0.21284937086792377
v -0.95865765578300455 0.16666817657799865 0.2416610825112914
v -0.95587373852412894 0.19951432617568243 0.22740394940326378
v -0.94326459466170076 0.2325254933765564 0.24780597274170965
v -0.9334994526576692 0.23253320745600034 0.28236791026395774
v -0.95950637327123134 0.066684482965020705 0.28296915701647019
v -0.93908165580676739 0.13270133128414677 0.3251293214783631
v -0.95005480791439556 0.099789762496412804 0.30433523892210929
v -0.96047528031008267 0.10007002808582482 0.26954570596207533
v -0.96019250885219098 0.13327169025648533 0.255854054930931
v -0.93657055693799407 0.19954140029021483 0.29704058102745073
v -0.94918043237317984 0.16652831780699567 0.27663737397941746
v -0.93843219443613191 0.16620209761571531 0.31132884706852532
v -0.84277406191668147 0.47961676489581284 -0.25490671436077394
v -0.88278213099437663 0.42181078352693119 -0.21916814535560317
v -0.86347160511665533 0.45101455527456935 -0.23722007278156784
v -0.85068309411804166 0.48449531173444244 -0.21652782732030867
v -0.85728210420546236 0.48857072037434157 -0.17790823529710706
v -0.9463042202290064 0.29877183892317821 -0.14308822756104325
v -0.93263090409205307 0.33019535738210171 -0.16251077200464237
v -0.91196490042401934 0.39835473492572887 -0.12204719318959824
v -0.92306497995254599 0.3646066380991449 -0.14235090434787342
v -0.92720329937480694 0.36737211425673622 -0.10288558074210577
v -0.91747703101144296 0.36121149013033166 -0.18168550851534288
v -0.90094053382601891 0.39162268499472364 -0.20048271848913449
v -0.86931098693990183 0.4959690526512614 -0.060056993887634101
v -0.87066306914177127 0.4968029434177258 -0.020698274153730788
v -0.86265262586975244 0.49186172938235689 -0.13853158205776778
v -0.86663399301673383 0.49432029169178243 -0.099419744948601244
v -0.90193353831519762 0.43352920759838187 -0.061998248460069481
v -0.8850073738129518 0.46424274450305864 -0.080772404083553725
v -0.89917546104553969 0.43183792191564474 -0.10135344557816195
v -0.88967079745175814 0.42577426691788706 -0.18019160326390593
v -0.89514841891428898 0.42912134478543296 -0.14083427558253192
v -0.87688130802184761 0.45925758494415059 -0.15949777466755308
v -1.0003278312878814 0.067135641626349468 2.0639537489571924e-05
v -0.99274822322218326 0.13391581646452799 0.04128054959598567
v -0.99730591784645495 0.10063177568697156 0.02071288499874873
v -0.99730591784645495 0.10063177568697156 -0.020671605923769584
v -0.99274822322218326 0.13391581646452799 -0.041239270521006531
v -0.95910921310015618 0.26524793236080813 0.12241059294480201
v -0.96976092351243626 0.23298770453659487 0.10247441765449782
v -0.97461753060391676 0.23432801963017985 0.020714387148925852
v -0.97299782696490356 0.23388074746574397 0.06159913980180929
v -0.9655330801017713 0.26702344553221274 0.040907971819525851
v -0.97893456847820493 0.20031356817747895 0.082286403104231201
v -0.98657051598869516 0.16744048123679006 0.061971775968856245
v -0.96976092351243626 0.23298770453659487 -0.10243313857951868
v -0.95910921310015618 0.26524793236080813 -0.12236931386982287
v -0.98657051598869516 0.16744048123679006 -0.061930496893877106
v -0.97893456847820493 0.20031356817747895 -0.082245124029252062
v -0.9655330801017713 0.26702344553221274 -0.040866692744546712
v -0.97299782696490356 0.23388074746574397 -0.061557860726830151
v -0.97461753060391676 0.23432801963017985 -0.020673108073946705
v -0.98825859926195858 0.16766805090264406 0.020714468133842423
v -0.98220154394094383 0.20121330463875667 2.0639537489571924e-05
v -0.98825859926195858 0.16766805090264406 -0.020673189058863277
v -0.84277406191668147 0.47961676489581284 0.25494799343575314
v -0.85728210420546236 0.48857072037434157 0.1779495143720862
v -0.85068309411804166 0.48449531173444244 0.21656910639528781
v -0.86347160511665533 0.45101455527456935 0.23726135185654698
v -0.88278213099437663 0.42181078352693119 0.21920942443058231
v -0.87066306914177127 0.4968029434177258 0.020739553228709934
v -0.86931098693990183 0.4959690526512614 0.06009827296261324
v -0.89917546104553969 0.43183792191564474 0.10139472465314109
v -0.8850073738129518 0.46424274450305864 0.080813683158532865
v -0.90193353831519762 0.43352920759838187 0.062039527535048621
v -0.86663399301673383 0.49432029169178243 0.099461024023580383
v -0.86265262586975244 0.49186172938235689 0.13857286113274692
v -0.93263090409205307 0.33019535738210171 0.16255205107962151
v -0.9463042202290064 0.29877183892317821 0.14312950663602239
v -0.90094053382601891 0.39162268499472364 0.20052399756411363
v -0.91747703101144296 0.36121149013033166 0.18172678759032201
v -0.92720329937480694 0.36737211425673622 0.10292685981708491
v -0.92306497995254599 0.3646066380991449 0.14239218342285256
v -0.91196490042401934 0.39835473492572887 0.12208847226457738
v -0.87688130802184761 0.45925758494415059 0.15953905374253222
v -0.89514841891428898 0.42912134478543296 0.14087555465751106
v -0.88967079745175814 0.42577426691788706 0.18023288233888507
v -0.95113957029132834 0.30010908109927226 -0.10247510757251144
v -0.95599896586093014 0.30145454227196494 -0.020700030338365778
v -0.95437817880960618 0.30100609711952264 -0.061587272561236639
v -0.94157313174918489 0.33453014555124755 -0.082306273932540253
v -0.93047374589419796 0.3682804357151872 -0.06200070381485584
v -0.95113957029132834 0.30010908109927226 0.10251638664749058
v -0.93047374589419796 0.3682804357151872 0.062041982889834979
v -0.94157313174918489 0.33453014555124755 0.082347553007519392
v -0.95437817880960618 0.30100609711952264 0.061628551636215778
v -0.95599896586093014 0.30145454227196494 0.020741309413344924
v -0.88779371487503389 0.4659506836255678 2.0639537489571924e-05
v -0.91766766764125318 0.40180718384398711 -0.041280033939000482
v -0.90349734809625626 0.43421384130290241 -0.020698361833814044
v -0.90349734809625626 0.43421384130290241 0.02073964090879319
v -0.91766766764125318 0.40180718384398711 0.041321313013979621
v -0.94484394467442223 0.33543795365201384 2.0639537489571924e-05
v -0.9320378107452526 0.36896484754306319 0.020741399499369283
v -0.9320378107452526 0.36896484754306319 -0.020700120424390137
v 0.5409390124759097 0.84251005373435128 0.053397901156271389
v 0.55056264466677207 0.83770527915923954 0.0204042941009045
v 0.51984074874475861 0.84902156059798284 0.11926580674811907
v 0.53068734344571955 0.84628386874198325 0.086415585408611412
v 0.5956584773579171 0.80419708892209685 0.061074041224101851
v 0.56366887502791729 0.82590016122315701 0.073817761345239985
v 0.58566060702823086 0.80834265104409586 0.094124858018534069
v 0.47057007635701026 0.84950833288526129 0.2494106698743494
v 0.48370549486952563 0.85094328465192126 0.21732186701624315
v 0.55187246943926904 0.81444295797163624 0.19340191861484068
v 0.51824227789880439 0.83335018751885626 0.20554114004983798
v 0.53948089245059083 0.81438184018261106 0.22589791841213175
v 0.49630880886874595 0.85134476117955027 0.18490973134371494
v 0.50833146917882077 0.85069624125056031 0.152362496660088
v 0.67709433055080925 0.72581458202033045 0.14134361991320743
v 0.64740975212392826 0.7497684895656439 0.1547924048481179
v 0.66635232073623973 0.72850825146515952 0.17462850691522186
v 0.60712036007118853 0.78964134896817217 0.11462849805010847
v 0.62763384741015615 0.77018142378706922 0.13474803019478623
v 0.63790310427691621 0.76684059024498341 0.10145156929606901
v 0.60488340218673631 0.77396086621612725 0.20091638264247016
v 0.61661382118929953 0.77255323023954869 0.16796655403865049
v 0.5848556397414636 0.79405823766815375 0.18080346861612848
v 0.54214723484806948 0.83172944095156853 0.13997098283960879
v 0.56385397254018155 0.81337635100322225 0.1605293666924841
v 0.57513049312054998 0.81134466627945945 0.12737249923923741
v 0.34694538021339094 0.80025519359370212 0.4945010919971653
v 0.36387428723269832 0.80990760990473343 0.46578593037809329
v 0.43613022121956063 0.78312348136760346 0.44922512768951861
v 0.40034321064318723 0.79710932441835669 0.45787060758254428
v 0.4196710333021485 0.77463022960871353 0.47866399329395048
v 0.38042904942894246 0.81859105002893295 0.43645623243638071
v 0.39652887934036185 0.82624803871680008 0.40668238051684391
v 0.57233988349402132 0.71537727134227935 0.40733375588970616
v 0.53957746792607431 0.73396863019226666 0.41882486036723166
v 0.55692685477879822 0.7092432935875711 0.43825264441266959
v 0.5027067277074948 0.78062035121645945 0.37842207578616949
v 0.52147600700420416 0.75780362506745491 0.39884000190086988
v 0.53639464943496939 0.76315840413644509 0.36762225957670502
v 0.48980899945213596 0.74423045469958116 0.45987589914976046
v 0.50592266228885219 0.75147886255385787 0.42965010155485278
v 0.47154382891401464 0.76782223660422411 0.43975206063722855
v 0.44224386136364396 0.8432055603697941 0.31421984762022132
v 0.45645284280055076 0.84676205796909809 0.28275928970303527
v 0.41232210445989859 0.83298563982908003 0.37608049842362046
v 0.4275109434615435 0.83860147218592163 0.34538728034153388
v 0.49769951611069407 0.80702829506543738 0.32602636111344169
v 0.46299931719021942 0.823437760555076 0.3359815633093664
v 0.48309687515893135 0.80265579706471657 0.35728820784750437
v 0.45236648678518471 0.79057168295815627 0.41911331628264781
v 0.46804728929324807 0.79709820022822575 0.38840793989264538
v 0.43259511988841415 0.81233228272981328 0.39784540387321132
v 0.79981116787986362 0.52918585895636772 0.29229228542039815
v 0.77547310517498824 0.55552555068711817 0.30856917165341852
v 0.78725303711727723 0.52813009612027317 0.32631853256670795
v 0.74905019094304948 0.60837788638764645 0.27203122124330992
v 0.76271760397777133 0.58232372980768854 0.29043499810879636
v 0.77455018614614057 0.58276522018737842 0.25621464522502946
v 0.73612999369012522 0.5790478360444874 0.3577874264701999
v 0.74989189621947328 0.58107635600936181 0.32435489041525301
v 0.72319557711826488 0.60570733442961899 0.33957591872879872
v 0.68516731265468733 0.70540874188032865 0.19539813593766839
v 0.70241114135175187 0.68241333857653319 0.21484478942537438
v 0.71304457575586944 0.68131542646331311 0.18055925830593947
v 0.67851559829952612 0.68188038412572338 0.28264489764590273
v 0.69088572462840525 0.68259621518417024 0.24893670124208617
v 0.66190963590609819 0.70554085973518577 0.26330367664828924
v 0.74558177173119011 0.63355610926609884 0.21891078720715235
v 0.71882279413653449 0.65856084714314322 0.23411605470932131
v 0.73431970873966557 0.6339801760881455 0.25308835788478817
v 0.62061079538509456 0.66988445375535033 0.41392754363859391
v 0.6362613762466921 0.67421468868494605 0.38189489355393436
v 0.60535095556249663 0.69497530679888941 0.39472464836462084
v 0.69513666993374168 0.62963426121288113 0.35434719500884448
v 0.66623997928077172 0.65239731166766057 0.36841433544913049
v 0.68046818860012803 0.62639659553862703 0.38705056916272246
v 0.63525864403799437 0.7020570952081896 0.32985957390193565
v 0.65114552197625009 0.67766345751001711 0.34931065448626164
v 0.66519570440429698 0.68019664082064624 0.31635680948518075
v 0.72222853828562295 0.63332898588251929 0.28721528232329657
v 0.69422985182429231 0.657309688921492 0.3020138886683349
v 0.70914811109415476 0.63187191144880672 0.32103146348302752
v 0.49173169231031721 0.83056799681506599 0.27139573734301159
v 0.53225635112927183 0.78945046116613227 0.31425196218593421
v 0.51232884889329644 0.81051101201609577 0.29305669169740312
v 0.52627677268885842 0.8129713624642938 0.25961452527845785
v 0.55990894194468366 0.79406383642581246 0.24747541712114868
v 0.5881995924831841 0.71994867642197224 0.37543618014277924
v 0.61756892510172123 0.72641779835750531 0.31012877023994723
v 0.6032993103509614 0.72364159517807347 0.34297015227434269
v 0.57028814315008747 0.74404361851651935 0.35557929613677075
v 0.55170389422371957 0.76712462611017151 0.33528697336528246
v 0.65548250175260214 0.72936443089442682 0.208848493821366
v 0.5929219267546133 0.7736606897431918 0.2348655789938395
v 0.62468090257773079 0.75215426555961118 0.22202749229426796
v 0.64372166595156866 0.7293057851964867 0.24286910145874016
v 0.63112302080095473 0.72834749895452389 0.27648825472585986
v 0.56615026874210483 0.77033558916149936 0.30220872872539239
v 0.59916335122532394 0.74993238211346613 0.2895988532902064
v 0.57991069942587148 0.77252344685091767 0.26866781088486508
v 0.032936766446002505 0.51779489296228987 0.85794055851862361
v 0.053332582166242072 0.54115270666996962 0.84236167853032051
v 0.11920048775808978 0.52005444293881875 0.84887318539395218
v 0.086350266418582108 0.53090103763977969 0.84613549353795237
v 0.098741799605199104 0.4970856924942384 0.8651021154046783
v 0.073752442355210668 0.56388256922197733 0.82575178601912624
v 0.094059539028504738 0.58587430122229089 0.80819427584006509
v 0.24934535088432014 0.4707837705510704 0.84935995768123052
v 0.21725654802621389 0.48391918906358583 0.85079490944789038
v 0.22862070618680619 0.44864263910552354 0.86698918719201745
v 0.19333659962481137 0.55208616363332907 0.81429458276760536
v 0.20547582105980872 0.51845597209286443 0.83320181231482549
v 0.22583259942210249 0.53969458664465098 0.81423346497858018
v 0.16407401240734495 0.47399810661109187 0.86812314479953212
v 0.18484441235368568 0.49652250306280604 0.8511963859755195
v 0.15229717767005868 0.5085451633728808 0.85054786604652954
v 0.15472708585808856 0.64762344631798829 0.74962011436161313
v 0.17456318792519251 0.66656601493029977 0.72835987626112864
v 0.11456317906007915 0.60733405426524856 0.78949297376414151
v 0.13468271120475689 0.62784754160421619 0.77003304858303834
v 0.20085106365244085 0.60509709638079634 0.77381249101209648
v 0.16790123504862117 0.61682751538335956 0.77240485503551792
v 0.18073814962609919 0.58506933393552363 0.79390986246412287
v 0.1399056638495795 0.54236092904212951 0.83158106574753776
v 0.16046404770245479 0.56406766673424158 0.81322797579919148
v 0.12730718024920809 0.57534418731461001 0.81119629107542868
v 0.49443577300713604 0.34715907440745108 0.80010681838967124
v 0.46572061138806403 0.36408798142675841 0.80975923470070255
v 0.47286077753387978 0.32711940508750431 0.82130912963524549
v 0.44915980869948946 0.43634391541362072 0.78297510616357258
v 0.45780528859251501 0.40055690483724732 0.79696094921432581
v 0.47859867430392122 0.41988472749620859 0.77448185440468265
v 0.41448592946388374 0.36023327142377731 0.83881085067088745
v 0.4363909134463515 0.3806427436230026 0.81844267482490218
v 0.4066170615268147 0.39674257353442194 0.8260996635127692
v 0.4072684368996769 0.57255357768808135 0.71522889613824858
v 0.41875954137720239 0.53979116212013423 0.733820254988236
v 0.43818732542264033 0.55714054897285814 0.70909491838354033
v 0.37835675679614017 0.50292042190155495 0.78047197601242868
v 0.39877468291084056 0.52168970119826419 0.75765524986342414
v 0.36755694058667576 0.53660834362902943 0.76301002893241432
v 0.45981058015973125 0.49002269364619599 0.7440820794955505
v 0.42958478256482346 0.50613635648291222 0.7513304873498271
v 0.43968674164719929 0.47175752310807484 0.76767386140019322
v 0.29207294199677192 0.421140648500618 0.86170567002773202
v 0.314154528630192 0.44245755555770405 0.84305718516576322
v 0.28269397071300595 0.45666653699461091 0.84661368276506732
v 0.37601517943359131 0.41253579865395873 0.83283726462504926
v 0.34532196135150461 0.42772463765560365 0.83845309698189074
v 0.35412701927945833 0.39162376719325226 0.85229788173173071
v 0.32596104212341237 0.49791321030475422 0.8068799198614065
v 0.33591624431933709 0.46321301138427956 0.82328938535104523
v 0.35722288885747505 0.48331056935299149 0.8025074218606858
v 0.41904799729261855 0.45258018097924491 0.79042330775412539
v 0.38834262090261606 0.46826098348730821 0.79694982502419487
v 0.39778008488318206 0.43280881408247429 0.81218390752578251
v 0.3085038526633892 0.77568679936904816 0.55537717548308752
v 0.32625321357667869 0.78746673131133738 0.5279817209162424
v 0.27196590225328066 0.74926388513710951 0.60822951118361568
v 0.29036967911876704 0.76293129817183125 0.58217535460365777
v 0.35772210748017058 0.73634368788418514 0.57889946084045651
v 0.32428957142522369 0.75010559041353331 0.58092798080533103
v 0.33951059973876946 0.72340927131232491 0.60555895922558822
v 0.19533281694763907 0.68538100684874737 0.70526036667629788
v 0.21477947043534507 0.70262483554581201 0.68226496337250231
v 0.28257957865587346 0.67872929249358627 0.68173200892169272
v 0.24887138225205691 0.69109941882246528 0.68244783998013958
v 0.26323835765825992 0.66212333010015822 0.705392484531155
v 0.23405073571929197 0.71903648833059441 0.65841247193911245
v 0.25302303889475886 0.7345334029337256 0.63383180088411484
v 0.41386222464856459 0.62082448957915459 0.66973607855131956
v 0.38182957456390509 0.63647507044075213 0.67406631348091517
v 0.39465932937459158 0.60556464975655666 0.69482693159485864
v 0.35428187601881522 0.6953503641278016 0.62948588600885036
v 0.36834901645910129 0.66645367347483175 0.6522489364636298
v 0.3869852501726932 0.68068188279418818 0.62624822033459626
v 0.32979425491190639 0.6354723382320544 0.70190872000415883
v 0.34924533549623238 0.65135921617031012 0.67751508230598634
v 0.31629149049515137 0.6654093985983569 0.68004826561661536
v 0.28714996333326731 0.72244223247968298 0.63318061067848863
v 0.30194856967830569 0.69444354601835223 0.65716131371746123
v 0.32096614449299826 0.7093618052882148 0.63172353624477595
v 0.27133041835298233 0.49194538650437741 0.83041962161103511
v 0.31418664319590495 0.53247004532333209 0.78930208596210139
v 0.29299137270737385 0.51254254308735658 0.81036263681206511
v 0.25954920628842859 0.52649046688291856 0.81282298726026292
v 0.24741009813111939 0.56012263613874369 0.79391546122178158
v 0.37537086115274992 0.58841328667724402 0.71980030121794136
v 0.31006345124991791 0.61778261929578127 0.72626942315347454
v 0.34290483328431337 0.60351300454502144 0.7234932199740427
v 0.35551397714674149 0.57050183734414761 0.74389524331248857
v 0.33522165437525314 0.55191758841777971 0.76697625090614074
v 0.20878317483133668 0.65569619594666206 0.72921605569039594
v 0.23480026000381021 0.59313562094867345 0.77351231453916103
v 0.22196217330423865 0.62489459677179082 0.75200589035558041
v 0.2428037824687109 0.6439353601456288 0.72915740999245593
v 0.27642293573583054 0.63133671499501476 0.728199123750493
v 0.30214340973536302 0.56636396293616498 0.77018721395746848
v 0.28953353430017709 0.59937704541938408 0.74978400690943525
v 0.26860249189483576 0.58012439361993151 0.77237507164688679
v 0.85787523952859435 0.033150460640062614 0.51764651775825909
v 0.84229635954029125 0.053546276360302188 0.54100433146593896
v 0.8374915849651795 0.020552669304935291 0.55062796365680133
v 0.84880786640392292 0.11941418195214988 0.51990606773478798
v 0.84607017454792321 0.08656396061264221 0.53075266243574881
v 0.86503679641464903 0.09895549379925922 0.49693731729020763
v 0.80398339472803682 0.061222416428132642 0.59572379634794637
v 0.82568646702909698 0.073966136549270783 0.56373419401794655
v 0.80812895685003583 0.094273233222564867 0.58572592601826012
v 0.84929463869120125 0.24955904507838025 0.47063539534703963
v 0.85072959045786112 0.21747024222027397 0.483770813859555
v 0.86692386820198819 0.2288344003808663 0.44849426390149277
v 0.81422926377757621 0.19355029381887146 0.55193778842929819
v 0.83313649332479622 0.20568951525386883 0.51830759688883365
v 0.81416814598855103 0.2260462936161626 0.53954621144062009
v 0.86805782580950286 0.16428770660140507 0.4738497314070611
v 0.85113106698549024 0.18505810654774579 0.49637412785877527
v 0.85048254705650028 0.1525108718641188 0.50839678816885003
v 0.72560088782627041 0.14149199511723823 0.67715964954083852
v 0.74955479537158387 0.1549407800521487 0.64747507111395752
v 0.72829455727109949 0.17477688211925269 0.666417639726269
v 0.78942765477411214 0.11477687325413927 0.60718567906121779
v 0.76996772959300919 0.13489640539881703 0.62769916640018542
v 0.76662689605092338 0.10159994450009981 0.63796842326694547
v 0.77374717202206722 0.20106475784650099 0.60494872117676557
v 0.77233953604548866 0.16811492924268132 0.61667914017932879
v 0.79384454347409372 0.1809518438201593 0.58492095873149286
v 0.8315157467575085 0.14011935804363962 0.54221255383809874
v 0.81316265680916222 0.1606777418965149 0.56391929153021081
v 0.81113097208539942 0.12752087444326821 0.57519581211057924
v 0.80004149939964198 0.49464946720119612 0.34701069920342031
v 0.80969391571067328 0.46593430558212412 0.36393960622272764
v 0.82124381064521623 0.47307447172793987 0.32697102988347354
v 0.78290978717354331 0.44937350289354955 0.43619554020958995
v 0.79689563022429655 0.4580189827865751 0.40040852963321655
v 0.77441653541465338 0.47881236849798131 0.41973635229217782
v 0.83874553168085819 0.41469962365794383 0.36008489621974654
v 0.81837735583487292 0.43660460764041159 0.38049436841897183
v 0.82603434452273994 0.40683075572087479 0.39659419833039117
v 0.71516357714821932 0.40748213109373699 0.57240520248405047
v 0.73375493599820663 0.41897323557126254 0.53964278691610357
v 0.70902959939351107 0.43840101961670053 0.55699217376882737
v 0.78040665702239931 0.37857045099020037 0.50277204669752418
v 0.75758993087339477 0.39898837710490065 0.52154132599423353
v 0.76294470994238506 0.36777063478073585 0.53645996842499866
v 0.74401676050552124 0.46002427435379134 0.48987431844216522
v 0.75126516835979795 0.42979847675888361 0.50598798127888145
v 0.76760854241016407 0.43990043584125943 0.47160914790404407
v 0.86164035103770276 0.29228663619083201 0.42099227329658723
v 0.84299186617573396 0.31436822282425209 0.44230918035367328
v 0.84654836377503806 0.28290766490706604 0.45651816179058013
v 0.83277194563501999 0.37622887362765139 0.41238742344992796
v 0.83838777799186148 0.3455356555455647 0.42757626245157287
v 0.85223256274170145 0.35434071347351842 0.39147539198922149
v 0.80681460087137724 0.32617473631747251 0.49776483510072345
v 0.82322406636101597 0.33612993851339718 0.46306463618024879
v 0.80244210287065654 0.35743658305153514 0.48316219414896072
v 0.79035798876409613 0.41926169148667863 0.45243180577521408
v 0.79688450603416561 0.38855631509667615 0.46811260828327744
v 0.81211858853575325 0.39799377907724215 0.43266043887844352
v 0.52897216476230779 0.29244066062442892 0.79987648686989288
v 0.55531185649305825 0.30871754685744923 0.77553842416501739
v 0.52791640192621314 0.32646690777073872 0.78731835610730649
v 0.60816419219358642 0.27217959644734074 0.74911550993307874
v 0.58211003561362851 0.29058337331282713 0.76278292296780048
v 0.5825515259933185 0.25636302042906023 0.77461550513616984
v 0.57883414185042736 0.35793580167423067 0.73619531268015426
v 0.58086266181530177 0.32450326561928378 0.74995721520950254
v 0.60549364023555896 0.33972429393282955 0.72326089610829414
v 0.70519504768626862 0.19554651114169919 0.68523263164471659
v 0.68219964438247316 0.21499316462940518 0.70247646034178113
v 0.68110173226925308 0.18070763350997027 0.7131098947458987
v 0.68166668993166346 0.28279327284993355 0.6785809172895555
v 0.68238252099011032 0.24908507644611702 0.6909510436184344
v 0.70532716554112573 0.26345205185232007 0.66197495489612745
v 0.63334241507203881 0.21905916241118314 0.74564709072121937
v 0.65834715294908319 0.23426442991335211 0.71888811312656364
v 0.63376648189408558 0.25323673308881894 0.73438502772969483
v 0.6696707595612903 0.41407591884262479 0.62067611437512382
v 0.67400099449088602 0.38204326875796518 0.63632669523672147
v 0.69476161260482927 0.39487302356865173 0.605416274552526
v 0.62942056701882121 0.35449557021287531 0.69520198892377083
v 0.65218361747360054 0.36856271065316132 0.66630529827080087
v 0.626182901344567 0.38719894436675328 0.68053350759015729
v 0.70184340101412956 0.33000794910596648 0.63532396302802363
v 0.67744976331595697 0.34945902969029247 0.65121084096627935
v 0.67998294662658609 0.31650518468921146 0.66526102339432613
v 0.63311529168845937 0.2873636575273274 0.72229385727565221
v 0.65709599472743196 0.30216226387236578 0.69429517081432146
v 0.63165821725474669 0.32117983868705835 0.70921343008418403
v 0.83035430262100596 0.27154411254704242 0.49179701130034659
v 0.78923676697207212 0.31440033738996503 0.5323216701193012
v 0.81029731782203573 0.293205066901434 0.51239416788332581
v 0.81275766827023366 0.25976290048248862 0.52634209167888768
v 0.79385014223175232 0.24762379232517956 0.55997426093471292
v 0.71973498222791199 0.37558455534681007 0.58826491147321336
v 0.72620410416344527 0.310277145443978 0.6176342440917505
v 0.72342790098401344 0.3431185274783734 0.60336462934099078
v 0.74382992432245931 0.35572767134080158 0.57035346214011684
v 0.76691093191611148 0.33543534856931323 0.55176921321374894
v 0.72915073670036668 0.20899686902539683 0.65554782074263129
v 0.77344699554913177 0.2350139541978703 0.59298724574464257
v 0.75194057136555115 0.22217586749829876 0.62474622156776005
v 0.72909209100242667 0.24301747666277101 0.64378698494159792
v 0.72813380476046374 0.27663662992989063 0.63118833979098399
v 0.77012189496743921 0.30235710392942311 0.56621558773213421
v 0.74971868791940599 0.28974722849423717 0.59922867021535331
v 0.77230975265685753 0.26881618608889585 0.57997601841590074
v 0.36323695285730978 0.77593177032083316 0.52085604121853879
v 0.39429106645647627 0.72365963777143549 0.57108241452172226
v 0.3790559492186541 0.750344668461571 0.54643633739835595
v 0.39974819467991324 0.76313317946018489 0.51295558093848281
v 0.43555097651497238 0.74915966456034966 0.50432247767431204
v 0.44958093264772153 0.60570848681146416 0.66048234900344804
v 0.43674150727723277 0.63661663243380795 0.63971054095680469
v 0.48020663434481559 0.6651407914458608 0.57640777050465808
v 0.45890189128592834 0.65141997637770888 0.60853616369222885
v 0.49375374761286611 0.63520344281348584 0.59830594067150522
v 0.42323639515610162 0.66661377486975582 0.61786805317434335
v 0.40915846028010311 0.69550549466346334 0.59509280582044177
v 0.539195285394241 0.69993654958595919 0.47393684568764533
v 0.57197088605503399 0.68134963789869907 0.46245124450890057
v 0.47110959671146985 0.73379340261972981 0.49485376143280868
v 0.50550215872284321 0.71745681286446483 0.48475925161289274
v 0.53464107989490239 0.66047320387309505 0.53214884732985979
v 0.52048039155024806 0.68947758251730284 0.50890005728831511
v 0.50090038195625186 0.67793023082434034 0.54292458351474238
v 0.43049286834404871 0.70950660714970448 0.56262930717054171
v 0.46610672996529712 0.69422846430603335 0.55322517398198112
v 0.45118669694040153 0.72229609657961502 0.52914598914427824
v 0.52079072222850964 0.36345064705136981 0.77578339511680228
v 0.57101709553169311 0.39450476065053625 0.72351126256740461
v 0.54637101840832669 0.37926964341271424 0.75019629325754023
v 0.51289026194845355 0.39996188887397333 0.762984804256154
v 0.50425715868428289 0.43576467070903241 0.74901128935631889
v 0.66041703001341878 0.44979462684178162 0.60556011160743339
v 0.63964522196677553 0.43695520147129285 0.63646825722977718
v 0.57634245151462893 0.48042032853887562 0.66499241624183014
v 0.60847084470219959 0.45911558547998832 0.65127160117367811
v 0.59824062168147596 0.49396744180692614 0.63505506760945507
v 0.6178027341843142 0.42345008935016165 0.66646539966572504
v 0.59502748683041251 0.40937215447416314 0.69535711945943257
v 0.47387152669761601 0.53940897958830092 0.69978817438192853
v 0.46238592551887131 0.57218458024909402 0.68120126269466841
v 0.49478844244277942 0.47132329090552988 0.73364502741569915
v 0.48469393262286348 0.50571585291690324 0.71730843766043417
v 0.53208352833983052 0.53485477408896243 0.66032482866906428
v 0.50883473829828596 0.52069408574430809 0.68932920731327207
v 0.54285926452471311 0.50111407615031178 0.67778185562030968
v 0.56256398818051256 0.43070656253810868 0.70935823194567371
v 0.55315985499195186 0.46632042415935715 0.69408008910200258
v 0.52908067015424909 0.45140039113446151 0.72214772137558425
v 0.77571807612677313 0.52100441642256967 0.3633022718473391
v 0.72344594357737535 0.57123078972575303 0.39435638544650548
v 0.75013097426751096 0.54658471260238672 0.37912126820868342
v 0.76291948526612474 0.51310395614251358 0.39981351366994256
v 0.74894597036628963 0.50447085287834292 0.43561629550500164
v 0.60549479261740413 0.66063072420747881 0.44964625163775079
v 0.63640293823974792 0.63985891616083557 0.43680682626726203
v 0.66492709725180088 0.57655614570868896 0.48027195333484485
v 0.65120628218364884 0.60868453889625962 0.45896721027595755
v 0.63498974861942581 0.59845431587553599 0.49381906660289532
v 0.66640008067569578 0.61801642837837423 0.42330171414613083
v 0.69529180046940342 0.59524118102447265 0.40922377927013237
v 0.69972285539189927 0.47408522089167615 0.53926060438427026
v 0.68113594370463915 0.4625996197129314 0.57203620504506314
v 0.73357970842566989 0.49500213663683951 0.47117491570149911
v 0.71724311867040491 0.48490762681692362 0.50556747771287247
v 0.66025950967903502 0.53229722253389056 0.53470639888493154
v 0.68926388832324292 0.50904843249234588 0.52054571054027721
v 0.67771653663028042 0.54307295871877315 0.50096570094628101
v 0.70929291295564456 0.5627776823745726 0.43055818733407791
v 0.69401477011197332 0.55337354918601189 0.46617204895532638
v 0.7220824023855551 0.52929436434830923 0.45125201593043079
v 0.48526854250220164 0.58797798380626276 0.65117546401852633
v 0.55427143785338395 0.54968058195656722 0.62916417844870332
v 0.52024399334314486 0.56926055257550967 0.64071200945613249
v 0.50743894628272357 0.60278460100723463 0.61999300808482893
v 0.52874621788665177 0.61650647539978931 0.58786350497221318
v 0.65111014502849707 0.48548223669626178 0.58782960860223188
v 0.62909885945867394 0.55448513204744387 0.54953220675253645
v 0.64064669046610323 0.52045768753720489 0.5691121773714789
v 0.61992768909479967 0.50765264047678349 0.60263622580320397
v 0.58779818598218392 0.52895991208071169 0.61635810019575865
v 0.58776428961220273 0.6513238392225571 0.48533386149223096
v 0.54946688776250718 0.62931255365273397 0.5543367568434131
v 0.56904685838144964 0.64086038466016326 0.52030931233317401
v 0.6025709068131746 0.62014138328885959 0.50750426527275261
v 0.61629278120572928 0.58801188017624395 0.52881153687668092
v 0.57595875296779997 0.56336631323269049 0.59674483191970906
v 0.5966795129296798 0.57617244716186 0.56321793802865971
v 0.56315261903863045 0.59689320712373972 0.57602407195782923
v -0.033033641359342149 0.48777544505118797 0.87535064043712285
v -4.4679452539747209e-05 0.49741123839887502 0.870538349853751
v -0.098883194512458306 0.46662913401166145 0.88189184217039851
v -0.066037516520471864 0.47748762335085548 0.87914679902368675
v -4.4679452539747209e-05 0.43603229080762612 0.90283519277580493
v -0.033055984938274177 0.4571039158320292 0.89174462308705826
v -0.033063336228986211 0.42595022445777442 0.90703279089998368
v -0.22895835761521413 0.41717598459343996 0.88249139146467548
v -0.19687368599960733 0.43032221883923483 0.88391965874055523
v -0.13215933270898378 0.3916880548581726 0.91342606572185492
v -0.16463792016524875 0.41130701487101134 0.89942350973703922
v -0.16462605085306889 0.37921981750615424 0.9134123266429639
v -0.16447412348681548 0.44295844979799082 0.88430079146838525
v -0.13193112367356535 0.45499219714265021 0.88364541937518748
v -4.4679452539747209e-05 0.30731965872980566 0.95433159245564547
v -0.033169428745204697 0.32914742375295747 0.9464491209086805
v -0.03317611323598469 0.29617590317333825 0.95727355442380313
v -0.03314223278119767 0.39393730486026207 0.92137941798516687
v -0.03314908494540536 0.36179511240550949 0.93446249261731396
v -4.4679452539747209e-05 0.37256717685251245 0.93081090690083734
v -0.099223541116923442 0.33879884353967044 0.93839386241262557
v -0.066266376874753535 0.35051005759170367 0.9369980957482269
v -0.099176162406789226 0.37130333455469017 0.92602451572056688
v -0.099137231950837013 0.43539384401249087 0.89769035997335467
v -0.099244528325309583 0.40355893957924721 0.91242782467196126
v -0.066153973678356584 0.41500906934038184 0.91028884357372597
v -0.47383296527550323 0.29298627885166173 0.83358744730874834
v -0.44512021869668761 0.30992150852844474 0.84323595600256052
v -0.38731752999021313 0.27420478316029601 0.88318260080254152
v -0.41652723861972801 0.29225562236847874 0.863894822805228
v -0.41673910738702269 0.25770033412772447 0.87471732195118879
v -0.41579794409185122 0.32649570527294031 0.85190738491538465
v -0.38602661657552068 0.34260214415775525 0.85956028903306259
v -0.2643871369469355 0.19825153340434012 0.94656028156416894
v -0.29580988937053432 0.21767084961101021 0.93290155658561258
v -0.29521205419748625 0.18259248470397466 0.94057835252219046
v -0.29597489474698924 0.28700796234967713 0.91391321461007591
v -0.2960579481792775 0.25253985380693 0.92399900361811582
v -0.26499766063106878 0.26787071819283909 0.9290990155079184
v -0.35707618978536787 0.2208266231819174 0.91045440068038619
v -0.32680605565332443 0.23682421145746854 0.91777454655869228
v -0.35721850924185511 0.25561894302806287 0.90125485016978168
v -0.29360552748081553 0.3884256274630804 0.87645075320593102
v -0.26214792895348005 0.40264235668320175 0.88000246241187108
v -0.35545459458749029 0.35847354404759479 0.86624957548023274
v -0.32476422768202806 0.37366984752655036 0.87186079453638798
v -0.26424998037856551 0.33611760852420619 0.90687510099202817
v -0.29472481130265232 0.35513849505058864 0.89008310976297178
v -0.29549148994775543 0.32146172418357161 0.90253550921530645
v -0.35714005091684059 0.29026912854305659 0.89073705490945632
v -0.32647528309515061 0.30605624566319667 0.89719786613576147
v -0.35654402692834752 0.32461746814396136 0.87904983660438141
v -4.4679452539747209e-05 0.034847759204595673 1.0019429407387563
v -0.033521400754397655 0.055539449310829436 1.0004527147272351
v -0.033525308371616817 0.020861181378232643 1.0017700067392057
v -0.033505304972833092 0.12473199182860162 0.99421144830659658
v -0.033509389543022287 0.090228385051695809 0.99792861924296916
v -4.4679452539747209e-05 0.10403926573623745 0.99714745389977111
v -0.10028014699904597 0.062117940563498224 0.99559388877493948
v -0.066978553043441857 0.076222653959483827 0.99741053997251916
v -0.10025217409150879 0.096788636222311569 0.99283180976326157
v -0.033433459099343546 0.26128904059443225 0.96736361617723809
v -0.03343824749270756 0.22763340566981932 0.97582581140077795
v -4.4679452539747209e-05 0.24060202973216813 0.97328467270859365
v -0.10007276680716048 0.20068631124457839 0.97717881941690832
v -0.06683840386446642 0.21429694967968294 0.97712797183025202
v -0.10003986058316143 0.23463017319395457 0.96959778545718067
v -4.4679452539747209e-05 0.17273361952358954 0.98757943279406601
v -0.033452377007037008 0.19362922248377196 0.98313202016860068
v -0.033456990307723249 0.15946808030666018 0.98924171601906508
v -0.23152811359118983 0.14323364487175383 0.96490345329626614
v -0.19912598104991638 0.15791690810368955 0.96983152339890988
v -0.23137606487846013 0.17784956886095007 0.95916938908925431
v -0.13362566822212812 0.11743096763671984 0.98665971579816569
v -0.16648873866140487 0.1377426605712713 0.97901031266441452
v -0.16641700063737558 0.10299276402096309 0.98327973066742413
v -0.16613366602804375 0.20676940926458351 0.96686170118268777
v -0.16638843320723151 0.17239968624949217 0.97352835103272406
v -0.13348591805018711 0.1865842519538638 0.97597848091106487
v -0.066910608531138616 0.14561417129666721 0.9896799581542961
v -0.10029272056410635 0.16626773435646292 0.9835919173600719
v -0.10035842660787056 0.13156935703370692 0.98881890770907666
v -0.23031095711832503 0.38432109814114035 0.89693508983453551
v -0.23201402463918766 0.31710539234657026 0.9224047614770664
v -0.23133850985511648 0.35089930798571534 0.91026365015636956
v -0.19806955709630472 0.36530071103082273 0.91244373501515541
v -0.16558998080509579 0.34568084336501442 0.92644777776440801
v -0.23206424345152499 0.21299774607195457 0.95181986521692652
v -0.16654384128901803 0.2418094577153222 0.95863361586795437
v -0.19938999088670181 0.22755232460729458 0.95584969860907876
v -0.23240115808757578 0.24795434794574045 0.94324055474665058
v -0.23240887216701972 0.28251628546798851 0.93347541274261903
v -0.066560147676040071 0.28311753222050101 0.95948233335618116
v -0.13257699599516615 0.32527769668239387 0.93905761589171721
v -0.099665427207432183 0.30448361412614006 0.95003076799934538
v -0.09994569279684419 0.26969408116610605 0.96045124039503249
v -0.13314735496750474 0.25600243013496177 0.96016846893714092
v -0.19941706500123421 0.2971889562314815 0.93654651702294389
v -0.16640398251801505 0.27678574918344823 0.94915639245812966
v -0.16607776232673468 0.31147722227255609 0.93840815452108184
v -0.83758094387025894 -0.020214639821894562 0.55062796365680133
v -0.82199741873339116 0.00016901474152036425 0.5739932933727413
v -0.78781166360440424 -0.040509894812366713 0.61874458279470657
v -0.8053737171309866 -0.020214692777305907 0.59674549950368094
v -0.80407275363311626 -0.06088438694509192 0.59572379634794637
v -0.8053737171309866 0.020552722260346636 0.59674549950368094
v -0.78781166360440424 0.040847924295407435 0.61874458279470657
v -0.70790756400199339 -0.12083106667858148 0.69954907350971396
v -0.72917193334497743 -0.10100578034475699 0.68059982040662237
v -0.72569024673134985 -0.14115396563419749 0.67715964954083852
v -0.73266727655826613 -0.020215705561962016 0.68405244168574231
v -0.73150163515092859 -0.060627942537787353 0.68290083760154252
v -0.71254062345303359 -0.04025195922496342 0.70412758284114929
v -0.76671625495600282 -0.10126191501705907 0.63796842326694547
v -0.74959744072613876 -0.080994322650961029 0.66080357189305095
v -0.76906160077761887 -0.060885877540867793 0.64028323238987561
v -0.72917193334497743 0.10134380982779773 0.68059982040662237
v -0.70790756400199339 0.12116909616162222 0.69954907350971396
v -0.76906160077761887 0.061223907023908515 0.64028323238987561
v -0.74959744072613876 0.081332352134001765 0.66080357189305095
v -0.71254062345303359 0.040589988708004142 0.70412758284114929
v -0.73150163515092859 0.060965972020828076 0.68290083760154252
v -0.73266727655826613 0.020553735045002745 0.68405244168574231
v -0.77036254018665706 -0.020215759930588686 0.64130510633639592
v -0.75194313743201691 0.00016901474152036425 0.66311914040298059
v -0.77036254018665706 0.020553789413629415 0.64130510633639592
v -0.50731359419458022 -0.27195608273190869 0.8207989850263836
v -0.53471146380168177 -0.25421304447609488 0.80901514546687525
v -0.52906152366738723 -0.29210263114138818 0.79987648686989288
v -0.54365136152628279 -0.17724713219646401 0.82346839074726308
v -0.53958461184251472 -0.21586395366747452 0.81689108880040462
v -0.51697457493352894 -0.19541337882270585 0.83643078022666051
v -0.58264088489839794 -0.25602499094601949 0.77461550513616984
v -0.56151706625912812 -0.2360983054797241 0.79624763305828317
v -0.58757374724229261 -0.21770113758763321 0.78257613545337201
v -0.55188031265208792 -0.020232949801869717 0.83674765997844625
v -0.55105134248421805 -0.059584926765800274 0.83540799683409805
v -0.52669548833613644 -0.03918982509070041 0.85215954851377385
v -0.5976010845774351 -0.10025469565429297 0.79870226199197358
v -0.57473302858439401 -0.079971152815917421 0.81755459472097103
v -0.59928412105852258 -0.060932294186735243 0.80141294960352771
v -0.52344851097020373 -0.11766484441943395 0.8469058287749931
v -0.54940489056210151 -0.098912536144676946 0.83274935747966594
v -0.54695233461347714 -0.13801896064982261 0.82878297769335918
v -0.68119109117433252 -0.18036960402692953 0.7131098947458987
v -0.66165064323309652 -0.16062320705174069 0.73587002838194904
v -0.68464900592674272 -0.14118430134724916 0.71862141129152035
v -0.61320589704798423 -0.19883644899941422 0.76779733858487831
v -0.63778941927960664 -0.17987161030125806 0.75229581068106099
v -0.63343177397711825 -0.21872113292814241 0.74564709072121937
v -0.64361610379627876 -0.10131842058873128 0.76197013602674912
v -0.64119108797342539 -0.14067253062938539 0.75774476803036128
v -0.61993529102194367 -0.12060639819747289 0.77860900464417626
v -0.56975027087896868 -0.1585307567678293 0.80952717723951473
v -0.59522865691996629 -0.13961949656521339 0.79454321192588817
v -0.5918792337336245 -0.17883428210577379 0.78915978635425099
v -0.53471146380168177 0.25455107395913562 0.80901514546687525
v -0.50731359419458022 0.27229411221494942 0.8207989850263836
v -0.58757374724229261 0.21803916707067394 0.78257613545337201
v -0.56151706625912812 0.23643633496276484 0.79624763305828317
v -0.51697457493352894 0.19575140830574658 0.83643078022666051
v -0.53958461184251472 0.21620198315051525 0.81689108880040462
v -0.54365136152628279 0.17758516167950475 0.82346839074726308
v -0.68464900592674272 0.14152233083028989 0.71862141129152035
v -0.66165064323309652 0.16096123653478142 0.73587002838194904
v -0.61993529102194367 0.12094442768051362 0.77860900464417626
v -0.64119108797342539 0.14101056011242613 0.75774476803036128
v -0.64361610379627876 0.10165645007177201 0.76197013602674912
v -0.63778941927960664 0.1802096397842988 0.75229581068106099
v -0.61320589704798423 0.19917447848245495 0.76779733858487831
v -0.52669548833613644 0.039527854573741132 0.85215954851377385
v -0.55105134248421805 0.059922956248840996 0.83540799683409805
v -0.55188031265208792 0.020570979284910446 0.83674765997844625
v -0.54695233461347714 0.13835699013286334 0.82878297769335918
v -0.54940489056210151 0.099250565627717682 0.83274935747966594
v -0.52344851097020373 0.11800287390247469 0.8469058287749931
v -0.59928412105852258 0.061270323669775965 0.80141294960352771
v -0.57473302858439401 0.080309182298958157 0.81755459472097103
v -0.5976010845774351 0.10059272513733371 0.79870226199197358
v -0.5918792337336245 0.17917231158881453 0.78915978635425099
v -0.59522865691996629 0.13995752604825412 0.79454321192588817
v -0.56975027087896868 0.15886878625087003 0.80952717723951473
v -0.68813127546570929 -0.1010345511791189 0.7220632889661317
v -0.64596118620374632 -0.060933947470088061 0.7642910153059489
v -0.66743922815016921 -0.08103621207808881 0.74368799828590237
v -0.69046092217342736 -0.060648082163162274 0.72436696932265254
v -0.69162687822310831 -0.020234131941100165 0.7255195622872691
v -0.57642836452668722 0.00016901474152036425 0.82028447547219852
v -0.62339132195521174 0.040875842494186694 0.78413340592822889
v -0.60031508192484773 0.020571038079966207 0.80270994077515279
v -0.60031508192484773 -0.020233008596925478 0.80270994077515279
v -0.62339132195521174 -0.040537813011145972 0.78413340592822889
v -0.68813127546570929 0.10137258066215964 0.7220632889661317
v -0.69162687822310831 0.020572161424140895 0.7255195622872691
v -0.69046092217342736 0.060986111646202996 0.72436696932265254
v -0.66743922815016921 0.081374241561129546 0.74368799828590237
v -0.64596118620374632 0.061271976953128783 0.7642910153059489
v -0.64699234318527721 -0.02023419230651282 0.76558797328082862
v -0.64699234318527721 0.020572221789553549 0.76558797328082862
v -0.66978502308875654 0.00016901474152036425 0.74600910129009557
v -4.4679452539747209e-05 -0.49707320891583429 0.870538349853751
v -0.033033641359342149 -0.48743741556814724 0.87535064043712285
v -0.033026125351082 -0.51745686347924924 0.85794055851862361
v -0.033063336228986211 -0.42561219497473368 0.90703279089998368
v -0.033055984938274177 -0.45676588634898846 0.89174462308705826
v -4.4679452539747209e-05 -0.43569426132458539 0.90283519277580493
v -0.098831158510278599 -0.49674766301119766 0.8651021154046783
v -0.066037516520471864 -0.47714959386781475 0.87914679902368675
v -0.098883194512458306 -0.46629110452862071 0.88189184217039851
v -0.03317611323598469 -0.29583787369029751 0.95727355442380313
v -0.033169428745204697 -0.32880939426991673 0.9464491209086805
v -4.4679452539747209e-05 -0.30698162924676492 0.95433159245564547
v -0.099176162406789226 -0.37096530507164943 0.92602451572056688
v -0.066266376874753535 -0.35017202810866294 0.9369980957482269
v -0.099223541116923442 -0.3384608140566297 0.93839386241262557
v -4.4679452539747209e-05 -0.37222914736947171 0.93081090690083734
v -0.03314908494540536 -0.36145708292246875 0.93446249261731396
v -0.03314223278119767 -0.39359927537722134 0.92137941798516687
v -0.22871006509188568 -0.44830460962248281 0.86698918719201745
v -0.19687368599960733 -0.42998418935619409 0.88391965874055523
v -0.22895835761521413 -0.41683795511039923 0.88249139146467548
v -0.13193112367356535 -0.45465416765960948 0.88364541937518748
v -0.16447412348681548 -0.44262042031495008 0.88430079146838525
v -0.16416337131242445 -0.47366007712805114 0.86812314479953212
v -0.16462605085306889 -0.37888178802311351 0.9134123266429639
v -0.16463792016524875 -0.41096898538797061 0.89942350973703922
v -0.13215933270898378 -0.39135002537513186 0.91342606572185492
v -0.066153973678356584 -0.41467103985734111 0.91028884357372597
v -0.099244528325309583 -0.40322091009620648 0.91242782467196126
v -0.099137231950837013 -0.43505581452945014 0.89769035997335467
v -0.033525308371616817 -0.020523151895191914 1.0017700067392057
v -0.033521400754397655 -0.055201419827788714 1.0004527147272351
v -4.4679452539747209e-05 -0.034509729721554951 1.0019429407387563
v -0.10025217409150879 -0.096450606739270833 0.99283180976326157
v -0.066978553043441857 -0.075884624476443091 0.99741053997251916
v -0.10028014699904597 -0.061779911080457502 0.99559388877493948
v -4.4679452539747209e-05 -0.10370123625319672 0.99714745389977111
v -0.033509389543022287 -0.089890355568655073 0.99792861924296916
v -0.033505304972833092 -0.12439396234556088 0.99421144830659658
v -0.23137606487846013 -0.17751153937790934 0.95916938908925431
v -0.19912598104991638 -0.15757887862064882 0.96983152339890988
v -0.23152811359118983 -0.14289561538871309 0.96490345329626614
v -0.13348591805018711 -0.18624622247082306 0.97597848091106487
v -0.16638843320723151 -0.17206165676645144 0.97352835103272406
v -0.16613366602804375 -0.20643137978154277 0.96686170118268777
v -0.16641700063737558 -0.10265473453792236 0.98327973066742413
v -0.16648873866140487 -0.13740463108823056 0.97901031266441452
v -0.13362566822212812 -0.1170929381536791 0.98665971579816569
v -4.4679452539747209e-05 -0.24026400024912739 0.97328467270859365
v -0.03343824749270756 -0.22729537618677859 0.97582581140077795
v -0.033433459099343546 -0.26095101111139152 0.96736361617723809
v -0.033456990307723249 -0.15913005082361945 0.98924171601906508
v -0.033452377007037008 -0.19329119300073122 0.98313202016860068
v -4.4679452539747209e-05 -0.1723955900405488 0.98757943279406601
v -0.10003986058316143 -0.23429214371091384 0.96959778545718067
v -0.06683840386446642 -0.2139589201966422 0.97712797183025202
v -0.10007276680716048 -0.20034828176153766 0.97717881941690832
v -0.10035842660787056 -0.13123132755066619 0.98881890770907666
v -0.10029272056410635 -0.16592970487342218 0.9835919173600719
v -0.066910608531138616 -0.14527614181362647 0.9896799581542961
v -0.47295013643895922 -0.32678137560446358 0.82130912963524549
v -0.44512021869668761 -0.30958347904540401 0.84323595600256052
v -0.47383296527550323 -0.29264824936862099 0.83358744730874834
v -0.38602661657552068 -0.34226411467471451 0.85956028903306259
v -0.41579794409185122 -0.32615767578989957 0.85190738491538465
v -0.41457528836896318 -0.35989524194073658 0.83881085067088745
v -0.41673910738702269 -0.25736230464468374 0.87471732195118879
v -0.41652723861972801 -0.291917592885438 0.863894822805228
v -0.38731752999021313 -0.27386675367725527 0.88318260080254152
v -0.26214792895348005 -0.40230432720016102 0.88000246241187108
v -0.29360552748081553 -0.38808759798003967 0.87645075320593102
v -0.29216230090185136 -0.42080261901757726 0.86170567002773202
v -0.29549148994775543 -0.32112369470053087 0.90253550921530645
v -0.29472481130265232 -0.35480046556754791 0.89008310976297178
v -0.26424998037856551 -0.33577957904116545 0.90687510099202817
v -0.35421637818453777 -0.39128573771021152 0.85229788173173071
v -0.32476422768202806 -0.37333181804350962 0.87186079453638798
v -0.35545459458749029 -0.35813551456455406 0.86624957548023274
v -0.29521205419748625 -0.18225445522093392 0.94057835252219046
v -0.29580988937053432 -0.21733282012796948 0.93290155658561258
v -0.2643871369469355 -0.19791350392129939 0.94656028156416894
v -0.35721850924185511 -0.25528091354502214 0.90125485016978168
v -0.32680605565332443 -0.23648618197442781 0.91777454655869228
v -0.35707618978536787 -0.22048859369887666 0.91045440068038619
v -0.26499766063106878 -0.26753268870979835 0.9290990155079184
v -0.2960579481792775 -0.25220182432388927 0.92399900361811582
v -0.29597489474698924 -0.28666993286663639 0.91391321461007591
v -0.35654402692834752 -0.32427943866092063 0.87904983660438141
v -0.32647528309515061 -0.30571821618015593 0.89719786613576147
v -0.35714005091684059 -0.28993109906001585 0.89073705490945632
v -0.066560147676040071 -0.28277950273746028 0.95948233335618116
v -0.13314735496750474 -0.25566440065192103 0.96016846893714092
v -0.09994569279684419 -0.26935605168306531 0.96045124039503249
v -0.099665427207432183 -0.30414558464309932 0.95003076799934538
v -0.13257699599516615 -0.32493966719935313 0.93905761589171721
v -0.23206424345152499 -0.21265971658891383 0.95181986521692652
v -0.23240887216701972 -0.28217825598494778 0.93347541274261903
v -0.23240115808757578 -0.24761631846269971 0.94324055474665058
v -0.19938999088670181 -0.22721429512425384 0.95584969860907876
v -0.16654384128901803 -0.24147142823228146 0.95863361586795437
v -0.23031095711832503 -0.38398306865809961 0.89693508983453551
v -0.16558998080509579 -0.34534281388197369 0.92644777776440801
v -0.19806955709630472 -0.364962681547782 0.91244373501515541
v -0.23133850985511648 -0.3505612785026746 0.91026365015636956
v -0.23201402463918766 -0.31676736286352952 0.9224047614770664
v -0.16640398251801505 -0.27644771970040749 0.94915639245812966
v -0.19941706500123421 -0.29685092674844077 0.93654651702294389
v -0.16607776232673468 -0.31113919278951535 0.93840815452108184
v -0.47949242960683219 0.25509636863978391 0.84275002200163129
v -0.48844638508536092 0.17809788957611697 0.85725806429041218
v -0.48437097644546179 0.21671748159931861 0.85065905420299137
v -0.4508902199855887 0.23740972706057778 0.86344756520160526
v -0.42168644823795048 0.2193577996346131 0.88275809107932646
v -0.49667860812874515 0.020887928432740725 0.8706390292267211
v -0.49584471736228075 0.060246648166644032 0.86928694702485165
v -0.43171358662666409 0.10154309985717189 0.89915142113048951
v -0.46411840921407799 0.080962058362563663 0.88498333389790163
v -0.43340487230940122 0.062187902739079412 0.90190949840014745
v -0.49419595640280178 0.099609399227611181 0.86660995310168365
v -0.49173739409337625 0.13872123633677771 0.86262858595470226
v -0.33007102209312106 0.16270042628365231 0.93260686417700289
v -0.29864750363419756 0.14327788184005319 0.94628018031395622
v -0.39149834970574299 0.20067237276814442 0.90091649391096873
v -0.36108715484135101 0.18187516279435281 0.91745299109639278
v -0.36724777896775557 0.10307523502111571 0.92717925945975677
v -0.36448230281016419 0.14254055862688336 0.92304094003749571
v -0.39823039963674822 0.12223684746860818 0.91194086050896916
v -0.45913324965516994 0.15968742894656299 0.87685726810679732
v -0.42899700949645231 0.14102392986154186 0.8951243789992388
v -0.42564993162890646 0.18038125754291584 0.88964675753670808
v -0.47949242960683219 -0.25475833915674317 0.84275002200163129
v -0.42168644823795048 -0.21901977015157237 0.88275809107932646
v -0.4508902199855887 -0.23707169757753704 0.86344756520160526
v -0.48437097644546179 -0.21637945211627788 0.85065905420299137
v -0.48844638508536092 -0.17775986009307623 0.85725806429041218
v -0.29864750363419756 -0.14293985235701245 0.94628018031395622
v -0.33007102209312106 -0.16236239680061157 0.93260686417700289
v -0.39823039963674822 -0.12189881798556744 0.91194086050896916
v -0.36448230281016419 -0.14220252914384263 0.92304094003749571
v -0.36724777896775557 -0.10273720553807497 0.92717925945975677
v -0.36108715484135101 -0.18153713331131208 0.91745299109639278
v -0.39149834970574299 -0.20033434328510369 0.90091649391096873
v -0.49584471736228075 -0.05990861868360331 0.86928694702485165
v -0.49667860812874515 -0.020549898949699996 0.8706390292267211
v -0.49173739409337625 -0.13838320685373698 0.86262858595470226
v -0.49419595640280178 -0.099271369744570445 0.86660995310168365
v -0.43340487230940122 -0.06184987325603869 0.90190949840014745
v -0.46411840921407799 -0.080624028879522927 0.88498333389790163
v -0.43171358662666409 -0.10120507037413115 0.89915142113048951
v -0.42564993162890646 -0.1800432280598751 0.88964675753670808
v -0.42899700949645231 -0.14068590037850112 0.8951243789992388
v -0.45913324965516994 -0.15934939946352225 0.87685726810679732
v -0.067011306337368848 0.00016901474152036425 1.0003037913728312
v -0.13379148117554737 0.041428924800016462 0.99272418330713308
v -0.10050744039799094 0.020861260202779522 0.99728187793140477
v -0.10050744039799094 -0.020523230719738793 0.99728187793140477
v -0.13379148117554737 -0.04109089531697574 0.99272418330713308
v -0.26512359707182748 0.12255896814883281 0.959085173185106
v -0.23286336924761425 0.10262279285852861 0.96973688359738608
v -0.23420368434119923 0.020862762352956643 0.97459349068886658
v -0.23375641217676332 0.061747515005840074 0.97297378704985327
v -0.2668991102432321 0.041056347023556643 0.96550904018672112
v -0.20018923288849833 0.082434778308261999 0.97891052856315475
v -0.16731614594780944 0.062120151172887036 0.98654647607364498
v -0.23286336924761425 -0.10228476337548788 0.96973688359738608
v -0.26512359707182748 -0.12222093866579208 0.959085173185106
v -0.16731614594780944 -0.061782121689846314 0.98654647607364498
v -0.20018923288849833 -0.082096748825221263 0.97891052856315475
v -0.2668991102432321 -0.040718317540515921 0.96550904018672112
v -0.23375641217676332 -0.061409485522799352 0.97297378704985327
v -0.23420368434119923 -0.020524732869915914 0.97459349068886658
v -0.16754371561366346 0.020862843337873218 0.98823455934690851
v -0.20108896934977605 0.00016901474152036425 0.98217750402589366
v -0.16754371561366346 -0.020524813854832489 0.98823455934690851
v -0.46582634833658715 0.00016901474152036425 0.88776967495998371
v -0.40168284855500647 -0.041131658734969691 0.917643627726203
v -0.43408950601392177 -0.020549986629783253 0.90347330818120608
v -0.43408950601392177 0.020888016112823982 0.90347330818120608
v -0.40168284855500647 0.041469688218010413 0.917643627726203
v -0.29998474581029161 -0.10232673236848064 0.95111553037627816
v -0.30133020698298429 -0.020551655134334986 0.95597492594587996
v -0.30088176183054199 -0.061438897357205847 0.954354138894556
v -0.3344058102622669 -0.082157898728509454 0.94154909183413471
v -0.36815610042620656 -0.061852328610825048 0.93044970597914778
v -0.29998474581029161 0.10266476185152137 0.95111553037627816
v -0.36815610042620656 0.06219035809386577 0.93044970597914778
v -0.3344058102622669 0.08249592821155019 0.94154909183413471
v -0.30088176183054199 0.06177692684024657 0.954354138894556
v -0.30133020698298429 0.020889684617375715 0.95597492594587996
v -0.36884051225408254 -0.020551745220359345 0.93201377083020243
v -0.33531361836303319 0.00016901474152036425 0.94481990475937205
v -0.36884051225408254 0.020889774703400074 0.93201377083020243
v -0.87537468035217292 -0.032819947165282033 0.48762706984715715
v -0.85796459843367379 -0.032812431157021892 0.51764651775825909
v -0.90705683081503385 -0.032849642034926095 0.42580184925374359
v -0.89176866300210844 -0.032842290744214062 0.45695554062799842
v -0.86512615531972847 -0.098617464316218484 0.49693731729020763
v -0.87917083893873704 -0.065823822326411749 0.47733924814682477
v -0.88191588208544869 -0.09866950031839819 0.46648075880763062
v -0.95729759433885331 -0.032962419041924582 0.29602752796930748
v -0.94647316082373079 -0.032955734551144596 0.32899904854892675
v -0.92604855563561705 -0.09896246821272911 0.3711549593506594
v -0.93702213566327708 -0.06605268268069342 0.3503616823876729
v -0.93841790232767575 -0.099009846922863326 0.33865046833563966
v -0.93448653253236402 -0.032935390751345245 0.36164673720147866
v -0.92140345790021705 -0.032928538587137561 0.3937889296562313
v -0.86701322710706763 -0.22849637089782557 0.44849426390149277
v -0.8839436986556054 -0.19665999180554722 0.43017384363520406
v -0.88251543137972566 -0.22874466342115402 0.41702760938940919
v -0.88366945929023766 -0.13171742947950524 0.45484382193861944
v -0.88432483138343543 -0.16426042929275536 0.44281007459396005
v -0.8681471847145823 -0.16394967711836433 0.4738497314070611
v -0.91343636655801408 -0.16441235665900877 0.37907144230212347
v -0.89944754965208951 -0.16442422597118866 0.41115863966698063
v -0.91345010563690499 -0.13194563851492366 0.39153967965414177
v -0.91031288348877615 -0.065940279484296468 0.41486069413635102
v -0.91245186458701144 -0.099030834131249468 0.40341056437521644
v -0.89771439988840485 -0.098923537756776897 0.4352454688084601
v -1.0017940466542559 -0.033311614177556709 0.020712806174201851
v -1.0004767546422852 -0.033307706560337547 0.055391074106798645
v -0.99285584967831175 -0.10003847989744868 0.096640261018280771
v -0.99743457988756934 -0.066764858849381728 0.076074278755453029
v -0.99561792868998966 -0.10006645280498586 0.061969565359467432
v -0.99795265915801934 -0.033295695348962179 0.090080009847665024
v -0.99423548822164676 -0.033291610778772983 0.12458361662457082
v -0.95919342900430449 -0.23116237068440001 0.17770119365691928
v -0.96985556331396006 -0.19891228685585627 0.15776853289965875
v -0.96492749321131632 -0.23131441939712971 0.14308526966772303
v -0.97600252082611505 -0.133272223856127 0.186435876749833
v -0.97355239094777424 -0.1661747390131714 0.17225131104546137
v -0.96688574109773795 -0.16591997183398363 0.20662103406055271
v -0.98330377058247431 -0.16620330644331546 0.10284438881693229
v -0.9790343525794647 -0.16627504446734476 0.1375942853672405
v -0.98668375571321587 -0.13341197402806801 0.11728259243268904
v -0.97584985131582813 -0.033224553298647458 0.22748503046578855
v -0.96738765609228827 -0.033219764905283437 0.26114066539040148
v -0.98926575593411525 -0.03324329611366314 0.15931970510262938
v -0.98315606008365086 -0.0332386828129769 0.19348084727974116
v -0.96962182537223085 -0.099826166389101301 0.23448179798992375
v -0.9771520117453022 -0.066624709670406304 0.21414857447565216
v -0.9772028593319585 -0.099859072613100369 0.20053793604054759
v -0.98884294762412683 -0.10014473241381044 0.13142098182967613
v -0.98361595727512208 -0.10007902637004623 0.16611935915243212
v -0.98970399806934628 -0.066696914337078486 0.14546579609263641
v -0.82133316955029567 -0.47273644224489914 0.32697102988347354
v -0.84325999591761058 -0.44490652450262747 0.30977313332441392
v -0.83361148722379852 -0.47361927108144314 0.29283790364763096
v -0.85958432894811276 -0.38581292238146059 0.34245376895372448
v -0.85193142483043482 -0.41558424989779114 0.32634733006890954
v -0.83883489058593763 -0.41436159417490309 0.36008489621974654
v -0.87474136186623896 -0.4165254131929626 0.2575519589236937
v -0.86391886272027818 -0.41631354442566793 0.29210724716444797
v -0.8832066407175917 -0.38710383579615304 0.27405640795626524
v -0.88002650232692126 -0.26193423475941996 0.40249398147917098
v -0.8764747931209812 -0.29339183328675544 0.38827725225904963
v -0.8617297099427822 -0.29194860670779127 0.42099227329658723
v -0.90255954913035663 -0.29527779575369534 0.32131334897954084
v -0.89010714967802196 -0.29451111710859224 0.35499011984655787
v -0.90689914090707846 -0.26403628618450548 0.33596923332017548
v -0.85232192164678089 -0.35400268399047768 0.39147539198922149
v -0.87188483445143816 -0.32455053348796797 0.37352147232251959
v -0.86627361539528291 -0.3552409003934302 0.35832516884356402
v -0.94060239243724064 -0.29499836000342616 0.18244410949994386
v -0.93292559650066276 -0.29559619517647423 0.21752247440697942
v -0.94658432147921912 -0.26417344275287541 0.19810315820030933
v -0.90127889008483186 -0.35700481504779502 0.2554705678240321
v -0.91779858647374246 -0.32659236145926435 0.23667583625343774
v -0.91047844059543637 -0.35686249559130778 0.2206782479778866
v -0.92912305542296858 -0.26478396643700869 0.26772234298880832
v -0.924023043533166 -0.29584425398521741 0.25239147860289923
v -0.9139372545251262 -0.2957612005529292 0.28685958714564636
v -0.8790738765194317 -0.35633033273428749 0.32446909293993065
v -0.89722190605081165 -0.32626158890109053 0.3059078704591659
v -0.89076109482450649 -0.3569263567227805 0.29012075333902582
v -0.95950637327123134 -0.06634645348197997 0.28296915701647019
v -0.96019250885219098 -0.1329336607734446 0.255854054930931
v -0.96047528031008267 -0.099731998602784089 0.26954570596207533
v -0.95005480791439556 -0.099451733013372068 0.30433523892210929
v -0.93908165580676739 -0.13236330180110603 0.3251293214783631
v -0.9518439051319767 -0.23185054925746487 0.21284937086792377
v -0.9334994526576692 -0.2321951779729596 0.28236791026395774
v -0.94326459466170076 -0.23218746389351566 0.24780597274170965
v -0.95587373852412894 -0.1991762966926417 0.22740394940326378
v -0.95865765578300455 -0.16633014709495791 0.2416610825112914
v -0.89695912974958569 -0.23009726292426491 0.38417272293710958
v -0.92647181767945819 -0.16537628661103568 0.34553246816098365
v -0.91246777493020559 -0.19785586290224461 0.36515233582679196
v -0.91028769007141974 -0.23112481566105636 0.35075093278168457
v -0.92242880139211658 -0.23180033044512754 0.31695701714253949
v -0.94918043237317984 -0.16619028832395494 0.27663737397941746
v -0.93657055693799407 -0.1992033708071741 0.29704058102745073
v -0.93843219443613191 -0.16586406813267457 0.31132884706852532
v -0.85796459843367379 -0.032812431157021892 -0.51760523868328001
v -0.87537468035217292 -0.032819947165282033 -0.48758579077217795
v -0.88191588208544869 -0.09866950031839819 -0.46643947973265143
v -0.87917083893873704 -0.065823822326411749 -0.47729796907184557
v -0.86512615531972847 -0.098617464316218484 -0.49689603821522843
v -0.89176866300210844 -0.032842290744214062 -0.45691426155301923
v -0.90705683081503385 -0.032849642034926095 -0.4257605701787644
v -0.88251543137972566 -0.22874466342115402 -0.41698633031443
v -0.8839436986556054 -0.19665999180554722 -0.43013256456022486
v -0.86701322710706763 -0.22849637089782557 -0.44845298482651358
v -0.91345010563690499 -0.13194563851492366 -0.39149840057916258
v -0.89944754965208951 -0.16442422597118866 -0.41111736059200144
v -0.91343636655801408 -0.16441235665900877 -0.37903016322714428
v -0.8681471847145823 -0.16394967711836433 -0.47380845233208191
v -0.88432483138343543 -0.16426042929275536 -0.44276879551898085
v -0.88366945929023766 -0.13171742947950524 -0.45480254286364025
v -0.94647316082373079 -0.032955734551144596 -0.32895776947394756
v -0.95729759433885331 -0.032962419041924582 -0.29598624889432829
v -0.92140345790021705 -0.032928538587137561 -0.39374765058125211
v -0.93448653253236402 -0.032935390751345245 -0.36160545812649947
v -0.93841790232767575 -0.099009846922863326 -0.33860918926066047
v -0.93702213566327708 -0.06605268268069342 -0.35032040331269371
v -0.92604855563561705 -0.09896246821272911 -0.3711136802756802
v -0.89771439988840485 -0.098923537756776897 -0.43520418973348091
v -0.91245186458701144 -0.099030834131249468 -0.40336928530023725
v -0.91031288348877615 -0.065940279484296468 -0.41481941506137182
v -0.83361148722379852 -0.47361927108144314 -0.29279662457265176
v -0.84325999591761058 -0.44490652450262747 -0.30973185424943472
v -0.82133316955029567 -0.47273644224489914 -0.32692975080849435
v -0.8832066407175917 -0.38710383579615304 -0.27401512888128604
v -0.86391886272027818 -0.41631354442566793 -0.29206596808946877
v -0.87474136186623896 -0.4165254131929626 -0.25751067984871451
v -0.83883489058593763 -0.41436159417490309 -0.36004361714476735
v -0.85193142483043482 -0.41558424989779114 -0.32630605099393034
v -0.85958432894811276 -0.38581292238146059 -0.34241248987874529
v -0.94658432147921912 -0.26417344275287541 -0.19806187912533019
v -0.93292559650066276 -0.29559619517647423 -0.21748119533200028
v -0.94060239243724064 -0.29499836000342616 -0.18240283042496472
v -0.9139372545251262 -0.2957612005529292 -0.28681830807066716
v -0.924023043533166 -0.29584425398521741 -0.25235019952792004
v -0.92912305542296858 -0.26478396643700869 -0.26768106391382912
v -0.91047844059543637 -0.35686249559130778 -0.22063696890290746
v -0.91779858647374246 -0.32659236145926435 -0.2366345571784586
v -0.90127889008483186 -0.35700481504779502 -0.25542928874905291
v -0.8617297099427822 -0.29194860670779127 -0.42095099422160803
v -0.8764747931209812 -0.29339183328675544 -0.38823597318407044
v -0.88002650232692126 -0.26193423475941996 -0.40245270240419179
v -0.86627361539528291 -0.3552409003934302 -0.35828388976858483
v -0.87188483445143816 -0.32455053348796797 -0.37348019324754039
v -0.85232192164678089 -0.35400268399047768 -0.39143411291424229
v -0.90689914090707846 -0.26403628618450548 -0.33592795424519628
v -0.89010714967802196 -0.29451111710859224 -0.35494884077157868
v -0.90255954913035663 -0.29527779575369534 -0.32127206990456164
v -0.89076109482450649 -0.3569263567227805 -0.29007947426404662
v -0.89722190605081165 -0.32626158890109053 -0.3058665913841867
v -0.8790738765194317 -0.35633033273428749 -0.32442781386495145
v -1.0004767546422852 -0.033307706560337547 -0.055349795031819506
v -1.0017940466542559 -0.033311614177556709 -0.020671527099222705
v -0.99423548822164676 -0.033291610778772983 -0.12454233754959168
v -0.99795265915801934 -0.033295695348962179 -0.090038730772685885
v -0.99561792868998966 -0.10006645280498586 -0.061928286284488293
v -0.99743457988756934 -0.066764858849381728 -0.076032999680473889
v -0.99285584967831175 -0.10003847989744868 -0.096598981943301632
v -0.96738765609228827 -0.033219764905283437 -0.26109938631542229
v -0.97584985131582813 -0.033224553298647458 -0.22744375139080941
v -0.9772028593319585 -0.099859072613100369 -0.20049665696556845
v -0.9771520117453022 -0.066624709670406304 -0.21410729540067303
v -0.96962182537223085 -0.099826166389101301 -0.23444051891494461
v -0.98315606008365086 -0.0332386828129769 -0.19343956820476202
v -0.98926575593411525 -0.03324329611366314 -0.15927842602765024
v -0.96492749321131632 -0.23131441939712971 -0.14304399059274389
v -0.96985556331396006 -0.19891228685585627 -0.15772725382467961
v -0.95919342900430449 -0.23116237068440001 -0.17765991458194014
v -0.98668375571321587 -0.13341197402806801 -0.1172413133577099
v -0.9790343525794647 -0.16627504446734476 -0.13755300629226136
v -0.98330377058247431 -0.16620330644331546 -0.10280310974195316
v -0.96688574109773795 -0.16591997183398363 -0.20657975498557357
v -0.97355239094777424 -0.1661747390131714 -0.17221003197048224
v -0.97600252082611505 -0.133272223856127 -0.18639459767485386
v -0.98970399806934628 -0.066696914337078486 -0.14542451701765727
v -0.98361595727512208 -0.10007902637004623 -0.16607808007745298
v -0.98884294762412683 -0.10014473241381044 -0.13137970275469699
v -0.89695912974958569 -0.23009726292426491 -0.38413144386213038
v -0.92242880139211658 -0.23180033044512754 -0.31691573806756029
v -0.91028769007141974 -0.23112481566105636 -0.35070965370670537
v -0.91246777493020559 -0.19785586290224461 -0.36511105675181277
v -0.92647181767945819 -0.16537628661103568 -0.34549118908600446
v -0.9518439051319767 -0.23185054925746487 -0.21280809179294463
v -0.95865765578300455 -0.16633014709495791 -0.24161980343631226
v -0.95587373852412894 -0.1991762966926417 -0.22736267032828464
v -0.94326459466170076 -0.23218746389351566 -0.24776469366673051
v -0.9334994526576692 -0.2321951779729596 -0.28232663118897855
v -0.95950637327123134 -0.06634645348197997 -0.28292787794149099
v -0.93908165580676739 -0.13236330180110603 -0.3250880424033839
v -0.95005480791439556 -0.099451733013372068 -0.30429395984713009
v -0.96047528031008267 -0.099731998602784089 -0.26950442688709614
v -0.96019250885219098 -0.1329336607734446 -0.2558127758559518
v -0.93657055693799407 -0.1992033708071741 -0.29699930195247154
v -0.94918043237317984 -0.16619028832395494 -0.27659609490443826
v -0.93843219443613191 -0.16586406813267457 -0.31128756799354612
v -0.55065200357185151 -0.83736724967619891 0.0204042941009045
v -0.57401733328779148 -0.82178372453933113 2.0639537489571924e-05
v -0.55065200357185151 -0.83736724967619891 -0.020363015025925354
v -0.61876862270975674 -0.78759796941034421 0.040699549091376644
v -0.59676953941873112 -0.80516002293692657 0.020404347056315844
v -0.59574783626299654 -0.80385905943905622 0.061074041224101851
v -0.59574783626299654 -0.80385905943905622 -0.061032762149122712
v -0.59676953941873112 -0.80516002293692657 -0.020363067981336698
v -0.61876862270975674 -0.78759796941034421 -0.040658270016397505
v -0.69957311342476414 -0.70769386980793336 0.12102072095759142
v -0.68062386032167255 -0.7289582391509174 0.10119543462376693
v -0.67718368945588869 -0.72547655253728982 0.14134361991320743
v -0.68407648160079249 -0.7324535823642061 0.020405359840971953
v -0.6829248775165927 -0.73128794095686855 0.060817596816797284
v -0.70415162275619947 -0.71232692925897356 0.04044161350397335
v -0.63799246318199565 -0.76650256076194279 0.10145156929606901
v -0.66082761180810112 -0.74938374653207873 0.081183976929970966
v -0.64030727230492579 -0.76884790658355884 0.061075531819877724
v -0.67718368945588869 -0.72547655253728982 -0.14130234083822829
v -0.68062386032167255 -0.7289582391509174 -0.10115415554878779
v -0.69957311342476414 -0.70769386980793336 -0.12097944188261228
v -0.64030727230492579 -0.76884790658355884 -0.061034252744898584
v -0.66082761180810112 -0.74938374653207873 -0.081142697854991827
v -0.63799246318199565 -0.76650256076194279 -0.10141029022108987
v -0.70415162275619947 -0.71232692925897356 -0.040400334428994211
v -0.6829248775165927 -0.73128794095686855 -0.060776317741818145
v -0.68407648160079249 -0.7324535823642061 -0.020364080765992807
v -0.6413291462514461 -0.77014884599259703 0.020405414209598623
v -0.66314318031803077 -0.75172944323795687 2.0639537489571924e-05
v -0.6413291462514461 -0.77014884599259703 -0.020364135134619477
v -0.82082302494143389 -0.5070999000005203 0.27214573701091865
v -0.80903918538192543 -0.53449776960762163 0.25440269875510485
v -0.79990052678494306 -0.52884782947332709 0.29229228542039815
v -0.82349243066231337 -0.54343766733222276 0.17743678647547395
v -0.81691512871545469 -0.5393709176484548 0.21605360794648448
v -0.83645482014171069 -0.51676088073946891 0.19560303310171578
v -0.77463954505122001 -0.58242719070433779 0.25621464522502946
v -0.79627167297333334 -0.56130337206506808 0.23628795975873404
v -0.78260017536842219 -0.58736005304823258 0.21789079186664315
v -0.83677169989349642 -0.55166661845802789 0.020422604080879654
v -0.83543203674914823 -0.55083764829015802 0.059774581044810204
v -0.85218358842882402 -0.52648179414207641 0.039379479369710341
v -0.79872630190702376 -0.59738739038337507 0.10044434993330294
v -0.81757863463602132 -0.57451933439033409 0.080160807094927372
v -0.80143698951857789 -0.59907042686446255 0.061121948465745174
v -0.84692986869004339 -0.5232348167761437 0.1178544986984439
v -0.83277339739471612 -0.54919119636804159 0.09910219042368687
v -0.82880701760840947 -0.546738640419417 0.13820861492883252
v -0.71313393466094888 -0.68097739698027249 0.18055925830593947
v -0.73589406829699922 -0.66143694903903649 0.16081286133075062
v -0.71864545120657053 -0.68443531173268257 0.14137395562625907
v -0.76782137849992849 -0.61299220285392431 0.19902610327842415
v -0.75231985059611117 -0.63757572508554661 0.180061264580268
v -0.74567113063626955 -0.63321807978305822 0.21891078720715235
v -0.7619941759417993 -0.64340240960221873 0.10150807486774122
v -0.75776880794541135 -0.64097739377936536 0.1408621849083953
v -0.77863304455922644 -0.61972159682788364 0.12079605247648281
v -0.8095512171545648 -0.56953657668490854 0.1587204110468392
v -0.79456725184093835 -0.59501496272590637 0.13980915084422332
v -0.78918382626930117 -0.59166553953956458 0.17902393638478373
v -0.79990052678494306 -0.52884782947332709 -0.29225100634541895
v -0.80903918538192543 -0.53449776960762163 -0.25436141968012566
v -0.82082302494143389 -0.5070999000005203 -0.27210445793593946
v -0.78260017536842219 -0.58736005304823258 -0.21784951279166401
v -0.79627167297333334 -0.56130337206506808 -0.2362466806837549
v -0.77463954505122001 -0.58242719070433779 -0.25617336615005026
v -0.83645482014171069 -0.51676088073946891 -0.19556175402673664
v -0.81691512871545469 -0.5393709176484548 -0.21601232887150534
v -0.82349243066231337 -0.54343766733222276 -0.17739550740049481
v -0.71864545120657053 -0.68443531173268257 -0.14133267655127993
v -0.73589406829699922 -0.66143694903903649 -0.16077158225577148
v -0.71313393466094888 -0.68097739698027249 -0.18051797923096033
v -0.77863304455922644 -0.61972159682788364 -0.12075477340150367
v -0.75776880794541135 -0.64097739377936536 -0.14082090583341617
v -0.7619941759417993 -0.64340240960221873 -0.10146679579276208
v -0.74567113063626955 -0.63321807978305822 -0.21886950813217321
v -0.75231985059611117 -0.63757572508554661 -0.18001998550528886
v -0.76782137849992849 -0.61299220285392431 -0.19898482420344502
v -0.85218358842882402 -0.52648179414207641 -0.039338200294731202
v -0.83543203674914823 -0.55083764829015802 -0.059733301969831065
v -0.83677169989349642 -0.55166661845802789 -0.020381325005900508
v -0.82880701760840947 -0.546738640419417 -0.13816733585385338
v -0.83277339739471612 -0.54919119636804159 -0.099060911348707731
v -0.84692986869004339 -0.5232348167761437 -0.11781321962346476
v -0.80143698951857789 -0.59907042686446255 -0.061080669390766035
v -0.81757863463602132 -0.57451933439033409 -0.080119528019948233
v -0.79872630190702376 -0.59738739038337507 -0.1004030708583238
v -0.78918382626930117 -0.59166553953956458 -0.17898265730980459
v -0.79456725184093835 -0.59501496272590637 -0.13976787176924418
v -0.8095512171545648 -0.56953657668490854 -0.15867913197186007
v -0.72208732888118188 -0.68791758127164926 0.10122420545812884
v -0.76431505522099918 -0.6457474920096864 0.061123601749097999
v -0.74371203820095255 -0.66722553395610917 0.081225866357098747
v -0.72439100923770272 -0.69024722797936733 0.060837736442172205
v -0.72554360220231928 -0.69141318402904828 0.020423786220110103
v -0.82030851538724869 -0.57621467033262719 2.0639537489571924e-05
v -0.78415744584327907 -0.62317762776115171 -0.040686188215176763
v -0.80273398069020296 -0.60010138773078769 -0.02038138380095627
v -0.80273398069020296 -0.60010138773078769 0.020422662875935416
v -0.78415744584327907 -0.62317762776115171 0.040727467290155903
v -0.72208732888118188 -0.68791758127164926 -0.1011829263831497
v -0.72554360220231928 -0.69141318402904828 -0.020382507145130957
v -0.72439100923770272 -0.69024722797936733 -0.060796457367193066
v -0.74371203820095255 -0.66722553395610917 -0.081184587282119608
v -0.76431505522099918 -0.6457474920096864 -0.061082322674118859
v -0.76561201319587879 -0.64677864899121718 0.020423846585522758
v -0.76561201319587879 -0.64677864899121718 -0.020382567510543612
v -0.74603314120514574 -0.6695713288946965 2.0639537489571924e-05
v -1.0003278312878814 -0.066797612143308732 2.0639537489571924e-05
v -0.99274822322218326 -0.13357778698148726 -0.041239270521006531
v -0.99730591784645495 -0.10029374620393082 -0.020671605923769584
v -0.99730591784645495 -0.10029374620393082 0.02071288499874873
v -0.99274822322218326 -0.13357778698148726 0.04128054959598567
v -0.95910921310015618 -0.26490990287776739 -0.12236931386982287
v -0.96976092351243626 -0.23264967505355413 -0.10243313857951868
v -0.97461753060391676 -0.23398999014713912 -0.020673108073946705
v -0.97299782696490356 -0.23354271798270324 -0.061557860726830151
v -0.9655330801017713 -0.26668541604917201 -0.040866692744546712
v -0.97893456847820493 -0.19997553869443821 -0.082245124029252062
v -0.98657051598869516 -0.16710245175374933 -0.061930496893877106
v -0.96976092351243626 -0.23264967505355413 0.10247441765449782
v -0.95910921310015618 -0.26490990287776739 0.12241059294480201
v -0.98657051598869516 -0.16710245175374933 0.061971775968856245
v -0.97893456847820493 -0.19997553869443821 0.082286403104231201
v -0.9655330801017713 -0.26668541604917201 0.040907971819525851
v -0.97299782696490356 -0.23354271798270324 0.06159913980180929
v -0.97461753060391676 -0.23398999014713912 0.020714387148925852
v -0.98825859926195858 -0.16733002141960332 -0.020673189058863277
v -0.98220154394094383 -0.20087527515571593 2.0639537489571924e-05
v -0.98825859926195858 -0.16733002141960332 0.020714468133842423
v -0.84277406191668147 -0.47927873541277211 -0.25490671436077394
v -0.85728210420546236 -0.48823269089130084 -0.17790823529710706
v -0.85068309411804166 -0.4841572822514017 -0.21652782732030867
v -0.86347160511665533 -0.45067652579152861 -0.23722007278156784
v -0.88278213099437663 -0.42147275404389045 -0.21916814535560317
v -0.87066306914177127 -0.49646491393468506 -0.020698274153730788
v -0.86931098693990183 -0.49563102316822066 -0.060056993887634101
v -0.89917546104553969 -0.431499892432604 -0.10135344557816195
v -0.8850073738129518 -0.4639047150200179 -0.080772404083553725
v -0.90193353831519762 -0.43319117811534114 -0.061998248460069481
v -0.86663399301673383 -0.4939822622087417 -0.099419744948601244
v -0.86265262586975244 -0.49152369989931616 -0.13853158205776778
v -0.93263090409205307 -0.32985732789906097 -0.16251077200464237
v -0.9463042202290064 -0.29843380944013748 -0.14308822756104325
v -0.90094053382601891 -0.3912846555116829 -0.20048271848913449
v -0.91747703101144296 -0.36087346064729092 -0.18168550851534288
v -0.92720329937480694 -0.36703408477369548 -0.10288558074210577
v -0.92306497995254599 -0.36426860861610416 -0.14235090434787342
v -0.91196490042401934 -0.39801670544268813 -0.12204719318959824
v -0.87688130802184761 -0.45891955546110985 -0.15949777466755308
v -0.89514841891428898 -0.42878331530239222 -0.14083427558253192
v -0.88967079745175814 -0.42543623743484632 -0.18019160326390593
v -0.84277406191668147 -0.47927873541277211 0.25494799343575314
v -0.88278213099437663 -0.42147275404389045 0.21920942443058231
v -0.86347160511665533 -0.45067652579152861 0.23726135185654698
v -0.85068309411804166 -0.4841572822514017 0.21656910639528781
v -0.85728210420546236 -0.48823269089130084 0.1779495143720862
v -0.9463042202290064 -0.29843380944013748 0.14312950663602239
v -0.93263090409205307 -0.32985732789906097 0.16255205107962151
v -0.91196490042401934 -0.39801670544268813 0.12208847226457738
v -0.92306497995254599 -0.36426860861610416 0.14239218342285256
v -0.92720329937480694 -0.36703408477369548 0.10292685981708491
v -0.91747703101144296 -0.36087346064729092 0.18172678759032201
v -0.90094053382601891 -0.3912846555116829 0.20052399756411363
v -0.86931098693990183 -0.49563102316822066 0.06009827296261324
v -0.87066306914177127 -0.49646491393468506 0.020739553228709934
v -0.86265262586975244 -0.49152369989931616 0.13857286113274692
v -0.86663399301673383 -0.4939822622087417 0.099461024023580383
v -0.90193353831519762 -0.43319117811534114 0.062039527535048621
v -0.8850073738129518 -0.4639047150200179 0.080813683158532865
v -0.89917546104553969 -0.431499892432604 0.10139472465314109
v -0.88967079745175814 -0.42543623743484632 0.18023288233888507
v -0.89514841891428898 -0.42878331530239222 0.14087555465751106
v -0.87688130802184761 -0.45891955546110985 0.15953905374253222
v -0.95113957029132834 -0.29977105161623152 -0.10247510757251144
v -0.93047374589419796 -0.36794240623214647 -0.06200070381485584
v -0.94157313174918489 -0.33419211606820681 -0.082306273932540253
v -0.95437817880960618 -0.30066806763648191 -0.061587272561236639
v -0.95599896586093014 -0.30111651278892421 -0.020700030338365778
v -0.88779371487503389 -0.46561265414252706 2.0639537489571924e-05
v -0.91766766764125318 -0.40146915436094638 0.041321313013979621
v -0.90349734809625626 -0.43387581181986168 0.02073964090879319
v -0.90349734809625626 -0.43387581181986168 -0.020698361833814044
v -0.91766766764125318 -0.40146915436094638 -0.041280033939000482
v -0.95113957029132834 -0.29977105161623152 0.10251638664749058
v -0.95599896586093014 -0.30111651278892421 0.020741309413344924
v -0.95437817880960618 -0.30066806763648191 0.061628551636215778
v -0.94157313174918489 -0.33419211606820681 0.082347553007519392
v -0.93047374589419796 -0.36794240623214647 0.062041982889834979
v -0.9320378107452526 -0.36862681806002245 -0.020700120424390137
v -0.9320378107452526 -0.36862681806002245 0.020741399499369283
v -0.94484394467442223 -0.33509992416897311 2.0639537489571924e-05
v -0.82199741873339116 0.00016901474152036425 -0.57395201429776221
v -0.83758094387025894 -0.020214639821894562 -0.55058668458182225
v -0.78781166360440424 0.040847924295407435 -0.61870330371972748
v -0.8053737171309866 0.020552722260346636 -0.59670422042870186
v -0.80407275363311626 -0.06088438694509192 -0.59568251727296728
v -0.8053737171309866 -0.020214692777305907 -0.59670422042870186
v -0.78781166360440424 -0.040509894812366713 -0.61870330371972748
v -0.70790756400199339 0.12116909616162222 -0.69950779443473488
v -0.72917193334497743 0.10134380982779773 -0.68055854133164329
v -0.73266727655826613 0.020553735045002745 -0.68401116261076322
v -0.73150163515092859 0.060965972020828076 -0.68285955852656344
v -0.71254062345303359 0.040589988708004142 -0.70408630376617021
v -0.74959744072613876 0.081332352134001765 -0.66076229281807186
v -0.76906160077761887 0.061223907023908515 -0.64024195331489653
v -0.72569024673134985 -0.14115396563419749 -0.67711837046585943
v -0.72917193334497743 -0.10100578034475699 -0.68055854133164329
v -0.70790756400199339 -0.12083106667858148 -0.69950779443473488
v -0.76906160077761887 -0.060885877540867793 -0.64024195331489653
v -0.74959744072613876 -0.080994322650961029 -0.66076229281807186
v -0.76671625495600282 -0.10126191501705907 -0.63792714419196639
v -0.71254062345303359 -0.04025195922496342 -0.70408630376617021
v -0.73150163515092859 -0.060627942537787353 -0.68285955852656344
v -0.73266727655826613 -0.020215705561962016 -0.68401116261076322
v -0.77036254018665706 0.020553789413629415 -0.64126382726141684
v -0.75194313743201691 0.00016901474152036425 -0.66307786132800151
v -0.77036254018665706 -0.020215759930588686 -0.64126382726141684
v -0.50731359419458022 0.27229411221494942 -0.82075770595140451
v -0.53471146380168177 0.25455107395913562 -0.80897386639189617
v -0.54365136152628279 0.17758516167950475 -0.823427111672284
v -0.53958461184251472 0.21620198315051525 -0.81684980972542554
v -0.51697457493352894 0.19575140830574658 -0.83638950115168142
v -0.56151706625912812 0.23643633496276484 -0.79620635398330408
v -0.58757374724229261 0.21803916707067394 -0.78253485637839293
v -0.55188031265208792 0.020570979284910446 -0.83670638090346716
v -0.55105134248421805 0.059922956248840996 -0.83536671775911897
v -0.52669548833613644 0.039527854573741132 -0.85211826943879476
v -0.5976010845774351 0.10059272513733371 -0.7986609829169945
v -0.57473302858439401 0.080309182298958157 -0.81751331564599194
v -0.59928412105852258 0.061270323669775965 -0.80137167052854863
v -0.52344851097020373 0.11800287390247469 -0.84686454970001401
v -0.54940489056210151 0.099250565627717682 -0.83270807840468686
v -0.54695233461347714 0.13835699013286334 -0.8287416986183801
v -0.66165064323309652 0.16096123653478142 -0.73582874930696995
v -0.68464900592674272 0.14152233083028989 -0.71858013221654127
v -0.61320589704798423 0.19917447848245495 -0.76775605950989922
v -0.63778941927960664 0.1802096397842988 -0.75225453160608191
v -0.64361610379627876 0.10165645007177201 -0.76192885695177004
v -0.64119108797342539 0.14101056011242613 -0.7577034889553822
v -0.61993529102194367 0.12094442768051362 -0.77856772556919718
v -0.56975027087896868 0.15886878625087003 -0.80948589816453564
v -0.59522865691996629 0.13995752604825412 -0.79450193285090909
v -0.5918792337336245 0.17917231158881453 -0.78911850727927191
v -0.52906152366738723 -0.29210263114138818 -0.79983520779491379
v -0.53471146380168177 -0.25421304447609488 -0.80897386639189617
v -0.50731359419458022 -0.27195608273190869 -0.82075770595140451
v -0.58757374724229261 -0.21770113758763321 -0.78253485637839293
v -0.56151706625912812 -0.2360983054797241 -0.79620635398330408
v -0.58264088489839794 -0.25602499094601949 -0.77457422606119075
v -0.51697457493352894 -0.19541337882270585 -0.83638950115168142
v -0.53958461184251472 -0.21586395366747452 -0.81684980972542554
v -0.54365136152628279 -0.17724713219646401 -0.823427111672284
v -0.68464900592674272 -0.14118430134724916 -0.71858013221654127
v -0.66165064323309652 -0.16062320705174069 -0.73582874930696995
v -0.68119109117433252 -0.18036960402692953 -0.71306861567091961
v -0.61993529102194367 -0.12060639819747289 -0.77856772556919718
v -0.64119108797342539 -0.14067253062938539 -0.7577034889553822
v -0.64361610379627876 -0.10131842058873128 -0.76192885695177004
v -0.63343177397711825 -0.21872113292814241 -0.74560581164624029
v -0.63778941927960664 -0.17987161030125806 -0.75225453160608191
v -0.61320589704798423 -0.19883644899941422 -0.76775605950989922
v -0.52669548833613644 -0.03918982509070041 -0.85211826943879476
v -0.55105134248421805 -0.059584926765800274 -0.83536671775911897
v -0.55188031265208792 -0.020232949801869717 -0.83670638090346716
v -0.54695233461347714 -0.13801896064982261 -0.8287416986183801
v -0.54940489056210151 -0.098912536144676946 -0.83270807840468686
v -0.52344851097020373 -0.11766484441943395 -0.84686454970001401
v -0.59928412105852258 -0.060932294186735243 -0.80137167052854863
v -0.57473302858439401 -0.079971152815917421 -0.81751331564599194
v -0.5976010845774351 -0.10025469565429297 -0.7986609829169945
v -0.5918792337336245 -0.17883428210577379 -0.78911850727927191
v -0.59522865691996629 -0.13961949656521339 -0.79450193285090909
v -0.56975027087896868 -0.1585307567678293 -0.80948589816453564
v -0.68813127546570929 0.10137258066215964 -0.72202200989115262
v -0.64596118620374632 0.061271976953128783 -0.76424973623096981
v -0.66743922815016921 0.081374241561129546 -0.74364671921092329
v -0.69046092217342736 0.060986111646202996 -0.72432569024767346
v -0.69162687822310831 0.020572161424140895 -0.72547828321229002
v -0.57642836452668722 0.00016901474152036425 -0.82024319639721943
v -0.62339132195521174 -0.040537813011145972 -0.7840921268532498
v -0.60031508192484773 -0.020233008596925478 -0.8026686617001737
v -0.60031508192484773 0.020571038079966207 -0.8026686617001737
v -0.62339132195521174 0.040875842494186694 -0.7840921268532498
v -0.68813127546570929 -0.1010345511791189 -0.72202200989115262
v -0.69162687822310831 -0.020234131941100165 -0.72547828321229002
v -0.69046092217342736 -0.060648082163162274 -0.72432569024767346
v -0.66743922815016921 -0.08103621207808881 -0.74364671921092329
v -0.64596118620374632 -0.060933947470088061 -0.76424973623096981
v -0.64699234318527721 0.020572221789553549 -0.76554669420584953
v -0.64699234318527721 -0.02023419230651282 -0.76554669420584953
v -0.66978502308875654 0.00016901474152036425 -0.74596782221511648
v -4.4679452539747209e-05 0.49741123839887502 -0.87049707077877192
v -0.033033641359342149 0.48777544505118797 -0.87530936136214377
v -0.033063336228986211 0.42595022445777442 -0.90699151182500459
v -0.033055984938274177 0.4571039158320292 -0.89170334401207918
v -4.4679452539747209e-05 0.43603229080762612 -0.90279391370082585
v -0.066037516520471864 0.47748762335085548 -0.87910551994870767
v -0.098883194512458306 0.46662913401166145 -0.88185056309541943
v -0.03317611323598469 0.29617590317333825 -0.95723227534882405
v -0.033169428745204697 0.32914742375295747 -0.94640784183370141
v -4.4679452539747209e-05 0.30731965872980566 -0.95429031338066639
v -0.099176162406789226 0.37130333455469017 -0.92598323664558779
v -0.066266376874753535 0.35051005759170367 -0.93695681667324782
v -0.099223541116923442 0.33879884353967044 -0.93835258333764648
v -4.4679452539747209e-05 0.37256717685251245 -0.93076962782585826
v -0.03314908494540536 0.36179511240550949 -0.93442121354233487
v -0.03314223278119767 0.39393730486026207 -0.92133813891018779
v -0.19687368599960733 0.43032221883923483 -0.88387837966557614
v -0.22895835761521413 0.41717598459343996 -0.88245011238969639
v -0.13193112367356535 0.45499219714265021 -0.8836041403002084
v -0.16447412348681548 0.44295844979799082 -0.88425951239340617
v -0.16462605085306889 0.37921981750615424 -0.91337104756798482
v -0.16463792016524875 0.41130701487101134 -0.89938223066206013
v -0.13215933270898378 0.3916880548581726 -0.91338478664687583
v -0.066153973678356584 0.41500906934038184 -0.91024756449874689
v -0.099244528325309583 0.40355893957924721 -0.91238654559698218
v -0.099137231950837013 0.43539384401249087 -0.89764908089837558
v -0.033525308371616817 0.020861181378232643 -1.0017287276642266
v -0.033521400754397655 0.055539449310829436 -1.000411435652256
v -4.4679452539747209e-05 0.034847759204595673 -1.0019016616637773
v -0.10025217409150879 0.096788636222311569 -0.99279053068828249
v -0.066978553043441857 0.076222653959483827 -0.99736926089754008
v -0.10028014699904597 0.062117940563498224 -0.9955526096999604
v -4.4679452539747209e-05 0.10403926573623745 -0.99710617482479202
v -0.033509389543022287 0.090228385051695809 -0.99788734016799008
v -0.033505304972833092 0.12473199182860162 -0.9941701692316175
v -0.23137606487846013 0.17784956886095007 -0.95912811001427523
v -0.19912598104991638 0.15791690810368955 -0.96979024432393079
v -0.23152811359118983 0.14323364487175383 -0.96486217422128706
v -0.13348591805018711 0.1865842519538638 -0.97593720183608579
v -0.16638843320723151 0.17239968624949217 -0.97348707195774498
v -0.16613366602804375 0.20676940926458351 -0.96682042210770869
v -0.16641700063737558 0.10299276402096309 -0.98323845159244505
v -0.16648873866140487 0.1377426605712713 -0.97896903358943543
v -0.13362566822212812 0.11743096763671984 -0.98661843672318661
v -4.4679452539747209e-05 0.24060202973216813 -0.97324339363361456
v -0.03343824749270756 0.22763340566981932 -0.97578453232579887
v -0.033433459099343546 0.26128904059443225 -0.96732233710225901
v -0.033456990307723249 0.15946808030666018 -0.98920043694408599
v -0.033452377007037008 0.19362922248377196 -0.9830907410936216
v -4.4679452539747209e-05 0.17273361952358954 -0.98753815371908693
v -0.10003986058316143 0.23463017319395457 -0.96955650638220159
v -0.06683840386446642 0.21429694967968294 -0.97708669275527293
v -0.10007276680716048 0.20068631124457839 -0.97713754034192923
v -0.10035842660787056 0.13156935703370692 -0.98877762863409757
v -0.10029272056410635 0.16626773435646292 -0.98355063828509282
v -0.066910608531138616 0.14561417129666721 -0.98963867907931702
v -0.44512021869668761 0.30992150852844474 -0.84319467692758143
v -0.47383296527550323 0.29298627885166173 -0.83354616823376926
v -0.38602661657552068 0.34260214415775525 -0.8595190099580835
v -0.41579794409185122 0.32649570527294031 -0.85186610584040556
v -0.41673910738702269 0.25770033412772447 -0.8746760428762097
v -0.41652723861972801 0.29225562236847874 -0.86385354373024892
v -0.38731752999021313 0.27420478316029601 -0.88314132172756243
v -0.26214792895348005 0.40264235668320175 -0.87996118333689199
v -0.29360552748081553 0.3884256274630804 -0.87640947413095194
v -0.29549148994775543 0.32146172418357161 -0.90249423014032737
v -0.29472481130265232 0.35513849505058864 -0.8900418306879927
v -0.26424998037856551 0.33611760852420619 -0.90683382191704909
v -0.32476422768202806 0.37366984752655036 -0.8718195154614089
v -0.35545459458749029 0.35847354404759479 -0.86620829640525365
v -0.29521205419748625 0.18259248470397466 -0.94053707344721138
v -0.29580988937053432 0.21767084961101021 -0.9328602775106335
v -0.2643871369469355 0.19825153340434012 -0.94651900248918985
v -0.35721850924185511 0.25561894302806287 -0.9012135710948026
v -0.32680605565332443 0.23682421145746854 -0.9177332674837132
v -0.35707618978536787 0.2208266231819174 -0.91041312160540711
v -0.26499766063106878 0.26787071819283909 -0.92905773643293932
v -0.2960579481792775 0.25253985380693 -0.92395772454313674
v -0.29597489474698924 0.28700796234967713 -0.91387193553509682
v -0.35654402692834752 0.32461746814396136 -0.87900855752940232
v -0.32647528309515061 0.30605624566319667 -0.89715658706078238
v -0.35714005091684059 0.29026912854305659 -0.89069577583447723
v -0.066560147676040071 0.28311753222050101 -0.95944105428120208
v -0.13314735496750474 0.25600243013496177 -0.96012718986216183
v -0.09994569279684419 0.26969408116610605 -0.96040996132005341
v -0.099665427207432183 0.30448361412614006 -0.9499894889243663
v -0.13257699599516615 0.32527769668239387 -0.93901633681673813
v -0.23206424345152499 0.21299774607195457 -0.95177858614194744
v -0.23240887216701972 0.28251628546798851 -0.93343413366763994
v -0.23240115808757578 0.24795434794574045 -0.9431992756716715
v -0.19938999088670181 0.22755232460729458 -0.95580841953409967
v -0.16654384128901803 0.2418094577153222 -0.95859233679297529
v -0.23031095711832503 0.38432109814114035 -0.89689381075955643
v -0.16558998080509579 0.34568084336501442 -0.92640649868942893
v -0.19806955709630472 0.36530071103082273 -0.91240245594017633
v -0.23133850985511648 0.35089930798571534 -0.91022237108139048
v -0.23201402463918766 0.31710539234657026 -0.92236348240208732
v -0.16640398251801505 0.27678574918344823 -0.94911511338315058
v -0.19941706500123421 0.2971889562314815 -0.93650523794796481
v -0.16607776232673468 0.31147722227255609 -0.93836687544610276
v -0.033026125351082 -0.51745686347924924 -0.85789927944364452
v -0.033033641359342149 -0.48743741556814724 -0.87530936136214377
v -4.4679452539747209e-05 -0.49707320891583429 -0.87049707077877192
v -0.098883194512458306 -0.46629110452862071 -0.88185056309541943
v -0.066037516520471864 -0.47714959386781475 -0.87910551994870767
v -0.098831158510278599 -0.49674766301119766 -0.86506083632969921
v -4.4679452539747209e-05 -0.43569426132458539 -0.90279391370082585
v -0.033055984938274177 -0.45676588634898846 -0.89170334401207918
v -0.033063336228986211 -0.42561219497473368 -0.90699151182500459
v -0.22895835761521413 -0.41683795511039923 -0.88245011238969639
v -0.19687368599960733 -0.42998418935619409 -0.88387837966557614
v -0.22871006509188568 -0.44830460962248281 -0.86694790811703837
v -0.13215933270898378 -0.39135002537513186 -0.91338478664687583
v -0.16463792016524875 -0.41096898538797061 -0.89938223066206013
v -0.16462605085306889 -0.37888178802311351 -0.91337104756798482
v -0.16416337131242445 -0.47366007712805114 -0.86808186572455304
v -0.16447412348681548 -0.44262042031495008 -0.88425951239340617
v -0.13193112367356535 -0.45465416765960948 -0.8836041403002084
v -4.4679452539747209e-05 -0.30698162924676492 -0.95429031338066639
v -0.033169428745204697 -0.32880939426991673 -0.94640784183370141
v -0.03317611323598469 -0.29583787369029751 -0.95723227534882405
v -0.03314223278119767 -0.39359927537722134 -0.92133813891018779
v -0.03314908494540536 -0.36145708292246875 -0.93442121354233487
v -4.4679452539747209e-05 -0.37222914736947171 -0.93076962782585826
v -0.099223541116923442 -0.3384608140566297 -0.93835258333764648
v -0.066266376874753535 -0.35017202810866294 -0.93695681667324782
v -0.099176162406789226 -0.37096530507164943 -0.92598323664558779
v -0.099137231950837013 -0.43505581452945014 -0.89764908089837558
v -0.099244528325309583 -0.40322091009620648 -0.91238654559698218
v -0.066153973678356584 -0.41467103985734111 -0.91024756449874689
v -0.47383296527550323 -0.29264824936862099 -0.83354616823376926
v -0.44512021869668761 -0.30958347904540401 -0.84319467692758143
v -0.47295013643895922 -0.32678137560446358 -0.82126785056026641
v -0.38731752999021313 -0.27386675367725527 -0.88314132172756243
v -0.41652723861972801 -0.291917592885438 -0.86385354373024892
v -0.41673910738702269 -0.25736230464468374 -0.8746760428762097
v -0.41457528836896318 -0.35989524194073658 -0.83876957159590837
v -0.41579794409185122 -0.32615767578989957 -0.85186610584040556
v -0.38602661657552068 -0.34226411467471451 -0.8595190099580835
v -0.2643871369469355 -0.19791350392129939 -0.94651900248918985
v -0.29580988937053432 -0.21733282012796948 -0.9328602775106335
v -0.29521205419748625 -0.18225445522093392 -0.94053707344721138
v -0.29597489474698924 -0.28666993286663639 -0.91387193553509682
v -0.2960579481792775 -0.25220182432388927 -0.92395772454313674
v -0.26499766063106878 -0.26753268870979835 -0.92905773643293932
v -0.35707618978536787 -0.22048859369887666 -0.91041312160540711
v -0.32680605565332443 -0.23648618197442781 -0.9177332674837132
v -0.35721850924185511 -0.25528091354502214 -0.9012135710948026
v -0.29216230090185136 -0.42080261901757726 -0.86166439095275293
v -0.29360552748081553 -0.38808759798003967 -0.87640947413095194
v -0.26214792895348005 -0.40230432720016102 -0.87996118333689199
v -0.35545459458749029 -0.35813551456455406 -0.86620829640525365
v -0.32476422768202806 -0.37333181804350962 -0.8718195154614089
v -0.35421637818453777 -0.39128573771021152 -0.85225660265675163
v -0.26424998037856551 -0.33577957904116545 -0.90683382191704909
v -0.29472481130265232 -0.35480046556754791 -0.8900418306879927
v -0.29549148994775543 -0.32112369470053087 -0.90249423014032737
v -0.35714005091684059 -0.28993109906001585 -0.89069577583447723
v -0.32647528309515061 -0.30571821618015593 -0.89715658706078238
v -0.35654402692834752 -0.32427943866092063 -0.87900855752940232
v -4.4679452539747209e-05 -0.034509729721554951 -1.0019016616637773
v -0.033521400754397655 -0.055201419827788714 -1.000411435652256
v -0.033525308371616817 -0.020523151895191914 -1.0017287276642266
v -0.033505304972833092 -0.12439396234556088 -0.9941701692316175
v -0.033509389543022287 -0.089890355568655073 -0.99788734016799008
v -4.4679452539747209e-05 -0.10370123625319672 -0.99710617482479202
v -0.10028014699904597 -0.061779911080457502 -0.9955526096999604
v -0.066978553043441857 -0.075884624476443091 -0.99736926089754008
v -0.10025217409150879 -0.096450606739270833 -0.99279053068828249
v -0.033433459099343546 -0.26095101111139152 -0.96732233710225901
v -0.03343824749270756 -0.22729537618677859 -0.97578453232579887
v -4.4679452539747209e-05 -0.24026400024912739 -0.97324339363361456
v -0.10007276680716048 -0.20034828176153766 -0.97713754034192923
v -0.06683840386446642 -0.2139589201966422 -0.97708669275527293
v -0.10003986058316143 -0.23429214371091384 -0.96955650638220159
v -4.4679452539747209e-05 -0.1723955900405488 -0.98753815371908693
v -0.033452377007037008 -0.19329119300073122 -0.9830907410936216
v -0.033456990307723249 -0.15913005082361945 -0.98920043694408599
v -0.23152811359118983 -0.14289561538871309 -0.96486217422128706
v -0.19912598104991638 -0.15757887862064882 -0.96979024432393079
v -0.23137606487846013 -0.17751153937790934 -0.95912811001427523
v -0.13362566822212812 -0.1170929381536791 -0.98661843672318661
v -0.16648873866140487 -0.13740463108823056 -0.97896903358943543
v -0.16641700063737558 -0.10265473453792236 -0.98323845159244505
v -0.16613366602804375 -0.20643137978154277 -0.96682042210770869
v -0.16638843320723151 -0.17206165676645144 -0.97348707195774498
v -0.13348591805018711 -0.18624622247082306 -0.97593720183608579
v -0.066910608531138616 -0.14527614181362647 -0.98963867907931702
v -0.10029272056410635 -0.16592970487342218 -0.98355063828509282
v -0.10035842660787056 -0.13123132755066619 -0.98877762863409757
v -0.23031095711832503 -0.38398306865809961 -0.89689381075955643
v -0.23201402463918766 -0.31676736286352952 -0.92236348240208732
v -0.23133850985511648 -0.3505612785026746 -0.91022237108139048
v -0.19806955709630472 -0.364962681547782 -0.91240245594017633
v -0.16558998080509579 -0.34534281388197369 -0.92640649868942893
v -0.23206424345152499 -0.21265971658891383 -0.95177858614194744
v -0.16654384128901803 -0.24147142823228146 -0.95859233679297529
v -0.19938999088670181 -0.22721429512425384 -0.95580841953409967
v -0.23240115808757578 -0.24761631846269971 -0.9431992756716715
v -0.23240887216701972 -0.28217825598494778 -0.93343413366763994
v -0.066560147676040071 -0.28277950273746028 -0.95944105428120208
v -0.13257699599516615 -0.32493966719935313 -0.93901633681673813
v -0.099665427207432183 -0.30414558464309932 -0.9499894889243663
v -0.09994569279684419 -0.26935605168306531 -0.96040996132005341
v -0.13314735496750474 -0.25566440065192103 -0.96012718986216183
v -0.19941706500123421 -0.29685092674844077 -0.93650523794796481
v -0.16640398251801505 -0.27644771970040749 -0.94911511338315058
v -0.16607776232673468 -0.31113919278951535 -0.93836687544610276
v -0.47949242960683219 0.25509636863978391 -0.84270874292665221
v -0.42168644823795048 0.2193577996346131 -0.88271681200434737
v -0.4508902199855887 0.23740972706057778 -0.86340628612662618
v -0.48437097644546179 0.21671748159931861 -0.85061777512801229
v -0.48844638508536092 0.17809788957611697 -0.8572167852154331
v -0.29864750363419756 0.14327788184005319 -0.94623890123897714
v -0.33007102209312106 0.16270042628365231 -0.93256558510202381
v -0.39823039963674822 0.12223684746860818 -0.91189958143399008
v -0.36448230281016419 0.14254055862688336 -0.92299966096251662
v -0.36724777896775557 0.10307523502111571 -0.92713798038477768
v -0.36108715484135101 0.18187516279435281 -0.91741171202141369
v -0.39149834970574299 0.20067237276814442 -0.90087521483598965
v -0.49584471736228075 0.060246648166644032 -0.86924566794987257
v -0.49667860812874515 0.020887928432740725 -0.87059775015174201
v -0.49173739409337625 0.13872123633677771 -0.86258730687972318
v -0.49419595640280178 0.099609399227611181 -0.86656867402670457
v -0.43340487230940122 0.062187902739079412 -0.90186821932516836
v -0.46411840921407799 0.080962058362563663 -0.88494205482292254
v -0.43171358662666409 0.10154309985717189 -0.89911014205551043
v -0.42564993162890646 0.18038125754291584 -0.88960547846172899
v -0.42899700949645231 0.14102392986154186 -0.89508309992425972
v -0.45913324965516994 0.15968742894656299 -0.87681598903181823
v -0.067011306337368848 0.00016901474152036425 -1.0002625122978521
v -0.13379148117554737 -0.04109089531697574 -0.992682904232154
v -0.10050744039799094 -0.020523230719738793 -0.99724059885642569
v -0.10050744039799094 0.020861260202779522 -0.99724059885642569
v -0.13379148117554737 0.041428924800016462 -0.992682904232154
v -0.26512359707182748 -0.12222093866579208 -0.95904389411012692
v -0.23286336924761425 -0.10228476337548788 -0.969695604522407
v -0.23420368434119923 -0.020524732869915914 -0.9745522116138875
v -0.23375641217676332 -0.061409485522799352 -0.97293250797487418
v -0.2668991102432321 -0.040718317540515921 -0.96546776111174204
v -0.20018923288849833 -0.082096748825221263 -0.97886924948817566
v -0.16731614594780944 -0.061782121689846314 -0.9865051969986659
v -0.23286336924761425 0.10262279285852861 -0.969695604522407
v -0.26512359707182748 0.12255896814883281 -0.95904389411012692
v -0.16731614594780944 0.062120151172887036 -0.9865051969986659
v -0.20018923288849833 0.082434778308261999 -0.97886924948817566
v -0.2668991102432321 0.041056347023556643 -0.96546776111174204
v -0.23375641217676332 0.061747515005840074 -0.97293250797487418
v -0.23420368434119923 0.020862762352956643 -0.9745522116138875
v -0.16754371561366346 -0.020524813854832489 -0.98819328027192943
v -0.20108896934977605 0.00016901474152036425 -0.98213622495091457
v -0.16754371561366346 0.020862843337873218 -0.98819328027192943
v -0.47949242960683219 -0.25475833915674317 -0.84270874292665221
v -0.48844638508536092 -0.17775986009307623 -0.8572167852154331
v -0.48437097644546179 -0.21637945211627788 -0.85061777512801229
v -0.4508902199855887 -0.23707169757753704 -0.86340628612662618
v -0.42168644823795048 -0.21901977015157237 -0.88271681200434737
v -0.49667860812874515 -0.020549898949699996 -0.87059775015174201
v -0.49584471736228075 -0.05990861868360331 -0.86924566794987257
v -0.43171358662666409 -0.10120507037413115 -0.89911014205551043
v -0.46411840921407799 -0.080624028879522927 -0.88494205482292254
v -0.43340487230940122 -0.06184987325603869 -0.90186821932516836
v -0.49419595640280178 -0.099271369744570445 -0.86656867402670457
v -0.49173739409337625 -0.13838320685373698 -0.86258730687972318
v -0.33007102209312106 -0.16236239680061157 -0.93256558510202381
v -0.29864750363419756 -0.14293985235701245 -0.94623890123897714
v -0.39149834970574299 -0.20033434328510369 -0.90087521483598965
v -0.36108715484135101 -0.18153713331131208 -0.91741171202141369
v -0.36724777896775557 -0.10273720553807497 -0.92713798038477768
v -0.36448230281016419 -0.14220252914384263 -0.92299966096251662
v -0.39823039963674822 -0.12189881798556744 -0.91189958143399008
v -0.45913324965516994 -0.15934939946352225 -0.87681598903181823
v -0.42899700949645231 -0.14068590037850112 -0.89508309992425972
v -0.42564993162890646 -0.1800432280598751 -0.88960547846172899
v -0.29998474581029161 0.10266476185152137 -0.95107425130129908
v -0.30133020698298429 0.020889684617375715 -0.95593364687090088
v -0.30088176183054199 0.06177692684024657 -0.95431285981957692
v -0.3344058102622669 0.08249592821155019 -0.94150781275915563
v -0.36815610042620656 0.06219035809386577 -0.93040842690416869
v -0.29998474581029161 -0.10232673236848064 -0.95107425130129908
v -0.36815610042620656 -0.061852328610825048 -0.93040842690416869
v -0.3344058102622669 -0.082157898728509454 -0.94150781275915563
v -0.30088176183054199 -0.061438897357205847 -0.95431285981957692
v -0.30133020698298429 -0.020551655134334986 -0.95593364687090088
v -0.46582634833658715 0.00016901474152036425 -0.88772839588500463
v -0.40168284855500647 0.041469688218010413 -0.91760234865122392
v -0.43408950601392177 0.020888016112823982 -0.903432029106227
v -0.43408950601392177 -0.020549986629783253 -0.903432029106227
v -0.40168284855500647 -0.041131658734969691 -0.91760234865122392
v -0.33531361836303319 0.00016901474152036425 -0.94477862568439297
v -0.36884051225408254 -0.020551745220359345 -0.93197249175522334
v -0.36884051225408254 0.020889774703400074 -0.93197249175522334
v 0.053332582166242072 0.54115270666996962 -0.84232039945534143
v 0.032936766446002505 0.51779489296228987 -0.85789927944364452
v 0.094059539028504738 0.58587430122229089 -0.80815299676508601
v 0.073752442355210668 0.56388256922197733 -0.82571050694414716
v 0.098741799605199104 0.4970856924942384 -0.86506083632969921
v 0.086350266418582108 0.53090103763977969 -0.84609421446297328
v 0.11920048775808978 0.52005444293881875 -0.8488319063189731
v 0.17456318792519251 0.66656601493029977 -0.72831859718614955
v 0.15472708585808856 0.64762344631798829 -0.74957883528663405
v 0.18073814962609919 0.58506933393552363 -0.79386858338914379
v 0.16790123504862117 0.61682751538335956 -0.77236357596053884
v 0.20085106365244085 0.60509709638079634 -0.7737712119371174
v 0.13468271120475689 0.62784754160421619 -0.76999176950805925
v 0.11456317906007915 0.60733405426524856 -0.78945169468916243
v 0.22862070618680619 0.44864263910552354 -0.86694790811703837
v 0.21725654802621389 0.48391918906358583 -0.8507536303729113
v 0.24934535088432014 0.4707837705510704 -0.84931867860625143
v 0.15229717767005868 0.5085451633728808 -0.85050658697155046
v 0.18484441235368568 0.49652250306280604 -0.85115510690054041
v 0.16407401240734495 0.47399810661109187 -0.86808186572455304
v 0.22583259942210249 0.53969458664465098 -0.8141921859036011
v 0.20547582105980872 0.51845597209286443 -0.8331605332398464
v 0.19333659962481137 0.55208616363332907 -0.81425330369262627
v 0.12730718024920809 0.57534418731461001 -0.81115501200044959
v 0.16046404770245479 0.56406766673424158 -0.8131866967242124
v 0.1399056638495795 0.54236092904212951 -0.83153978667255868
v 0.32625321357667869 0.78746673131133738 -0.52794044184126332
v 0.3085038526633892 0.77568679936904816 -0.55533589640810843
v 0.33951059973876946 0.72340927131232491 -0.60551768015060914
v 0.32428957142522369 0.75010559041353331 -0.58088670173035195
v 0.35772210748017058 0.73634368788418514 -0.57885818176547743
v 0.29036967911876704 0.76293129817183125 -0.58213407552867868
v 0.27196590225328066 0.74926388513710951 -0.6081882321086366
v 0.39465932937459158 0.60556464975655666 -0.69478565251987956
v 0.38182957456390509 0.63647507044075213 -0.67402503440593609
v 0.41386222464856459 0.62082448957915459 -0.66969479947634047
v 0.31629149049515137 0.6654093985983569 -0.68000698654163627
v 0.34924533549623238 0.65135921617031012 -0.67747380323100725
v 0.32979425491190639 0.6354723382320544 -0.70186744092917974
v 0.3869852501726932 0.68068188279418818 -0.62620694125961718
v 0.36834901645910129 0.66645367347483175 -0.65220765738865072
v 0.35428187601881522 0.6953503641278016 -0.62944460693387128
v 0.21477947043534507 0.70262483554581201 -0.68222368429752323
v 0.19533281694763907 0.68538100684874737 -0.70521908760131879
v 0.25302303889475886 0.7345334029337256 -0.63379052180913575
v 0.23405073571929197 0.71903648833059441 -0.65837119286413337
v 0.26323835765825992 0.66212333010015822 -0.70535120545617591
v 0.24887138225205691 0.69109941882246528 -0.6824065609051605
v 0.28257957865587346 0.67872929249358627 -0.68169072984671364
v 0.32096614449299826 0.7093618052882148 -0.63168225716979687
v 0.30194856967830569 0.69444354601835223 -0.65712003464248214
v 0.28714996333326731 0.72244223247968298 -0.63313933160350955
v 0.47286077753387978 0.32711940508750431 -0.82126785056026641
v 0.46572061138806403 0.36408798142675841 -0.80971795562572346
v 0.49443577300713604 0.34715907440745108 -0.80006553931469215
v 0.4066170615268147 0.39674257353442194 -0.82605838443779012
v 0.4363909134463515 0.3806427436230026 -0.8184013957499231
v 0.41448592946388374 0.36023327142377731 -0.83876957159590837
v 0.47859867430392122 0.41988472749620859 -0.77444057532970356
v 0.45780528859251501 0.40055690483724732 -0.79691967013934673
v 0.44915980869948946 0.43634391541362072 -0.78293382708859349
v 0.28269397071300595 0.45666653699461091 -0.84657240369008824
v 0.314154528630192 0.44245755555770405 -0.84301590609078414
v 0.29207294199677192 0.421140648500618 -0.86166439095275293
v 0.35722288885747505 0.48331056935299149 -0.80246614278570672
v 0.33591624431933709 0.46321301138427956 -0.82324810627606615
v 0.32596104212341237 0.49791321030475422 -0.80683864078642742
v 0.35412701927945833 0.39162376719325226 -0.85225660265675163
v 0.34532196135150461 0.42772463765560365 -0.83841181790691166
v 0.37601517943359131 0.41253579865395873 -0.83279598555007017
v 0.43818732542264033 0.55714054897285814 -0.70905363930856125
v 0.41875954137720239 0.53979116212013423 -0.73377897591325691
v 0.4072684368996769 0.57255357768808135 -0.7151876170632695
v 0.43968674164719929 0.47175752310807484 -0.76763258232521414
v 0.42958478256482346 0.50613635648291222 -0.75128920827484802
v 0.45981058015973125 0.49002269364619599 -0.74404080042057141
v 0.36755694058667576 0.53660834362902943 -0.76296874985743524
v 0.39877468291084056 0.52168970119826419 -0.75761397078844506
v 0.37835675679614017 0.50292042190155495 -0.7804306969374496
v 0.39778008488318206 0.43280881408247429 -0.81214262845080343
v 0.38834262090261606 0.46826098348730821 -0.79690854594921579
v 0.41904799729261855 0.45258018097924491 -0.79038202867914631
v 0.20878317483133668 0.65569619594666206 -0.72917477661541685
v 0.27642293573583054 0.63133671499501476 -0.72815784467551392
v 0.2428037824687109 0.6439353601456288 -0.72911613091747685
v 0.22196217330423865 0.62489459677179082 -0.75196461128060132
v 0.23480026000381021 0.59313562094867345 -0.77347103546418194
v 0.37537086115274992 0.58841328667724402 -0.71975902214296228
v 0.33522165437525314 0.55191758841777971 -0.76693497183116166
v 0.35551397714674149 0.57050183734414761 -0.74385396423750949
v 0.34290483328431337 0.60351300454502144 -0.72345194089906362
v 0.31006345124991791 0.61778261929578127 -0.72622814407849545
v 0.27133041835298233 0.49194538650437741 -0.83037834253605602
v 0.24741009813111939 0.56012263613874369 -0.7938741821468025
v 0.25954920628842859 0.52649046688291856 -0.81278170818528384
v 0.29299137270737385 0.51254254308735658 -0.81032135773708602
v 0.31418664319590495 0.53247004532333209 -0.7892608068871223
v 0.28953353430017709 0.59937704541938408 -0.74974272783445617
v 0.30214340973536302 0.56636396293616498 -0.77014593488248939
v 0.26860249189483576 0.58012439361993151 -0.77233379257190771
v 0.55056264466677207 0.83770527915923954 -0.020363015025925354
v 0.5409390124759097 0.84251005373435128 -0.05335662208129225
v 0.58566060702823086 0.80834265104409586 -0.09408357894355493
v 0.56366887502791729 0.82590016122315701 -0.073776482270260846
v 0.5956584773579171 0.80419708892209685 -0.061032762149122712
v 0.53068734344571955 0.84628386874198325 -0.086374306333632273
v 0.51984074874475861 0.84902156059798284 -0.11922452767313993
v 0.66635232073623973 0.72850825146515952 -0.17458722784024272
v 0.64740975212392826 0.7497684895656439 -0.15475112577313876
v 0.67709433055080925 0.72581458202033045 -0.14130234083822829
v 0.5848556397414636 0.79405823766815375 -0.18076218954114934
v 0.61661382118929953 0.77255323023954869 -0.16792527496367135
v 0.60488340218673631 0.77396086621612725 -0.20087510356749103
v 0.63790310427691621 0.76684059024498341 -0.10141029022108987
v 0.62763384741015615 0.77018142378706922 -0.13470675111980709
v 0.60712036007118853 0.78964134896817217 -0.11458721897512933
v 0.48370549486952563 0.85094328465192126 -0.21728058794126401
v 0.47057007635701026 0.84950833288526129 -0.24936939079937026
v 0.50833146917882077 0.85069624125056031 -0.15232121758510886
v 0.49630880886874595 0.85134476117955027 -0.1848684522687358
v 0.53948089245059083 0.81438184018261106 -0.22585663933715261
v 0.51824227789880439 0.83335018751885626 -0.20549986097485884
v 0.55187246943926904 0.81444295797163624 -0.19336063953986155
v 0.57513049312054998 0.81134466627945945 -0.12733122016425827
v 0.56385397254018155 0.81337635100322225 -0.16048808761750497
v 0.54214723484806948 0.83172944095156853 -0.13992970376462965
v 0.78725303711727723 0.52813009612027317 -0.32627725349172876
v 0.77547310517498824 0.55552555068711817 -0.30852789257843932
v 0.79981116787986362 0.52918585895636772 -0.29225100634541895
v 0.72319557711826488 0.60570733442961899 -0.33953463965381953
v 0.74989189621947328 0.58107635600936181 -0.32431361134027381
v 0.73612999369012522 0.5790478360444874 -0.3577461473952207
v 0.77455018614614057 0.58276522018737842 -0.25617336615005026
v 0.76271760397777133 0.58232372980768854 -0.29039371903381717
v 0.74905019094304948 0.60837788638764645 -0.27198994216833072
v 0.60535095556249663 0.69497530679888941 -0.39468336928964165
v 0.6362613762466921 0.67421468868494605 -0.38185361447895516
v 0.62061079538509456 0.66988445375535033 -0.41388626456361471
v 0.66519570440429698 0.68019664082064624 -0.31631553041020155
v 0.65114552197625009 0.67766345751001711 -0.34926937541128245
v 0.63525864403799437 0.7020570952081896 -0.32981829482695646
v 0.68046818860012803 0.62639659553862703 -0.38700929008774326
v 0.66623997928077172 0.65239731166766057 -0.3683730563741513
v 0.69513666993374168 0.62963426121288113 -0.35430591593386529
v 0.71304457575586944 0.68131542646331311 -0.18051797923096033
v 0.70241114135175187 0.68241333857653319 -0.21480351035039524
v 0.68516731265468733 0.70540874188032865 -0.19535685686268925
v 0.73431970873966557 0.6339801760881455 -0.25304707880980898
v 0.71882279413653449 0.65856084714314322 -0.23407477563434217
v 0.74558177173119011 0.63355610926609884 -0.21886950813217321
v 0.66190963590609819 0.70554085973518577 -0.26326239757331005
v 0.69088572462840525 0.68259621518417024 -0.24889542216710703
v 0.67851559829952612 0.68188038412572338 -0.28260361857092353
v 0.70914811109415476 0.63187191144880672 -0.32099018440804833
v 0.69422985182429231 0.657309688921492 -0.3019726095933557
v 0.72222853828562295 0.63332898588251929 -0.28717400324831738
v 0.36387428723269832 0.80990760990473343 -0.4657446513031141
v 0.34694538021339094 0.80025519359370212 -0.4944598129221861
v 0.39652887934036185 0.82624803871680008 -0.40664110144186472
v 0.38042904942894246 0.81859105002893295 -0.43641495336140151
v 0.4196710333021485 0.77463022960871353 -0.47862271421897129
v 0.40034321064318723 0.79710932441835669 -0.45782932850756508
v 0.43613022121956063 0.78312348136760346 -0.44918384861453942
v 0.45645284280055076 0.84676205796909809 -0.28271801062805607
v 0.44224386136364396 0.8432055603697941 -0.31417856854524212
v 0.48309687515893135 0.80265579706471657 -0.35724692877252517
v 0.46299931719021942 0.823437760555076 -0.33594028423438721
v 0.49769951611069407 0.80702829506543738 -0.32598508203846249
v 0.4275109434615435 0.83860147218592163 -0.34534600126655468
v 0.41232210445989859 0.83298563982908003 -0.37603921934864126
v 0.55692685477879822 0.7092432935875711 -0.4382113653376904
v 0.53957746792607431 0.73396863019226666 -0.41878358129225246
v 0.57233988349402132 0.71537727134227935 -0.40729247681472697
v 0.47154382891401464 0.76782223660422411 -0.43971078156224935
v 0.50592266228885219 0.75147886255385787 -0.42960882247987359
v 0.48980899945213596 0.74423045469958116 -0.45983462007478126
v 0.53639464943496939 0.76315840413644509 -0.36758098050172583
v 0.52147600700420416 0.75780362506745491 -0.39879872282589068
v 0.5027067277074948 0.78062035121645945 -0.37838079671119029
v 0.43259511988841415 0.81233228272981328 -0.39780412479823213
v 0.46804728929324807 0.79709820022822575 -0.38836666081766619
v 0.45236648678518471 0.79057168295815627 -0.41907203720766861
v 0.65548250175260214 0.72936443089442682 -0.20880721474638686
v 0.63112302080095473 0.72834749895452389 -0.27644697565088067
v 0.64372166595156866 0.7293057851964867 -0.24282782238376102
v 0.62468090257773079 0.75215426555961118 -0.22198621321928882
v 0.5929219267546133 0.7736606897431918 -0.23482429991886036
v 0.5881995924831841 0.71994867642197224 -0.37539490106780005
v 0.55170389422371957 0.76712462611017151 -0.33524569429030326
v 0.57028814315008747 0.74404361851651935 -0.35553801706179156
v 0.6032993103509614 0.72364159517807347 -0.34292887319936349
v 0.61756892510172123 0.72641779835750531 -0.31008749116496803
v 0.49173169231031721 0.83056799681506599 -0.27135445826803239
v 0.55990894194468366 0.79406383642581246 -0.24743413804616954
v 0.52627677268885842 0.8129713624642938 -0.25957324620347866
v 0.51232884889329644 0.81051101201609577 -0.29301541262242392
v 0.53225635112927183 0.78945046116613227 -0.31421068311095501
v 0.59916335122532394 0.74993238211346613 -0.28955757421522721
v 0.56615026874210483 0.77033558916149936 -0.3021674496504132
v 0.57991069942587148 0.77252344685091767 -0.26862653180988588
v 0.8374915849651795 0.020552669304935291 -0.55058668458182225
v 0.84229635954029125 0.053546276360302188 -0.54096305239095988
v 0.85787523952859435 0.033150460640062614 -0.51760523868328001
v 0.80812895685003583 0.094273233222564867 -0.58568464694328104
v 0.82568646702909698 0.073966136549270783 -0.56369291494296747
v 0.80398339472803682 0.061222416428132642 -0.59568251727296728
v 0.86503679641464903 0.09895549379925922 -0.49689603821522843
v 0.84607017454792321 0.08656396061264221 -0.53071138336076973
v 0.84880786640392292 0.11941418195214988 -0.5198647886598089
v 0.72829455727109949 0.17477688211925269 -0.66637636065128991
v 0.74955479537158387 0.1549407800521487 -0.64743379203897844
v 0.72560088782627041 0.14149199511723823 -0.67711837046585943
v 0.79384454347409372 0.1809518438201593 -0.58487967965651377
v 0.77233953604548866 0.16811492924268132 -0.6166378611043497
v 0.77374717202206722 0.20106475784650099 -0.60490744210178649
v 0.76662689605092338 0.10159994450009981 -0.63792714419196639
v 0.76996772959300919 0.13489640539881703 -0.62765788732520633
v 0.78942765477411214 0.11477687325413927 -0.6071443999862387
v 0.86692386820198819 0.2288344003808663 -0.44845298482651358
v 0.85072959045786112 0.21747024222027397 -0.48372953478457581
v 0.84929463869120125 0.24955904507838025 -0.47059411627206044
v 0.85048254705650028 0.1525108718641188 -0.50835550909387095
v 0.85113106698549024 0.18505810654774579 -0.49633284878379608
v 0.86805782580950286 0.16428770660140507 -0.47380845233208191
v 0.81416814598855103 0.2260462936161626 -0.53950493236564101
v 0.83313649332479622 0.20568951525386883 -0.51826631781385457
v 0.81422926377757621 0.19355029381887146 -0.55189650935431911
v 0.81113097208539942 0.12752087444326821 -0.57515453303560016
v 0.81316265680916222 0.1606777418965149 -0.56387801245523173
v 0.8315157467575085 0.14011935804363962 -0.54217127476311966
v 0.52791640192621314 0.32646690777073872 -0.78727707703232741
v 0.55531185649305825 0.30871754685744923 -0.77549714509003831
v 0.52897216476230779 0.29244066062442892 -0.79983520779491379
v 0.60549364023555896 0.33972429393282955 -0.72321961703331505
v 0.58086266181530177 0.32450326561928378 -0.74991593613452345
v 0.57883414185042736 0.35793580167423067 -0.73615403360517517
v 0.5825515259933185 0.25636302042906023 -0.77457422606119075
v 0.58211003561362851 0.29058337331282713 -0.7627416438928214
v 0.60816419219358642 0.27217959644734074 -0.74907423085809965
v 0.69476161260482927 0.39487302356865173 -0.60537499547754692
v 0.67400099449088602 0.38204326875796518 -0.63628541616174239
v 0.6696707595612903 0.41407591884262479 -0.62063483530014474
v 0.67998294662658609 0.31650518468921146 -0.66521974431934705
v 0.67744976331595697 0.34945902969029247 -0.65116956189130026
v 0.70184340101412956 0.33000794910596648 -0.63528268395304455
v 0.626182901344567 0.38719894436675328 -0.68049222851517821
v 0.65218361747360054 0.36856271065316132 -0.66626401919582179
v 0.62942056701882121 0.35449557021287531 -0.69516070984879175
v 0.68110173226925308 0.18070763350997027 -0.71306861567091961
v 0.68219964438247316 0.21499316462940518 -0.70243518126680204
v 0.70519504768626862 0.19554651114169919 -0.68519135256973751
v 0.63376648189408558 0.25323673308881894 -0.73434374865471574
v 0.65834715294908319 0.23426442991335211 -0.71884683405158456
v 0.63334241507203881 0.21905916241118314 -0.74560581164624029
v 0.70532716554112573 0.26345205185232007 -0.66193367582114837
v 0.68238252099011032 0.24908507644611702 -0.69090976454345532
v 0.68166668993166346 0.28279327284993355 -0.67853963821457641
v 0.63165821725474669 0.32117983868705835 -0.70917215100920494
v 0.65709599472743196 0.30216226387236578 -0.69425389173934238
v 0.63311529168845937 0.2873636575273274 -0.72225257820067312
v 0.82124381064521623 0.47307447172793987 -0.32692975080849435
v 0.80969391571067328 0.46593430558212412 -0.36389832714774845
v 0.80004149939964198 0.49464946720119612 -0.34696942012844112
v 0.82603434452273994 0.40683075572087479 -0.39655291925541197
v 0.81837735583487292 0.43660460764041159 -0.38045308934399263
v 0.83874553168085819 0.41469962365794383 -0.36004361714476735
v 0.77441653541465338 0.47881236849798131 -0.41969507321719862
v 0.79689563022429655 0.4580189827865751 -0.40036725055823735
v 0.78290978717354331 0.44937350289354955 -0.43615426113461075
v 0.84654836377503806 0.28290766490706604 -0.45647688271560094
v 0.84299186617573396 0.31436822282425209 -0.44226790127869409
v 0.86164035103770276 0.29228663619083201 -0.42095099422160803
v 0.80244210287065654 0.35743658305153514 -0.48312091507398153
v 0.82322406636101597 0.33612993851339718 -0.4630233571052696
v 0.80681460087137724 0.32617473631747251 -0.49772355602574425
v 0.85223256274170145 0.35434071347351842 -0.39143411291424229
v 0.83838777799186148 0.3455356555455647 -0.42753498337659368
v 0.83277194563501999 0.37622887362765139 -0.41234614437494876
v 0.70902959939351107 0.43840101961670053 -0.55695089469384829
v 0.73375493599820663 0.41897323557126254 -0.53960150784112448
v 0.71516357714821932 0.40748213109373699 -0.57236392340907138
v 0.76760854241016407 0.43990043584125943 -0.47156786882906487
v 0.75126516835979795 0.42979847675888361 -0.50594670220390237
v 0.74401676050552124 0.46002427435379134 -0.48983303936718603
v 0.76294470994238506 0.36777063478073585 -0.53641868935001957
v 0.75758993087339477 0.39898837710490065 -0.52150004691925445
v 0.78040665702239931 0.37857045099020037 -0.50273076762254509
v 0.81211858853575325 0.39799377907724215 -0.43261915980346433
v 0.79688450603416561 0.38855631509667615 -0.46807132920829825
v 0.79035798876409613 0.41926169148667863 -0.45239052670023489
v 0.72915073670036668 0.20899686902539683 -0.65550654166765221
v 0.72813380476046374 0.27663662992989063 -0.6311470607160049
v 0.72909209100242667 0.24301747666277101 -0.64374570586661883
v 0.75194057136555115 0.22217586749829876 -0.62470494249278097
v 0.77344699554913177 0.2350139541978703 -0.59294596666966348
v 0.71973498222791199 0.37558455534681007 -0.58822363239823428
v 0.76691093191611148 0.33543534856931323 -0.55172793413876986
v 0.74382992432245931 0.35572767134080158 -0.57031218306513776
v 0.72342790098401344 0.3431185274783734 -0.60332335026601169
v 0.72620410416344527 0.310277145443978 -0.61759296501677141
v 0.83035430262100596 0.27154411254704242 -0.49175573222536739
v 0.79385014223175232 0.24762379232517956 -0.55993298185973384
v 0.81275766827023366 0.25976290048248862 -0.5263008126039086
v 0.81029731782203573 0.293205066901434 -0.51235288880834673
v 0.78923676697207212 0.31440033738996503 -0.53228039104432212
v 0.74971868791940599 0.28974722849423717 -0.59918739114037423
v 0.77012189496743921 0.30235710392942311 -0.56617430865715512
v 0.77230975265685753 0.26881618608889585 -0.57993473934092166
v 0.36323695285730978 0.77593177032083316 -0.52081476214355971
v 0.43555097651497238 0.74915966456034966 -0.50428119859933296
v 0.39974819467991324 0.76313317946018489 -0.51291430186350373
v 0.3790559492186541 0.750344668461571 -0.54639505832337687
v 0.39429106645647627 0.72365963777143549 -0.57104113544674318
v 0.57197088605503399 0.68134963789869907 -0.46240996543392138
v 0.539195285394241 0.69993654958595919 -0.47389556661266613
v 0.50090038195625186 0.67793023082434034 -0.54288330443976329
v 0.52048039155024806 0.68947758251730284 -0.50885877821333603
v 0.53464107989490239 0.66047320387309505 -0.5321075682548807
v 0.50550215872284321 0.71745681286446483 -0.48471797253791354
v 0.47110959671146985 0.73379340261972981 -0.49481248235782949
v 0.43674150727723277 0.63661663243380795 -0.6396692618818256
v 0.44958093264772153 0.60570848681146416 -0.66044106992846896
v 0.40915846028010311 0.69550549466346334 -0.59505152674546269
v 0.42323639515610162 0.66661377486975582 -0.61782677409936426
v 0.49375374761286611 0.63520344281348584 -0.59826466159652614
v 0.45890189128592834 0.65141997637770888 -0.60849488461724976
v 0.48020663434481559 0.6651407914458608 -0.576366491429679
v 0.45118669694040153 0.72229609657961502 -0.52910471006929916
v 0.46610672996529712 0.69422846430603335 -0.55318389490700204
v 0.43049286834404871 0.70950660714970448 -0.56258802809556263
v 0.77571807612677313 0.52100441642256967 -0.3632609927723599
v 0.74894597036628963 0.50447085287834292 -0.43557501643002244
v 0.76291948526612474 0.51310395614251358 -0.39977223459496336
v 0.75013097426751096 0.54658471260238672 -0.37907998913370422
v 0.72344594357737535 0.57123078972575303 -0.39431510637152628
v 0.68113594370463915 0.4625996197129314 -0.57199492597008406
v 0.69972285539189927 0.47408522089167615 -0.53921932530929118
v 0.67771653663028042 0.54307295871877315 -0.50092442187130193
v 0.68926388832324292 0.50904843249234588 -0.52050443146529812
v 0.66025950967903502 0.53229722253389056 -0.53466511980995246
v 0.71724311867040491 0.48490762681692362 -0.50552619863789339
v 0.73357970842566989 0.49500213663683951 -0.47113363662651991
v 0.63640293823974792 0.63985891616083557 -0.43676554719228283
v 0.60549479261740413 0.66063072420747881 -0.4496049725627716
v 0.69529180046940342 0.59524118102447265 -0.40918250019515318
v 0.66640008067569578 0.61801642837837423 -0.42326043507115163
v 0.63498974861942581 0.59845431587553599 -0.49377778752791612
v 0.65120628218364884 0.60868453889625962 -0.45892593120097835
v 0.66492709725180088 0.57655614570868896 -0.48023067425986565
v 0.7220824023855551 0.52929436434830923 -0.4512107368554516
v 0.69401477011197332 0.55337354918601189 -0.46613076988034718
v 0.70929291295564456 0.5627776823745726 -0.43051690825909872
v 0.52079072222850964 0.36345064705136981 -0.77574211604182319
v 0.50425715868428289 0.43576467070903241 -0.7489700102813398
v 0.51289026194845355 0.39996188887397333 -0.76294352518117492
v 0.54637101840832669 0.37926964341271424 -0.75015501418256114
v 0.57101709553169311 0.39450476065053625 -0.72346998349242553
v 0.46238592551887131 0.57218458024909402 -0.68115998361968932
v 0.47387152669761601 0.53940897958830092 -0.69974689530694945
v 0.54285926452471311 0.50111407615031178 -0.6777405765453306
v 0.50883473829828596 0.52069408574430809 -0.68928792823829299
v 0.53208352833983052 0.53485477408896243 -0.6602835495940852
v 0.48469393262286348 0.50571585291690324 -0.71726715858545509
v 0.49478844244277942 0.47132329090552988 -0.73360374834072006
v 0.63964522196677553 0.43695520147129285 -0.6364269781547981
v 0.66041703001341878 0.44979462684178162 -0.60551883253245431
v 0.59502748683041251 0.40937215447416314 -0.69531584038445349
v 0.6178027341843142 0.42345008935016165 -0.66642412059074596
v 0.59824062168147596 0.49396744180692614 -0.63501378853447599
v 0.60847084470219959 0.45911558547998832 -0.65123032209869902
v 0.57634245151462893 0.48042032853887562 -0.66495113716685106
v 0.52908067015424909 0.45140039113446151 -0.72210644230060517
v 0.55315985499195186 0.46632042415935715 -0.6940388100270235
v 0.56256398818051256 0.43070656253810868 -0.70931695287069463
v 0.58776428961220273 0.6513238392225571 -0.48529258241725176
v 0.61629278120572928 0.58801188017624395 -0.52877025780170184
v 0.6025709068131746 0.62014138328885959 -0.50746298619777352
v 0.56904685838144964 0.64086038466016326 -0.52026803325819493
v 0.54946688776250718 0.62931255365273397 -0.55429547776843402
v 0.65111014502849707 0.48548223669626178 -0.5877883295272528
v 0.58779818598218392 0.52895991208071169 -0.61631682112077957
v 0.61992768909479967 0.50765264047678349 -0.60259494672822489
v 0.64064669046610323 0.52045768753720489 -0.56907089829649982
v 0.62909885945867394 0.55448513204744387 -0.54949092767755736
v 0.48526854250220164 0.58797798380626276 -0.65113418494354725
v 0.52874621788665177 0.61650647539978931 -0.5878222258972341
v 0.50743894628272357 0.60278460100723463 -0.61995172900984985
v 0.52024399334314486 0.56926055257550967 -0.64067073038115341
v 0.55427143785338395 0.54968058195656722 -0.62912289937372423
v 0.5966795129296798 0.57617244716186 -0.56317665895368063
v 0.57595875296779997 0.56336631323269049 -0.59670355284472998
v 0.56315261903863045 0.59689320712373972 -0.57598279288285015
v 0.55056264466677207 -0.83736724967619891 0.0204042941009045
v 0.5409390124759097 -0.84217202425131066 0.053397901156271389
v 0.51758119876822983 -0.85775090423961375 0.033002085436031815
v 0.58566060702823086 -0.80800462156105524 0.094124858018534069
v 0.56366887502791729 -0.82556213174011639 0.073817761345239985
v 0.5956584773579171 -0.80385905943905622 0.061074041224101851
v 0.49687199830017831 -0.86491246112566844 0.098807118595228394
v 0.53068734344571955 -0.84594583925894262 0.086415585408611412
v 0.51984074874475861 -0.84868353111494221 0.11926580674811907
v 0.66635232073623973 -0.72817022198211889 0.17462850691522186
v 0.64740975212392826 -0.74943046008260328 0.1547924048481179
v 0.67709433055080925 -0.72547655253728982 0.14134361991320743
v 0.5848556397414636 -0.79372020818511313 0.18080346861612848
v 0.61661382118929953 -0.77221520075650807 0.16796655403865049
v 0.60488340218673631 -0.77362283673308663 0.20091638264247016
v 0.63790310427691621 -0.76650256076194279 0.10145156929606901
v 0.62763384741015615 -0.76984339430402859 0.13474803019478623
v 0.60712036007118853 -0.78930331948513155 0.11462849805010847
v 0.44842894491146346 -0.8667995329130076 0.22868602517683545
v 0.48370549486952563 -0.85060525516888064 0.21732186701624315
v 0.47057007635701026 -0.84917030340222066 0.2494106698743494
v 0.50833146917882077 -0.85035821176751969 0.152362496660088
v 0.49630880886874595 -0.85100673169650964 0.18490973134371494
v 0.47378441241703173 -0.86793349052052227 0.16413933139737424
v 0.53948089245059083 -0.81404381069957044 0.22589791841213175
v 0.51824227789880439 -0.83301215803581563 0.20554114004983798
v 0.55187246943926904 -0.81410492848859561 0.19340191861484068
v 0.57513049312054998 -0.81100663679641882 0.12737249923923741
v 0.56385397254018155 -0.81303832152018163 0.1605293666924841
v 0.54214723484806948 -0.83139141146852791 0.13997098283960879
v 0.78725303711727723 -0.52779206663723255 0.32631853256670795
v 0.77547310517498824 -0.55518752120407755 0.30856917165341852
v 0.79981116787986362 -0.52884782947332709 0.29229228542039815
v 0.72319557711826488 -0.60536930494657837 0.33957591872879872
v 0.74989189621947328 -0.58073832652632118 0.32435489041525301
v 0.73612999369012522 -0.57870980656144677 0.3577874264701999
v 0.77455018614614057 -0.58242719070433779 0.25621464522502946
v 0.76271760397777133 -0.58198570032464791 0.29043499810879636
v 0.74905019094304948 -0.60803985690460582 0.27203122124330992
v 0.60535095556249663 -0.69463727731584879 0.39472464836462084
v 0.6362613762466921 -0.67387665920190543 0.38189489355393436
v 0.62061079538509456 -0.6695464242723097 0.41392754363859391
v 0.66519570440429698 -0.67985861133760561 0.31635680948518075
v 0.65114552197625009 -0.67732542802697648 0.34931065448626164
v 0.63525864403799437 -0.70171906572514897 0.32985957390193565
v 0.68046818860012803 -0.62605856605558641 0.38705056916272246
v 0.66623997928077172 -0.65205928218461995 0.36841433544913049
v 0.69513666993374168 -0.62929623172984051 0.35434719500884448
v 0.71304457575586944 -0.68097739698027249 0.18055925830593947
v 0.70241114135175187 -0.68207530909349257 0.21484478942537438
v 0.68516731265468733 -0.70507071239728802 0.19539813593766839
v 0.73431970873966557 -0.63364214660510487 0.25308835788478817
v 0.71882279413653449 -0.6582228176601026 0.23411605470932131
v 0.74558177173119011 -0.63321807978305822 0.21891078720715235
v 0.66190963590609819 -0.70520283025214514 0.26330367664828924
v 0.69088572462840525 -0.68225818570112962 0.24893670124208617
v 0.67851559829952612 -0.68154235464268276 0.28264489764590273
v 0.70914811109415476 -0.6315338819657661 0.32103146348302752
v 0.69422985182429231 -0.65697165943845137 0.3020138886683349
v 0.72222853828562295 -0.63299095639947867 0.28721528232329657
v 0.32690571089344411 -0.82111947535623564 0.47292609652390899
v 0.36387428723269832 -0.8095695804216928 0.46578593037809329
v 0.34694538021339094 -0.79991716411066149 0.4945010919971653
v 0.39652887934036185 -0.82591000923375946 0.40668238051684391
v 0.38042904942894246 -0.81825302054589233 0.43645623243638071
v 0.36001957722971717 -0.83862119639187771 0.41455124845391295
v 0.4196710333021485 -0.7742922001256729 0.47866399329395048
v 0.40034321064318723 -0.79677129493531607 0.45787060758254428
v 0.43613022121956063 -0.78278545188456283 0.44922512768951861
v 0.45645284280055076 -0.84642402848605747 0.28275928970303527
v 0.44224386136364396 -0.84286753088675348 0.31421984762022132
v 0.42092695430655785 -0.86151601574872216 0.29213826098680112
v 0.48309687515893135 -0.80231776758167594 0.35728820784750437
v 0.46299931719021942 -0.82309973107203538 0.3359815633093664
v 0.49769951611069407 -0.80669026558239676 0.32602636111344169
v 0.39141007299919212 -0.85210822745272108 0.35419233826948754
v 0.4275109434615435 -0.838263442702881 0.34538728034153388
v 0.41232210445989859 -0.8326476103460394 0.37608049842362046
v 0.55692685477879822 -0.70890526410453047 0.43825264441266959
v 0.53957746792607431 -0.73363060070922603 0.41882486036723166
v 0.57233988349402132 -0.71503924185923873 0.40733375588970616
v 0.47154382891401464 -0.76748420712118348 0.43975206063722855
v 0.50592266228885219 -0.75114083307081725 0.42965010155485278
v 0.48980899945213596 -0.74389242521654053 0.45987589914976046
v 0.53639464943496939 -0.76282037465340446 0.36762225957670502
v 0.52147600700420416 -0.75746559558441429 0.39884000190086988
v 0.5027067277074948 -0.78028232173341883 0.37842207578616949
v 0.43259511988841415 -0.81199425324677266 0.39784540387321132
v 0.46804728929324807 -0.79676017074518513 0.38840793989264538
v 0.45236648678518471 -0.79023365347511565 0.41911331628264781
v 0.65548250175260214 -0.72902640141138619 0.208848493821366
v 0.63112302080095473 -0.72800946947148326 0.27648825472585986
v 0.64372166595156866 -0.72896775571344608 0.24286910145874016
v 0.62468090257773079 -0.75181623607657055 0.22202749229426796
v 0.5929219267546133 -0.77332266026015117 0.2348655789938395
v 0.5881995924831841 -0.71961064693893162 0.37543618014277924
v 0.55170389422371957 -0.76678659662713089 0.33528697336528246
v 0.57028814315008747 -0.74370558903347872 0.35557929613677075
v 0.6032993103509614 -0.72330356569503285 0.34297015227434269
v 0.61756892510172123 -0.72607976887446468 0.31012877023994723
v 0.49173169231031721 -0.83022996733202536 0.27139573734301159
v 0.55990894194468366 -0.79372580694277184 0.24747541712114868
v 0.52627677268885842 -0.81263333298125318 0.25961452527845785
v 0.51232884889329644 -0.81017298253305514 0.29305669169740312
v 0.53225635112927183 -0.78911243168309164 0.31425196218593421
v 0.59916335122532394 -0.74959435263042551 0.2895988532902064
v 0.56615026874210483 -0.76999755967845873 0.30220872872539239
v 0.57991069942587148 -0.77218541736787705 0.26866781088486508
v 0.8374915849651795 -0.020214639821894562 0.55062796365680133
v 0.84229635954029125 -0.053208246877261466 0.54100433146593896
v 0.85787523952859435 -0.032812431157021892 0.51764651775825909
v 0.80812895685003583 -0.093935203739524131 0.58572592601826012
v 0.82568646702909698 -0.073628107066230047 0.56373419401794655
v 0.80398339472803682 -0.06088438694509192 0.59572379634794637
v 0.86503679641464903 -0.098617464316218484 0.49693731729020763
v 0.84607017454792321 -0.086225931129601474 0.53075266243574881
v 0.84880786640392292 -0.11907615246910914 0.51990606773478798
v 0.72829455727109949 -0.17443885263621195 0.666417639726269
v 0.74955479537158387 -0.15460275056910797 0.64747507111395752
v 0.72560088782627041 -0.14115396563419749 0.67715964954083852
v 0.79384454347409372 -0.18061381433711857 0.58492095873149286
v 0.77233953604548866 -0.16777689975964058 0.61667914017932879
v 0.77374717202206722 -0.20072672836346026 0.60494872117676557
v 0.76662689605092338 -0.10126191501705907 0.63796842326694547
v 0.76996772959300919 -0.1345583759157763 0.62769916640018542
v 0.78942765477411214 -0.11443884377109853 0.60718567906121779
v 0.86692386820198819 -0.22849637089782557 0.44849426390149277
v 0.85072959045786112 -0.21713221273723324 0.483770813859555
v 0.84929463869120125 -0.24922101559533952 0.47063539534703963
v 0.85048254705650028 -0.15217284238107806 0.50839678816885003
v 0.85113106698549024 -0.18472007706470506 0.49637412785877527
v 0.86805782580950286 -0.16394967711836433 0.4738497314070611
v 0.81416814598855103 -0.22570826413312187 0.53954621144062009
v 0.83313649332479622 -0.2053514857708281 0.51830759688883365
v 0.81422926377757621 -0.19321226433583072 0.55193778842929819
v 0.81113097208539942 -0.12718284496022747 0.57519581211057924
v 0.81316265680916222 -0.16033971241347417 0.56391929153021081
v 0.8315157467575085 -0.13978132856059888 0.54221255383809874
v 0.52791640192621314 -0.32612887828769799 0.78731835610730649
v 0.55531185649305825 -0.3083795173744085 0.77553842416501739
v 0.52897216476230779 -0.29210263114138818 0.79987648686989288
v 0.60549364023555896 -0.33938626444978881 0.72326089610829414
v 0.58086266181530177 -0.32416523613624304 0.74995721520950254
v 0.57883414185042736 -0.35759777219118993 0.73619531268015426
v 0.5825515259933185 -0.25602499094601949 0.77461550513616984
v 0.58211003561362851 -0.2902453438297864 0.76278292296780048
v 0.60816419219358642 -0.27184156696430001 0.74911550993307874
v 0.69476161260482927 -0.39453499408561099 0.605416274552526
v 0.67400099449088602 -0.38170523927492445 0.63632669523672147
v 0.6696707595612903 -0.41373788935958405 0.62067611437512382
v 0.67998294662658609 -0.31616715520617072 0.66526102339432613
v 0.67744976331595697 -0.34912100020725173 0.65121084096627935
v 0.70184340101412956 -0.32966991962292574 0.63532396302802363
v 0.626182901344567 -0.38686091488371255 0.68053350759015729
v 0.65218361747360054 -0.36822468117012058 0.66630529827080087
v 0.62942056701882121 -0.35415754072983457 0.69520198892377083
v 0.68110173226925308 -0.18036960402692953 0.7131098947458987
v 0.68219964438247316 -0.21465513514636445 0.70247646034178113
v 0.70519504768626862 -0.19520848165865845 0.68523263164471659
v 0.63376648189408558 -0.25289870360577821 0.73438502772969483
v 0.65834715294908319 -0.23392640043031138 0.71888811312656364
v 0.63334241507203881 -0.21872113292814241 0.74564709072121937
v 0.70532716554112573 -0.26311402236927933 0.66197495489612745
v 0.68238252099011032 -0.24874704696307628 0.6909510436184344
v 0.68166668993166346 -0.28245524336689282 0.6785809172895555
v 0.63165821725474669 -0.32084180920401761 0.70921343008418403
v 0.65709599472743196 -0.30182423438932504 0.69429517081432146
v 0.63311529168845937 -0.28702562804428666 0.72229385727565221
v 0.82124381064521623 -0.47273644224489914 0.32697102988347354
v 0.80969391571067328 -0.46559627609908338 0.36393960622272764
v 0.80004149939964198 -0.49431143771815539 0.34701069920342031
v 0.82603434452273994 -0.40649272623783406 0.39659419833039117
v 0.81837735583487292 -0.43626657815737085 0.38049436841897183
v 0.83874553168085819 -0.41436159417490309 0.36008489621974654
v 0.77441653541465338 -0.47847433901494058 0.41973635229217782
v 0.79689563022429655 -0.45768095330353437 0.40040852963321655
v 0.78290978717354331 -0.44903547341050881 0.43619554020958995
v 0.84654836377503806 -0.2825696354240253 0.45651816179058013
v 0.84299186617573396 -0.31403019334121135 0.44230918035367328
v 0.86164035103770276 -0.29194860670779127 0.42099227329658723
v 0.80244210287065654 -0.3570985535684944 0.48316219414896072
v 0.82322406636101597 -0.33579190903035644 0.46306463618024879
v 0.80681460087137724 -0.32583670683443178 0.49776483510072345
v 0.85223256274170145 -0.35400268399047768 0.39147539198922149
v 0.83838777799186148 -0.34519762606252397 0.42757626245157287
v 0.83277194563501999 -0.37589084414461066 0.41238742344992796
v 0.70902959939351107 -0.43806299013365979 0.55699217376882737
v 0.73375493599820663 -0.4186352060882218 0.53964278691610357
v 0.71516357714821932 -0.40714410161069625 0.57240520248405047
v 0.76760854241016407 -0.43956240635821869 0.47160914790404407
v 0.75126516835979795 -0.42946044727584287 0.50598798127888145
v 0.74401676050552124 -0.4596862448707506 0.48987431844216522
v 0.76294470994238506 -0.36743260529769511 0.53645996842499866
v 0.75758993087339477 -0.39865034762185991 0.52154132599423353
v 0.78040665702239931 -0.37823242150715963 0.50277204669752418
v 0.81211858853575325 -0.39765574959420141 0.43266043887844352
v 0.79688450603416561 -0.38821828561363542 0.46811260828327744
v 0.79035798876409613 -0.4189236620036379 0.45243180577521408
v 0.72915073670036668 -0.20865883954235609 0.65554782074263129
v 0.72813380476046374 -0.2762986004468499 0.63118833979098399
v 0.72909209100242667 -0.24267944717973028 0.64378698494159792
v 0.75194057136555115 -0.22183783801525803 0.62474622156776005
v 0.77344699554913177 -0.23467592471482956 0.59298724574464257
v 0.71973498222791199 -0.37524652586376933 0.58826491147321336
v 0.76691093191611148 -0.33509731908627249 0.55176921321374894
v 0.74382992432245931 -0.35538964185776084 0.57035346214011684
v 0.72342790098401344 -0.34278049799533267 0.60336462934099078
v 0.72620410416344527 -0.30993911596093726 0.6176342440917505
v 0.83035430262100596 -0.27120608306400168 0.49179701130034659
v 0.79385014223175232 -0.24728576284213882 0.55997426093471292
v 0.81275766827023366 -0.25942487099944789 0.52634209167888768
v 0.81029731782203573 -0.29286703741839326 0.51239416788332581
v 0.78923676697207212 -0.3140623079069243 0.5323216701193012
v 0.74971868791940599 -0.28940919901119644 0.59922867021535331
v 0.77012189496743921 -0.30201907444638237 0.56621558773213421
v 0.77230975265685753 -0.26847815660585511 0.57997601841590074
v 0.020338975110875176 -0.55043830937779148 0.83755690395520888
v 0.053332582166242072 -0.54081467718692899 0.84236167853032051
v 0.032936766446002505 -0.51745686347924924 0.85794055851862361
v 0.094059539028504738 -0.58553627173925027 0.80819427584006509
v 0.073752442355210668 -0.5635445397389367 0.82575178601912624
v 0.061008722234072527 -0.59553414206893662 0.80404871371806619
v 0.098741799605199104 -0.49674766301119766 0.8651021154046783
v 0.086350266418582108 -0.53056300815673907 0.84613549353795237
v 0.11920048775808978 -0.51971641345577813 0.84887318539395218
v 0.17456318792519251 -0.66622798544725914 0.72835987626112864
v 0.15472708585808856 -0.64728541683494767 0.74962011436161313
v 0.14127830092317809 -0.67696999526182866 0.72566620681629967
v 0.18073814962609919 -0.584731304452483 0.79390986246412287
v 0.16790123504862117 -0.61648948590031893 0.77240485503551792
v 0.20085106365244085 -0.60475906689775571 0.77381249101209648
v 0.10138625030603966 -0.63777876898793573 0.76669221504095264
v 0.13468271120475689 -0.62750951212117556 0.77003304858303834
v 0.11456317906007915 -0.60699602478220793 0.78949297376414151
v 0.22862070618680619 -0.44830460962248281 0.86698918719201745
v 0.21725654802621389 -0.48358115958054509 0.85079490944789038
v 0.24934535088432014 -0.47044574106802967 0.84935995768123052
v 0.15229717767005868 -0.50820713388984018 0.85054786604652954
v 0.18484441235368568 -0.49618447357976531 0.8511963859755195
v 0.16407401240734495 -0.47366007712805114 0.86812314479953212
v 0.22583259942210249 -0.53935655716161035 0.81423346497858018
v 0.20547582105980872 -0.5181179426098238 0.83320181231482549
v 0.19333659962481137 -0.55174813415028845 0.81429458276760536
v 0.12730718024920809 -0.57500615783156939 0.81119629107542868
v 0.16046404770245479 -0.56372963725120095 0.81322797579919148
v 0.1399056638495795 -0.54202289955908889 0.83158106574753776
v 0.32625321357667869 -0.78712870182829675 0.5279817209162424
v 0.3085038526633892 -0.77534876988600754 0.55537717548308752
v 0.29222696643036888 -0.79968683259088291 0.52903748375233706
v 0.33951059973876946 -0.72307124182928428 0.60555895922558822
v 0.32428957142522369 -0.74976756093049268 0.58092798080533103
v 0.35772210748017058 -0.73600565840114451 0.57889946084045651
v 0.25614932623500014 -0.77442585085715998 0.58261684498334776
v 0.29036967911876704 -0.76259326868879063 0.58217535460365777
v 0.27196590225328066 -0.74892585565406888 0.60822951118361568
v 0.39465932937459158 -0.60522662027351604 0.69482693159485864
v 0.38182957456390509 -0.63613704095771151 0.67406631348091517
v 0.41386222464856459 -0.62048646009611397 0.66973607855131956
v 0.31629149049515137 -0.66507136911531628 0.68004826561661536
v 0.34924533549623238 -0.65102118668726949 0.67751508230598634
v 0.32979425491190639 -0.63513430874901378 0.70190872000415883
v 0.3869852501726932 -0.68034385331114755 0.62624822033459626
v 0.36834901645910129 -0.66611564399179113 0.6522489364636298
v 0.35428187601881522 -0.69501233464476098 0.62948588600885036
v 0.18049393931591015 -0.71292024046688884 0.68116705125928234
v 0.21477947043534507 -0.70228680606277138 0.68226496337250231
v 0.19533281694763907 -0.68504297736570674 0.70526036667629788
v 0.25302303889475886 -0.73419537345068497 0.63383180088411484
v 0.23405073571929197 -0.71869845884755379 0.65841247193911245
v 0.21884546821712306 -0.74545743644220963 0.63340773406206796
v 0.26323835765825992 -0.6617853006171176 0.705392484531155
v 0.24887138225205691 -0.69076138933942466 0.68244783998013958
v 0.28257957865587346 -0.67839126301054564 0.68173200892169272
v 0.32096614449299826 -0.70902377580517417 0.63172353624477595
v 0.30194856967830569 -0.69410551653531161 0.65716131371746123
v 0.28714996333326731 -0.72210420299664235 0.63318061067848863
v 0.47286077753387978 -0.32678137560446358 0.82130912963524549
v 0.46572061138806403 -0.36374995194371768 0.80975923470070255
v 0.49443577300713604 -0.34682104492441035 0.80010681838967124
v 0.4066170615268147 -0.3964045440513812 0.8260996635127692
v 0.4363909134463515 -0.38030471413996186 0.81844267482490218
v 0.41448592946388374 -0.35989524194073658 0.83881085067088745
v 0.47859867430392122 -0.41954669801316785 0.77448185440468265
v 0.45780528859251501 -0.40021887535420658 0.79696094921432581
v 0.44915980869948946 -0.43600588593057998 0.78297510616357258
v 0.28269397071300595 -0.45632850751157017 0.84661368276506732
v 0.314154528630192 -0.44211952607466332 0.84305718516576322
v 0.29207294199677192 -0.42080261901757726 0.86170567002773202
v 0.35722288885747505 -0.48297253986995076 0.8025074218606858
v 0.33591624431933709 -0.46287498190123882 0.82328938535104523
v 0.32596104212341237 -0.49757518082171348 0.8068799198614065
v 0.35412701927945833 -0.39128573771021152 0.85229788173173071
v 0.34532196135150461 -0.42738660817256291 0.83845309698189074
v 0.37601517943359131 -0.41219776917091799 0.83283726462504926
v 0.43818732542264033 -0.55680251948981752 0.70909491838354033
v 0.41875954137720239 -0.5394531326370936 0.733820254988236
v 0.4072684368996769 -0.57221554820504072 0.71522889613824858
v 0.43968674164719929 -0.4714194936250341 0.76767386140019322
v 0.42958478256482346 -0.50579832699987159 0.7513304873498271
v 0.45981058015973125 -0.48968466416315526 0.7440820794955505
v 0.36755694058667576 -0.5362703141459888 0.76301002893241432
v 0.39877468291084056 -0.52135167171522356 0.75765524986342414
v 0.37835675679614017 -0.50258239241851432 0.78047197601242868
v 0.39778008488318206 -0.43247078459943356 0.81218390752578251
v 0.38834262090261606 -0.46792295400426748 0.79694982502419487
v 0.41904799729261855 -0.45224215149620417 0.79042330775412539
v 0.20878317483133668 -0.65535816646362144 0.72921605569039594
v 0.27642293573583054 -0.63099868551197413 0.728199123750493
v 0.2428037824687109 -0.64359733066258817 0.72915740999245593
v 0.22196217330423865 -0.6245565672887502 0.75200589035558041
v 0.23480026000381021 -0.59279759146563282 0.77351231453916103
v 0.37537086115274992 -0.58807525719420339 0.71980030121794136
v 0.33522165437525314 -0.55157955893473909 0.76697625090614074
v 0.35551397714674149 -0.57016380786110699 0.74389524331248857
v 0.34290483328431337 -0.60317497506198081 0.7234932199740427
v 0.31006345124991791 -0.61744458981274064 0.72626942315347454
v 0.27133041835298233 -0.49160735702133668 0.83041962161103511
v 0.24741009813111939 -0.55978460665570307 0.79391546122178158
v 0.25954920628842859 -0.52615243739987794 0.81282298726026292
v 0.29299137270737385 -0.51220451360431596 0.81036263681206511
v 0.31418664319590495 -0.53213201584029146 0.78930208596210139
v 0.28953353430017709 -0.59903901593634346 0.74978400690943525
v 0.30214340973536302 -0.56602593345312435 0.77018721395746848
v 0.26860249189483576 -0.57978636413689089 0.77237507164688679
v 0.77571807612677313 -0.52066638693952905 0.3633022718473391
v 0.74894597036628963 -0.5041328233953023 0.43561629550500164
v 0.76291948526612474 -0.51276592665947296 0.39981351366994256
v 0.75013097426751096 -0.5462466831193461 0.37912126820868342
v 0.72344594357737535 -0.5708927602427124 0.39435638544650548
v 0.68113594370463915 -0.46226159022989066 0.57203620504506314
v 0.69972285539189927 -0.47374719140863542 0.53926060438427026
v 0.67771653663028042 -0.54273492923573252 0.50096570094628101
v 0.68926388832324292 -0.50871040300930526 0.52054571054027721
v 0.66025950967903502 -0.53195919305084993 0.53470639888493154
v 0.71724311867040491 -0.48456959733388288 0.50556747771287247
v 0.73357970842566989 -0.49466410715379877 0.47117491570149911
v 0.63640293823974792 -0.63952088667779494 0.43680682626726203
v 0.60549479261740413 -0.66029269472443819 0.44964625163775079
v 0.69529180046940342 -0.59490315154143203 0.40922377927013237
v 0.66640008067569578 -0.6176783988953336 0.42330171414613083
v 0.63498974861942581 -0.59811628639249537 0.49381906660289532
v 0.65120628218364884 -0.60834650941321899 0.45896721027595755
v 0.66492709725180088 -0.57621811622564834 0.48027195333484485
v 0.7220824023855551 -0.52895633486526861 0.45125201593043079
v 0.69401477011197332 -0.55303551970297127 0.46617204895532638
v 0.70929291295564456 -0.56243965289153197 0.43055818733407791
v 0.52079072222850964 -0.36311261756832908 0.77578339511680228
v 0.50425715868428289 -0.43542664122599167 0.74901128935631889
v 0.51289026194845355 -0.39962385939093259 0.762984804256154
v 0.54637101840832669 -0.37893161392967351 0.75019629325754023
v 0.57101709553169311 -0.39416673116749551 0.72351126256740461
v 0.46238592551887131 -0.5718465507660534 0.68120126269466841
v 0.47387152669761601 -0.53907095010526029 0.69978817438192853
v 0.54285926452471311 -0.50077604666727116 0.67778185562030968
v 0.50883473829828596 -0.52035605626126746 0.68932920731327207
v 0.53208352833983052 -0.5345167446059218 0.66032482866906428
v 0.48469393262286348 -0.50537782343386262 0.71730843766043417
v 0.49478844244277942 -0.47098526142248914 0.73364502741569915
v 0.63964522196677553 -0.43661717198825212 0.63646825722977718
v 0.66041703001341878 -0.44945659735874088 0.60556011160743339
v 0.59502748683041251 -0.40903412499112241 0.69535711945943257
v 0.6178027341843142 -0.42311205986712092 0.66646539966572504
v 0.59824062168147596 -0.49362941232388541 0.63505506760945507
v 0.60847084470219959 -0.45877755599694758 0.65127160117367811
v 0.57634245151462893 -0.48008229905583488 0.66499241624183014
v 0.52908067015424909 -0.45106236165142077 0.72214772137558425
v 0.55315985499195186 -0.46598239467631641 0.69408008910200258
v 0.56256398818051256 -0.43036853305506795 0.70935823194567371
v 0.36323695285730978 -0.77559374083779253 0.52085604121853879
v 0.43555097651497238 -0.74882163507730903 0.50432247767431204
v 0.39974819467991324 -0.76279514997714426 0.51295558093848281
v 0.3790559492186541 -0.75000663897853037 0.54643633739835595
v 0.39429106645647627 -0.72332160828839487 0.57108241452172226
v 0.57197088605503399 -0.68101160841565844 0.46245124450890057
v 0.539195285394241 -0.69959852010291856 0.47393684568764533
v 0.50090038195625186 -0.67759220134129972 0.54292458351474238
v 0.52048039155024806 -0.68913955303426222 0.50890005728831511
v 0.53464107989490239 -0.66013517439005442 0.53214884732985979
v 0.50550215872284321 -0.71711878338142421 0.48475925161289274
v 0.47110959671146985 -0.73345537313668918 0.49485376143280868
v 0.43674150727723277 -0.63627860295076732 0.63971054095680469
v 0.44958093264772153 -0.60537045732842354 0.66048234900344804
v 0.40915846028010311 -0.69516746518042272 0.59509280582044177
v 0.42323639515610162 -0.66627574538671519 0.61786805317434335
v 0.49375374761286611 -0.63486541333044522 0.59830594067150522
v 0.45890189128592834 -0.65108194689466825 0.60853616369222885
v 0.48020663434481559 -0.66480276196282018 0.57640777050465808
v 0.45118669694040153 -0.7219580670965744 0.52914598914427824
v 0.46610672996529712 -0.69389043482299273 0.55322517398198112
v 0.43049286834404871 -0.70916857766666386 0.56262930717054171
v 0.65111014502849707 -0.48514420721322105 0.58782960860223188
v 0.58779818598218392 -0.52862188259767107 0.61635810019575865
v 0.61992768909479967 -0.50731461099374286 0.60263622580320397
v 0.64064669046610323 -0.52011965805416427 0.5691121773714789
v 0.62909885945867394 -0.55414710256440325 0.54953220675253645
v 0.48526854250220164 -0.58763995432322214 0.65117546401852633
v 0.52874621788665177 -0.61616844591674869 0.58786350497221318
v 0.50743894628272357 -0.60244657152419401 0.61999300808482893
v 0.52024399334314486 -0.56892252309246905 0.64071200945613249
v 0.55427143785338395 -0.54934255247352659 0.62916417844870332
v 0.58776428961220273 -0.65098580973951647 0.48533386149223096
v 0.61629278120572928 -0.58767385069320333 0.52881153687668092
v 0.6025709068131746 -0.61980335380581897 0.50750426527275261
v 0.56904685838144964 -0.64052235517712264 0.52030931233317401
v 0.54946688776250718 -0.62897452416969335 0.5543367568434131
v 0.57595875296779997 -0.56302828374964986 0.59674483191970906
v 0.56315261903863045 -0.5965551776406991 0.57602407195782923
v 0.5966795129296798 -0.57583441767881938 0.56321793802865971
v 0.48756175085712783 -0.87516098615811289 0.033009601444291957
v 0.49719754420481493 -0.87034869557474115 2.0639537489571924e-05
v 0.46641543981760131 -0.88170218789138866 0.0988591545974081
v 0.47727392915679545 -0.87895714474467701 0.066013476605421659
v 0.43581859661356603 -0.90264553849679507 2.0639537489571924e-05
v 0.45689022163796911 -0.89155496880804841 0.033031945023223985
v 0.42573653026371427 -0.90684313662097382 0.033039296313936019
v 0.41696229039937993 -0.88230173718566574 0.22893431770016395
v 0.43010852464517474 -0.88373000446154537 0.1968496460845571
v 0.39147436066411245 -0.91323641144284495 0.1321352927939336
v 0.41109332067695131 -0.89923385545802947 0.1646138802501986
v 0.37900612331209416 -0.91322267236395405 0.16460201093801868
v 0.44274475560393067 -0.8841111371893754 0.1644500835717653
v 0.45477850294859012 -0.88345576509617763 0.13190708375851515
v 0.30710596453574557 -0.95414193817663562 2.0639537489571924e-05
v 0.32893372955889744 -0.94625946662967075 0.033145388830154519
v 0.29596220897927816 -0.95708390014479328 0.033152073320934505
v 0.39372361066620198 -0.92118976370615702 0.033118192866147485
v 0.3615814182114494 -0.9342728383383041 0.033125045030355176
v 0.37235348265845236 -0.93062125262182749 2.0639537489571924e-05
v 0.33858514934561035 -0.93820420813361571 0.09919950120187325
v 0.35029636339764358 -0.93680844146921705 0.06624233695970333
v 0.37108964036063008 -0.92583486144155702 0.099152122491739034
v 0.43518014981843078 -0.89750070569434481 0.099113192035786835
v 0.40334524538518712 -0.91223817039295141 0.099220488410259391
v 0.4147953751463217 -0.91009918929471612 0.066129933763306378
v 0.29277258465760159 -0.8333977930297386 0.47380892536045305
v 0.30970781433438455 -0.84304630172355066 0.44509617878163743
v 0.27399108896623581 -0.88299294652353177 0.38729349007516289
v 0.2920419281744186 -0.86370516852621815 0.41650319870467778
v 0.25748663993366433 -0.87452766767217904 0.41671506747197251
v 0.32628201107888011 -0.8517177306363749 0.41577390417680099
v 0.34238844996369505 -0.85937063475405284 0.38600257666047044
v 0.19803783921027998 -0.94637062728515919 0.26436309703188526
v 0.21745715541695004 -0.93271190230660272 0.29578584945548408
v 0.18237879050991448 -0.94038869824318061 0.29518801428243613
v 0.28679426815561704 -0.91372356033106616 0.29595085483193906
v 0.2523261596128698 -0.92380934933910608 0.29603390826422726
v 0.26765702399877894 -0.92890936122890866 0.26497362071601854
v 0.22061292898785725 -0.91026474640137645 0.35705214987031769
v 0.23661051726340837 -0.91758489227968243 0.3267820157382742
v 0.25540524883400267 -0.90106519589077194 0.35719446932680493
v 0.3882119332690202 -0.87626109892692117 0.29358148756576535
v 0.40242866248914155 -0.87981280813286122 0.26212388903842981
v 0.3582598498535346 -0.86605992120122299 0.35543055467244
v 0.37345615333249021 -0.87167114025737835 0.32474018776697783
v 0.33590391433014605 -0.90668544671301843 0.26422594046351527
v 0.3549248008565285 -0.88989345548396204 0.29470077138760209
v 0.32124802998951146 -0.90234585493629671 0.29546745003270508
v 0.29005543434899639 -0.89054740063044657 0.35711601100179036
v 0.30584255146913653 -0.89700821185675172 0.32645124318010033
v 0.32440377394990116 -0.87886018232537166 0.35651998701329723
v 0.034634065010535564 -1.0017532864597465 2.0639537489571924e-05
v 0.055325755116769328 -1.0002630604482252 0.03349736083934747
v 0.020647487184172527 -1.0015803524601958 0.033501268456566632
v 0.12451829763454149 -0.99402179402758672 0.033481265057782907
v 0.090014690857635693 -0.99773896496395931 0.033485349627972102
v 0.10382557154217734 -0.99695779962076125 2.0639537489571924e-05
v 0.061904246369438101 -0.99540423449592963 0.10025610708399578
v 0.076008959765423698 -0.99722088569350931 0.066954513128391652
v 0.09657494202825144 -0.99264215548425172 0.10022813417645859
v 0.26107534640037217 -0.96717396189822824 0.033409419184293361
v 0.22741971147575921 -0.9756361571217681 0.033414207577657375
v 0.24038833553810801 -0.97309501842958379 2.0639537489571924e-05
v 0.20047261705051828 -0.97698916513789846 0.10004872689211028
v 0.21408325548562282 -0.97693831755124216 0.066814363949416214
v 0.23441647899989446 -0.96940813117817082 0.10001582066811122
v 0.17251992532952942 -0.98738977851505616 2.0639537489571924e-05
v 0.19341552828971184 -0.98294236588959083 0.033428337091986823
v 0.15925438611260007 -0.98905206174005522 0.033432950392673064
v 0.14301995067769369 -0.96471379901725629 0.23150407367613962
v 0.15770321390962941 -0.96964186911990002 0.19910194113486618
v 0.17763587466688993 -0.95897973481024446 0.2313520249634099
v 0.1172172734426597 -0.98647006151915584 0.13360162830707792
v 0.13752896637721115 -0.97882065838540466 0.16646469874635464
v 0.10277906982690295 -0.98309007638841428 0.16639296072232534
v 0.20655571507052337 -0.96667204690367792 0.16610962611299354
v 0.17218599205543206 -0.97333869675371421 0.16636439329218131
v 0.18637055775980368 -0.97578882663205502 0.13346187813513688
v 0.14540047710260709 -0.98949030387528625 0.066886568616088424
v 0.16605404016240277 -0.98340226308106204 0.10026868064905614
v 0.13135566283964678 -0.9886292534300668 0.10033438669282035
v 0.38410740394708021 -0.89674543555552577 0.23028691720327479
v 0.31689169815251006 -0.92221510719805666 0.23198998472413743
v 0.35068561379165514 -0.91007399587735971 0.23131446994006619
v 0.36508701683676265 -0.91225408073614556 0.19804551718125452
v 0.34546714917095428 -0.92625812348539815 0.16556594089004559
v 0.2127840518778944 -0.95163021093791667 0.2320402035364747
v 0.24159576352126202 -0.95844396158894452 0.1665198013739678
v 0.2273386304132344 -0.9556600443300689 0.19936595097165155
v 0.24774065375168025 -0.94305090046764073 0.23237711817252546
v 0.28230259127392832 -0.93328575846360928 0.23238483225196943
v 0.28290383802644092 -0.95929267907717131 0.066536107760989879
v 0.32506400248833378 -0.93886796161270736 0.13255295608011591
v 0.30426991993207997 -0.94984111372033553 0.099641387292381978
v 0.26948038697204596 -0.96026158611602264 0.099921652881793999
v 0.25578873594090168 -0.95997881465813106 0.13312331505245456
v 0.29697526203742136 -0.93635686274393404 0.19939302508618395
v 0.27657205498938814 -0.94896673817911981 0.16637994260296479
v 0.311263528078496 -0.93821850024207187 0.16605372241168445
v -0.020428334015954671 -0.55043830937779148 0.83755690395520888
v -4.4679452539747209e-05 -0.57380363909373133 0.82197337881834098
v -0.040723589006426815 -0.61855492851569671 0.78778762368935418
v -0.020428386971366012 -0.59655584522467098 0.80534967721593642
v -0.061098081139152022 -0.59553414206893662 0.80404871371806619
v 0.020339028066286517 -0.59655584522467098 0.80534967721593642
v 0.04063423010134732 -0.61855492851569671 0.78778762368935418
v -0.12104476087264159 -0.6993594192307041 0.70788352408694322
v -0.10121947453881711 -0.68041016612761263 0.72914789342992703
v -0.14136765982825758 -0.67696999526182866 0.72566620681629967
v -0.020429399756022124 -0.68386278740673256 0.73264323664321607
v -0.060841636731847448 -0.68271118332253278 0.73147759523587841
v -0.040465653419023528 -0.70393792856213944 0.71251658353798331
v -0.10147560921111916 -0.63777876898793573 0.76669221504095264
v -0.081208016845021117 -0.66061391761404109 0.74957340081108859
v -0.061099571734927881 -0.64009357811086587 0.76903756086256858
v 0.10113011563373761 -0.68041016612761263 0.72914789342992703
v 0.12095540196756209 -0.6993594192307041 0.70788352408694322
v 0.061010212829848386 -0.64009357811086587 0.76903756086256858
v 0.081118657939941621 -0.66061391761404109 0.74957340081108859
v 0.040376294513944033 -0.70393792856213944 0.71251658353798331
v 0.060752277826767953 -0.68271118332253278 0.73147759523587841
v 0.020340040850942629 -0.68386278740673256 0.73264323664321607
v -0.020429454124648791 -0.64111545205738607 0.77033850027160689
v -4.4679452539747209e-05 -0.66292948612397073 0.75191909751696662
v 0.020340095219569296 -0.64111545205738607 0.77033850027160689
v -0.27216977692596872 -0.82060933074737386 0.50728955427953004
v -0.25442673867015497 -0.8088254911878654 0.53468742388663149
v -0.29231632533544832 -0.79968683259088291 0.52903748375233706
v -0.17746082639052413 -0.82327873646825334 0.54362732161123239
v -0.21607764786153466 -0.81670143452139476 0.53956057192746443
v -0.19562707301676593 -0.83624112594765077 0.51695053501847865
v -0.25623868514007958 -0.77442585085715998 0.58261684498334776
v -0.23631199967378422 -0.79605797877927331 0.56149302634407794
v -0.21791483178169332 -0.78238648117436216 0.58754970732724232
v -0.020446643995929825 -0.83655800569943639 0.55185627273703763
v -0.059798620959860369 -0.8352183425550882 0.55102730256916765
v -0.039403519284760519 -0.85196989423476399 0.52667144842108615
v -0.10046838984835307 -0.79851260771296373 0.59757704466238493
v -0.08018484700997755 -0.8173649404419614 0.57470898866934372
v -0.061145988380795345 -0.80122329532451786 0.59926008114347229
v -0.11787853861349405 -0.84671617449598324 0.52342447105515344
v -0.099126230338737048 -0.83255970320065609 0.54938085064705133
v -0.1382326548438827 -0.82859332341434944 0.54692829469842674
v -0.18058329822098965 -0.71292024046688884 0.68116705125928234
v -0.1608369012458008 -0.73568037410293929 0.66162660331804635
v -0.14139799554130925 -0.71843175701251061 0.68462496601169254
v -0.19905014319347433 -0.76760768430586845 0.61318185713293416
v -0.18008530449531812 -0.75210615640205125 0.63776537936455635
v -0.21893482712220255 -0.74545743644220963 0.63340773406206796
v -0.10153211478279139 -0.76178048174773927 0.64359206388122858
v -0.14088622482344548 -0.75755511375135132 0.64116704805837521
v -0.12082009239153296 -0.77841935036516641 0.61991125110689349
v -0.15874445096188941 -0.80933752296050487 0.56972623096391839
v -0.1398331907592735 -0.79435355764687843 0.59520461700491623
v -0.17904797629983388 -0.78897013207524114 0.59185519381857432
v 0.25433737976507553 -0.8088254911878654 0.53468742388663149
v 0.27208041802088928 -0.82060933074737386 0.50728955427953004
v 0.21782547287661383 -0.78238648117436216 0.58754970732724232
v 0.23622264076870472 -0.79605797877927331 0.56149302634407794
v 0.19553771411168644 -0.83624112594765077 0.51695053501847865
v 0.21598828895645517 -0.81670143452139476 0.53956057192746443
v 0.17737146748544463 -0.82327873646825334 0.54362732161123239
v 0.14130863663622975 -0.71843175701251061 0.68462496601169254
v 0.16074754234072131 -0.73568037410293929 0.66162660331804635
v 0.12073073348645347 -0.77841935036516641 0.61991125110689349
v 0.14079686591836599 -0.75755511375135132 0.64116704805837521
v 0.1014427558777119 -0.76178048174773927 0.64359206388122858
v 0.17999594559023863 -0.75210615640205125 0.63776537936455635
v 0.19896078428839484 -0.76760768430586845 0.61318185713293416
v 0.039314160379681024 -0.85196989423476399 0.52667144842108615
v 0.059709262054780873 -0.8352183425550882 0.55102730256916765
v 0.02035728509085033 -0.83655800569943639 0.55185627273703763
v 0.1381432959388032 -0.82859332341434944 0.54692829469842674
v 0.099036871433657553 -0.83255970320065609 0.54938085064705133
v 0.11778917970841456 -0.84671617449598324 0.52342447105515344
v 0.06105662947571585 -0.80122329532451786 0.59926008114347229
v 0.080095488104898055 -0.8173649404419614 0.57470898866934372
v 0.10037903094327358 -0.79851260771296373 0.59757704466238493
v 0.17895861739475438 -0.78897013207524114 0.59185519381857432
v 0.13974383185419401 -0.79435355764687843 0.59520461700491623
v 0.15865509205680992 -0.80933752296050487 0.56972623096391839
v -0.10124824537317902 -0.72187363468712185 0.68810723555065911
v -0.06114764166414817 -0.76410136102693915 0.64593714628869614
v -0.081249906272148939 -0.74349834400689252 0.66741518823511892
v -0.06086177635722239 -0.7241773150436428 0.69043688225837696
v -0.020447826135160278 -0.72532990800825925 0.69160283830805813
v -4.4679452539747209e-05 -0.82009482119318877 0.57640432461163693
v 0.040662148300126578 -0.78394375164921903 0.62336728204016156
v 0.020357343885906095 -0.80252028649614304 0.60029104200979755
v -0.02044670279098559 -0.80252028649614304 0.60029104200979755
v -0.040751507205206074 -0.78394375164921903 0.62336728204016156
v 0.10115888646809952 -0.72187363468712185 0.68810723555065911
v 0.020358467230080782 -0.72532990800825925 0.69160283830805813
v 0.060772417452142895 -0.7241773150436428 0.69043688225837696
v 0.081160547367069444 -0.74349834400689252 0.66741518823511892
v 0.061058282759068674 -0.76410136102693915 0.64593714628869614
v -0.020447886500572936 -0.76539831900181887 0.64696830327022703
v 0.020358527595493441 -0.76539831900181887 0.64696830327022703
v -4.4679452539747209e-05 -0.74581944701108582 0.66976098317370625
v -0.49728690310989437 -0.87034869557474115 2.0639537489571924e-05
v -0.48765110976220727 -0.87516098615811289 0.033009601444291957
v -0.51767055767330927 -0.85775090423961375 0.033002085436031815
v -0.42582588916879371 -0.90684313662097382 0.033039296313936019
v -0.45697958054304855 -0.89155496880804841 0.033031945023223985
v -0.43590795551864547 -0.90264553849679507 2.0639537489571924e-05
v -0.49696135720525775 -0.86491246112566844 0.098807118595228394
v -0.47736328806187489 -0.87895714474467701 0.066013476605421659
v -0.46650479872268075 -0.88170218789138866 0.0988591545974081
v -0.2960515678843576 -0.95708390014479328 0.033152073320934505
v -0.32902308846397688 -0.94625946662967075 0.033145388830154519
v -0.30719532344082501 -0.95414193817663562 2.0639537489571924e-05
v -0.37117899926570952 -0.92583486144155702 0.099152122491739034
v -0.35038572230272302 -0.93680844146921705 0.06624233695970333
v -0.33867450825068979 -0.93820420813361571 0.09919950120187325
v -0.3724428415635318 -0.93062125262182749 2.0639537489571924e-05
v -0.36167077711652884 -0.9342728383383041 0.033125045030355176
v -0.39381296957128142 -0.92118976370615702 0.033118192866147485
v -0.4485183038165429 -0.8667995329130076 0.22868602517683545
v -0.43019788355025418 -0.88373000446154537 0.1968496460845571
v -0.41705164930445937 -0.88230173718566574 0.22893431770016395
v -0.45486786185366956 -0.88345576509617763 0.13190708375851515
v -0.44283411450901011 -0.8841111371893754 0.1644500835717653
v -0.47387377132211117 -0.86793349052052227 0.16413933139737424
v -0.3790954822171736 -0.91322267236395405 0.16460201093801868
v -0.41118267958203075 -0.89923385545802947 0.1646138802501986
v -0.39156371956919189 -0.91323641144284495 0.1321352927939336
v -0.41488473405140114 -0.91009918929471612 0.066129933763306378
v -0.40343460429026656 -0.91223817039295141 0.099220488410259391
v -0.43526950872351022 -0.89750070569434481 0.099113192035786835
v -0.020736846089252022 -1.0015803524601958 0.033501268456566632
v -0.055415114021848823 -1.0002630604482252 0.03349736083934747
v -0.034723423915615059 -1.0017532864597465 2.0639537489571924e-05
v -0.096664300933330935 -0.99264215548425172 0.10022813417645859
v -0.076098318670503193 -0.99722088569350931 0.066954513128391652
v -0.061993605274517596 -0.99540423449592963 0.10025610708399578
v -0.10391493044725683 -0.99695779962076125 2.0639537489571924e-05
v -0.090104049762715188 -0.99773896496395931 0.033485349627972102
v -0.12460765653962098 -0.99402179402758672 0.033481265057782907
v -0.17772523357196943 -0.95897973481024446 0.2313520249634099
v -0.1577925728147089 -0.96964186911990002 0.19910194113486618
v -0.14310930958277318 -0.96471379901725629 0.23150407367613962
v -0.18645991666488318 -0.97578882663205502 0.13346187813513688
v -0.17227535096051155 -0.97333869675371421 0.16636439329218131
v -0.20664507397560286 -0.96667204690367792 0.16610962611299354
v -0.10286842873198244 -0.98309007638841428 0.16639296072232534
v -0.13761832528229065 -0.97882065838540466 0.16646469874635464
v -0.11730663234773919 -0.98647006151915584 0.13360162830707792
v -0.24047769444318751 -0.97309501842958379 2.0639537489571924e-05
v -0.2275090703808387 -0.9756361571217681 0.033414207577657375
v -0.26116470530545161 -0.96717396189822824 0.033409419184293361
v -0.15934374501767956 -0.98905206174005522 0.033432950392673064
v -0.19350488719479134 -0.98294236588959083 0.033428337091986823
v -0.17260928423460892 -0.98738977851505616 2.0639537489571924e-05
v -0.23450583790497395 -0.96940813117817082 0.10001582066811122
v -0.21417261439070231 -0.97693831755124216 0.066814363949416214
v -0.20056197595559777 -0.97698916513789846 0.10004872689211028
v -0.13144502174472628 -0.9886292534300668 0.10033438669282035
v -0.16614339906748227 -0.98340226308106204 0.10026868064905614
v -0.14548983600768658 -0.98949030387528625 0.066886568616088424
v -0.32699506979852355 -0.82111947535623564 0.47292609652390899
v -0.30979717323946399 -0.84304630172355066 0.44509617878163743
v -0.29286194356268103 -0.8333977930297386 0.47380892536045305
v -0.34247780886877449 -0.85937063475405284 0.38600257666047044
v -0.32637136998395955 -0.8517177306363749 0.41577390417680099
v -0.36010893613479661 -0.83862119639187771 0.41455124845391295
v -0.25757599883874377 -0.87452766767217904 0.41671506747197251
v -0.29213128707949804 -0.86370516852621815 0.41650319870467778
v -0.27408044787131525 -0.88299294652353177 0.38729349007516289
v -0.40251802139422099 -0.87981280813286122 0.26212388903842981
v -0.38830129217409964 -0.87626109892692117 0.29358148756576535
v -0.42101631321163729 -0.86151601574872216 0.29213826098680112
v -0.3213373888945909 -0.90234585493629671 0.29546745003270508
v -0.35501415976160794 -0.88989345548396204 0.29470077138760209
v -0.33599327323522549 -0.90668544671301843 0.26422594046351527
v -0.39149943190427156 -0.85210822745272108 0.35419233826948754
v -0.37354551223756965 -0.87167114025737835 0.32474018776697783
v -0.35834920875861404 -0.86605992120122299 0.35543055467244
v -0.18246814941499398 -0.94038869824318061 0.29518801428243613
v -0.21754651432202954 -0.93271190230660272 0.29578584945548408
v -0.19812719811535948 -0.94637062728515919 0.26436309703188526
v -0.25549460773908211 -0.90106519589077194 0.35719446932680493
v -0.23669987616848787 -0.91758489227968243 0.3267820157382742
v -0.22070228789293675 -0.91026474640137645 0.35705214987031769
v -0.26774638290385838 -0.92890936122890866 0.26497362071601854
v -0.25241551851794924 -0.92380934933910608 0.29603390826422726
v -0.28688362706069648 -0.91372356033106616 0.29595085483193906
v -0.3244931328549806 -0.87886018232537166 0.35651998701329723
v -0.30593191037421597 -0.89700821185675172 0.32645124318010033
v -0.29014479325407583 -0.89054740063044657 0.35711601100179036
v -0.28299319693152036 -0.95929267907717131 0.066536107760989879
v -0.25587809484598112 -0.95997881465813106 0.13312331505245456
v -0.2695697458771254 -0.96026158611602264 0.099921652881793999
v -0.30435927883715941 -0.94984111372033553 0.099641387292381978
v -0.32515336139341322 -0.93886796161270736 0.13255295608011591
v -0.21287341078297389 -0.95163021093791667 0.2320402035364747
v -0.28239195017900776 -0.93328575846360928 0.23238483225196943
v -0.24783001265675975 -0.94305090046764073 0.23237711817252546
v -0.2274279893183139 -0.9556600443300689 0.19936595097165155
v -0.24168512242634152 -0.95844396158894452 0.1665198013739678
v -0.38419676285215965 -0.89674543555552577 0.23028691720327479
v -0.34555650807603372 -0.92625812348539815 0.16556594089004559
v -0.36517637574184209 -0.91225408073614556 0.19804551718125452
v -0.35077497269673458 -0.91007399587735971 0.23131446994006619
v -0.3169810570575895 -0.92221510719805666 0.23198998472413743
v -0.27666141389446758 -0.94896673817911981 0.16637994260296479
v -0.2970646209425008 -0.93635686274393404 0.19939302508618395
v -0.31135288698357544 -0.93821850024207187 0.16605372241168445
v 0.25488267444572377 -0.84256036772262155 0.47946838969178196
v 0.17788419538205683 -0.85706841001140244 0.48842234517031069
v 0.21650378740525847 -0.85046939992398163 0.4843469365304115
v 0.23719603286651761 -0.86325791092259541 0.45086618007053847
v 0.21914410544055293 -0.8825684368003166 0.42166240832290025
v 0.020674234238680617 -0.87044937494771124 0.49665456821369502
v 0.060032953972583923 -0.8690972927458418 0.49582067744723057
v 0.10132940566311177 -0.89896176685147977 0.43168954671161391
v 0.080748364168503547 -0.88479367961889199 0.46409436929902775
v 0.061974208545019303 -0.90171984412113759 0.4333808323943511
v 0.099395705033551052 -0.8664202988226738 0.49417191648775149
v 0.13850754214271763 -0.86243893167569252 0.49171335417832596
v 0.16248673208959216 -0.93241720989799304 0.33004698217807088
v 0.14306418764599305 -0.94609052603494637 0.29862346371914744
v 0.20045867857408428 -0.90072683963195888 0.39147430979069286
v 0.1816614686002927 -0.91726333681738292 0.36106311492630089
v 0.10286154082705558 -0.92698960518074691 0.36722373905270544
v 0.14232686443282325 -0.92285128575848585 0.36445826289511407
v 0.12202315327454805 -0.91175120622995931 0.3982063597216981
v 0.15947373475250284 -0.87666761382778757 0.45910920974011965
v 0.14081023566748171 -0.89493472472022895 0.42897296958140207
v 0.1801675633488557 -0.88945710325769822 0.42562589171385623
v -0.25497203335080321 -0.84256036772262155 0.47946838969178196
v -0.21923346434563243 -0.8825684368003166 0.42166240832290025
v -0.2372853917715971 -0.86325791092259541 0.45086618007053847
v -0.21659314631033796 -0.85046939992398163 0.4843469365304115
v -0.17797355428713632 -0.85706841001140244 0.48842234517031069
v -0.14315354655107254 -0.94609052603494637 0.29862346371914744
v -0.16257609099467166 -0.93241720989799304 0.33004698217807088
v -0.12211251217962754 -0.91175120622995931 0.3982063597216981
v -0.14241622333790274 -0.92285128575848585 0.36445826289511407
v -0.10295089973213507 -0.92698960518074691 0.36722373905270544
v -0.18175082750537219 -0.91726333681738292 0.36106311492630089
v -0.20054803747916378 -0.90072683963195888 0.39147430979069286
v -0.060122312877663418 -0.8690972927458418 0.49582067744723057
v -0.020763593143760112 -0.87044937494771124 0.49665456821369502
v -0.13859690104779712 -0.86243893167569252 0.49171335417832596
v -0.099485063938630547 -0.8664202988226738 0.49417191648775149
v -0.062063567450098799 -0.90171984412113759 0.4333808323943511
v -0.080837723073583043 -0.88479367961889199 0.46409436929902775
v -0.10141876456819127 -0.89896176685147977 0.43168954671161391
v -0.18025692225393519 -0.88945710325769822 0.42562589171385623
v -0.14089959457256121 -0.89493472472022895 0.42897296958140207
v -0.15956309365758234 -0.87666761382778757 0.45910920974011965
v -4.4679452539747209e-05 -1.0001141370938214 0.066987266422318656
v 0.041215230605956346 -0.99253452902812322 0.13376744126049717
v 0.020647566008719406 -0.99709222365239492 0.10048340048294074
v -0.020736924913798901 -0.99709222365239492 0.10048340048294074
v -0.041304589511035841 -0.99253452902812322 0.13376744126049717
v 0.12234527395477268 -0.95889551890609614 0.2650995571567773
v 0.1024090986644685 -0.96954722931837634 0.23283932933256404
v 0.020649068158896527 -0.97440383640985673 0.234179644426149
v 0.061533820811779959 -0.97278413277084352 0.23373237226171309
v 0.040842652829496527 -0.96531938590771127 0.26687507032818186
v 0.08222108411420187 -0.97872087428414489 0.20016519297344809
v 0.061906456978826921 -0.98635682179463513 0.16729210603275921
v -0.10249845756954799 -0.96954722931837634 0.23283932933256404
v -0.12243463285985218 -0.95889551890609614 0.2650995571567773
v -0.061995815883906416 -0.98635682179463513 0.16729210603275921
v -0.082310443019281365 -0.97872087428414489 0.20016519297344809
v -0.040932011734576022 -0.96531938590771127 0.26687507032818186
v -0.061623179716859454 -0.97278413277084352 0.23373237226171309
v -0.020738427063976023 -0.97440383640985673 0.234179644426149
v 0.020649149143813102 -0.98804490506789866 0.16751967569861323
v -4.4679452539747209e-05 -0.9819878497468838 0.20106492943472581
v -0.020738508048892598 -0.98804490506789866 0.16751967569861323
v -4.4679452539747209e-05 -0.88758002068097386 0.46580230842153697
v -0.041345352929029799 -0.91745397344719315 0.40165880863995634
v -0.020763680823843365 -0.90328365390219623 0.43406546609887164
v 0.02067432191876387 -0.90328365390219623 0.43406546609887164
v 0.041255994023950304 -0.91745397344719315 0.40165880863995634
v -0.10254042656254074 -0.95092587609726831 0.29996070589524143
v -0.020765349328395098 -0.95578527166687011 0.30130616706793412
v -0.061652591551265935 -0.95416448461554615 0.3008577219154917
v -0.082371592922569542 -0.94135943755512486 0.33438177034721678
v -0.062066022804885157 -0.93026005170013792 0.36813206051115638
v 0.10245106765746124 -0.95092587609726831 0.29996070589524143
v 0.061976663899805662 -0.93026005170013792 0.36813206051115638
v 0.082282234017490047 -0.94135943755512486 0.33438177034721678
v 0.06156323264618644 -0.95416448461554615 0.3008577219154917
v 0.020675990423315603 -0.95578527166687011 0.30130616706793412
v -0.020765439414419454 -0.93182411655119257 0.36881647233903236
v -4.4679452539747209e-05 -0.9446302504803622 0.33528957844798296
v 0.020676080509339959 -0.93182411655119257 0.36881647233903236
v 0.48756175085712783 -0.87516098615811289 -0.032968322369312818
v 0.51758119876822983 -0.85775090423961375 -0.032960806361052676
v 0.42573653026371427 -0.90684313662097382 -0.03299801723895688
v 0.45689022163796911 -0.89155496880804841 -0.032990665948244846
v 0.49687199830017831 -0.86491246112566844 -0.098765839520249255
v 0.47727392915679545 -0.87895714474467701 -0.06597219753044252
v 0.46641543981760131 -0.88170218789138866 -0.098817875522428961
v 0.29596220897927816 -0.95708390014479328 -0.033110794245955366
v 0.32893372955889744 -0.94625946662967075 -0.03310410975517538
v 0.37108964036063008 -0.92583486144155702 -0.099110843416759895
v 0.35029636339764358 -0.93680844146921705 -0.06620105788472419
v 0.33858514934561035 -0.93820420813361571 -0.099158222126894111
v 0.3615814182114494 -0.9342728383383041 -0.033083765955376036
v 0.39372361066620198 -0.92118976370615702 -0.033076913791168346
v 0.44842894491146346 -0.8667995329130076 -0.22864474610185631
v 0.43010852464517474 -0.88373000446154537 -0.19680836700957796
v 0.41696229039937993 -0.88230173718566574 -0.22889303862518481
v 0.45477850294859012 -0.88345576509617763 -0.13186580468353601
v 0.44274475560393067 -0.8841111371893754 -0.16440880449678616
v 0.47378441241703173 -0.86793349052052227 -0.1640980523223951
v 0.37900612331209416 -0.91322267236395405 -0.16456073186303954
v 0.41109332067695131 -0.89923385545802947 -0.16457260117521946
v 0.39147436066411245 -0.91323641144284495 -0.13209401371895446
v 0.4147953751463217 -0.91009918929471612 -0.066088654688327239
v 0.40334524538518712 -0.91223817039295141 -0.099179209335280252
v 0.43518014981843078 -0.89750070569434481 -0.099071912960807695
v 0.020647487184172527 -1.0015803524601958 -0.033459989381587493
v 0.055325755116769328 -1.0002630604482252 -0.033456081764368331
v 0.09657494202825144 -0.99264215548425172 -0.10018685510147946
v 0.076008959765423698 -0.99722088569350931 -0.066913234053412513
v 0.061904246369438101 -0.99540423449592963 -0.10021482800901664
v 0.090014690857635693 -0.99773896496395931 -0.033444070552992963
v 0.12451829763454149 -0.99402179402758672 -0.033439985982803767
v 0.17763587466688993 -0.95897973481024446 -0.23131074588843076
v 0.15770321390962941 -0.96964186911990002 -0.19906066205988704
v 0.14301995067769369 -0.96471379901725629 -0.23146279460116048
v 0.18637055775980368 -0.97578882663205502 -0.13342059906015774
v 0.17218599205543206 -0.97333869675371421 -0.16632311421720217
v 0.20655571507052337 -0.96667204690367792 -0.1660683470380144
v 0.10277906982690295 -0.98309007638841428 -0.16635168164734621
v 0.13752896637721115 -0.97882065838540466 -0.1664234196713755
v 0.1172172734426597 -0.98647006151915584 -0.13356034923209878
v 0.22741971147575921 -0.9756361571217681 -0.033372928502678235
v 0.26107534640037217 -0.96717396189822824 -0.033368140109314222
v 0.15925438611260007 -0.98905206174005522 -0.033391671317693924
v 0.19341552828971184 -0.98294236588959083 -0.033387058017007684
v 0.23441647899989446 -0.96940813117817082 -0.099974541593132085
v 0.21408325548562282 -0.97693831755124216 -0.066773084874437075
v 0.20047261705051828 -0.97698916513789846 -0.10000744781713114
v 0.13135566283964678 -0.9886292534300668 -0.10029310761784122
v 0.16605404016240277 -0.98340226308106204 -0.100227401574077
v 0.14540047710260709 -0.98949030387528625 -0.066845289541109285
v 0.32690571089344411 -0.82111947535623564 -0.4728848174489298
v 0.30970781433438455 -0.84304630172355066 -0.44505489970665824
v 0.29277258465760159 -0.8333977930297386 -0.47376764628547385
v 0.34238844996369505 -0.85937063475405284 -0.38596129758549125
v 0.32628201107888011 -0.8517177306363749 -0.4157326251018218
v 0.36001957722971717 -0.83862119639187771 -0.41450996937893375
v 0.25748663993366433 -0.87452766767217904 -0.41667378839699332
v 0.2920419281744186 -0.86370516852621815 -0.41646191962969858
v 0.27399108896623581 -0.88299294652353177 -0.3872522110001837
v 0.40242866248914155 -0.87981280813286122 -0.26208260996345062
v 0.3882119332690202 -0.87626109892692117 -0.29354020849078616
v 0.42092695430655785 -0.86151601574872216 -0.29209698191182193
v 0.32124802998951146 -0.90234585493629671 -0.29542617095772589
v 0.3549248008565285 -0.88989345548396204 -0.29465949231262289
v 0.33590391433014605 -0.90668544671301843 -0.26418466138853608
v 0.39141007299919212 -0.85210822745272108 -0.35415105919450834
v 0.37345615333249021 -0.87167114025737835 -0.32469890869199863
v 0.3582598498535346 -0.86605992120122299 -0.35538927559746081
v 0.18237879050991448 -0.94038869824318061 -0.29514673520745693
v 0.21745715541695004 -0.93271190230660272 -0.29574457038050489
v 0.19803783921027998 -0.94637062728515919 -0.26432181795690607
v 0.25540524883400267 -0.90106519589077194 -0.35715319025182574
v 0.23661051726340837 -0.91758489227968243 -0.32674073666329501
v 0.22061292898785725 -0.91026474640137645 -0.3570108707953385
v 0.26765702399877894 -0.92890936122890866 -0.26493234164103935
v 0.2523261596128698 -0.92380934933910608 -0.29599262918924807
v 0.28679426815561704 -0.91372356033106616 -0.29590957575695986
v 0.32440377394990116 -0.87886018232537166 -0.35647870793831804
v 0.30584255146913653 -0.89700821185675172 -0.32640996410512113
v 0.29005543434899639 -0.89054740063044657 -0.35707473192681116
v 0.28290383802644092 -0.95929267907717131 -0.06649482868601074
v 0.25578873594090168 -0.95997881465813106 -0.13308203597747542
v 0.26948038697204596 -0.96026158611602264 -0.099880373806814859
v 0.30426991993207997 -0.94984111372033553 -0.099600108217402838
v 0.32506400248833378 -0.93886796161270736 -0.13251167700513677
v 0.2127840518778944 -0.95163021093791667 -0.23199892446149556
v 0.28230259127392832 -0.93328575846360928 -0.23234355317699029
v 0.24774065375168025 -0.94305090046764073 -0.23233583909754632
v 0.2273386304132344 -0.9556600443300689 -0.19932467189667241
v 0.24159576352126202 -0.95844396158894452 -0.16647852229898866
v 0.38410740394708021 -0.89674543555552577 -0.23024563812829565
v 0.34546714917095428 -0.92625812348539815 -0.16552466181506645
v 0.36508701683676265 -0.91225408073614556 -0.19800423810627538
v 0.35068561379165514 -0.91007399587735971 -0.23127319086508705
v 0.31689169815251006 -0.92221510719805666 -0.23194870564915829
v 0.27657205498938814 -0.94896673817911981 -0.16633866352798565
v 0.29697526203742136 -0.93635686274393404 -0.19935174601120481
v 0.311263528078496 -0.93821850024207187 -0.16601244333670531
v -0.51767055767330927 -0.85775090423961375 -0.032960806361052676
v -0.48765110976220727 -0.87516098615811289 -0.032968322369312818
v -0.46650479872268075 -0.88170218789138866 -0.098817875522428961
v -0.47736328806187489 -0.87895714474467701 -0.06597219753044252
v -0.49696135720525775 -0.86491246112566844 -0.098765839520249255
v -0.45697958054304855 -0.89155496880804841 -0.032990665948244846
v -0.42582588916879371 -0.90684313662097382 -0.03299801723895688
v -0.41705164930445937 -0.88230173718566574 -0.22889303862518481
v -0.43019788355025418 -0.88373000446154537 -0.19680836700957796
v -0.4485183038165429 -0.8667995329130076 -0.22864474610185631
v -0.39156371956919189 -0.91323641144284495 -0.13209401371895446
v -0.41118267958203075 -0.89923385545802947 -0.16457260117521946
v -0.3790954822171736 -0.91322267236395405 -0.16456073186303954
v -0.47387377132211117 -0.86793349052052227 -0.1640980523223951
v -0.44283411450901011 -0.8841111371893754 -0.16440880449678616
v -0.45486786185366956 -0.88345576509617763 -0.13186580468353601
v -0.32902308846397688 -0.94625946662967075 -0.03310410975517538
v -0.2960515678843576 -0.95708390014479328 -0.033110794245955366
v -0.39381296957128142 -0.92118976370615702 -0.033076913791168346
v -0.36167077711652884 -0.9342728383383041 -0.033083765955376036
v -0.33867450825068979 -0.93820420813361571 -0.099158222126894111
v -0.35038572230272302 -0.93680844146921705 -0.06620105788472419
v -0.37117899926570952 -0.92583486144155702 -0.099110843416759895
v -0.43526950872351022 -0.89750070569434481 -0.099071912960807695
v -0.40343460429026656 -0.91223817039295141 -0.099179209335280252
v -0.41488473405140114 -0.91009918929471612 -0.066088654688327239
v -0.29286194356268103 -0.8333977930297386 -0.47376764628547385
v -0.30979717323946399 -0.84304630172355066 -0.44505489970665824
v -0.32699506979852355 -0.82111947535623564 -0.4728848174489298
v -0.27408044787131525 -0.88299294652353177 -0.3872522110001837
v -0.29213128707949804 -0.86370516852621815 -0.41646191962969858
v -0.25757599883874377 -0.87452766767217904 -0.41667378839699332
v -0.36010893613479661 -0.83862119639187771 -0.41450996937893375
v -0.32637136998395955 -0.8517177306363749 -0.4157326251018218
v -0.34247780886877449 -0.85937063475405284 -0.38596129758549125
v -0.19812719811535948 -0.94637062728515919 -0.26432181795690607
v -0.21754651432202954 -0.93271190230660272 -0.29574457038050489
v -0.18246814941499398 -0.94038869824318061 -0.29514673520745693
v -0.28688362706069648 -0.91372356033106616 -0.29590957575695986
v -0.25241551851794924 -0.92380934933910608 -0.29599262918924807
v -0.26774638290385838 -0.92890936122890866 -0.26493234164103935
v -0.22070228789293675 -0.91026474640137645 -0.3570108707953385
v -0.23669987616848787 -0.91758489227968243 -0.32674073666329501
v -0.25549460773908211 -0.90106519589077194 -0.35715319025182574
v -0.42101631321163729 -0.86151601574872216 -0.29209698191182193
v -0.38830129217409964 -0.87626109892692117 -0.29354020849078616
v -0.40251802139422099 -0.87981280813286122 -0.26208260996345062
v -0.35834920875861404 -0.86605992120122299 -0.35538927559746081
v -0.37354551223756965 -0.87167114025737835 -0.32469890869199863
v -0.39149943190427156 -0.85210822745272108 -0.35415105919450834
v -0.33599327323522549 -0.90668544671301843 -0.26418466138853608
v -0.35501415976160794 -0.88989345548396204 -0.29465949231262289
v -0.3213373888945909 -0.90234585493629671 -0.29542617095772589
v -0.29014479325407583 -0.89054740063044657 -0.35707473192681116
v -0.30593191037421597 -0.89700821185675172 -0.32640996410512113
v -0.3244931328549806 -0.87886018232537166 -0.35647870793831804
v -0.055415114021848823 -1.0002630604482252 -0.033456081764368331
v -0.020736846089252022 -1.0015803524601958 -0.033459989381587493
v -0.12460765653962098 -0.99402179402758672 -0.033439985982803767
v -0.090104049762715188 -0.99773896496395931 -0.033444070552992963
v -0.061993605274517596 -0.99540423449592963 -0.10021482800901664
v -0.076098318670503193 -0.99722088569350931 -0.066913234053412513
v -0.096664300933330935 -0.99264215548425172 -0.10018685510147946
v -0.26116470530545161 -0.96717396189822824 -0.033368140109314222
v -0.2275090703808387 -0.9756361571217681 -0.033372928502678235
v -0.20056197595559777 -0.97698916513789846 -0.10000744781713114
v -0.21417261439070231 -0.97693831755124216 -0.066773084874437075
v -0.23450583790497395 -0.96940813117817082 -0.099974541593132085
v -0.19350488719479134 -0.98294236588959083 -0.033387058017007684
v -0.15934374501767956 -0.98905206174005522 -0.033391671317693924
v -0.14310930958277318 -0.96471379901725629 -0.23146279460116048
v -0.1577925728147089 -0.96964186911990002 -0.19906066205988704
v -0.17772523357196943 -0.95897973481024446 -0.23131074588843076
v -0.11730663234773919 -0.98647006151915584 -0.13356034923209878
v -0.13761832528229065 -0.97882065838540466 -0.1664234196713755
v -0.10286842873198244 -0.98309007638841428 -0.16635168164734621
v -0.20664507397560286 -0.96667204690367792 -0.1660683470380144
v -0.17227535096051155 -0.97333869675371421 -0.16632311421720217
v -0.18645991666488318 -0.97578882663205502 -0.13342059906015774
v -0.14548983600768658 -0.98949030387528625 -0.066845289541109285
v -0.16614339906748227 -0.98340226308106204 -0.100227401574077
v -0.13144502174472628 -0.9886292534300668 -0.10029310761784122
v -0.38419676285215965 -0.89674543555552577 -0.23024563812829565
v -0.3169810570575895 -0.92221510719805666 -0.23194870564915829
v -0.35077497269673458 -0.91007399587735971 -0.23127319086508705
v -0.36517637574184209 -0.91225408073614556 -0.19800423810627538
v -0.34555650807603372 -0.92625812348539815 -0.16552466181506645
v -0.21287341078297389 -0.95163021093791667 -0.23199892446149556
v -0.24168512242634152 -0.95844396158894452 -0.16647852229898866
v -0.2274279893183139 -0.9556600443300689 -0.19932467189667241
v -0.24783001265675975 -0.94305090046764073 -0.23233583909754632
v -0.28239195017900776 -0.93328575846360928 -0.23234355317699029
v -0.28299319693152036 -0.95929267907717131 -0.06649482868601074
v -0.32515336139341322 -0.93886796161270736 -0.13251167700513677
v -0.30435927883715941 -0.94984111372033553 -0.099600108217402838
v -0.2695697458771254 -0.96026158611602264 -0.099880373806814859
v -0.25587809484598112 -0.95997881465813106 -0.13308203597747542
v -0.2970646209425008 -0.93635686274393404 -0.19935174601120481
v -0.27666141389446758 -0.94896673817911981 -0.16633866352798565
v -0.31135288698357544 -0.93821850024207187 -0.16601244333670531
v 0.020338975110875176 -0.55043830937779148 -0.83751562488022979
v -4.4679452539747209e-05 -0.57380363909373133 -0.8219320997433619
v -0.020428334015954671 -0.55043830937779148 -0.83751562488022979
v 0.04063423010134732 -0.61855492851569671 -0.78774634461437509
v 0.020339028066286517 -0.59655584522467098 -0.80530839814095734
v 0.061008722234072527 -0.59553414206893662 -0.8040074346430871
v -0.061098081139152022 -0.59553414206893662 -0.8040074346430871
v -0.020428386971366012 -0.59655584522467098 -0.80530839814095734
v -0.040723589006426815 -0.61855492851569671 -0.78774634461437509
v 0.12095540196756209 -0.6993594192307041 -0.70784224501196413
v 0.10113011563373761 -0.68041016612761263 -0.72910661435494795
v 0.14127830092317809 -0.67696999526182866 -0.72562492774132059
v 0.020340040850942629 -0.68386278740673256 -0.73260195756823698
v 0.060752277826767953 -0.68271118332253278 -0.73143631616089932
v 0.040376294513944033 -0.70393792856213944 -0.71247530446300422
v 0.10138625030603966 -0.63777876898793573 -0.76665093596597356
v 0.081118657939941621 -0.66061391761404109 -0.7495321217361095
v 0.061010212829848386 -0.64009357811086587 -0.7689962817875895
v -0.14136765982825758 -0.67696999526182866 -0.72562492774132059
v -0.10121947453881711 -0.68041016612761263 -0.72910661435494795
v -0.12104476087264159 -0.6993594192307041 -0.70784224501196413
v -0.061099571734927881 -0.64009357811086587 -0.7689962817875895
v -0.081208016845021117 -0.66061391761404109 -0.7495321217361095
v -0.10147560921111916 -0.63777876898793573 -0.76665093596597356
v -0.040465653419023528 -0.70393792856213944 -0.71247530446300422
v -0.060841636731847448 -0.68271118332253278 -0.73143631616089932
v -0.020429399756022124 -0.68386278740673256 -0.73260195756823698
v 0.020340095219569296 -0.64111545205738607 -0.7702972211966278
v -4.4679452539747209e-05 -0.66292948612397073 -0.75187781844198753
v -0.020429454124648791 -0.64111545205738607 -0.7702972211966278
v 0.27208041802088928 -0.82060933074737386 -0.50724827520455096
v 0.25433737976507553 -0.8088254911878654 -0.5346461448116524
v 0.29222696643036888 -0.79968683259088291 -0.52899620467735797
v 0.17737146748544463 -0.82327873646825334 -0.54358604253625331
v 0.21598828895645517 -0.81670143452139476 -0.53951929285248534
v 0.19553771411168644 -0.83624112594765077 -0.51690925594349957
v 0.25614932623500014 -0.77442585085715998 -0.58257556590836868
v 0.23622264076870472 -0.79605797877927331 -0.56145174726909886
v 0.21782547287661383 -0.78238648117436216 -0.58750842825226324
v 0.02035728509085033 -0.83655800569943639 -0.55181499366205855
v 0.059709262054780873 -0.8352183425550882 -0.55098602349418857
v 0.039314160379681024 -0.85196989423476399 -0.52663016934610707
v 0.10037903094327358 -0.79851260771296373 -0.59753576558740584
v 0.080095488104898055 -0.8173649404419614 -0.57466770959436464
v 0.06105662947571585 -0.80122329532451786 -0.59921880206849321
v 0.11778917970841456 -0.84671617449598324 -0.52338319198017436
v 0.099036871433657553 -0.83255970320065609 -0.54933957157207225
v 0.1381432959388032 -0.82859332341434944 -0.54688701562344766
v 0.18049393931591015 -0.71292024046688884 -0.68112577218430326
v 0.16074754234072131 -0.73568037410293929 -0.66158532424306726
v 0.14130863663622975 -0.71843175701251061 -0.68458368693671345
v 0.19896078428839484 -0.76760768430586845 -0.61314057805795508
v 0.17999594559023863 -0.75210615640205125 -0.63772410028957727
v 0.21884546821712306 -0.74545743644220963 -0.63336645498708888
v 0.1014427558777119 -0.76178048174773927 -0.6435507848062495
v 0.14079686591836599 -0.75755511375135132 -0.64112576898339613
v 0.12073073348645347 -0.77841935036516641 -0.61986997203191441
v 0.15865509205680992 -0.80933752296050487 -0.56968495188893931
v 0.13974383185419401 -0.79435355764687843 -0.59516333792993714
v 0.17895861739475438 -0.78897013207524114 -0.59181391474359524
v -0.29231632533544832 -0.79968683259088291 -0.52899620467735797
v -0.25442673867015497 -0.8088254911878654 -0.5346461448116524
v -0.27216977692596872 -0.82060933074737386 -0.50724827520455096
v -0.21791483178169332 -0.78238648117436216 -0.58750842825226324
v -0.23631199967378422 -0.79605797877927331 -0.56145174726909886
v -0.25623868514007958 -0.77442585085715998 -0.58257556590836868
v -0.19562707301676593 -0.83624112594765077 -0.51690925594349957
v -0.21607764786153466 -0.81670143452139476 -0.53951929285248534
v -0.17746082639052413 -0.82327873646825334 -0.54358604253625331
v -0.14139799554130925 -0.71843175701251061 -0.68458368693671345
v -0.1608369012458008 -0.73568037410293929 -0.66158532424306726
v -0.18058329822098965 -0.71292024046688884 -0.68112577218430326
v -0.12082009239153296 -0.77841935036516641 -0.61986997203191441
v -0.14088622482344548 -0.75755511375135132 -0.64112576898339613
v -0.10153211478279139 -0.76178048174773927 -0.6435507848062495
v -0.21893482712220255 -0.74545743644220963 -0.63336645498708888
v -0.18008530449531812 -0.75210615640205125 -0.63772410028957727
v -0.19905014319347433 -0.76760768430586845 -0.61314057805795508
v -0.039403519284760519 -0.85196989423476399 -0.52663016934610707
v -0.059798620959860369 -0.8352183425550882 -0.55098602349418857
v -0.020446643995929825 -0.83655800569943639 -0.55181499366205855
v -0.1382326548438827 -0.82859332341434944 -0.54688701562344766
v -0.099126230338737048 -0.83255970320065609 -0.54933957157207225
v -0.11787853861349405 -0.84671617449598324 -0.52338319198017436
v -0.061145988380795345 -0.80122329532451786 -0.59921880206849321
v -0.08018484700997755 -0.8173649404419614 -0.57466770959436464
v -0.10046838984835307 -0.79851260771296373 -0.59753576558740584
v -0.17904797629983388 -0.78897013207524114 -0.59181391474359524
v -0.1398331907592735 -0.79435355764687843 -0.59516333792993714
v -0.15874445096188941 -0.80933752296050487 -0.56968495188893931
v 0.10115888646809952 -0.72187363468712185 -0.68806595647568003
v 0.061058282759068674 -0.76410136102693915 -0.64589586721371706
v 0.081160547367069444 -0.74349834400689252 -0.66737390916013983
v 0.060772417452142895 -0.7241773150436428 -0.69039560318339788
v 0.020358467230080782 -0.72532990800825925 -0.69156155923307905
v -4.4679452539747209e-05 -0.82009482119318877 -0.57636304553665785
v -0.040751507205206074 -0.78394375164921903 -0.62332600296518248
v -0.02044670279098559 -0.80252028649614304 -0.60024976293481846
v 0.020357343885906095 -0.80252028649614304 -0.60024976293481846
v 0.040662148300126578 -0.78394375164921903 -0.62332600296518248
v -0.10124824537317902 -0.72187363468712185 -0.68806595647568003
v -0.020447826135160278 -0.72532990800825925 -0.69156155923307905
v -0.06086177635722239 -0.7241773150436428 -0.69039560318339788
v -0.081249906272148939 -0.74349834400689252 -0.66737390916013983
v -0.06114764166414817 -0.76410136102693915 -0.64589586721371706
v 0.020358527595493441 -0.76539831900181887 -0.64692702419524795
v -0.020447886500572936 -0.76539831900181887 -0.64692702419524795
v -4.4679452539747209e-05 -0.74581944701108582 -0.66971970409872716
v -4.4679452539747209e-05 -1.0001141370938214 -0.066945987347339517
v -0.041304589511035841 -0.99253452902812322 -0.13372616218551803
v -0.020736924913798901 -0.99709222365239492 -0.1004421214079616
v 0.020647566008719406 -0.99709222365239492 -0.1004421214079616
v 0.041215230605956346 -0.99253452902812322 -0.13372616218551803
v -0.12243463285985218 -0.95889551890609614 -0.2650582780817981
v -0.10249845756954799 -0.96954722931837634 -0.2327980502575849
v -0.020738427063976023 -0.97440383640985673 -0.23413836535116986
v -0.061623179716859454 -0.97278413277084352 -0.23369109318673395
v -0.040932011734576022 -0.96531938590771127 -0.26683379125320267
v -0.082310443019281365 -0.97872087428414489 -0.20012391389846895
v -0.061995815883906416 -0.98635682179463513 -0.16725082695778007
v 0.1024090986644685 -0.96954722931837634 -0.2327980502575849
v 0.12234527395477268 -0.95889551890609614 -0.2650582780817981
v 0.061906456978826921 -0.98635682179463513 -0.16725082695778007
v 0.08222108411420187 -0.97872087428414489 -0.20012391389846895
v 0.040842652829496527 -0.96531938590771127 -0.26683379125320267
v 0.061533820811779959 -0.97278413277084352 -0.23369109318673395
v 0.020649068158896527 -0.97440383640985673 -0.23413836535116986
v -0.020738508048892598 -0.98804490506789866 -0.16747839662363409
v -4.4679452539747209e-05 -0.9819878497468838 -0.20102365035974668
v 0.020649149143813102 -0.98804490506789866 -0.16747839662363409
v -0.25497203335080321 -0.84256036772262155 -0.47942711061680277
v -0.17797355428713632 -0.85706841001140244 -0.4883810660953315
v -0.21659314631033796 -0.85046939992398163 -0.4843056574554323
v -0.2372853917715971 -0.86325791092259541 -0.45082490099555927
v -0.21923346434563243 -0.8825684368003166 -0.42162112924792106
v -0.020763593143760112 -0.87044937494771124 -0.49661328913871583
v -0.060122312877663418 -0.8690972927458418 -0.49577939837225138
v -0.10141876456819127 -0.89896176685147977 -0.43164826763663472
v -0.080837723073583043 -0.88479367961889199 -0.46405309022404856
v -0.062063567450098799 -0.90171984412113759 -0.43333955331937191
v -0.099485063938630547 -0.8664202988226738 -0.4941306374127723
v -0.13859690104779712 -0.86243893167569252 -0.49167207510334676
v -0.16257609099467166 -0.93241720989799304 -0.33000570310309169
v -0.14315354655107254 -0.94609052603494637 -0.29858218464416825
v -0.20054803747916378 -0.90072683963195888 -0.39143303071571367
v -0.18175082750537219 -0.91726333681738292 -0.36102183585132169
v -0.10295089973213507 -0.92698960518074691 -0.36718245997772625
v -0.14241622333790274 -0.92285128575848585 -0.36441698382013488
v -0.12211251217962754 -0.91175120622995931 -0.39816508064671891
v -0.15956309365758234 -0.87666761382778757 -0.45906793066514046
v -0.14089959457256121 -0.89493472472022895 -0.42893169050642288
v -0.18025692225393519 -0.88945710325769822 -0.42558461263887704
v 0.25488267444572377 -0.84256036772262155 -0.47942711061680277
v 0.21914410544055293 -0.8825684368003166 -0.42162112924792106
v 0.23719603286651761 -0.86325791092259541 -0.45082490099555927
v 0.21650378740525847 -0.85046939992398163 -0.4843056574554323
v 0.17788419538205683 -0.85706841001140244 -0.4883810660953315
v 0.14306418764599305 -0.94609052603494637 -0.29858218464416825
v 0.16248673208959216 -0.93241720989799304 -0.33000570310309169
v 0.12202315327454805 -0.91175120622995931 -0.39816508064671891
v 0.14232686443282325 -0.92285128575848585 -0.36441698382013488
v 0.10286154082705558 -0.92698960518074691 -0.36718245997772625
v 0.1816614686002927 -0.91726333681738292 -0.36102183585132169
v 0.20045867857408428 -0.90072683963195888 -0.39143303071571367
v 0.060032953972583923 -0.8690972927458418 -0.49577939837225138
v 0.020674234238680617 -0.87044937494771124 -0.49661328913871583
v 0.13850754214271763 -0.86243893167569252 -0.49167207510334676
v 0.099395705033551052 -0.8664202988226738 -0.4941306374127723
v 0.061974208545019303 -0.90171984412113759 -0.43333955331937191
v 0.080748364168503547 -0.88479367961889199 -0.46405309022404856
v 0.10132940566311177 -0.89896176685147977 -0.43164826763663472
v 0.1801675633488557 -0.88945710325769822 -0.42558461263887704
v 0.14081023566748171 -0.89493472472022895 -0.42893169050642288
v 0.15947373475250284 -0.87666761382778757 -0.45906793066514046
v -0.10254042656254074 -0.95092587609726831 -0.29991942682026224
v -0.062066022804885157 -0.93026005170013792 -0.36809078143617718
v -0.082371592922569542 -0.94135943755512486 -0.33434049127223758
v -0.061652591551265935 -0.95416448461554615 -0.30081644284051251
v -0.020765349328395098 -0.95578527166687011 -0.30126488799295492
v -4.4679452539747209e-05 -0.88758002068097386 -0.46576102934655778
v 0.041255994023950304 -0.91745397344719315 -0.40161752956497715
v 0.02067432191876387 -0.90328365390219623 -0.43402418702389245
v -0.020763680823843365 -0.90328365390219623 -0.43402418702389245
v -0.041345352929029799 -0.91745397344719315 -0.40161752956497715
v 0.10245106765746124 -0.95092587609726831 -0.29991942682026224
v 0.020675990423315603 -0.95578527166687011 -0.30126488799295492
v 0.06156323264618644 -0.95416448461554615 -0.30081644284051251
v 0.082282234017490047 -0.94135943755512486 -0.33434049127223758
v 0.061976663899805662 -0.93026005170013792 -0.36809078143617718
v -0.020765439414419454 -0.93182411655119257 -0.36877519326405317
v 0.020676080509339959 -0.93182411655119257 -0.36877519326405317
v -4.4679452539747209e-05 -0.9446302504803622 -0.33524829937300377
v 0.5409390124759097 -0.84217202425131066 -0.05335662208129225
v 0.55056264466677207 -0.83736724967619891 -0.020363015025925354
v 0.51984074874475861 -0.84868353111494221 -0.11922452767313993
v 0.53068734344571955 -0.84594583925894262 -0.086374306333632273
v 0.5956584773579171 -0.80385905943905622 -0.061032762149122712
v 0.56366887502791729 -0.82556213174011639 -0.073776482270260846
v 0.58566060702823086 -0.80800462156105524 -0.09408357894355493
v 0.47057007635701026 -0.84917030340222066 -0.24936939079937026
v 0.48370549486952563 -0.85060525516888064 -0.21728058794126401
v 0.55187246943926904 -0.81410492848859561 -0.19336063953986155
v 0.51824227789880439 -0.83301215803581563 -0.20549986097485884
v 0.53948089245059083 -0.81404381069957044 -0.22585663933715261
v 0.49630880886874595 -0.85100673169650964 -0.1848684522687358
v 0.50833146917882077 -0.85035821176751969 -0.15232121758510886
v 0.67709433055080925 -0.72547655253728982 -0.14130234083822829
v 0.64740975212392826 -0.74943046008260328 -0.15475112577313876
v 0.66635232073623973 -0.72817022198211889 -0.17458722784024272
v 0.60712036007118853 -0.78930331948513155 -0.11458721897512933
v 0.62763384741015615 -0.76984339430402859 -0.13470675111980709
v 0.63790310427691621 -0.76650256076194279 -0.10141029022108987
v 0.60488340218673631 -0.77362283673308663 -0.20087510356749103
v 0.61661382118929953 -0.77221520075650807 -0.16792527496367135
v 0.5848556397414636 -0.79372020818511313 -0.18076218954114934
v 0.54214723484806948 -0.83139141146852791 -0.13992970376462965
v 0.56385397254018155 -0.81303832152018163 -0.16048808761750497
v 0.57513049312054998 -0.81100663679641882 -0.12733122016425827
v 0.34694538021339094 -0.79991716411066149 -0.4944598129221861
v 0.36387428723269832 -0.8095695804216928 -0.4657446513031141
v 0.43613022121956063 -0.78278545188456283 -0.44918384861453942
v 0.40034321064318723 -0.79677129493531607 -0.45782932850756508
v 0.4196710333021485 -0.7742922001256729 -0.47862271421897129
v 0.38042904942894246 -0.81825302054589233 -0.43641495336140151
v 0.39652887934036185 -0.82591000923375946 -0.40664110144186472
v 0.57233988349402132 -0.71503924185923873 -0.40729247681472697
v 0.53957746792607431 -0.73363060070922603 -0.41878358129225246
v 0.55692685477879822 -0.70890526410453047 -0.4382113653376904
v 0.5027067277074948 -0.78028232173341883 -0.37838079671119029
v 0.52147600700420416 -0.75746559558441429 -0.39879872282589068
v 0.53639464943496939 -0.76282037465340446 -0.36758098050172583
v 0.48980899945213596 -0.74389242521654053 -0.45983462007478126
v 0.50592266228885219 -0.75114083307081725 -0.42960882247987359
v 0.47154382891401464 -0.76748420712118348 -0.43971078156224935
v 0.44224386136364396 -0.84286753088675348 -0.31417856854524212
v 0.45645284280055076 -0.84642402848605747 -0.28271801062805607
v 0.41232210445989859 -0.8326476103460394 -0.37603921934864126
v 0.4275109434615435 -0.838263442702881 -0.34534600126655468
v 0.49769951611069407 -0.80669026558239676 -0.32598508203846249
v 0.46299931719021942 -0.82309973107203538 -0.33594028423438721
v 0.48309687515893135 -0.80231776758167594 -0.35724692877252517
v 0.45236648678518471 -0.79023365347511565 -0.41907203720766861
v 0.46804728929324807 -0.79676017074518513 -0.38836666081766619
v 0.43259511988841415 -0.81199425324677266 -0.39780412479823213
v 0.79981116787986362 -0.52884782947332709 -0.29225100634541895
v 0.77547310517498824 -0.55518752120407755 -0.30852789257843932
v 0.78725303711727723 -0.52779206663723255 -0.32627725349172876
v 0.74905019094304948 -0.60803985690460582 -0.27198994216833072
v 0.76271760397777133 -0.58198570032464791 -0.29039371903381717
v 0.77455018614614057 -0.58242719070433779 -0.25617336615005026
v 0.73612999369012522 -0.57870980656144677 -0.3577461473952207
v 0.74989189621947328 -0.58073832652632118 -0.32431361134027381
v 0.72319557711826488 -0.60536930494657837 -0.33953463965381953
v 0.68516731265468733 -0.70507071239728802 -0.19535685686268925
v 0.70241114135175187 -0.68207530909349257 -0.21480351035039524
v 0.71304457575586944 -0.68097739698027249 -0.18051797923096033
v 0.67851559829952612 -0.68154235464268276 -0.28260361857092353
v 0.69088572462840525 -0.68225818570112962 -0.24889542216710703
v 0.66190963590609819 -0.70520283025214514 -0.26326239757331005
v 0.74558177173119011 -0.63321807978305822 -0.21886950813217321
v 0.71882279413653449 -0.6582228176601026 -0.23407477563434217
v 0.73431970873966557 -0.63364214660510487 -0.25304707880980898
v 0.62061079538509456 -0.6695464242723097 -0.41388626456361471
v 0.6362613762466921 -0.67387665920190543 -0.38185361447895516
v 0.60535095556249663 -0.69463727731584879 -0.39468336928964165
v 0.69513666993374168 -0.62929623172984051 -0.35430591593386529
v 0.66623997928077172 -0.65205928218461995 -0.3683730563741513
v 0.68046818860012803 -0.62605856605558641 -0.38700929008774326
v 0.63525864403799437 -0.70171906572514897 -0.32981829482695646
v 0.65114552197625009 -0.67732542802697648 -0.34926937541128245
v 0.66519570440429698 -0.67985861133760561 -0.31631553041020155
v 0.72222853828562295 -0.63299095639947867 -0.28717400324831738
v 0.69422985182429231 -0.65697165943845137 -0.3019726095933557
v 0.70914811109415476 -0.6315338819657661 -0.32099018440804833
v 0.49173169231031721 -0.83022996733202536 -0.27135445826803239
v 0.53225635112927183 -0.78911243168309164 -0.31421068311095501
v 0.51232884889329644 -0.81017298253305514 -0.29301541262242392
v 0.52627677268885842 -0.81263333298125318 -0.25957324620347866
v 0.55990894194468366 -0.79372580694277184 -0.24743413804616954
v 0.5881995924831841 -0.71961064693893162 -0.37539490106780005
v 0.61756892510172123 -0.72607976887446468 -0.31008749116496803
v 0.6032993103509614 -0.72330356569503285 -0.34292887319936349
v 0.57028814315008747 -0.74370558903347872 -0.35553801706179156
v 0.55170389422371957 -0.76678659662713089 -0.33524569429030326
v 0.65548250175260214 -0.72902640141138619 -0.20880721474638686
v 0.5929219267546133 -0.77332266026015117 -0.23482429991886036
v 0.62468090257773079 -0.75181623607657055 -0.22198621321928882
v 0.64372166595156866 -0.72896775571344608 -0.24282782238376102
v 0.63112302080095473 -0.72800946947148326 -0.27644697565088067
v 0.56615026874210483 -0.76999755967845873 -0.3021674496504132
v 0.59916335122532394 -0.74959435263042551 -0.28955757421522721
v 0.57991069942587148 -0.77218541736787705 -0.26862653180988588
v 0.032936766446002505 -0.51745686347924924 -0.85789927944364452
v 0.053332582166242072 -0.54081467718692899 -0.84232039945534143
v 0.11920048775808978 -0.51971641345577813 -0.8488319063189731
v 0.086350266418582108 -0.53056300815673907 -0.84609421446297328
v 0.098741799605199104 -0.49674766301119766 -0.86506083632969921
v 0.073752442355210668 -0.5635445397389367 -0.82571050694414716
v 0.094059539028504738 -0.58553627173925027 -0.80815299676508601
v 0.24934535088432014 -0.47044574106802967 -0.84931867860625143
v 0.21725654802621389 -0.48358115958054509 -0.8507536303729113
v 0.22862070618680619 -0.44830460962248281 -0.86694790811703837
v 0.19333659962481137 -0.55174813415028845 -0.81425330369262627
v 0.20547582105980872 -0.5181179426098238 -0.8331605332398464
v 0.22583259942210249 -0.53935655716161035 -0.8141921859036011
v 0.16407401240734495 -0.47366007712805114 -0.86808186572455304
v 0.18484441235368568 -0.49618447357976531 -0.85115510690054041
v 0.15229717767005868 -0.50820713388984018 -0.85050658697155046
v 0.15472708585808856 -0.64728541683494767 -0.74957883528663405
v 0.17456318792519251 -0.66622798544725914 -0.72831859718614955
v 0.11456317906007915 -0.60699602478220793 -0.78945169468916243
v 0.13468271120475689 -0.62750951212117556 -0.76999176950805925
v 0.20085106365244085 -0.60475906689775571 -0.7737712119371174
v 0.16790123504862117 -0.61648948590031893 -0.77236357596053884
v 0.18073814962609919 -0.584731304452483 -0.79386858338914379
v 0.1399056638495795 -0.54202289955908889 -0.83153978667255868
v 0.16046404770245479 -0.56372963725120095 -0.8131866967242124
v 0.12730718024920809 -0.57500615783156939 -0.81115501200044959
v 0.49443577300713604 -0.34682104492441035 -0.80006553931469215
v 0.46572061138806403 -0.36374995194371768 -0.80971795562572346
v 0.47286077753387978 -0.32678137560446358 -0.82126785056026641
v 0.44915980869948946 -0.43600588593057998 -0.78293382708859349
v 0.45780528859251501 -0.40021887535420658 -0.79691967013934673
v 0.47859867430392122 -0.41954669801316785 -0.77444057532970356
v 0.41448592946388374 -0.35989524194073658 -0.83876957159590837
v 0.4363909134463515 -0.38030471413996186 -0.8184013957499231
v 0.4066170615268147 -0.3964045440513812 -0.82605838443779012
v 0.4072684368996769 -0.57221554820504072 -0.7151876170632695
v 0.41875954137720239 -0.5394531326370936 -0.73377897591325691
v 0.43818732542264033 -0.55680251948981752 -0.70905363930856125
v 0.37835675679614017 -0.50258239241851432 -0.7804306969374496
v 0.39877468291084056 -0.52135167171522356 -0.75761397078844506
v 0.36755694058667576 -0.5362703141459888 -0.76296874985743524
v 0.45981058015973125 -0.48968466416315526 -0.74404080042057141
v 0.42958478256482346 -0.50579832699987159 -0.75128920827484802
v 0.43968674164719929 -0.4714194936250341 -0.76763258232521414
v 0.29207294199677192 -0.42080261901757726 -0.86166439095275293
v 0.314154528630192 -0.44211952607466332 -0.84301590609078414
v 0.28269397071300595 -0.45632850751157017 -0.84657240369008824
v 0.37601517943359131 -0.41219776917091799 -0.83279598555007017
v 0.34532196135150461 -0.42738660817256291 -0.83841181790691166
v 0.35412701927945833 -0.39128573771021152 -0.85225660265675163
v 0.32596104212341237 -0.49757518082171348 -0.80683864078642742
v 0.33591624431933709 -0.46287498190123882 -0.82324810627606615
v 0.35722288885747505 -0.48297253986995076 -0.80246614278570672
v 0.41904799729261855 -0.45224215149620417 -0.79038202867914631
v 0.38834262090261606 -0.46792295400426748 -0.79690854594921579
v 0.39778008488318206 -0.43247078459943356 -0.81214262845080343
v 0.3085038526633892 -0.77534876988600754 -0.55533589640810843
v 0.32625321357667869 -0.78712870182829675 -0.52794044184126332
v 0.27196590225328066 -0.74892585565406888 -0.6081882321086366
v 0.29036967911876704 -0.76259326868879063 -0.58213407552867868
v 0.35772210748017058 -0.73600565840114451 -0.57885818176547743
v 0.32428957142522369 -0.74976756093049268 -0.58088670173035195
v 0.33951059973876946 -0.72307124182928428 -0.60551768015060914
v 0.19533281694763907 -0.68504297736570674 -0.70521908760131879
v 0.21477947043534507 -0.70228680606277138 -0.68222368429752323
v 0.28257957865587346 -0.67839126301054564 -0.68169072984671364
v 0.24887138225205691 -0.69076138933942466 -0.6824065609051605
v 0.26323835765825992 -0.6617853006171176 -0.70535120545617591
v 0.23405073571929197 -0.71869845884755379 -0.65837119286413337
v 0.25302303889475886 -0.73419537345068497 -0.63379052180913575
v 0.41386222464856459 -0.62048646009611397 -0.66969479947634047
v 0.38182957456390509 -0.63613704095771151 -0.67402503440593609
v 0.39465932937459158 -0.60522662027351604 -0.69478565251987956
v 0.35428187601881522 -0.69501233464476098 -0.62944460693387128
v 0.36834901645910129 -0.66611564399179113 -0.65220765738865072
v 0.3869852501726932 -0.68034385331114755 -0.62620694125961718
v 0.32979425491190639 -0.63513430874901378 -0.70186744092917974
v 0.34924533549623238 -0.65102118668726949 -0.67747380323100725
v 0.31629149049515137 -0.66507136911531628 -0.68000698654163627
v 0.28714996333326731 -0.72210420299664235 -0.63313933160350955
v 0.30194856967830569 -0.69410551653531161 -0.65712003464248214
v 0.32096614449299826 -0.70902377580517417 -0.63168225716979687
v 0.27133041835298233 -0.49160735702133668 -0.83037834253605602
v 0.31418664319590495 -0.53213201584029146 -0.7892608068871223
v 0.29299137270737385 -0.51220451360431596 -0.81032135773708602
v 0.25954920628842859 -0.52615243739987794 -0.81278170818528384
v 0.24741009813111939 -0.55978460665570307 -0.7938741821468025
v 0.37537086115274992 -0.58807525719420339 -0.71975902214296228
v 0.31006345124991791 -0.61744458981274064 -0.72622814407849545
v 0.34290483328431337 -0.60317497506198081 -0.72345194089906362
v 0.35551397714674149 -0.57016380786110699 -0.74385396423750949
v 0.33522165437525314 -0.55157955893473909 -0.76693497183116166
v 0.20878317483133668 -0.65535816646362144 -0.72917477661541685
v 0.23480026000381021 -0.59279759146563282 -0.77347103546418194
v 0.22196217330423865 -0.6245565672887502 -0.75196461128060132
v 0.2428037824687109 -0.64359733066258817 -0.72911613091747685
v 0.27642293573583054 -0.63099868551197413 -0.72815784467551392
v 0.30214340973536302 -0.56602593345312435 -0.77014593488248939
v 0.28953353430017709 -0.59903901593634346 -0.74974272783445617
v 0.26860249189483576 -0.57978636413689089 -0.77233379257190771
v 0.85787523952859435 -0.032812431157021892 -0.51760523868328001
v 0.84229635954029125 -0.053208246877261466 -0.54096305239095988
v 0.8374915849651795 -0.020214639821894562 -0.55058668458182225
v 0.84880786640392292 -0.11907615246910914 -0.5198647886598089
v 0.84607017454792321 -0.086225931129601474 -0.53071138336076973
v 0.86503679641464903 -0.098617464316218484 -0.49689603821522843
v 0.80398339472803682 -0.06088438694509192 -0.59568251727296728
v 0.82568646702909698 -0.073628107066230047 -0.56369291494296747
v 0.80812895685003583 -0.093935203739524131 -0.58568464694328104
v 0.84929463869120125 -0.24922101559533952 -0.47059411627206044
v 0.85072959045786112 -0.21713221273723324 -0.48372953478457581
v 0.86692386820198819 -0.22849637089782557 -0.44845298482651358
v 0.81422926377757621 -0.19321226433583072 -0.55189650935431911
v 0.83313649332479622 -0.2053514857708281 -0.51826631781385457
v 0.81416814598855103 -0.22570826413312187 -0.53950493236564101
v 0.86805782580950286 -0.16394967711836433 -0.47380845233208191
v 0.85113106698549024 -0.18472007706470506 -0.49633284878379608
v 0.85048254705650028 -0.15217284238107806 -0.50835550909387095
v 0.72560088782627041 -0.14115396563419749 -0.67711837046585943
v 0.74955479537158387 -0.15460275056910797 -0.64743379203897844
v 0.72829455727109949 -0.17443885263621195 -0.66637636065128991
v 0.78942765477411214 -0.11443884377109853 -0.6071443999862387
v 0.76996772959300919 -0.1345583759157763 -0.62765788732520633
v 0.76662689605092338 -0.10126191501705907 -0.63792714419196639
v 0.77374717202206722 -0.20072672836346026 -0.60490744210178649
v 0.77233953604548866 -0.16777689975964058 -0.6166378611043497
v 0.79384454347409372 -0.18061381433711857 -0.58487967965651377
v 0.8315157467575085 -0.13978132856059888 -0.54217127476311966
v 0.81316265680916222 -0.16033971241347417 -0.56387801245523173
v 0.81113097208539942 -0.12718284496022747 -0.57515453303560016
v 0.80004149939964198 -0.49431143771815539 -0.34696942012844112
v 0.80969391571067328 -0.46559627609908338 -0.36389832714774845
v 0.82124381064521623 -0.47273644224489914 -0.32692975080849435
v 0.78290978717354331 -0.44903547341050881 -0.43615426113461075
v 0.79689563022429655 -0.45768095330353437 -0.40036725055823735
v 0.77441653541465338 -0.47847433901494058 -0.41969507321719862
v 0.83874553168085819 -0.41436159417490309 -0.36004361714476735
v 0.81837735583487292 -0.43626657815737085 -0.38045308934399263
v 0.82603434452273994 -0.40649272623783406 -0.39655291925541197
v 0.71516357714821932 -0.40714410161069625 -0.57236392340907138
v 0.73375493599820663 -0.4186352060882218 -0.53960150784112448
v 0.70902959939351107 -0.43806299013365979 -0.55695089469384829
v 0.78040665702239931 -0.37823242150715963 -0.50273076762254509
v 0.75758993087339477 -0.39865034762185991 -0.52150004691925445
v 0.76294470994238506 -0.36743260529769511 -0.53641868935001957
v 0.74401676050552124 -0.4596862448707506 -0.48983303936718603
v 0.75126516835979795 -0.42946044727584287 -0.50594670220390237
v 0.76760854241016407 -0.43956240635821869 -0.47156786882906487
v 0.86164035103770276 -0.29194860670779127 -0.42095099422160803
v 0.84299186617573396 -0.31403019334121135 -0.44226790127869409
v 0.84654836377503806 -0.2825696354240253 -0.45647688271560094
v 0.83277194563501999 -0.37589084414461066 -0.41234614437494876
v 0.83838777799186148 -0.34519762606252397 -0.42753498337659368
v 0.85223256274170145 -0.35400268399047768 -0.39143411291424229
v 0.80681460087137724 -0.32583670683443178 -0.49772355602574425
v 0.82322406636101597 -0.33579190903035644 -0.4630233571052696
v 0.80244210287065654 -0.3570985535684944 -0.48312091507398153
v 0.79035798876409613 -0.4189236620036379 -0.45239052670023489
v 0.79688450603416561 -0.38821828561363542 -0.46807132920829825
v 0.81211858853575325 -0.39765574959420141 -0.43261915980346433
v 0.52897216476230779 -0.29210263114138818 -0.79983520779491379
v 0.55531185649305825 -0.3083795173744085 -0.77549714509003831
v 0.52791640192621314 -0.32612887828769799 -0.78727707703232741
v 0.60816419219358642 -0.27184156696430001 -0.74907423085809965
v 0.58211003561362851 -0.2902453438297864 -0.7627416438928214
v 0.5825515259933185 -0.25602499094601949 -0.77457422606119075
v 0.57883414185042736 -0.35759777219118993 -0.73615403360517517
v 0.58086266181530177 -0.32416523613624304 -0.74991593613452345
v 0.60549364023555896 -0.33938626444978881 -0.72321961703331505
v 0.70519504768626862 -0.19520848165865845 -0.68519135256973751
v 0.68219964438247316 -0.21465513514636445 -0.70243518126680204
v 0.68110173226925308 -0.18036960402692953 -0.71306861567091961
v 0.68166668993166346 -0.28245524336689282 -0.67853963821457641
v 0.68238252099011032 -0.24874704696307628 -0.69090976454345532
v 0.70532716554112573 -0.26311402236927933 -0.66193367582114837
v 0.63334241507203881 -0.21872113292814241 -0.74560581164624029
v 0.65834715294908319 -0.23392640043031138 -0.71884683405158456
v 0.63376648189408558 -0.25289870360577821 -0.73434374865471574
v 0.6696707595612903 -0.41373788935958405 -0.62063483530014474
v 0.67400099449088602 -0.38170523927492445 -0.63628541616174239
v 0.69476161260482927 -0.39453499408561099 -0.60537499547754692
v 0.62942056701882121 -0.35415754072983457 -0.69516070984879175
v 0.65218361747360054 -0.36822468117012058 -0.66626401919582179
v 0.626182901344567 -0.38686091488371255 -0.68049222851517821
v 0.70184340101412956 -0.32966991962292574 -0.63528268395304455
v 0.67744976331595697 -0.34912100020725173 -0.65116956189130026
v 0.67998294662658609 -0.31616715520617072 -0.66521974431934705
v 0.63311529168845937 -0.28702562804428666 -0.72225257820067312
v 0.65709599472743196 -0.30182423438932504 -0.69425389173934238
v 0.63165821725474669 -0.32084180920401761 -0.70917215100920494
v 0.83035430262100596 -0.27120608306400168 -0.49175573222536739
v 0.78923676697207212 -0.3140623079069243 -0.53228039104432212
v 0.81029731782203573 -0.29286703741839326 -0.51235288880834673
v 0.81275766827023366 -0.25942487099944789 -0.5263008126039086
v 0.79385014223175232 -0.24728576284213882 -0.55993298185973384
v 0.71973498222791199 -0.37524652586376933 -0.58822363239823428
v 0.72620410416344527 -0.30993911596093726 -0.61759296501677141
v 0.72342790098401344 -0.34278049799533267 -0.60332335026601169
v 0.74382992432245931 -0.35538964185776084 -0.57031218306513776
v 0.76691093191611148 -0.33509731908627249 -0.55172793413876986
v 0.72915073670036668 -0.20865883954235609 -0.65550654166765221
v 0.77344699554913177 -0.23467592471482956 -0.59294596666966348
v 0.75194057136555115 -0.22183783801525803 -0.62470494249278097
v 0.72909209100242667 -0.24267944717973028 -0.64374570586661883
v 0.72813380476046374 -0.2762986004468499 -0.6311470607160049
v 0.77012189496743921 -0.30201907444638237 -0.56617430865715512
v 0.74971868791940599 -0.28940919901119644 -0.59918739114037423
v 0.77230975265685753 -0.26847815660585511 -0.57993473934092166
v 0.36323695285730978 -0.77559374083779253 -0.52081476214355971
v 0.39429106645647627 -0.72332160828839487 -0.57104113544674318
v 0.3790559492186541 -0.75000663897853037 -0.54639505832337687
v 0.39974819467991324 -0.76279514997714426 -0.51291430186350373
v 0.43555097651497238 -0.74882163507730903 -0.50428119859933296
v 0.44958093264772153 -0.60537045732842354 -0.66044106992846896
v 0.43674150727723277 -0.63627860295076732 -0.6396692618818256
v 0.48020663434481559 -0.66480276196282018 -0.576366491429679
v 0.45890189128592834 -0.65108194689466825 -0.60849488461724976
v 0.49375374761286611 -0.63486541333044522 -0.59826466159652614
v 0.42323639515610162 -0.66627574538671519 -0.61782677409936426
v 0.40915846028010311 -0.69516746518042272 -0.59505152674546269
v 0.539195285394241 -0.69959852010291856 -0.47389556661266613
v 0.57197088605503399 -0.68101160841565844 -0.46240996543392138
v 0.47110959671146985 -0.73345537313668918 -0.49481248235782949
v 0.50550215872284321 -0.71711878338142421 -0.48471797253791354
v 0.53464107989490239 -0.66013517439005442 -0.5321075682548807
v 0.52048039155024806 -0.68913955303426222 -0.50885877821333603
v 0.50090038195625186 -0.67759220134129972 -0.54288330443976329
v 0.43049286834404871 -0.70916857766666386 -0.56258802809556263
v 0.46610672996529712 -0.69389043482299273 -0.55318389490700204
v 0.45118669694040153 -0.7219580670965744 -0.52910471006929916
v 0.52079072222850964 -0.36311261756832908 -0.77574211604182319
v 0.57101709553169311 -0.39416673116749551 -0.72346998349242553
v 0.54637101840832669 -0.37893161392967351 -0.75015501418256114
v 0.51289026194845355 -0.39962385939093259 -0.76294352518117492
v 0.50425715868428289 -0.43542664122599167 -0.7489700102813398
v 0.66041703001341878 -0.44945659735874088 -0.60551883253245431
v 0.63964522196677553 -0.43661717198825212 -0.6364269781547981
v 0.57634245151462893 -0.48008229905583488 -0.66495113716685106
v 0.60847084470219959 -0.45877755599694758 -0.65123032209869902
v 0.59824062168147596 -0.49362941232388541 -0.63501378853447599
v 0.6178027341843142 -0.42311205986712092 -0.66642412059074596
v 0.59502748683041251 -0.40903412499112241 -0.69531584038445349
v 0.47387152669761601 -0.53907095010526029 -0.69974689530694945
v 0.46238592551887131 -0.5718465507660534 -0.68115998361968932
v 0.49478844244277942 -0.47098526142248914 -0.73360374834072006
v 0.48469393262286348 -0.50537782343386262 -0.71726715858545509
v 0.53208352833983052 -0.5345167446059218 -0.6602835495940852
v 0.50883473829828596 -0.52035605626126746 -0.68928792823829299
v 0.54285926452471311 -0.50077604666727116 -0.6777405765453306
v 0.56256398818051256 -0.43036853305506795 -0.70931695287069463
v 0.55315985499195186 -0.46598239467631641 -0.6940388100270235
v 0.52908067015424909 -0.45106236165142077 -0.72210644230060517
v 0.77571807612677313 -0.52066638693952905 -0.3632609927723599
v 0.72344594357737535 -0.5708927602427124 -0.39431510637152628
v 0.75013097426751096 -0.5462466831193461 -0.37907998913370422
v 0.76291948526612474 -0.51276592665947296 -0.39977223459496336
v 0.74894597036628963 -0.5041328233953023 -0.43557501643002244
v 0.60549479261740413 -0.66029269472443819 -0.4496049725627716
v 0.63640293823974792 -0.63952088667779494 -0.43676554719228283
v 0.66492709725180088 -0.57621811622564834 -0.48023067425986565
v 0.65120628218364884 -0.60834650941321899 -0.45892593120097835
v 0.63498974861942581 -0.59811628639249537 -0.49377778752791612
v 0.66640008067569578 -0.6176783988953336 -0.42326043507115163
v 0.69529180046940342 -0.59490315154143203 -0.40918250019515318
v 0.69972285539189927 -0.47374719140863542 -0.53921932530929118
v 0.68113594370463915 -0.46226159022989066 -0.57199492597008406
v 0.73357970842566989 -0.49466410715379877 -0.47113363662651991
v 0.71724311867040491 -0.48456959733388288 -0.50552619863789339
v 0.66025950967903502 -0.53195919305084993 -0.53466511980995246
v 0.68926388832324292 -0.50871040300930526 -0.52050443146529812
v 0.67771653663028042 -0.54273492923573252 -0.50092442187130193
v 0.70929291295564456 -0.56243965289153197 -0.43051690825909872
v 0.69401477011197332 -0.55303551970297127 -0.46613076988034718
v 0.7220824023855551 -0.52895633486526861 -0.4512107368554516
v 0.48526854250220164 -0.58763995432322214 -0.65113418494354725
v 0.55427143785338395 -0.54934255247352659 -0.62912289937372423
v 0.52024399334314486 -0.56892252309246905 -0.64067073038115341
v 0.50743894628272357 -0.60244657152419401 -0.61995172900984985
v 0.52874621788665177 -0.61616844591674869 -0.5878222258972341
v 0.65111014502849707 -0.48514420721322105 -0.5877883295272528
v 0.62909885945867394 -0.55414710256440325 -0.54949092767755736
v 0.64064669046610323 -0.52011965805416427 -0.56907089829649982
v 0.61992768909479967 -0.50731461099374286 -0.60259494672822489
v 0.58779818598218392 -0.52862188259767107 -0.61631682112077957
v 0.58776428961220273 -0.65098580973951647 -0.48529258241725176
v 0.54946688776250718 -0.62897452416969335 -0.55429547776843402
v 0.56904685838144964 -0.64052235517712264 -0.52026803325819493
v 0.6025709068131746 -0.61980335380581897 -0.50746298619777352
v 0.61629278120572928 -0.58767385069320333 -0.52877025780170184
v 0.57595875296779997 -0.56302828374964986 -0.59670355284472998
v 0.5966795129296798 -0.57583441767881938 -0.56317665895368063
v 0.56315261903863045 -0.5965551776406991 -0.57598279288285015
v 0.57392797438271204 -0.82178372453933113 2.0639537489571924e-05
v 0.6186792638046773 -0.78759796941034421 -0.040658270016397505
v 0.59668018051365168 -0.80516002293692657 -0.020363067981336698
v 0.59668018051365168 -0.80516002293692657 0.020404347056315844
v 0.6186792638046773 -0.78759796941034421 0.040699549091376644
v 0.6994837545196847 -0.70769386980793336 -0.12097944188261228
v 0.68053450141659311 -0.7289582391509174 -0.10115415554878779
v 0.68398712269571305 -0.7324535823642061 -0.020364080765992807
v 0.68283551861151326 -0.73128794095686855 -0.060776317741818145
v 0.70406226385112003 -0.71232692925897356 -0.040400334428994211
v 0.66073825290302168 -0.74938374653207873 -0.081142697854991827
v 0.64021791339984635 -0.76884790658355884 -0.061034252744898584
v 0.68053450141659311 -0.7289582391509174 0.10119543462376693
v 0.6994837545196847 -0.70769386980793336 0.12102072095759142
v 0.64021791339984635 -0.76884790658355884 0.061075531819877724
v 0.66073825290302168 -0.74938374653207873 0.081183976929970966
v 0.70406226385112003 -0.71232692925897356 0.04044161350397335
v 0.68283551861151326 -0.73128794095686855 0.060817596816797284
v 0.68398712269571305 -0.7324535823642061 0.020405359840971953
v 0.64123978734636666 -0.77014884599259703 -0.020364135134619477
v 0.66305382141295133 -0.75172944323795687 2.0639537489571924e-05
v 0.64123978734636666 -0.77014884599259703 0.020405414209598623
v 0.82073366603635445 -0.5070999000005203 -0.27210445793593946
v 0.80894982647684599 -0.53449776960762163 -0.25436141968012566
v 0.82340307175723393 -0.54343766733222276 -0.17739550740049481
v 0.81682576981037525 -0.5393709176484548 -0.21601232887150534
v 0.83636546123663125 -0.51676088073946891 -0.19556175402673664
v 0.7961823140682539 -0.56130337206506808 -0.2362466806837549
v 0.78251081646334275 -0.58736005304823258 -0.21784951279166401
v 0.83668234098841698 -0.55166661845802789 -0.020381325005900508
v 0.83534267784406879 -0.55083764829015802 -0.059733301969831065
v 0.85209422952374458 -0.52648179414207641 -0.039338200294731202
v 0.79863694300194432 -0.59738739038337507 -0.1004030708583238
v 0.81748927573094188 -0.57451933439033409 -0.080119528019948233
v 0.80134763061349845 -0.59907042686446255 -0.061080669390766035
v 0.84684050978496395 -0.5232348167761437 -0.11781321962346476
v 0.83268403848963668 -0.54919119636804159 -0.099060911348707731
v 0.82871765870333003 -0.546738640419417 -0.13816733585385338
v 0.73580470939191978 -0.66143694903903649 -0.16077158225577148
v 0.71855609230149109 -0.68443531173268257 -0.14133267655127993
v 0.76773201959484905 -0.61299220285392431 -0.19898482420344502
v 0.75223049169103173 -0.63757572508554661 -0.18001998550528886
v 0.76190481703671986 -0.64340240960221873 -0.10146679579276208
v 0.75767944904033191 -0.64097739377936536 -0.14082090583341617
v 0.778543685654147 -0.61972159682788364 -0.12075477340150367
v 0.80946185824948536 -0.56953657668490854 -0.15867913197186007
v 0.79447789293585891 -0.59501496272590637 -0.13976787176924418
v 0.78909446736422173 -0.59166553953956458 -0.17898265730980459
v 0.80894982647684599 -0.53449776960762163 0.25440269875510485
v 0.82073366603635445 -0.5070999000005203 0.27214573701091865
v 0.78251081646334275 -0.58736005304823258 0.21789079186664315
v 0.7961823140682539 -0.56130337206506808 0.23628795975873404
v 0.83636546123663125 -0.51676088073946891 0.19560303310171578
v 0.81682576981037525 -0.5393709176484548 0.21605360794648448
v 0.82340307175723393 -0.54343766733222276 0.17743678647547395
v 0.71855609230149109 -0.68443531173268257 0.14137395562625907
v 0.73580470939191978 -0.66143694903903649 0.16081286133075062
v 0.778543685654147 -0.61972159682788364 0.12079605247648281
v 0.75767944904033191 -0.64097739377936536 0.1408621849083953
v 0.76190481703671986 -0.64340240960221873 0.10150807486774122
v 0.75223049169103173 -0.63757572508554661 0.180061264580268
v 0.76773201959484905 -0.61299220285392431 0.19902610327842415
v 0.85209422952374458 -0.52648179414207641 0.039379479369710341
v 0.83534267784406879 -0.55083764829015802 0.059774581044810204
v 0.83668234098841698 -0.55166661845802789 0.020422604080879654
v 0.82871765870333003 -0.546738640419417 0.13820861492883252
v 0.83268403848963668 -0.54919119636804159 0.09910219042368687
v 0.84684050978496395 -0.5232348167761437 0.1178544986984439
v 0.80134763061349845 -0.59907042686446255 0.061121948465745174
v 0.81748927573094188 -0.57451933439033409 0.080160807094927372
v 0.79863694300194432 -0.59738739038337507 0.10044434993330294
v 0.78909446736422173 -0.59166553953956458 0.17902393638478373
v 0.79447789293585891 -0.59501496272590637 0.13980915084422332
v 0.80946185824948536 -0.56953657668490854 0.1587204110468392
v 0.72199796997610244 -0.68791758127164926 -0.1011829263831497
v 0.76422569631591974 -0.6457474920096864 -0.061082322674118859
v 0.74362267929587311 -0.66722553395610917 -0.081184587282119608
v 0.72430165033262328 -0.69024722797936733 -0.060796457367193066
v 0.72545424329723984 -0.69141318402904828 -0.020382507145130957
v 0.82021915648216925 -0.57621467033262719 2.0639537489571924e-05
v 0.78406808693819963 -0.62317762776115171 0.040727467290155903
v 0.80264462178512352 -0.60010138773078769 0.020422662875935416
v 0.80264462178512352 -0.60010138773078769 -0.02038138380095627
v 0.78406808693819963 -0.62317762776115171 -0.040686188215176763
v 0.72199796997610244 -0.68791758127164926 0.10122420545812884
v 0.72545424329723984 -0.69141318402904828 0.020423786220110103
v 0.72430165033262328 -0.69024722797936733 0.060837736442172205
v 0.74362267929587311 -0.66722553395610917 0.081225866357098747
v 0.76422569631591974 -0.6457474920096864 0.061123601749097999
v 0.76552265429079935 -0.64677864899121718 -0.020382567510543612
v 0.76552265429079935 -0.64677864899121718 0.020423846585522758
v 0.7459437823000663 -0.6695713288946965 2.0639537489571924e-05
v 0.87047303086372174 0.00016901474152036425 -0.49722158411986506
v 0.87528532144709348 -0.032819947165282033 -0.48758579077217795
v 0.90696747190995441 -0.032849642034926095 -0.4257605701787644
v 0.891679304097029 -0.032842290744214062 -0.45691426155301923
v 0.90276987378577567 0.00016901474152036425 -0.43584263652861616
v 0.8790814800336576 -0.065823822326411749 -0.47729796907184557
v 0.88182652318036925 -0.09866950031839819 -0.46643947973265143
v 0.95720823543377387 -0.032962419041924582 -0.29598624889432829
v 0.94638380191865135 -0.032955734551144596 -0.32895776947394756
v 0.95426627346561621 0.00016901474152036425 -0.30713000445079569
v 0.92595919673053761 -0.09896246821272911 -0.3711136802756802
v 0.93693277675819764 -0.06605268268069342 -0.35032040331269371
v 0.93832854342259631 -0.099009846922863326 -0.33860918926066047
v 0.93074558791080808 0.00016901474152036425 -0.37237752257350248
v 0.93439717362728458 -0.032935390751345245 -0.36160545812649947
v 0.92131409899513761 -0.032928538587137561 -0.39374765058125211
v 0.88385433975052596 -0.19665999180554722 -0.43013256456022486
v 0.88242607247464622 -0.22874466342115402 -0.41698633031443
v 0.88358010038515822 -0.13171742947950524 -0.45480254286364025
v 0.88423547247835599 -0.16426042929275536 -0.44276879551898085
v 0.91334700765293464 -0.16441235665900877 -0.37903016322714428
v 0.89935819074701007 -0.16442422597118866 -0.41111736059200144
v 0.91336074673182555 -0.13194563851492366 -0.39149840057916258
v 0.91022352458369671 -0.065940279484296468 -0.41481941506137182
v 0.912362505681932 -0.099030834131249468 -0.40336928530023725
v 0.89762504098332541 -0.098923537756776897 -0.43520418973348091
v 1.0017046877491764 -0.033311614177556709 -0.020671527099222705
v 1.0003873957372058 -0.033307706560337547 -0.055349795031819506
v 1.0018776217487271 0.00016901474152036425 -0.034658104925585742
v 0.99276649077323231 -0.10003847989744868 -0.096598981943301632
v 0.9973452209824899 -0.066764858849381728 -0.076032999680473889
v 0.99552856978491022 -0.10006645280498586 -0.061928286284488293
v 0.99708213490974185 0.00016901474152036425 -0.10384961145722751
v 0.9978633002529399 -0.033295695348962179 -0.090038730772685885
v 0.99414612931656732 -0.033291610778772983 -0.12454233754959168
v 0.95910407009922505 -0.23116237068440001 -0.17765991458194014
v 0.96976620440888062 -0.19891228685585627 -0.15772725382467961
v 0.96483813430623688 -0.23131441939712971 -0.14304399059274389
v 0.97591316192103561 -0.133272223856127 -0.18639459767485386
v 0.9734630320426948 -0.1661747390131714 -0.17221003197048224
v 0.96679638219265851 -0.16591997183398363 -0.20657975498557357
v 0.98321441167739487 -0.16620330644331546 -0.10280310974195316
v 0.97894499367438526 -0.16627504446734476 -0.13755300629226136
v 0.98659439680813643 -0.13341197402806801 -0.1172413133577099
v 0.97321935371856438 0.00016901474152036425 -0.24041237545315819
v 0.97576049241074869 -0.033224553298647458 -0.22744375139080941
v 0.96729829718720883 -0.033219764905283437 -0.26109938631542229
v 0.98917639702903581 -0.03324329611366314 -0.15927842602765024
v 0.98306670117857142 -0.0332386828129769 -0.19343956820476202
v 0.98751411380403675 0.00016901474152036425 -0.1725439652445796
v 0.96953246646715141 -0.099826166389101301 -0.23444051891494461
v 0.97706265284022276 -0.066624709670406304 -0.21410729540067303
v 0.97711350042687906 -0.099859072613100369 -0.20049665696556845
v 0.98875358871904739 -0.10014473241381044 -0.13137970275469699
v 0.98352659837004264 -0.10007902637004623 -0.16607808007745298
v 0.98961463916426684 -0.066696914337078486 -0.14542451701765727
v 0.84317063701253114 -0.44490652450262747 -0.30973185424943472
v 0.83352212831871908 -0.47361927108144314 -0.29279662457265176
v 0.85949497004303332 -0.38581292238146059 -0.34241248987874529
v 0.85184206592535539 -0.41558424989779114 -0.32630605099393034
v 0.87465200296115952 -0.4165254131929626 -0.25751067984871451
v 0.86382950381519874 -0.41631354442566793 -0.29206596808946877
v 0.88311728181251226 -0.38710383579615304 -0.27401512888128604
v 0.87993714342184182 -0.26193423475941996 -0.40245270240419179
v 0.87638543421590176 -0.29339183328675544 -0.38823597318407044
v 0.90247019022527719 -0.29527779575369534 -0.32127206990456164
v 0.89001779077294252 -0.29451111710859224 -0.35494884077157868
v 0.90680978200199902 -0.26403628618450548 -0.33592795424519628
v 0.87179547554635872 -0.32455053348796797 -0.37348019324754039
v 0.86618425649020347 -0.3552409003934302 -0.35828388976858483
v 0.9405130335321612 -0.29499836000342616 -0.18240283042496472
v 0.93283623759558332 -0.29559619517647423 -0.21748119533200028
v 0.94649496257413968 -0.26417344275287541 -0.19806187912533019
v 0.90118953117975242 -0.35700481504779502 -0.25542928874905291
v 0.91770922756866302 -0.32659236145926435 -0.2366345571784586
v 0.91038908169035693 -0.35686249559130778 -0.22063696890290746
v 0.92903369651788914 -0.26478396643700869 -0.26768106391382912
v 0.92393368462808656 -0.29584425398521741 -0.25235019952792004
v 0.91384789562004676 -0.2957612005529292 -0.28681830807066716
v 0.87898451761435226 -0.35633033273428749 -0.32442781386495145
v 0.89713254714573221 -0.32626158890109053 -0.3058665913841867
v 0.89067173591942705 -0.3569263567227805 -0.29007947426404662
v 0.9594170143661519 -0.06634645348197997 -0.28292787794149099
v 0.96010314994711154 -0.1329336607734446 -0.2558127758559518
v 0.96038592140500323 -0.099731998602784089 -0.26950442688709614
v 0.94996544900931612 -0.099451733013372068 -0.30429395984713009
v 0.93899229690168795 -0.13236330180110603 -0.3250880424033839
v 0.95175454622689726 -0.23185054925746487 -0.21280809179294463
v 0.93341009375258976 -0.2321951779729596 -0.28232663118897855
v 0.94317523575662132 -0.23218746389351566 -0.24776469366673051
v 0.9557843796190495 -0.1991762966926417 -0.22736267032828464
v 0.95856829687792511 -0.16633014709495791 -0.24161980343631226
v 0.89686977084450625 -0.23009726292426491 -0.38413144386213038
v 0.92638245877437875 -0.16537628661103568 -0.34549118908600446
v 0.91237841602512615 -0.19785586290224461 -0.36511105675181277
v 0.9101983311663403 -0.23112481566105636 -0.35070965370670537
v 0.92233944248703714 -0.23180033044512754 -0.31691573806756029
v 0.9490910734681004 -0.16619028832395494 -0.27659609490443826
v 0.93648119803291463 -0.1992033708071741 -0.29699930195247154
v 0.93834283553105247 -0.16586406813267457 -0.31128756799354612
v 0.87528532144709348 -0.032819947165282033 0.48762706984715715
v 0.87047303086372174 0.00016901474152036425 0.49726286319484425
v 0.88182652318036925 -0.09866950031839819 0.46648075880763062
v 0.8790814800336576 -0.065823822326411749 0.47733924814682477
v 0.90276987378577567 0.00016901474152036425 0.43588391560359535
v 0.891679304097029 -0.032842290744214062 0.45695554062799842
v 0.90696747190995441 -0.032849642034926095 0.42580184925374359
v 0.88242607247464622 -0.22874466342115402 0.41702760938940919
v 0.88385433975052596 -0.19665999180554722 0.43017384363520406
v 0.91336074673182555 -0.13194563851492366 0.39153967965414177
v 0.89935819074701007 -0.16442422597118866 0.41115863966698063
v 0.91334700765293464 -0.16441235665900877 0.37907144230212347
v 0.88423547247835599 -0.16426042929275536 0.44281007459396005
v 0.88358010038515822 -0.13171742947950524 0.45484382193861944
v 0.95426627346561621 0.00016901474152036425 0.30717128352577489
v 0.94638380191865135 -0.032955734551144596 0.32899904854892675
v 0.95720823543377387 -0.032962419041924582 0.29602752796930748
v 0.92131409899513761 -0.032928538587137561 0.3937889296562313
v 0.93439717362728458 -0.032935390751345245 0.36164673720147866
v 0.93074558791080808 0.00016901474152036425 0.37241880164848168
v 0.93832854342259631 -0.099009846922863326 0.33865046833563966
v 0.93693277675819764 -0.06605268268069342 0.3503616823876729
v 0.92595919673053761 -0.09896246821272911 0.3711549593506594
v 0.89762504098332541 -0.098923537756776897 0.4352454688084601
v 0.912362505681932 -0.099030834131249468 0.40341056437521644
v 0.91022352458369671 -0.065940279484296468 0.41486069413635102
v 0.83352212831871908 -0.47361927108144314 0.29283790364763096
v 0.84317063701253114 -0.44490652450262747 0.30977313332441392
v 0.88311728181251226 -0.38710383579615304 0.27405640795626524
v 0.86382950381519874 -0.41631354442566793 0.29210724716444797
v 0.87465200296115952 -0.4165254131929626 0.2575519589236937
v 0.85184206592535539 -0.41558424989779114 0.32634733006890954
v 0.85949497004303332 -0.38581292238146059 0.34245376895372448
v 0.94649496257413968 -0.26417344275287541 0.19810315820030933
v 0.93283623759558332 -0.29559619517647423 0.21752247440697942
v 0.9405130335321612 -0.29499836000342616 0.18244410949994386
v 0.91384789562004676 -0.2957612005529292 0.28685958714564636
v 0.92393368462808656 -0.29584425398521741 0.25239147860289923
v 0.92903369651788914 -0.26478396643700869 0.26772234298880832
v 0.91038908169035693 -0.35686249559130778 0.2206782479778866
v 0.91770922756866302 -0.32659236145926435 0.23667583625343774
v 0.90118953117975242 -0.35700481504779502 0.2554705678240321
v 0.87638543421590176 -0.29339183328675544 0.38827725225904963
v 0.87993714342184182 -0.26193423475941996 0.40249398147917098
v 0.86618425649020347 -0.3552409003934302 0.35832516884356402
v 0.87179547554635872 -0.32455053348796797 0.37352147232251959
v 0.90680978200199902 -0.26403628618450548 0.33596923332017548
v 0.89001779077294252 -0.29451111710859224 0.35499011984655787
v 0.90247019022527719 -0.29527779575369534 0.32131334897954084
v 0.89067173591942705 -0.3569263567227805 0.29012075333902582
v 0.89713254714573221 -0.32626158890109053 0.3059078704591659
v 0.87898451761435226 -0.35633033273428749 0.32446909293993065
v 1.0018776217487271 0.00016901474152036425 0.034699384000564881
v 1.0003873957372058 -0.033307706560337547 0.055391074106798645
v 1.0017046877491764 -0.033311614177556709 0.020712806174201851
v 0.99414612931656732 -0.033291610778772983 0.12458361662457082
v 0.9978633002529399 -0.033295695348962179 0.090080009847665024
v 0.99708213490974185 0.00016901474152036425 0.10389089053220665
v 0.99552856978491022 -0.10006645280498586 0.061969565359467432
v 0.9973452209824899 -0.066764858849381728 0.076074278755453029
v 0.99276649077323231 -0.10003847989744868 0.096640261018280771
v 0.96729829718720883 -0.033219764905283437 0.26114066539040148
v 0.97576049241074869 -0.033224553298647458 0.22748503046578855
v 0.97321935371856438 0.00016901474152036425 0.24045365452813733
v 0.97711350042687906 -0.099859072613100369 0.20053793604054759
v 0.97706265284022276 -0.066624709670406304 0.21414857447565216
v 0.96953246646715141 -0.099826166389101301 0.23448179798992375
v 0.98751411380403675 0.00016901474152036425 0.17258524431955874
v 0.98306670117857142 -0.0332386828129769 0.19348084727974116
v 0.98917639702903581 -0.03324329611366314 0.15931970510262938
v 0.96483813430623688 -0.23131441939712971 0.14308526966772303
v 0.96976620440888062 -0.19891228685585627 0.15776853289965875
v 0.95910407009922505 -0.23116237068440001 0.17770119365691928
v 0.98659439680813643 -0.13341197402806801 0.11728259243268904
v 0.97894499367438526 -0.16627504446734476 0.1375942853672405
v 0.98321441167739487 -0.16620330644331546 0.10284438881693229
v 0.96679638219265851 -0.16591997183398363 0.20662103406055271
v 0.9734630320426948 -0.1661747390131714 0.17225131104546137
v 0.97591316192103561 -0.133272223856127 0.186435876749833
v 0.98961463916426684 -0.066696914337078486 0.14546579609263641
v 0.98352659837004264 -0.10007902637004623 0.16611935915243212
v 0.98875358871904739 -0.10014473241381044 0.13142098182967613
v 0.89686977084450625 -0.23009726292426491 0.38417272293710958
v 0.92233944248703714 -0.23180033044512754 0.31695701714253949
v 0.9101983311663403 -0.23112481566105636 0.35075093278168457
v 0.91237841602512615 -0.19785586290224461 0.36515233582679196
v 0.92638245877437875 -0.16537628661103568 0.34553246816098365
v 0.95175454622689726 -0.23185054925746487 0.21284937086792377
v 0.95856829687792511 -0.16633014709495791 0.2416610825112914
v 0.9557843796190495 -0.1991762966926417 0.22740394940326378
v 0.94317523575662132 -0.23218746389351566 0.24780597274170965
v 0.93341009375258976 -0.2321951779729596 0.28236791026395774
v 0.9594170143661519 -0.06634645348197997 0.28296915701647019
v 0.93899229690168795 -0.13236330180110603 0.3251293214783631
v 0.94996544900931612 -0.099451733013372068 0.30433523892210929
v 0.96038592140500323 -0.099731998602784089 0.26954570596207533
v 0.96010314994711154 -0.1329336607734446 0.255854054930931
v 0.93648119803291463 -0.1992033708071741 0.29704058102745073
v 0.9490910734681004 -0.16619028832395494 0.27663737397941746
v 0.93834283553105247 -0.16586406813267457 0.31132884706852532
v 0.84268470301160203 -0.47927873541277211 -0.25490671436077394
v 0.8826927720892972 -0.42147275404389045 -0.21916814535560317
v 0.86338224621157589 -0.45067652579152861 -0.23722007278156784
v 0.85059373521296222 -0.4841572822514017 -0.21652782732030867
v 0.85719274530038292 -0.48823269089130084 -0.17790823529710706
v 0.94621486132392696 -0.29843380944013748 -0.14308822756104325
v 0.93254154518697363 -0.32985732789906097 -0.16251077200464237
v 0.9118755415189399 -0.39801670544268813 -0.12204719318959824
v 0.92297562104746655 -0.36426860861610416 -0.14235090434787342
v 0.9271139404697275 -0.36703408477369548 -0.10288558074210577
v 0.91738767210636352 -0.36087346064729092 -0.18168550851534288
v 0.90085117492093947 -0.3912846555116829 -0.20048271848913449
v 0.86922162803482239 -0.49563102316822066 -0.060056993887634101
v 0.87057371023669183 -0.49646491393468506 -0.020698274153730788
v 0.862563266964673 -0.49152369989931616 -0.13853158205776778
v 0.86654463411165439 -0.4939822622087417 -0.099419744948601244
v 0.90184417941011819 -0.43319117811534114 -0.061998248460069481
v 0.88491801490787236 -0.4639047150200179 -0.080772404083553725
v 0.89908610214046025 -0.431499892432604 -0.10135344557816195
v 0.8895814385466787 -0.42543623743484632 -0.18019160326390593
v 0.89505906000920954 -0.42878331530239222 -0.14083427558253192
v 0.87679194911676817 -0.45891955546110985 -0.15949777466755308
v 1.0002384723828019 -0.066797612143308732 2.0639537489571924e-05
v 0.99265886431710382 -0.13357778698148726 0.04128054959598567
v 0.99721655894137551 -0.10029374620393082 0.02071288499874873
v 0.99721655894137551 -0.10029374620393082 -0.020671605923769584
v 0.99265886431710382 -0.13357778698148726 -0.041239270521006531
v 0.95901985419507674 -0.26490990287776739 0.12241059294480201
v 0.96967156460735682 -0.23264967505355413 0.10247441765449782
v 0.97452817169883732 -0.23398999014713912 0.020714387148925852
v 0.97290846805982412 -0.23354271798270324 0.06159913980180929
v 0.96544372119669186 -0.26668541604917201 0.040907971819525851
v 0.97884520957312549 -0.19997553869443821 0.082286403104231201
v 0.98648115708361572 -0.16710245175374933 0.061971775968856245
v 0.96967156460735682 -0.23264967505355413 -0.10243313857951868
v 0.95901985419507674 -0.26490990287776739 -0.12236931386982287
v 0.98648115708361572 -0.16710245175374933 -0.061930496893877106
v 0.97884520957312549 -0.19997553869443821 -0.082245124029252062
v 0.96544372119669186 -0.26668541604917201 -0.040866692744546712
v 0.97290846805982412 -0.23354271798270324 -0.061557860726830151
v 0.97452817169883732 -0.23398999014713912 -0.020673108073946705
v 0.98816924035687914 -0.16733002141960332 0.020714468133842423
v 0.98211218503586439 -0.20087527515571593 2.0639537489571924e-05
v 0.98816924035687914 -0.16733002141960332 -0.020673189058863277
v 0.84268470301160203 -0.47927873541277211 0.25494799343575314
v 0.85719274530038292 -0.48823269089130084 0.1779495143720862
v 0.85059373521296222 -0.4841572822514017 0.21656910639528781
v 0.86338224621157589 -0.45067652579152861 0.23726135185654698
v 0.8826927720892972 -0.42147275404389045 0.21920942443058231
v 0.87057371023669183 -0.49646491393468506 0.020739553228709934
v 0.86922162803482239 -0.49563102316822066 0.06009827296261324
v 0.89908610214046025 -0.431499892432604 0.10139472465314109
v 0.88491801490787236 -0.4639047150200179 0.080813683158532865
v 0.90184417941011819 -0.43319117811534114 0.062039527535048621
v 0.86654463411165439 -0.4939822622087417 0.099461024023580383
v 0.862563266964673 -0.49152369989931616 0.13857286113274692
v 0.93254154518697363 -0.32985732789906097 0.16255205107962151
v 0.94621486132392696 -0.29843380944013748 0.14312950663602239
v 0.90085117492093947 -0.3912846555116829 0.20052399756411363
v 0.91738767210636352 -0.36087346064729092 0.18172678759032201
v 0.9271139404697275 -0.36703408477369548 0.10292685981708491
v 0.92297562104746655 -0.36426860861610416 0.14239218342285256
v 0.9118755415189399 -0.39801670544268813 0.12208847226457738
v 0.87679194911676817 -0.45891955546110985 0.15953905374253222
v 0.89505906000920954 -0.42878331530239222 0.14087555465751106
v 0.8895814385466787 -0.42543623743484632 0.18023288233888507
v 0.9510502113862489 -0.29977105161623152 -0.10247510757251144
v 0.9559096069558507 -0.30111651278892421 -0.020700030338365778
v 0.95428881990452674 -0.30066806763648191 -0.061587272561236639
v 0.94148377284410545 -0.33419211606820681 -0.082306273932540253
v 0.93038438698911852 -0.36794240623214647 -0.06200070381485584
v 0.9510502113862489 -0.29977105161623152 0.10251638664749058
v 0.93038438698911852 -0.36794240623214647 0.062041982889834979
v 0.94148377284410545 -0.33419211606820681 0.082347553007519392
v 0.95428881990452674 -0.30066806763648191 0.061628551636215778
v 0.9559096069558507 -0.30111651278892421 0.020741309413344924
v 0.88770435596995445 -0.46561265414252706 2.0639537489571924e-05
v 0.91757830873617374 -0.40146915436094638 -0.041280033939000482
v 0.90340798919117682 -0.43387581181986168 -0.020698361833814044
v 0.90340798919117682 -0.43387581181986168 0.02073964090879319
v 0.91757830873617374 -0.40146915436094638 0.041321313013979621
v 0.94475458576934279 -0.33509992416897311 2.0639537489571924e-05
v 0.93194845184017316 -0.36862681806002245 0.020741399499369283
v 0.93194845184017316 -0.36862681806002245 -0.020700120424390137
v 0.032944282454262654 -0.48743741556814724 0.87535064043712285
v 0.09879383560737881 -0.46629110452862071 0.88189184217039851
v 0.065948157615392369 -0.47714959386781475 0.87914679902368675
v 0.032966626033194682 -0.45676588634898846 0.89174462308705826
v 0.032973977323906715 -0.42561219497473368 0.90703279089998368
v 0.22886899871013464 -0.41683795511039923 0.88249139146467548
v 0.19678432709452784 -0.42998418935619409 0.88391965874055523
v 0.13206997380390428 -0.39135002537513186 0.91342606572185492
v 0.16454856126016926 -0.41096898538797061 0.89942350973703922
v 0.16453669194798939 -0.37888178802311351 0.9134123266429639
v 0.16438476458173598 -0.44262042031495008 0.88430079146838525
v 0.13184176476848586 -0.45465416765960948 0.88364541937518748
v 0.033080069840125202 -0.32880939426991673 0.9464491209086805
v 0.033086754330905195 -0.29583787369029751 0.95727355442380313
v 0.033052873876118175 -0.39359927537722134 0.92137941798516687
v 0.033059726040325865 -0.36145708292246875 0.93446249261731396
v 0.099134182211843946 -0.3384608140566297 0.93839386241262557
v 0.06617701796967404 -0.35017202810866294 0.9369980957482269
v 0.09908680350170973 -0.37096530507164943 0.92602451572056688
v 0.099047873045757517 -0.43505581452945014 0.89769035997335467
v 0.099155169420230088 -0.40322091009620648 0.91242782467196126
v 0.066064614773277089 -0.41467103985734111 0.91028884357372597
v 0.47374360637042379 -0.29264824936862099 0.83358744730874834
v 0.44503085979160817 -0.30958347904540401 0.84323595600256052
v 0.38722817108513369 -0.27386675367725527 0.88318260080254152
v 0.41643787971464857 -0.291917592885438 0.863894822805228
v 0.41664974848194325 -0.25736230464468374 0.87471732195118879
v 0.41570858518677178 -0.32615767578989957 0.85190738491538465
v 0.38593725767044124 -0.34226411467471451 0.85956028903306259
v 0.26429777804185606 -0.19791350392129939 0.94656028156416894
v 0.29572053046545488 -0.21733282012796948 0.93290155658561258
v 0.29512269529240681 -0.18225445522093392 0.94057835252219046
v 0.2958855358419098 -0.28666993286663639 0.91391321461007591
v 0.29596858927419806 -0.25220182432388927 0.92399900361811582
v 0.26490830172598934 -0.26753268870979835 0.9290990155079184
v 0.35698683088028843 -0.22048859369887666 0.91045440068038619
v 0.32671669674824499 -0.23648618197442781 0.91777454655869228
v 0.35712915033677567 -0.25528091354502214 0.90125485016978168
v 0.29351616857573609 -0.38808759798003967 0.87645075320593102
v 0.26205857004840061 -0.40230432720016102 0.88000246241187108
v 0.35536523568241085 -0.35813551456455406 0.86624957548023274
v 0.32467486877694862 -0.37333181804350962 0.87186079453638798
v 0.26416062147348607 -0.33577957904116545 0.90687510099202817
v 0.29463545239757288 -0.35480046556754791 0.89008310976297178
v 0.29540213104267599 -0.32112369470053087 0.90253550921530645
v 0.35705069201176115 -0.28993109906001585 0.89073705490945632
v 0.32638592419007117 -0.30571821618015593 0.89719786613576147
v 0.35645466802326808 -0.32427943866092063 0.87904983660438141
v 0.03343204184931816 -0.055201419827788714 1.0004527147272351
v 0.033435949466537322 -0.020523151895191914 1.0017700067392057
v 0.033415946067753596 -0.12439396234556088 0.99421144830659658
v 0.033420030637942792 -0.089890355568655073 0.99792861924296916
v 0.10019078809396648 -0.061779911080457502 0.99559388877493948
v 0.066889194138362362 -0.075884624476443091 0.99741053997251916
v 0.10016281518642929 -0.096450606739270833 0.99283180976326157
v 0.033344100194264051 -0.26095101111139152 0.96736361617723809
v 0.033348888587628064 -0.22729537618677859 0.97582581140077795
v 0.09998340790208099 -0.20034828176153766 0.97717881941690832
v 0.066749044959386925 -0.2139589201966422 0.97712797183025202
v 0.099950501678081935 -0.23429214371091384 0.96959778545718067
v 0.033363018101957513 -0.19329119300073122 0.98313202016860068
v 0.033367631402643753 -0.15913005082361945 0.98924171601906508
v 0.23143875468611033 -0.14289561538871309 0.96490345329626614
v 0.19903662214483689 -0.15757887862064882 0.96983152339890988
v 0.23128670597338064 -0.17751153937790934 0.95916938908925431
v 0.13353630931704863 -0.1170929381536791 0.98665971579816569
v 0.16639937975632538 -0.13740463108823056 0.97901031266441452
v 0.16632764173229608 -0.10265473453792236 0.98327973066742413
v 0.16604430712296425 -0.20643137978154277 0.96686170118268777
v 0.16629907430215202 -0.17206165676645144 0.97352835103272406
v 0.13339655914510762 -0.18624622247082306 0.97597848091106487
v 0.06682124962605912 -0.14527614181362647 0.9896799581542961
v 0.10020336165902685 -0.16592970487342218 0.9835919173600719
v 0.10026906770279106 -0.13123132755066619 0.98881890770907666
v 0.23022159821324553 -0.38398306865809961 0.89693508983453551
v 0.23192466573410817 -0.31676736286352952 0.9224047614770664
v 0.23124915095003698 -0.3505612785026746 0.91026365015636956
v 0.19798019819122523 -0.364962681547782 0.91244373501515541
v 0.1655006219000163 -0.34534281388197369 0.92644777776440801
v 0.23197488454644549 -0.21265971658891383 0.95181986521692652
v 0.16645448238393853 -0.24147142823228146 0.95863361586795437
v 0.19930063198162232 -0.22721429512425384 0.95584969860907876
v 0.23231179918249628 -0.24761631846269971 0.94324055474665058
v 0.23231951326194022 -0.28217825598494778 0.93347541274261903
v 0.066470788770960576 -0.28277950273746028 0.95948233335618116
v 0.13248763709008665 -0.32493966719935313 0.93905761589171721
v 0.099576068302352688 -0.30414558464309932 0.95003076799934538
v 0.099856333891764695 -0.26935605168306531 0.96045124039503249
v 0.13305799606242524 -0.25566440065192103 0.96016846893714092
v 0.19932770609615472 -0.29685092674844077 0.93654651702294389
v 0.16631462361293556 -0.27644771970040749 0.94915639245812966
v 0.16598840342165519 -0.31113919278951535 0.93840815452108184
v 0.82190805982831172 0.00016901474152036425 0.5739932933727413
v 0.7877223046993248 0.040847924295407435 0.61874458279470657
v 0.80528435822590716 0.020552722260346636 0.59674549950368094
v 0.80528435822590716 -0.020214692777305907 0.59674549950368094
v 0.7877223046993248 -0.040509894812366713 0.61874458279470657
v 0.70781820509691395 0.12116909616162222 0.69954907350971396
v 0.72908257443989799 0.10134380982779773 0.68059982040662237
v 0.73257791765318669 0.020553735045002745 0.68405244168574231
v 0.73141227624584915 0.060965972020828076 0.68290083760154252
v 0.71245126454795416 0.040589988708004142 0.70412758284114929
v 0.74950808182105932 0.081332352134001765 0.66080357189305095
v 0.76897224187253943 0.061223907023908515 0.64028323238987561
v 0.72908257443989799 -0.10100578034475699 0.68059982040662237
v 0.70781820509691395 -0.12083106667858148 0.69954907350971396
v 0.76897224187253943 -0.060885877540867793 0.64028323238987561
v 0.74950808182105932 -0.080994322650961029 0.66080357189305095
v 0.71245126454795416 -0.04025195922496342 0.70412758284114929
v 0.73141227624584915 -0.060627942537787353 0.68290083760154252
v 0.73257791765318669 -0.020215705561962016 0.68405244168574231
v 0.77027318128157762 0.020553789413629415 0.64130510633639592
v 0.75185377852693747 0.00016901474152036425 0.66311914040298059
v 0.77027318128157762 -0.020215759930588686 0.64130510633639592
v 0.50722423528950078 0.27229411221494942 0.8207989850263836
v 0.53462210489660233 0.25455107395913562 0.80901514546687525
v 0.54356200262120336 0.17758516167950475 0.82346839074726308
v 0.53949525293743528 0.21620198315051525 0.81689108880040462
v 0.5168852160284495 0.19575140830574658 0.83643078022666051
v 0.56142770735404868 0.23643633496276484 0.79624763305828317
v 0.58748438833721317 0.21803916707067394 0.78257613545337201
v 0.55179095374700848 0.020570979284910446 0.83674765997844625
v 0.55096198357913861 0.059922956248840996 0.83540799683409805
v 0.526606129431057 0.039527854573741132 0.85215954851377385
v 0.59751172567235566 0.10059272513733371 0.79870226199197358
v 0.57464366967931457 0.080309182298958157 0.81755459472097103
v 0.59919476215344314 0.061270323669775965 0.80141294960352771
v 0.52335915206512429 0.11800287390247469 0.8469058287749931
v 0.54931553165702207 0.099250565627717682 0.83274935747966594
v 0.5468629757083977 0.13835699013286334 0.82878297769335918
v 0.66156128432801709 0.16096123653478142 0.73587002838194904
v 0.68455964702166328 0.14152233083028989 0.71862141129152035
v 0.61311653814290479 0.19917447848245495 0.76779733858487831
v 0.6377000603745272 0.1802096397842988 0.75229581068106099
v 0.64352674489119932 0.10165645007177201 0.76197013602674912
v 0.64110172906834595 0.14101056011242613 0.75774476803036128
v 0.61984593211686423 0.12094442768051362 0.77860900464417626
v 0.56966091197388924 0.15886878625087003 0.80952717723951473
v 0.59513929801488685 0.13995752604825412 0.79454321192588817
v 0.59178987482854506 0.17917231158881453 0.78915978635425099
v 0.53462210489660233 -0.25421304447609488 0.80901514546687525
v 0.50722423528950078 -0.27195608273190869 0.8207989850263836
v 0.58748438833721317 -0.21770113758763321 0.78257613545337201
v 0.56142770735404868 -0.2360983054797241 0.79624763305828317
v 0.5168852160284495 -0.19541337882270585 0.83643078022666051
v 0.53949525293743528 -0.21586395366747452 0.81689108880040462
v 0.54356200262120336 -0.17724713219646401 0.82346839074726308
v 0.68455964702166328 -0.14118430134724916 0.71862141129152035
v 0.66156128432801709 -0.16062320705174069 0.73587002838194904
v 0.61984593211686423 -0.12060639819747289 0.77860900464417626
v 0.64110172906834595 -0.14067253062938539 0.75774476803036128
v 0.64352674489119932 -0.10131842058873128 0.76197013602674912
v 0.6377000603745272 -0.17987161030125806 0.75229581068106099
v 0.61311653814290479 -0.19883644899941422 0.76779733858487831
v 0.526606129431057 -0.03918982509070041 0.85215954851377385
v 0.55096198357913861 -0.059584926765800274 0.83540799683409805
v 0.55179095374700848 -0.020232949801869717 0.83674765997844625
v 0.5468629757083977 -0.13801896064982261 0.82878297769335918
v 0.54931553165702207 -0.098912536144676946 0.83274935747966594
v 0.52335915206512429 -0.11766484441943395 0.8469058287749931
v 0.59919476215344314 -0.060932294186735243 0.80141294960352771
v 0.57464366967931457 -0.079971152815917421 0.81755459472097103
v 0.59751172567235566 -0.10025469565429297 0.79870226199197358
v 0.59178987482854506 -0.17883428210577379 0.78915978635425099
v 0.59513929801488685 -0.13961949656521339 0.79454321192588817
v 0.56966091197388924 -0.1585307567678293 0.80952717723951473
v 0.68804191656062985 0.10137258066215964 0.7220632889661317
v 0.64587182729866688 0.061271976953128783 0.7642910153059489
v 0.66734986924508977 0.081374241561129546 0.74368799828590237
v 0.69037156326834792 0.060986111646202996 0.72436696932265254
v 0.69153751931802887 0.020572161424140895 0.7255195622872691
v 0.57633900562160778 0.00016901474152036425 0.82028447547219852
v 0.6233019630501323 -0.040537813011145972 0.78413340592822889
v 0.60022572301976829 -0.020233008596925478 0.80270994077515279
v 0.60022572301976829 0.020571038079966207 0.80270994077515279
v 0.6233019630501323 0.040875842494186694 0.78413340592822889
v 0.68804191656062985 -0.1010345511791189 0.7220632889661317
v 0.69153751931802887 -0.020234131941100165 0.7255195622872691
v 0.69037156326834792 -0.060648082163162274 0.72436696932265254
v 0.66734986924508977 -0.08103621207808881 0.74368799828590237
v 0.64587182729866688 -0.060933947470088061 0.7642910153059489
v 0.64690298428019777 0.020572221789553549 0.76558797328082862
v 0.64690298428019777 -0.02023419230651282 0.76558797328082862
v 0.6696956641836771 0.00016901474152036425 0.74600910129009557
v 0.032944282454262654 0.48777544505118797 0.87535064043712285
v 0.032973977323906715 0.42595022445777442 0.90703279089998368
v 0.032966626033194682 0.4571039158320292 0.89174462308705826
v 0.065948157615392369 0.47748762335085548 0.87914679902368675
v 0.09879383560737881 0.46662913401166145 0.88189184217039851
v 0.033086754330905195 0.29617590317333825 0.95727355442380313
v 0.033080069840125202 0.32914742375295747 0.9464491209086805
v 0.09908680350170973 0.37130333455469017 0.92602451572056688
v 0.06617701796967404 0.35051005759170367 0.9369980957482269
v 0.099134182211843946 0.33879884353967044 0.93839386241262557
v 0.033059726040325865 0.36179511240550949 0.93446249261731396
v 0.033052873876118175 0.39393730486026207 0.92137941798516687
v 0.19678432709452784 0.43032221883923483 0.88391965874055523
v 0.22886899871013464 0.41717598459343996 0.88249139146467548
v 0.13184176476848586 0.45499219714265021 0.88364541937518748
v 0.16438476458173598 0.44295844979799082 0.88430079146838525
v 0.16453669194798939 0.37921981750615424 0.9134123266429639
v 0.16454856126016926 0.41130701487101134 0.89942350973703922
v 0.13206997380390428 0.3916880548581726 0.91342606572185492
v 0.066064614773277089 0.41500906934038184 0.91028884357372597
v 0.099155169420230088 0.40355893957924721 0.91242782467196126
v 0.099047873045757517 0.43539384401249087 0.89769035997335467
v 0.033435949466537322 0.020861181378232643 1.0017700067392057
v 0.03343204184931816 0.055539449310829436 1.0004527147272351
v 0.10016281518642929 0.096788636222311569 0.99283180976326157
v 0.066889194138362362 0.076222653959483827 0.99741053997251916
v 0.10019078809396648 0.062117940563498224 0.99559388877493948
v 0.033420030637942792 0.090228385051695809 0.99792861924296916
v 0.033415946067753596 0.12473199182860162 0.99421144830659658
v 0.23128670597338064 0.17784956886095007 0.95916938908925431
v 0.19903662214483689 0.15791690810368955 0.96983152339890988
v 0.23143875468611033 0.14323364487175383 0.96490345329626614
v 0.13339655914510762 0.1865842519538638 0.97597848091106487
v 0.16629907430215202 0.17239968624949217 0.97352835103272406
v 0.16604430712296425 0.20676940926458351 0.96686170118268777
v 0.16632764173229608 0.10299276402096309 0.98327973066742413
v 0.16639937975632538 0.1377426605712713 0.97901031266441452
v 0.13353630931704863 0.11743096763671984 0.98665971579816569
v 0.033348888587628064 0.22763340566981932 0.97582581140077795
v 0.033344100194264051 0.26128904059443225 0.96736361617723809
v 0.033367631402643753 0.15946808030666018 0.98924171601906508
v 0.033363018101957513 0.19362922248377196 0.98313202016860068
v 0.099950501678081935 0.23463017319395457 0.96959778545718067
v 0.066749044959386925 0.21429694967968294 0.97712797183025202
v 0.09998340790208099 0.20068631124457839 0.97717881941690832
v 0.10026906770279106 0.13156935703370692 0.98881890770907666
v 0.10020336165902685 0.16626773435646292 0.9835919173600719
v 0.06682124962605912 0.14561417129666721 0.9896799581542961
v 0.44503085979160817 0.30992150852844474 0.84323595600256052
v 0.47374360637042379 0.29298627885166173 0.83358744730874834
v 0.38593725767044124 0.34260214415775525 0.85956028903306259
v 0.41570858518677178 0.32649570527294031 0.85190738491538465
v 0.41664974848194325 0.25770033412772447 0.87471732195118879
v 0.41643787971464857 0.29225562236847874 0.863894822805228
v 0.38722817108513369 0.27420478316029601 0.88318260080254152
v 0.26205857004840061 0.40264235668320175 0.88000246241187108
v 0.29351616857573609 0.3884256274630804 0.87645075320593102
v 0.29540213104267599 0.32146172418357161 0.90253550921530645
v 0.29463545239757288 0.35513849505058864 0.89008310976297178
v 0.26416062147348607 0.33611760852420619 0.90687510099202817
v 0.32467486877694862 0.37366984752655036 0.87186079453638798
v 0.35536523568241085 0.35847354404759479 0.86624957548023274
v 0.29512269529240681 0.18259248470397466 0.94057835252219046
v 0.29572053046545488 0.21767084961101021 0.93290155658561258
v 0.26429777804185606 0.19825153340434012 0.94656028156416894
v 0.35712915033677567 0.25561894302806287 0.90125485016978168
v 0.32671669674824499 0.23682421145746854 0.91777454655869228
v 0.35698683088028843 0.2208266231819174 0.91045440068038619
v 0.26490830172598934 0.26787071819283909 0.9290990155079184
v 0.29596858927419806 0.25253985380693 0.92399900361811582
v 0.2958855358419098 0.28700796234967713 0.91391321461007591
v 0.35645466802326808 0.32461746814396136 0.87904983660438141
v 0.32638592419007117 0.30605624566319667 0.89719786613576147
v 0.35705069201176115 0.29026912854305659 0.89073705490945632
v 0.066470788770960576 0.28311753222050101 0.95948233335618116
v 0.13305799606242524 0.25600243013496177 0.96016846893714092
v 0.099856333891764695 0.26969408116610605 0.96045124039503249
v 0.099576068302352688 0.30448361412614006 0.95003076799934538
v 0.13248763709008665 0.32527769668239387 0.93905761589171721
v 0.23197488454644549 0.21299774607195457 0.95181986521692652
v 0.23231951326194022 0.28251628546798851 0.93347541274261903
v 0.23231179918249628 0.24795434794574045 0.94324055474665058
v 0.19930063198162232 0.22755232460729458 0.95584969860907876
v 0.16645448238393853 0.2418094577153222 0.95863361586795437
v 0.23022159821324553 0.38432109814114035 0.89693508983453551
v 0.1655006219000163 0.34568084336501442 0.92644777776440801
v 0.19798019819122523 0.36530071103082273 0.91244373501515541
v 0.23124915095003698 0.35089930798571534 0.91026365015636956
v 0.23192466573410817 0.31710539234657026 0.9224047614770664
v 0.16631462361293556 0.27678574918344823 0.94915639245812966
v 0.19932770609615472 0.2971889562314815 0.93654651702294389
v 0.16598840342165519 0.31147722227255609 0.93840815452108184
v 0.47940307070175275 -0.25475833915674317 0.84275002200163129
v 0.48835702618028148 -0.17775986009307623 0.85725806429041218
v 0.48428161754038235 -0.21637945211627788 0.85065905420299137
v 0.45080086108050926 -0.23707169757753704 0.86344756520160526
v 0.42159708933287104 -0.21901977015157237 0.88275809107932646
v 0.49658924922366571 -0.020549898949699996 0.8706390292267211
v 0.49575535845720131 -0.05990861868360331 0.86928694702485165
v 0.43162422772158465 -0.10120507037413115 0.89915142113048951
v 0.46402905030899855 -0.080624028879522927 0.88498333389790163
v 0.43331551340432178 -0.06184987325603869 0.90190949840014745
v 0.49410659749772234 -0.099271369744570445 0.86660995310168365
v 0.49164803518829681 -0.13838320685373698 0.86262858595470226
v 0.32998166318804162 -0.16236239680061157 0.93260686417700289
v 0.29855814472911812 -0.14293985235701245 0.94628018031395622
v 0.39140899080066355 -0.20033434328510369 0.90091649391096873
v 0.36099779593627157 -0.18153713331131208 0.91745299109639278
v 0.36715842006267613 -0.10273720553807497 0.92717925945975677
v 0.36439294390508475 -0.14220252914384263 0.92304094003749571
v 0.39814104073166878 -0.12189881798556744 0.91194086050896916
v 0.4590438907500905 -0.15934939946352225 0.87685726810679732
v 0.42890765059137287 -0.14068590037850112 0.8951243789992388
v 0.42556057272382702 -0.1800432280598751 0.88964675753670808
v 0.47940307070175275 0.25509636863978391 0.84275002200163129
v 0.42159708933287104 0.2193577996346131 0.88275809107932646
v 0.45080086108050926 0.23740972706057778 0.86344756520160526
v 0.48428161754038235 0.21671748159931861 0.85065905420299137
v 0.48835702618028148 0.17809788957611697 0.85725806429041218
v 0.29855814472911812 0.14327788184005319 0.94628018031395622
v 0.32998166318804162 0.16270042628365231 0.93260686417700289
v 0.39814104073166878 0.12223684746860818 0.91194086050896916
v 0.36439294390508475 0.14254055862688336 0.92304094003749571
v 0.36715842006267613 0.10307523502111571 0.92717925945975677
v 0.36099779593627157 0.18187516279435281 0.91745299109639278
v 0.39140899080066355 0.20067237276814442 0.90091649391096873
v 0.49575535845720131 0.060246648166644032 0.86928694702485165
v 0.49658924922366571 0.020887928432740725 0.8706390292267211
v 0.49164803518829681 0.13872123633677771 0.86262858595470226
v 0.49410659749772234 0.099609399227611181 0.86660995310168365
v 0.43331551340432178 0.062187902739079412 0.90190949840014745
v 0.46402905030899855 0.080962058362563663 0.88498333389790163
v 0.43162422772158465 0.10154309985717189 0.89915142113048951
v 0.42556057272382702 0.18038125754291584 0.88964675753670808
v 0.42890765059137287 0.14102392986154186 0.8951243789992388
v 0.4590438907500905 0.15968742894656299 0.87685726810679732
v 0.066921947432289353 0.00016901474152036425 1.0003037913728312
v 0.13370212227046788 -0.04109089531697574 0.99272418330713308
v 0.10041808149291144 -0.020523230719738793 0.99728187793140477
v 0.10041808149291144 0.020861260202779522 0.99728187793140477
v 0.13370212227046788 0.041428924800016462 0.99272418330713308
v 0.26503423816674804 -0.12222093866579208 0.959085173185106
v 0.23277401034253475 -0.10228476337548788 0.96973688359738608
v 0.23411432543611974 -0.020524732869915914 0.97459349068886658
v 0.23366705327168383 -0.061409485522799352 0.97297378704985327
v 0.26680975133815266 -0.040718317540515921 0.96550904018672112
v 0.20009987398341883 -0.082096748825221263 0.97891052856315475
v 0.16722678704272995 -0.061782121689846314 0.98654647607364498
v 0.23277401034253475 0.10262279285852861 0.96973688359738608
v 0.26503423816674804 0.12255896814883281 0.959085173185106
v 0.16722678704272995 0.062120151172887036 0.98654647607364498
v 0.20009987398341883 0.082434778308261999 0.97891052856315475
v 0.26680975133815266 0.041056347023556643 0.96550904018672112
v 0.23366705327168383 0.061747515005840074 0.97297378704985327
v 0.23411432543611974 0.020862762352956643 0.97459349068886658
v 0.16745435670858397 -0.020524813854832489 0.98823455934690851
v 0.20099961044469655 0.00016901474152036425 0.98217750402589366
v 0.16745435670858397 0.020862843337873218 0.98823455934690851
v 0.46573698943150771 0.00016901474152036425 0.88776967495998371
v 0.40159348964992703 0.041469688218010413 0.917643627726203
v 0.43400014710884233 0.020888016112823982 0.90347330818120608
v 0.43400014710884233 -0.020549986629783253 0.90347330818120608
v 0.40159348964992703 -0.041131658734969691 0.917643627726203
v 0.29989538690521217 0.10266476185152137 0.95111553037627816
v 0.30124084807790485 0.020889684617375715 0.95597492594587996
v 0.30079240292546255 0.06177692684024657 0.954354138894556
v 0.33431645135718746 0.08249592821155019 0.94154909183413471
v 0.36806674152112712 0.06219035809386577 0.93044970597914778
v 0.29989538690521217 -0.10232673236848064 0.95111553037627816
v 0.36806674152112712 -0.061852328610825048 0.93044970597914778
v 0.33431645135718746 -0.082157898728509454 0.94154909183413471
v 0.30079240292546255 -0.061438897357205847 0.954354138894556
v 0.30124084807790485 -0.020551655134334986 0.95597492594587996
v 0.3687511533490031 0.020889774703400074 0.93201377083020243
v 0.33522425945795375 0.00016901474152036425 0.94481990475937205
v 0.3687511533490031 -0.020551745220359345 0.93201377083020243
v -0.54102837138098914 -0.84217202425131066 0.053397901156271389
v -0.51993010764983805 -0.84868353111494221 0.11926580674811907
v -0.53077670235079899 -0.84594583925894262 0.086415585408611412
v -0.56375823393299673 -0.82556213174011639 0.073817761345239985
v -0.5857499659333103 -0.80800462156105524 0.094124858018534069
v -0.4706594352620897 -0.84917030340222066 0.2494106698743494
v -0.48379485377460507 -0.85060525516888064 0.21732186701624315
v -0.55196182834434848 -0.81410492848859561 0.19340191861484068
v -0.51833163680388383 -0.83301215803581563 0.20554114004983798
v -0.53957025135567027 -0.81404381069957044 0.22589791841213175
v -0.49639816777382539 -0.85100673169650964 0.18490973134371494
v -0.50842082808390021 -0.85035821176751969 0.152362496660088
v -0.6474991110290077 -0.74943046008260328 0.1547924048481179
v -0.66644167964131917 -0.72817022198211889 0.17462850691522186
v -0.60720971897626796 -0.78930331948513155 0.11462849805010847
v -0.62772320631523559 -0.76984339430402859 0.13474803019478623
v -0.60497276109181575 -0.77362283673308663 0.20091638264247016
v -0.61670318009437897 -0.77221520075650807 0.16796655403865049
v -0.58494499864654304 -0.79372020818511313 0.18080346861612848
v -0.54223659375314892 -0.83139141146852791 0.13997098283960879
v -0.56394333144526099 -0.81303832152018163 0.1605293666924841
v -0.57521985202562942 -0.81100663679641882 0.12737249923923741
v -0.34703473911847038 -0.79991716411066149 0.4945010919971653
v -0.36396364613777776 -0.8095695804216928 0.46578593037809329
v -0.43621958012464007 -0.78278545188456283 0.44922512768951861
v -0.40043256954826667 -0.79677129493531607 0.45787060758254428
v -0.41976039220722794 -0.7742922001256729 0.47866399329395048
v -0.3805184083340219 -0.81825302054589233 0.43645623243638071
v -0.39661823824544129 -0.82591000923375946 0.40668238051684391
v -0.57242924239910076 -0.71503924185923873 0.40733375588970616
v -0.53966682683115375 -0.73363060070922603 0.41882486036723166
v -0.55701621368387766 -0.70890526410453047 0.43825264441266959
v -0.50279608661257424 -0.78028232173341883 0.37842207578616949
v -0.5215653659092836 -0.75746559558441429 0.39884000190086988
v -0.53648400834004883 -0.76282037465340446 0.36762225957670502
v -0.4898983583572154 -0.74389242521654053 0.45987589914976046
v -0.50601202119393163 -0.75114083307081725 0.42965010155485278
v -0.47163318781909408 -0.76748420712118348 0.43975206063722855
v -0.4423332202687234 -0.84286753088675348 0.31421984762022132
v -0.4565422017056302 -0.84642402848605747 0.28275928970303527
v -0.41241146336497803 -0.8326476103460394 0.37608049842362046
v -0.42760030236662294 -0.838263442702881 0.34538728034153388
v -0.49778887501577351 -0.80669026558239676 0.32602636111344169
v -0.46308867609529886 -0.82309973107203538 0.3359815633093664
v -0.48318623406401079 -0.80231776758167594 0.35728820784750437
v -0.45245584569026415 -0.79023365347511565 0.41911331628264781
v -0.46813664819832751 -0.79676017074518513 0.38840793989264538
v -0.43268447879349359 -0.81199425324677266 0.39784540387321132
v -0.77556246408006768 -0.55518752120407755 0.30856917165341852
v -0.78734239602235667 -0.52779206663723255 0.32631853256670795
v -0.74913954984812892 -0.60803985690460582 0.27203122124330992
v -0.76280696288285077 -0.58198570032464791 0.29043499810879636
v -0.73621935259520466 -0.57870980656144677 0.3577874264701999
v -0.74998125512455271 -0.58073832652632118 0.32435489041525301
v -0.72328493602334432 -0.60536930494657837 0.33957591872879872
v -0.68525667155976677 -0.70507071239728802 0.19539813593766839
v -0.70250050025683131 -0.68207530909349257 0.21484478942537438
v -0.67860495720460556 -0.68154235464268276 0.28264489764590273
v -0.69097508353348469 -0.68225818570112962 0.24893670124208617
v -0.66199899481117763 -0.70520283025214514 0.26330367664828924
v -0.71891215304161393 -0.6582228176601026 0.23411605470932131
v -0.73440906764474501 -0.63364214660510487 0.25308835788478817
v -0.620700154290174 -0.6695464242723097 0.41392754363859391
v -0.63635073515177154 -0.67387665920190543 0.38189489355393436
v -0.60544031446757607 -0.69463727731584879 0.39472464836462084
v -0.69522602883882112 -0.62929623172984051 0.35434719500884448
v -0.66632933818585116 -0.65205928218461995 0.36841433544913049
v -0.68055754750520747 -0.62605856605558641 0.38705056916272246
v -0.63534800294307381 -0.70171906572514897 0.32985957390193565
v -0.65123488088132953 -0.67732542802697648 0.34931065448626164
v -0.66528506330937642 -0.67985861133760561 0.31635680948518075
v -0.72231789719070238 -0.63299095639947867 0.28721528232329657
v -0.69431921072937175 -0.65697165943845137 0.3020138886683349
v -0.7092374699992342 -0.6315338819657661 0.32103146348302752
v -0.49182105121539665 -0.83022996733202536 0.27139573734301159
v -0.53234571003435127 -0.78911243168309164 0.31425196218593421
v -0.51241820779837588 -0.81017298253305514 0.29305669169740312
v -0.52636613159393786 -0.81263333298125318 0.25961452527845785
v -0.5599983008497631 -0.79372580694277184 0.24747541712114868
v -0.58828895138826354 -0.71961064693893162 0.37543618014277924
v -0.61765828400680067 -0.72607976887446468 0.31012877023994723
v -0.60338866925604084 -0.72330356569503285 0.34297015227434269
v -0.57037750205516691 -0.74370558903347872 0.35557929613677075
v -0.55179325312879901 -0.76678659662713089 0.33528697336528246
v -0.65557186065768158 -0.72902640141138619 0.208848493821366
v -0.59301128565969274 -0.77332266026015117 0.2348655789938395
v -0.62477026148281023 -0.75181623607657055 0.22202749229426796
v -0.6438110248566481 -0.72896775571344608 0.24286910145874016
v -0.63121237970603417 -0.72800946947148326 0.27648825472585986
v -0.56623962764718427 -0.76999755967845873 0.30220872872539239
v -0.59925271013040338 -0.74959435263042551 0.2895988532902064
v -0.58000005833095092 -0.77218541736787705 0.26866781088486508
v -0.053421941071321567 -0.54081467718692899 0.84236167853032051
v -0.11928984666316927 -0.51971641345577813 0.84887318539395218
v -0.086439625323661604 -0.53056300815673907 0.84613549353795237
v -0.073841801260290163 -0.5635445397389367 0.82575178601912624
v -0.094148897933584233 -0.58553627173925027 0.80819427584006509
v -0.24943470978939963 -0.47044574106802967 0.84935995768123052
v -0.21734590693129338 -0.48358115958054509 0.85079490944789038
v -0.19342595852989086 -0.55174813415028845 0.81429458276760536
v -0.20556517996488821 -0.5181179426098238 0.83320181231482549
v -0.22592195832718198 -0.53935655716161035 0.81423346497858018
v -0.18493377125876517 -0.49618447357976531 0.8511963859755195
v -0.15238653657513818 -0.50820713388984018 0.85054786604652954
v -0.15481644476316805 -0.64728541683494767 0.74962011436161313
v -0.17465254683027201 -0.66622798544725914 0.72835987626112864
v -0.11465253796515865 -0.60699602478220793 0.78949297376414151
v -0.13477207010983638 -0.62750951212117556 0.77003304858303834
v -0.20094042255752034 -0.60475906689775571 0.77381249101209648
v -0.16799059395370067 -0.61648948590031893 0.77240485503551792
v -0.18082750853117868 -0.584731304452483 0.79390986246412287
v -0.139995022754659 -0.54202289955908889 0.83158106574753776
v -0.16055340660753428 -0.56372963725120095 0.81322797579919148
v -0.12739653915428759 -0.57500615783156939 0.81119629107542868
v -0.49452513191221548 -0.34682104492441035 0.80010681838967124
v -0.46580997029314347 -0.36374995194371768 0.80975923470070255
v -0.4492491676045689 -0.43600588593057998 0.78297510616357258
v -0.45789464749759445 -0.40021887535420658 0.79696094921432581
v -0.47868803320900066 -0.41954669801316785 0.77448185440468265
v -0.43648027235143094 -0.38030471413996186 0.81844267482490218
v -0.40670642043189414 -0.3964045440513812 0.8260996635127692
v -0.40735779580475634 -0.57221554820504072 0.71522889613824858
v -0.41884890028228183 -0.5394531326370936 0.733820254988236
v -0.43827668432771977 -0.55680251948981752 0.70909491838354033
v -0.37844611570121961 -0.50258239241851432 0.78047197601242868
v -0.39886404181592 -0.52135167171522356 0.75765524986342414
v -0.3676462994917552 -0.5362703141459888 0.76301002893241432
v -0.45989993906481069 -0.48968466416315526 0.7440820794955505
v -0.4296741414699029 -0.50579832699987159 0.7513304873498271
v -0.43977610055227873 -0.4714194936250341 0.76767386140019322
v -0.31424388753527144 -0.44211952607466332 0.84305718516576322
v -0.28278332961808539 -0.45632850751157017 0.84661368276506732
v -0.37610453833867075 -0.41219776917091799 0.83283726462504926
v -0.34541132025658405 -0.42738660817256291 0.83845309698189074
v -0.32605040102849181 -0.49757518082171348 0.8068799198614065
v -0.33600560322441653 -0.46287498190123882 0.82328938535104523
v -0.35731224776255449 -0.48297253986995076 0.8025074218606858
v -0.41913735619769799 -0.45224215149620417 0.79042330775412539
v -0.3884319798076955 -0.46792295400426748 0.79694982502419487
v -0.3978694437882615 -0.43247078459943356 0.81218390752578251
v -0.30859321156846864 -0.77534876988600754 0.55537717548308752
v -0.32634257248175813 -0.78712870182829675 0.5279817209162424
v -0.2720552611583601 -0.74892585565406888 0.60822951118361568
v -0.29045903802384648 -0.76259326868879063 0.58217535460365777
v -0.35781146638525002 -0.73600565840114451 0.57889946084045651
v -0.32437893033030313 -0.74976756093049268 0.58092798080533103
v -0.3395999586438489 -0.72307124182928428 0.60555895922558822
v -0.19542217585271857 -0.68504297736570674 0.70526036667629788
v -0.21486882934042456 -0.70228680606277138 0.68226496337250231
v -0.2826689375609529 -0.67839126301054564 0.68173200892169272
v -0.2489607411571364 -0.69076138933942466 0.68244783998013958
v -0.26332771656333936 -0.6617853006171176 0.705392484531155
v -0.23414009462437146 -0.71869845884755379 0.65841247193911245
v -0.2531123977998383 -0.73419537345068497 0.63383180088411484
v -0.41395158355364403 -0.62048646009611397 0.66973607855131956
v -0.38191893346898453 -0.63613704095771151 0.67406631348091517
v -0.39474868827967102 -0.60522662027351604 0.69482693159485864
v -0.35437123492389466 -0.69501233464476098 0.62948588600885036
v -0.36843837536418073 -0.66611564399179113 0.6522489364636298
v -0.38707460907777264 -0.68034385331114755 0.62624822033459626
v -0.32988361381698583 -0.63513430874901378 0.70190872000415883
v -0.34933469440131182 -0.65102118668726949 0.67751508230598634
v -0.31638084940023081 -0.66507136911531628 0.68004826561661536
v -0.28723932223834675 -0.72210420299664235 0.63318061067848863
v -0.30203792858338513 -0.69410551653531161 0.65716131371746123
v -0.3210555033980777 -0.70902377580517417 0.63172353624477595
v -0.27141977725806177 -0.49160735702133668 0.83041962161103511
v -0.31427600210098439 -0.53213201584029146 0.78930208596210139
v -0.29308073161245329 -0.51220451360431596 0.81036263681206511
v -0.25963856519350803 -0.52615243739987794 0.81282298726026292
v -0.24749945703619888 -0.55978460665570307 0.79391546122178158
v -0.37546022005782936 -0.58807525719420339 0.71980030121794136
v -0.31015281015499735 -0.61744458981274064 0.72626942315347454
v -0.34299419218939281 -0.60317497506198081 0.7234932199740427
v -0.35560333605182093 -0.57016380786110699 0.74389524331248857
v -0.33531101328033258 -0.55157955893473909 0.76697625090614074
v -0.20887253373641618 -0.65535816646362144 0.72921605569039594
v -0.23488961890888971 -0.59279759146563282 0.77351231453916103
v -0.22205153220931814 -0.6245565672887502 0.75200589035558041
v -0.24289314137379039 -0.64359733066258817 0.72915740999245593
v -0.27651229464090998 -0.63099868551197413 0.728199123750493
v -0.30223276864044246 -0.56602593345312435 0.77018721395746848
v -0.28962289320525653 -0.59903901593634346 0.74978400690943525
v -0.2686918507999152 -0.57978636413689089 0.77237507164688679
v -0.84238571844537069 -0.053208246877261466 0.54100433146593896
v -0.84889722530900236 -0.11907615246910914 0.51990606773478798
v -0.84615953345300265 -0.086225931129601474 0.53075266243574881
v -0.82577582593417642 -0.073628107066230047 0.56373419401794655
v -0.80821831575511527 -0.093935203739524131 0.58572592601826012
v -0.84938399759628069 -0.24922101559533952 0.47063539534703963
v -0.85081894936294056 -0.21713221273723324 0.483770813859555
v -0.81431862268265565 -0.19321226433583072 0.55193778842929819
v -0.83322585222987566 -0.2053514857708281 0.51830759688883365
v -0.81425750489363047 -0.22570826413312187 0.53954621144062009
v -0.85122042589056968 -0.18472007706470506 0.49637412785877527
v -0.85057190596157972 -0.15217284238107806 0.50839678816885003
v -0.74964415427666331 -0.15460275056910797 0.64747507111395752
v -0.72838391617617892 -0.17443885263621195 0.666417639726269
v -0.78951701367919158 -0.11443884377109853 0.60718567906121779
v -0.77005708849808863 -0.1345583759157763 0.62769916640018542
v -0.77383653092714666 -0.20072672836346026 0.60494872117676557
v -0.7724288949505681 -0.16777689975964058 0.61667914017932879
v -0.79393390237917316 -0.18061381433711857 0.58492095873149286
v -0.83160510566258794 -0.13978132856059888 0.54221255383809874
v -0.81325201571424166 -0.16033971241347417 0.56391929153021081
v -0.81122033099047886 -0.12718284496022747 0.57519581211057924
v -0.80013085830472142 -0.49431143771815539 0.34701069920342031
v -0.80978327461575272 -0.46559627609908338 0.36393960622272764
v -0.78299914607862275 -0.44903547341050881 0.43619554020958995
v -0.79698498912937599 -0.45768095330353437 0.40040852963321655
v -0.77450589431973282 -0.47847433901494058 0.41973635229217782
v -0.81846671473995236 -0.43626657815737085 0.38049436841897183
v -0.82612370342781938 -0.40649272623783406 0.39659419833039117
v -0.71525293605329876 -0.40714410161069625 0.57240520248405047
v -0.73384429490328607 -0.4186352060882218 0.53964278691610357
v -0.70911895829859051 -0.43806299013365979 0.55699217376882737
v -0.78049601592747875 -0.37823242150715963 0.50277204669752418
v -0.75767928977847421 -0.39865034762185991 0.52154132599423353
v -0.7630340688474645 -0.36743260529769511 0.53645996842499866
v -0.74410611941060067 -0.4596862448707506 0.48987431844216522
v -0.75135452726487739 -0.42946044727584287 0.50598798127888145
v -0.76769790131524351 -0.43956240635821869 0.47160914790404407
v -0.8430812250808134 -0.31403019334121135 0.44230918035367328
v -0.8466377226801175 -0.2825696354240253 0.45651816179058013
v -0.83286130454009943 -0.37589084414461066 0.41238742344992796
v -0.83847713689694092 -0.34519762606252397 0.42757626245157287
v -0.80690395977645668 -0.32583670683443178 0.49776483510072345
v -0.82331342526609541 -0.33579190903035644 0.46306463618024879
v -0.80253146177573598 -0.3570985535684944 0.48316219414896072
v -0.79044734766917557 -0.4189236620036379 0.45243180577521408
v -0.79697386493924505 -0.38821828561363542 0.46811260828327744
v -0.81220794744083269 -0.39765574959420141 0.43266043887844352
v -0.55540121539813769 -0.3083795173744085 0.77553842416501739
v -0.52800576083129258 -0.32612887828769799 0.78731835610730649
v -0.60825355109866586 -0.27184156696430001 0.74911550993307874
v -0.58219939451870795 -0.2902453438297864 0.76278292296780048
v -0.5789235007555068 -0.35759777219118993 0.73619531268015426
v -0.58095202072038121 -0.32416523613624304 0.74995721520950254
v -0.6055829991406384 -0.33938626444978881 0.72326089610829414
v -0.70528440659134806 -0.19520848165865845 0.68523263164471659
v -0.6822890032875526 -0.21465513514636445 0.70247646034178113
v -0.6817560488367429 -0.28245524336689282 0.6785809172895555
v -0.68247187989518976 -0.24874704696307628 0.6909510436184344
v -0.70541652444620517 -0.26311402236927933 0.66197495489612745
v -0.65843651185416263 -0.23392640043031138 0.71888811312656364
v -0.63385584079916502 -0.25289870360577821 0.73438502772969483
v -0.66976011846636974 -0.41373788935958405 0.62067611437512382
v -0.67409035339596546 -0.38170523927492445 0.63632669523672147
v -0.69485097150990871 -0.39453499408561099 0.605416274552526
v -0.62950992592390065 -0.35415754072983457 0.69520198892377083
v -0.65227297637867998 -0.36822468117012058 0.66630529827080087
v -0.62627226024964644 -0.38686091488371255 0.68053350759015729
v -0.701932759919209 -0.32966991962292574 0.63532396302802363
v -0.67753912222103641 -0.34912100020725173 0.65121084096627935
v -0.68007230553166553 -0.31616715520617072 0.66526102339432613
v -0.63320465059353881 -0.28702562804428666 0.72229385727565221
v -0.6571853536325114 -0.30182423438932504 0.69429517081432146
v -0.63174757615982613 -0.32084180920401761 0.70921343008418403
v -0.8304436615260854 -0.27120608306400168 0.49179701130034659
v -0.78932612587715156 -0.3140623079069243 0.5323216701193012
v -0.81038667672711517 -0.29286703741839326 0.51239416788332581
v -0.8128470271753131 -0.25942487099944789 0.52634209167888768
v -0.79393950113683176 -0.24728576284213882 0.55997426093471292
v -0.71982434113299143 -0.37524652586376933 0.58826491147321336
v -0.72629346306852471 -0.30993911596093726 0.6176342440917505
v -0.72351725988909288 -0.34278049799533267 0.60336462934099078
v -0.74391928322753875 -0.35538964185776084 0.57035346214011684
v -0.76700029082119092 -0.33509731908627249 0.55176921321374894
v -0.72924009560544611 -0.20865883954235609 0.65554782074263129
v -0.77353635445421121 -0.23467592471482956 0.59298724574464257
v -0.75202993027063059 -0.22183783801525803 0.62474622156776005
v -0.72918144990750611 -0.24267944717973028 0.64378698494159792
v -0.72822316366554318 -0.2762986004468499 0.63118833979098399
v -0.77021125387251865 -0.30201907444638237 0.56621558773213421
v -0.74980804682448543 -0.28940919901119644 0.59922867021535331
v -0.77239911156193697 -0.26847815660585511 0.57997601841590074
v -0.36332631176238922 -0.77559374083779253 0.52085604121853879
v -0.39438042536155571 -0.72332160828839487 0.57108241452172226
v -0.37914530812373354 -0.75000663897853037 0.54643633739835595
v -0.39983755358499268 -0.76279514997714426 0.51295558093848281
v -0.43564033542005182 -0.74882163507730903 0.50432247767431204
v -0.44967029155280097 -0.60537045732842354 0.66048234900344804
v -0.43683086618231221 -0.63627860295076732 0.63971054095680469
v -0.48029599324989503 -0.66480276196282018 0.57640777050465808
v -0.45899125019100778 -0.65108194689466825 0.60853616369222885
v -0.49384310651794555 -0.63486541333044522 0.59830594067150522
v -0.42332575406118106 -0.66627574538671519 0.61786805317434335
v -0.40924781918518255 -0.69516746518042272 0.59509280582044177
v -0.53928464429932044 -0.69959852010291856 0.47393684568764533
v -0.57206024496011343 -0.68101160841565844 0.46245124450890057
v -0.47119895561654929 -0.73345537313668918 0.49485376143280868
v -0.50559151762792265 -0.71711878338142421 0.48475925161289274
v -0.53473043879998183 -0.66013517439005442 0.53214884732985979
v -0.5205697504553275 -0.68913955303426222 0.50890005728831511
v -0.5009897408613313 -0.67759220134129972 0.54292458351474238
v -0.43058222724912815 -0.70916857766666386 0.56262930717054171
v -0.46619608887037656 -0.69389043482299273 0.55322517398198112
v -0.45127605584548097 -0.7219580670965744 0.52914598914427824
v -0.52088008113358908 -0.36311261756832908 0.77578339511680228
v -0.57110645443677255 -0.39416673116749551 0.72351126256740461
v -0.54646037731340613 -0.37893161392967351 0.75019629325754023
v -0.51297962085353299 -0.39962385939093259 0.762984804256154
v -0.50434651758936233 -0.43542664122599167 0.74901128935631889
v -0.66050638891849822 -0.44945659735874088 0.60556011160743339
v -0.63973458087185497 -0.43661717198825212 0.63646825722977718
v -0.57643181041970837 -0.48008229905583488 0.66499241624183014
v -0.60856020360727903 -0.45877755599694758 0.65127160117367811
v -0.5983299805865554 -0.49362941232388541 0.63505506760945507
v -0.61789209308939363 -0.42311205986712092 0.66646539966572504
v -0.59511684573549195 -0.40903412499112241 0.69535711945943257
v -0.47396088560269545 -0.53907095010526029 0.69978817438192853
v -0.46247528442395075 -0.5718465507660534 0.68120126269466841
v -0.49487780134785886 -0.47098526142248914 0.73364502741569915
v -0.48478329152794292 -0.50537782343386262 0.71730843766043417
v -0.53217288724490996 -0.5345167446059218 0.66032482866906428
v -0.5089240972033654 -0.52035605626126746 0.68932920731327207
v -0.54294862342979255 -0.50077604666727116 0.67778185562030968
v -0.562653347085592 -0.43036853305506795 0.70935823194567371
v -0.5532492138970313 -0.46598239467631641 0.69408008910200258
v -0.52917002905932853 -0.45106236165142077 0.72214772137558425
v -0.77580743503185257 -0.52066638693952905 0.3633022718473391
v -0.72353530248245479 -0.5708927602427124 0.39435638544650548
v -0.7502203331725904 -0.5462466831193461 0.37912126820868342
v -0.76300884417120418 -0.51276592665947296 0.39981351366994256
v -0.74903532927136907 -0.5041328233953023 0.43561629550500164
v -0.60558415152248357 -0.66029269472443819 0.44964625163775079
v -0.63649229714482736 -0.63952088667779494 0.43680682626726203
v -0.66501645615688032 -0.57621811622564834 0.48027195333484485
v -0.65129564108872828 -0.60834650941321899 0.45896721027595755
v -0.63507910752450525 -0.59811628639249537 0.49381906660289532
v -0.66648943958077522 -0.6176783988953336 0.42330171414613083
v -0.69538115937448286 -0.59490315154143203 0.40922377927013237
v -0.69981221429697871 -0.47374719140863542 0.53926060438427026
v -0.68122530260971859 -0.46226159022989066 0.57203620504506314
v -0.73366906733074932 -0.49466410715379877 0.47117491570149911
v -0.71733247757548435 -0.48456959733388288 0.50556747771287247
v -0.66034886858411446 -0.53195919305084993 0.53470639888493154
v -0.68935324722832236 -0.50871040300930526 0.52054571054027721
v -0.67780589553535986 -0.54273492923573252 0.50096570094628101
v -0.709382271860724 -0.56243965289153197 0.43055818733407791
v -0.69410412901705276 -0.55303551970297127 0.46617204895532638
v -0.72217176129063454 -0.52895633486526861 0.45125201593043079
v -0.48535790140728108 -0.58763995432322214 0.65117546401852633
v -0.55436079675846339 -0.54934255247352659 0.62916417844870332
v -0.5203333522482243 -0.56892252309246905 0.64071200945613249
v -0.50752830518780301 -0.60244657152419401 0.61999300808482893
v -0.52883557679173121 -0.61616844591674869 0.58786350497221318
v -0.65119950393357651 -0.48514420721322105 0.58782960860223188
v -0.62918821836375338 -0.55414710256440325 0.54953220675253645
v -0.64073604937118267 -0.52011965805416427 0.5691121773714789
v -0.62001704799987911 -0.50731461099374286 0.60263622580320397
v -0.58788754488726336 -0.52862188259767107 0.61635810019575865
v -0.58785364851728217 -0.65098580973951647 0.48533386149223096
v -0.54955624666758662 -0.62897452416969335 0.5543367568434131
v -0.56913621728652908 -0.64052235517712264 0.52030931233317401
v -0.60266026571825404 -0.61980335380581897 0.50750426527275261
v -0.61638214011080872 -0.58767385069320333 0.52881153687668092
v -0.57604811187287941 -0.56302828374964986 0.59674483191970906
v -0.59676887183475924 -0.57583441767881938 0.56321793802865971
v -0.56324197794370989 -0.5965551776406991 0.57602407195782923
v -0.053421941071321567 -0.54081467718692899 -0.84232039945534143
v -0.094148897933584233 -0.58553627173925027 -0.80815299676508601
v -0.073841801260290163 -0.5635445397389367 -0.82571050694414716
v -0.086439625323661604 -0.53056300815673907 -0.84609421446297328
v -0.11928984666316927 -0.51971641345577813 -0.8488319063189731
v -0.17465254683027201 -0.66622798544725914 -0.72831859718614955
v -0.15481644476316805 -0.64728541683494767 -0.74957883528663405
v -0.18082750853117868 -0.584731304452483 -0.79386858338914379
v -0.16799059395370067 -0.61648948590031893 -0.77236357596053884
v -0.20094042255752034 -0.60475906689775571 -0.7737712119371174
v -0.13477207010983638 -0.62750951212117556 -0.76999176950805925
v -0.11465253796515865 -0.60699602478220793 -0.78945169468916243
v -0.21734590693129338 -0.48358115958054509 -0.8507536303729113
v -0.24943470978939963 -0.47044574106802967 -0.84931867860625143
v -0.15238653657513818 -0.50820713388984018 -0.85050658697155046
v -0.18493377125876517 -0.49618447357976531 -0.85115510690054041
v -0.22592195832718198 -0.53935655716161035 -0.8141921859036011
v -0.20556517996488821 -0.5181179426098238 -0.8331605332398464
v -0.19342595852989086 -0.55174813415028845 -0.81425330369262627
v -0.12739653915428759 -0.57500615783156939 -0.81115501200044959
v -0.16055340660753428 -0.56372963725120095 -0.8131866967242124
v -0.139995022754659 -0.54202289955908889 -0.83153978667255868
v -0.32634257248175813 -0.78712870182829675 -0.52794044184126332
v -0.30859321156846864 -0.77534876988600754 -0.55533589640810843
v -0.3395999586438489 -0.72307124182928428 -0.60551768015060914
v -0.32437893033030313 -0.74976756093049268 -0.58088670173035195
v -0.35781146638525002 -0.73600565840114451 -0.57885818176547743
v -0.29045903802384648 -0.76259326868879063 -0.58213407552867868
v -0.2720552611583601 -0.74892585565406888 -0.6081882321086366
v -0.39474868827967102 -0.60522662027351604 -0.69478565251987956
v -0.38191893346898453 -0.63613704095771151 -0.67402503440593609
v -0.41395158355364403 -0.62048646009611397 -0.66969479947634047
v -0.31638084940023081 -0.66507136911531628 -0.68000698654163627
v -0.34933469440131182 -0.65102118668726949 -0.67747380323100725
v -0.32988361381698583 -0.63513430874901378 -0.70186744092917974
v -0.38707460907777264 -0.68034385331114755 -0.62620694125961718
v -0.36843837536418073 -0.66611564399179113 -0.65220765738865072
v -0.35437123492389466 -0.69501233464476098 -0.62944460693387128
v -0.21486882934042456 -0.70228680606277138 -0.68222368429752323
v -0.19542217585271857 -0.68504297736570674 -0.70521908760131879
v -0.2531123977998383 -0.73419537345068497 -0.63379052180913575
v -0.23414009462437146 -0.71869845884755379 -0.65837119286413337
v -0.26332771656333936 -0.6617853006171176 -0.70535120545617591
v -0.2489607411571364 -0.69076138933942466 -0.6824065609051605
v -0.2826689375609529 -0.67839126301054564 -0.68169072984671364
v -0.3210555033980777 -0.70902377580517417 -0.63168225716979687
v -0.30203792858338513 -0.69410551653531161 -0.65712003464248214
v -0.28723932223834675 -0.72210420299664235 -0.63313933160350955
v -0.46580997029314347 -0.36374995194371768 -0.80971795562572346
v -0.49452513191221548 -0.34682104492441035 -0.80006553931469215
v -0.40670642043189414 -0.3964045440513812 -0.82605838443779012
v -0.43648027235143094 -0.38030471413996186 -0.8184013957499231
v -0.47868803320900066 -0.41954669801316785 -0.77444057532970356
v -0.45789464749759445 -0.40021887535420658 -0.79691967013934673
v -0.4492491676045689 -0.43600588593057998 -0.78293382708859349
v -0.28278332961808539 -0.45632850751157017 -0.84657240369008824
v -0.31424388753527144 -0.44211952607466332 -0.84301590609078414
v -0.35731224776255449 -0.48297253986995076 -0.80246614278570672
v -0.33600560322441653 -0.46287498190123882 -0.82324810627606615
v -0.32605040102849181 -0.49757518082171348 -0.80683864078642742
v -0.34541132025658405 -0.42738660817256291 -0.83841181790691166
v -0.37610453833867075 -0.41219776917091799 -0.83279598555007017
v -0.43827668432771977 -0.55680251948981752 -0.70905363930856125
v -0.41884890028228183 -0.5394531326370936 -0.73377897591325691
v -0.40735779580475634 -0.57221554820504072 -0.7151876170632695
v -0.43977610055227873 -0.4714194936250341 -0.76763258232521414
v -0.4296741414699029 -0.50579832699987159 -0.75128920827484802
v -0.45989993906481069 -0.48968466416315526 -0.74404080042057141
v -0.3676462994917552 -0.5362703141459888 -0.76296874985743524
v -0.39886404181592 -0.52135167171522356 -0.75761397078844506
v -0.37844611570121961 -0.50258239241851432 -0.7804306969374496
v -0.3978694437882615 -0.43247078459943356 -0.81214262845080343
v -0.3884319798076955 -0.46792295400426748 -0.79690854594921579
v -0.41913735619769799 -0.45224215149620417 -0.79038202867914631
v -0.20887253373641618 -0.65535816646362144 -0.72917477661541685
v -0.27651229464090998 -0.63099868551197413 -0.72815784467551392
v -0.24289314137379039 -0.64359733066258817 -0.72911613091747685
v -0.22205153220931814 -0.6245565672887502 -0.75196461128060132
v -0.23488961890888971 -0.59279759146563282 -0.77347103546418194
v -0.37546022005782936 -0.58807525719420339 -0.71975902214296228
v -0.33531101328033258 -0.55157955893473909 -0.76693497183116166
v -0.35560333605182093 -0.57016380786110699 -0.74385396423750949
v -0.34299419218939281 -0.60317497506198081 -0.72345194089906362
v -0.31015281015499735 -0.61744458981274064 -0.72622814407849545
v -0.27141977725806177 -0.49160735702133668 -0.83037834253605602
v -0.24749945703619888 -0.55978460665570307 -0.7938741821468025
v -0.25963856519350803 -0.52615243739987794 -0.81278170818528384
v -0.29308073161245329 -0.51220451360431596 -0.81032135773708602
v -0.31427600210098439 -0.53213201584029146 -0.7892608068871223
v -0.28962289320525653 -0.59903901593634346 -0.74974272783445617
v -0.30223276864044246 -0.56602593345312435 -0.77014593488248939
v -0.2686918507999152 -0.57978636413689089 -0.77233379257190771
v -0.54102837138098914 -0.84217202425131066 -0.05335662208129225
v -0.5857499659333103 -0.80800462156105524 -0.09408357894355493
v -0.56375823393299673 -0.82556213174011639 -0.073776482270260846
v -0.53077670235079899 -0.84594583925894262 -0.086374306333632273
v -0.51993010764983805 -0.84868353111494221 -0.11922452767313993
v -0.66644167964131917 -0.72817022198211889 -0.17458722784024272
v -0.6474991110290077 -0.74943046008260328 -0.15475112577313876
v -0.58494499864654304 -0.79372020818511313 -0.18076218954114934
v -0.61670318009437897 -0.77221520075650807 -0.16792527496367135
v -0.60497276109181575 -0.77362283673308663 -0.20087510356749103
v -0.62772320631523559 -0.76984339430402859 -0.13470675111980709
v -0.60720971897626796 -0.78930331948513155 -0.11458721897512933
v -0.48379485377460507 -0.85060525516888064 -0.21728058794126401
v -0.4706594352620897 -0.84917030340222066 -0.24936939079937026
v -0.50842082808390021 -0.85035821176751969 -0.15232121758510886
v -0.49639816777382539 -0.85100673169650964 -0.1848684522687358
v -0.53957025135567027 -0.81404381069957044 -0.22585663933715261
v -0.51833163680388383 -0.83301215803581563 -0.20549986097485884
v -0.55196182834434848 -0.81410492848859561 -0.19336063953986155
v -0.57521985202562942 -0.81100663679641882 -0.12733122016425827
v -0.56394333144526099 -0.81303832152018163 -0.16048808761750497
v -0.54223659375314892 -0.83139141146852791 -0.13992970376462965
v -0.78734239602235667 -0.52779206663723255 -0.32627725349172876
v -0.77556246408006768 -0.55518752120407755 -0.30852789257843932
v -0.72328493602334432 -0.60536930494657837 -0.33953463965381953
v -0.74998125512455271 -0.58073832652632118 -0.32431361134027381
v -0.73621935259520466 -0.57870980656144677 -0.3577461473952207
v -0.76280696288285077 -0.58198570032464791 -0.29039371903381717
v -0.74913954984812892 -0.60803985690460582 -0.27198994216833072
v -0.60544031446757607 -0.69463727731584879 -0.39468336928964165
v -0.63635073515177154 -0.67387665920190543 -0.38185361447895516
v -0.620700154290174 -0.6695464242723097 -0.41388626456361471
v -0.66528506330937642 -0.67985861133760561 -0.31631553041020155
v -0.65123488088132953 -0.67732542802697648 -0.34926937541128245
v -0.63534800294307381 -0.70171906572514897 -0.32981829482695646
v -0.68055754750520747 -0.62605856605558641 -0.38700929008774326
v -0.66632933818585116 -0.65205928218461995 -0.3683730563741513
v -0.69522602883882112 -0.62929623172984051 -0.35430591593386529
v -0.70250050025683131 -0.68207530909349257 -0.21480351035039524
v -0.68525667155976677 -0.70507071239728802 -0.19535685686268925
v -0.73440906764474501 -0.63364214660510487 -0.25304707880980898
v -0.71891215304161393 -0.6582228176601026 -0.23407477563434217
v -0.66199899481117763 -0.70520283025214514 -0.26326239757331005
v -0.69097508353348469 -0.68225818570112962 -0.24889542216710703
v -0.67860495720460556 -0.68154235464268276 -0.28260361857092353
v -0.7092374699992342 -0.6315338819657661 -0.32099018440804833
v -0.69431921072937175 -0.65697165943845137 -0.3019726095933557
v -0.72231789719070238 -0.63299095639947867 -0.28717400324831738
v -0.36396364613777776 -0.8095695804216928 -0.4657446513031141
v -0.34703473911847038 -0.79991716411066149 -0.4944598129221861
v -0.39661823824544129 -0.82591000923375946 -0.40664110144186472
v -0.3805184083340219 -0.81825302054589233 -0.43641495336140151
v -0.41976039220722794 -0.7742922001256729 -0.47862271421897129
v -0.40043256954826667 -0.79677129493531607 -0.45782932850756508
v -0.43621958012464007 -0.78278545188456283 -0.44918384861453942
v -0.4565422017056302 -0.84642402848605747 -0.28271801062805607
v -0.4423332202687234 -0.84286753088675348 -0.31417856854524212
v -0.48318623406401079 -0.80231776758167594 -0.35724692877252517
v -0.46308867609529886 -0.82309973107203538 -0.33594028423438721
v -0.49778887501577351 -0.80669026558239676 -0.32598508203846249
v -0.42760030236662294 -0.838263442702881 -0.34534600126655468
v -0.41241146336497803 -0.8326476103460394 -0.37603921934864126
v -0.55701621368387766 -0.70890526410453047 -0.4382113653376904
v -0.53966682683115375 -0.73363060070922603 -0.41878358129225246
v -0.57242924239910076 -0.71503924185923873 -0.40729247681472697
v -0.47163318781909408 -0.76748420712118348 -0.43971078156224935
v -0.50601202119393163 -0.75114083307081725 -0.42960882247987359
v -0.4898983583572154 -0.74389242521654053 -0.45983462007478126
v -0.53648400834004883 -0.76282037465340446 -0.36758098050172583
v -0.5215653659092836 -0.75746559558441429 -0.39879872282589068
v -0.50279608661257424 -0.78028232173341883 -0.37838079671119029
v -0.43268447879349359 -0.81199425324677266 -0.39780412479823213
v -0.46813664819832751 -0.79676017074518513 -0.38836666081766619
v -0.45245584569026415 -0.79023365347511565 -0.41907203720766861
v -0.65557186065768158 -0.72902640141138619 -0.20880721474638686
v -0.63121237970603417 -0.72800946947148326 -0.27644697565088067
v -0.6438110248566481 -0.72896775571344608 -0.24282782238376102
v -0.62477026148281023 -0.75181623607657055 -0.22198621321928882
v -0.59301128565969274 -0.77332266026015117 -0.23482429991886036
v -0.58828895138826354 -0.71961064693893162 -0.37539490106780005
v -0.55179325312879901 -0.76678659662713089 -0.33524569429030326
v -0.57037750205516691 -0.74370558903347872 -0.35553801706179156
v -0.60338866925604084 -0.72330356569503285 -0.34292887319936349
v -0.61765828400680067 -0.72607976887446468 -0.31008749116496803
v -0.49182105121539665 -0.83022996733202536 -0.27135445826803239
v -0.5599983008497631 -0.79372580694277184 -0.24743413804616954
v -0.52636613159393786 -0.81263333298125318 -0.25957324620347866
v -0.51241820779837588 -0.81017298253305514 -0.29301541262242392
v -0.53234571003435127 -0.78911243168309164 -0.31421068311095501
v -0.59925271013040338 -0.74959435263042551 -0.28955757421522721
v -0.56623962764718427 -0.76999755967845873 -0.3021674496504132
v -0.58000005833095092 -0.77218541736787705 -0.26862653180988588
v -0.84238571844537069 -0.053208246877261466 -0.54096305239095988
v -0.80821831575511527 -0.093935203739524131 -0.58568464694328104
v -0.82577582593417642 -0.073628107066230047 -0.56369291494296747
v -0.84615953345300265 -0.086225931129601474 -0.53071138336076973
v -0.84889722530900236 -0.11907615246910914 -0.5198647886598089
v -0.72838391617617892 -0.17443885263621195 -0.66637636065128991
v -0.74964415427666331 -0.15460275056910797 -0.64743379203897844
v -0.79393390237917316 -0.18061381433711857 -0.58487967965651377
v -0.7724288949505681 -0.16777689975964058 -0.6166378611043497
v -0.77383653092714666 -0.20072672836346026 -0.60490744210178649
v -0.77005708849808863 -0.1345583759157763 -0.62765788732520633
v -0.78951701367919158 -0.11443884377109853 -0.6071443999862387
v -0.85081894936294056 -0.21713221273723324 -0.48372953478457581
v -0.84938399759628069 -0.24922101559533952 -0.47059411627206044
v -0.85057190596157972 -0.15217284238107806 -0.50835550909387095
v -0.85122042589056968 -0.18472007706470506 -0.49633284878379608
v -0.81425750489363047 -0.22570826413312187 -0.53950493236564101
v -0.83322585222987566 -0.2053514857708281 -0.51826631781385457
v -0.81431862268265565 -0.19321226433583072 -0.55189650935431911
v -0.81122033099047886 -0.12718284496022747 -0.57515453303560016
v -0.81325201571424166 -0.16033971241347417 -0.56387801245523173
v -0.83160510566258794 -0.13978132856059888 -0.54217127476311966
v -0.52800576083129258 -0.32612887828769799 -0.78727707703232741
v -0.55540121539813769 -0.3083795173744085 -0.77549714509003831
v -0.6055829991406384 -0.33938626444978881 -0.72321961703331505
v -0.58095202072038121 -0.32416523613624304 -0.74991593613452345
v -0.5789235007555068 -0.35759777219118993 -0.73615403360517517
v -0.58219939451870795 -0.2902453438297864 -0.7627416438928214
v -0.60825355109866586 -0.27184156696430001 -0.74907423085809965
v -0.69485097150990871 -0.39453499408561099 -0.60537499547754692
v -0.67409035339596546 -0.38170523927492445 -0.63628541616174239
v -0.66976011846636974 -0.41373788935958405 -0.62063483530014474
v -0.68007230553166553 -0.31616715520617072 -0.66521974431934705
v -0.67753912222103641 -0.34912100020725173 -0.65116956189130026
v -0.701932759919209 -0.32966991962292574 -0.63528268395304455
v -0.62627226024964644 -0.38686091488371255 -0.68049222851517821
v -0.65227297637867998 -0.36822468117012058 -0.66626401919582179
v -0.62950992592390065 -0.35415754072983457 -0.69516070984879175
v -0.6822890032875526 -0.21465513514636445 -0.70243518126680204
v -0.70528440659134806 -0.19520848165865845 -0.68519135256973751
v -0.63385584079916502 -0.25289870360577821 -0.73434374865471574
v -0.65843651185416263 -0.23392640043031138 -0.71884683405158456
v -0.70541652444620517 -0.26311402236927933 -0.66193367582114837
v -0.68247187989518976 -0.24874704696307628 -0.69090976454345532
v -0.6817560488367429 -0.28245524336689282 -0.67853963821457641
v -0.63174757615982613 -0.32084180920401761 -0.70917215100920494
v -0.6571853536325114 -0.30182423438932504 -0.69425389173934238
v -0.63320465059353881 -0.28702562804428666 -0.72225257820067312
v -0.80978327461575272 -0.46559627609908338 -0.36389832714774845
v -0.80013085830472142 -0.49431143771815539 -0.34696942012844112
v -0.82612370342781938 -0.40649272623783406 -0.39655291925541197
v -0.81846671473995236 -0.43626657815737085 -0.38045308934399263
v -0.77450589431973282 -0.47847433901494058 -0.41969507321719862
v -0.79698498912937599 -0.45768095330353437 -0.40036725055823735
v -0.78299914607862275 -0.44903547341050881 -0.43615426113461075
v -0.8466377226801175 -0.2825696354240253 -0.45647688271560094
v -0.8430812250808134 -0.31403019334121135 -0.44226790127869409
v -0.80253146177573598 -0.3570985535684944 -0.48312091507398153
v -0.82331342526609541 -0.33579190903035644 -0.4630233571052696
v -0.80690395977645668 -0.32583670683443178 -0.49772355602574425
v -0.83847713689694092 -0.34519762606252397 -0.42753498337659368
v -0.83286130454009943 -0.37589084414461066 -0.41234614437494876
v -0.70911895829859051 -0.43806299013365979 -0.55695089469384829
v -0.73384429490328607 -0.4186352060882218 -0.53960150784112448
v -0.71525293605329876 -0.40714410161069625 -0.57236392340907138
v -0.76769790131524351 -0.43956240635821869 -0.47156786882906487
v -0.75135452726487739 -0.42946044727584287 -0.50594670220390237
v -0.74410611941060067 -0.4596862448707506 -0.48983303936718603
v -0.7630340688474645 -0.36743260529769511 -0.53641868935001957
v -0.75767928977847421 -0.39865034762185991 -0.52150004691925445
v -0.78049601592747875 -0.37823242150715963 -0.50273076762254509
v -0.81220794744083269 -0.39765574959420141 -0.43261915980346433
v -0.79697386493924505 -0.38821828561363542 -0.46807132920829825
v -0.79044734766917557 -0.4189236620036379 -0.45239052670023489
v -0.72924009560544611 -0.20865883954235609 -0.65550654166765221
v -0.72822316366554318 -0.2762986004468499 -0.6311470607160049
v -0.72918144990750611 -0.24267944717973028 -0.64374570586661883
v -0.75202993027063059 -0.22183783801525803 -0.62470494249278097
v -0.77353635445421121 -0.23467592471482956 -0.59294596666966348
v -0.71982434113299143 -0.37524652586376933 -0.58822363239823428
v -0.76700029082119092 -0.33509731908627249 -0.55172793413876986
v -0.74391928322753875 -0.35538964185776084 -0.57031218306513776
v -0.72351725988909288 -0.34278049799533267 -0.60332335026601169
v -0.72629346306852471 -0.30993911596093726 -0.61759296501677141
v -0.8304436615260854 -0.27120608306400168 -0.49175573222536739
v -0.79393950113683176 -0.24728576284213882 -0.55993298185973384
v -0.8128470271753131 -0.25942487099944789 -0.5263008126039086
v -0.81038667672711517 -0.29286703741839326 -0.51235288880834673
v -0.78932612587715156 -0.3140623079069243 -0.53228039104432212
v -0.74980804682448543 -0.28940919901119644 -0.59918739114037423
v -0.77021125387251865 -0.30201907444638237 -0.56617430865715512
v -0.77239911156193697 -0.26847815660585511 -0.57993473934092166
v -0.36332631176238922 -0.77559374083779253 -0.52081476214355971
v -0.43564033542005182 -0.74882163507730903 -0.50428119859933296
v -0.39983755358499268 -0.76279514997714426 -0.51291430186350373
v -0.37914530812373354 -0.75000663897853037 -0.54639505832337687
v -0.39438042536155571 -0.72332160828839487 -0.57104113544674318
v -0.57206024496011343 -0.68101160841565844 -0.46240996543392138
v -0.53928464429932044 -0.69959852010291856 -0.47389556661266613
v -0.5009897408613313 -0.67759220134129972 -0.54288330443976329
v -0.5205697504553275 -0.68913955303426222 -0.50885877821333603
v -0.53473043879998183 -0.66013517439005442 -0.5321075682548807
v -0.50559151762792265 -0.71711878338142421 -0.48471797253791354
v -0.47119895561654929 -0.73345537313668918 -0.49481248235782949
v -0.43683086618231221 -0.63627860295076732 -0.6396692618818256
v -0.44967029155280097 -0.60537045732842354 -0.66044106992846896
v -0.40924781918518255 -0.69516746518042272 -0.59505152674546269
v -0.42332575406118106 -0.66627574538671519 -0.61782677409936426
v -0.49384310651794555 -0.63486541333044522 -0.59826466159652614
v -0.45899125019100778 -0.65108194689466825 -0.60849488461724976
v -0.48029599324989503 -0.66480276196282018 -0.576366491429679
v -0.45127605584548097 -0.7219580670965744 -0.52910471006929916
v -0.46619608887037656 -0.69389043482299273 -0.55318389490700204
v -0.43058222724912815 -0.70916857766666386 -0.56258802809556263
v -0.77580743503185257 -0.52066638693952905 -0.3632609927723599
v -0.74903532927136907 -0.5041328233953023 -0.43557501643002244
v -0.76300884417120418 -0.51276592665947296 -0.39977223459496336
v -0.7502203331725904 -0.5462466831193461 -0.37907998913370422
v -0.72353530248245479 -0.5708927602427124 -0.39431510637152628
v -0.68122530260971859 -0.46226159022989066 -0.57199492597008406
v -0.69981221429697871 -0.47374719140863542 -0.53921932530929118
v -0.67780589553535986 -0.54273492923573252 -0.50092442187130193
v -0.68935324722832236 -0.50871040300930526 -0.52050443146529812
v -0.66034886858411446 -0.53195919305084993 -0.53466511980995246
v -0.71733247757548435 -0.48456959733388288 -0.50552619863789339
v -0.73366906733074932 -0.49466410715379877 -0.47113363662651991
v -0.63649229714482736 -0.63952088667779494 -0.43676554719228283
v -0.60558415152248357 -0.66029269472443819 -0.4496049725627716
v -0.69538115937448286 -0.59490315154143203 -0.40918250019515318
v -0.66648943958077522 -0.6176783988953336 -0.42326043507115163
v -0.63507910752450525 -0.59811628639249537 -0.49377778752791612
v -0.65129564108872828 -0.60834650941321899 -0.45892593120097835
v -0.66501645615688032 -0.57621811622564834 -0.48023067425986565
v -0.72217176129063454 -0.52895633486526861 -0.4512107368554516
v -0.69410412901705276 -0.55303551970297127 -0.46613076988034718
v -0.709382271860724 -0.56243965289153197 -0.43051690825909872
v -0.52088008113358908 -0.36311261756832908 -0.77574211604182319
v -0.50434651758936233 -0.43542664122599167 -0.7489700102813398
v -0.51297962085353299 -0.39962385939093259 -0.76294352518117492
v -0.54646037731340613 -0.37893161392967351 -0.75015501418256114
v -0.57110645443677255 -0.39416673116749551 -0.72346998349242553
v -0.46247528442395075 -0.5718465507660534 -0.68115998361968932
v -0.47396088560269545 -0.53907095010526029 -0.69974689530694945
v -0.54294862342979255 -0.50077604666727116 -0.6777405765453306
v -0.5089240972033654 -0.52035605626126746 -0.68928792823829299
v -0.53217288724490996 -0.5345167446059218 -0.6602835495940852
v -0.48478329152794292 -0.50537782343386262 -0.71726715858545509
v -0.49487780134785886 -0.47098526142248914 -0.73360374834072006
v -0.63973458087185497 -0.43661717198825212 -0.6364269781547981
v -0.66050638891849822 -0.44945659735874088 -0.60551883253245431
v -0.59511684573549195 -0.40903412499112241 -0.69531584038445349
v -0.61789209308939363 -0.42311205986712092 -0.66642412059074596
v -0.5983299805865554 -0.49362941232388541 -0.63501378853447599
v -0.60856020360727903 -0.45877755599694758 -0.65123032209869902
v -0.57643181041970837 -0.48008229905583488 -0.66495113716685106
v -0.52917002905932853 -0.45106236165142077 -0.72210644230060517
v -0.5532492138970313 -0.46598239467631641 -0.6940388100270235
v -0.562653347085592 -0.43036853305506795 -0.70931695287069463
v -0.58785364851728217 -0.65098580973951647 -0.48529258241725176
v -0.61638214011080872 -0.58767385069320333 -0.52877025780170184
v -0.60266026571825404 -0.61980335380581897 -0.50746298619777352
v -0.56913621728652908 -0.64052235517712264 -0.52026803325819493
v -0.54955624666758662 -0.62897452416969335 -0.55429547776843402
v -0.65119950393357651 -0.48514420721322105 -0.5877883295272528
v -0.58788754488726336 -0.52862188259767107 -0.61631682112077957
v -0.62001704799987911 -0.50731461099374286 -0.60259494672822489
v -0.64073604937118267 -0.52011965805416427 -0.56907089829649982
v -0.62918821836375338 -0.55414710256440325 -0.54949092767755736
v -0.48535790140728108 -0.58763995432322214 -0.65113418494354725
v -0.52883557679173121 -0.61616844591674869 -0.5878222258972341
v -0.50752830518780301 -0.60244657152419401 -0.61995172900984985
v -0.5203333522482243 -0.56892252309246905 -0.64067073038115341
v -0.55436079675846339 -0.54934255247352659 -0.62912289937372423
v -0.59676887183475924 -0.57583441767881938 -0.56317665895368063
v -0.57604811187287941 -0.56302828374964986 -0.59670355284472998
v -0.56324197794370989 -0.5965551776406991 -0.57598279288285015
v 0.82190805982831172 0.00016901474152036425 -0.57395201429776221
v 0.7877223046993248 -0.040509894812366713 -0.61870330371972748
v 0.80528435822590716 -0.020214692777305907 -0.59670422042870186
v 0.80528435822590716 0.020552722260346636 -0.59670422042870186
v 0.7877223046993248 0.040847924295407435 -0.61870330371972748
v 0.70781820509691395 -0.12083106667858148 -0.69950779443473488
v 0.72908257443989799 -0.10100578034475699 -0.68055854133164329
v 0.73257791765318669 -0.020215705561962016 -0.68401116261076322
v 0.73141227624584915 -0.060627942537787353 -0.68285955852656344
v 0.71245126454795416 -0.04025195922496342 -0.70408630376617021
v 0.74950808182105932 -0.080994322650961029 -0.66076229281807186
v 0.76897224187253943 -0.060885877540867793 -0.64024195331489653
v 0.72908257443989799 0.10134380982779773 -0.68055854133164329
v 0.70781820509691395 0.12116909616162222 -0.69950779443473488
v 0.76897224187253943 0.061223907023908515 -0.64024195331489653
v 0.74950808182105932 0.081332352134001765 -0.66076229281807186
v 0.71245126454795416 0.040589988708004142 -0.70408630376617021
v 0.73141227624584915 0.060965972020828076 -0.68285955852656344
v 0.73257791765318669 0.020553735045002745 -0.68401116261076322
v 0.77027318128157762 -0.020215759930588686 -0.64126382726141684
v 0.75185377852693747 0.00016901474152036425 -0.66307786132800151
v 0.77027318128157762 0.020553789413629415 -0.64126382726141684
v 0.50722423528950078 -0.27195608273190869 -0.82075770595140451
v 0.53462210489660233 -0.25421304447609488 -0.80897386639189617
v 0.54356200262120336 -0.17724713219646401 -0.823427111672284
v 0.53949525293743528 -0.21586395366747452 -0.81684980972542554
v 0.5168852160284495 -0.19541337882270585 -0.83638950115168142
v 0.56142770735404868 -0.2360983054797241 -0.79620635398330408
v 0.58748438833721317 -0.21770113758763321 -0.78253485637839293
v 0.55179095374700848 -0.020232949801869717 -0.83670638090346716
v 0.55096198357913861 -0.059584926765800274 -0.83536671775911897
v 0.526606129431057 -0.03918982509070041 -0.85211826943879476
v 0.59751172567235566 -0.10025469565429297 -0.7986609829169945
v 0.57464366967931457 -0.079971152815917421 -0.81751331564599194
v 0.59919476215344314 -0.060932294186735243 -0.80137167052854863
v 0.52335915206512429 -0.11766484441943395 -0.84686454970001401
v 0.54931553165702207 -0.098912536144676946 -0.83270807840468686
v 0.5468629757083977 -0.13801896064982261 -0.8287416986183801
v 0.66156128432801709 -0.16062320705174069 -0.73582874930696995
v 0.68455964702166328 -0.14118430134724916 -0.71858013221654127
v 0.61311653814290479 -0.19883644899941422 -0.76775605950989922
v 0.6377000603745272 -0.17987161030125806 -0.75225453160608191
v 0.64352674489119932 -0.10131842058873128 -0.76192885695177004
v 0.64110172906834595 -0.14067253062938539 -0.7577034889553822
v 0.61984593211686423 -0.12060639819747289 -0.77856772556919718
v 0.56966091197388924 -0.1585307567678293 -0.80948589816453564
v 0.59513929801488685 -0.13961949656521339 -0.79450193285090909
v 0.59178987482854506 -0.17883428210577379 -0.78911850727927191
v 0.53462210489660233 0.25455107395913562 -0.80897386639189617
v 0.50722423528950078 0.27229411221494942 -0.82075770595140451
v 0.58748438833721317 0.21803916707067394 -0.78253485637839293
v 0.56142770735404868 0.23643633496276484 -0.79620635398330408
v 0.5168852160284495 0.19575140830574658 -0.83638950115168142
v 0.53949525293743528 0.21620198315051525 -0.81684980972542554
v 0.54356200262120336 0.17758516167950475 -0.823427111672284
v 0.68455964702166328 0.14152233083028989 -0.71858013221654127
v 0.66156128432801709 0.16096123653478142 -0.73582874930696995
v 0.61984593211686423 0.12094442768051362 -0.77856772556919718
v 0.64110172906834595 0.14101056011242613 -0.7577034889553822
v 0.64352674489119932 0.10165645007177201 -0.76192885695177004
v 0.6377000603745272 0.1802096397842988 -0.75225453160608191
v 0.61311653814290479 0.19917447848245495 -0.76775605950989922
v 0.526606129431057 0.039527854573741132 -0.85211826943879476
v 0.55096198357913861 0.059922956248840996 -0.83536671775911897
v 0.55179095374700848 0.020570979284910446 -0.83670638090346716
v 0.5468629757083977 0.13835699013286334 -0.8287416986183801
v 0.54931553165702207 0.099250565627717682 -0.83270807840468686
v 0.52335915206512429 0.11800287390247469 -0.84686454970001401
v 0.59919476215344314 0.061270323669775965 -0.80137167052854863
v 0.57464366967931457 0.080309182298958157 -0.81751331564599194
v 0.59751172567235566 0.10059272513733371 -0.7986609829169945
v 0.59178987482854506 0.17917231158881453 -0.78911850727927191
v 0.59513929801488685 0.13995752604825412 -0.79450193285090909
v 0.56966091197388924 0.15886878625087003 -0.80948589816453564
v 0.68804191656062985 -0.1010345511791189 -0.72202200989115262
v 0.64587182729866688 -0.060933947470088061 -0.76424973623096981
v 0.66734986924508977 -0.08103621207808881 -0.74364671921092329
v 0.69037156326834792 -0.060648082163162274 -0.72432569024767346
v 0.69153751931802887 -0.020234131941100165 -0.72547828321229002
v 0.57633900562160778 0.00016901474152036425 -0.82024319639721943
v 0.6233019630501323 0.040875842494186694 -0.7840921268532498
v 0.60022572301976829 0.020571038079966207 -0.8026686617001737
v 0.60022572301976829 -0.020233008596925478 -0.8026686617001737
v 0.6233019630501323 -0.040537813011145972 -0.7840921268532498
v 0.68804191656062985 0.10137258066215964 -0.72202200989115262
v 0.69153751931802887 0.020572161424140895 -0.72547828321229002
v 0.69037156326834792 0.060986111646202996 -0.72432569024767346
v 0.66734986924508977 0.081374241561129546 -0.74364671921092329
v 0.64587182729866688 0.061271976953128783 -0.76424973623096981
v 0.64690298428019777 -0.02023419230651282 -0.76554669420584953
v 0.64690298428019777 0.020572221789553549 -0.76554669420584953
v 0.6696956641836771 0.00016901474152036425 -0.74596782221511648
v 0.032944282454262654 -0.48743741556814724 -0.87530936136214377
v 0.032973977323906715 -0.42561219497473368 -0.90699151182500459
v 0.032966626033194682 -0.45676588634898846 -0.89170334401207918
v 0.065948157615392369 -0.47714959386781475 -0.87910551994870767
v 0.09879383560737881 -0.46629110452862071 -0.88185056309541943
v 0.033086754330905195 -0.29583787369029751 -0.95723227534882405
v 0.033080069840125202 -0.32880939426991673 -0.94640784183370141
v 0.09908680350170973 -0.37096530507164943 -0.92598323664558779
v 0.06617701796967404 -0.35017202810866294 -0.93695681667324782
v 0.099134182211843946 -0.3384608140566297 -0.93835258333764648
v 0.033059726040325865 -0.36145708292246875 -0.93442121354233487
v 0.033052873876118175 -0.39359927537722134 -0.92133813891018779
v 0.19678432709452784 -0.42998418935619409 -0.88387837966557614
v 0.22886899871013464 -0.41683795511039923 -0.88245011238969639
v 0.13184176476848586 -0.45465416765960948 -0.8836041403002084
v 0.16438476458173598 -0.44262042031495008 -0.88425951239340617
v 0.16453669194798939 -0.37888178802311351 -0.91337104756798482
v 0.16454856126016926 -0.41096898538797061 -0.89938223066206013
v 0.13206997380390428 -0.39135002537513186 -0.91338478664687583
v 0.066064614773277089 -0.41467103985734111 -0.91024756449874689
v 0.099155169420230088 -0.40322091009620648 -0.91238654559698218
v 0.099047873045757517 -0.43505581452945014 -0.89764908089837558
v 0.033435949466537322 -0.020523151895191914 -1.0017287276642266
v 0.03343204184931816 -0.055201419827788714 -1.000411435652256
v 0.10016281518642929 -0.096450606739270833 -0.99279053068828249
v 0.066889194138362362 -0.075884624476443091 -0.99736926089754008
v 0.10019078809396648 -0.061779911080457502 -0.9955526096999604
v 0.033420030637942792 -0.089890355568655073 -0.99788734016799008
v 0.033415946067753596 -0.12439396234556088 -0.9941701692316175
v 0.23128670597338064 -0.17751153937790934 -0.95912811001427523
v 0.19903662214483689 -0.15757887862064882 -0.96979024432393079
v 0.23143875468611033 -0.14289561538871309 -0.96486217422128706
v 0.13339655914510762 -0.18624622247082306 -0.97593720183608579
v 0.16629907430215202 -0.17206165676645144 -0.97348707195774498
v 0.16604430712296425 -0.20643137978154277 -0.96682042210770869
v 0.16632764173229608 -0.10265473453792236 -0.98323845159244505
v 0.16639937975632538 -0.13740463108823056 -0.97896903358943543
v 0.13353630931704863 -0.1170929381536791 -0.98661843672318661
v 0.033348888587628064 -0.22729537618677859 -0.97578453232579887
v 0.033344100194264051 -0.26095101111139152 -0.96732233710225901
v 0.033367631402643753 -0.15913005082361945 -0.98920043694408599
v 0.033363018101957513 -0.19329119300073122 -0.9830907410936216
v 0.099950501678081935 -0.23429214371091384 -0.96955650638220159
v 0.066749044959386925 -0.2139589201966422 -0.97708669275527293
v 0.09998340790208099 -0.20034828176153766 -0.97713754034192923
v 0.10026906770279106 -0.13123132755066619 -0.98877762863409757
v 0.10020336165902685 -0.16592970487342218 -0.98355063828509282
v 0.06682124962605912 -0.14527614181362647 -0.98963867907931702
v 0.44503085979160817 -0.30958347904540401 -0.84319467692758143
v 0.47374360637042379 -0.29264824936862099 -0.83354616823376926
v 0.38593725767044124 -0.34226411467471451 -0.8595190099580835
v 0.41570858518677178 -0.32615767578989957 -0.85186610584040556
v 0.41664974848194325 -0.25736230464468374 -0.8746760428762097
v 0.41643787971464857 -0.291917592885438 -0.86385354373024892
v 0.38722817108513369 -0.27386675367725527 -0.88314132172756243
v 0.26205857004840061 -0.40230432720016102 -0.87996118333689199
v 0.29351616857573609 -0.38808759798003967 -0.87640947413095194
v 0.29540213104267599 -0.32112369470053087 -0.90249423014032737
v 0.29463545239757288 -0.35480046556754791 -0.8900418306879927
v 0.26416062147348607 -0.33577957904116545 -0.90683382191704909
v 0.32467486877694862 -0.37333181804350962 -0.8718195154614089
v 0.35536523568241085 -0.35813551456455406 -0.86620829640525365
v 0.29512269529240681 -0.18225445522093392 -0.94053707344721138
v 0.29572053046545488 -0.21733282012796948 -0.9328602775106335
v 0.26429777804185606 -0.19791350392129939 -0.94651900248918985
v 0.35712915033677567 -0.25528091354502214 -0.9012135710948026
v 0.32671669674824499 -0.23648618197442781 -0.9177332674837132
v 0.35698683088028843 -0.22048859369887666 -0.91041312160540711
v 0.26490830172598934 -0.26753268870979835 -0.92905773643293932
v 0.29596858927419806 -0.25220182432388927 -0.92395772454313674
v 0.2958855358419098 -0.28666993286663639 -0.91387193553509682
v 0.35645466802326808 -0.32427943866092063 -0.87900855752940232
v 0.32638592419007117 -0.30571821618015593 -0.89715658706078238
v 0.35705069201176115 -0.28993109906001585 -0.89069577583447723
v 0.066470788770960576 -0.28277950273746028 -0.95944105428120208
v 0.13305799606242524 -0.25566440065192103 -0.96012718986216183
v 0.099856333891764695 -0.26935605168306531 -0.96040996132005341
v 0.099576068302352688 -0.30414558464309932 -0.9499894889243663
v 0.13248763709008665 -0.32493966719935313 -0.93901633681673813
v 0.23197488454644549 -0.21265971658891383 -0.95177858614194744
v 0.23231951326194022 -0.28217825598494778 -0.93343413366763994
v 0.23231179918249628 -0.24761631846269971 -0.9431992756716715
v 0.19930063198162232 -0.22721429512425384 -0.95580841953409967
v 0.16645448238393853 -0.24147142823228146 -0.95859233679297529
v 0.23022159821324553 -0.38398306865809961 -0.89689381075955643
v 0.1655006219000163 -0.34534281388197369 -0.92640649868942893
v 0.19798019819122523 -0.364962681547782 -0.91240245594017633
v 0.23124915095003698 -0.3505612785026746 -0.91022237108139048
v 0.23192466573410817 -0.31676736286352952 -0.92236348240208732
v 0.16631462361293556 -0.27644771970040749 -0.94911511338315058
v 0.19932770609615472 -0.29685092674844077 -0.93650523794796481
v 0.16598840342165519 -0.31113919278951535 -0.93836687544610276
v 0.032944282454262654 0.48777544505118797 -0.87530936136214377
v 0.09879383560737881 0.46662913401166145 -0.88185056309541943
v 0.065948157615392369 0.47748762335085548 -0.87910551994870767
v 0.032966626033194682 0.4571039158320292 -0.89170334401207918
v 0.032973977323906715 0.42595022445777442 -0.90699151182500459
v 0.22886899871013464 0.41717598459343996 -0.88245011238969639
v 0.19678432709452784 0.43032221883923483 -0.88387837966557614
v 0.13206997380390428 0.3916880548581726 -0.91338478664687583
v 0.16454856126016926 0.41130701487101134 -0.89938223066206013
v 0.16453669194798939 0.37921981750615424 -0.91337104756798482
v 0.16438476458173598 0.44295844979799082 -0.88425951239340617
v 0.13184176476848586 0.45499219714265021 -0.8836041403002084
v 0.033080069840125202 0.32914742375295747 -0.94640784183370141
v 0.033086754330905195 0.29617590317333825 -0.95723227534882405
v 0.033052873876118175 0.39393730486026207 -0.92133813891018779
v 0.033059726040325865 0.36179511240550949 -0.93442121354233487
v 0.099134182211843946 0.33879884353967044 -0.93835258333764648
v 0.06617701796967404 0.35051005759170367 -0.93695681667324782
v 0.09908680350170973 0.37130333455469017 -0.92598323664558779
v 0.099047873045757517 0.43539384401249087 -0.89764908089837558
v 0.099155169420230088 0.40355893957924721 -0.91238654559698218
v 0.066064614773277089 0.41500906934038184 -0.91024756449874689
v 0.47374360637042379 0.29298627885166173 -0.83354616823376926
v 0.44503085979160817 0.30992150852844474 -0.84319467692758143
v 0.38722817108513369 0.27420478316029601 -0.88314132172756243
v 0.41643787971464857 0.29225562236847874 -0.86385354373024892
v 0.41664974848194325 0.25770033412772447 -0.8746760428762097
v 0.41570858518677178 0.32649570527294031 -0.85186610584040556
v 0.38593725767044124 0.34260214415775525 -0.8595190099580835
v 0.26429777804185606 0.19825153340434012 -0.94651900248918985
v 0.29572053046545488 0.21767084961101021 -0.9328602775106335
v 0.29512269529240681 0.18259248470397466 -0.94053707344721138
v 0.2958855358419098 0.28700796234967713 -0.91387193553509682
v 0.29596858927419806 0.25253985380693 -0.92395772454313674
v 0.26490830172598934 0.26787071819283909 -0.92905773643293932
v 0.35698683088028843 0.2208266231819174 -0.91041312160540711
v 0.32671669674824499 0.23682421145746854 -0.9177332674837132
v 0.35712915033677567 0.25561894302806287 -0.9012135710948026
v 0.29351616857573609 0.3884256274630804 -0.87640947413095194
v 0.26205857004840061 0.40264235668320175 -0.87996118333689199
v 0.35536523568241085 0.35847354404759479 -0.86620829640525365
v 0.32467486877694862 0.37366984752655036 -0.8718195154614089
v 0.26416062147348607 0.33611760852420619 -0.90683382191704909
v 0.29463545239757288 0.35513849505058864 -0.8900418306879927
v 0.29540213104267599 0.32146172418357161 -0.90249423014032737
v 0.35705069201176115 0.29026912854305659 -0.89069577583447723
v 0.32638592419007117 0.30605624566319667 -0.89715658706078238
v 0.35645466802326808 0.32461746814396136 -0.87900855752940232
v 0.03343204184931816 0.055539449310829436 -1.000411435652256
v 0.033435949466537322 0.020861181378232643 -1.0017287276642266
v 0.033415946067753596 0.12473199182860162 -0.9941701692316175
v 0.033420030637942792 0.090228385051695809 -0.99788734016799008
v 0.10019078809396648 0.062117940563498224 -0.9955526096999604
v 0.066889194138362362 0.076222653959483827 -0.99736926089754008
v 0.10016281518642929 0.096788636222311569 -0.99279053068828249
v 0.033344100194264051 0.26128904059443225 -0.96732233710225901
v 0.033348888587628064 0.22763340566981932 -0.97578453232579887
v 0.09998340790208099 0.20068631124457839 -0.97713754034192923
v 0.066749044959386925 0.21429694967968294 -0.97708669275527293
v 0.099950501678081935 0.23463017319395457 -0.96955650638220159
v 0.033363018101957513 0.19362922248377196 -0.9830907410936216
v 0.033367631402643753 0.15946808030666018 -0.98920043694408599
v 0.23143875468611033 0.14323364487175383 -0.96486217422128706
v 0.19903662214483689 0.15791690810368955 -0.96979024432393079
v 0.23128670597338064 0.17784956886095007 -0.95912811001427523
v 0.13353630931704863 0.11743096763671984 -0.98661843672318661
v 0.16639937975632538 0.1377426605712713 -0.97896903358943543
v 0.16632764173229608 0.10299276402096309 -0.98323845159244505
v 0.16604430712296425 0.20676940926458351 -0.96682042210770869
v 0.16629907430215202 0.17239968624949217 -0.97348707195774498
v 0.13339655914510762 0.1865842519538638 -0.97593720183608579
v 0.06682124962605912 0.14561417129666721 -0.98963867907931702
v 0.10020336165902685 0.16626773435646292 -0.98355063828509282
v 0.10026906770279106 0.13156935703370692 -0.98877762863409757
v 0.23022159821324553 0.38432109814114035 -0.89689381075955643
v 0.23192466573410817 0.31710539234657026 -0.92236348240208732
v 0.23124915095003698 0.35089930798571534 -0.91022237108139048
v 0.19798019819122523 0.36530071103082273 -0.91240245594017633
v 0.1655006219000163 0.34568084336501442 -0.92640649868942893
v 0.23197488454644549 0.21299774607195457 -0.95177858614194744
v 0.16645448238393853 0.2418094577153222 -0.95859233679297529
v 0.19930063198162232 0.22755232460729458 -0.95580841953409967
v 0.23231179918249628 0.24795434794574045 -0.9431992756716715
v 0.23231951326194022 0.28251628546798851 -0.93343413366763994
v 0.066470788770960576 0.28311753222050101 -0.95944105428120208
v 0.13248763709008665 0.32527769668239387 -0.93901633681673813
v 0.099576068302352688 0.30448361412614006 -0.9499894889243663
v 0.099856333891764695 0.26969408116610605 -0.96040996132005341
v 0.13305799606242524 0.25600243013496177 -0.96012718986216183
v 0.19932770609615472 0.2971889562314815 -0.93650523794796481
v 0.16631462361293556 0.27678574918344823 -0.94911511338315058
v 0.16598840342165519 0.31147722227255609 -0.93836687544610276
v 0.47940307070175275 -0.25475833915674317 -0.84270874292665221
v 0.42159708933287104 -0.21901977015157237 -0.88271681200434737
v 0.45080086108050926 -0.23707169757753704 -0.86340628612662618
v 0.48428161754038235 -0.21637945211627788 -0.85061777512801229
v 0.48835702618028148 -0.17775986009307623 -0.8572167852154331
v 0.29855814472911812 -0.14293985235701245 -0.94623890123897714
v 0.32998166318804162 -0.16236239680061157 -0.93256558510202381
v 0.39814104073166878 -0.12189881798556744 -0.91189958143399008
v 0.36439294390508475 -0.14220252914384263 -0.92299966096251662
v 0.36715842006267613 -0.10273720553807497 -0.92713798038477768
v 0.36099779593627157 -0.18153713331131208 -0.91741171202141369
v 0.39140899080066355 -0.20033434328510369 -0.90087521483598965
v 0.49575535845720131 -0.05990861868360331 -0.86924566794987257
v 0.49658924922366571 -0.020549898949699996 -0.87059775015174201
v 0.49164803518829681 -0.13838320685373698 -0.86258730687972318
v 0.49410659749772234 -0.099271369744570445 -0.86656867402670457
v 0.43331551340432178 -0.06184987325603869 -0.90186821932516836
v 0.46402905030899855 -0.080624028879522927 -0.88494205482292254
v 0.43162422772158465 -0.10120507037413115 -0.89911014205551043
v 0.42556057272382702 -0.1800432280598751 -0.88960547846172899
v 0.42890765059137287 -0.14068590037850112 -0.89508309992425972
v 0.4590438907500905 -0.15934939946352225 -0.87681598903181823
v 0.066921947432289353 0.00016901474152036425 -1.0002625122978521
v 0.13370212227046788 0.041428924800016462 -0.992682904232154
v 0.10041808149291144 0.020861260202779522 -0.99724059885642569
v 0.10041808149291144 -0.020523230719738793 -0.99724059885642569
v 0.13370212227046788 -0.04109089531697574 -0.992682904232154
v 0.26503423816674804 0.12255896814883281 -0.95904389411012692
v 0.23277401034253475 0.10262279285852861 -0.969695604522407
v 0.23411432543611974 0.020862762352956643 -0.9745522116138875
v 0.23366705327168383 0.061747515005840074 -0.97293250797487418
v 0.26680975133815266 0.041056347023556643 -0.96546776111174204
v 0.20009987398341883 0.082434778308261999 -0.97886924948817566
v 0.16722678704272995 0.062120151172887036 -0.9865051969986659
v 0.23277401034253475 -0.10228476337548788 -0.969695604522407
v 0.26503423816674804 -0.12222093866579208 -0.95904389411012692
v 0.16722678704272995 -0.061782121689846314 -0.9865051969986659
v 0.20009987398341883 -0.082096748825221263 -0.97886924948817566
v 0.26680975133815266 -0.040718317540515921 -0.96546776111174204
v 0.23366705327168383 -0.061409485522799352 -0.97293250797487418
v 0.23411432543611974 -0.020524732869915914 -0.9745522116138875
v 0.16745435670858397 0.020862843337873218 -0.98819328027192943
v 0.20099961044469655 0.00016901474152036425 -0.98213622495091457
v 0.16745435670858397 -0.020524813854832489 -0.98819328027192943
v 0.47940307070175275 0.25509636863978391 -0.84270874292665221
v 0.48835702618028148 0.17809788957611697 -0.8572167852154331
v 0.48428161754038235 0.21671748159931861 -0.85061777512801229
v 0.45080086108050926 0.23740972706057778 -0.86340628612662618
v 0.42159708933287104 0.2193577996346131 -0.88271681200434737
v 0.49658924922366571 0.020887928432740725 -0.87059775015174201
v 0.49575535845720131 0.060246648166644032 -0.86924566794987257
v 0.43162422772158465 0.10154309985717189 -0.89911014205551043
v 0.46402905030899855 0.080962058362563663 -0.88494205482292254
v 0.43331551340432178 0.062187902739079412 -0.90186821932516836
v 0.49410659749772234 0.099609399227611181 -0.86656867402670457
v 0.49164803518829681 0.13872123633677771 -0.86258730687972318
v 0.32998166318804162 0.16270042628365231 -0.93256558510202381
v 0.29855814472911812 0.14327788184005319 -0.94623890123897714
v 0.39140899080066355 0.20067237276814442 -0.90087521483598965
v 0.36099779593627157 0.18187516279435281 -0.91741171202141369
v 0.36715842006267613 0.10307523502111571 -0.92713798038477768
v 0.36439294390508475 0.14254055862688336 -0.92299966096251662
v 0.39814104073166878 0.12223684746860818 -0.91189958143399008
v 0.4590438907500905 0.15968742894656299 -0.87681598903181823
v 0.42890765059137287 0.14102392986154186 -0.89508309992425972
v 0.42556057272382702 0.18038125754291584 -0.88960547846172899
v 0.29989538690521217 -0.10232673236848064 -0.95107425130129908
v 0.30124084807790485 -0.020551655134334986 -0.95593364687090088
v 0.30079240292546255 -0.061438897357205847 -0.95431285981957692
v 0.33431645135718746 -0.082157898728509454 -0.94150781275915563
v 0.36806674152112712 -0.061852328610825048 -0.93040842690416869
v 0.29989538690521217 0.10266476185152137 -0.95107425130129908
v 0.36806674152112712 0.06219035809386577 -0.93040842690416869
v 0.33431645135718746 0.08249592821155019 -0.94150781275915563
v 0.30079240292546255 0.06177692684024657 -0.95431285981957692
v 0.30124084807790485 0.020889684617375715 -0.95593364687090088
v 0.46573698943150771 0.00016901474152036425 -0.88772839588500463
v 0.40159348964992703 -0.041131658734969691 -0.91760234865122392
v 0.43400014710884233 -0.020549986629783253 -0.903432029106227
v 0.43400014710884233 0.020888016112823982 -0.903432029106227
v 0.40159348964992703 0.041469688218010413 -0.91760234865122392
v 0.33522425945795375 0.00016901474152036425 -0.94477862568439297
v 0.3687511533490031 0.020889774703400074 -0.93197249175522334
v 0.3687511533490031 -0.020551745220359345 -0.93197249175522334
v 0.87528532144709348 0.033157976648322755 0.48762706984715715
v 0.90696747190995441 0.033187671517966817 0.42580184925374359
v 0.891679304097029 0.033180320227254784 0.45695554062799842
v 0.8790814800336576 0.066161851809452485 0.47733924814682477
v 0.88182652318036925 0.099007529801438926 0.46648075880763062
v 0.95720823543377387 0.033300448524965304 0.29602752796930748
v 0.94638380191865135 0.033293764034185318 0.32899904854892675
v 0.92595919673053761 0.099300497695769846 0.3711549593506594
v 0.93693277675819764 0.066390712163734156 0.3503616823876729
v 0.93832854342259631 0.099347876405904062 0.33865046833563966
v 0.93439717362728458 0.033273420234385967 0.36164673720147866
v 0.92131409899513761 0.033266568070178283 0.3937889296562313
v 0.88385433975052596 0.19699802128858795 0.43017384363520406
v 0.88242607247464622 0.22908269290419475 0.41702760938940919
v 0.88358010038515822 0.13205545896254597 0.45484382193861944
v 0.88423547247835599 0.1645984587757961 0.44281007459396005
v 0.91334700765293464 0.16475038614204951 0.37907144230212347
v 0.89935819074701007 0.1647622554542294 0.41115863966698063
v 0.91336074673182555 0.1322836679979644 0.39153967965414177
v 0.91022352458369671 0.066278308967337204 0.41486069413635102
v 0.912362505681932 0.099368863614290204 0.40341056437521644
v 0.89762504098332541 0.099261567239817633 0.4352454688084601
v 1.0017046877491764 0.033649643660597431 0.020712806174201851
v 1.0003873957372058 0.033645736043378269 0.055391074106798645
v 0.99276649077323231 0.10037650938048942 0.096640261018280771
v 0.9973452209824899 0.067102888332422464 0.076074278755453029
v 0.99552856978491022 0.10040448228802659 0.061969565359467432
v 0.9978633002529399 0.033633724832002901 0.090080009847665024
v 0.99414612931656732 0.033629640261813705 0.12458361662457082
v 0.95910407009922505 0.23150040016744075 0.17770119365691928
v 0.96976620440888062 0.199250316338897 0.15776853289965875
v 0.96483813430623688 0.23165244888017045 0.14308526966772303
v 0.97591316192103561 0.13361025333916773 0.186435876749833
v 0.9734630320426948 0.16651276849621213 0.17225131104546137
v 0.96679638219265851 0.16625800131702437 0.20662103406055271
v 0.98321441167739487 0.1665413359263562 0.10284438881693229
v 0.97894499367438526 0.16661307395038549 0.1375942853672405
v 0.98659439680813643 0.13375000351110874 0.11728259243268904
v 0.97576049241074869 0.03356258278168818 0.22748503046578855
v 0.96729829718720883 0.033557794388324159 0.26114066539040148
v 0.98917639702903581 0.033581325596703862 0.15931970510262938
v 0.98306670117857142 0.033576712296017622 0.19348084727974116
v 0.96953246646715141 0.10016419587214204 0.23448179798992375
v 0.97706265284022276 0.06696273915344704 0.21414857447565216
v 0.97711350042687906 0.10019710209614111 0.20053793604054759
v 0.98875358871904739 0.10048276189685118 0.13142098182967613
v 0.98352659837004264 0.10041705585308697 0.16611935915243212
v 0.98961463916426684 0.067034943820119222 0.14546579609263641
v 0.84317063701253114 0.4452445539856682 0.30977313332441392
v 0.83352212831871908 0.47395730056448387 0.29283790364763096
v 0.85949497004303332 0.38615095186450132 0.34245376895372448
v 0.85184206592535539 0.41592227938083187 0.32634733006890954
v 0.87465200296115952 0.41686344267600334 0.2575519589236937
v 0.86382950381519874 0.41665157390870866 0.29210724716444797
v 0.88311728181251226 0.38744186527919378 0.27405640795626524
v 0.87993714342184182 0.2622722642424607 0.40249398147917098
v 0.87638543421590176 0.29372986276979618 0.38827725225904963
v 0.90247019022527719 0.29561582523673607 0.32131334897954084
v 0.89001779077294252 0.29484914659163297 0.35499011984655787
v 0.90680978200199902 0.26437431566754621 0.33596923332017548
v 0.87179547554635872 0.32488856297100871 0.37352147232251959
v 0.86618425649020347 0.35557892987647094 0.35832516884356402
v 0.9405130335321612 0.2953363894864669 0.18244410949994386
v 0.93283623759558332 0.29593422465951497 0.21752247440697942
v 0.94649496257413968 0.26451147223591615 0.19810315820030933
v 0.90118953117975242 0.35734284453083576 0.2554705678240321
v 0.91770922756866302 0.32693039094230508 0.23667583625343774
v 0.91038908169035693 0.35720052507434852 0.2206782479778866
v 0.92903369651788914 0.26512199592004942 0.26772234298880832
v 0.92393368462808656 0.29618228346825815 0.25239147860289923
v 0.91384789562004676 0.29609923003596994 0.28685958714564636
v 0.87898451761435226 0.35666836221732823 0.32446909293993065
v 0.89713254714573221 0.32659961838413126 0.3059078704591659
v 0.89067173591942705 0.35726438620582124 0.29012075333902582
v 0.9594170143661519 0.066684482965020705 0.28296915701647019
v 0.96010314994711154 0.13327169025648533 0.255854054930931
v 0.96038592140500323 0.10007002808582482 0.26954570596207533
v 0.94996544900931612 0.099789762496412804 0.30433523892210929
v 0.93899229690168795 0.13270133128414677 0.3251293214783631
v 0.95175454622689726 0.23218857874050561 0.21284937086792377
v 0.93341009375258976 0.23253320745600034 0.28236791026395774
v 0.94317523575662132 0.2325254933765564 0.24780597274170965
v 0.9557843796190495 0.19951432617568243 0.22740394940326378
v 0.95856829687792511 0.16666817657799865 0.2416610825112914
v 0.89686977084450625 0.23043529240730565 0.38417272293710958
v 0.92638245877437875 0.16571431609407641 0.34553246816098365
v 0.91237841602512615 0.19819389238528534 0.36515233582679196
v 0.9101983311663403 0.2314628451440971 0.35075093278168457
v 0.92233944248703714 0.23213835992816828 0.31695701714253949
v 0.9490910734681004 0.16652831780699567 0.27663737397941746
v 0.93648119803291463 0.19954140029021483 0.29704058102745073
v 0.93834283553105247 0.16620209761571531 0.31132884706852532
v 0.87528532144709348 0.033157976648322755 -0.48758579077217795
v 0.88182652318036925 0.099007529801438926 -0.46643947973265143
v 0.8790814800336576 0.066161851809452485 -0.47729796907184557
v 0.891679304097029 0.033180320227254784 -0.45691426155301923
v 0.90696747190995441 0.033187671517966817 -0.4257605701787644
v 0.88242607247464622 0.22908269290419475 -0.41698633031443
v 0.88385433975052596 0.19699802128858795 -0.43013256456022486
v 0.91336074673182555 0.1322836679979644 -0.39149840057916258
v 0.89935819074701007 0.1647622554542294 -0.41111736059200144
v 0.91334700765293464 0.16475038614204951 -0.37903016322714428
v 0.88423547247835599 0.1645984587757961 -0.44276879551898085
v 0.88358010038515822 0.13205545896254597 -0.45480254286364025
v 0.94638380191865135 0.033293764034185318 -0.32895776947394756
v 0.95720823543377387 0.033300448524965304 -0.29598624889432829
v 0.92131409899513761 0.033266568070178283 -0.39374765058125211
v 0.93439717362728458 0.033273420234385967 -0.36160545812649947
v 0.93832854342259631 0.099347876405904062 -0.33860918926066047
v 0.93693277675819764 0.066390712163734156 -0.35032040331269371
v 0.92595919673053761 0.099300497695769846 -0.3711136802756802
v 0.89762504098332541 0.099261567239817633 -0.43520418973348091
v 0.912362505681932 0.099368863614290204 -0.40336928530023725
v 0.91022352458369671 0.066278308967337204 -0.41481941506137182
v 0.83352212831871908 0.47395730056448387 -0.29279662457265176
v 0.84317063701253114 0.4452445539856682 -0.30973185424943472
v 0.88311728181251226 0.38744186527919378 -0.27401512888128604
v 0.86382950381519874 0.41665157390870866 -0.29206596808946877
v 0.87465200296115952 0.41686344267600334 -0.25751067984871451
v 0.85184206592535539 0.41592227938083187 -0.32630605099393034
v 0.85949497004303332 0.38615095186450132 -0.34241248987874529
v 0.94649496257413968 0.26451147223591615 -0.19806187912533019
v 0.93283623759558332 0.29593422465951497 -0.21748119533200028
v 0.9405130335321612 0.2953363894864669 -0.18240283042496472
v 0.91384789562004676 0.29609923003596994 -0.28681830807066716
v 0.92393368462808656 0.29618228346825815 -0.25235019952792004
v 0.92903369651788914 0.26512199592004942 -0.26768106391382912
v 0.91038908169035693 0.35720052507434852 -0.22063696890290746
v 0.91770922756866302 0.32693039094230508 -0.2366345571784586
v 0.90118953117975242 0.35734284453083576 -0.25542928874905291
v 0.87638543421590176 0.29372986276979618 -0.38823597318407044
v 0.87993714342184182 0.2622722642424607 -0.40245270240419179
v 0.86618425649020347 0.35557892987647094 -0.35828388976858483
v 0.87179547554635872 0.32488856297100871 -0.37348019324754039
v 0.90680978200199902 0.26437431566754621 -0.33592795424519628
v 0.89001779077294252 0.29484914659163297 -0.35494884077157868
v 0.90247019022527719 0.29561582523673607 -0.32127206990456164
v 0.89067173591942705 0.35726438620582124 -0.29007947426404662
v 0.89713254714573221 0.32659961838413126 -0.3058665913841867
v 0.87898451761435226 0.35666836221732823 -0.32442781386495145
v 1.0003873957372058 0.033645736043378269 -0.055349795031819506
v 1.0017046877491764 0.033649643660597431 -0.020671527099222705
v 0.99414612931656732 0.033629640261813705 -0.12454233754959168
v 0.9978633002529399 0.033633724832002901 -0.090038730772685885
v 0.99552856978491022 0.10040448228802659 -0.061928286284488293
v 0.9973452209824899 0.067102888332422464 -0.076032999680473889
v 0.99276649077323231 0.10037650938048942 -0.096598981943301632
v 0.96729829718720883 0.033557794388324159 -0.26109938631542229
v 0.97576049241074869 0.03356258278168818 -0.22744375139080941
v 0.97711350042687906 0.10019710209614111 -0.20049665696556845
v 0.97706265284022276 0.06696273915344704 -0.21410729540067303
v 0.96953246646715141 0.10016419587214204 -0.23444051891494461
v 0.98306670117857142 0.033576712296017622 -0.19343956820476202
v 0.98917639702903581 0.033581325596703862 -0.15927842602765024
v 0.96483813430623688 0.23165244888017045 -0.14304399059274389
v 0.96976620440888062 0.199250316338897 -0.15772725382467961
v 0.95910407009922505 0.23150040016744075 -0.17765991458194014
v 0.98659439680813643 0.13375000351110874 -0.1172413133577099
v 0.97894499367438526 0.16661307395038549 -0.13755300629226136
v 0.98321441167739487 0.1665413359263562 -0.10280310974195316
v 0.96679638219265851 0.16625800131702437 -0.20657975498557357
v 0.9734630320426948 0.16651276849621213 -0.17221003197048224
v 0.97591316192103561 0.13361025333916773 -0.18639459767485386
v 0.98961463916426684 0.067034943820119222 -0.14542451701765727
v 0.98352659837004264 0.10041705585308697 -0.16607808007745298
v 0.98875358871904739 0.10048276189685118 -0.13137970275469699
v 0.89686977084450625 0.23043529240730565 -0.38413144386213038
v 0.92233944248703714 0.23213835992816828 -0.31691573806756029
v 0.9101983311663403 0.2314628451440971 -0.35070965370670537
v 0.91237841602512615 0.19819389238528534 -0.36511105675181277
v 0.92638245877437875 0.16571431609407641 -0.34549118908600446
v 0.95175454622689726 0.23218857874050561 -0.21280809179294463
v 0.95856829687792511 0.16666817657799865 -0.24161980343631226
v 0.9557843796190495 0.19951432617568243 -0.22736267032828464
v 0.94317523575662132 0.2325254933765564 -0.24776469366673051
v 0.93341009375258976 0.23253320745600034 -0.28232663118897855
v 0.9594170143661519 0.066684482965020705 -0.28292787794149099
v 0.93899229690168795 0.13270133128414677 -0.3250880424033839
v 0.94996544900931612 0.099789762496412804 -0.30429395984713009
v 0.96038592140500323 0.10007002808582482 -0.26950442688709614
v 0.96010314994711154 0.13327169025648533 -0.2558127758559518
v 0.93648119803291463 0.19954140029021483 -0.29699930195247154
v 0.9490910734681004 0.16652831780699567 -0.27659609490443826
v 0.93834283553105247 0.16620209761571531 -0.31128756799354612
v 0.57392797438271204 0.82212175402237175 2.0639537489571924e-05
v 0.6186792638046773 0.78793599889338484 0.040699549091376644
v 0.59668018051365168 0.80549805241996719 0.020404347056315844
v 0.59668018051365168 0.80549805241996719 -0.020363067981336698
v 0.6186792638046773 0.78793599889338484 -0.040658270016397505
v 0.6994837545196847 0.70803189929097399 0.12102072095759142
v 0.68053450141659311 0.72929626863395802 0.10119543462376693
v 0.68398712269571305 0.73279161184724673 0.020405359840971953
v 0.68283551861151326 0.73162597043990918 0.060817596816797284
v 0.70406226385112003 0.71266495874201419 0.04044161350397335
v 0.66073825290302168 0.74972177601511936 0.081183976929970966
v 0.64021791339984635 0.76918593606659946 0.061075531819877724
v 0.68053450141659311 0.72929626863395802 -0.10115415554878779
v 0.6994837545196847 0.70803189929097399 -0.12097944188261228
v 0.64021791339984635 0.76918593606659946 -0.061034252744898584
v 0.66073825290302168 0.74972177601511936 -0.081142697854991827
v 0.70406226385112003 0.71266495874201419 -0.040400334428994211
v 0.68283551861151326 0.73162597043990918 -0.060776317741818145
v 0.68398712269571305 0.73279161184724673 -0.020364080765992807
v 0.64123978734636666 0.77048687547563766 0.020405414209598623
v 0.66305382141295133 0.7520674727209975 2.0639537489571924e-05
v 0.64123978734636666 0.77048687547563766 -0.020364135134619477
v 0.82073366603635445 0.50743792948356092 0.27214573701091865
v 0.80894982647684599 0.53483579909066226 0.25440269875510485
v 0.82340307175723393 0.54377569681526339 0.17743678647547395
v 0.81682576981037525 0.53970894713149542 0.21605360794648448
v 0.83636546123663125 0.51709891022250953 0.19560303310171578
v 0.7961823140682539 0.56164140154810871 0.23628795975873404
v 0.78251081646334275 0.5876980825312732 0.21789079186664315
v 0.83668234098841698 0.55200464794106852 0.020422604080879654
v 0.83534267784406879 0.55117567777319865 0.059774581044810204
v 0.85209422952374458 0.52681982362511703 0.039379479369710341
v 0.79863694300194432 0.5977254198664157 0.10044434993330294
v 0.81748927573094188 0.57485736387337472 0.080160807094927372
v 0.80134763061349845 0.59940845634750317 0.061121948465745174
v 0.84684050978496395 0.52357284625918432 0.1178544986984439
v 0.83268403848963668 0.54952922585108221 0.09910219042368687
v 0.82871765870333003 0.54707666990245762 0.13820861492883252
v 0.73580470939191978 0.66177497852207712 0.16081286133075062
v 0.71855609230149109 0.6847733412157232 0.14137395562625907
v 0.76773201959484905 0.61333023233696493 0.19902610327842415
v 0.75223049169103173 0.63791375456858723 0.180061264580268
v 0.76190481703671986 0.64374043908525935 0.10150807486774122
v 0.75767944904033191 0.64131542326240598 0.1408621849083953
v 0.778543685654147 0.62005962631092426 0.12079605247648281
v 0.80946185824948536 0.56987460616794916 0.1587204110468392
v 0.79447789293585891 0.595352992208947 0.13980915084422332
v 0.78909446736422173 0.5920035690226052 0.17902393638478373
v 0.80894982647684599 0.53483579909066226 -0.25436141968012566
v 0.82073366603635445 0.50743792948356092 -0.27210445793593946
v 0.78251081646334275 0.5876980825312732 -0.21784951279166401
v 0.7961823140682539 0.56164140154810871 -0.2362466806837549
v 0.83636546123663125 0.51709891022250953 -0.19556175402673664
v 0.81682576981037525 0.53970894713149542 -0.21601232887150534
v 0.82340307175723393 0.54377569681526339 -0.17739550740049481
v 0.71855609230149109 0.6847733412157232 -0.14133267655127993
v 0.73580470939191978 0.66177497852207712 -0.16077158225577148
v 0.778543685654147 0.62005962631092426 -0.12075477340150367
v 0.75767944904033191 0.64131542326240598 -0.14082090583341617
v 0.76190481703671986 0.64374043908525935 -0.10146679579276208
v 0.75223049169103173 0.63791375456858723 -0.18001998550528886
v 0.76773201959484905 0.61333023233696493 -0.19898482420344502
v 0.85209422952374458 0.52681982362511703 -0.039338200294731202
v 0.83534267784406879 0.55117567777319865 -0.059733301969831065
v 0.83668234098841698 0.55200464794106852 -0.020381325005900508
v 0.82871765870333003 0.54707666990245762 -0.13816733585385338
v 0.83268403848963668 0.54952922585108221 -0.099060911348707731
v 0.84684050978496395 0.52357284625918432 -0.11781321962346476
v 0.80134763061349845 0.59940845634750317 -0.061080669390766035
v 0.81748927573094188 0.57485736387337472 -0.080119528019948233
v 0.79863694300194432 0.5977254198664157 -0.1004030708583238
v 0.78909446736422173 0.5920035690226052 -0.17898265730980459
v 0.79447789293585891 0.595352992208947 -0.13976787176924418
v 0.80946185824948536 0.56987460616794916 -0.15867913197186007
v 0.72199796997610244 0.68825561075468988 0.10122420545812884
v 0.76422569631591974 0.64608552149272702 0.061123601749097999
v 0.74362267929587311 0.6675635634391498 0.081225866357098747
v 0.72430165033262328 0.69058525746240795 0.060837736442172205
v 0.72545424329723984 0.6917512135120889 0.020423786220110103
v 0.82021915648216925 0.57655269981566781 2.0639537489571924e-05
v 0.78406808693819963 0.62351565724419233 -0.040686188215176763
v 0.80264462178512352 0.60043941721382832 -0.02038138380095627
v 0.80264462178512352 0.60043941721382832 0.020422662875935416
v 0.78406808693819963 0.62351565724419233 0.040727467290155903
v 0.72199796997610244 0.68825561075468988 -0.1011829263831497
v 0.72545424329723984 0.6917512135120889 -0.020382507145130957
v 0.72430165033262328 0.69058525746240795 -0.060796457367193066
v 0.74362267929587311 0.6675635634391498 -0.081184587282119608
v 0.76422569631591974 0.64608552149272702 -0.061082322674118859
v 0.76552265429079935 0.6471166784742578 0.020423846585522758
v 0.76552265429079935 0.6471166784742578 -0.020382567510543612
v 0.7459437823000663 0.66990935837773713 2.0639537489571924e-05
v 1.0002384723828019 0.067135641626349468 2.0639537489571924e-05
v 0.99265886431710382 0.13391581646452799 -0.041239270521006531
v 0.99721655894137551 0.10063177568697156 -0.020671605923769584
v 0.99721655894137551 0.10063177568697156 0.02071288499874873
v 0.99265886431710382 0.13391581646452799 0.04128054959598567
v 0.95901985419507674 0.26524793236080813 -0.12236931386982287
v 0.96967156460735682 0.23298770453659487 -0.10243313857951868
v 0.97452817169883732 0.23432801963017985 -0.020673108073946705
v 0.97290846805982412 0.23388074746574397 -0.061557860726830151
v 0.96544372119669186 0.26702344553221274 -0.040866692744546712
v 0.97884520957312549 0.20031356817747895 -0.082245124029252062
v 0.98648115708361572 0.16744048123679006 -0.061930496893877106
v 0.96967156460735682 0.23298770453659487 0.10247441765449782
v 0.95901985419507674 0.26524793236080813 0.12241059294480201
v 0.98648115708361572 0.16744048123679006 0.061971775968856245
v 0.97884520957312549 0.20031356817747895 0.082286403104231201
v 0.96544372119669186 0.26702344553221274 0.040907971819525851
v 0.97290846805982412 0.23388074746574397 0.06159913980180929
v 0.97452817169883732 0.23432801963017985 0.020714387148925852
v 0.98816924035687914 0.16766805090264406 -0.020673189058863277
v 0.98211218503586439 0.20121330463875667 2.0639537489571924e-05
v 0.98816924035687914 0.16766805090264406 0.020714468133842423
v 0.84268470301160203 0.47961676489581284 -0.25490671436077394
v 0.85719274530038292 0.48857072037434157 -0.17790823529710706
v 0.85059373521296222 0.48449531173444244 -0.21652782732030867
v 0.86338224621157589 0.45101455527456935 -0.23722007278156784
v 0.8826927720892972 0.42181078352693119 -0.21916814535560317
v 0.87057371023669183 0.4968029434177258 -0.020698274153730788
v 0.86922162803482239 0.4959690526512614 -0.060056993887634101
v 0.89908610214046025 0.43183792191564474 -0.10135344557816195
v 0.88491801490787236 0.46424274450305864 -0.080772404083553725
v 0.90184417941011819 0.43352920759838187 -0.061998248460069481
v 0.86654463411165439 0.49432029169178243 -0.099419744948601244
v 0.862563266964673 0.49186172938235689 -0.13853158205776778
v 0.93254154518697363 0.33019535738210171 -0.16251077200464237
v 0.94621486132392696 0.29877183892317821 -0.14308822756104325
v 0.90085117492093947 0.39162268499472364 -0.20048271848913449
v 0.91738767210636352 0.36121149013033166 -0.18168550851534288
v 0.9271139404697275 0.36737211425673622 -0.10288558074210577
v 0.92297562104746655 0.3646066380991449 -0.14235090434787342
v 0.9118755415189399 0.39835473492572887 -0.12204719318959824
v 0.87679194911676817 0.45925758494415059 -0.15949777466755308
v 0.89505906000920954 0.42912134478543296 -0.14083427558253192
v 0.8895814385466787 0.42577426691788706 -0.18019160326390593
v 0.84268470301160203 0.47961676489581284 0.25494799343575314
v 0.8826927720892972 0.42181078352693119 0.21920942443058231
v 0.86338224621157589 0.45101455527456935 0.23726135185654698
v 0.85059373521296222 0.48449531173444244 0.21656910639528781
v 0.85719274530038292 0.48857072037434157 0.1779495143720862
v 0.94621486132392696 0.29877183892317821 0.14312950663602239
v 0.93254154518697363 0.33019535738210171 0.16255205107962151
v 0.9118755415189399 0.39835473492572887 0.12208847226457738
v 0.92297562104746655 0.3646066380991449 0.14239218342285256
v 0.9271139404697275 0.36737211425673622 0.10292685981708491
v 0.91738767210636352 0.36121149013033166 0.18172678759032201
v 0.90085117492093947 0.39162268499472364 0.20052399756411363
v 0.86922162803482239 0.4959690526512614 0.06009827296261324
v 0.87057371023669183 0.4968029434177258 0.020739553228709934
v 0.862563266964673 0.49186172938235689 0.13857286113274692
v 0.86654463411165439 0.49432029169178243 0.099461024023580383
v 0.90184417941011819 0.43352920759838187 0.062039527535048621
v 0.88491801490787236 0.46424274450305864 0.080813683158532865
v 0.89908610214046025 0.43183792191564474 0.10139472465314109
v 0.8895814385466787 0.42577426691788706 0.18023288233888507
v 0.89505906000920954 0.42912134478543296 0.14087555465751106
v 0.87679194911676817 0.45925758494415059 0.15953905374253222
v 0.9510502113862489 0.30010908109927226 -0.10247510757251144
v 0.93038438698911852 0.3682804357151872 -0.06200070381485584
v 0.94148377284410545 0.33453014555124755 -0.082306273932540253
v 0.95428881990452674 0.30100609711952264 -0.061587272561236639
v 0.9559096069558507 0.30145454227196494 -0.020700030338365778
v 0.88770435596995445 0.4659506836255678 2.0639537489571924e-05
v 0.91757830873617374 0.40180718384398711 0.041321313013979621
v 0.90340798919117682 0.43421384130290241 0.02073964090879319
v 0.90340798919117682 0.43421384130290241 -0.020698361833814044
v 0.91757830873617374 0.40180718384398711 -0.041280033939000482
v 0.9510502113862489 0.30010908109927226 0.10251638664749058
v 0.9559096069558507 0.30145454227196494 0.020741309413344924
v 0.95428881990452674 0.30100609711952264 0.061628551636215778
v 0.94148377284410545 0.33453014555124755 0.082347553007519392
v 0.93038438698911852 0.3682804357151872 0.062041982889834979
v 0.93194845184017316 0.36896484754306319 -0.020700120424390137
v 0.93194845184017316 0.36896484754306319 0.020741399499369283
v 0.94475458576934279 0.33543795365201384 2.0639537489571924e-05
f 1 2563 2565
f 643 2564 2563
f 645 2565 2564
f 2563 2564 2565
f 163 2566 2568
f 644 2567 2566
f 643 2568 2567
f 2566 2567 2568
f 165 2569 2571
f 645 2570 2569
f 644 2571 2570
f 2569 2570 2571
f 643 2567 2564
f 644 2570 2567
f 645 2564 2570
f 2567 2570 2564
f 43 2572 2574
f 646 2573 2572
f 648 2574 2573
f 2572 2573 2574
f 164 2575 2577
f 647 2576 2575
f 646 2577 2576
f 2575 2576 2577
f 163 2578 2580
f 648 2579 2578
f 647 2580 2579
f 2578 2579 2580
f 646 2576 2573
f 647 2579 2576
f 648 2573 2579
f 2576 2579 2573
f 45 2581 2583
f 649 2582 2581
f 651 2583 2582
f 2581 2582 2583
f 165 2584 2586
f 650 2585 2584
f 649 2586 2585
f 2584 2585 2586
f 164 2587 2589
f 651 2588 2587
f 650 2589 2588
f 2587 2588 2589
f 649 2585 2582
f 650 2588 2585
f 651 2582 2588
f 2585 2588 2582
f 163 2580 2566
f 647 2590 2580
f 644 2566 2590
f 2580 2590 2566
f 164 2589 2575
f 650 2591 2589
f 647 2575 2591
f 2589 2591 2575
f 165 2571 2584
f 644 2592 2571
f 650 2584 2592
f 2571 2592 2584
f 647 2591 2590
f 650 2592 2591
f 644 2590 2592
f 2591 2592 2590
f 13 2593 2595
f 652 2594 2593
f 654 2595 2594
f 2593 2594 2595
f 166 2596 2598
f 653 2597 2596
f 652 2598 2597
f 2596 2597 2598
f 168 2599 2601
f 654 2600 2599
f 653 2601 2600
f 2599 2600 2601
f 652 2597 2594
f 653 2600 2597
f 654 2594 2600
f 2597 2600 2594
f 44 2602 2604
f 655 2603 2602
f 657 2604 2603
f 2602 2603 2604
f 167 2605 2607
f 656 2606 2605
f 655 2607 2606
f 2605 2606 2607
f 166 2608 2610
f 657 2609 2608
f 656 2610 2609
f 2608 2609 2610
f 655 2606 2603
f 656 2609 2606
f 657 2603 2609
f 2606 2609 2603
f 43 2611 2613
f 658 2612 2611
f 660 2613 2612
f 2611 2612 2613
f 168 2614 2616
f 659 2615 2614
f 658 2616 2615
f 2614 2615 2616
f 167 2617 2619
f 660 2618 2617
f 659 2619 2618
f 2617 2618 2619
f 658 2615 2612
f 659 2618 2615
f 660 2612 2618
f 2615 2618 2612
f 166 2610 2596
f 656 2620 2610
f 653 2596 2620
f 2610 2620 2596
f 167 2619 2605
f 659 2621 2619
f 656 2605 2621
f 2619 2621 2605
f 168 2601 2614
f 653 2622 2601
f 659 2614 2622
f 2601 2622 2614
f 656 2621 2620
f 659 2622 2621
f 653 2620 2622
f 2621 2622 2620
f 15 2623 2625
f 661 2624 2623
f 663 2625 2624
f 2623 2624 2625
f 169 2626 2628
f 662 2627 2626
f 661 2628 2627
f 2626 2627 2628
f 171 2629 2631
f 663 2630 2629
f 662 2631 2630
f 2629 2630 2631
f 661 2627 2624
f 662 2630 2627
f 663 2624 2630
f 2627 2630 2624
f 45 2632 2634
f 664 2633 2632
f 666 2634 2633
f 2632 2633 2634
f 170 2635 2637
f 665 2636 2635
f 664 2637 2636
f 2635 2636 2637
f 169 2638 2640
f 666 2639 2638
f 665 2640 2639
f 2638 2639 2640
f 664 2636 2633
f 665 2639 2636
f 666 2633 2639
f 2636 2639 2633
f 44 2641 2643
f 667 2642 2641
f 669 2643 2642
f 2641 2642 2643
f 171 2644 2646
f 668 2645 2644
f 667 2646 2645
f 2644 2645 2646
f 170 2647 2649
f 669 2648 2647
f 668 2649 2648
f 2647 2648 2649
f 667 2645 2642
f 668 2648 2645
f 669 2642 2648
f 2645 2648 2642
f 169 2640 2626
f 665 2650 2640
f 662 2626 2650
f 2640 2650 2626
f 170 2649 2635
f 668 2651 2649
f 665 2635 2651
f 2649 2651 2635
f 171 2631 2644
f 662 2652 2631
f 668 2644 2652
f 2631 2652 2644
f 665 2651 2650
f 668 2652 2651
f 662 2650 2652
f 2651 2652 2650
f 43 2613 2572
f 660 2653 2613
f 646 2572 2653
f 2613 2653 2572
f 167 2654 2617
f 670 2655 2654
f 660 2617 2655
f 2654 2655 2617
f 164 2577 2657
f 646 2656 2577
f 670 2657 2656
f 2577 2656 2657
f 660 2655 2653
f 670 2656 2655
f 646 2653 2656
f 2655 2656 2653
f 44 2643 2602
f 669 2658 2643
f 655 2602 2658
f 2643 2658 2602
f 170 2659 2647
f 671 2660 2659
f 669 2647 2660
f 2659 2660 2647
f 167 2607 2662
f 655 2661 2607
f 671 2662 2661
f 2607 2661 2662
f 669 2660 2658
f 671 2661 2660
f 655 2658 2661
f 2660 2661 2658
f 45 2583 2632
f 651 2663 2583
f 664 2632 2663
f 2583 2663 2632
f 164 2664 2587
f 672 2665 2664
f 651 2587 2665
f 2664 2665 2587
f 170 2637 2667
f 664 2666 2637
f 672 2667 2666
f 2637 2666 2667
f 651 2665 2663
f 672 2666 2665
f 664 2663 2666
f 2665 2666 2663
f 167 2662 2654
f 671 2668 2662
f 670 2654 2668
f 2662 2668 2654
f 170 2667 2659
f 672 2669 2667
f 671 2659 2669
f 2667 2669 2659
f 164 2657 2664
f 670 2670 2657
f 672 2664 2670
f 2657 2670 2664
f 671 2669 2668
f 672 2670 2669
f 670 2668 2670
f 2669 2670 2668
f 12 2671 2673
f 673 2672 2671
f 675 2673 2672
f 2671 2672 2673
f 172 2674 2676
f 674 2675 2674
f 673 2676 2675
f 2674 2675 2676
f 174 2677 2679
f 675 2678 2677
f 674 2679 2678
f 2677 2678 2679
f 673 2675 2672
f 674 2678 2675
f 675 2672 2678
f 2675 2678 2672
f 46 2680 2682
f 676 2681 2680
f 678 2682 2681
f 2680 2681 2682
f 173 2683 2685
f 677 2684 2683
f 676 2685 2684
f 2683 2684 2685
f 172 2686 2688
f 678 2687 2686
f 677 2688 2687
f 2686 2687 2688
f 676 2684 2681
f 677 2687 2684
f 678 2681 2687
f 2684 2687 2681
f 48 2689 2691
f 679 2690 2689
f 681 2691 2690
f 2689 2690 2691
f 174 2692 2694
f 680 2693 2692
f 679 2694 2693
f 2692 2693 2694
f 173 2695 2697
f 681 2696 2695
f 680 2697 2696
f 2695 2696 2697
f 679 2693 2690
f 680 2696 2693
f 681 2690 2696
f 2693 2696 2690
f 172 2688 2674
f 677 2698 2688
f 674 2674 2698
f 2688 2698 2674
f 173 2697 2683
f 680 2699 2697
f 677 2683 2699
f 2697 2699 2683
f 174 2679 2692
f 674 2700 2679
f 680 2692 2700
f 2679 2700 2692
f 677 2699 2698
f 680 2700 2699
f 674 2698 2700
f 2699 2700 2698
f 14 2701 2703
f 682 2702 2701
f 684 2703 2702
f 2701 2702 2703
f 175 2704 2706
f 683 2705 2704
f 682 2706 2705
f 2704 2705 2706
f 177 2707 2709
f 684 2708 2707
f 683 2709 2708
f 2707 2708 2709
f 682 2705 2702
f 683 2708 2705
f 684 2702 2708
f 2705 2708 2702
f 47 2710 2712
f 685 2711 2710
f 687 2712 2711
f 2710 2711 2712
f 176 2713 2715
f 686 2714 2713
f 685 2715 2714
f 2713 2714 2715
f 175 2716 2718
f 687 2717 2716
f 686 2718 2717
f 2716 2717 2718
f 685 2714 2711
f 686 2717 2714
f 687 2711 2717
f 2714 2717 2711
f 46 2719 2721
f 688 2720 2719
f 690 2721 2720
f 2719 2720 2721
f 177 2722 2724
f 689 2723 2722
f 688 2724 2723
f 2722 2723 2724
f 176 2725 2727
f 690 2726 2725
f 689 2727 2726
f 2725 2726 2727
f 688 2723 2720
f 689 2726 2723
f 690 2720 2726
f 2723 2726 2720
f 175 2718 2704
f 686 2728 2718
f 683 2704 2728
f 2718 2728 2704
f 176 2727 2713
f 689 2729 2727
f 686 2713 2729
f 2727 2729 2713
f 177 2709 2722
f 683 2730 2709
f 689 2722 2730
f 2709 2730 2722
f 686 2729 2728
f 689 2730 2729
f 683 2728 2730
f 2729 2730 2728
f 13 2731 2733
f 691 2732 2731
f 693 2733 2732
f 2731 2732 2733
f 178 2734 2736
f 692 2735 2734
f 691 2736 2735
f 2734 2735 2736
f 180 2737 2739
f 693 2738 2737
f 692 2739 2738
f 2737 2738 2739
f 691 2735 2732
f 692 2738 2735
f 693 2732 2738
f 2735 2738 2732
f 48 2740 2742
f 694 2741 2740
f 696 2742 2741
f 2740 2741 2742
f 179 2743 2745
f 695 2744 2743
f 694 2745 2744
f 2743 2744 2745
f 178 2746 2748
f 696 2747 2746
f 695 2748 2747
f 2746 2747 2748
f 694 2744 2741
f 695 2747 2744
f 696 2741 2747
f 2744 2747 2741
f 47 2749 2751
f 697 2750 2749
f 699 2751 2750
f 2749 2750 2751
f 180 2752 2754
f 698 2753 2752
f 697 2754 2753
f 2752 2753 2754
f 179 2755 2757
f 699 2756 2755
f 698 2757 2756
f 2755 2756 2757
f 697 2753 2750
f 698 2756 2753
f 699 2750 2756
f 2753 2756 2750
f 178 2748 2734
f 695 2758 2748
f 692 2734 2758
f 2748 2758 2734
f 179 2757 2743
f 698 2759 2757
f 695 2743 2759
f 2757 2759 2743
f 180 2739 2752
f 692 2760 2739
f 698 2752 2760
f 2739 2760 2752
f 695 2759 2758
f 698 2760 2759
f 692 2758 2760
f 2759 2760 2758
f 46 2721 2680
f 690 2761 2721
f 676 2680 2761
f 2721 2761 2680
f 176 2762 2725
f 700 2763 2762
f 690 2725 2763
f 2762 2763 2725
f 173 2685 2765
f 676 2764 2685
f 700 2765 2764
f 2685 2764 2765
f 690 2763 2761
f 700 2764 2763
f 676 2761 2764
f 2763 2764 2761
f 47 2751 2710
f 699 2766 2751
f 685 2710 2766
f 2751 2766 2710
f 179 2767 2755
f 701 2768 2767
f 699 2755 2768
f 2767 2768 2755
f 176 2715 2770
f 685 2769 2715
f 701 2770 2769
f 2715 2769 2770
f 699 2768 2766
f 701 2769 2768
f 685 2766 2769
f 2768 2769 2766
f 48 2691 2740
f 681 2771 2691
f 694 2740 2771
f 2691 2771 2740
f 173 2772 2695
f 702 2773 2772
f 681 2695 2773
f 2772 2773 2695
f 179 2745 2775
f 694 2774 2745
f 702 2775 2774
f 2745 2774 2775
f 681 2773 2771
f 702 2774 2773
f 694 2771 2774
f 2773 2774 2771
f 176 2770 2762
f 701 2776 2770
f 700 2762 2776
f 2770 2776 2762
f 179 2775 2767
f 702 2777 2775
f 701 2767 2777
f 2775 2777 2767
f 173 2765 2772
f 700 2778 2765
f 702 2772 2778
f 2765 2778 2772
f 701 2777 2776
f 702 2778 2777
f 700 2776 2778
f 2777 2778 2776
f 6 2779 2781
f 703 2780 2779
f 705 2781 2780
f 2779 2780 2781
f 181 2782 2784
f 704 2783 2782
f 703 2784 2783
f 2782 2783 2784
f 183 2785 2787
f 705 2786 2785
f 704 2787 2786
f 2785 2786 2787
f 703 2783 2780
f 704 2786 2783
f 705 2780 2786
f 2783 2786 2780
f 49 2788 2790
f 706 2789 2788
f 708 2790 2789
f 2788 2789 2790
f 182 2791 2793
f 707 2792 2791
f 706 2793 2792
f 2791 2792 2793
f 181 2794 2796
f 708 2795 2794
f 707 2796 2795
f 2794 2795 2796
f 706 2792 2789
f 707 2795 2792
f 708 2789 2795
f 2792 2795 2789
f 51 2797 2799
f 709 2798 2797
f 711 2799 2798
f 2797 2798 2799
f 183 2800 2802
f 710 2801 2800
f 709 2802 2801
f 2800 2801 2802
f 182 2803 2805
f 711 2804 2803
f 710 2805 2804
f 2803 2804 2805
f 709 2801 2798
f 710 2804 2801
f 711 2798 2804
f 2801 2804 2798
f 181 2796 2782
f 707 2806 2796
f 704 2782 2806
f 2796 2806 2782
f 182 2805 2791
f 710 2807 2805
f 707 2791 2807
f 2805 2807 2791
f 183 2787 2800
f 704 2808 2787
f 710 2800 2808
f 2787 2808 2800
f 707 2807 2806
f 710 2808 2807
f 704 2806 2808
f 2807 2808 2806
f 15 2809 2811
f 712 2810 2809
f 714 2811 2810
f 2809 2810 2811
f 184 2812 2814
f 713 2813 2812
f 712 2814 2813
f 2812 2813 2814
f 186 2815 2817
f 714 2816 2815
f 713 2817 2816
f 2815 2816 2817
f 712 2813 2810
f 713 2816 2813
f 714 2810 2816
f 2813 2816 2810
f 50 2818 2820
f 715 2819 2818
f 717 2820 2819
f 2818 2819 2820
f 185 2821 2823
f 716 2822 2821
f 715 2823 2822
f 2821 2822 2823
f 184 2824 2826
f 717 2825 2824
f 716 2826 2825
f 2824 2825 2826
f 715 2822 2819
f 716 2825 2822
f 717 2819 2825
f 2822 2825 2819
f 49 2827 2829
f 718 2828 2827
f 720 2829 2828
f 2827 2828 2829
f 186 2830 2832
f 719 2831 2830
f 718 2832 2831
f 2830 2831 2832
f 185 2833 2835
f 720 2834 2833
f 719 2835 2834
f 2833 2834 2835
f 718 2831 2828
f 719 2834 2831
f 720 2828 2834
f 2831 2834 2828
f 184 2826 2812
f 716 2836 2826
f 713 2812 2836
f 2826 2836 2812
f 185 2835 2821
f 719 2837 2835
f 716 2821 2837
f 2835 2837 2821
f 186 2817 2830
f 713 2838 2817
f 719 2830 2838
f 2817 2838 2830
f 716 2837 2836
f 719 2838 2837
f 713 2836 2838
f 2837 2838 2836
f 14 2839 2841
f 721 2840 2839
f 723 2841 2840
f 2839 2840 2841
f 187 2842 2844
f 722 2843 2842
f 721 2844 2843
f 2842 2843 2844
f 189 2845 2847
f 723 2846 2845
f 722 2847 2846
f 2845 2846 2847
f 721 2843 2840
f 722 2846 2843
f 723 2840 2846
f 2843 2846 2840
f 51 2848 2850
f 724 2849 2848
f 726 2850 2849
f 2848 2849 2850
f 188 2851 2853
f 725 2852 2851
f 724 2853 2852
f 2851 2852 2853
f 187 2854 2856
f 726 2855 2854
f 725 2856 2855
f 2854 2855 2856
f 724 2852 2849
f 725 2855 2852
f 726 2849 2855
f 2852 2855 2849
f 50 2857 2859
f 727 2858 2857
f 729 2859 2858
f 2857 2858 2859
f 189 2860 2862
f 728 2861 2860
f 727 2862 2861
f 2860 2861 2862
f 188 2863 2865
f 729 2864 2863
f 728 2865 2864
f 2863 2864 2865
f 727 2861 2858
f 728 2864 2861
f 729 2858 2864
f 2861 2864 2858
f 187 2856 2842
f 725 2866 2856
f 722 2842 2866
f 2856 2866 2842
f 188 2865 2851
f 728 2867 2865
f 725 2851 2867
f 2865 2867 2851
f 189 2847 2860
f 722 2868 2847
f 728 2860 2868
f 2847 2868 2860
f 725 2867 2866
f 728 2868 2867
f 722 2866 2868
f 2867 2868 2866
f 49 2829 2788
f 720 2869 2829
f 706 2788 2869
f 2829 2869 2788
f 185 2870 2833
f 730 2871 2870
f 720 2833 2871
f 2870 2871 2833
f 182 2793 2873
f 706 2872 2793
f 730 2873 2872
f 2793 2872 2873
f 720 2871 2869
f 730 2872 2871
f 706 2869 2872
f 2871 2872 2869
f 50 2859 2818
f 729 2874 2859
f 715 2818 2874
f 2859 2874 2818
f 188 2875 2863
f 731 2876 2875
f 729 2863 2876
f 2875 2876 2863
f 185 2823 2878
f 715 2877 2823
f 731 2878 2877
f 2823 2877 2878
f 729 2876 2874
f 731 2877 2876
f 715 2874 2877
f 2876 2877 2874
f 51 2799 2848
f 711 2879 2799
f 724 2848 2879
f 2799 2879 2848
f 182 2880 2803
f 732 2881 2880
f 711 2803 2881
f 2880 2881 2803
f 188 2853 2883
f 724 2882 2853
f 732 2883 2882
f 2853 2882 2883
f 711 2881 2879
f 732 2882 2881
f 724 2879 2882
f 2881 2882 2879
f 185 2878 2870
f 731 2884 2878
f 730 2870 2884
f 2878 2884 2870
f 188 2883 2875
f 732 2885 2883
f 731 2875 2885
f 2883 2885 2875
f 182 2873 2880
f 730 2886 2873
f 732 2880 2886
f 2873 2886 2880
f 731 2885 2884
f 732 2886 2885
f 730 2884 2886
f 2885 2886 2884
f 13 2733 2593
f 693 2887 2733
f 652 2593 2887
f 2733 2887 2593
f 180 2888 2737
f 733 2889 2888
f 693 2737 2889
f 2888 2889 2737
f 166 2598 2891
f 652 2890 2598
f 733 2891 2890
f 2598 2890 2891
f 693 2889 2887
f 733 2890 2889
f 652 2887 2890
f 2889 2890 2887
f 47 2892 2749
f 734 2893 2892
f 697 2749 2893
f 2892 2893 2749
f 190 2894 2896
f 735 2895 2894
f 734 2896 2895
f 2894 2895 2896
f 180 2754 2898
f 697 2897 2754
f 735 2898 2897
f 2754 2897 2898
f 734 2895 2893
f 735 2897 2895
f 697 2893 2897
f 2895 2897 2893
f 44 2604 2900
f 657 2899 2604
f 737 2900 2899
f 2604 2899 2900
f 166 2901 2608
f 736 2902 2901
f 657 2608 2902
f 2901 2902 2608
f 190 2903 2905
f 737 2904 2903
f 736 2905 2904
f 2903 2904 2905
f 657 2902 2899
f 736 2904 2902
f 737 2899 2904
f 2902 2904 2899
f 180 2898 2888
f 735 2906 2898
f 733 2888 2906
f 2898 2906 2888
f 190 2905 2894
f 736 2907 2905
f 735 2894 2907
f 2905 2907 2894
f 166 2891 2901
f 733 2908 2891
f 736 2901 2908
f 2891 2908 2901
f 735 2907 2906
f 736 2908 2907
f 733 2906 2908
f 2907 2908 2906
f 14 2841 2701
f 723 2909 2841
f 682 2701 2909
f 2841 2909 2701
f 189 2910 2845
f 738 2911 2910
f 723 2845 2911
f 2910 2911 2845
f 175 2706 2913
f 682 2912 2706
f 738 2913 2912
f 2706 2912 2913
f 723 2911 2909
f 738 2912 2911
f 682 2909 2912
f 2911 2912 2909
f 50 2914 2857
f 739 2915 2914
f 727 2857 2915
f 2914 2915 2857
f 191 2916 2918
f 740 2917 2916
f 739 2918 2917
f 2916 2917 2918
f 189 2862 2920
f 727 2919 2862
f 740 2920 2919
f 2862 2919 2920
f 739 2917 2915
f 740 2919 2917
f 727 2915 2919
f 2917 2919 2915
f 47 2712 2922
f 687 2921 2712
f 742 2922 2921
f 2712 2921 2922
f 175 2923 2716
f 741 2924 2923
f 687 2716 2924
f 2923 2924 2716
f 191 2925 2927
f 742 2926 2925
f 741 2927 2926
f 2925 2926 2927
f 687 2924 2921
f 741 2926 2924
f 742 2921 2926
f 2924 2926 2921
f 189 2920 2910
f 740 2928 2920
f 738 2910 2928
f 2920 2928 2910
f 191 2927 2916
f 741 2929 2927
f 740 2916 2929
f 2927 2929 2916
f 175 2913 2923
f 738 2930 2913
f 741 2923 2930
f 2913 2930 2923
f 740 2929 2928
f 741 2930 2929
f 738 2928 2930
f 2929 2930 2928
f 15 2625 2809
f 663 2931 2625
f 712 2809 2931
f 2625 2931 2809
f 171 2932 2629
f 743 2933 2932
f 663 2629 2933
f 2932 2933 2629
f 184 2814 2935
f 712 2934 2814
f 743 2935 2934
f 2814 2934 2935
f 663 2933 2931
f 743 2934 2933
f 712 2931 2934
f 2933 2934 2931
f 44 2936 2641
f 744 2937 2936
f 667 2641 2937
f 2936 2937 2641
f 192 2938 2940
f 745 2939 2938
f 744 2940 2939
f 2938 2939 2940
f 171 2646 2942
f 667 2941 2646
f 745 2942 2941
f 2646 2941 2942
f 744 2939 2937
f 745 2941 2939
f 667 2937 2941
f 2939 2941 2937
f 50 2820 2944
f 717 2943 2820
f 747 2944 2943
f 2820 2943 2944
f 184 2945 2824
f 746 2946 2945
f 717 2824 2946
f 2945 2946 2824
f 192 2947 2949
f 747 2948 2947
f 746 2949 2948
f 2947 2948 2949
f 717 2946 2943
f 746 2948 2946
f 747 2943 2948
f 2946 2948 2943
f 171 2942 2932
f 745 2950 2942
f 743 2932 2950
f 2942 2950 2932
f 192 2949 2938
f 746 2951 2949
f 745 2938 2951
f 2949 2951 2938
f 184 2935 2945
f 743 2952 2935
f 746 2945 2952
f 2935 2952 2945
f 745 2951 2950
f 746 2952 2951
f 743 2950 2952
f 2951 2952 2950
f 47 2922 2892
f 742 2953 2922
f 734 2892 2953
f 2922 2953 2892
f 191 2954 2925
f 748 2955 2954
f 742 2925 2955
f 2954 2955 2925
f 190 2896 2957
f 734 2956 2896
f 748 2957 2956
f 2896 2956 2957
f 742 2955 2953
f 748 2956 2955
f 734 2953 2956
f 2955 2956 2953
f 50 2944 2914
f 747 2958 2944
f 739 2914 2958
f 2944 2958 2914
f 192 2959 2947
f 749 2960 2959
f 747 2947 2960
f 2959 2960 2947
f 191 2918 2962
f 739 2961 2918
f 749 2962 2961
f 2918 2961 2962
f 747 2960 2958
f 749 2961 2960
f 739 2958 2961
f 2960 2961 2958
f 44 2900 2936
f 737 2963 2900
f 744 2936 2963
f 2900 2963 2936
f 190 2964 2903
f 750 2965 2964
f 737 2903 2965
f 2964 2965 2903
f 192 2940 2967
f 744 2966 2940
f 750 2967 2966
f 2940 2966 2967
f 737 2965 2963
f 750 2966 2965
f 744 2963 2966
f 2965 2966 2963
f 191 2962 2954
f 749 2968 2962
f 748 2954 2968
f 2962 2968 2954
f 192 2967 2959
f 750 2969 2967
f 749 2959 2969
f 2967 2969 2959
f 190 2957 2964
f 748 2970 2957
f 750 2964 2970
f 2957 2970 2964
f 749 2969 2968
f 750 2970 2969
f 748 2968 2970
f 2969 2970 2968
f 1 2565 2972
f 645 2971 2565
f 752 2972 2971
f 2565 2971 2972
f 165 2973 2569
f 751 2974 2973
f 645 2569 2974
f 2973 2974 2569
f 194 2975 2977
f 752 2976 2975
f 751 2977 2976
f 2975 2976 2977
f 645 2974 2971
f 751 2976 2974
f 752 2971 2976
f 2974 2976 2971
f 45 2978 2581
f 753 2979 2978
f 649 2581 2979
f 2978 2979 2581
f 193 2980 2982
f 754 2981 2980
f 753 2982 2981
f 2980 2981 2982
f 165 2586 2984
f 649 2983 2586
f 754 2984 2983
f 2586 2983 2984
f 753 2981 2979
f 754 2983 2981
f 649 2979 2983
f 2981 2983 2979
f 53 2985 2987
f 755 2986 2985
f 757 2987 2986
f 2985 2986 2987
f 194 2988 2990
f 756 2989 2988
f 755 2990 2989
f 2988 2989 2990
f 193 2991 2993
f 757 2992 2991
f 756 2993 2992
f 2991 2992 2993
f 755 2989 2986
f 756 2992 2989
f 757 2986 2992
f 2989 2992 2986
f 165 2984 2973
f 754 2994 2984
f 751 2973 2994
f 2984 2994 2973
f 193 2993 2980
f 756 2995 2993
f 754 2980 2995
f 2993 2995 2980
f 194 2977 2988
f 751 2996 2977
f 756 2988 2996
f 2977 2996 2988
f 754 2995 2994
f 756 2996 2995
f 751 2994 2996
f 2995 2996 2994
f 15 2997 2623
f 758 2998 2997
f 661 2623 2998
f 2997 2998 2623
f 195 2999 3001
f 759 3000 2999
f 758 3001 3000
f 2999 3000 3001
f 169 2628 3003
f 661 3002 2628
f 759 3003 3002
f 2628 3002 3003
f 758 3000 2998
f 759 3002 3000
f 661 2998 3002
f 3000 3002 2998
f 52 3004 3006
f 760 3005 3004
f 762 3006 3005
f 3004 3005 3006
f 196 3007 3009
f 761 3008 3007
f 760 3009 3008
f 3007 3008 3009
f 195 3010 3012
f 762 3011 3010
f 761 3012 3011
f 3010 3011 3012
f 760 3008 3005
f 761 3011 3008
f 762 3005 3011
f 3008 3011 3005
f 45 2634 3014
f 666 3013 2634
f 764 3014 3013
f 2634 3013 3014
f 169 3015 2638
f 763 3016 3015
f 666 2638 3016
f 3015 3016 2638
f 196 3017 3019
f 764 3018 3017
f 763 3019 3018
f 3017 3018 3019
f 666 3016 3013
f 763 3018 3016
f 764 3013 3018
f 3016 3018 3013
f 195 3012 2999
f 761 3020 3012
f 759 2999 3020
f 3012 3020 2999
f 196 3019 3007
f 763 3021 3019
f 761 3007 3021
f 3019 3021 3007
f 169 3003 3015
f 759 3022 3003
f 763 3015 3022
f 3003 3022 3015
f 761 3021 3020
f 763 3022 3021
f 759 3020 3022
f 3021 3022 3020
f 17 3023 3025
f 765 3024 3023
f 767 3025 3024
f 3023 3024 3025
f 197 3026 3028
f 766 3027 3026
f 765 3028 3027
f 3026 3027 3028
f 199 3029 3031
f 767 3030 3029
f 766 3031 3030
f 3029 3030 3031
f 765 3027 3024
f 766 3030 3027
f 767 3024 3030
f 3027 3030 3024
f 53 3032 3034
f 768 3033 3032
f 770 3034 3033
f 3032 3033 3034
f 198 3035 3037
f 769 3036 3035
f 768 3037 3036
f 3035 3036 3037
f 197 3038 3040
f 770 3039 3038
f 769 3040 3039
f 3038 3039 3040
f 768 3036 3033
f 769 3039 3036
f 770 3033 3039
f 3036 3039 3033
f 52 3041 3043
f 771 3042 3041
f 773 3043 3042
f 3041 3042 3043
f 199 3044 3046
f 772 3045 3044
f 771 3046 3045
f 3044 3045 3046
f 198 3047 3049
f 773 3048 3047
f 772 3049 3048
f 3047 3048 3049
f 771 3045 3042
f 772 3048 3045
f 773 3042 3048
f 3045 3048 3042
f 197 3040 3026
f 769 3050 3040
f 766 3026 3050
f 3040 3050 3026
f 198 3049 3035
f 772 3051 3049
f 769 3035 3051
f 3049 3051 3035
f 199 3031 3044
f 766 3052 3031
f 772 3044 3052
f 3031 3052 3044
f 769 3051 3050
f 772 3052 3051
f 766 3050 3052
f 3051 3052 3050
f 45 3014 2978
f 764 3053 3014
f 753 2978 3053
f 3014 3053 2978
f 196 3054 3017
f 774 3055 3054
f 764 3017 3055
f 3054 3055 3017
f 193 2982 3057
f 753 3056 2982
f 774 3057 3056
f 2982 3056 3057
f 764 3055 3053
f 774 3056 3055
f 753 3053 3056
f 3055 3056 3053
f 52 3043 3004
f 773 3058 3043
f 760 3004 3058
f 3043 3058 3004
f 198 3059 3047
f 775 3060 3059
f 773 3047 3060
f 3059 3060 3047
f 196 3009 3062
f 760 3061 3009
f 775 3062 3061
f 3009 3061 3062
f 773 3060 3058
f 775 3061 3060
f 760 3058 3061
f 3060 3061 3058
f 53 2987 3032
f 757 3063 2987
f 768 3032 3063
f 2987 3063 3032
f 193 3064 2991
f 776 3065 3064
f 757 2991 3065
f 3064 3065 2991
f 198 3037 3067
f 768 3066 3037
f 776 3067 3066
f 3037 3066 3067
f 757 3065 3063
f 776 3066 3065
f 768 3063 3066
f 3065 3066 3063
f 196 3062 3054
f 775 3068 3062
f 774 3054 3068
f 3062 3068 3054
f 198 3067 3059
f 776 3069 3067
f 775 3059 3069
f 3067 3069 3059
f 193 3057 3064
f 774 3070 3057
f 776 3064 3070
f 3057 3070 3064
f 775 3069 3068
f 776 3070 3069
f 774 3068 3070
f 3069 3070 3068
f 6 3071 2779
f 777 3072 3071
f 703 2779 3072
f 3071 3072 2779
f 200 3073 3075
f 778 3074 3073
f 777 3075 3074
f 3073 3074 3075
f 181 2784 3077
f 703 3076 2784
f 778 3077 3076
f 2784 3076 3077
f 777 3074 3072
f 778 3076 3074
f 703 3072 3076
f 3074 3076 3072
f 54 3078 3080
f 779 3079 3078
f 781 3080 3079
f 3078 3079 3080
f 201 3081 3083
f 780 3082 3081
f 779 3083 3082
f 3081 3082 3083
f 200 3084 3086
f 781 3085 3084
f 780 3086 3085
f 3084 3085 3086
f 779 3082 3079
f 780 3085 3082
f 781 3079 3085
f 3082 3085 3079
f 49 2790 3088
f 708 3087 2790
f 783 3088 3087
f 2790 3087 3088
f 181 3089 2794
f 782 3090 3089
f 708 2794 3090
f 3089 3090 2794
f 201 3091 3093
f 783 3092 3091
f 782 3093 3092
f 3091 3092 3093
f 708 3090 3087
f 782 3092 3090
f 783 3087 3092
f 3090 3092 3087
f 200 3086 3073
f 780 3094 3086
f 778 3073 3094
f 3086 3094 3073
f 201 3093 3081
f 782 3095 3093
f 780 3081 3095
f 3093 3095 3081
f 181 3077 3089
f 778 3096 3077
f 782 3089 3096
f 3077 3096 3089
f 780 3095 3094
f 782 3096 3095
f 778 3094 3096
f 3095 3096 3094
f 16 3097 3099
f 784 3098 3097
f 786 3099 3098
f 3097 3098 3099
f 202 3100 3102
f 785 3101 3100
f 784 3102 3101
f 3100 3101 3102
f 204 3103 3105
f 786 3104 3103
f 785 3105 3104
f 3103 3104 3105
f 784 3101 3098
f 785 3104 3101
f 786 3098 3104
f 3101 3104 3098
f 55 3106 3108
f 787 3107 3106
f 789 3108 3107
f 3106 3107 3108
f 203 3109 3111
f 788 3110 3109
f 787 3111 3110
f 3109 3110 3111
f 202 3112 3114
f 789 3113 3112
f 788 3114 3113
f 3112 3113 3114
f 787 3110 3107
f 788 3113 3110
f 789 3107 3113
f 3110 3113 3107
f 54 3115 3117
f 790 3116 3115
f 792 3117 3116
f 3115 3116 3117
f 204 3118 3120
f 791 3119 3118
f 790 3120 3119
f 3118 3119 3120
f 203 3121 3123
f 792 3122 3121
f 791 3123 3122
f 3121 3122 3123
f 790 3119 3116
f 791 3122 3119
f 792 3116 3122
f 3119 3122 3116
f 202 3114 3100
f 788 3124 3114
f 785 3100 3124
f 3114 3124 3100
f 203 3123 3109
f 791 3125 3123
f 788 3109 3125
f 3123 3125 3109
f 204 3105 3118
f 785 3126 3105
f 791 3118 3126
f 3105 3126 3118
f 788 3125 3124
f 791 3126 3125
f 785 3124 3126
f 3125 3126 3124
f 15 2811 3128
f 714 3127 2811
f 794 3128 3127
f 2811 3127 3128
f 186 3129 2815
f 793 3130 3129
f 714 2815 3130
f 3129 3130 2815
f 206 3131 3133
f 794 3132 3131
f 793 3133 3132
f 3131 3132 3133
f 714 3130 3127
f 793 3132 3130
f 794 3127 3132
f 3130 3132 3127
f 49 3134 2827
f 795 3135 3134
f 718 2827 3135
f 3134 3135 2827
f 205 3136 3138
f 796 3137 3136
f 795 3138 3137
f 3136 3137 3138
f 186 2832 3140
f 718 3139 2832
f 796 3140 3139
f 2832 3139 3140
f 795 3137 3135
f 796 3139 3137
f 718 3135 3139
f 3137 3139 3135
f 55 3141 3143
f 797 3142 3141
f 799 3143 3142
f 3141 3142 3143
f 206 3144 3146
f 798 3145 3144
f 797 3146 3145
f 3144 3145 3146
f 205 3147 3149
f 799 3148 3147
f 798 3149 3148
f 3147 3148 3149
f 797 3145 3142
f 798 3148 3145
f 799 3142 3148
f 3145 3148 3142
f 186 3140 3129
f 796 3150 3140
f 793 3129 3150
f 3140 3150 3129
f 205 3149 3136
f 798 3151 3149
f 796 3136 3151
f 3149 3151 3136
f 206 3133 3144
f 793 3152 3133
f 798 3144 3152
f 3133 3152 3144
f 796 3151 3150
f 798 3152 3151
f 793 3150 3152
f 3151 3152 3150
f 54 3117 3078
f 792 3153 3117
f 779 3078 3153
f 3117 3153 3078
f 203 3154 3121
f 800 3155 3154
f 792 3121 3155
f 3154 3155 3121
f 201 3083 3157
f 779 3156 3083
f 800 3157 3156
f 3083 3156 3157
f 792 3155 3153
f 800 3156 3155
f 779 3153 3156
f 3155 3156 3153
f 55 3143 3106
f 799 3158 3143
f 787 3106 3158
f 3143 3158 3106
f 205 3159 3147
f 801 3160 3159
f 799 3147 3160
f 3159 3160 3147
f 203 3111 3162
f 787 3161 3111
f 801 3162 3161
f 3111 3161 3162
f 799 3160 3158
f 801 3161 3160
f 787 3158 3161
f 3160 3161 3158
f 49 3088 3134
f 783 3163 3088
f 795 3134 3163
f 3088 3163 3134
f 201 3164 3091
f 802 3165 3164
f 783 3091 3165
f 3164 3165 3091
f 205 3138 3167
f 795 3166 3138
f 802 3167 3166
f 3138 3166 3167
f 783 3165 3163
f 802 3166 3165
f 795 3163 3166
f 3165 3166 3163
f 203 3162 3154
f 801 3168 3162
f 800 3154 3168
f 3162 3168 3154
f 205 3167 3159
f 802 3169 3167
f 801 3159 3169
f 3167 3169 3159
f 201 3157 3164
f 800 3170 3157
f 802 3164 3170
f 3157 3170 3164
f 801 3169 3168
f 802 3170 3169
f 800 3168 3170
f 3169 3170 3168
f 2 3171 3173
f 803 3172 3171
f 805 3173 3172
f 3171 3172 3173
f 207 3174 3176
f 804 3175 3174
f 803 3176 3175
f 3174 3175 3176
f 209 3177 3179
f 805 3178 3177
f 804 3179 3178
f 3177 3178 3179
f 803 3175 3172
f 804 3178 3175
f 805 3172 3178
f 3175 3178 3172
f 56 3180 3182
f 806 3181 3180
f 808 3182 3181
f 3180 3181 3182
f 208 3183 3185
f 807 3184 3183
f 806 3185 3184
f 3183 3184 3185
f 207 3186 3188
f 808 3187 3186
f 807 3188 3187
f 3186 3187 3188
f 806 3184 3181
f 807 3187 3184
f 808 3181 3187
f 3184 3187 3181
f 58 3189 3191
f 809 3190 3189
f 811 3191 3190
f 3189 3190 3191
f 209 3192 3194
f 810 3193 3192
f 809 3194 3193
f 3192 3193 3194
f 208 3195 3197
f 811 3196 3195
f 810 3197 3196
f 3195 3196 3197
f 809 3193 3190
f 810 3196 3193
f 811 3190 3196
f 3193 3196 3190
f 207 3188 3174
f 807 3198 3188
f 804 3174 3198
f 3188 3198 3174
f 208 3197 3183
f 810 3199 3197
f 807 3183 3199
f 3197 3199 3183
f 209 3179 3192
f 804 3200 3179
f 810 3192 3200
f 3179 3200 3192
f 807 3199 3198
f 810 3200 3199
f 804 3198 3200
f 3199 3200 3198
f 17 3201 3203
f 812 3202 3201
f 814 3203 3202
f 3201 3202 3203
f 210 3204 3206
f 813 3205 3204
f 812 3206 3205
f 3204 3205 3206
f 212 3207 3209
f 814 3208 3207
f 813 3209 3208
f 3207 3208 3209
f 812 3205 3202
f 813 3208 3205
f 814 3202 3208
f 3205 3208 3202
f 57 3210 3212
f 815 3211 3210
f 817 3212 3211
f 3210 3211 3212
f 211 3213 3215
f 816 3214 3213
f 815 3215 3214
f 3213 3214 3215
f 210 3216 3218
f 817 3217 3216
f 816 3218 3217
f 3216 3217 3218
f 815 3214 3211
f 816 3217 3214
f 817 3211 3217
f 3214 3217 3211
f 56 3219 3221
f 818 3220 3219
f 820 3221 3220
f 3219 3220 3221
f 212 3222 3224
f 819 3223 3222
f 818 3224 3223
f 3222 3223 3224
f 211 3225 3227
f 820 3226 3225
f 819 3227 3226
f 3225 3226 3227
f 818 3223 3220
f 819 3226 3223
f 820 3220 3226
f 3223 3226 3220
f 210 3218 3204
f 816 3228 3218
f 813 3204 3228
f 3218 3228 3204
f 211 3227 3213
f 819 3229 3227
f 816 3213 3229
f 3227 3229 3213
f 212 3209 3222
f 813 3230 3209
f 819 3222 3230
f 3209 3230 3222
f 816 3229 3228
f 819 3230 3229
f 813 3228 3230
f 3229 3230 3228
f 16 3231 3233
f 821 3232 3231
f 823 3233 3232
f 3231 3232 3233
f 213 3234 3236
f 822 3235 3234
f 821 3236 3235
f 3234 3235 3236
f 215 3237 3239
f 823 3238 3237
f 822 3239 3238
f 3237 3238 3239
f 821 3235 3232
f 822 3238 3235
f 823 3232 3238
f 3235 3238 3232
f 58 3240 3242
f 824 3241 3240
f 826 3242 3241
f 3240 3241 3242
f 214 3243 3245
f 825 3244 3243
f 824 3245 3244
f 3243 3244 3245
f 213 3246 3248
f 826 3247 3246
f 825 3248 3247
f 3246 3247 3248
f 824 3244 3241
f 825 3247 3244
f 826 3241 3247
f 3244 3247 3241
f 57 3249 3251
f 827 3250 3249
f 829 3251 3250
f 3249 3250 3251
f 215 3252 3254
f 828 3253 3252
f 827 3254 3253
f 3252 3253 3254
f 214 3255 3257
f 829 3256 3255
f 828 3257 3256
f 3255 3256 3257
f 827 3253 3250
f 828 3256 3253
f 829 3250 3256
f 3253 3256 3250
f 213 3248 3234
f 825 3258 3248
f 822 3234 3258
f 3248 3258 3234
f 214 3257 3243
f 828 3259 3257
f 825 3243 3259
f 3257 3259 3243
f 215 3239 3252
f 822 3260 3239
f 828 3252 3260
f 3239 3260 3252
f 825 3259 3258
f 828 3260 3259
f 822 3258 3260
f 3259 3260 3258
f 56 3221 3180
f 820 3261 3221
f 806 3180 3261
f 3221 3261 3180
f 211 3262 3225
f 830 3263 3262
f 820 3225 3263
f 3262 3263 3225
f 208 3185 3265
f 806 3264 3185
f 830 3265 3264
f 3185 3264 3265
f 820 3263 3261
f 830 3264 3263
f 806 3261 3264
f 3263 3264 3261
f 57 3251 3210
f 829 3266 3251
f 815 3210 3266
f 3251 3266 3210
f 214 3267 3255
f 831 3268 3267
f 829 3255 3268
f 3267 3268 3255
f 211 3215 3270
f 815 3269 3215
f 831 3270 3269
f 3215 3269 3270
f 829 3268 3266
f 831 3269 3268
f 815 3266 3269
f 3268 3269 3266
f 58 3191 3240
f 811 3271 3191
f 824 3240 3271
f 3191 3271 3240
f 208 3272 3195
f 832 3273 3272
f 811 3195 3273
f 3272 3273 3195
f 214 3245 3275
f 824 3274 3245
f 832 3275 3274
f 3245 3274 3275
f 811 3273 3271
f 832 3274 3273
f 824 3271 3274
f 3273 3274 3271
f 211 3270 3262
f 831 3276 3270
f 830 3262 3276
f 3270 3276 3262
f 214 3275 3267
f 832 3277 3275
f 831 3267 3277
f 3275 3277 3267
f 208 3265 3272
f 830 3278 3265
f 832 3272 3278
f 3265 3278 3272
f 831 3277 3276
f 832 3278 3277
f 830 3276 3278
f 3277 3278 3276
f 15 3128 2997
f 794 3279 3128
f 758 2997 3279
f 3128 3279 2997
f 206 3280 3131
f 833 3281 3280
f 794 3131 3281
f 3280 3281 3131
f 195 3001 3283
f 758 3282 3001
f 833 3283 3282
f 3001 3282 3283
f 794 3281 3279
f 833 3282 3281
f 758 3279 3282
f 3281 3282 3279
f 55 3284 3141
f 834 3285 3284
f 797 3141 3285
f 3284 3285 3141
f 216 3286 3288
f 835 3287 3286
f 834 3288 3287
f 3286 3287 3288
f 206 3146 3290
f 797 3289 3146
f 835 3290 3289
f 3146 3289 3290
f 834 3287 3285
f 835 3289 3287
f 797 3285 3289
f 3287 3289 3285
f 52 3006 3292
f 762 3291 3006
f 837 3292 3291
f 3006 3291 3292
f 195 3293 3010
f 836 3294 3293
f 762 3010 3294
f 3293 3294 3010
f 216 3295 3297
f 837 3296 3295
f 836 3297 3296
f 3295 3296 3297
f 762 3294 3291
f 836 3296 3294
f 837 3291 3296
f 3294 3296 3291
f 206 3290 3280
f 835 3298 3290
f 833 3280 3298
f 3290 3298 3280
f 216 3297 3286
f 836 3299 3297
f 835 3286 3299
f 3297 3299 3286
f 195 3283 3293
f 833 3300 3283
f 836 3293 3300
f 3283 3300 3293
f 835 3299 3298
f 836 3300 3299
f 833 3298 3300
f 3299 3300 3298
f 16 3233 3097
f 823 3301 3233
f 784 3097 3301
f 3233 3301 3097
f 215 3302 3237
f 838 3303 3302
f 823 3237 3303
f 3302 3303 3237
f 202 3102 3305
f 784 3304 3102
f 838 3305 3304
f 3102 3304 3305
f 823 3303 3301
f 838 3304 3303
f 784 3301 3304
f 3303 3304 3301
f 57 3306 3249
f 839 3307 3306
f 827 3249 3307
f 3306 3307 3249
f 217 3308 3310
f 840 3309 3308
f 839 3310 3309
f 3308 3309 3310
f 215 3254 3312
f 827 3311 3254
f 840 3312 3311
f 3254 3311 3312
f 839 3309 3307
f 840 3311 3309
f 827 3307 3311
f 3309 3311 3307
f 55 3108 3314
f 789 3313 3108
f 842 3314 3313
f 3108 3313 3314
f 202 3315 3112
f 841 3316 3315
f 789 3112 3316
f 3315 3316 3112
f 217 3317 3319
f 842 3318 3317
f 841 3319 3318
f 3317 3318 3319
f 789 3316 3313
f 841 3318 3316
f 842 3313 3318
f 3316 3318 3313
f 215 3312 3302
f 840 3320 3312
f 838 3302 3320
f 3312 3320 3302
f 217 3319 3308
f 841 3321 3319
f 840 3308 3321
f 3319 3321 3308
f 202 3305 3315
f 838 3322 3305
f 841 3315 3322
f 3305 3322 3315
f 840 3321 3320
f 841 3322 3321
f 838 3320 3322
f 3321 3322 3320
f 17 3025 3201
f 767 3323 3025
f 812 3201 3323
f 3025 3323 3201
f 199 3324 3029
f 843 3325 3324
f 767 3029 3325
f 3324 3325 3029
f 210 3206 3327
f 812 3326 3206
f 843 3327 3326
f 3206 3326 3327
f 767 3325 3323
f 843 3326 3325
f 812 3323 3326
f 3325 3326 3323
f 52 3328 3041
f 844 3329 3328
f 771 3041 3329
f 3328 3329 3041
f 218 3330 3332
f 845 3331 3330
f 844 3332 3331
f 3330 3331 3332
f 199 3046 3334
f 771 3333 3046
f 845 3334 3333
f 3046 3333 3334
f 844 3331 3329
f 845 3333 3331
f 771 3329 3333
f 3331 3333 3329
f 57 3212 3336
f 817 3335 3212
f 847 3336 3335
f 3212 3335 3336
f 210 3337 3216
f 846 3338 3337
f 817 3216 3338
f 3337 3338 3216
f 218 3339 3341
f 847 3340 3339
f 846 3341 3340
f 3339 3340 3341
f 817 3338 3335
f 846 3340 3338
f 847 3335 3340
f 3338 3340 3335
f 199 3334 3324
f 845 3342 3334
f 843 3324 3342
f 3334 3342 3324
f 218 3341 3330
f 846 3343 3341
f 845 3330 3343
f 3341 3343 3330
f 210 3327 3337
f 843 3344 3327
f 846 3337 3344
f 3327 3344 3337
f 845 3343 3342
f 846 3344 3343
f 843 3342 3344
f 3343 3344 3342
f 55 3314 3284
f 842 3345 3314
f 834 3284 3345
f 3314 3345 3284
f 217 3346 3317
f 848 3347 3346
f 842 3317 3347
f 3346 3347 3317
f 216 3288 3349
f 834 3348 3288
f 848 3349 3348
f 3288 3348 3349
f 842 3347 3345
f 848 3348 3347
f 834 3345 3348
f 3347 3348 3345
f 57 3336 3306
f 847 3350 3336
f 839 3306 3350
f 3336 3350 3306
f 218 3351 3339
f 849 3352 3351
f 847 3339 3352
f 3351 3352 3339
f 217 3310 3354
f 839 3353 3310
f 849 3354 3353
f 3310 3353 3354
f 847 3352 3350
f 849 3353 3352
f 839 3350 3353
f 3352 3353 3350
f 52 3292 3328
f 837 3355 3292
f 844 3328 3355
f 3292 3355 3328
f 216 3356 3295
f 850 3357 3356
f 837 3295 3357
f 3356 3357 3295
f 218 3332 3359
f 844 3358 3332
f 850 3359 3358
f 3332 3358 3359
f 837 3357 3355
f 850 3358 3357
f 844 3355 3358
f 3357 3358 3355
f 217 3354 3346
f 849 3360 3354
f 848 3346 3360
f 3354 3360 3346
f 218 3359 3351
f 850 3361 3359
f 849 3351 3361
f 3359 3361 3351
f 216 3349 3356
f 848 3362 3349
f 850 3356 3362
f 3349 3362 3356
f 849 3361 3360
f 850 3362 3361
f 848 3360 3362
f 3361 3362 3360
f 1 2972 3364
f 752 3363 2972
f 852 3364 3363
f 2972 3363 3364
f 194 3365 2975
f 851 3366 3365
f 752 2975 3366
f 3365 3366 2975
f 220 3367 3369
f 852 3368 3367
f 851 3369 3368
f 3367 3368 3369
f 752 3366 3363
f 851 3368 3366
f 852 3363 3368
f 3366 3368 3363
f 53 3370 2985
f 853 3371 3370
f 755 2985 3371
f 3370 3371 2985
f 219 3372 3374
f 854 3373 3372
f 853 3374 3373
f 3372 3373 3374
f 194 2990 3376
f 755 3375 2990
f 854 3376 3375
f 2990 3375 3376
f 853 3373 3371
f 854 3375 3373
f 755 3371 3375
f 3373 3375 3371
f 60 3377 3379
f 855 3378 3377
f 857 3379 3378
f 3377 3378 3379
f 220 3380 3382
f 856 3381 3380
f 855 3382 3381
f 3380 3381 3382
f 219 3383 3385
f 857 3384 3383
f 856 3385 3384
f 3383 3384 3385
f 855 3381 3378
f 856 3384 3381
f 857 3378 3384
f 3381 3384 3378
f 194 3376 3365
f 854 3386 3376
f 851 3365 3386
f 3376 3386 3365
f 219 3385 3372
f 856 3387 3385
f 854 3372 3387
f 3385 3387 3372
f 220 3369 3380
f 851 3388 3369
f 856 3380 3388
f 3369 3388 3380
f 854 3387 3386
f 856 3388 3387
f 851 3386 3388
f 3387 3388 3386
f 17 3389 3023
f 858 3390 3389
f 765 3023 3390
f 3389 3390 3023
f 221 3391 3393
f 859 3392 3391
f 858 3393 3392
f 3391 3392 3393
f 197 3028 3395
f 765 3394 3028
f 859 3395 3394
f 3028 3394 3395
f 858 3392 3390
f 859 3394 3392
f 765 3390 3394
f 3392 3394 3390
f 59 3396 3398
f 860 3397 3396
f 862 3398 3397
f 3396 3397 3398
f 222 3399 3401
f 861 3400 3399
f 860 3401 3400
f 3399 3400 3401
f 221 3402 3404
f 862 3403 3402
f 861 3404 3403
f 3402 3403 3404
f 860 3400 3397
f 861 3403 3400
f 862 3397 3403
f 3400 3403 3397
f 53 3034 3406
f 770 3405 3034
f 864 3406 3405
f 3034 3405 3406
f 197 3407 3038
f 863 3408 3407
f 770 3038 3408
f 3407 3408 3038
f 222 3409 3411
f 864 3410 3409
f 863 3411 3410
f 3409 3410 3411
f 770 3408 3405
f 863 3410 3408
f 864 3405 3410
f 3408 3410 3405
f 221 3404 3391
f 861 3412 3404
f 859 3391 3412
f 3404 3412 3391
f 222 3411 3399
f 863 3413 3411
f 861 3399 3413
f 3411 3413 3399
f 197 3395 3407
f 859 3414 3395
f 863 3407 3414
f 3395 3414 3407
f 861 3413 3412
f 863 3414 3413
f 859 3412 3414
f 3413 3414 3412
f 19 3415 3417
f 865 3416 3415
f 867 3417 3416
f 3415 3416 3417
f 223 3418 3420
f 866 3419 3418
f 865 3420 3419
f 3418 3419 3420
f 225 3421 3423
f 867 3422 3421
f 866 3423 3422
f 3421 3422 3423
f 865 3419 3416
f 866 3422 3419
f 867 3416 3422
f 3419 3422 3416
f 60 3424 3426
f 868 3425 3424
f 870 3426 3425
f 3424 3425 3426
f 224 3427 3429
f 869 3428 3427
f 868 3429 3428
f 3427 3428 3429
f 223 3430 3432
f 870 3431 3430
f 869 3432 3431
f 3430 3431 3432
f 868 3428 3425
f 869 3431 3428
f 870 3425 3431
f 3428 3431 3425
f 59 3433 3435
f 871 3434 3433
f 873 3435 3434
f 3433 3434 3435
f 225 3436 3438
f 872 3437 3436
f 871 3438 3437
f 3436 3437 3438
f 224 3439 3441
f 873 3440 3439
f 872 3441 3440
f 3439 3440 3441
f 871 3437 3434
f 872 3440 3437
f 873 3434 3440
f 3437 3440 3434
f 223 3432 3418
f 869 3442 3432
f 866 3418 3442
f 3432 3442 3418
f 224 3441 3427
f 872 3443 3441
f 869 3427 3443
f 3441 3443 3427
f 225 3423 3436
f 866 3444 3423
f 872 3436 3444
f 3423 3444 3436
f 869 3443 3442
f 872 3444 3443
f 866 3442 3444
f 3443 3444 3442
f 53 3406 3370
f 864 3445 3406
f 853 3370 3445
f 3406 3445 3370
f 222 3446 3409
f 874 3447 3446
f 864 3409 3447
f 3446 3447 3409
f 219 3374 3449
f 853 3448 3374
f 874 3449 3448
f 3374 3448 3449
f 864 3447 3445
f 874 3448 3447
f 853 3445 3448
f 3447 3448 3445
f 59 3435 3396
f 873 3450 3435
f 860 3396 3450
f 3435 3450 3396
f 224 3451 3439
f 875 3452 3451
f 873 3439 3452
f 3451 3452 3439
f 222 3401 3454
f 860 3453 3401
f 875 3454 3453
f 3401 3453 3454
f 873 3452 3450
f 875 3453 3452
f 860 3450 3453
f 3452 3453 3450
f 60 3379 3424
f 857 3455 3379
f 868 3424 3455
f 3379 3455 3424
f 219 3456 3383
f 876 3457 3456
f 857 3383 3457
f 3456 3457 3383
f 224 3429 3459
f 868 3458 3429
f 876 3459 3458
f 3429 3458 3459
f 857 3457 3455
f 876 3458 3457
f 868 3455 3458
f 3457 3458 3455
f 222 3454 3446
f 875 3460 3454
f 874 3446 3460
f 3454 3460 3446
f 224 3459 3451
f 876 3461 3459
f 875 3451 3461
f 3459 3461 3451
f 219 3449 3456
f 874 3462 3449
f 876 3456 3462
f 3449 3462 3456
f 875 3461 3460
f 876 3462 3461
f 874 3460 3462
f 3461 3462 3460
f 2 3463 3171
f 877 3464 3463
f 803 3171 3464
f 3463 3464 3171
f 226 3465 3467
f 878 3466 3465
f 877 3467 3466
f 3465 3466 3467
f 207 3176 3469
f 803 3468 3176
f 878 3469 3468
f 3176 3468 3469
f 877 3466 3464
f 878 3468 3466
f 803 3464 3468
f 3466 3468 3464
f 61 3470 3472
f 879 3471 3470
f 881 3472 3471
f 3470 3471 3472
f 227 3473 3475
f 880 3474 3473
f 879 3475 3474
f 3473 3474 3475
f 226 3476 3478
f 881 3477 3476
f 880 3478 3477
f 3476 3477 3478
f 879 3474 3471
f 880 3477 3474
f 881 3471 3477
f 3474 3477 3471
f 56 3182 3480
f 808 3479 3182
f 883 3480 3479
f 3182 3479 3480
f 207 3481 3186
f 882 3482 3481
f 808 3186 3482
f 3481 3482 3186
f 227 3483 3485
f 883 3484 3483
f 882 3485 3484
f 3483 3484 3485
f 808 3482 3479
f 882 3484 3482
f 883 3479 3484
f 3482 3484 3479
f 226 3478 3465
f 880 3486 3478
f 878 3465 3486
f 3478 3486 3465
f 227 3485 3473
f 882 3487 3485
f 880 3473 3487
f 3485 3487 3473
f 207 3469 3481
f 878 3488 3469
f 882 3481 3488
f 3469 3488 3481
f 880 3487 3486
f 882 3488 3487
f 878 3486 3488
f 3487 3488 3486
f 18 3489 3491
f 884 3490 3489
f 886 3491 3490
f 3489 3490 3491
f 228 3492 3494
f 885 3493 3492
f 884 3494 3493
f 3492 3493 3494
f 230 3495 3497
f 886 3496 3495
f 885 3497 3496
f 3495 3496 3497
f 884 3493 3490
f 885 3496 3493
f 886 3490 3496
f 3493 3496 3490
f 62 3498 3500
f 887 3499 3498
f 889 3500 3499
f 3498 3499 3500
f 229 3501 3503
f 888 3502 3501
f 887 3503 3502
f 3501 3502 3503
f 228 3504 3506
f 889 3505 3504
f 888 3506 3505
f 3504 3505 3506
f 887 3502 3499
f 888 3505 3502
f 889 3499 3505
f 3502 3505 3499
f 61 3507 3509
f 890 3508 3507
f 892 3509 3508
f 3507 3508 3509
f 230 3510 3512
f 891 3511 3510
f 890 3512 3511
f 3510 3511 3512
f 229 3513 3515
f 892 3514 3513
f 891 3515 3514
f 3513 3514 3515
f 890 3511 3508
f 891 3514 3511
f 892 3508 3514
f 3511 3514 3508
f 228 3506 3492
f 888 3516 3506
f 885 3492 3516
f 3506 3516 3492
f 229 3515 3501
f 891 3517 3515
f 888 3501 3517
f 3515 3517 3501
f 230 3497 3510
f 885 3518 3497
f 891 3510 3518
f 3497 3518 3510
f 888 3517 3516
f 891 3518 3517
f 885 3516 3518
f 3517 3518 3516
f 17 3203 3520
f 814 3519 3203
f 894 3520 3519
f 3203 3519 3520
f 212 3521 3207
f 893 3522 3521
f 814 3207 3522
f 3521 3522 3207
f 232 3523 3525
f 894 3524 3523
f 893 3525 3524
f 3523 3524 3525
f 814 3522 3519
f 893 3524 3522
f 894 3519 3524
f 3522 3524 3519
f 56 3526 3219
f 895 3527 3526
f 818 3219 3527
f 3526 3527 3219
f 231 3528 3530
f 896 3529 3528
f 895 3530 3529
f 3528 3529 3530
f 212 3224 3532
f 818 3531 3224
f 896 3532 3531
f 3224 3531 3532
f 895 3529 3527
f 896 3531 3529
f 818 3527 3531
f 3529 3531 3527
f 62 3533 3535
f 897 3534 3533
f 899 3535 3534
f 3533 3534 3535
f 232 3536 3538
f 898 3537 3536
f 897 3538 3537
f 3536 3537 3538
f 231 3539 3541
f 899 3540 3539
f 898 3541 3540
f 3539 3540 3541
f 897 3537 3534
f 898 3540 3537
f 899 3534 3540
f 3537 3540 3534
f 212 3532 3521
f 896 3542 3532
f 893 3521 3542
f 3532 3542 3521
f 231 3541 3528
f 898 3543 3541
f 896 3528 3543
f 3541 3543 3528
f 232 3525 3536
f 893 3544 3525
f 898 3536 3544
f 3525 3544 3536
f 896 3543 3542
f 898 3544 3543
f 893 3542 3544
f 3543 3544 3542
f 61 3509 3470
f 892 3545 3509
f 879 3470 3545
f 3509 3545 3470
f 229 3546 3513
f 900 3547 3546
f 892 3513 3547
f 3546 3547 3513
f 227 3475 3549
f 879 3548 3475
f 900 3549 3548
f 3475 3548 3549
f 892 3547 3545
f 900 3548 3547
f 879 3545 3548
f 3547 3548 3545
f 62 3535 3498
f 899 3550 3535
f 887 3498 3550
f 3535 3550 3498
f 231 3551 3539
f 901 3552 3551
f 899 3539 3552
f 3551 3552 3539
f 229 3503 3554
f 887 3553 3503
f 901 3554 3553
f 3503 3553 3554
f 899 3552 3550
f 901 3553 3552
f 887 3550 3553
f 3552 3553 3550
f 56 3480 3526
f 883 3555 3480
f 895 3526 3555
f 3480 3555 3526
f 227 3556 3483
f 902 3557 3556
f 883 3483 3557
f 3556 3557 3483
f 231 3530 3559
f 895 3558 3530
f 902 3559 3558
f 3530 3558 3559
f 883 3557 3555
f 902 3558 3557
f 895 3555 3558
f 3557 3558 3555
f 229 3554 3546
f 901 3560 3554
f 900 3546 3560
f 3554 3560 3546
f 231 3559 3551
f 902 3561 3559
f 901 3551 3561
f 3559 3561 3551
f 227 3549 3556
f 900 3562 3549
f 902 3556 3562
f 3549 3562 3556
f 901 3561 3560
f 902 3562 3561
f 900 3560 3562
f 3561 3562 3560
f 8 3563 3565
f 903 3564 3563
f 905 3565 3564
f 3563 3564 3565
f 233 3566 3568
f 904 3567 3566
f 903 3568 3567
f 3566 3567 3568
f 235 3569 3571
f 905 3570 3569
f 904 3571 3570
f 3569 3570 3571
f 903 3567 3564
f 904 3570 3567
f 905 3564 3570
f 3567 3570 3564
f 63 3572 3574
f 906 3573 3572
f 908 3574 3573
f 3572 3573 3574
f 234 3575 3577
f 907 3576 3575
f 906 3577 3576
f 3575 3576 3577
f 233 3578 3580
f 908 3579 3578
f 907 3580 3579
f 3578 3579 3580
f 906 3576 3573
f 907 3579 3576
f 908 3573 3579
f 3576 3579 3573
f 65 3581 3583
f 909 3582 3581
f 911 3583 3582
f 3581 3582 3583
f 235 3584 3586
f 910 3585 3584
f 909 3586 3585
f 3584 3585 3586
f 234 3587 3589
f 911 3588 3587
f 910 3589 3588
f 3587 3588 3589
f 909 3585 3582
f 910 3588 3585
f 911 3582 3588
f 3585 3588 3582
f 233 3580 3566
f 907 3590 3580
f 904 3566 3590
f 3580 3590 3566
f 234 3589 3575
f 910 3591 3589
f 907 3575 3591
f 3589 3591 3575
f 235 3571 3584
f 904 3592 3571
f 910 3584 3592
f 3571 3592 3584
f 907 3591 3590
f 910 3592 3591
f 904 3590 3592
f 3591 3592 3590
f 19 3593 3595
f 912 3594 3593
f 914 3595 3594
f 3593 3594 3595
f 236 3596 3598
f 913 3597 3596
f 912 3598 3597
f 3596 3597 3598
f 238 3599 3601
f 914 3600 3599
f 913 3601 3600
f 3599 3600 3601
f 912 3597 3594
f 913 3600 3597
f 914 3594 3600
f 3597 3600 3594
f 64 3602 3604
f 915 3603 3602
f 917 3604 3603
f 3602 3603 3604
f 237 3605 3607
f 916 3606 3605
f 915 3607 3606
f 3605 3606 3607
f 236 3608 3610
f 917 3609 3608
f 916 3610 3609
f 3608 3609 3610
f 915 3606 3603
f 916 3609 3606
f 917 3603 3609
f 3606 3609 3603
f 63 3611 3613
f 918 3612 3611
f 920 3613 3612
f 3611 3612 3613
f 238 3614 3616
f 919 3615 3614
f 918 3616 3615
f 3614 3615 3616
f 237 3617 3619
f 920 3618 3617
f 919 3619 3618
f 3617 3618 3619
f 918 3615 3612
f 919 3618 3615
f 920 3612 3618
f 3615 3618 3612
f 236 3610 3596
f 916 3620 3610
f 913 3596 3620
f 3610 3620 3596
f 237 3619 3605
f 919 3621 3619
f 916 3605 3621
f 3619 3621 3605
f 238 3601 3614
f 913 3622 3601
f 919 3614 3622
f 3601 3622 3614
f 916 3621 3620
f 919 3622 3621
f 913 3620 3622
f 3621 3622 3620
f 18 3623 3625
f 921 3624 3623
f 923 3625 3624
f 3623 3624 3625
f 239 3626 3628
f 922 3627 3626
f 921 3628 3627
f 3626 3627 3628
f 241 3629 3631
f 923 3630 3629
f 922 3631 3630
f 3629 3630 3631
f 921 3627 3624
f 922 3630 3627
f 923 3624 3630
f 3627 3630 3624
f 65 3632 3634
f 924 3633 3632
f 926 3634 3633
f 3632 3633 3634
f 240 3635 3637
f 925 3636 3635
f 924 3637 3636
f 3635 3636 3637
f 239 3638 3640
f 926 3639 3638
f 925 3640 3639
f 3638 3639 3640
f 924 3636 3633
f 925 3639 3636
f 926 3633 3639
f 3636 3639 3633
f 64 3641 3643
f 927 3642 3641
f 929 3643 3642
f 3641 3642 3643
f 241 3644 3646
f 928 3645 3644
f 927 3646 3645
f 3644 3645 3646
f 240 3647 3649
f 929 3648 3647
f 928 3649 3648
f 3647 3648 3649
f 927 3645 3642
f 928 3648 3645
f 929 3642 3648
f 3645 3648 3642
f 239 3640 3626
f 925 3650 3640
f 922 3626 3650
f 3640 3650 3626
f 240 3649 3635
f 928 3651 3649
f 925 3635 3651
f 3649 3651 3635
f 241 3631 3644
f 922 3652 3631
f 928 3644 3652
f 3631 3652 3644
f 925 3651 3650
f 928 3652 3651
f 922 3650 3652
f 3651 3652 3650
f 63 3613 3572
f 920 3653 3613
f 906 3572 3653
f 3613 3653 3572
f 237 3654 3617
f 930 3655 3654
f 920 3617 3655
f 3654 3655 3617
f 234 3577 3657
f 906 3656 3577
f 930 3657 3656
f 3577 3656 3657
f 920 3655 3653
f 930 3656 3655
f 906 3653 3656
f 3655 3656 3653
f 64 3643 3602
f 929 3658 3643
f 915 3602 3658
f 3643 3658 3602
f 240 3659 3647
f 931 3660 3659
f 929 3647 3660
f 3659 3660 3647
f 237 3607 3662
f 915 3661 3607
f 931 3662 3661
f 3607 3661 3662
f 929 3660 3658
f 931 3661 3660
f 915 3658 3661
f 3660 3661 3658
f 65 3583 3632
f 911 3663 3583
f 924 3632 3663
f 3583 3663 3632
f 234 3664 3587
f 932 3665 3664
f 911 3587 3665
f 3664 3665 3587
f 240 3637 3667
f 924 3666 3637
f 932 3667 3666
f 3637 3666 3667
f 911 3665 3663
f 932 3666 3665
f 924 3663 3666
f 3665 3666 3663
f 237 3662 3654
f 931 3668 3662
f 930 3654 3668
f 3662 3668 3654
f 240 3667 3659
f 932 3669 3667
f 931 3659 3669
f 3667 3669 3659
f 234 3657 3664
f 930 3670 3657
f 932 3664 3670
f 3657 3670 3664
f 931 3669 3668
f 932 3670 3669
f 930 3668 3670
f 3669 3670 3668
f 17 3520 3389
f 894 3671 3520
f 858 3389 3671
f 3520 3671 3389
f 232 3672 3523
f 933 3673 3672
f 894 3523 3673
f 3672 3673 3523
f 221 3393 3675
f 858 3674 3393
f 933 3675 3674
f 3393 3674 3675
f 894 3673 3671
f 933 3674 3673
f 858 3671 3674
f 3673 3674 3671
f 62 3676 3533
f 934 3677 3676
f 897 3533 3677
f 3676 3677 3533
f 242 3678 3680
f 935 3679 3678
f 934 3680 3679
f 3678 3679 3680
f 232 3538 3682
f 897 3681 3538
f 935 3682 3681
f 3538 3681 3682
f 934 3679 3677
f 935 3681 3679
f 897 3677 3681
f 3679 3681 3677
f 59 3398 3684
f 862 3683 3398
f 937 3684 3683
f 3398 3683 3684
f 221 3685 3402
f 936 3686 3685
f 862 3402 3686
f 3685 3686 3402
f 242 3687 3689
f 937 3688 3687
f 936 3689 3688
f 3687 3688 3689
f 862 3686 3683
f 936 3688 3686
f 937 3683 3688
f 3686 3688 3683
f 232 3682 3672
f 935 3690 3682
f 933 3672 3690
f 3682 3690 3672
f 242 3689 3678
f 936 3691 3689
f 935 3678 3691
f 3689 3691 3678
f 221 3675 3685
f 933 3692 3675
f 936 3685 3692
f 3675 3692 3685
f 935 3691 3690
f 936 3692 3691
f 933 3690 3692
f 3691 3692 3690
f 18 3625 3489
f 923 3693 3625
f 884 3489 3693
f 3625 3693 3489
f 241 3694 3629
f 938 3695 3694
f 923 3629 3695
f 3694 3695 3629
f 228 3494 3697
f 884 3696 3494
f 938 3697 3696
f 3494 3696 3697
f 923 3695 3693
f 938 3696 3695
f 884 3693 3696
f 3695 3696 3693
f 64 3698 3641
f 939 3699 3698
f 927 3641 3699
f 3698 3699 3641
f 243 3700 3702
f 940 3701 3700
f 939 3702 3701
f 3700 3701 3702
f 241 3646 3704
f 927 3703 3646
f 940 3704 3703
f 3646 3703 3704
f 939 3701 3699
f 940 3703 3701
f 927 3699 3703
f 3701 3703 3699
f 62 3500 3706
f 889 3705 3500
f 942 3706 3705
f 3500 3705 3706
f 228 3707 3504
f 941 3708 3707
f 889 3504 3708
f 3707 3708 3504
f 243 3709 3711
f 942 3710 3709
f 941 3711 3710
f 3709 3710 3711
f 889 3708 3705
f 941 3710 3708
f 942 3705 3710
f 3708 3710 3705
f 241 3704 3694
f 940 3712 3704
f 938 3694 3712
f 3704 3712 3694
f 243 3711 3700
f 941 3713 3711
f 940 3700 3713
f 3711 3713 3700
f 228 3697 3707
f 938 3714 3697
f 941 3707 3714
f 3697 3714 3707
f 940 3713 3712
f 941 3714 3713
f 938 3712 3714
f 3713 3714 3712
f 19 3417 3593
f 867 3715 3417
f 912 3593 3715
f 3417 3715 3593
f 225 3716 3421
f 943 3717 3716
f 867 3421 3717
f 3716 3717 3421
f 236 3598 3719
f 912 3718 3598
f 943 3719 3718
f 3598 3718 3719
f 867 3717 3715
f 943 3718 3717
f 912 3715 3718
f 3717 3718 3715
f 59 3720 3433
f 944 3721 3720
f 871 3433 3721
f 3720 3721 3433
f 244 3722 3724
f 945 3723 3722
f 944 3724 3723
f 3722 3723 3724
f 225 3438 3726
f 871 3725 3438
f 945 3726 3725
f 3438 3725 3726
f 944 3723 3721
f 945 3725 3723
f 871 3721 3725
f 3723 3725 3721
f 64 3604 3728
f 917 3727 3604
f 947 3728 3727
f 3604 3727 3728
f 236 3729 3608
f 946 3730 3729
f 917 3608 3730
f 3729 3730 3608
f 244 3731 3733
f 947 3732 3731
f 946 3733 3732
f 3731 3732 3733
f 917 3730 3727
f 946 3732 3730
f 947 3727 3732
f 3730 3732 3727
f 225 3726 3716
f 945 3734 3726
f 943 3716 3734
f 3726 3734 3716
f 244 3733 3722
f 946 3735 3733
f 945 3722 3735
f 3733 3735 3722
f 236 3719 3729
f 943 3736 3719
f 946 3729 3736
f 3719 3736 3729
f 945 3735 3734
f 946 3736 3735
f 943 3734 3736
f 3735 3736 3734
f 62 3706 3676
f 942 3737 3706
f 934 3676 3737
f 3706 3737 3676
f 243 3738 3709
f 948 3739 3738
f 942 3709 3739
f 3738 3739 3709
f 242 3680 3741
f 934 3740 3680
f 948 3741 3740
f 3680 3740 3741
f 942 3739 3737
f 948 3740 3739
f 934 3737 3740
f 3739 3740 3737
f 64 3728 3698
f 947 3742 3728
f 939 3698 3742
f 3728 3742 3698
f 244 3743 3731
f 949 3744 3743
f 947 3731 3744
f 3743 3744 3731
f 243 3702 3746
f 939 3745 3702
f 949 3746 3745
f 3702 3745 3746
f 947 3744 3742
f 949 3745 3744
f 939 3742 3745
f 3744 3745 3742
f 59 3684 3720
f 937 3747 3684
f 944 3720 3747
f 3684 3747 3720
f 242 3748 3687
f 950 3749 3748
f 937 3687 3749
f 3748 3749 3687
f 244 3724 3751
f 944 3750 3724
f 950 3751 3750
f 3724 3750 3751
f 937 3749 3747
f 950 3750 3749
f 944 3747 3750
f 3749 3750 3747
f 243 3746 3738
f 949 3752 3746
f 948 3738 3752
f 3746 3752 3738
f 244 3751 3743
f 950 3753 3751
f 949 3743 3753
f 3751 3753 3743
f 242 3741 3748
f 948 3754 3741
f 950 3748 3754
f 3741 3754 3748
f 949 3753 3752
f 950 3754 3753
f 948 3752 3754
f 3753 3754 3752
f 1 3364 3756
f 852 3755 3364
f 952 3756 3755
f 3364 3755 3756
f 220 3757 3367
f 951 3758 3757
f 852 3367 3758
f 3757 3758 3367
f 246 3759 3761
f 952 3760 3759
f 951 3761 3760
f 3759 3760 3761
f 852 3758 3755
f 951 3760 3758
f 952 3755 3760
f 3758 3760 3755
f 60 3762 3377
f 953 3763 3762
f 855 3377 3763
f 3762 3763 3377
f 245 3764 3766
f 954 3765 3764
f 953 3766 3765
f 3764 3765 3766
f 220 3382 3768
f 855 3767 3382
f 954 3768 3767
f 3382 3767 3768
f 953 3765 3763
f 954 3767 3765
f 855 3763 3767
f 3765 3767 3763
f 67 3769 3771
f 955 3770 3769
f 957 3771 3770
f 3769 3770 3771
f 246 3772 3774
f 956 3773 3772
f 955 3774 3773
f 3772 3773 3774
f 245 3775 3777
f 957 3776 3775
f 956 3777 3776
f 3775 3776 3777
f 955 3773 3770
f 956 3776 3773
f 957 3770 3776
f 3773 3776 3770
f 220 3768 3757
f 954 3778 3768
f 951 3757 3778
f 3768 3778 3757
f 245 3777 3764
f 956 3779 3777
f 954 3764 3779
f 3777 3779 3764
f 246 3761 3772
f 951 3780 3761
f 956 3772 3780
f 3761 3780 3772
f 954 3779 3778
f 956 3780 3779
f 951 3778 3780
f 3779 3780 3778
f 19 3781 3415
f 958 3782 3781
f 865 3415 3782
f 3781 3782 3415
f 247 3783 3785
f 959 3784 3783
f 958 3785 3784
f 3783 3784 3785
f 223 3420 3787
f 865 3786 3420
f 959 3787 3786
f 3420 3786 3787
f 958 3784 3782
f 959 3786 3784
f 865 3782 3786
f 3784 3786 3782
f 66 3788 3790
f 960 3789 3788
f 962 3790 3789
f 3788 3789 3790
f 248 3791 3793
f 961 3792 3791
f 960 3793 3792
f 3791 3792 3793
f 247 3794 3796
f 962 3795 3794
f 961 3796 3795
f 3794 3795 3796
f 960 3792 3789
f 961 3795 3792
f 962 3789 3795
f 3792 3795 3789
f 60 3426 3798
f 870 3797 3426
f 964 3798 3797
f 3426 3797 3798
f 223 3799 3430
f 963 3800 3799
f 870 3430 3800
f 3799 3800 3430
f 248 3801 3803
f 964 3802 3801
f 963 3803 3802
f 3801 3802 3803
f 870 3800 3797
f 963 3802 3800
f 964 3797 3802
f 3800 3802 3797
f 247 3796 3783
f 961 3804 3796
f 959 3783 3804
f 3796 3804 3783
f 248 3803 3791
f 963 3805 3803
f 961 3791 3805
f 3803 3805 3791
f 223 3787 3799
f 959 3806 3787
f 963 3799 3806
f 3787 3806 3799
f 961 3805 3804
f 963 3806 3805
f 959 3804 3806
f 3805 3806 3804
f 21 3807 3809
f 965 3808 3807
f 967 3809 3808
f 3807 3808 3809
f 249 3810 3812
f 966 3811 3810
f 965 3812 3811
f 3810 3811 3812
f 251 3813 3815
f 967 3814 3813
f 966 3815 3814
f 3813 3814 3815
f 965 3811 3808
f 966 3814 3811
f 967 3808 3814
f 3811 3814 3808
f 67 3816 3818
f 968 3817 3816
f 970 3818 3817
f 3816 3817 3818
f 250 3819 3821
f 969 3820 3819
f 968 3821 3820
f 3819 3820 3821
f 249 3822 3824
f 970 3823 3822
f 969 3824 3823
f 3822 3823 3824
f 968 3820 3817
f 969 3823 3820
f 970 3817 3823
f 3820 3823 3817
f 66 3825 3827
f 971 3826 3825
f 973 3827 3826
f 3825 3826 3827
f 251 3828 3830
f 972 3829 3828
f 971 3830 3829
f 3828 3829 3830
f 250 3831 3833
f 973 3832 3831
f 972 3833 3832
f 3831 3832 3833
f 971 3829 3826
f 972 3832 3829
f 973 3826 3832
f 3829 3832 3826
f 249 3824 3810
f 969 3834 3824
f 966 3810 3834
f 3824 3834 3810
f 250 3833 3819
f 972 3835 3833
f 969 3819 3835
f 3833 3835 3819
f 251 3815 3828
f 966 3836 3815
f 972 3828 3836
f 3815 3836 3828
f 969 3835 3834
f 972 3836 3835
f 966 3834 3836
f 3835 3836 3834
f 60 3798 3762
f 964 3837 3798
f 953 3762 3837
f 3798 3837 3762
f 248 3838 3801
f 974 3839 3838
f 964 3801 3839
f 3838 3839 3801
f 245 3766 3841
f 953 3840 3766
f 974 3841 3840
f 3766 3840 3841
f 964 3839 3837
f 974 3840 3839
f 953 3837 3840
f 3839 3840 3837
f 66 3827 3788
f 973 3842 3827
f 960 3788 3842
f 3827 3842 3788
f 250 3843 3831
f 975 3844 3843
f 973 3831 3844
f 3843 3844 3831
f 248 3793 3846
f 960 3845 3793
f 975 3846 3845
f 3793 3845 3846
f 973 3844 3842
f 975 3845 3844
f 960 3842 3845
f 3844 3845 3842
f 67 3771 3816
f 957 3847 3771
f 968 3816 3847
f 3771 3847 3816
f 245 3848 3775
f 976 3849 3848
f 957 3775 3849
f 3848 3849 3775
f 250 3821 3851
f 968 3850 3821
f 976 3851 3850
f 3821 3850 3851
f 957 3849 3847
f 976 3850 3849
f 968 3847 3850
f 3849 3850 3847
f 248 3846 3838
f 975 3852 3846
f 974 3838 3852
f 3846 3852 3838
f 250 3851 3843
f 976 3853 3851
f 975 3843 3853
f 3851 3853 3843
f 245 3841 3848
f 974 3854 3841
f 976 3848 3854
f 3841 3854 3848
f 975 3853 3852
f 976 3854 3853
f 974 3852 3854
f 3853 3854 3852
f 8 3855 3563
f 977 3856 3855
f 903 3563 3856
f 3855 3856 3563
f 252 3857 3859
f 978 3858 3857
f 977 3859 3858
f 3857 3858 3859
f 233 3568 3861
f 903 3860 3568
f 978 3861 3860
f 3568 3860 3861
f 977 3858 3856
f 978 3860 3858
f 903 3856 3860
f 3858 3860 3856
f 68 3862 3864
f 979 3863 3862
f 981 3864 3863
f 3862 3863 3864
f 253 3865 3867
f 980 3866 3865
f 979 3867 3866
f 3865 3866 3867
f 252 3868 3870
f 981 3869 3868
f 980 3870 3869
f 3868 3869 3870
f 979 3866 3863
f 980 3869 3866
f 981 3863 3869
f 3866 3869 3863
f 63 3574 3872
f 908 3871 3574
f 983 3872 3871
f 3574 3871 3872
f 233 3873 3578
f 982 3874 3873
f 908 3578 3874
f 3873 3874 3578
f 253 3875 3877
f 983 3876 3875
f 982 3877 3876
f 3875 3876 3877
f 908 3874 3871
f 982 3876 3874
f 983 3871 3876
f 3874 3876 3871
f 252 3870 3857
f 980 3878 3870
f 978 3857 3878
f 3870 3878 3857
f 253 3877 3865
f 982 3879 3877
f 980 3865 3879
f 3877 3879 3865
f 233 3861 3873
f 978 3880 3861
f 982 3873 3880
f 3861 3880 3873
f 980 3879 3878
f 982 3880 3879
f 978 3878 3880
f 3879 3880 3878
f 20 3881 3883
f 984 3882 3881
f 986 3883 3882
f 3881 3882 3883
f 254 3884 3886
f 985 3885 3884
f 984 3886 3885
f 3884 3885 3886
f 256 3887 3889
f 986 3888 3887
f 985 3889 3888
f 3887 3888 3889
f 984 3885 3882
f 985 3888 3885
f 986 3882 3888
f 3885 3888 3882
f 69 3890 3892
f 987 3891 3890
f 989 3892 3891
f 3890 3891 3892
f 255 3893 3895
f 988 3894 3893
f 987 3895 3894
f 3893 3894 3895
f 254 3896 3898
f 989 3897 3896
f 988 3898 3897
f 3896 3897 3898
f 987 3894 3891
f 988 3897 3894
f 989 3891 3897
f 3894 3897 3891
f 68 3899 3901
f 990 3900 3899
f 992 3901 3900
f 3899 3900 3901
f 256 3902 3904
f 991 3903 3902
f 990 3904 3903
f 3902 3903 3904
f 255 3905 3907
f 992 3906 3905
f 991 3907 3906
f 3905 3906 3907
f 990 3903 3900
f 991 3906 3903
f 992 3900 3906
f 3903 3906 3900
f 254 3898 3884
f 988 3908 3898
f 985 3884 3908
f 3898 3908 3884
f 255 3907 3893
f 991 3909 3907
f 988 3893 3909
f 3907 3909 3893
f 256 3889 3902
f 985 3910 3889
f 991 3902 3910
f 3889 3910 3902
f 988 3909 3908
f 991 3910 3909
f 985 3908 3910
f 3909 3910 3908
f 19 3595 3912
f 914 3911 3595
f 994 3912 3911
f 3595 3911 3912
f 238 3913 3599
f 993 3914 3913
f 914 3599 3914
f 3913 3914 3599
f 258 3915 3917
f 994 3916 3915
f 993 3917 3916
f 3915 3916 3917
f 914 3914 3911
f 993 3916 3914
f 994 3911 3916
f 3914 3916 3911
f 63 3918 3611
f 995 3919 3918
f 918 3611 3919
f 3918 3919 3611
f 257 3920 3922
f 996 3921 3920
f 995 3922 3921
f 3920 3921 3922
f 238 3616 3924
f 918 3923 3616
f 996 3924 3923
f 3616 3923 3924
f 995 3921 3919
f 996 3923 3921
f 918 3919 3923
f 3921 3923 3919
f 69 3925 3927
f 997 3926 3925
f 999 3927 3926
f 3925 3926 3927
f 258 3928 3930
f 998 3929 3928
f 997 3930 3929
f 3928 3929 3930
f 257 3931 3933
f 999 3932 3931
f 998 3933 3932
f 3931 3932 3933
f 997 3929 3926
f 998 3932 3929
f 999 3926 3932
f 3929 3932 3926
f 238 3924 3913
f 996 3934 3924
f 993 3913 3934
f 3924 3934 3913
f 257 3933 3920
f 998 3935 3933
f 996 3920 3935
f 3933 3935 3920
f 258 3917 3928
f 993 3936 3917
f 998 3928 3936
f 3917 3936 3928
f 996 3935 3934
f 998 3936 3935
f 993 3934 3936
f 3935 3936 3934
f 68 3901 3862
f 992 3937 3901
f 979 3862 3937
f 3901 3937 3862
f 255 3938 3905
f 1000 3939 3938
f 992 3905 3939
f 3938 3939 3905
f 253 3867 3941
f 979 3940 3867
f 1000 3941 3940
f 3867 3940 3941
f 992 3939 3937
f 1000 3940 3939
f 979 3937 3940
f 3939 3940 3937
f 69 3927 3890
f 999 3942 3927
f 987 3890 3942
f 3927 3942 3890
f 257 3943 3931
f 1001 3944 3943
f 999 3931 3944
f 3943 3944 3931
f 255 3895 3946
f 987 3945 3895
f 1001 3946 3945
f 3895 3945 3946
f 999 3944 3942
f 1001 3945 3944
f 987 3942 3945
f 3944 3945 3942
f 63 3872 3918
f 983 3947 3872
f 995 3918 3947
f 3872 3947 3918
f 253 3948 3875
f 1002 3949 3948
f 983 3875 3949
f 3948 3949 3875
f 257 3922 3951
f 995 3950 3922
f 1002 3951 3950
f 3922 3950 3951
f 983 3949 3947
f 1002 3950 3949
f 995 3947 3950
f 3949 3950 3947
f 255 3946 3938
f 1001 3952 3946
f 1000 3938 3952
f 3946 3952 3938
f 257 3951 3943
f 1002 3953 3951
f 1001 3943 3953
f 3951 3953 3943
f 253 3941 3948
f 1000 3954 3941
f 1002 3948 3954
f 3941 3954 3948
f 1001 3953 3952
f 1002 3954 3953
f 1000 3952 3954
f 3953 3954 3952
f 11 3955 3957
f 1003 3956 3955
f 1005 3957 3956
f 3955 3956 3957
f 259 3958 3960
f 1004 3959 3958
f 1003 3960 3959
f 3958 3959 3960
f 261 3961 3963
f 1005 3962 3961
f 1004 3963 3962
f 3961 3962 3963
f 1003 3959 3956
f 1004 3962 3959
f 1005 3956 3962
f 3959 3962 3956
f 70 3964 3966
f 1006 3965 3964
f 1008 3966 3965
f 3964 3965 3966
f 260 3967 3969
f 1007 3968 3967
f 1006 3969 3968
f 3967 3968 3969
f 259 3970 3972
f 1008 3971 3970
f 1007 3972 3971
f 3970 3971 3972
f 1006 3968 3965
f 1007 3971 3968
f 1008 3965 3971
f 3968 3971 3965
f 72 3973 3975
f 1009 3974 3973
f 1011 3975 3974
f 3973 3974 3975
f 261 3976 3978
f 1010 3977 3976
f 1009 3978 3977
f 3976 3977 3978
f 260 3979 3981
f 1011 3980 3979
f 1010 3981 3980
f 3979 3980 3981
f 1009 3977 3974
f 1010 3980 3977
f 1011 3974 3980
f 3977 3980 3974
f 259 3972 3958
f 1007 3982 3972
f 1004 3958 3982
f 3972 3982 3958
f 260 3981 3967
f 1010 3983 3981
f 1007 3967 3983
f 3981 3983 3967
f 261 3963 3976
f 1004 3984 3963
f 1010 3976 3984
f 3963 3984 3976
f 1007 3983 3982
f 1010 3984 3983
f 1004 3982 3984
f 3983 3984 3982
f 21 3985 3987
f 1012 3986 3985
f 1014 3987 3986
f 3985 3986 3987
f 262 3988 3990
f 1013 3989 3988
f 1012 3990 3989
f 3988 3989 3990
f 264 3991 3993
f 1014 3992 3991
f 1013 3993 3992
f 3991 3992 3993
f 1012 3989 3986
f 1013 3992 3989
f 1014 3986 3992
f 3989 3992 3986
f 71 3994 3996
f 1015 3995 3994
f 1017 3996 3995
f 3994 3995 3996
f 263 3997 3999
f 1016 3998 3997
f 1015 3999 3998
f 3997 3998 3999
f 262 4000 4002
f 1017 4001 4000
f 1016 4002 4001
f 4000 4001 4002
f 1015 3998 3995
f 1016 4001 3998
f 1017 3995 4001
f 3998 4001 3995
f 70 4003 4005
f 1018 4004 4003
f 1020 4005 4004
f 4003 4004 4005
f 264 4006 4008
f 1019 4007 4006
f 1018 4008 4007
f 4006 4007 4008
f 263 4009 4011
f 1020 4010 4009
f 1019 4011 4010
f 4009 4010 4011
f 1018 4007 4004
f 1019 4010 4007
f 1020 4004 4010
f 4007 4010 4004
f 262 4002 3988
f 1016 4012 4002
f 1013 3988 4012
f 4002 4012 3988
f 263 4011 3997
f 1019 4013 4011
f 1016 3997 4013
f 4011 4013 3997
f 264 3993 4006
f 1013 4014 3993
f 1019 4006 4014
f 3993 4014 4006
f 1016 4013 4012
f 1019 4014 4013
f 1013 4012 4014
f 4013 4014 4012
f 20 4015 4017
f 1021 4016 4015
f 1023 4017 4016
f 4015 4016 4017
f 265 4018 4020
f 1022 4019 4018
f 1021 4020 4019
f 4018 4019 4020
f 267 4021 4023
f 1023 4022 4021
f 1022 4023 4022
f 4021 4022 4023
f 1021 4019 4016
f 1022 4022 4019
f 1023 4016 4022
f 4019 4022 4016
f 72 4024 4026
f 1024 4025 4024
f 1026 4026 4025
f 4024 4025 4026
f 266 4027 4029
f 1025 4028 4027
f 1024 4029 4028
f 4027 4028 4029
f 265 4030 4032
f 1026 4031 4030
f 1025 4032 4031
f 4030 4031 4032
f 1024 4028 4025
f 1025 4031 4028
f 1026 4025 4031
f 4028 4031 4025
f 71 4033 4035
f 1027 4034 4033
f 1029 4035 4034
f 4033 4034 4035
f 267 4036 4038
f 1028 4037 4036
f 1027 4038 4037
f 4036 4037 4038
f 266 4039 4041
f 1029 4040 4039
f 1028 4041 4040
f 4039 4040 4041
f 1027 4037 4034
f 1028 4040 4037
f 1029 4034 4040
f 4037 4040 4034
f 265 4032 4018
f 1025 4042 4032
f 1022 4018 4042
f 4032 4042 4018
f 266 4041 4027
f 1028 4043 4041
f 1025 4027 4043
f 4041 4043 4027
f 267 4023 4036
f 1022 4044 4023
f 1028 4036 4044
f 4023 4044 4036
f 1025 4043 4042
f 1028 4044 4043
f 1022 4042 4044
f 4043 4044 4042
f 70 4005 3964
f 1020 4045 4005
f 1006 3964 4045
f 4005 4045 3964
f 263 4046 4009
f 1030 4047 4046
f 1020 4009 4047
f 4046 4047 4009
f 260 3969 4049
f 1006 4048 3969
f 1030 4049 4048
f 3969 4048 4049
f 1020 4047 4045
f 1030 4048 4047
f 1006 4045 4048
f 4047 4048 4045
f 71 4035 3994
f 1029 4050 4035
f 1015 3994 4050
f 4035 4050 3994
f 266 4051 4039
f 1031 4052 4051
f 1029 4039 4052
f 4051 4052 4039
f 263 3999 4054
f 1015 4053 3999
f 1031 4054 4053
f 3999 4053 4054
f 1029 4052 4050
f 1031 4053 4052
f 1015 4050 4053
f 4052 4053 4050
f 72 3975 4024
f 1011 4055 3975
f 1024 4024 4055
f 3975 4055 4024
f 260 4056 3979
f 1032 4057 4056
f 1011 3979 4057
f 4056 4057 3979
f 266 4029 4059
f 1024 4058 4029
f 1032 4059 4058
f 4029 4058 4059
f 1011 4057 4055
f 1032 4058 4057
f 1024 4055 4058
f 4057 4058 4055
f 263 4054 4046
f 1031 4060 4054
f 1030 4046 4060
f 4054 4060 4046
f 266 4059 4051
f 1032 4061 4059
f 1031 4051 4061
f 4059 4061 4051
f 260 4049 4056
f 1030 4062 4049
f 1032 4056 4062
f 4049 4062 4056
f 1031 4061 4060
f 1032 4062 4061
f 1030 4060 4062
f 4061 4062 4060
f 19 3912 3781
f 994 4063 3912
f 958 3781 4063
f 3912 4063 3781
f 258 4064 3915
f 1033 4065 4064
f 994 3915 4065
f 4064 4065 3915
f 247 3785 4067
f 958 4066 3785
f 1033 4067 4066
f 3785 4066 4067
f 994 4065 4063
f 1033 4066 4065
f 958 4063 4066
f 4065 4066 4063
f 69 4068 3925
f 1034 4069 4068
f 997 3925 4069
f 4068 4069 3925
f 268 4070 4072
f 1035 4071 4070
f 1034 4072 4071
f 4070 4071 4072
f 258 3930 4074
f 997 4073 3930
f 1035 4074 4073
f 3930 4073 4074
f 1034 4071 4069
f 1035 4073 4071
f 997 4069 4073
f 4071 4073 4069
f 66 3790 4076
f 962 4075 3790
f 1037 4076 4075
f 3790 4075 4076
f 247 4077 3794
f 1036 4078 4077
f 962 3794 4078
f 4077 4078 3794
f 268 4079 4081
f 1037 4080 4079
f 1036 4081 4080
f 4079 4080 4081
f 962 4078 4075
f 1036 4080 4078
f 1037 4075 4080
f 4078 4080 4075
f 258 4074 4064
f 1035 4082 4074
f 1033 4064 4082
f 4074 4082 4064
f 268 4081 4070
f 1036 4083 4081
f 1035 4070 4083
f 4081 4083 4070
f 247 4067 4077
f 1033 4084 4067
f 1036 4077 4084
f 4067 4084 4077
f 1035 4083 4082
f 1036 4084 4083
f 1033 4082 4084
f 4083 4084 4082
f 20 4017 3881
f 1023 4085 4017
f 984 3881 4085
f 4017 4085 3881
f 267 4086 4021
f 1038 4087 4086
f 1023 4021 4087
f 4086 4087 4021
f 254 3886 4089
f 984 4088 3886
f 1038 4089 4088
f 3886 4088 4089
f 1023 4087 4085
f 1038 4088 4087
f 984 4085 4088
f 4087 4088 4085
f 71 4090 4033
f 1039 4091 4090
f 1027 4033 4091
f 4090 4091 4033
f 269 4092 4094
f 1040 4093 4092
f 1039 4094 4093
f 4092 4093 4094
f 267 4038 4096
f 1027 4095 4038
f 1040 4096 4095
f 4038 4095 4096
f 1039 4093 4091
f 1040 4095 4093
f 1027 4091 4095
f 4093 4095 4091
f 69 3892 4098
f 989 4097 3892
f 1042 4098 4097
f 3892 4097 4098
f 254 4099 3896
f 1041 4100 4099
f 989 3896 4100
f 4099 4100 3896
f 269 4101 4103
f 1042 4102 4101
f 1041 4103 4102
f 4101 4102 4103
f 989 4100 4097
f 1041 4102 4100
f 1042 4097 4102
f 4100 4102 4097
f 267 4096 4086
f 1040 4104 4096
f 1038 4086 4104
f 4096 4104 4086
f 269 4103 4092
f 1041 4105 4103
f 1040 4092 4105
f 4103 4105 4092
f 254 4089 4099
f 1038 4106 4089
f 1041 4099 4106
f 4089 4106 4099
f 1040 4105 4104
f 1041 4106 4105
f 1038 4104 4106
f 4105 4106 4104
f 21 3809 3985
f 967 4107 3809
f 1012 3985 4107
f 3809 4107 3985
f 251 4108 3813
f 1043 4109 4108
f 967 3813 4109
f 4108 4109 3813
f 262 3990 4111
f 1012 4110 3990
f 1043 4111 4110
f 3990 4110 4111
f 967 4109 4107
f 1043 4110 4109
f 1012 4107 4110
f 4109 4110 4107
f 66 4112 3825
f 1044 4113 4112
f 971 3825 4113
f 4112 4113 3825
f 270 4114 4116
f 1045 4115 4114
f 1044 4116 4115
f 4114 4115 4116
f 251 3830 4118
f 971 4117 3830
f 1045 4118 4117
f 3830 4117 4118
f 1044 4115 4113
f 1045 4117 4115
f 971 4113 4117
f 4115 4117 4113
f 71 3996 4120
f 1017 4119 3996
f 1047 4120 4119
f 3996 4119 4120
f 262 4121 4000
f 1046 4122 4121
f 1017 4000 4122
f 4121 4122 4000
f 270 4123 4125
f 1047 4124 4123
f 1046 4125 4124
f 4123 4124 4125
f 1017 4122 4119
f 1046 4124 4122
f 1047 4119 4124
f 4122 4124 4119
f 251 4118 4108
f 1045 4126 4118
f 1043 4108 4126
f 4118 4126 4108
f 270 4125 4114
f 1046 4127 4125
f 1045 4114 4127
f 4125 4127 4114
f 262 4111 4121
f 1043 4128 4111
f 1046 4121 4128
f 4111 4128 4121
f 1045 4127 4126
f 1046 4128 4127
f 1043 4126 4128
f 4127 4128 4126
f 69 4098 4068
f 1042 4129 4098
f 1034 4068 4129
f 4098 4129 4068
f 269 4130 4101
f 1048 4131 4130
f 1042 4101 4131
f 4130 4131 4101
f 268 4072 4133
f 1034 4132 4072
f 1048 4133 4132
f 4072 4132 4133
f 1042 4131 4129
f 1048 4132 4131
f 1034 4129 4132
f 4131 4132 4129
f 71 4120 4090
f 1047 4134 4120
f 1039 4090 4134
f 4120 4134 4090
f 270 4135 4123
f 1049 4136 4135
f 1047 4123 4136
f 4135 4136 4123
f 269 4094 4138
f 1039 4137 4094
f 1049 4138 4137
f 4094 4137 4138
f 1047 4136 4134
f 1049 4137 4136
f 1039 4134 4137
f 4136 4137 4134
f 66 4076 4112
f 1037 4139 4076
f 1044 4112 4139
f 4076 4139 4112
f 268 4140 4079
f 1050 4141 4140
f 1037 4079 4141
f 4140 4141 4079
f 270 4116 4143
f 1044 4142 4116
f 1050 4143 4142
f 4116 4142 4143
f 1037 4141 4139
f 1050 4142 4141
f 1044 4139 4142
f 4141 4142 4139
f 269 4138 4130
f 1049 4144 4138
f 1048 4130 4144
f 4138 4144 4130
f 270 4143 4135
f 1050 4145 4143
f 1049 4135 4145
f 4143 4145 4135
f 268 4133 4140
f 1048 4146 4133
f 1050 4140 4146
f 4133 4146 4140
f 1049 4145 4144
f 1050 4146 4145
f 1048 4144 4146
f 4145 4146 4144
f 1 3756 2563
f 952 4147 3756
f 643 2563 4147
f 3756 4147 2563
f 246 4148 3759
f 1051 4149 4148
f 952 3759 4149
f 4148 4149 3759
f 163 2568 4151
f 643 4150 2568
f 1051 4151 4150
f 2568 4150 4151
f 952 4149 4147
f 1051 4150 4149
f 643 4147 4150
f 4149 4150 4147
f 67 4152 3769
f 1052 4153 4152
f 955 3769 4153
f 4152 4153 3769
f 271 4154 4156
f 1053 4155 4154
f 1052 4156 4155
f 4154 4155 4156
f 246 3774 4158
f 955 4157 3774
f 1053 4158 4157
f 3774 4157 4158
f 1052 4155 4153
f 1053 4157 4155
f 955 4153 4157
f 4155 4157 4153
f 43 2574 4160
f 648 4159 2574
f 1055 4160 4159
f 2574 4159 4160
f 163 4161 2578
f 1054 4162 4161
f 648 2578 4162
f 4161 4162 2578
f 271 4163 4165
f 1055 4164 4163
f 1054 4165 4164
f 4163 4164 4165
f 648 4162 4159
f 1054 4164 4162
f 1055 4159 4164
f 4162 4164 4159
f 246 4158 4148
f 1053 4166 4158
f 1051 4148 4166
f 4158 4166 4148
f 271 4165 4154
f 1054 4167 4165
f 1053 4154 4167
f 4165 4167 4154
f 163 4151 4161
f 1051 4168 4151
f 1054 4161 4168
f 4151 4168 4161
f 1053 4167 4166
f 1054 4168 4167
f 1051 4166 4168
f 4167 4168 4166
f 21 4169 3807
f 1056 4170 4169
f 965 3807 4170
f 4169 4170 3807
f 272 4171 4173
f 1057 4172 4171
f 1056 4173 4172
f 4171 4172 4173
f 249 3812 4175
f 965 4174 3812
f 1057 4175 4174
f 3812 4174 4175
f 1056 4172 4170
f 1057 4174 4172
f 965 4170 4174
f 4172 4174 4170
f 73 4176 4178
f 1058 4177 4176
f 1060 4178 4177
f 4176 4177 4178
f 273 4179 4181
f 1059 4180 4179
f 1058 4181 4180
f 4179 4180 4181
f 272 4182 4184
f 1060 4183 4182
f 1059 4184 4183
f 4182 4183 4184
f 1058 4180 4177
f 1059 4183 4180
f 1060 4177 4183
f 4180 4183 4177
f 67 3818 4186
f 970 4185 3818
f 1062 4186 4185
f 3818 4185 4186
f 249 4187 3822
f 1061 4188 4187
f 970 3822 4188
f 4187 4188 3822
f 273 4189 4191
f 1062 4190 4189
f 1061 4191 4190
f 4189 4190 4191
f 970 4188 4185
f 1061 4190 4188
f 1062 4185 4190
f 4188 4190 4185
f 272 4184 4171
f 1059 4192 4184
f 1057 4171 4192
f 4184 4192 4171
f 273 4191 4179
f 1061 4193 4191
f 1059 4179 4193
f 4191 4193 4179
f 249 4175 4187
f 1057 4194 4175
f 1061 4187 4194
f 4175 4194 4187
f 1059 4193 4192
f 1061 4194 4193
f 1057 4192 4194
f 4193 4194 4192
f 13 2595 4196
f 654 4195 2595
f 1064 4196 4195
f 2595 4195 4196
f 168 4197 2599
f 1063 4198 4197
f 654 2599 4198
f 4197 4198 2599
f 275 4199 4201
f 1064 4200 4199
f 1063 4201 4200
f 4199 4200 4201
f 654 4198 4195
f 1063 4200 4198
f 1064 4195 4200
f 4198 4200 4195
f 43 4202 2611
f 1065 4203 4202
f 658 2611 4203
f 4202 4203 2611
f 274 4204 4206
f 1066 4205 4204
f 1065 4206 4205
f 4204 4205 4206
f 168 2616 4208
f 658 4207 2616
f 1066 4208 4207
f 2616 4207 4208
f 1065 4205 4203
f 1066 4207 4205
f 658 4203 4207
f 4205 4207 4203
f 73 4209 4211
f 1067 4210 4209
f 1069 4211 4210
f 4209 4210 4211
f 275 4212 4214
f 1068 4213 4212
f 1067 4214 4213
f 4212 4213 4214
f 274 4215 4217
f 1069 4216 4215
f 1068 4217 4216
f 4215 4216 4217
f 1067 4213 4210
f 1068 4216 4213
f 1069 4210 4216
f 4213 4216 4210
f 168 4208 4197
f 1066 4218 4208
f 1063 4197 4218
f 4208 4218 4197
f 274 4217 4204
f 1068 4219 4217
f 1066 4204 4219
f 4217 4219 4204
f 275 4201 4212
f 1063 4220 4201
f 1068 4212 4220
f 4201 4220 4212
f 1066 4219 4218
f 1068 4220 4219
f 1063 4218 4220
f 4219 4220 4218
f 67 4186 4152
f 1062 4221 4186
f 1052 4152 4221
f 4186 4221 4152
f 273 4222 4189
f 1070 4223 4222
f 1062 4189 4223
f 4222 4223 4189
f 271 4156 4225
f 1052 4224 4156
f 1070 4225 4224
f 4156 4224 4225
f 1062 4223 4221
f 1070 4224 4223
f 1052 4221 4224
f 4223 4224 4221
f 73 4211 4176
f 1069 4226 4211
f 1058 4176 4226
f 4211 4226 4176
f 274 4227 4215
f 1071 4228 4227
f 1069 4215 4228
f 4227 4228 4215
f 273 4181 4230
f 1058 4229 4181
f 1071 4230 4229
f 4181 4229 4230
f 1069 4228 4226
f 1071 4229 4228
f 1058 4226 4229
f 4228 4229 4226
f 43 4160 4202
f 1055 4231 4160
f 1065 4202 4231
f 4160 4231 4202
f 271 4232 4163
f 1072 4233 4232
f 1055 4163 4233
f 4232 4233 4163
f 274 4206 4235
f 1065 4234 4206
f 1072 4235 4234
f 4206 4234 4235
f 1055 4233 4231
f 1072 4234 4233
f 1065 4231 4234
f 4233 4234 4231
f 273 4230 4222
f 1071 4236 4230
f 1070 4222 4236
f 4230 4236 4222
f 274 4235 4227
f 1072 4237 4235
f 1071 4227 4237
f 4235 4237 4227
f 271 4225 4232
f 1070 4238 4225
f 1072 4232 4238
f 4225 4238 4232
f 1071 4237 4236
f 1072 4238 4237
f 1070 4236 4238
f 4237 4238 4236
f 11 4239 3955
f 1073 4240 4239
f 1003 3955 4240
f 4239 4240 3955
f 276 4241 4243
f 1074 4242 4241
f 1073 4243 4242
f 4241 4242 4243
f 259 3960 4245
f 1003 4244 3960
f 1074 4245 4244
f 3960 4244 4245
f 1073 4242 4240
f 1074 4244 4242
f 1003 4240 4244
f 4242 4244 4240
f 74 4246 4248
f 1075 4247 4246
f 1077 4248 4247
f 4246 4247 4248
f 277 4249 4251
f 1076 4250 4249
f 1075 4251 4250
f 4249 4250 4251
f 276 4252 4254
f 1077 4253 4252
f 1076 4254 4253
f 4252 4253 4254
f 1075 4250 4247
f 1076 4253 4250
f 1077 4247 4253
f 4250 4253 4247
f 70 3966 4256
f 1008 4255 3966
f 1079 4256 4255
f 3966 4255 4256
f 259 4257 3970
f 1078 4258 4257
f 1008 3970 4258
f 4257 4258 3970
f 277 4259 4261
f 1079 4260 4259
f 1078 4261 4260
f 4259 4260 4261
f 1008 4258 4255
f 1078 4260 4258
f 1079 4255 4260
f 4258 4260 4255
f 276 4254 4241
f 1076 4262 4254
f 1074 4241 4262
f 4254 4262 4241
f 277 4261 4249
f 1078 4263 4261
f 1076 4249 4263
f 4261 4263 4249
f 259 4245 4257
f 1074 4264 4245
f 1078 4257 4264
f 4245 4264 4257
f 1076 4263 4262
f 1078 4264 4263
f 1074 4262 4264
f 4263 4264 4262
f 22 4265 4267
f 1080 4266 4265
f 1082 4267 4266
f 4265 4266 4267
f 278 4268 4270
f 1081 4269 4268
f 1080 4270 4269
f 4268 4269 4270
f 280 4271 4273
f 1082 4272 4271
f 1081 4273 4272
f 4271 4272 4273
f 1080 4269 4266
f 1081 4272 4269
f 1082 4266 4272
f 4269 4272 4266
f 75 4274 4276
f 1083 4275 4274
f 1085 4276 4275
f 4274 4275 4276
f 279 4277 4279
f 1084 4278 4277
f 1083 4279 4278
f 4277 4278 4279
f 278 4280 4282
f 1085 4281 4280
f 1084 4282 4281
f 4280 4281 4282
f 1083 4278 4275
f 1084 4281 4278
f 1085 4275 4281
f 4278 4281 4275
f 74 4283 4285
f 1086 4284 4283
f 1088 4285 4284
f 4283 4284 4285
f 280 4286 4288
f 1087 4287 4286
f 1086 4288 4287
f 4286 4287 4288
f 279 4289 4291
f 1088 4290 4289
f 1087 4291 4290
f 4289 4290 4291
f 1086 4287 4284
f 1087 4290 4287
f 1088 4284 4290
f 4287 4290 4284
f 278 4282 4268
f 1084 4292 4282
f 1081 4268 4292
f 4282 4292 4268
f 279 4291 4277
f 1087 4293 4291
f 1084 4277 4293
f 4291 4293 4277
f 280 4273 4286
f 1081 4294 4273
f 1087 4286 4294
f 4273 4294 4286
f 1084 4293 4292
f 1087 4294 4293
f 1081 4292 4294
f 4293 4294 4292
f 21 3987 4296
f 1014 4295 3987
f 1090 4296 4295
f 3987 4295 4296
f 264 4297 3991
f 1089 4298 4297
f 1014 3991 4298
f 4297 4298 3991
f 282 4299 4301
f 1090 4300 4299
f 1089 4301 4300
f 4299 4300 4301
f 1014 4298 4295
f 1089 4300 4298
f 1090 4295 4300
f 4298 4300 4295
f 70 4302 4003
f 1091 4303 4302
f 1018 4003 4303
f 4302 4303 4003
f 281 4304 4306
f 1092 4305 4304
f 1091 4306 4305
f 4304 4305 4306
f 264 4008 4308
f 1018 4307 4008
f 1092 4308 4307
f 4008 4307 4308
f 1091 4305 4303
f 1092 4307 4305
f 1018 4303 4307
f 4305 4307 4303
f 75 4309 4311
f 1093 4310 4309
f 1095 4311 4310
f 4309 4310 4311
f 282 4312 4314
f 1094 4313 4312
f 1093 4314 4313
f 4312 4313 4314
f 281 4315 4317
f 1095 4316 4315
f 1094 4317 4316
f 4315 4316 4317
f 1093 4313 4310
f 1094 4316 4313
f 1095 4310 4316
f 4313 4316 4310
f 264 4308 4297
f 1092 4318 4308
f 1089 4297 4318
f 4308 4318 4297
f 281 4317 4304
f 1094 4319 4317
f 1092 4304 4319
f 4317 4319 4304
f 282 4301 4312
f 1089 4320 4301
f 1094 4312 4320
f 4301 4320 4312
f 1092 4319 4318
f 1094 4320 4319
f 1089 4318 4320
f 4319 4320 4318
f 74 4285 4246
f 1088 4321 4285
f 1075 4246 4321
f 4285 4321 4246
f 279 4322 4289
f 1096 4323 4322
f 1088 4289 4323
f 4322 4323 4289
f 277 4251 4325
f 1075 4324 4251
f 1096 4325 4324
f 4251 4324 4325
f 1088 4323 4321
f 1096 4324 4323
f 1075 4321 4324
f 4323 4324 4321
f 75 4311 4274
f 1095 4326 4311
f 1083 4274 4326
f 4311 4326 4274
f 281 4327 4315
f 1097 4328 4327
f 1095 4315 4328
f 4327 4328 4315
f 279 4279 4330
f 1083 4329 4279
f 1097 4330 4329
f 4279 4329 4330
f 1095 4328 4326
f 1097 4329 4328
f 1083 4326 4329
f 4328 4329 4326
f 70 4256 4302
f 1079 4331 4256
f 1091 4302 4331
f 4256 4331 4302
f 277 4332 4259
f 1098 4333 4332
f 1079 4259 4333
f 4332 4333 4259
f 281 4306 4335
f 1091 4334 4306
f 1098 4335 4334
f 4306 4334 4335
f 1079 4333 4331
f 1098 4334 4333
f 1091 4331 4334
f 4333 4334 4331
f 279 4330 4322
f 1097 4336 4330
f 1096 4322 4336
f 4330 4336 4322
f 281 4335 4327
f 1098 4337 4335
f 1097 4327 4337
f 4335 4337 4327
f 277 4325 4332
f 1096 4338 4325
f 1098 4332 4338
f 4325 4338 4332
f 1097 4337 4336
f 1098 4338 4337
f 1096 4336 4338
f 4337 4338 4336
f 12 2673 4340
f 675 4339 2673
f 1100 4340 4339
f 2673 4339 4340
f 174 4341 2677
f 1099 4342 4341
f 675 2677 4342
f 4341 4342 2677
f 284 4343 4345
f 1100 4344 4343
f 1099 4345 4344
f 4343 4344 4345
f 675 4342 4339
f 1099 4344 4342
f 1100 4339 4344
f 4342 4344 4339
f 48 4346 2689
f 1101 4347 4346
f 679 2689 4347
f 4346 4347 2689
f 283 4348 4350
f 1102 4349 4348
f 1101 4350 4349
f 4348 4349 4350
f 174 2694 4352
f 679 4351 2694
f 1102 4352 4351
f 2694 4351 4352
f 1101 4349 4347
f 1102 4351 4349
f 679 4347 4351
f 4349 4351 4347
f 77 4353 4355
f 1103 4354 4353
f 1105 4355 4354
f 4353 4354 4355
f 284 4356 4358
f 1104 4357 4356
f 1103 4358 4357
f 4356 4357 4358
f 283 4359 4361
f 1105 4360 4359
f 1104 4361 4360
f 4359 4360 4361
f 1103 4357 4354
f 1104 4360 4357
f 1105 4354 4360
f 4357 4360 4354
f 174 4352 4341
f 1102 4362 4352
f 1099 4341 4362
f 4352 4362 4341
f 283 4361 4348
f 1104 4363 4361
f 1102 4348 4363
f 4361 4363 4348
f 284 4345 4356
f 1099 4364 4345
f 1104 4356 4364
f 4345 4364 4356
f 1102 4363 4362
f 1104 4364 4363
f 1099 4362 4364
f 4363 4364 4362
f 13 4365 2731
f 1106 4366 4365
f 691 2731 4366
f 4365 4366 2731
f 285 4367 4369
f 1107 4368 4367
f 1106 4369 4368
f 4367 4368 4369
f 178 2736 4371
f 691 4370 2736
f 1107 4371 4370
f 2736 4370 4371
f 1106 4368 4366
f 1107 4370 4368
f 691 4366 4370
f 4368 4370 4366
f 76 4372 4374
f 1108 4373 4372
f 1110 4374 4373
f 4372 4373 4374
f 286 4375 4377
f 1109 4376 4375
f 1108 4377 4376
f 4375 4376 4377
f 285 4378 4380
f 1110 4379 4378
f 1109 4380 4379
f 4378 4379 4380
f 1108 4376 4373
f 1109 4379 4376
f 1110 4373 4379
f 4376 4379 4373
f 48 2742 4382
f 696 4381 2742
f 1112 4382 4381
f 2742 4381 4382
f 178 4383 2746
f 1111 4384 4383
f 696 2746 4384
f 4383 4384 2746
f 286 4385 4387
f 1112 4386 4385
f 1111 4387 4386
f 4385 4386 4387
f 696 4384 4381
f 1111 4386 4384
f 1112 4381 4386
f 4384 4386 4381
f 285 4380 4367
f 1109 4388 4380
f 1107 4367 4388
f 4380 4388 4367
f 286 4387 4375
f 1111 4389 4387
f 1109 4375 4389
f 4387 4389 4375
f 178 4371 4383
f 1107 4390 4371
f 1111 4383 4390
f 4371 4390 4383
f 1109 4389 4388
f 1111 4390 4389
f 1107 4388 4390
f 4389 4390 4388
f 22 4391 4393
f 1113 4392 4391
f 1115 4393 4392
f 4391 4392 4393
f 287 4394 4396
f 1114 4395 4394
f 1113 4396 4395
f 4394 4395 4396
f 289 4397 4399
f 1115 4398 4397
f 1114 4399 4398
f 4397 4398 4399
f 1113 4395 4392
f 1114 4398 4395
f 1115 4392 4398
f 4395 4398 4392
f 77 4400 4402
f 1116 4401 4400
f 1118 4402 4401
f 4400 4401 4402
f 288 4403 4405
f 1117 4404 4403
f 1116 4405 4404
f 4403 4404 4405
f 287 4406 4408
f 1118 4407 4406
f 1117 4408 4407
f 4406 4407 4408
f 1116 4404 4401
f 1117 4407 4404
f 1118 4401 4407
f 4404 4407 4401
f 76 4409 4411
f 1119 4410 4409
f 1121 4411 4410
f 4409 4410 4411
f 289 4412 4414
f 1120 4413 4412
f 1119 4414 4413
f 4412 4413 4414
f 288 4415 4417
f 1121 4416 4415
f 1120 4417 4416
f 4415 4416 4417
f 1119 4413 4410
f 1120 4416 4413
f 1121 4410 4416
f 4413 4416 4410
f 287 4408 4394
f 1117 4418 4408
f 1114 4394 4418
f 4408 4418 4394
f 288 4417 4403
f 1120 4419 4417
f 1117 4403 4419
f 4417 4419 4403
f 289 4399 4412
f 1114 4420 4399
f 1120 4412 4420
f 4399 4420 4412
f 1117 4419 4418
f 1120 4420 4419
f 1114 4418 4420
f 4419 4420 4418
f 48 4382 4346
f 1112 4421 4382
f 1101 4346 4421
f 4382 4421 4346
f 286 4422 4385
f 1122 4423 4422
f 1112 4385 4423
f 4422 4423 4385
f 283 4350 4425
f 1101 4424 4350
f 1122 4425 4424
f 4350 4424 4425
f 1112 4423 4421
f 1122 4424 4423
f 1101 4421 4424
f 4423 4424 4421
f 76 4411 4372
f 1121 4426 4411
f 1108 4372 4426
f 4411 4426 4372
f 288 4427 4415
f 1123 4428 4427
f 1121 4415 4428
f 4427 4428 4415
f 286 4377 4430
f 1108 4429 4377
f 1123 4430 4429
f 4377 4429 4430
f 1121 4428 4426
f 1123 4429 4428
f 1108 4426 4429
f 4428 4429 4426
f 77 4355 4400
f 1105 4431 4355
f 1116 4400 4431
f 4355 4431 4400
f 283 4432 4359
f 1124 4433 4432
f 1105 4359 4433
f 4432 4433 4359
f 288 4405 4435
f 1116 4434 4405
f 1124 4435 4434
f 4405 4434 4435
f 1105 4433 4431
f 1124 4434 4433
f 1116 4431 4434
f 4433 4434 4431
f 286 4430 4422
f 1123 4436 4430
f 1122 4422 4436
f 4430 4436 4422
f 288 4435 4427
f 1124 4437 4435
f 1123 4427 4437
f 4435 4437 4427
f 283 4425 4432
f 1122 4438 4425
f 1124 4432 4438
f 4425 4438 4432
f 1123 4437 4436
f 1124 4438 4437
f 1122 4436 4438
f 4437 4438 4436
f 21 4296 4169
f 1090 4439 4296
f 1056 4169 4439
f 4296 4439 4169
f 282 4440 4299
f 1125 4441 4440
f 1090 4299 4441
f 4440 4441 4299
f 272 4173 4443
f 1056 4442 4173
f 1125 4443 4442
f 4173 4442 4443
f 1090 4441 4439
f 1125 4442 4441
f 1056 4439 4442
f 4441 4442 4439
f 75 4444 4309
f 1126 4445 4444
f 1093 4309 4445
f 4444 4445 4309
f 290 4446 4448
f 1127 4447 4446
f 1126 4448 4447
f 4446 4447 4448
f 282 4314 4450
f 1093 4449 4314
f 1127 4450 4449
f 4314 4449 4450
f 1126 4447 4445
f 1127 4449 4447
f 1093 4445 4449
f 4447 4449 4445
f 73 4178 4452
f 1060 4451 4178
f 1129 4452 4451
f 4178 4451 4452
f 272 4453 4182
f 1128 4454 4453
f 1060 4182 4454
f 4453 4454 4182
f 290 4455 4457
f 1129 4456 4455
f 1128 4457 4456
f 4455 4456 4457
f 1060 4454 4451
f 1128 4456 4454
f 1129 4451 4456
f 4454 4456 4451
f 282 4450 4440
f 1127 4458 4450
f 1125 4440 4458
f 4450 4458 4440
f 290 4457 4446
f 1128 4459 4457
f 1127 4446 4459
f 4457 4459 4446
f 272 4443 4453
f 1125 4460 4443
f 1128 4453 4460
f 4443 4460 4453
f 1127 4459 4458
f 1128 4460 4459
f 1125 4458 4460
f 4459 4460 4458
f 22 4393 4265
f 1115 4461 4393
f 1080 4265 4461
f 4393 4461 4265
f 289 4462 4397
f 1130 4463 4462
f 1115 4397 4463
f 4462 4463 4397
f 278 4270 4465
f 1080 4464 4270
f 1130 4465 4464
f 4270 4464 4465
f 1115 4463 4461
f 1130 4464 4463
f 1080 4461 4464
f 4463 4464 4461
f 76 4466 4409
f 1131 4467 4466
f 1119 4409 4467
f 4466 4467 4409
f 291 4468 4470
f 1132 4469 4468
f 1131 4470 4469
f 4468 4469 4470
f 289 4414 4472
f 1119 4471 4414
f 1132 4472 4471
f 4414 4471 4472
f 1131 4469 4467
f 1132 4471 4469
f 1119 4467 4471
f 4469 4471 4467
f 75 4276 4474
f 1085 4473 4276
f 1134 4474 4473
f 4276 4473 4474
f 278 4475 4280
f 1133 4476 4475
f 1085 4280 4476
f 4475 4476 4280
f 291 4477 4479
f 1134 4478 4477
f 1133 4479 4478
f 4477 4478 4479
f 1085 4476 4473
f 1133 4478 4476
f 1134 4473 4478
f 4476 4478 4473
f 289 4472 4462
f 1132 4480 4472
f 1130 4462 4480
f 4472 4480 4462
f 291 4479 4468
f 1133 4481 4479
f 1132 4468 4481
f 4479 4481 4468
f 278 4465 4475
f 1130 4482 4465
f 1133 4475 4482
f 4465 4482 4475
f 1132 4481 4480
f 1133 4482 4481
f 1130 4480 4482
f 4481 4482 4480
f 13 4196 4365
f 1064 4483 4196
f 1106 4365 4483
f 4196 4483 4365
f 275 4484 4199
f 1135 4485 4484
f 1064 4199 4485
f 4484 4485 4199
f 285 4369 4487
f 1106 4486 4369
f 1135 4487 4486
f 4369 4486 4487
f 1064 4485 4483
f 1135 4486 4485
f 1106 4483 4486
f 4485 4486 4483
f 73 4488 4209
f 1136 4489 4488
f 1067 4209 4489
f 4488 4489 4209
f 292 4490 4492
f 1137 4491 4490
f 1136 4492 4491
f 4490 4491 4492
f 275 4214 4494
f 1067 4493 4214
f 1137 4494 4493
f 4214 4493 4494
f 1136 4491 4489
f 1137 4493 4491
f 1067 4489 4493
f 4491 4493 4489
f 76 4374 4496
f 1110 4495 4374
f 1139 4496 4495
f 4374 4495 4496
f 285 4497 4378
f 1138 4498 4497
f 1110 4378 4498
f 4497 4498 4378
f 292 4499 4501
f 1139 4500 4499
f 1138 4501 4500
f 4499 4500 4501
f 1110 4498 4495
f 1138 4500 4498
f 1139 4495 4500
f 4498 4500 4495
f 275 4494 4484
f 1137 4502 4494
f 1135 4484 4502
f 4494 4502 4484
f 292 4501 4490
f 1138 4503 4501
f 1137 4490 4503
f 4501 4503 4490
f 285 4487 4497
f 1135 4504 4487
f 1138 4497 4504
f 4487 4504 4497
f 1137 4503 4502
f 1138 4504 4503
f 1135 4502 4504
f 4503 4504 4502
f 75 4474 4444
f 1134 4505 4474
f 1126 4444 4505
f 4474 4505 4444
f 291 4506 4477
f 1140 4507 4506
f 1134 4477 4507
f 4506 4507 4477
f 290 4448 4509
f 1126 4508 4448
f 1140 4509 4508
f 4448 4508 4509
f 1134 4507 4505
f 1140 4508 4507
f 1126 4505 4508
f 4507 4508 4505
f 76 4496 4466
f 1139 4510 4496
f 1131 4466 4510
f 4496 4510 4466
f 292 4511 4499
f 1141 4512 4511
f 1139 4499 4512
f 4511 4512 4499
f 291 4470 4514
f 1131 4513 4470
f 1141 4514 4513
f 4470 4513 4514
f 1139 4512 4510
f 1141 4513 4512
f 1131 4510 4513
f 4512 4513 4510
f 73 4452 4488
f 1129 4515 4452
f 1136 4488 4515
f 4452 4515 4488
f 290 4516 4455
f 1142 4517 4516
f 1129 4455 4517
f 4516 4517 4455
f 292 4492 4519
f 1136 4518 4492
f 1142 4519 4518
f 4492 4518 4519
f 1129 4517 4515
f 1142 4518 4517
f 1136 4515 4518
f 4517 4518 4515
f 291 4514 4506
f 1141 4520 4514
f 1140 4506 4520
f 4514 4520 4506
f 292 4519 4511
f 1142 4521 4519
f 1141 4511 4521
f 4519 4521 4511
f 290 4509 4516
f 1140 4522 4509
f 1142 4516 4522
f 4509 4522 4516
f 1141 4521 4520
f 1142 4522 4521
f 1140 4520 4522
f 4521 4522 4520
f 2 3173 4524
f 805 4523 3173
f 1144 4524 4523
f 3173 4523 4524
f 209 4525 3177
f 1143 4526 4525
f 805 3177 4526
f 4525 4526 3177
f 294 4527 4529
f 1144 4528 4527
f 1143 4529 4528
f 4527 4528 4529
f 805 4526 4523
f 1143 4528 4526
f 1144 4523 4528
f 4526 4528 4523
f 58 4530 3189
f 1145 4531 4530
f 809 3189 4531
f 4530 4531 3189
f 293 4532 4534
f 1146 4533 4532
f 1145 4534 4533
f 4532 4533 4534
f 209 3194 4536
f 809 4535 3194
f 1146 4536 4535
f 3194 4535 4536
f 1145 4533 4531
f 1146 4535 4533
f 809 4531 4535
f 4533 4535 4531
f 79 4537 4539
f 1147 4538 4537
f 1149 4539 4538
f 4537 4538 4539
f 294 4540 4542
f 1148 4541 4540
f 1147 4542 4541
f 4540 4541 4542
f 293 4543 4545
f 1149 4544 4543
f 1148 4545 4544
f 4543 4544 4545
f 1147 4541 4538
f 1148 4544 4541
f 1149 4538 4544
f 4541 4544 4538
f 209 4536 4525
f 1146 4546 4536
f 1143 4525 4546
f 4536 4546 4525
f 293 4545 4532
f 1148 4547 4545
f 1146 4532 4547
f 4545 4547 4532
f 294 4529 4540
f 1143 4548 4529
f 1148 4540 4548
f 4529 4548 4540
f 1146 4547 4546
f 1148 4548 4547
f 1143 4546 4548
f 4547 4548 4546
f 16 4549 3231
f 1150 4550 4549
f 821 3231 4550
f 4549 4550 3231
f 295 4551 4553
f 1151 4552 4551
f 1150 4553 4552
f 4551 4552 4553
f 213 3236 4555
f 821 4554 3236
f 1151 4555 4554
f 3236 4554 4555
f 1150 4552 4550
f 1151 4554 4552
f 821 4550 4554
f 4552 4554 4550
f 78 4556 4558
f 1152 4557 4556
f 1154 4558 4557
f 4556 4557 4558
f 296 4559 4561
f 1153 4560 4559
f 1152 4561 4560
f 4559 4560 4561
f 295 4562 4564
f 1154 4563 4562
f 1153 4564 4563
f 4562 4563 4564
f 1152 4560 4557
f 1153 4563 4560
f 1154 4557 4563
f 4560 4563 4557
f 58 3242 4566
f 826 4565 3242
f 1156 4566 4565
f 3242 4565 4566
f 213 4567 3246
f 1155 4568 4567
f 826 3246 4568
f 4567 4568 3246
f 296 4569 4571
f 1156 4570 4569
f 1155 4571 4570
f 4569 4570 4571
f 826 4568 4565
f 1155 4570 4568
f 1156 4565 4570
f 4568 4570 4565
f 295 4564 4551
f 1153 4572 4564
f 1151 4551 4572
f 4564 4572 4551
f 296 4571 4559
f 1155 4573 4571
f 1153 4559 4573
f 4571 4573 4559
f 213 4555 4567
f 1151 4574 4555
f 1155 4567 4574
f 4555 4574 4567
f 1153 4573 4572
f 1155 4574 4573
f 1151 4572 4574
f 4573 4574 4572
f 24 4575 4577
f 1157 4576 4575
f 1159 4577 4576
f 4575 4576 4577
f 297 4578 4580
f 1158 4579 4578
f 1157 4580 4579
f 4578 4579 4580
f 299 4581 4583
f 1159 4582 4581
f 1158 4583 4582
f 4581 4582 4583
f 1157 4579 4576
f 1158 4582 4579
f 1159 4576 4582
f 4579 4582 4576
f 79 4584 4586
f 1160 4585 4584
f 1162 4586 4585
f 4584 4585 4586
f 298 4587 4589
f 1161 4588 4587
f 1160 4589 4588
f 4587 4588 4589
f 297 4590 4592
f 1162 4591 4590
f 1161 4592 4591
f 4590 4591 4592
f 1160 4588 4585
f 1161 4591 4588
f 1162 4585 4591
f 4588 4591 4585
f 78 4593 4595
f 1163 4594 4593
f 1165 4595 4594
f 4593 4594 4595
f 299 4596 4598
f 1164 4597 4596
f 1163 4598 4597
f 4596 4597 4598
f 298 4599 4601
f 1165 4600 4599
f 1164 4601 4600
f 4599 4600 4601
f 1163 4597 4594
f 1164 4600 4597
f 1165 4594 4600
f 4597 4600 4594
f 297 4592 4578
f 1161 4602 4592
f 1158 4578 4602
f 4592 4602 4578
f 298 4601 4587
f 1164 4603 4601
f 1161 4587 4603
f 4601 4603 4587
f 299 4583 4596
f 1158 4604 4583
f 1164 4596 4604
f 4583 4604 4596
f 1161 4603 4602
f 1164 4604 4603
f 1158 4602 4604
f 4603 4604 4602
f 58 4566 4530
f 1156 4605 4566
f 1145 4530 4605
f 4566 4605 4530
f 296 4606 4569
f 1166 4607 4606
f 1156 4569 4607
f 4606 4607 4569
f 293 4534 4609
f 1145 4608 4534
f 1166 4609 4608
f 4534 4608 4609
f 1156 4607 4605
f 1166 4608 4607
f 1145 4605 4608
f 4607 4608 4605
f 78 4595 4556
f 1165 4610 4595
f 1152 4556 4610
f 4595 4610 4556
f 298 4611 4599
f 1167 4612 4611
f 1165 4599 4612
f 4611 4612 4599
f 296 4561 4614
f 1152 4613 4561
f 1167 4614 4613
f 4561 4613 4614
f 1165 4612 4610
f 1167 4613 4612
f 1152 4610 4613
f 4612 4613 4610
f 79 4539 4584
f 1149 4615 4539
f 1160 4584 4615
f 4539 4615 4584
f 293 4616 4543
f 1168 4617 4616
f 1149 4543 4617
f 4616 4617 4543
f 298 4589 4619
f 1160 4618 4589
f 1168 4619 4618
f 4589 4618 4619
f 1149 4617 4615
f 1168 4618 4617
f 1160 4615 4618
f 4617 4618 4615
f 296 4614 4606
f 1167 4620 4614
f 1166 4606 4620
f 4614 4620 4606
f 298 4619 4611
f 1168 4621 4619
f 1167 4611 4621
f 4619 4621 4611
f 293 4609 4616
f 1166 4622 4609
f 1168 4616 4622
f 4609 4622 4616
f 1167 4621 4620
f 1168 4622 4621
f 1166 4620 4622
f 4621 4622 4620
f 6 4623 3071
f 1169 4624 4623
f 777 3071 4624
f 4623 4624 3071
f 300 4625 4627
f 1170 4626 4625
f 1169 4627 4626
f 4625 4626 4627
f 200 3075 4629
f 777 4628 3075
f 1170 4629 4628
f 3075 4628 4629
f 1169 4626 4624
f 1170 4628 4626
f 777 4624 4628
f 4626 4628 4624
f 80 4630 4632
f 1171 4631 4630
f 1173 4632 4631
f 4630 4631 4632
f 301 4633 4635
f 1172 4634 4633
f 1171 4635 4634
f 4633 4634 4635
f 300 4636 4638
f 1173 4637 4636
f 1172 4638 4637
f 4636 4637 4638
f 1171 4634 4631
f 1172 4637 4634
f 1173 4631 4637
f 4634 4637 4631
f 54 3080 4640
f 781 4639 3080
f 1175 4640 4639
f 3080 4639 4640
f 200 4641 3084
f 1174 4642 4641
f 781 3084 4642
f 4641 4642 3084
f 301 4643 4645
f 1175 4644 4643
f 1174 4645 4644
f 4643 4644 4645
f 781 4642 4639
f 1174 4644 4642
f 1175 4639 4644
f 4642 4644 4639
f 300 4638 4625
f 1172 4646 4638
f 1170 4625 4646
f 4638 4646 4625
f 301 4645 4633
f 1174 4647 4645
f 1172 4633 4647
f 4645 4647 4633
f 200 4629 4641
f 1170 4648 4629
f 1174 4641 4648
f 4629 4648 4641
f 1172 4647 4646
f 1174 4648 4647
f 1170 4646 4648
f 4647 4648 4646
f 23 4649 4651
f 1176 4650 4649
f 1178 4651 4650
f 4649 4650 4651
f 302 4652 4654
f 1177 4653 4652
f 1176 4654 4653
f 4652 4653 4654
f 304 4655 4657
f 1178 4656 4655
f 1177 4657 4656
f 4655 4656 4657
f 1176 4653 4650
f 1177 4656 4653
f 1178 4650 4656
f 4653 4656 4650
f 81 4658 4660
f 1179 4659 4658
f 1181 4660 4659
f 4658 4659 4660
f 303 4661 4663
f 1180 4662 4661
f 1179 4663 4662
f 4661 4662 4663
f 302 4664 4666
f 1181 4665 4664
f 1180 4666 4665
f 4664 4665 4666
f 1179 4662 4659
f 1180 4665 4662
f 1181 4659 4665
f 4662 4665 4659
f 80 4667 4669
f 1182 4668 4667
f 1184 4669 4668
f 4667 4668 4669
f 304 4670 4672
f 1183 4671 4670
f 1182 4672 4671
f 4670 4671 4672
f 303 4673 4675
f 1184 4674 4673
f 1183 4675 4674
f 4673 4674 4675
f 1182 4671 4668
f 1183 4674 4671
f 1184 4668 4674
f 4671 4674 4668
f 302 4666 4652
f 1180 4676 4666
f 1177 4652 4676
f 4666 4676 4652
f 303 4675 4661
f 1183 4677 4675
f 1180 4661 4677
f 4675 4677 4661
f 304 4657 4670
f 1177 4678 4657
f 1183 4670 4678
f 4657 4678 4670
f 1180 4677 4676
f 1183 4678 4677
f 1177 4676 4678
f 4677 4678 4676
f 16 3099 4680
f 786 4679 3099
f 1186 4680 4679
f 3099 4679 4680
f 204 4681 3103
f 1185 4682 4681
f 786 3103 4682
f 4681 4682 3103
f 306 4683 4685
f 1186 4684 4683
f 1185 4685 4684
f 4683 4684 4685
f 786 4682 4679
f 1185 4684 4682
f 1186 4679 4684
f 4682 4684 4679
f 54 4686 3115
f 1187 4687 4686
f 790 3115 4687
f 4686 4687 3115
f 305 4688 4690
f 1188 4689 4688
f 1187 4690 4689
f 4688 4689 4690
f 204 3120 4692
f 790 4691 3120
f 1188 4692 4691
f 3120 4691 4692
f 1187 4689 4687
f 1188 4691 4689
f 790 4687 4691
f 4689 4691 4687
f 81 4693 4695
f 1189 4694 4693
f 1191 4695 4694
f 4693 4694 4695
f 306 4696 4698
f 1190 4697 4696
f 1189 4698 4697
f 4696 4697 4698
f 305 4699 4701
f 1191 4700 4699
f 1190 4701 4700
f 4699 4700 4701
f 1189 4697 4694
f 1190 4700 4697
f 1191 4694 4700
f 4697 4700 4694
f 204 4692 4681
f 1188 4702 4692
f 1185 4681 4702
f 4692 4702 4681
f 305 4701 4688
f 1190 4703 4701
f 1188 4688 4703
f 4701 4703 4688
f 306 4685 4696
f 1185 4704 4685
f 1190 4696 4704
f 4685 4704 4696
f 1188 4703 4702
f 1190 4704 4703
f 1185 4702 4704
f 4703 4704 4702
f 80 4669 4630
f 1184 4705 4669
f 1171 4630 4705
f 4669 4705 4630
f 303 4706 4673
f 1192 4707 4706
f 1184 4673 4707
f 4706 4707 4673
f 301 4635 4709
f 1171 4708 4635
f 1192 4709 4708
f 4635 4708 4709
f 1184 4707 4705
f 1192 4708 4707
f 1171 4705 4708
f 4707 4708 4705
f 81 4695 4658
f 1191 4710 4695
f 1179 4658 4710
f 4695 4710 4658
f 305 4711 4699
f 1193 4712 4711
f 1191 4699 4712
f 4711 4712 4699
f 303 4663 4714
f 1179 4713 4663
f 1193 4714 4713
f 4663 4713 4714
f 1191 4712 4710
f 1193 4713 4712
f 1179 4710 4713
f 4712 4713 4710
f 54 4640 4686
f 1175 4715 4640
f 1187 4686 4715
f 4640 4715 4686
f 301 4716 4643
f 1194 4717 4716
f 1175 4643 4717
f 4716 4717 4643
f 305 4690 4719
f 1187 4718 4690
f 1194 4719 4718
f 4690 4718 4719
f 1175 4717 4715
f 1194 4718 4717
f 1187 4715 4718
f 4717 4718 4715
f 303 4714 4706
f 1193 4720 4714
f 1192 4706 4720
f 4714 4720 4706
f 305 4719 4711
f 1194 4721 4719
f 1193 4711 4721
f 4719 4721 4711
f 301 4709 4716
f 1192 4722 4709
f 1194 4716 4722
f 4709 4722 4716
f 1193 4721 4720
f 1194 4722 4721
f 1192 4720 4722
f 4721 4722 4720
f 10 4723 4725
f 1195 4724 4723
f 1197 4725 4724
f 4723 4724 4725
f 307 4726 4728
f 1196 4727 4726
f 1195 4728 4727
f 4726 4727 4728
f 309 4729 4731
f 1197 4730 4729
f 1196 4731 4730
f 4729 4730 4731
f 1195 4727 4724
f 1196 4730 4727
f 1197 4724 4730
f 4727 4730 4724
f 82 4732 4734
f 1198 4733 4732
f 1200 4734 4733
f 4732 4733 4734
f 308 4735 4737
f 1199 4736 4735
f 1198 4737 4736
f 4735 4736 4737
f 307 4738 4740
f 1200 4739 4738
f 1199 4740 4739
f 4738 4739 4740
f 1198 4736 4733
f 1199 4739 4736
f 1200 4733 4739
f 4736 4739 4733
f 84 4741 4743
f 1201 4742 4741
f 1203 4743 4742
f 4741 4742 4743
f 309 4744 4746
f 1202 4745 4744
f 1201 4746 4745
f 4744 4745 4746
f 308 4747 4749
f 1203 4748 4747
f 1202 4749 4748
f 4747 4748 4749
f 1201 4745 4742
f 1202 4748 4745
f 1203 4742 4748
f 4745 4748 4742
f 307 4740 4726
f 1199 4750 4740
f 1196 4726 4750
f 4740 4750 4726
f 308 4749 4735
f 1202 4751 4749
f 1199 4735 4751
f 4749 4751 4735
f 309 4731 4744
f 1196 4752 4731
f 1202 4744 4752
f 4731 4752 4744
f 1199 4751 4750
f 1202 4752 4751
f 1196 4750 4752
f 4751 4752 4750
f 24 4753 4755
f 1204 4754 4753
f 1206 4755 4754
f 4753 4754 4755
f 310 4756 4758
f 1205 4757 4756
f 1204 4758 4757
f 4756 4757 4758
f 312 4759 4761
f 1206 4760 4759
f 1205 4761 4760
f 4759 4760 4761
f 1204 4757 4754
f 1205 4760 4757
f 1206 4754 4760
f 4757 4760 4754
f 83 4762 4764
f 1207 4763 4762
f 1209 4764 4763
f 4762 4763 4764
f 311 4765 4767
f 1208 4766 4765
f 1207 4767 4766
f 4765 4766 4767
f 310 4768 4770
f 1209 4769 4768
f 1208 4770 4769
f 4768 4769 4770
f 1207 4766 4763
f 1208 4769 4766
f 1209 4763 4769
f 4766 4769 4763
f 82 4771 4773
f 1210 4772 4771
f 1212 4773 4772
f 4771 4772 4773
f 312 4774 4776
f 1211 4775 4774
f 1210 4776 4775
f 4774 4775 4776
f 311 4777 4779
f 1212 4778 4777
f 1211 4779 4778
f 4777 4778 4779
f 1210 4775 4772
f 1211 4778 4775
f 1212 4772 4778
f 4775 4778 4772
f 310 4770 4756
f 1208 4780 4770
f 1205 4756 4780
f 4770 4780 4756
f 311 4779 4765
f 1211 4781 4779
f 1208 4765 4781
f 4779 4781 4765
f 312 4761 4774
f 1205 4782 4761
f 1211 4774 4782
f 4761 4782 4774
f 1208 4781 4780
f 1211 4782 4781
f 1205 4780 4782
f 4781 4782 4780
f 23 4783 4785
f 1213 4784 4783
f 1215 4785 4784
f 4783 4784 4785
f 313 4786 4788
f 1214 4787 4786
f 1213 4788 4787
f 4786 4787 4788
f 315 4789 4791
f 1215 4790 4789
f 1214 4791 4790
f 4789 4790 4791
f 1213 4787 4784
f 1214 4790 4787
f 1215 4784 4790
f 4787 4790 4784
f 84 4792 4794
f 1216 4793 4792
f 1218 4794 4793
f 4792 4793 4794
f 314 4795 4797
f 1217 4796 4795
f 1216 4797 4796
f 4795 4796 4797
f 313 4798 4800
f 1218 4799 4798
f 1217 4800 4799
f 4798 4799 4800
f 1216 4796 4793
f 1217 4799 4796
f 1218 4793 4799
f 4796 4799 4793
f 83 4801 4803
f 1219 4802 4801
f 1221 4803 4802
f 4801 4802 4803
f 315 4804 4806
f 1220 4805 4804
f 1219 4806 4805
f 4804 4805 4806
f 314 4807 4809
f 1221 4808 4807
f 1220 4809 4808
f 4807 4808 4809
f 1219 4805 4802
f 1220 4808 4805
f 1221 4802 4808
f 4805 4808 4802
f 313 4800 4786
f 1217 4810 4800
f 1214 4786 4810
f 4800 4810 4786
f 314 4809 4795
f 1220 4811 4809
f 1217 4795 4811
f 4809 4811 4795
f 315 4791 4804
f 1214 4812 4791
f 1220 4804 4812
f 4791 4812 4804
f 1217 4811 4810
f 1220 4812 4811
f 1214 4810 4812
f 4811 4812 4810
f 82 4773 4732
f 1212 4813 4773
f 1198 4732 4813
f 4773 4813 4732
f 311 4814 4777
f 1222 4815 4814
f 1212 4777 4815
f 4814 4815 4777
f 308 4737 4817
f 1198 4816 4737
f 1222 4817 4816
f 4737 4816 4817
f 1212 4815 4813
f 1222 4816 4815
f 1198 4813 4816
f 4815 4816 4813
f 83 4803 4762
f 1221 4818 4803
f 1207 4762 4818
f 4803 4818 4762
f 314 4819 4807
f 1223 4820 4819
f 1221 4807 4820
f 4819 4820 4807
f 311 4767 4822
f 1207 4821 4767
f 1223 4822 4821
f 4767 4821 4822
f 1221 4820 4818
f 1223 4821 4820
f 1207 4818 4821
f 4820 4821 4818
f 84 4743 4792
f 1203 4823 4743
f 1216 4792 4823
f 4743 4823 4792
f 308 4824 4747
f 1224 4825 4824
f 1203 4747 4825
f 4824 4825 4747
f 314 4797 4827
f 1216 4826 4797
f 1224 4827 4826
f 4797 4826 4827
f 1203 4825 4823
f 1224 4826 4825
f 1216 4823 4826
f 4825 4826 4823
f 311 4822 4814
f 1223 4828 4822
f 1222 4814 4828
f 4822 4828 4814
f 314 4827 4819
f 1224 4829 4827
f 1223 4819 4829
f 4827 4829 4819
f 308 4817 4824
f 1222 4830 4817
f 1224 4824 4830
f 4817 4830 4824
f 1223 4829 4828
f 1224 4830 4829
f 1222 4828 4830
f 4829 4830 4828
f 16 4680 4549
f 1186 4831 4680
f 1150 4549 4831
f 4680 4831 4549
f 306 4832 4683
f 1225 4833 4832
f 1186 4683 4833
f 4832 4833 4683
f 295 4553 4835
f 1150 4834 4553
f 1225 4835 4834
f 4553 4834 4835
f 1186 4833 4831
f 1225 4834 4833
f 1150 4831 4834
f 4833 4834 4831
f 81 4836 4693
f 1226 4837 4836
f 1189 4693 4837
f 4836 4837 4693
f 316 4838 4840
f 1227 4839 4838
f 1226 4840 4839
f 4838 4839 4840
f 306 4698 4842
f 1189 4841 4698
f 1227 4842 4841
f 4698 4841 4842
f 1226 4839 4837
f 1227 4841 4839
f 1189 4837 4841
f 4839 4841 4837
f 78 4558 4844
f 1154 4843 4558
f 1229 4844 4843
f 4558 4843 4844
f 295 4845 4562
f 1228 4846 4845
f 1154 4562 4846
f 4845 4846 4562
f 316 4847 4849
f 1229 4848 4847
f 1228 4849 4848
f 4847 4848 4849
f 1154 4846 4843
f 1228 4848 4846
f 1229 4843 4848
f 4846 4848 4843
f 306 4842 4832
f 1227 4850 4842
f 1225 4832 4850
f 4842 4850 4832
f 316 4849 4838
f 1228 4851 4849
f 1227 4838 4851
f 4849 4851 4838
f 295 4835 4845
f 1225 4852 4835
f 1228 4845 4852
f 4835 4852 4845
f 1227 4851 4850
f 1228 4852 4851
f 1225 4850 4852
f 4851 4852 4850
f 23 4785 4649
f 1215 4853 4785
f 1176 4649 4853
f 4785 4853 4649
f 315 4854 4789
f 1230 4855 4854
f 1215 4789 4855
f 4854 4855 4789
f 302 4654 4857
f 1176 4856 4654
f 1230 4857 4856
f 4654 4856 4857
f 1215 4855 4853
f 1230 4856 4855
f 1176 4853 4856
f 4855 4856 4853
f 83 4858 4801
f 1231 4859 4858
f 1219 4801 4859
f 4858 4859 4801
f 317 4860 4862
f 1232 4861 4860
f 1231 4862 4861
f 4860 4861 4862
f 315 4806 4864
f 1219 4863 4806
f 1232 4864 4863
f 4806 4863 4864
f 1231 4861 4859
f 1232 4863 4861
f 1219 4859 4863
f 4861 4863 4859
f 81 4660 4866
f 1181 4865 4660
f 1234 4866 4865
f 4660 4865 4866
f 302 4867 4664
f 1233 4868 4867
f 1181 4664 4868
f 4867 4868 4664
f 317 4869 4871
f 1234 4870 4869
f 1233 4871 4870
f 4869 4870 4871
f 1181 4868 4865
f 1233 4870 4868
f 1234 4865 4870
f 4868 4870 4865
f 315 4864 4854
f 1232 4872 4864
f 1230 4854 4872
f 4864 4872 4854
f 317 4871 4860
f 1233 4873 4871
f 1232 4860 4873
f 4871 4873 4860
f 302 4857 4867
f 1230 4874 4857
f 1233 4867 4874
f 4857 4874 4867
f 1232 4873 4872
f 1233 4874 4873
f 1230 4872 4874
f 4873 4874 4872
f 24 4577 4753
f 1159 4875 4577
f 1204 4753 4875
f 4577 4875 4753
f 299 4876 4581
f 1235 4877 4876
f 1159 4581 4877
f 4876 4877 4581
f 310 4758 4879
f 1204 4878 4758
f 1235 4879 4878
f 4758 4878 4879
f 1159 4877 4875
f 1235 4878 4877
f 1204 4875 4878
f 4877 4878 4875
f 78 4880 4593
f 1236 4881 4880
f 1163 4593 4881
f 4880 4881 4593
f 318 4882 4884
f 1237 4883 4882
f 1236 4884 4883
f 4882 4883 4884
f 299 4598 4886
f 1163 4885 4598
f 1237 4886 4885
f 4598 4885 4886
f 1236 4883 4881
f 1237 4885 4883
f 1163 4881 4885
f 4883 4885 4881
f 83 4764 4888
f 1209 4887 4764
f 1239 4888 4887
f 4764 4887 4888
f 310 4889 4768
f 1238 4890 4889
f 1209 4768 4890
f 4889 4890 4768
f 318 4891 4893
f 1239 4892 4891
f 1238 4893 4892
f 4891 4892 4893
f 1209 4890 4887
f 1238 4892 4890
f 1239 4887 4892
f 4890 4892 4887
f 299 4886 4876
f 1237 4894 4886
f 1235 4876 4894
f 4886 4894 4876
f 318 4893 4882
f 1238 4895 4893
f 1237 4882 4895
f 4893 4895 4882
f 310 4879 4889
f 1235 4896 4879
f 1238 4889 4896
f 4879 4896 4889
f 1237 4895 4894
f 1238 4896 4895
f 1235 4894 4896
f 4895 4896 4894
f 81 4866 4836
f 1234 4897 4866
f 1226 4836 4897
f 4866 4897 4836
f 317 4898 4869
f 1240 4899 4898
f 1234 4869 4899
f 4898 4899 4869
f 316 4840 4901
f 1226 4900 4840
f 1240 4901 4900
f 4840 4900 4901
f 1234 4899 4897
f 1240 4900 4899
f 1226 4897 4900
f 4899 4900 4897
f 83 4888 4858
f 1239 4902 4888
f 1231 4858 4902
f 4888 4902 4858
f 318 4903 4891
f 1241 4904 4903
f 1239 4891 4904
f 4903 4904 4891
f 317 4862 4906
f 1231 4905 4862
f 1241 4906 4905
f 4862 4905 4906
f 1239 4904 4902
f 1241 4905 4904
f 1231 4902 4905
f 4904 4905 4902
f 78 4844 4880
f 1229 4907 4844
f 1236 4880 4907
f 4844 4907 4880
f 316 4908 4847
f 1242 4909 4908
f 1229 4847 4909
f 4908 4909 4847
f 318 4884 4911
f 1236 4910 4884
f 1242 4911 4910
f 4884 4910 4911
f 1229 4909 4907
f 1242 4910 4909
f 1236 4907 4910
f 4909 4910 4907
f 317 4906 4898
f 1241 4912 4906
f 1240 4898 4912
f 4906 4912 4898
f 318 4911 4903
f 1242 4913 4911
f 1241 4903 4913
f 4911 4913 4903
f 316 4901 4908
f 1240 4914 4901
f 1242 4908 4914
f 4901 4914 4908
f 1241 4913 4912
f 1242 4914 4913
f 1240 4912 4914
f 4913 4914 4912
f 6 2781 4916
f 705 4915 2781
f 1244 4916 4915
f 2781 4915 4916
f 183 4917 2785
f 1243 4918 4917
f 705 2785 4918
f 4917 4918 2785
f 320 4919 4921
f 1244 4920 4919
f 1243 4921 4920
f 4919 4920 4921
f 705 4918 4915
f 1243 4920 4918
f 1244 4915 4920
f 4918 4920 4915
f 51 4922 2797
f 1245 4923 4922
f 709 2797 4923
f 4922 4923 2797
f 319 4924 4926
f 1246 4925 4924
f 1245 4926 4925
f 4924 4925 4926
f 183 2802 4928
f 709 4927 2802
f 1246 4928 4927
f 2802 4927 4928
f 1245 4925 4923
f 1246 4927 4925
f 709 4923 4927
f 4925 4927 4923
f 86 4929 4931
f 1247 4930 4929
f 1249 4931 4930
f 4929 4930 4931
f 320 4932 4934
f 1248 4933 4932
f 1247 4934 4933
f 4932 4933 4934
f 319 4935 4937
f 1249 4936 4935
f 1248 4937 4936
f 4935 4936 4937
f 1247 4933 4930
f 1248 4936 4933
f 1249 4930 4936
f 4933 4936 4930
f 183 4928 4917
f 1246 4938 4928
f 1243 4917 4938
f 4928 4938 4917
f 319 4937 4924
f 1248 4939 4937
f 1246 4924 4939
f 4937 4939 4924
f 320 4921 4932
f 1243 4940 4921
f 1248 4932 4940
f 4921 4940 4932
f 1246 4939 4938
f 1248 4940 4939
f 1243 4938 4940
f 4939 4940 4938
f 14 4941 2839
f 1250 4942 4941
f 721 2839 4942
f 4941 4942 2839
f 321 4943 4945
f 1251 4944 4943
f 1250 4945 4944
f 4943 4944 4945
f 187 2844 4947
f 721 4946 2844
f 1251 4947 4946
f 2844 4946 4947
f 1250 4944 4942
f 1251 4946 4944
f 721 4942 4946
f 4944 4946 4942
f 85 4948 4950
f 1252 4949 4948
f 1254 4950 4949
f 4948 4949 4950
f 322 4951 4953
f 1253 4952 4951
f 1252 4953 4952
f 4951 4952 4953
f 321 4954 4956
f 1254 4955 4954
f 1253 4956 4955
f 4954 4955 4956
f 1252 4952 4949
f 1253 4955 4952
f 1254 4949 4955
f 4952 4955 4949
f 51 2850 4958
f 726 4957 2850
f 1256 4958 4957
f 2850 4957 4958
f 187 4959 2854
f 1255 4960 4959
f 726 2854 4960
f 4959 4960 2854
f 322 4961 4963
f 1256 4962 4961
f 1255 4963 4962
f 4961 4962 4963
f 726 4960 4957
f 1255 4962 4960
f 1256 4957 4962
f 4960 4962 4957
f 321 4956 4943
f 1253 4964 4956
f 1251 4943 4964
f 4956 4964 4943
f 322 4963 4951
f 1255 4965 4963
f 1253 4951 4965
f 4963 4965 4951
f 187 4947 4959
f 1251 4966 4947
f 1255 4959 4966
f 4947 4966 4959
f 1253 4965 4964
f 1255 4966 4965
f 1251 4964 4966
f 4965 4966 4964
f 26 4967 4969
f 1257 4968 4967
f 1259 4969 4968
f 4967 4968 4969
f 323 4970 4972
f 1258 4971 4970
f 1257 4972 4971
f 4970 4971 4972
f 325 4973 4975
f 1259 4974 4973
f 1258 4975 4974
f 4973 4974 4975
f 1257 4971 4968
f 1258 4974 4971
f 1259 4968 4974
f 4971 4974 4968
f 86 4976 4978
f 1260 4977 4976
f 1262 4978 4977
f 4976 4977 4978
f 324 4979 4981
f 1261 4980 4979
f 1260 4981 4980
f 4979 4980 4981
f 323 4982 4984
f 1262 4983 4982
f 1261 4984 4983
f 4982 4983 4984
f 1260 4980 4977
f 1261 4983 4980
f 1262 4977 4983
f 4980 4983 4977
f 85 4985 4987
f 1263 4986 4985
f 1265 4987 4986
f 4985 4986 4987
f 325 4988 4990
f 1264 4989 4988
f 1263 4990 4989
f 4988 4989 4990
f 324 4991 4993
f 1265 4992 4991
f 1264 4993 4992
f 4991 4992 4993
f 1263 4989 4986
f 1264 4992 4989
f 1265 4986 4992
f 4989 4992 4986
f 323 4984 4970
f 1261 4994 4984
f 1258 4970 4994
f 4984 4994 4970
f 324 4993 4979
f 1264 4995 4993
f 1261 4979 4995
f 4993 4995 4979
f 325 4975 4988
f 1258 4996 4975
f 1264 4988 4996
f 4975 4996 4988
f 1261 4995 4994
f 1264 4996 4995
f 1258 4994 4996
f 4995 4996 4994
f 51 4958 4922
f 1256 4997 4958
f 1245 4922 4997
f 4958 4997 4922
f 322 4998 4961
f 1266 4999 4998
f 1256 4961 4999
f 4998 4999 4961
f 319 4926 5001
f 1245 5000 4926
f 1266 5001 5000
f 4926 5000 5001
f 1256 4999 4997
f 1266 5000 4999
f 1245 4997 5000
f 4999 5000 4997
f 85 4987 4948
f 1265 5002 4987
f 1252 4948 5002
f 4987 5002 4948
f 324 5003 4991
f 1267 5004 5003
f 1265 4991 5004
f 5003 5004 4991
f 322 4953 5006
f 1252 5005 4953
f 1267 5006 5005
f 4953 5005 5006
f 1265 5004 5002
f 1267 5005 5004
f 1252 5002 5005
f 5004 5005 5002
f 86 4931 4976
f 1249 5007 4931
f 1260 4976 5007
f 4931 5007 4976
f 319 5008 4935
f 1268 5009 5008
f 1249 4935 5009
f 5008 5009 4935
f 324 4981 5011
f 1260 5010 4981
f 1268 5011 5010
f 4981 5010 5011
f 1249 5009 5007
f 1268 5010 5009
f 1260 5007 5010
f 5009 5010 5007
f 322 5006 4998
f 1267 5012 5006
f 1266 4998 5012
f 5006 5012 4998
f 324 5011 5003
f 1268 5013 5011
f 1267 5003 5013
f 5011 5013 5003
f 319 5001 5008
f 1266 5014 5001
f 1268 5008 5014
f 5001 5014 5008
f 1267 5013 5012
f 1268 5014 5013
f 1266 5012 5014
f 5013 5014 5012
f 12 5015 2671
f 1269 5016 5015
f 673 2671 5016
f 5015 5016 2671
f 326 5017 5019
f 1270 5018 5017
f 1269 5019 5018
f 5017 5018 5019
f 172 2676 5021
f 673 5020 2676
f 1270 5021 5020
f 2676 5020 5021
f 1269 5018 5016
f 1270 5020 5018
f 673 5016 5020
f 5018 5020 5016
f 87 5022 5024
f 1271 5023 5022
f 1273 5024 5023
f 5022 5023 5024
f 327 5025 5027
f 1272 5026 5025
f 1271 5027 5026
f 5025 5026 5027
f 326 5028 5030
f 1273 5029 5028
f 1272 5030 5029
f 5028 5029 5030
f 1271 5026 5023
f 1272 5029 5026
f 1273 5023 5029
f 5026 5029 5023
f 46 2682 5032
f 678 5031 2682
f 1275 5032 5031
f 2682 5031 5032
f 172 5033 2686
f 1274 5034 5033
f 678 2686 5034
f 5033 5034 2686
f 327 5035 5037
f 1275 5036 5035
f 1274 5037 5036
f 5035 5036 5037
f 678 5034 5031
f 1274 5036 5034
f 1275 5031 5036
f 5034 5036 5031
f 326 5030 5017
f 1272 5038 5030
f 1270 5017 5038
f 5030 5038 5017
f 327 5037 5025
f 1274 5039 5037
f 1272 5025 5039
f 5037 5039 5025
f 172 5021 5033
f 1270 5040 5021
f 1274 5033 5040
f 5021 5040 5033
f 1272 5039 5038
f 1274 5040 5039
f 1270 5038 5040
f 5039 5040 5038
f 25 5041 5043
f 1276 5042 5041
f 1278 5043 5042
f 5041 5042 5043
f 328 5044 5046
f 1277 5045 5044
f 1276 5046 5045
f 5044 5045 5046
f 330 5047 5049
f 1278 5048 5047
f 1277 5049 5048
f 5047 5048 5049
f 1276 5045 5042
f 1277 5048 5045
f 1278 5042 5048
f 5045 5048 5042
f 88 5050 5052
f 1279 5051 5050
f 1281 5052 5051
f 5050 5051 5052
f 329 5053 5055
f 1280 5054 5053
f 1279 5055 5054
f 5053 5054 5055
f 328 5056 5058
f 1281 5057 5056
f 1280 5058 5057
f 5056 5057 5058
f 1279 5054 5051
f 1280 5057 5054
f 1281 5051 5057
f 5054 5057 5051
f 87 5059 5061
f 1282 5060 5059
f 1284 5061 5060
f 5059 5060 5061
f 330 5062 5064
f 1283 5063 5062
f 1282 5064 5063
f 5062 5063 5064
f 329 5065 5067
f 1284 5066 5065
f 1283 5067 5066
f 5065 5066 5067
f 1282 5063 5060
f 1283 5066 5063
f 1284 5060 5066
f 5063 5066 5060
f 328 5058 5044
f 1280 5068 5058
f 1277 5044 5068
f 5058 5068 5044
f 329 5067 5053
f 1283 5069 5067
f 1280 5053 5069
f 5067 5069 5053
f 330 5049 5062
f 1277 5070 5049
f 1283 5062 5070
f 5049 5070 5062
f 1280 5069 5068
f 1283 5070 5069
f 1277 5068 5070
f 5069 5070 5068
f 14 2703 5072
f 684 5071 2703
f 1286 5072 5071
f 2703 5071 5072
f 177 5073 2707
f 1285 5074 5073
f 684 2707 5074
f 5073 5074 2707
f 332 5075 5077
f 1286 5076 5075
f 1285 5077 5076
f 5075 5076 5077
f 684 5074 5071
f 1285 5076 5074
f 1286 5071 5076
f 5074 5076 5071
f 46 5078 2719
f 1287 5079 5078
f 688 2719 5079
f 5078 5079 2719
f 331 5080 5082
f 1288 5081 5080
f 1287 5082 5081
f 5080 5081 5082
f 177 2724 5084
f 688 5083 2724
f 1288 5084 5083
f 2724 5083 5084
f 1287 5081 5079
f 1288 5083 5081
f 688 5079 5083
f 5081 5083 5079
f 88 5085 5087
f 1289 5086 5085
f 1291 5087 5086
f 5085 5086 5087
f 332 5088 5090
f 1290 5089 5088
f 1289 5090 5089
f 5088 5089 5090
f 331 5091 5093
f 1291 5092 5091
f 1290 5093 5092
f 5091 5092 5093
f 1289 5089 5086
f 1290 5092 5089
f 1291 5086 5092
f 5089 5092 5086
f 177 5084 5073
f 1288 5094 5084
f 1285 5073 5094
f 5084 5094 5073
f 331 5093 5080
f 1290 5095 5093
f 1288 5080 5095
f 5093 5095 5080
f 332 5077 5088
f 1285 5096 5077
f 1290 5088 5096
f 5077 5096 5088
f 1288 5095 5094
f 1290 5096 5095
f 1285 5094 5096
f 5095 5096 5094
f 87 5061 5022
f 1284 5097 5061
f 1271 5022 5097
f 5061 5097 5022
f 329 5098 5065
f 1292 5099 5098
f 1284 5065 5099
f 5098 5099 5065
f 327 5027 5101
f 1271 5100 5027
f 1292 5101 5100
f 5027 5100 5101
f 1284 5099 5097
f 1292 5100 5099
f 1271 5097 5100
f 5099 5100 5097
f 88 5087 5050
f 1291 5102 5087
f 1279 5050 5102
f 5087 5102 5050
f 331 5103 5091
f 1293 5104 5103
f 1291 5091 5104
f 5103 5104 5091
f 329 5055 5106
f 1279 5105 5055
f 1293 5106 5105
f 5055 5105 5106
f 1291 5104 5102
f 1293 5105 5104
f 1279 5102 5105
f 5104 5105 5102
f 46 5032 5078
f 1275 5107 5032
f 1287 5078 5107
f 5032 5107 5078
f 327 5108 5035
f 1294 5109 5108
f 1275 5035 5109
f 5108 5109 5035
f 331 5082 5111
f 1287 5110 5082
f 1294 5111 5110
f 5082 5110 5111
f 1275 5109 5107
f 1294 5110 5109
f 1287 5107 5110
f 5109 5110 5107
f 329 5106 5098
f 1293 5112 5106
f 1292 5098 5112
f 5106 5112 5098
f 331 5111 5103
f 1294 5113 5111
f 1293 5103 5113
f 5111 5113 5103
f 327 5101 5108
f 1292 5114 5101
f 1294 5108 5114
f 5101 5114 5108
f 1293 5113 5112
f 1294 5114 5113
f 1292 5112 5114
f 5113 5114 5112
f 5 5115 5117
f 1295 5116 5115
f 1297 5117 5116
f 5115 5116 5117
f 333 5118 5120
f 1296 5119 5118
f 1295 5120 5119
f 5118 5119 5120
f 335 5121 5123
f 1297 5122 5121
f 1296 5123 5122
f 5121 5122 5123
f 1295 5119 5116
f 1296 5122 5119
f 1297 5116 5122
f 5119 5122 5116
f 89 5124 5126
f 1298 5125 5124
f 1300 5126 5125
f 5124 5125 5126
f 334 5127 5129
f 1299 5128 5127
f 1298 5129 5128
f 5127 5128 5129
f 333 5130 5132
f 1300 5131 5130
f 1299 5132 5131
f 5130 5131 5132
f 1298 5128 5125
f 1299 5131 5128
f 1300 5125 5131
f 5128 5131 5125
f 91 5133 5135
f 1301 5134 5133
f 1303 5135 5134
f 5133 5134 5135
f 335 5136 5138
f 1302 5137 5136
f 1301 5138 5137
f 5136 5137 5138
f 334 5139 5141
f 1303 5140 5139
f 1302 5141 5140
f 5139 5140 5141
f 1301 5137 5134
f 1302 5140 5137
f 1303 5134 5140
f 5137 5140 5134
f 333 5132 5118
f 1299 5142 5132
f 1296 5118 5142
f 5132 5142 5118
f 334 5141 5127
f 1302 5143 5141
f 1299 5127 5143
f 5141 5143 5127
f 335 5123 5136
f 1296 5144 5123
f 1302 5136 5144
f 5123 5144 5136
f 1299 5143 5142
f 1302 5144 5143
f 1296 5142 5144
f 5143 5144 5142
f 26 5145 5147
f 1304 5146 5145
f 1306 5147 5146
f 5145 5146 5147
f 336 5148 5150
f 1305 5149 5148
f 1304 5150 5149
f 5148 5149 5150
f 338 5151 5153
f 1306 5152 5151
f 1305 5153 5152
f 5151 5152 5153
f 1304 5149 5146
f 1305 5152 5149
f 1306 5146 5152
f 5149 5152 5146
f 90 5154 5156
f 1307 5155 5154
f 1309 5156 5155
f 5154 5155 5156
f 337 5157 5159
f 1308 5158 5157
f 1307 5159 5158
f 5157 5158 5159
f 336 5160 5162
f 1309 5161 5160
f 1308 5162 5161
f 5160 5161 5162
f 1307 5158 5155
f 1308 5161 5158
f 1309 5155 5161
f 5158 5161 5155
f 89 5163 5165
f 1310 5164 5163
f 1312 5165 5164
f 5163 5164 5165
f 338 5166 5168
f 1311 5167 5166
f 1310 5168 5167
f 5166 5167 5168
f 337 5169 5171
f 1312 5170 5169
f 1311 5171 5170
f 5169 5170 5171
f 1310 5167 5164
f 1311 5170 5167
f 1312 5164 5170
f 5167 5170 5164
f 336 5162 5148
f 1308 5172 5162
f 1305 5148 5172
f 5162 5172 5148
f 337 5171 5157
f 1311 5173 5171
f 1308 5157 5173
f 5171 5173 5157
f 338 5153 5166
f 1305 5174 5153
f 1311 5166 5174
f 5153 5174 5166
f 1308 5173 5172
f 1311 5174 5173
f 1305 5172 5174
f 5173 5174 5172
f 25 5175 5177
f 1313 5176 5175
f 1315 5177 5176
f 5175 5176 5177
f 339 5178 5180
f 1314 5179 5178
f 1313 5180 5179
f 5178 5179 5180
f 341 5181 5183
f 1315 5182 5181
f 1314 5183 5182
f 5181 5182 5183
f 1313 5179 5176
f 1314 5182 5179
f 1315 5176 5182
f 5179 5182 5176
f 91 5184 5186
f 1316 5185 5184
f 1318 5186 5185
f 5184 5185 5186
f 340 5187 5189
f 1317 5188 5187
f 1316 5189 5188
f 5187 5188 5189
f 339 5190 5192
f 1318 5191 5190
f 1317 5192 5191
f 5190 5191 5192
f 1316 5188 5185
f 1317 5191 5188
f 1318 5185 5191
f 5188 5191 5185
f 90 5193 5195
f 1319 5194 5193
f 1321 5195 5194
f 5193 5194 5195
f 341 5196 5198
f 1320 5197 5196
f 1319 5198 5197
f 5196 5197 5198
f 340 5199 5201
f 1321 5200 5199
f 1320 5201 5200
f 5199 5200 5201
f 1319 5197 5194
f 1320 5200 5197
f 1321 5194 5200
f 5197 5200 5194
f 339 5192 5178
f 1317 5202 5192
f 1314 5178 5202
f 5192 5202 5178
f 340 5201 5187
f 1320 5203 5201
f 1317 5187 5203
f 5201 5203 5187
f 341 5183 5196
f 1314 5204 5183
f 1320 5196 5204
f 5183 5204 5196
f 1317 5203 5202
f 1320 5204 5203
f 1314 5202 5204
f 5203 5204 5202
f 89 5165 5124
f 1312 5205 5165
f 1298 5124 5205
f 5165 5205 5124
f 337 5206 5169
f 1322 5207 5206
f 1312 5169 5207
f 5206 5207 5169
f 334 5129 5209
f 1298 5208 5129
f 1322 5209 5208
f 5129 5208 5209
f 1312 5207 5205
f 1322 5208 5207
f 1298 5205 5208
f 5207 5208 5205
f 90 5195 5154
f 1321 5210 5195
f 1307 5154 5210
f 5195 5210 5154
f 340 5211 5199
f 1323 5212 5211
f 1321 5199 5212
f 5211 5212 5199
f 337 5159 5214
f 1307 5213 5159
f 1323 5214 5213
f 5159 5213 5214
f 1321 5212 5210
f 1323 5213 5212
f 1307 5210 5213
f 5212 5213 5210
f 91 5135 5184
f 1303 5215 5135
f 1316 5184 5215
f 5135 5215 5184
f 334 5216 5139
f 1324 5217 5216
f 1303 5139 5217
f 5216 5217 5139
f 340 5189 5219
f 1316 5218 5189
f 1324 5219 5218
f 5189 5218 5219
f 1303 5217 5215
f 1324 5218 5217
f 1316 5215 5218
f 5217 5218 5215
f 337 5214 5206
f 1323 5220 5214
f 1322 5206 5220
f 5214 5220 5206
f 340 5219 5211
f 1324 5221 5219
f 1323 5211 5221
f 5219 5221 5211
f 334 5209 5216
f 1322 5222 5209
f 1324 5216 5222
f 5209 5222 5216
f 1323 5221 5220
f 1324 5222 5221
f 1322 5220 5222
f 5221 5222 5220
f 14 5072 4941
f 1286 5223 5072
f 1250 4941 5223
f 5072 5223 4941
f 332 5224 5075
f 1325 5225 5224
f 1286 5075 5225
f 5224 5225 5075
f 321 4945 5227
f 1250 5226 4945
f 1325 5227 5226
f 4945 5226 5227
f 1286 5225 5223
f 1325 5226 5225
f 1250 5223 5226
f 5225 5226 5223
f 88 5228 5085
f 1326 5229 5228
f 1289 5085 5229
f 5228 5229 5085
f 342 5230 5232
f 1327 5231 5230
f 1326 5232 5231
f 5230 5231 5232
f 332 5090 5234
f 1289 5233 5090
f 1327 5234 5233
f 5090 5233 5234
f 1326 5231 5229
f 1327 5233 5231
f 1289 5229 5233
f 5231 5233 5229
f 85 4950 5236
f 1254 5235 4950
f 1329 5236 5235
f 4950 5235 5236
f 321 5237 4954
f 1328 5238 5237
f 1254 4954 5238
f 5237 5238 4954
f 342 5239 5241
f 1329 5240 5239
f 1328 5241 5240
f 5239 5240 5241
f 1254 5238 5235
f 1328 5240 5238
f 1329 5235 5240
f 5238 5240 5235
f 332 5234 5224
f 1327 5242 5234
f 1325 5224 5242
f 5234 5242 5224
f 342 5241 5230
f 1328 5243 5241
f 1327 5230 5243
f 5241 5243 5230
f 321 5227 5237
f 1325 5244 5227
f 1328 5237 5244
f 5227 5244 5237
f 1327 5243 5242
f 1328 5244 5243
f 1325 5242 5244
f 5243 5244 5242
f 25 5177 5041
f 1315 5245 5177
f 1276 5041 5245
f 5177 5245 5041
f 341 5246 5181
f 1330 5247 5246
f 1315 5181 5247
f 5246 5247 5181
f 328 5046 5249
f 1276 5248 5046
f 1330 5249 5248
f 5046 5248 5249
f 1315 5247 5245
f 1330 5248 5247
f 1276 5245 5248
f 5247 5248 5245
f 90 5250 5193
f 1331 5251 5250
f 1319 5193 5251
f 5250 5251 5193
f 343 5252 5254
f 1332 5253 5252
f 1331 5254 5253
f 5252 5253 5254
f 341 5198 5256
f 1319 5255 5198
f 1332 5256 5255
f 5198 5255 5256
f 1331 5253 5251
f 1332 5255 5253
f 1319 5251 5255
f 5253 5255 5251
f 88 5052 5258
f 1281 5257 5052
f 1334 5258 5257
f 5052 5257 5258
f 328 5259 5056
f 1333 5260 5259
f 1281 5056 5260
f 5259 5260 5056
f 343 5261 5263
f 1334 5262 5261
f 1333 5263 5262
f 5261 5262 5263
f 1281 5260 5257
f 1333 5262 5260
f 1334 5257 5262
f 5260 5262 5257
f 341 5256 5246
f 1332 5264 5256
f 1330 5246 5264
f 5256 5264 5246
f 343 5263 5252
f 1333 5265 5263
f 1332 5252 5265
f 5263 5265 5252
f 328 5249 5259
f 1330 5266 5249
f 1333 5259 5266
f 5249 5266 5259
f 1332 5265 5264
f 1333 5266 5265
f 1330 5264 5266
f 5265 5266 5264
f 26 4969 5145
f 1259 5267 4969
f 1304 5145 5267
f 4969 5267 5145
f 325 5268 4973
f 1335 5269 5268
f 1259 4973 5269
f 5268 5269 4973
f 336 5150 5271
f 1304 5270 5150
f 1335 5271 5270
f 5150 5270 5271
f 1259 5269 5267
f 1335 5270 5269
f 1304 5267 5270
f 5269 5270 5267
f 85 5272 4985
f 1336 5273 5272
f 1263 4985 5273
f 5272 5273 4985
f 344 5274 5276
f 1337 5275 5274
f 1336 5276 5275
f 5274 5275 5276
f 325 4990 5278
f 1263 5277 4990
f 1337 5278 5277
f 4990 5277 5278
f 1336 5275 5273
f 1337 5277 5275
f 1263 5273 5277
f 5275 5277 5273
f 90 5156 5280
f 1309 5279 5156
f 1339 5280 5279
f 5156 5279 5280
f 336 5281 5160
f 1338 5282 5281
f 1309 5160 5282
f 5281 5282 5160
f 344 5283 5285
f 1339 5284 5283
f 1338 5285 5284
f 5283 5284 5285
f 1309 5282 5279
f 1338 5284 5282
f 1339 5279 5284
f 5282 5284 5279
f 325 5278 5268
f 1337 5286 5278
f 1335 5268 5286
f 5278 5286 5268
f 344 5285 5274
f 1338 5287 5285
f 1337 5274 5287
f 5285 5287 5274
f 336 5271 5281
f 1335 5288 5271
f 1338 5281 5288
f 5271 5288 5281
f 1337 5287 5286
f 1338 5288 5287
f 1335 5286 5288
f 5287 5288 5286
f 88 5258 5228
f 1334 5289 5258
f 1326 5228 5289
f 5258 5289 5228
f 343 5290 5261
f 1340 5291 5290
f 1334 5261 5291
f 5290 5291 5261
f 342 5232 5293
f 1326 5292 5232
f 1340 5293 5292
f 5232 5292 5293
f 1334 5291 5289
f 1340 5292 5291
f 1326 5289 5292
f 5291 5292 5289
f 90 5280 5250
f 1339 5294 5280
f 1331 5250 5294
f 5280 5294 5250
f 344 5295 5283
f 1341 5296 5295
f 1339 5283 5296
f 5295 5296 5283
f 343 5254 5298
f 1331 5297 5254
f 1341 5298 5297
f 5254 5297 5298
f 1339 5296 5294
f 1341 5297 5296
f 1331 5294 5297
f 5296 5297 5294
f 85 5236 5272
f 1329 5299 5236
f 1336 5272 5299
f 5236 5299 5272
f 342 5300 5239
f 1342 5301 5300
f 1329 5239 5301
f 5300 5301 5239
f 344 5276 5303
f 1336 5302 5276
f 1342 5303 5302
f 5276 5302 5303
f 1329 5301 5299
f 1342 5302 5301
f 1336 5299 5302
f 5301 5302 5299
f 343 5298 5290
f 1341 5304 5298
f 1340 5290 5304
f 5298 5304 5290
f 344 5303 5295
f 1342 5305 5303
f 1341 5295 5305
f 5303 5305 5295
f 342 5293 5300
f 1340 5306 5293
f 1342 5300 5306
f 5293 5306 5300
f 1341 5305 5304
f 1342 5306 5305
f 1340 5304 5306
f 5305 5306 5304
f 12 4340 5308
f 1100 5307 4340
f 1344 5308 5307
f 4340 5307 5308
f 284 5309 4343
f 1343 5310 5309
f 1100 4343 5310
f 5309 5310 4343
f 346 5311 5313
f 1344 5312 5311
f 1343 5313 5312
f 5311 5312 5313
f 1100 5310 5307
f 1343 5312 5310
f 1344 5307 5312
f 5310 5312 5307
f 77 5314 4353
f 1345 5315 5314
f 1103 4353 5315
f 5314 5315 4353
f 345 5316 5318
f 1346 5317 5316
f 1345 5318 5317
f 5316 5317 5318
f 284 4358 5320
f 1103 5319 4358
f 1346 5320 5319
f 4358 5319 5320
f 1345 5317 5315
f 1346 5319 5317
f 1103 5315 5319
f 5317 5319 5315
f 93 5321 5323
f 1347 5322 5321
f 1349 5323 5322
f 5321 5322 5323
f 346 5324 5326
f 1348 5325 5324
f 1347 5326 5325
f 5324 5325 5326
f 345 5327 5329
f 1349 5328 5327
f 1348 5329 5328
f 5327 5328 5329
f 1347 5325 5322
f 1348 5328 5325
f 1349 5322 5328
f 5325 5328 5322
f 284 5320 5309
f 1346 5330 5320
f 1343 5309 5330
f 5320 5330 5309
f 345 5329 5316
f 1348 5331 5329
f 1346 5316 5331
f 5329 5331 5316
f 346 5313 5324
f 1343 5332 5313
f 1348 5324 5332
f 5313 5332 5324
f 1346 5331 5330
f 1348 5332 5331
f 1343 5330 5332
f 5331 5332 5330
f 22 5333 4391
f 1350 5334 5333
f 1113 4391 5334
f 5333 5334 4391
f 347 5335 5337
f 1351 5336 5335
f 1350 5337 5336
f 5335 5336 5337
f 287 4396 5339
f 1113 5338 4396
f 1351 5339 5338
f 4396 5338 5339
f 1350 5336 5334
f 1351 5338 5336
f 1113 5334 5338
f 5336 5338 5334
f 92 5340 5342
f 1352 5341 5340
f 1354 5342 5341
f 5340 5341 5342
f 348 5343 5345
f 1353 5344 5343
f 1352 5345 5344
f 5343 5344 5345
f 347 5346 5348
f 1354 5347 5346
f 1353 5348 5347
f 5346 5347 5348
f 1352 5344 5341
f 1353 5347 5344
f 1354 5341 5347
f 5344 5347 5341
f 77 4402 5350
f 1118 5349 4402
f 1356 5350 5349
f 4402 5349 5350
f 287 5351 4406
f 1355 5352 5351
f 1118 4406 5352
f 5351 5352 4406
f 348 5353 5355
f 1356 5354 5353
f 1355 5355 5354
f 5353 5354 5355
f 1118 5352 5349
f 1355 5354 5352
f 1356 5349 5354
f 5352 5354 5349
f 347 5348 5335
f 1353 5356 5348
f 1351 5335 5356
f 5348 5356 5335
f 348 5355 5343
f 1355 5357 5355
f 1353 5343 5357
f 5355 5357 5343
f 287 5339 5351
f 1351 5358 5339
f 1355 5351 5358
f 5339 5358 5351
f 1353 5357 5356
f 1355 5358 5357
f 1351 5356 5358
f 5357 5358 5356
f 28 5359 5361
f 1357 5360 5359
f 1359 5361 5360
f 5359 5360 5361
f 349 5362 5364
f 1358 5363 5362
f 1357 5364 5363
f 5362 5363 5364
f 351 5365 5367
f 1359 5366 5365
f 1358 5367 5366
f 5365 5366 5367
f 1357 5363 5360
f 1358 5366 5363
f 1359 5360 5366
f 5363 5366 5360
f 93 5368 5370
f 1360 5369 5368
f 1362 5370 5369
f 5368 5369 5370
f 350 5371 5373
f 1361 5372 5371
f 1360 5373 5372
f 5371 5372 5373
f 349 5374 5376
f 1362 5375 5374
f 1361 5376 5375
f 5374 5375 5376
f 1360 5372 5369
f 1361 5375 5372
f 1362 5369 5375
f 5372 5375 5369
f 92 5377 5379
f 1363 5378 5377
f 1365 5379 5378
f 5377 5378 5379
f 351 5380 5382
f 1364 5381 5380
f 1363 5382 5381
f 5380 5381 5382
f 350 5383 5385
f 1365 5384 5383
f 1364 5385 5384
f 5383 5384 5385
f 1363 5381 5378
f 1364 5384 5381
f 1365 5378 5384
f 5381 5384 5378
f 349 5376 5362
f 1361 5386 5376
f 1358 5362 5386
f 5376 5386 5362
f 350 5385 5371
f 1364 5387 5385
f 1361 5371 5387
f 5385 5387 5371
f 351 5367 5380
f 1358 5388 5367
f 1364 5380 5388
f 5367 5388 5380
f 1361 5387 5386
f 1364 5388 5387
f 1358 5386 5388
f 5387 5388 5386
f 77 5350 5314
f 1356 5389 5350
f 1345 5314 5389
f 5350 5389 5314
f 348 5390 5353
f 1366 5391 5390
f 1356 5353 5391
f 5390 5391 5353
f 345 5318 5393
f 1345 5392 5318
f 1366 5393 5392
f 5318 5392 5393
f 1356 5391 5389
f 1366 5392 5391
f 1345 5389 5392
f 5391 5392 5389
f 92 5379 5340
f 1365 5394 5379
f 1352 5340 5394
f 5379 5394 5340
f 350 5395 5383
f 1367 5396 5395
f 1365 5383 5396
f 5395 5396 5383
f 348 5345 5398
f 1352 5397 5345
f 1367 5398 5397
f 5345 5397 5398
f 1365 5396 5394
f 1367 5397 5396
f 1352 5394 5397
f 5396 5397 5394
f 93 5323 5368
f 1349 5399 5323
f 1360 5368 5399
f 5323 5399 5368
f 345 5400 5327
f 1368 5401 5400
f 1349 5327 5401
f 5400 5401 5327
f 350 5373 5403
f 1360 5402 5373
f 1368 5403 5402
f 5373 5402 5403
f 1349 5401 5399
f 1368 5402 5401
f 1360 5399 5402
f 5401 5402 5399
f 348 5398 5390
f 1367 5404 5398
f 1366 5390 5404
f 5398 5404 5390
f 350 5403 5395
f 1368 5405 5403
f 1367 5395 5405
f 5403 5405 5395
f 345 5393 5400
f 1366 5406 5393
f 1368 5400 5406
f 5393 5406 5400
f 1367 5405 5404
f 1368 5406 5405
f 1366 5404 5406
f 5405 5406 5404
f 11 5407 4239
f 1369 5408 5407
f 1073 4239 5408
f 5407 5408 4239
f 352 5409 5411
f 1370 5410 5409
f 1369 5411 5410
f 5409 5410 5411
f 276 4243 5413
f 1073 5412 4243
f 1370 5413 5412
f 4243 5412 5413
f 1369 5410 5408
f 1370 5412 5410
f 1073 5408 5412
f 5410 5412 5408
f 94 5414 5416
f 1371 5415 5414
f 1373 5416 5415
f 5414 5415 5416
f 353 5417 5419
f 1372 5418 5417
f 1371 5419 5418
f 5417 5418 5419
f 352 5420 5422
f 1373 5421 5420
f 1372 5422 5421
f 5420 5421 5422
f 1371 5418 5415
f 1372 5421 5418
f 1373 5415 5421
f 5418 5421 5415
f 74 4248 5424
f 1077 5423 4248
f 1375 5424 5423
f 4248 5423 5424
f 276 5425 4252
f 1374 5426 5425
f 1077 4252 5426
f 5425 5426 4252
f 353 5427 5429
f 1375 5428 5427
f 1374 5429 5428
f 5427 5428 5429
f 1077 5426 5423
f 1374 5428 5426
f 1375 5423 5428
f 5426 5428 5423
f 352 5422 5409
f 1372 5430 5422
f 1370 5409 5430
f 5422 5430 5409
f 353 5429 5417
f 1374 5431 5429
f 1372 5417 5431
f 5429 5431 5417
f 276 5413 5425
f 1370 5432 5413
f 1374 5425 5432
f 5413 5432 5425
f 1372 5431 5430
f 1374 5432 5431
f 1370 5430 5432
f 5431 5432 5430
f 27 5433 5435
f 1376 5434 5433
f 1378 5435 5434
f 5433 5434 5435
f 354 5436 5438
f 1377 5437 5436
f 1376 5438 5437
f 5436 5437 5438
f 356 5439 5441
f 1378 5440 5439
f 1377 5441 5440
f 5439 5440 5441
f 1376 5437 5434
f 1377 5440 5437
f 1378 5434 5440
f 5437 5440 5434
f 95 5442 5444
f 1379 5443 5442
f 1381 5444 5443
f 5442 5443 5444
f 355 5445 5447
f 1380 5446 5445
f 1379 5447 5446
f 5445 5446 5447
f 354 5448 5450
f 1381 5449 5448
f 1380 5450 5449
f 5448 5449 5450
f 1379 5446 5443
f 1380 5449 5446
f 1381 5443 5449
f 5446 5449 5443
f 94 5451 5453
f 1382 5452 5451
f 1384 5453 5452
f 5451 5452 5453
f 356 5454 5456
f 1383 5455 5454
f 1382 5456 5455
f 5454 5455 5456
f 355 5457 5459
f 1384 5458 5457
f 1383 5459 5458
f 5457 5458 5459
f 1382 5455 5452
f 1383 5458 5455
f 1384 5452 5458
f 5455 5458 5452
f 354 5450 5436
f 1380 5460 5450
f 1377 5436 5460
f 5450 5460 5436
f 355 5459 5445
f 1383 5461 5459
f 1380 5445 5461
f 5459 5461 5445
f 356 5441 5454
f 1377 5462 5441
f 1383 5454 5462
f 5441 5462 5454
f 1380 5461 5460
f 1383 5462 5461
f 1377 5460 5462
f 5461 5462 5460
f 22 4267 5464
f 1082 5463 4267
f 1386 5464 5463
f 4267 5463 5464
f 280 5465 4271
f 1385 5466 5465
f 1082 4271 5466
f 5465 5466 4271
f 358 5467 5469
f 1386 5468 5467
f 1385 5469 5468
f 5467 5468 5469
f 1082 5466 5463
f 1385 5468 5466
f 1386 5463 5468
f 5466 5468 5463
f 74 5470 4283
f 1387 5471 5470
f 1086 4283 5471
f 5470 5471 4283
f 357 5472 5474
f 1388 5473 5472
f 1387 5474 5473
f 5472 5473 5474
f 280 4288 5476
f 1086 5475 4288
f 1388 5476 5475
f 4288 5475 5476
f 1387 5473 5471
f 1388 5475 5473
f 1086 5471 5475
f 5473 5475 5471
f 95 5477 5479
f 1389 5478 5477
f 1391 5479 5478
f 5477 5478 5479
f 358 5480 5482
f 1390 5481 5480
f 1389 5482 5481
f 5480 5481 5482
f 357 5483 5485
f 1391 5484 5483
f 1390 5485 5484
f 5483 5484 5485
f 1389 5481 5478
f 1390 5484 5481
f 1391 5478 5484
f 5481 5484 5478
f 280 5476 5465
f 1388 5486 5476
f 1385 5465 5486
f 5476 5486 5465
f 357 5485 5472
f 1390 5487 5485
f 1388 5472 5487
f 5485 5487 5472
f 358 5469 5480
f 1385 5488 5469
f 1390 5480 5488
f 5469 5488 5480
f 1388 5487 5486
f 1390 5488 5487
f 1385 5486 5488
f 5487 5488 5486
f 94 5453 5414
f 1384 5489 5453
f 1371 5414 5489
f 5453 5489 5414
f 355 5490 5457
f 1392 5491 5490
f 1384 5457 5491
f 5490 5491 5457
f 353 5419 5493
f 1371 5492 5419
f 1392 5493 5492
f 5419 5492 5493
f 1384 5491 5489
f 1392 5492 5491
f 1371 5489 5492
f 5491 5492 5489
f 95 5479 5442
f 1391 5494 5479
f 1379 5442 5494
f 5479 5494 5442
f 357 5495 5483
f 1393 5496 5495
f 1391 5483 5496
f 5495 5496 5483
f 355 5447 5498
f 1379 5497 5447
f 1393 5498 5497
f 5447 5497 5498
f 1391 5496 5494
f 1393 5497 5496
f 1379 5494 5497
f 5496 5497 5494
f 74 5424 5470
f 1375 5499 5424
f 1387 5470 5499
f 5424 5499 5470
f 353 5500 5427
f 1394 5501 5500
f 1375 5427 5501
f 5500 5501 5427
f 357 5474 5503
f 1387 5502 5474
f 1394 5503 5502
f 5474 5502 5503
f 1375 5501 5499
f 1394 5502 5501
f 1387 5499 5502
f 5501 5502 5499
f 355 5498 5490
f 1393 5504 5498
f 1392 5490 5504
f 5498 5504 5490
f 357 5503 5495
f 1394 5505 5503
f 1393 5495 5505
f 5503 5505 5495
f 353 5493 5500
f 1392 5506 5493
f 1394 5500 5506
f 5493 5506 5500
f 1393 5505 5504
f 1394 5506 5505
f 1392 5504 5506
f 5505 5506 5504
f 3 5507 5509
f 1395 5508 5507
f 1397 5509 5508
f 5507 5508 5509
f 359 5510 5512
f 1396 5511 5510
f 1395 5512 5511
f 5510 5511 5512
f 361 5513 5515
f 1397 5514 5513
f 1396 5515 5514
f 5513 5514 5515
f 1395 5511 5508
f 1396 5514 5511
f 1397 5508 5514
f 5511 5514 5508
f 96 5516 5518
f 1398 5517 5516
f 1400 5518 5517
f 5516 5517 5518
f 360 5519 5521
f 1399 5520 5519
f 1398 5521 5520
f 5519 5520 5521
f 359 5522 5524
f 1400 5523 5522
f 1399 5524 5523
f 5522 5523 5524
f 1398 5520 5517
f 1399 5523 5520
f 1400 5517 5523
f 5520 5523 5517
f 98 5525 5527
f 1401 5526 5525
f 1403 5527 5526
f 5525 5526 5527
f 361 5528 5530
f 1402 5529 5528
f 1401 5530 5529
f 5528 5529 5530
f 360 5531 5533
f 1403 5532 5531
f 1402 5533 5532
f 5531 5532 5533
f 1401 5529 5526
f 1402 5532 5529
f 1403 5526 5532
f 5529 5532 5526
f 359 5524 5510
f 1399 5534 5524
f 1396 5510 5534
f 5524 5534 5510
f 360 5533 5519
f 1402 5535 5533
f 1399 5519 5535
f 5533 5535 5519
f 361 5515 5528
f 1396 5536 5515
f 1402 5528 5536
f 5515 5536 5528
f 1399 5535 5534
f 1402 5536 5535
f 1396 5534 5536
f 5535 5536 5534
f 28 5537 5539
f 1404 5538 5537
f 1406 5539 5538
f 5537 5538 5539
f 362 5540 5542
f 1405 5541 5540
f 1404 5542 5541
f 5540 5541 5542
f 364 5543 5545
f 1406 5544 5543
f 1405 5545 5544
f 5543 5544 5545
f 1404 5541 5538
f 1405 5544 5541
f 1406 5538 5544
f 5541 5544 5538
f 97 5546 5548
f 1407 5547 5546
f 1409 5548 5547
f 5546 5547 5548
f 363 5549 5551
f 1408 5550 5549
f 1407 5551 5550
f 5549 5550 5551
f 362 5552 5554
f 1409 5553 5552
f 1408 5554 5553
f 5552 5553 5554
f 1407 5550 5547
f 1408 5553 5550
f 1409 5547 5553
f 5550 5553 5547
f 96 5555 5557
f 1410 5556 5555
f 1412 5557 5556
f 5555 5556 5557
f 364 5558 5560
f 1411 5559 5558
f 1410 5560 5559
f 5558 5559 5560
f 363 5561 5563
f 1412 5562 5561
f 1411 5563 5562
f 5561 5562 5563
f 1410 5559 5556
f 1411 5562 5559
f 1412 5556 5562
f 5559 5562 5556
f 362 5554 5540
f 1408 5564 5554
f 1405 5540 5564
f 5554 5564 5540
f 363 5563 5549
f 1411 5565 5563
f 1408 5549 5565
f 5563 5565 5549
f 364 5545 5558
f 1405 5566 5545
f 1411 5558 5566
f 5545 5566 5558
f 1408 5565 5564
f 1411 5566 5565
f 1405 5564 5566
f 5565 5566 5564
f 27 5567 5569
f 1413 5568 5567
f 1415 5569 5568
f 5567 5568 5569
f 365 5570 5572
f 1414 5571 5570
f 1413 5572 5571
f 5570 5571 5572
f 367 5573 5575
f 1415 5574 5573
f 1414 5575 5574
f 5573 5574 5575
f 1413 5571 5568
f 1414 5574 5571
f 1415 5568 5574
f 5571 5574 5568
f 98 5576 5578
f 1416 5577 5576
f 1418 5578 5577
f 5576 5577 5578
f 366 5579 5581
f 1417 5580 5579
f 1416 5581 5580
f 5579 5580 5581
f 365 5582 5584
f 1418 5583 5582
f 1417 5584 5583
f 5582 5583 5584
f 1416 5580 5577
f 1417 5583 5580
f 1418 5577 5583
f 5580 5583 5577
f 97 5585 5587
f 1419 5586 5585
f 1421 5587 5586
f 5585 5586 5587
f 367 5588 5590
f 1420 5589 5588
f 1419 5590 5589
f 5588 5589 5590
f 366 5591 5593
f 1421 5592 5591
f 1420 5593 5592
f 5591 5592 5593
f 1419 5589 5586
f 1420 5592 5589
f 1421 5586 5592
f 5589 5592 5586
f 365 5584 5570
f 1417 5594 5584
f 1414 5570 5594
f 5584 5594 5570
f 366 5593 5579
f 1420 5595 5593
f 1417 5579 5595
f 5593 5595 5579
f 367 5575 5588
f 1414 5596 5575
f 1420 5588 5596
f 5575 5596 5588
f 1417 5595 5594
f 1420 5596 5595
f 1414 5594 5596
f 5595 5596 5594
f 96 5557 5516
f 1412 5597 5557
f 1398 5516 5597
f 5557 5597 5516
f 363 5598 5561
f 1422 5599 5598
f 1412 5561 5599
f 5598 5599 5561
f 360 5521 5601
f 1398 5600 5521
f 1422 5601 5600
f 5521 5600 5601
f 1412 5599 5597
f 1422 5600 5599
f 1398 5597 5600
f 5599 5600 5597
f 97 5587 5546
f 1421 5602 5587
f 1407 5546 5602
f 5587 5602 5546
f 366 5603 5591
f 1423 5604 5603
f 1421 5591 5604
f 5603 5604 5591
f 363 5551 5606
f 1407 5605 5551
f 1423 5606 5605
f 5551 5605 5606
f 1421 5604 5602
f 1423 5605 5604
f 1407 5602 5605
f 5604 5605 5602
f 98 5527 5576
f 1403 5607 5527
f 1416 5576 5607
f 5527 5607 5576
f 360 5608 5531
f 1424 5609 5608
f 1403 5531 5609
f 5608 5609 5531
f 366 5581 5611
f 1416 5610 5581
f 1424 5611 5610
f 5581 5610 5611
f 1403 5609 5607
f 1424 5610 5609
f 1416 5607 5610
f 5609 5610 5607
f 363 5606 5598
f 1423 5612 5606
f 1422 5598 5612
f 5606 5612 5598
f 366 5611 5603
f 1424 5613 5611
f 1423 5603 5613
f 5611 5613 5603
f 360 5601 5608
f 1422 5614 5601
f 1424 5608 5614
f 5601 5614 5608
f 1423 5613 5612
f 1424 5614 5613
f 1422 5612 5614
f 5613 5614 5612
f 22 5464 5333
f 1386 5615 5464
f 1350 5333 5615
f 5464 5615 5333
f 358 5616 5467
f 1425 5617 5616
f 1386 5467 5617
f 5616 5617 5467
f 347 5337 5619
f 1350 5618 5337
f 1425 5619 5618
f 5337 5618 5619
f 1386 5617 5615
f 1425 5618 5617
f 1350 5615 5618
f 5617 5618 5615
f 95 5620 5477
f 1426 5621 5620
f 1389 5477 5621
f 5620 5621 5477
f 368 5622 5624
f 1427 5623 5622
f 1426 5624 5623
f 5622 5623 5624
f 358 5482 5626
f 1389 5625 5482
f 1427 5626 5625
f 5482 5625 5626
f 1426 5623 5621
f 1427 5625 5623
f 1389 5621 5625
f 5623 5625 5621
f 92 5342 5628
f 1354 5627 5342
f 1429 5628 5627
f 5342 5627 5628
f 347 5629 5346
f 1428 5630 5629
f 1354 5346 5630
f 5629 5630 5346
f 368 5631 5633
f 1429 5632 5631
f 1428 5633 5632
f 5631 5632 5633
f 1354 5630 5627
f 1428 5632 5630
f 1429 5627 5632
f 5630 5632 5627
f 358 5626 5616
f 1427 5634 5626
f 1425 5616 5634
f 5626 5634 5616
f 368 5633 5622
f 1428 5635 5633
f 1427 5622 5635
f 5633 5635 5622
f 347 5619 5629
f 1425 5636 5619
f 1428 5629 5636
f 5619 5636 5629
f 1427 5635 5634
f 1428 5636 5635
f 1425 5634 5636
f 5635 5636 5634
f 27 5569 5433
f 1415 5637 5569
f 1376 5433 5637
f 5569 5637 5433
f 367 5638 5573
f 1430 5639 5638
f 1415 5573 5639
f 5638 5639 5573
f 354 5438 5641
f 1376 5640 5438
f 1430 5641 5640
f 5438 5640 5641
f 1415 5639 5637
f 1430 5640 5639
f 1376 5637 5640
f 5639 5640 5637
f 97 5642 5585
f 1431 5643 5642
f 1419 5585 5643
f 5642 5643 5585
f 369 5644 5646
f 1432 5645 5644
f 1431 5646 5645
f 5644 5645 5646
f 367 5590 5648
f 1419 5647 5590
f 1432 5648 5647
f 5590 5647 5648
f 1431 5645 5643
f 1432 5647 5645
f 1419 5643 5647
f 5645 5647 5643
f 95 5444 5650
f 1381 5649 5444
f 1434 5650 5649
f 5444 5649 5650
f 354 5651 5448
f 1433 5652 5651
f 1381 5448 5652
f 5651 5652 5448
f 369 5653 5655
f 1434 5654 5653
f 1433 5655 5654
f 5653 5654 5655
f 1381 5652 5649
f 1433 5654 5652
f 1434 5649 5654
f 5652 5654 5649
f 367 5648 5638
f 1432 5656 5648
f 1430 5638 5656
f 5648 5656 5638
f 369 5655 5644
f 1433 5657 5655
f 1432 5644 5657
f 5655 5657 5644
f 354 5641 5651
f 1430 5658 5641
f 1433 5651 5658
f 5641 5658 5651
f 1432 5657 5656
f 1433 5658 5657
f 1430 5656 5658
f 5657 5658 5656
f 28 5361 5537
f 1359 5659 5361
f 1404 5537 5659
f 5361 5659 5537
f 351 5660 5365
f 1435 5661 5660
f 1359 5365 5661
f 5660 5661 5365
f 362 5542 5663
f 1404 5662 5542
f 1435 5663 5662
f 5542 5662 5663
f 1359 5661 5659
f 1435 5662 5661
f 1404 5659 5662
f 5661 5662 5659
f 92 5664 5377
f 1436 5665 5664
f 1363 5377 5665
f 5664 5665 5377
f 370 5666 5668
f 1437 5667 5666
f 1436 5668 5667
f 5666 5667 5668
f 351 5382 5670
f 1363 5669 5382
f 1437 5670 5669
f 5382 5669 5670
f 1436 5667 5665
f 1437 5669 5667
f 1363 5665 5669
f 5667 5669 5665
f 97 5548 5672
f 1409 5671 5548
f 1439 5672 5671
f 5548 5671 5672
f 362 5673 5552
f 1438 5674 5673
f 1409 5552 5674
f 5673 5674 5552
f 370 5675 5677
f 1439 5676 5675
f 1438 5677 5676
f 5675 5676 5677
f 1409 5674 5671
f 1438 5676 5674
f 1439 5671 5676
f 5674 5676 5671
f 351 5670 5660
f 1437 5678 5670
f 1435 5660 5678
f 5670 5678 5660
f 370 5677 5666
f 1438 5679 5677
f 1437 5666 5679
f 5677 5679 5666
f 362 5663 5673
f 1435 5680 5663
f 1438 5673 5680
f 5663 5680 5673
f 1437 5679 5678
f 1438 5680 5679
f 1435 5678 5680
f 5679 5680 5678
f 95 5650 5620
f 1434 5681 5650
f 1426 5620 5681
f 5650 5681 5620
f 369 5682 5653
f 1440 5683 5682
f 1434 5653 5683
f 5682 5683 5653
f 368 5624 5685
f 1426 5684 5624
f 1440 5685 5684
f 5624 5684 5685
f 1434 5683 5681
f 1440 5684 5683
f 1426 5681 5684
f 5683 5684 5681
f 97 5672 5642
f 1439 5686 5672
f 1431 5642 5686
f 5672 5686 5642
f 370 5687 5675
f 1441 5688 5687
f 1439 5675 5688
f 5687 5688 5675
f 369 5646 5690
f 1431 5689 5646
f 1441 5690 5689
f 5646 5689 5690
f 1439 5688 5686
f 1441 5689 5688
f 1431 5686 5689
f 5688 5689 5686
f 92 5628 5664
f 1429 5691 5628
f 1436 5664 5691
f 5628 5691 5664
f 368 5692 5631
f 1442 5693 5692
f 1429 5631 5693
f 5692 5693 5631
f 370 5668 5695
f 1436 5694 5668
f 1442 5695 5694
f 5668 5694 5695
f 1429 5693 5691
f 1442 5694 5693
f 1436 5691 5694
f 5693 5694 5691
f 369 5690 5682
f 1441 5696 5690
f 1440 5682 5696
f 5690 5696 5682
f 370 5695 5687
f 1442 5697 5695
f 1441 5687 5697
f 5695 5697 5687
f 368 5685 5692
f 1440 5698 5685
f 1442 5692 5698
f 5685 5698 5692
f 1441 5697 5696
f 1442 5698 5697
f 1440 5696 5698
f 5697 5698 5696
f 11 3957 5700
f 1005 5699 3957
f 1444 5700 5699
f 3957 5699 5700
f 261 5701 3961
f 1443 5702 5701
f 1005 3961 5702
f 5701 5702 3961
f 372 5703 5705
f 1444 5704 5703
f 1443 5705 5704
f 5703 5704 5705
f 1005 5702 5699
f 1443 5704 5702
f 1444 5699 5704
f 5702 5704 5699
f 72 5706 3973
f 1445 5707 5706
f 1009 3973 5707
f 5706 5707 3973
f 371 5708 5710
f 1446 5709 5708
f 1445 5710 5709
f 5708 5709 5710
f 261 3978 5712
f 1009 5711 3978
f 1446 5712 5711
f 3978 5711 5712
f 1445 5709 5707
f 1446 5711 5709
f 1009 5707 5711
f 5709 5711 5707
f 100 5713 5715
f 1447 5714 5713
f 1449 5715 5714
f 5713 5714 5715
f 372 5716 5718
f 1448 5717 5716
f 1447 5718 5717
f 5716 5717 5718
f 371 5719 5721
f 1449 5720 5719
f 1448 5721 5720
f 5719 5720 5721
f 1447 5717 5714
f 1448 5720 5717
f 1449 5714 5720
f 5717 5720 5714
f 261 5712 5701
f 1446 5722 5712
f 1443 5701 5722
f 5712 5722 5701
f 371 5721 5708
f 1448 5723 5721
f 1446 5708 5723
f 5721 5723 5708
f 372 5705 5716
f 1443 5724 5705
f 1448 5716 5724
f 5705 5724 5716
f 1446 5723 5722
f 1448 5724 5723
f 1443 5722 5724
f 5723 5724 5722
f 20 5725 4015
f 1450 5726 5725
f 1021 4015 5726
f 5725 5726 4015
f 373 5727 5729
f 1451 5728 5727
f 1450 5729 5728
f 5727 5728 5729
f 265 4020 5731
f 1021 5730 4020
f 1451 5731 5730
f 4020 5730 5731
f 1450 5728 5726
f 1451 5730 5728
f 1021 5726 5730
f 5728 5730 5726
f 99 5732 5734
f 1452 5733 5732
f 1454 5734 5733
f 5732 5733 5734
f 374 5735 5737
f 1453 5736 5735
f 1452 5737 5736
f 5735 5736 5737
f 373 5738 5740
f 1454 5739 5738
f 1453 5740 5739
f 5738 5739 5740
f 1452 5736 5733
f 1453 5739 5736
f 1454 5733 5739
f 5736 5739 5733
f 72 4026 5742
f 1026 5741 4026
f 1456 5742 5741
f 4026 5741 5742
f 265 5743 4030
f 1455 5744 5743
f 1026 4030 5744
f 5743 5744 4030
f 374 5745 5747
f 1456 5746 5745
f 1455 5747 5746
f 5745 5746 5747
f 1026 5744 5741
f 1455 5746 5744
f 1456 5741 5746
f 5744 5746 5741
f 373 5740 5727
f 1453 5748 5740
f 1451 5727 5748
f 5740 5748 5727
f 374 5747 5735
f 1455 5749 5747
f 1453 5735 5749
f 5747 5749 5735
f 265 5731 5743
f 1451 5750 5731
f 1455 5743 5750
f 5731 5750 5743
f 1453 5749 5748
f 1455 5750 5749
f 1451 5748 5750
f 5749 5750 5748
f 30 5751 5753
f 1457 5752 5751
f 1459 5753 5752
f 5751 5752 5753
f 375 5754 5756
f 1458 5755 5754
f 1457 5756 5755
f 5754 5755 5756
f 377 5757 5759
f 1459 5758 5757
f 1458 5759 5758
f 5757 5758 5759
f 1457 5755 5752
f 1458 5758 5755
f 1459 5752 5758
f 5755 5758 5752
f 100 5760 5762
f 1460 5761 5760
f 1462 5762 5761
f 5760 5761 5762
f 376 5763 5765
f 1461 5764 5763
f 1460 5765 5764
f 5763 5764 5765
f 375 5766 5768
f 1462 5767 5766
f 1461 5768 5767
f 5766 5767 5768
f 1460 5764 5761
f 1461 5767 5764
f 1462 5761 5767
f 5764 5767 5761
f 99 5769 5771
f 1463 5770 5769
f 1465 5771 5770
f 5769 5770 5771
f 377 5772 5774
f 1464 5773 5772
f 1463 5774 5773
f 5772 5773 5774
f 376 5775 5777
f 1465 5776 5775
f 1464 5777 5776
f 5775 5776 5777
f 1463 5773 5770
f 1464 5776 5773
f 1465 5770 5776
f 5773 5776 5770
f 375 5768 5754
f 1461 5778 5768
f 1458 5754 5778
f 5768 5778 5754
f 376 5777 5763
f 1464 5779 5777
f 1461 5763 5779
f 5777 5779 5763
f 377 5759 5772
f 1458 5780 5759
f 1464 5772 5780
f 5759 5780 5772
f 1461 5779 5778
f 1464 5780 5779
f 1458 5778 5780
f 5779 5780 5778
f 72 5742 5706
f 1456 5781 5742
f 1445 5706 5781
f 5742 5781 5706
f 374 5782 5745
f 1466 5783 5782
f 1456 5745 5783
f 5782 5783 5745
f 371 5710 5785
f 1445 5784 5710
f 1466 5785 5784
f 5710 5784 5785
f 1456 5783 5781
f 1466 5784 5783
f 1445 5781 5784
f 5783 5784 5781
f 99 5771 5732
f 1465 5786 5771
f 1452 5732 5786
f 5771 5786 5732
f 376 5787 5775
f 1467 5788 5787
f 1465 5775 5788
f 5787 5788 5775
f 374 5737 5790
f 1452 5789 5737
f 1467 5790 5789
f 5737 5789 5790
f 1465 5788 5786
f 1467 5789 5788
f 1452 5786 5789
f 5788 5789 5786
f 100 5715 5760
f 1449 5791 5715
f 1460 5760 5791
f 5715 5791 5760
f 371 5792 5719
f 1468 5793 5792
f 1449 5719 5793
f 5792 5793 5719
f 376 5765 5795
f 1460 5794 5765
f 1468 5795 5794
f 5765 5794 5795
f 1449 5793 5791
f 1468 5794 5793
f 1460 5791 5794
f 5793 5794 5791
f 374 5790 5782
f 1467 5796 5790
f 1466 5782 5796
f 5790 5796 5782
f 376 5795 5787
f 1468 5797 5795
f 1467 5787 5797
f 5795 5797 5787
f 371 5785 5792
f 1466 5798 5785
f 1468 5792 5798
f 5785 5798 5792
f 1467 5797 5796
f 1468 5798 5797
f 1466 5796 5798
f 5797 5798 5796
f 8 5799 3855
f 1469 5800 5799
f 977 3855 5800
f 5799 5800 3855
f 378 5801 5803
f 1470 5802 5801
f 1469 5803 5802
f 5801 5802 5803
f 252 3859 5805
f 977 5804 3859
f 1470 5805 5804
f 3859 5804 5805
f 1469 5802 5800
f 1470 5804 5802
f 977 5800 5804
f 5802 5804 5800
f 101 5806 5808
f 1471 5807 5806
f 1473 5808 5807
f 5806 5807 5808
f 379 5809 5811
f 1472 5810 5809
f 1471 5811 5810
f 5809 5810 5811
f 378 5812 5814
f 1473 5813 5812
f 1472 5814 5813
f 5812 5813 5814
f 1471 5810 5807
f 1472 5813 5810
f 1473 5807 5813
f 5810 5813 5807
f 68 3864 5816
f 981 5815 3864
f 1475 5816 5815
f 3864 5815 5816
f 252 5817 3868
f 1474 5818 5817
f 981 3868 5818
f 5817 5818 3868
f 379 5819 5821
f 1475 5820 5819
f 1474 5821 5820
f 5819 5820 5821
f 981 5818 5815
f 1474 5820 5818
f 1475 5815 5820
f 5818 5820 5815
f 378 5814 5801
f 1472 5822 5814
f 1470 5801 5822
f 5814 5822 5801
f 379 5821 5809
f 1474 5823 5821
f 1472 5809 5823
f 5821 5823 5809
f 252 5805 5817
f 1470 5824 5805
f 1474 5817 5824
f 5805 5824 5817
f 1472 5823 5822
f 1474 5824 5823
f 1470 5822 5824
f 5823 5824 5822
f 29 5825 5827
f 1476 5826 5825
f 1478 5827 5826
f 5825 5826 5827
f 380 5828 5830
f 1477 5829 5828
f 1476 5830 5829
f 5828 5829 5830
f 382 5831 5833
f 1478 5832 5831
f 1477 5833 5832
f 5831 5832 5833
f 1476 5829 5826
f 1477 5832 5829
f 1478 5826 5832
f 5829 5832 5826
f 102 5834 5836
f 1479 5835 5834
f 1481 5836 5835
f 5834 5835 5836
f 381 5837 5839
f 1480 5838 5837
f 1479 5839 5838
f 5837 5838 5839
f 380 5840 5842
f 1481 5841 5840
f 1480 5842 5841
f 5840 5841 5842
f 1479 5838 5835
f 1480 5841 5838
f 1481 5835 5841
f 5838 5841 5835
f 101 5843 5845
f 1482 5844 5843
f 1484 5845 5844
f 5843 5844 5845
f 382 5846 5848
f 1483 5847 5846
f 1482 5848 5847
f 5846 5847 5848
f 381 5849 5851
f 1484 5850 5849
f 1483 5851 5850
f 5849 5850 5851
f 1482 5847 5844
f 1483 5850 5847
f 1484 5844 5850
f 5847 5850 5844
f 380 5842 5828
f 1480 5852 5842
f 1477 5828 5852
f 5842 5852 5828
f 381 5851 5837
f 1483 5853 5851
f 1480 5837 5853
f 5851 5853 5837
f 382 5833 5846
f 1477 5854 5833
f 1483 5846 5854
f 5833 5854 5846
f 1480 5853 5852
f 1483 5854 5853
f 1477 5852 5854
f 5853 5854 5852
f 20 3883 5856
f 986 5855 3883
f 1486 5856 5855
f 3883 5855 5856
f 256 5857 3887
f 1485 5858 5857
f 986 3887 5858
f 5857 5858 3887
f 384 5859 5861
f 1486 5860 5859
f 1485 5861 5860
f 5859 5860 5861
f 986 5858 5855
f 1485 5860 5858
f 1486 5855 5860
f 5858 5860 5855
f 68 5862 3899
f 1487 5863 5862
f 990 3899 5863
f 5862 5863 3899
f 383 5864 5866
f 1488 5865 5864
f 1487 5866 5865
f 5864 5865 5866
f 256 3904 5868
f 990 5867 3904
f 1488 5868 5867
f 3904 5867 5868
f 1487 5865 5863
f 1488 5867 5865
f 990 5863 5867
f 5865 5867 5863
f 102 5869 5871
f 1489 5870 5869
f 1491 5871 5870
f 5869 5870 5871
f 384 5872 5874
f 1490 5873 5872
f 1489 5874 5873
f 5872 5873 5874
f 383 5875 5877
f 1491 5876 5875
f 1490 5877 5876
f 5875 5876 5877
f 1489 5873 5870
f 1490 5876 5873
f 1491 5870 5876
f 5873 5876 5870
f 256 5868 5857
f 1488 5878 5868
f 1485 5857 5878
f 5868 5878 5857
f 383 5877 5864
f 1490 5879 5877
f 1488 5864 5879
f 5877 5879 5864
f 384 5861 5872
f 1485 5880 5861
f 1490 5872 5880
f 5861 5880 5872
f 1488 5879 5878
f 1490 5880 5879
f 1485 5878 5880
f 5879 5880 5878
f 101 5845 5806
f 1484 5881 5845
f 1471 5806 5881
f 5845 5881 5806
f 381 5882 5849
f 1492 5883 5882
f 1484 5849 5883
f 5882 5883 5849
f 379 5811 5885
f 1471 5884 5811
f 1492 5885 5884
f 5811 5884 5885
f 1484 5883 5881
f 1492 5884 5883
f 1471 5881 5884
f 5883 5884 5881
f 102 5871 5834
f 1491 5886 5871
f 1479 5834 5886
f 5871 5886 5834
f 383 5887 5875
f 1493 5888 5887
f 1491 5875 5888
f 5887 5888 5875
f 381 5839 5890
f 1479 5889 5839
f 1493 5890 5889
f 5839 5889 5890
f 1491 5888 5886
f 1493 5889 5888
f 1479 5886 5889
f 5888 5889 5886
f 68 5816 5862
f 1475 5891 5816
f 1487 5862 5891
f 5816 5891 5862
f 379 5892 5819
f 1494 5893 5892
f 1475 5819 5893
f 5892 5893 5819
f 383 5866 5895
f 1487 5894 5866
f 1494 5895 5894
f 5866 5894 5895
f 1475 5893 5891
f 1494 5894 5893
f 1487 5891 5894
f 5893 5894 5891
f 381 5890 5882
f 1493 5896 5890
f 1492 5882 5896
f 5890 5896 5882
f 383 5895 5887
f 1494 5897 5895
f 1493 5887 5897
f 5895 5897 5887
f 379 5885 5892
f 1492 5898 5885
f 1494 5892 5898
f 5885 5898 5892
f 1493 5897 5896
f 1494 5898 5897
f 1492 5896 5898
f 5897 5898 5896
f 7 5899 5901
f 1495 5900 5899
f 1497 5901 5900
f 5899 5900 5901
f 385 5902 5904
f 1496 5903 5902
f 1495 5904 5903
f 5902 5903 5904
f 387 5905 5907
f 1497 5906 5905
f 1496 5907 5906
f 5905 5906 5907
f 1495 5903 5900
f 1496 5906 5903
f 1497 5900 5906
f 5903 5906 5900
f 103 5908 5910
f 1498 5909 5908
f 1500 5910 5909
f 5908 5909 5910
f 386 5911 5913
f 1499 5912 5911
f 1498 5913 5912
f 5911 5912 5913
f 385 5914 5916
f 1500 5915 5914
f 1499 5916 5915
f 5914 5915 5916
f 1498 5912 5909
f 1499 5915 5912
f 1500 5909 5915
f 5912 5915 5909
f 105 5917 5919
f 1501 5918 5917
f 1503 5919 5918
f 5917 5918 5919
f 387 5920 5922
f 1502 5921 5920
f 1501 5922 5921
f 5920 5921 5922
f 386 5923 5925
f 1503 5924 5923
f 1502 5925 5924
f 5923 5924 5925
f 1501 5921 5918
f 1502 5924 5921
f 1503 5918 5924
f 5921 5924 5918
f 385 5916 5902
f 1499 5926 5916
f 1496 5902 5926
f 5916 5926 5902
f 386 5925 5911
f 1502 5927 5925
f 1499 5911 5927
f 5925 5927 5911
f 387 5907 5920
f 1496 5928 5907
f 1502 5920 5928
f 5907 5928 5920
f 1499 5927 5926
f 1502 5928 5927
f 1496 5926 5928
f 5927 5928 5926
f 30 5929 5931
f 1504 5930 5929
f 1506 5931 5930
f 5929 5930 5931
f 388 5932 5934
f 1505 5933 5932
f 1504 5934 5933
f 5932 5933 5934
f 390 5935 5937
f 1506 5936 5935
f 1505 5937 5936
f 5935 5936 5937
f 1504 5933 5930
f 1505 5936 5933
f 1506 5930 5936
f 5933 5936 5930
f 104 5938 5940
f 1507 5939 5938
f 1509 5940 5939
f 5938 5939 5940
f 389 5941 5943
f 1508 5942 5941
f 1507 5943 5942
f 5941 5942 5943
f 388 5944 5946
f 1509 5945 5944
f 1508 5946 5945
f 5944 5945 5946
f 1507 5942 5939
f 1508 5945 5942
f 1509 5939 5945
f 5942 5945 5939
f 103 5947 5949
f 1510 5948 5947
f 1512 5949 5948
f 5947 5948 5949
f 390 5950 5952
f 1511 5951 5950
f 1510 5952 5951
f 5950 5951 5952
f 389 5953 5955
f 1512 5954 5953
f 1511 5955 5954
f 5953 5954 5955
f 1510 5951 5948
f 1511 5954 5951
f 1512 5948 5954
f 5951 5954 5948
f 388 5946 5932
f 1508 5956 5946
f 1505 5932 5956
f 5946 5956 5932
f 389 5955 5941
f 1511 5957 5955
f 1508 5941 5957
f 5955 5957 5941
f 390 5937 5950
f 1505 5958 5937
f 1511 5950 5958
f 5937 5958 5950
f 1508 5957 5956
f 1511 5958 5957
f 1505 5956 5958
f 5957 5958 5956
f 29 5959 5961
f 1513 5960 5959
f 1515 5961 5960
f 5959 5960 5961
f 391 5962 5964
f 1514 5963 5962
f 1513 5964 5963
f 5962 5963 5964
f 393 5965 5967
f 1515 5966 5965
f 1514 5967 5966
f 5965 5966 5967
f 1513 5963 5960
f 1514 5966 5963
f 1515 5960 5966
f 5963 5966 5960
f 105 5968 5970
f 1516 5969 5968
f 1518 5970 5969
f 5968 5969 5970
f 392 5971 5973
f 1517 5972 5971
f 1516 5973 5972
f 5971 5972 5973
f 391 5974 5976
f 1518 5975 5974
f 1517 5976 5975
f 5974 5975 5976
f 1516 5972 5969
f 1517 5975 5972
f 1518 5969 5975
f 5972 5975 5969
f 104 5977 5979
f 1519 5978 5977
f 1521 5979 5978
f 5977 5978 5979
f 393 5980 5982
f 1520 5981 5980
f 1519 5982 5981
f 5980 5981 5982
f 392 5983 5985
f 1521 5984 5983
f 1520 5985 5984
f 5983 5984 5985
f 1519 5981 5978
f 1520 5984 5981
f 1521 5978 5984
f 5981 5984 5978
f 391 5976 5962
f 1517 5986 5976
f 1514 5962 5986
f 5976 5986 5962
f 392 5985 5971
f 1520 5987 5985
f 1517 5971 5987
f 5985 5987 5971
f 393 5967 5980
f 1514 5988 5967
f 1520 5980 5988
f 5967 5988 5980
f 1517 5987 5986
f 1520 5988 5987
f 1514 5986 5988
f 5987 5988 5986
f 103 5949 5908
f 1512 5989 5949
f 1498 5908 5989
f 5949 5989 5908
f 389 5990 5953
f 1522 5991 5990
f 1512 5953 5991
f 5990 5991 5953
f 386 5913 5993
f 1498 5992 5913
f 1522 5993 5992
f 5913 5992 5993
f 1512 5991 5989
f 1522 5992 5991
f 1498 5989 5992
f 5991 5992 5989
f 104 5979 5938
f 1521 5994 5979
f 1507 5938 5994
f 5979 5994 5938
f 392 5995 5983
f 1523 5996 5995
f 1521 5983 5996
f 5995 5996 5983
f 389 5943 5998
f 1507 5997 5943
f 1523 5998 5997
f 5943 5997 5998
f 1521 5996 5994
f 1523 5997 5996
f 1507 5994 5997
f 5996 5997 5994
f 105 5919 5968
f 1503 5999 5919
f 1516 5968 5999
f 5919 5999 5968
f 386 6000 5923
f 1524 6001 6000
f 1503 5923 6001
f 6000 6001 5923
f 392 5973 6003
f 1516 6002 5973
f 1524 6003 6002
f 5973 6002 6003
f 1503 6001 5999
f 1524 6002 6001
f 1516 5999 6002
f 6001 6002 5999
f 389 5998 5990
f 1523 6004 5998
f 1522 5990 6004
f 5998 6004 5990
f 392 6003 5995
f 1524 6005 6003
f 1523 5995 6005
f 6003 6005 5995
f 386 5993 6000
f 1522 6006 5993
f 1524 6000 6006
f 5993 6006 6000
f 1523 6005 6004
f 1524 6006 6005
f 1522 6004 6006
f 6005 6006 6004
f 20 5856 5725
f 1486 6007 5856
f 1450 5725 6007
f 5856 6007 5725
f 384 6008 5859
f 1525 6009 6008
f 1486 5859 6009
f 6008 6009 5859
f 373 5729 6011
f 1450 6010 5729
f 1525 6011 6010
f 5729 6010 6011
f 1486 6009 6007
f 1525 6010 6009
f 1450 6007 6010
f 6009 6010 6007
f 102 6012 5869
f 1526 6013 6012
f 1489 5869 6013
f 6012 6013 5869
f 394 6014 6016
f 1527 6015 6014
f 1526 6016 6015
f 6014 6015 6016
f 384 5874 6018
f 1489 6017 5874
f 1527 6018 6017
f 5874 6017 6018
f 1526 6015 6013
f 1527 6017 6015
f 1489 6013 6017
f 6015 6017 6013
f 99 5734 6020
f 1454 6019 5734
f 1529 6020 6019
f 5734 6019 6020
f 373 6021 5738
f 1528 6022 6021
f 1454 5738 6022
f 6021 6022 5738
f 394 6023 6025
f 1529 6024 6023
f 1528 6025 6024
f 6023 6024 6025
f 1454 6022 6019
f 1528 6024 6022
f 1529 6019 6024
f 6022 6024 6019
f 384 6018 6008
f 1527 6026 6018
f 1525 6008 6026
f 6018 6026 6008
f 394 6025 6014
f 1528 6027 6025
f 1527 6014 6027
f 6025 6027 6014
f 373 6011 6021
f 1525 6028 6011
f 1528 6021 6028
f 6011 6028 6021
f 1527 6027 6026
f 1528 6028 6027
f 1525 6026 6028
f 6027 6028 6026
f 29 5961 5825
f 1515 6029 5961
f 1476 5825 6029
f 5961 6029 5825
f 393 6030 5965
f 1530 6031 6030
f 1515 5965 6031
f 6030 6031 5965
f 380 5830 6033
f 1476 6032 5830
f 1530 6033 6032
f 5830 6032 6033
f 1515 6031 6029
f 1530 6032 6031
f 1476 6029 6032
f 6031 6032 6029
f 104 6034 5977
f 1531 6035 6034
f 1519 5977 6035
f 6034 6035 5977
f 395 6036 6038
f 1532 6037 6036
f 1531 6038 6037
f 6036 6037 6038
f 393 5982 6040
f 1519 6039 5982
f 1532 6040 6039
f 5982 6039 6040
f 1531 6037 6035
f 1532 6039 6037
f 1519 6035 6039
f 6037 6039 6035
f 102 5836 6042
f 1481 6041 5836
f 1534 6042 6041
f 5836 6041 6042
f 380 6043 5840
f 1533 6044 6043
f 1481 5840 6044
f 6043 6044 5840
f 395 6045 6047
f 1534 6046 6045
f 1533 6047 6046
f 6045 6046 6047
f 1481 6044 6041
f 1533 6046 6044
f 1534 6041 6046
f 6044 6046 6041
f 393 6040 6030
f 1532 6048 6040
f 1530 6030 6048
f 6040 6048 6030
f 395 6047 6036
f 1533 6049 6047
f 1532 6036 6049
f 6047 6049 6036
f 380 6033 6043
f 1530 6050 6033
f 1533 6043 6050
f 6033 6050 6043
f 1532 6049 6048
f 1533 6050 6049
f 1530 6048 6050
f 6049 6050 6048
f 30 5753 5929
f 1459 6051 5753
f 1504 5929 6051
f 5753 6051 5929
f 377 6052 5757
f 1535 6053 6052
f 1459 5757 6053
f 6052 6053 5757
f 388 5934 6055
f 1504 6054 5934
f 1535 6055 6054
f 5934 6054 6055
f 1459 6053 6051
f 1535 6054 6053
f 1504 6051 6054
f 6053 6054 6051
f 99 6056 5769
f 1536 6057 6056
f 1463 5769 6057
f 6056 6057 5769
f 396 6058 6060
f 1537 6059 6058
f 1536 6060 6059
f 6058 6059 6060
f 377 5774 6062
f 1463 6061 5774
f 1537 6062 6061
f 5774 6061 6062
f 1536 6059 6057
f 1537 6061 6059
f 1463 6057 6061
f 6059 6061 6057
f 104 5940 6064
f 1509 6063 5940
f 1539 6064 6063
f 5940 6063 6064
f 388 6065 5944
f 1538 6066 6065
f 1509 5944 6066
f 6065 6066 5944
f 396 6067 6069
f 1539 6068 6067
f 1538 6069 6068
f 6067 6068 6069
f 1509 6066 6063
f 1538 6068 6066
f 1539 6063 6068
f 6066 6068 6063
f 377 6062 6052
f 1537 6070 6062
f 1535 6052 6070
f 6062 6070 6052
f 396 6069 6058
f 1538 6071 6069
f 1537 6058 6071
f 6069 6071 6058
f 388 6055 6065
f 1535 6072 6055
f 1538 6065 6072
f 6055 6072 6065
f 1537 6071 6070
f 1538 6072 6071
f 1535 6070 6072
f 6071 6072 6070
f 102 6042 6012
f 1534 6073 6042
f 1526 6012 6073
f 6042 6073 6012
f 395 6074 6045
f 1540 6075 6074
f 1534 6045 6075
f 6074 6075 6045
f 394 6016 6077
f 1526 6076 6016
f 1540 6077 6076
f 6016 6076 6077
f 1534 6075 6073
f 1540 6076 6075
f 1526 6073 6076
f 6075 6076 6073
f 104 6064 6034
f 1539 6078 6064
f 1531 6034 6078
f 6064 6078 6034
f 396 6079 6067
f 1541 6080 6079
f 1539 6067 6080
f 6079 6080 6067
f 395 6038 6082
f 1531 6081 6038
f 1541 6082 6081
f 6038 6081 6082
f 1539 6080 6078
f 1541 6081 6080
f 1531 6078 6081
f 6080 6081 6078
f 99 6020 6056
f 1529 6083 6020
f 1536 6056 6083
f 6020 6083 6056
f 394 6084 6023
f 1542 6085 6084
f 1529 6023 6085
f 6084 6085 6023
f 396 6060 6087
f 1536 6086 6060
f 1542 6087 6086
f 6060 6086 6087
f 1529 6085 6083
f 1542 6086 6085
f 1536 6083 6086
f 6085 6086 6083
f 395 6082 6074
f 1541 6088 6082
f 1540 6074 6088
f 6082 6088 6074
f 396 6087 6079
f 1542 6089 6087
f 1541 6079 6089
f 6087 6089 6079
f 394 6077 6084
f 1540 6090 6077
f 1542 6084 6090
f 6077 6090 6084
f 1541 6089 6088
f 1542 6090 6089
f 1540 6088 6090
f 6089 6090 6088
f 8 3565 6092
f 905 6091 3565
f 1544 6092 6091
f 3565 6091 6092
f 235 6093 3569
f 1543 6094 6093
f 905 3569 6094
f 6093 6094 3569
f 398 6095 6097
f 1544 6096 6095
f 1543 6097 6096
f 6095 6096 6097
f 905 6094 6091
f 1543 6096 6094
f 1544 6091 6096
f 6094 6096 6091
f 65 6098 3581
f 1545 6099 6098
f 909 3581 6099
f 6098 6099 3581
f 397 6100 6102
f 1546 6101 6100
f 1545 6102 6101
f 6100 6101 6102
f 235 3586 6104
f 909 6103 3586
f 1546 6104 6103
f 3586 6103 6104
f 1545 6101 6099
f 1546 6103 6101
f 909 6099 6103
f 6101 6103 6099
f 107 6105 6107
f 1547 6106 6105
f 1549 6107 6106
f 6105 6106 6107
f 398 6108 6110
f 1548 6109 6108
f 1547 6110 6109
f 6108 6109 6110
f 397 6111 6113
f 1549 6112 6111
f 1548 6113 6112
f 6111 6112 6113
f 1547 6109 6106
f 1548 6112 6109
f 1549 6106 6112
f 6109 6112 6106
f 235 6104 6093
f 1546 6114 6104
f 1543 6093 6114
f 6104 6114 6093
f 397 6113 6100
f 1548 6115 6113
f 1546 6100 6115
f 6113 6115 6100
f 398 6097 6108
f 1543 6116 6097
f 1548 6108 6116
f 6097 6116 6108
f 1546 6115 6114
f 1548 6116 6115
f 1543 6114 6116
f 6115 6116 6114
f 18 6117 3623
f 1550 6118 6117
f 921 3623 6118
f 6117 6118 3623
f 399 6119 6121
f 1551 6120 6119
f 1550 6121 6120
f 6119 6120 6121
f 239 3628 6123
f 921 6122 3628
f 1551 6123 6122
f 3628 6122 6123
f 1550 6120 6118
f 1551 6122 6120
f 921 6118 6122
f 6120 6122 6118
f 106 6124 6126
f 1552 6125 6124
f 1554 6126 6125
f 6124 6125 6126
f 400 6127 6129
f 1553 6128 6127
f 1552 6129 6128
f 6127 6128 6129
f 399 6130 6132
f 1554 6131 6130
f 1553 6132 6131
f 6130 6131 6132
f 1552 6128 6125
f 1553 6131 6128
f 1554 6125 6131
f 6128 6131 6125
f 65 3634 6134
f 926 6133 3634
f 1556 6134 6133
f 3634 6133 6134
f 239 6135 3638
f 1555 6136 6135
f 926 3638 6136
f 6135 6136 3638
f 400 6137 6139
f 1556 6138 6137
f 1555 6139 6138
f 6137 6138 6139
f 926 6136 6133
f 1555 6138 6136
f 1556 6133 6138
f 6136 6138 6133
f 399 6132 6119
f 1553 6140 6132
f 1551 6119 6140
f 6132 6140 6119
f 400 6139 6127
f 1555 6141 6139
f 1553 6127 6141
f 6139 6141 6127
f 239 6123 6135
f 1551 6142 6123
f 1555 6135 6142
f 6123 6142 6135
f 1553 6141 6140
f 1555 6142 6141
f 1551 6140 6142
f 6141 6142 6140
f 32 6143 6145
f 1557 6144 6143
f 1559 6145 6144
f 6143 6144 6145
f 401 6146 6148
f 1558 6147 6146
f 1557 6148 6147
f 6146 6147 6148
f 403 6149 6151
f 1559 6150 6149
f 1558 6151 6150
f 6149 6150 6151
f 1557 6147 6144
f 1558 6150 6147
f 1559 6144 6150
f 6147 6150 6144
f 107 6152 6154
f 1560 6153 6152
f 1562 6154 6153
f 6152 6153 6154
f 402 6155 6157
f 1561 6156 6155
f 1560 6157 6156
f 6155 6156 6157
f 401 6158 6160
f 1562 6159 6158
f 1561 6160 6159
f 6158 6159 6160
f 1560 6156 6153
f 1561 6159 6156
f 1562 6153 6159
f 6156 6159 6153
f 106 6161 6163
f 1563 6162 6161
f 1565 6163 6162
f 6161 6162 6163
f 403 6164 6166
f 1564 6165 6164
f 1563 6166 6165
f 6164 6165 6166
f 402 6167 6169
f 1565 6168 6167
f 1564 6169 6168
f 6167 6168 6169
f 1563 6165 6162
f 1564 6168 6165
f 1565 6162 6168
f 6165 6168 6162
f 401 6160 6146
f 1561 6170 6160
f 1558 6146 6170
f 6160 6170 6146
f 402 6169 6155
f 1564 6171 6169
f 1561 6155 6171
f 6169 6171 6155
f 403 6151 6164
f 1558 6172 6151
f 1564 6164 6172
f 6151 6172 6164
f 1561 6171 6170
f 1564 6172 6171
f 1558 6170 6172
f 6171 6172 6170
f 65 6134 6098
f 1556 6173 6134
f 1545 6098 6173
f 6134 6173 6098
f 400 6174 6137
f 1566 6175 6174
f 1556 6137 6175
f 6174 6175 6137
f 397 6102 6177
f 1545 6176 6102
f 1566 6177 6176
f 6102 6176 6177
f 1556 6175 6173
f 1566 6176 6175
f 1545 6173 6176
f 6175 6176 6173
f 106 6163 6124
f 1565 6178 6163
f 1552 6124 6178
f 6163 6178 6124
f 402 6179 6167
f 1567 6180 6179
f 1565 6167 6180
f 6179 6180 6167
f 400 6129 6182
f 1552 6181 6129
f 1567 6182 6181
f 6129 6181 6182
f 1565 6180 6178
f 1567 6181 6180
f 1552 6178 6181
f 6180 6181 6178
f 107 6107 6152
f 1549 6183 6107
f 1560 6152 6183
f 6107 6183 6152
f 397 6184 6111
f 1568 6185 6184
f 1549 6111 6185
f 6184 6185 6111
f 402 6157 6187
f 1560 6186 6157
f 1568 6187 6186
f 6157 6186 6187
f 1549 6185 6183
f 1568 6186 6185
f 1560 6183 6186
f 6185 6186 6183
f 400 6182 6174
f 1567 6188 6182
f 1566 6174 6188
f 6182 6188 6174
f 402 6187 6179
f 1568 6189 6187
f 1567 6179 6189
f 6187 6189 6179
f 397 6177 6184
f 1566 6190 6177
f 1568 6184 6190
f 6177 6190 6184
f 1567 6189 6188
f 1568 6190 6189
f 1566 6188 6190
f 6189 6190 6188
f 2 6191 3463
f 1569 6192 6191
f 877 3463 6192
f 6191 6192 3463
f 404 6193 6195
f 1570 6194 6193
f 1569 6195 6194
f 6193 6194 6195
f 226 3467 6197
f 877 6196 3467
f 1570 6197 6196
f 3467 6196 6197
f 1569 6194 6192
f 1570 6196 6194
f 877 6192 6196
f 6194 6196 6192
f 108 6198 6200
f 1571 6199 6198
f 1573 6200 6199
f 6198 6199 6200
f 405 6201 6203
f 1572 6202 6201
f 1571 6203 6202
f 6201 6202 6203
f 404 6204 6206
f 1573 6205 6204
f 1572 6206 6205
f 6204 6205 6206
f 1571 6202 6199
f 1572 6205 6202
f 1573 6199 6205
f 6202 6205 6199
f 61 3472 6208
f 881 6207 3472
f 1575 6208 6207
f 3472 6207 6208
f 226 6209 3476
f 1574 6210 6209
f 881 3476 6210
f 6209 6210 3476
f 405 6211 6213
f 1575 6212 6211
f 1574 6213 6212
f 6211 6212 6213
f 881 6210 6207
f 1574 6212 6210
f 1575 6207 6212
f 6210 6212 6207
f 404 6206 6193
f 1572 6214 6206
f 1570 6193 6214
f 6206 6214 6193
f 405 6213 6201
f 1574 6215 6213
f 1572 6201 6215
f 6213 6215 6201
f 226 6197 6209
f 1570 6216 6197
f 1574 6209 6216
f 6197 6216 6209
f 1572 6215 6214
f 1574 6216 6215
f 1570 6214 6216
f 6215 6216 6214
f 31 6217 6219
f 1576 6218 6217
f 1578 6219 6218
f 6217 6218 6219
f 406 6220 6222
f 1577 6221 6220
f 1576 6222 6221
f 6220 6221 6222
f 408 6223 6225
f 1578 6224 6223
f 1577 6225 6224
f 6223 6224 6225
f 1576 6221 6218
f 1577 6224 6221
f 1578 6218 6224
f 6221 6224 6218
f 109 6226 6228
f 1579 6227 6226
f 1581 6228 6227
f 6226 6227 6228
f 407 6229 6231
f 1580 6230 6229
f 1579 6231 6230
f 6229 6230 6231
f 406 6232 6234
f 1581 6233 6232
f 1580 6234 6233
f 6232 6233 6234
f 1579 6230 6227
f 1580 6233 6230
f 1581 6227 6233
f 6230 6233 6227
f 108 6235 6237
f 1582 6236 6235
f 1584 6237 6236
f 6235 6236 6237
f 408 6238 6240
f 1583 6239 6238
f 1582 6240 6239
f 6238 6239 6240
f 407 6241 6243
f 1584 6242 6241
f 1583 6243 6242
f 6241 6242 6243
f 1582 6239 6236
f 1583 6242 6239
f 1584 6236 6242
f 6239 6242 6236
f 406 6234 6220
f 1580 6244 6234
f 1577 6220 6244
f 6234 6244 6220
f 407 6243 6229
f 1583 6245 6243
f 1580 6229 6245
f 6243 6245 6229
f 408 6225 6238
f 1577 6246 6225
f 1583 6238 6246
f 6225 6246 6238
f 1580 6245 6244
f 1583 6246 6245
f 1577 6244 6246
f 6245 6246 6244
f 18 3491 6248
f 886 6247 3491
f 1586 6248 6247
f 3491 6247 6248
f 230 6249 3495
f 1585 6250 6249
f 886 3495 6250
f 6249 6250 3495
f 410 6251 6253
f 1586 6252 6251
f 1585 6253 6252
f 6251 6252 6253
f 886 6250 6247
f 1585 6252 6250
f 1586 6247 6252
f 6250 6252 6247
f 61 6254 3507
f 1587 6255 6254
f 890 3507 6255
f 6254 6255 3507
f 409 6256 6258
f 1588 6257 6256
f 1587 6258 6257
f 6256 6257 6258
f 230 3512 6260
f 890 6259 3512
f 1588 6260 6259
f 3512 6259 6260
f 1587 6257 6255
f 1588 6259 6257
f 890 6255 6259
f 6257 6259 6255
f 109 6261 6263
f 1589 6262 6261
f 1591 6263 6262
f 6261 6262 6263
f 410 6264 6266
f 1590 6265 6264
f 1589 6266 6265
f 6264 6265 6266
f 409 6267 6269
f 1591 6268 6267
f 1590 6269 6268
f 6267 6268 6269
f 1589 6265 6262
f 1590 6268 6265
f 1591 6262 6268
f 6265 6268 6262
f 230 6260 6249
f 1588 6270 6260
f 1585 6249 6270
f 6260 6270 6249
f 409 6269 6256
f 1590 6271 6269
f 1588 6256 6271
f 6269 6271 6256
f 410 6253 6264
f 1585 6272 6253
f 1590 6264 6272
f 6253 6272 6264
f 1588 6271 6270
f 1590 6272 6271
f 1585 6270 6272
f 6271 6272 6270
f 108 6237 6198
f 1584 6273 6237
f 1571 6198 6273
f 6237 6273 6198
f 407 6274 6241
f 1592 6275 6274
f 1584 6241 6275
f 6274 6275 6241
f 405 6203 6277
f 1571 6276 6203
f 1592 6277 6276
f 6203 6276 6277
f 1584 6275 6273
f 1592 6276 6275
f 1571 6273 6276
f 6275 6276 6273
f 109 6263 6226
f 1591 6278 6263
f 1579 6226 6278
f 6263 6278 6226
f 409 6279 6267
f 1593 6280 6279
f 1591 6267 6280
f 6279 6280 6267
f 407 6231 6282
f 1579 6281 6231
f 1593 6282 6281
f 6231 6281 6282
f 1591 6280 6278
f 1593 6281 6280
f 1579 6278 6281
f 6280 6281 6278
f 61 6208 6254
f 1575 6283 6208
f 1587 6254 6283
f 6208 6283 6254
f 405 6284 6211
f 1594 6285 6284
f 1575 6211 6285
f 6284 6285 6211
f 409 6258 6287
f 1587 6286 6258
f 1594 6287 6286
f 6258 6286 6287
f 1575 6285 6283
f 1594 6286 6285
f 1587 6283 6286
f 6285 6286 6283
f 407 6282 6274
f 1593 6288 6282
f 1592 6274 6288
f 6282 6288 6274
f 409 6287 6279
f 1594 6289 6287
f 1593 6279 6289
f 6287 6289 6279
f 405 6277 6284
f 1592 6290 6277
f 1594 6284 6290
f 6277 6290 6284
f 1593 6289 6288
f 1594 6290 6289
f 1592 6288 6290
f 6289 6290 6288
f 9 6291 6293
f 1595 6292 6291
f 1597 6293 6292
f 6291 6292 6293
f 411 6294 6296
f 1596 6295 6294
f 1595 6296 6295
f 6294 6295 6296
f 413 6297 6299
f 1597 6298 6297
f 1596 6299 6298
f 6297 6298 6299
f 1595 6295 6292
f 1596 6298 6295
f 1597 6292 6298
f 6295 6298 6292
f 110 6300 6302
f 1598 6301 6300
f 1600 6302 6301
f 6300 6301 6302
f 412 6303 6305
f 1599 6304 6303
f 1598 6305 6304
f 6303 6304 6305
f 411 6306 6308
f 1600 6307 6306
f 1599 6308 6307
f 6306 6307 6308
f 1598 6304 6301
f 1599 6307 6304
f 1600 6301 6307
f 6304 6307 6301
f 112 6309 6311
f 1601 6310 6309
f 1603 6311 6310
f 6309 6310 6311
f 413 6312 6314
f 1602 6313 6312
f 1601 6314 6313
f 6312 6313 6314
f 412 6315 6317
f 1603 6316 6315
f 1602 6317 6316
f 6315 6316 6317
f 1601 6313 6310
f 1602 6316 6313
f 1603 6310 6316
f 6313 6316 6310
f 411 6308 6294
f 1599 6318 6308
f 1596 6294 6318
f 6308 6318 6294
f 412 6317 6303
f 1602 6319 6317
f 1599 6303 6319
f 6317 6319 6303
f 413 6299 6312
f 1596 6320 6299
f 1602 6312 6320
f 6299 6320 6312
f 1599 6319 6318
f 1602 6320 6319
f 1596 6318 6320
f 6319 6320 6318
f 32 6321 6323
f 1604 6322 6321
f 1606 6323 6322
f 6321 6322 6323
f 414 6324 6326
f 1605 6325 6324
f 1604 6326 6325
f 6324 6325 6326
f 416 6327 6329
f 1606 6328 6327
f 1605 6329 6328
f 6327 6328 6329
f 1604 6325 6322
f 1605 6328 6325
f 1606 6322 6328
f 6325 6328 6322
f 111 6330 6332
f 1607 6331 6330
f 1609 6332 6331
f 6330 6331 6332
f 415 6333 6335
f 1608 6334 6333
f 1607 6335 6334
f 6333 6334 6335
f 414 6336 6338
f 1609 6337 6336
f 1608 6338 6337
f 6336 6337 6338
f 1607 6334 6331
f 1608 6337 6334
f 1609 6331 6337
f 6334 6337 6331
f 110 6339 6341
f 1610 6340 6339
f 1612 6341 6340
f 6339 6340 6341
f 416 6342 6344
f 1611 6343 6342
f 1610 6344 6343
f 6342 6343 6344
f 415 6345 6347
f 1612 6346 6345
f 1611 6347 6346
f 6345 6346 6347
f 1610 6343 6340
f 1611 6346 6343
f 1612 6340 6346
f 6343 6346 6340
f 414 6338 6324
f 1608 6348 6338
f 1605 6324 6348
f 6338 6348 6324
f 415 6347 6333
f 1611 6349 6347
f 1608 6333 6349
f 6347 6349 6333
f 416 6329 6342
f 1605 6350 6329
f 1611 6342 6350
f 6329 6350 6342
f 1608 6349 6348
f 1611 6350 6349
f 1605 6348 6350
f 6349 6350 6348
f 31 6351 6353
f 1613 6352 6351
f 1615 6353 6352
f 6351 6352 6353
f 417 6354 6356
f 1614 6355 6354
f 1613 6356 6355
f 6354 6355 6356
f 419 6357 6359
f 1615 6358 6357
f 1614 6359 6358
f 6357 6358 6359
f 1613 6355 6352
f 1614 6358 6355
f 1615 6352 6358
f 6355 6358 6352
f 112 6360 6362
f 1616 6361 6360
f 1618 6362 6361
f 6360 6361 6362
f 418 6363 6365
f 1617 6364 6363
f 1616 6365 6364
f 6363 6364 6365
f 417 6366 6368
f 1618 6367 6366
f 1617 6368 6367
f 6366 6367 6368
f 1616 6364 6361
f 1617 6367 6364
f 1618 6361 6367
f 6364 6367 6361
f 111 6369 6371
f 1619 6370 6369
f 1621 6371 6370
f 6369 6370 6371
f 419 6372 6374
f 1620 6373 6372
f 1619 6374 6373
f 6372 6373 6374
f 418 6375 6377
f 1621 6376 6375
f 1620 6377 6376
f 6375 6376 6377
f 1619 6373 6370
f 1620 6376 6373
f 1621 6370 6376
f 6373 6376 6370
f 417 6368 6354
f 1617 6378 6368
f 1614 6354 6378
f 6368 6378 6354
f 418 6377 6363
f 1620 6379 6377
f 1617 6363 6379
f 6377 6379 6363
f 419 6359 6372
f 1614 6380 6359
f 1620 6372 6380
f 6359 6380 6372
f 1617 6379 6378
f 1620 6380 6379
f 1614 6378 6380
f 6379 6380 6378
f 110 6341 6300
f 1612 6381 6341
f 1598 6300 6381
f 6341 6381 6300
f 415 6382 6345
f 1622 6383 6382
f 1612 6345 6383
f 6382 6383 6345
f 412 6305 6385
f 1598 6384 6305
f 1622 6385 6384
f 6305 6384 6385
f 1612 6383 6381
f 1622 6384 6383
f 1598 6381 6384
f 6383 6384 6381
f 111 6371 6330
f 1621 6386 6371
f 1607 6330 6386
f 6371 6386 6330
f 418 6387 6375
f 1623 6388 6387
f 1621 6375 6388
f 6387 6388 6375
f 415 6335 6390
f 1607 6389 6335
f 1623 6390 6389
f 6335 6389 6390
f 1621 6388 6386
f 1623 6389 6388
f 1607 6386 6389
f 6388 6389 6386
f 112 6311 6360
f 1603 6391 6311
f 1616 6360 6391
f 6311 6391 6360
f 412 6392 6315
f 1624 6393 6392
f 1603 6315 6393
f 6392 6393 6315
f 418 6365 6395
f 1616 6394 6365
f 1624 6395 6394
f 6365 6394 6395
f 1603 6393 6391
f 1624 6394 6393
f 1616 6391 6394
f 6393 6394 6391
f 415 6390 6382
f 1623 6396 6390
f 1622 6382 6396
f 6390 6396 6382
f 418 6395 6387
f 1624 6397 6395
f 1623 6387 6397
f 6395 6397 6387
f 412 6385 6392
f 1622 6398 6385
f 1624 6392 6398
f 6385 6398 6392
f 1623 6397 6396
f 1624 6398 6397
f 1622 6396 6398
f 6397 6398 6396
f 18 6248 6117
f 1586 6399 6248
f 1550 6117 6399
f 6248 6399 6117
f 410 6400 6251
f 1625 6401 6400
f 1586 6251 6401
f 6400 6401 6251
f 399 6121 6403
f 1550 6402 6121
f 1625 6403 6402
f 6121 6402 6403
f 1586 6401 6399
f 1625 6402 6401
f 1550 6399 6402
f 6401 6402 6399
f 109 6404 6261
f 1626 6405 6404
f 1589 6261 6405
f 6404 6405 6261
f 420 6406 6408
f 1627 6407 6406
f 1626 6408 6407
f 6406 6407 6408
f 410 6266 6410
f 1589 6409 6266
f 1627 6410 6409
f 6266 6409 6410
f 1626 6407 6405
f 1627 6409 6407
f 1589 6405 6409
f 6407 6409 6405
f 106 6126 6412
f 1554 6411 6126
f 1629 6412 6411
f 6126 6411 6412
f 399 6413 6130
f 1628 6414 6413
f 1554 6130 6414
f 6413 6414 6130
f 420 6415 6417
f 1629 6416 6415
f 1628 6417 6416
f 6415 6416 6417
f 1554 6414 6411
f 1628 6416 6414
f 1629 6411 6416
f 6414 6416 6411
f 410 6410 6400
f 1627 6418 6410
f 1625 6400 6418
f 6410 6418 6400
f 420 6417 6406
f 1628 6419 6417
f 1627 6406 6419
f 6417 6419 6406
f 399 6403 6413
f 1625 6420 6403
f 1628 6413 6420
f 6403 6420 6413
f 1627 6419 6418
f 1628 6420 6419
f 1625 6418 6420
f 6419 6420 6418
f 31 6353 6217
f 1615 6421 6353
f 1576 6217 6421
f 6353 6421 6217
f 419 6422 6357
f 1630 6423 6422
f 1615 6357 6423
f 6422 6423 6357
f 406 6222 6425
f 1576 6424 6222
f 1630 6425 6424
f 6222 6424 6425
f 1615 6423 6421
f 1630 6424 6423
f 1576 6421 6424
f 6423 6424 6421
f 111 6426 6369
f 1631 6427 6426
f 1619 6369 6427
f 6426 6427 6369
f 421 6428 6430
f 1632 6429 6428
f 1631 6430 6429
f 6428 6429 6430
f 419 6374 6432
f 1619 6431 6374
f 1632 6432 6431
f 6374 6431 6432
f 1631 6429 6427
f 1632 6431 6429
f 1619 6427 6431
f 6429 6431 6427
f 109 6228 6434
f 1581 6433 6228
f 1634 6434 6433
f 6228 6433 6434
f 406 6435 6232
f 1633 6436 6435
f 1581 6232 6436
f 6435 6436 6232
f 421 6437 6439
f 1634 6438 6437
f 1633 6439 6438
f 6437 6438 6439
f 1581 6436 6433
f 1633 6438 6436
f 1634 6433 6438
f 6436 6438 6433
f 419 6432 6422
f 1632 6440 6432
f 1630 6422 6440
f 6432 6440 6422
f 421 6439 6428
f 1633 6441 6439
f 1632 6428 6441
f 6439 6441 6428
f 406 6425 6435
f 1630 6442 6425
f 1633 6435 6442
f 6425 6442 6435
f 1632 6441 6440
f 1633 6442 6441
f 1630 6440 6442
f 6441 6442 6440
f 32 6145 6321
f 1559 6443 6145
f 1604 6321 6443
f 6145 6443 6321
f 403 6444 6149
f 1635 6445 6444
f 1559 6149 6445
f 6444 6445 6149
f 414 6326 6447
f 1604 6446 6326
f 1635 6447 6446
f 6326 6446 6447
f 1559 6445 6443
f 1635 6446 6445
f 1604 6443 6446
f 6445 6446 6443
f 106 6448 6161
f 1636 6449 6448
f 1563 6161 6449
f 6448 6449 6161
f 422 6450 6452
f 1637 6451 6450
f 1636 6452 6451
f 6450 6451 6452
f 403 6166 6454
f 1563 6453 6166
f 1637 6454 6453
f 6166 6453 6454
f 1636 6451 6449
f 1637 6453 6451
f 1563 6449 6453
f 6451 6453 6449
f 111 6332 6456
f 1609 6455 6332
f 1639 6456 6455
f 6332 6455 6456
f 414 6457 6336
f 1638 6458 6457
f 1609 6336 6458
f 6457 6458 6336
f 422 6459 6461
f 1639 6460 6459
f 1638 6461 6460
f 6459 6460 6461
f 1609 6458 6455
f 1638 6460 6458
f 1639 6455 6460
f 6458 6460 6455
f 403 6454 6444
f 1637 6462 6454
f 1635 6444 6462
f 6454 6462 6444
f 422 6461 6450
f 1638 6463 6461
f 1637 6450 6463
f 6461 6463 6450
f 414 6447 6457
f 1635 6464 6447
f 1638 6457 6464
f 6447 6464 6457
f 1637 6463 6462
f 1638 6464 6463
f 1635 6462 6464
f 6463 6464 6462
f 109 6434 6404
f 1634 6465 6434
f 1626 6404 6465
f 6434 6465 6404
f 421 6466 6437
f 1640 6467 6466
f 1634 6437 6467
f 6466 6467 6437
f 420 6408 6469
f 1626 6468 6408
f 1640 6469 6468
f 6408 6468 6469
f 1634 6467 6465
f 1640 6468 6467
f 1626 6465 6468
f 6467 6468 6465
f 111 6456 6426
f 1639 6470 6456
f 1631 6426 6470
f 6456 6470 6426
f 422 6471 6459
f 1641 6472 6471
f 1639 6459 6472
f 6471 6472 6459
f 421 6430 6474
f 1631 6473 6430
f 1641 6474 6473
f 6430 6473 6474
f 1639 6472 6470
f 1641 6473 6472
f 1631 6470 6473
f 6472 6473 6470
f 106 6412 6448
f 1629 6475 6412
f 1636 6448 6475
f 6412 6475 6448
f 420 6476 6415
f 1642 6477 6476
f 1629 6415 6477
f 6476 6477 6415
f 422 6452 6479
f 1636 6478 6452
f 1642 6479 6478
f 6452 6478 6479
f 1629 6477 6475
f 1642 6478 6477
f 1636 6475 6478
f 6477 6478 6475
f 421 6474 6466
f 1641 6480 6474
f 1640 6466 6480
f 6474 6480 6466
f 422 6479 6471
f 1642 6481 6479
f 1641 6471 6481
f 6479 6481 6471
f 420 6469 6476
f 1640 6482 6469
f 1642 6476 6482
f 6469 6482 6476
f 1641 6481 6480
f 1642 6482 6481
f 1640 6480 6482
f 6481 6482 6480
f 4 6483 6485
f 1643 6484 6483
f 1645 6485 6484
f 6483 6484 6485
f 423 6486 6488
f 1644 6487 6486
f 1643 6488 6487
f 6486 6487 6488
f 425 6489 6491
f 1645 6490 6489
f 1644 6491 6490
f 6489 6490 6491
f 1643 6487 6484
f 1644 6490 6487
f 1645 6484 6490
f 6487 6490 6484
f 113 6492 6494
f 1646 6493 6492
f 1648 6494 6493
f 6492 6493 6494
f 424 6495 6497
f 1647 6496 6495
f 1646 6497 6496
f 6495 6496 6497
f 423 6498 6500
f 1648 6499 6498
f 1647 6500 6499
f 6498 6499 6500
f 1646 6496 6493
f 1647 6499 6496
f 1648 6493 6499
f 6496 6499 6493
f 115 6501 6503
f 1649 6502 6501
f 1651 6503 6502
f 6501 6502 6503
f 425 6504 6506
f 1650 6505 6504
f 1649 6506 6505
f 6504 6505 6506
f 424 6507 6509
f 1651 6508 6507
f 1650 6509 6508
f 6507 6508 6509
f 1649 6505 6502
f 1650 6508 6505
f 1651 6502 6508
f 6505 6508 6502
f 423 6500 6486
f 1647 6510 6500
f 1644 6486 6510
f 6500 6510 6486
f 424 6509 6495
f 1650 6511 6509
f 1647 6495 6511
f 6509 6511 6495
f 425 6491 6504
f 1644 6512 6491
f 1650 6504 6512
f 6491 6512 6504
f 1647 6511 6510
f 1650 6512 6511
f 1644 6510 6512
f 6511 6512 6510
f 33 6513 6515
f 1652 6514 6513
f 1654 6515 6514
f 6513 6514 6515
f 426 6516 6518
f 1653 6517 6516
f 1652 6518 6517
f 6516 6517 6518
f 428 6519 6521
f 1654 6520 6519
f 1653 6521 6520
f 6519 6520 6521
f 1652 6517 6514
f 1653 6520 6517
f 1654 6514 6520
f 6517 6520 6514
f 114 6522 6524
f 1655 6523 6522
f 1657 6524 6523
f 6522 6523 6524
f 427 6525 6527
f 1656 6526 6525
f 1655 6527 6526
f 6525 6526 6527
f 426 6528 6530
f 1657 6529 6528
f 1656 6530 6529
f 6528 6529 6530
f 1655 6526 6523
f 1656 6529 6526
f 1657 6523 6529
f 6526 6529 6523
f 113 6531 6533
f 1658 6532 6531
f 1660 6533 6532
f 6531 6532 6533
f 428 6534 6536
f 1659 6535 6534
f 1658 6536 6535
f 6534 6535 6536
f 427 6537 6539
f 1660 6538 6537
f 1659 6539 6538
f 6537 6538 6539
f 1658 6535 6532
f 1659 6538 6535
f 1660 6532 6538
f 6535 6538 6532
f 426 6530 6516
f 1656 6540 6530
f 1653 6516 6540
f 6530 6540 6516
f 427 6539 6525
f 1659 6541 6539
f 1656 6525 6541
f 6539 6541 6525
f 428 6521 6534
f 1653 6542 6521
f 1659 6534 6542
f 6521 6542 6534
f 1656 6541 6540
f 1659 6542 6541
f 1653 6540 6542
f 6541 6542 6540
f 35 6543 6545
f 1661 6544 6543
f 1663 6545 6544
f 6543 6544 6545
f 429 6546 6548
f 1662 6547 6546
f 1661 6548 6547
f 6546 6547 6548
f 431 6549 6551
f 1663 6550 6549
f 1662 6551 6550
f 6549 6550 6551
f 1661 6547 6544
f 1662 6550 6547
f 1663 6544 6550
f 6547 6550 6544
f 115 6552 6554
f 1664 6553 6552
f 1666 6554 6553
f 6552 6553 6554
f 430 6555 6557
f 1665 6556 6555
f 1664 6557 6556
f 6555 6556 6557
f 429 6558 6560
f 1666 6559 6558
f 1665 6560 6559
f 6558 6559 6560
f 1664 6556 6553
f 1665 6559 6556
f 1666 6553 6559
f 6556 6559 6553
f 114 6561 6563
f 1667 6562 6561
f 1669 6563 6562
f 6561 6562 6563
f 431 6564 6566
f 1668 6565 6564
f 1667 6566 6565
f 6564 6565 6566
f 430 6567 6569
f 1669 6568 6567
f 1668 6569 6568
f 6567 6568 6569
f 1667 6565 6562
f 1668 6568 6565
f 1669 6562 6568
f 6565 6568 6562
f 429 6560 6546
f 1665 6570 6560
f 1662 6546 6570
f 6560 6570 6546
f 430 6569 6555
f 1668 6571 6569
f 1665 6555 6571
f 6569 6571 6555
f 431 6551 6564
f 1662 6572 6551
f 1668 6564 6572
f 6551 6572 6564
f 1665 6571 6570
f 1668 6572 6571
f 1662 6570 6572
f 6571 6572 6570
f 113 6533 6492
f 1660 6573 6533
f 1646 6492 6573
f 6533 6573 6492
f 427 6574 6537
f 1670 6575 6574
f 1660 6537 6575
f 6574 6575 6537
f 424 6497 6577
f 1646 6576 6497
f 1670 6577 6576
f 6497 6576 6577
f 1660 6575 6573
f 1670 6576 6575
f 1646 6573 6576
f 6575 6576 6573
f 114 6563 6522
f 1669 6578 6563
f 1655 6522 6578
f 6563 6578 6522
f 430 6579 6567
f 1671 6580 6579
f 1669 6567 6580
f 6579 6580 6567
f 427 6527 6582
f 1655 6581 6527
f 1671 6582 6581
f 6527 6581 6582
f 1669 6580 6578
f 1671 6581 6580
f 1655 6578 6581
f 6580 6581 6578
f 115 6503 6552
f 1651 6583 6503
f 1664 6552 6583
f 6503 6583 6552
f 424 6584 6507
f 1672 6585 6584
f 1651 6507 6585
f 6584 6585 6507
f 430 6557 6587
f 1664 6586 6557
f 1672 6587 6586
f 6557 6586 6587
f 1651 6585 6583
f 1672 6586 6585
f 1664 6583 6586
f 6585 6586 6583
f 427 6582 6574
f 1671 6588 6582
f 1670 6574 6588
f 6582 6588 6574
f 430 6587 6579
f 1672 6589 6587
f 1671 6579 6589
f 6587 6589 6579
f 424 6577 6584
f 1670 6590 6577
f 1672 6584 6590
f 6577 6590 6584
f 1671 6589 6588
f 1672 6590 6589
f 1670 6588 6590
f 6589 6590 6588
f 10 6591 6593
f 1673 6592 6591
f 1675 6593 6592
f 6591 6592 6593
f 432 6594 6596
f 1674 6595 6594
f 1673 6596 6595
f 6594 6595 6596
f 434 6597 6599
f 1675 6598 6597
f 1674 6599 6598
f 6597 6598 6599
f 1673 6595 6592
f 1674 6598 6595
f 1675 6592 6598
f 6595 6598 6592
f 116 6600 6602
f 1676 6601 6600
f 1678 6602 6601
f 6600 6601 6602
f 433 6603 6605
f 1677 6604 6603
f 1676 6605 6604
f 6603 6604 6605
f 432 6606 6608
f 1678 6607 6606
f 1677 6608 6607
f 6606 6607 6608
f 1676 6604 6601
f 1677 6607 6604
f 1678 6601 6607
f 6604 6607 6601
f 118 6609 6611
f 1679 6610 6609
f 1681 6611 6610
f 6609 6610 6611
f 434 6612 6614
f 1680 6613 6612
f 1679 6614 6613
f 6612 6613 6614
f 433 6615 6617
f 1681 6616 6615
f 1680 6617 6616
f 6615 6616 6617
f 1679 6613 6610
f 1680 6616 6613
f 1681 6610 6616
f 6613 6616 6610
f 432 6608 6594
f 1677 6618 6608
f 1674 6594 6618
f 6608 6618 6594
f 433 6617 6603
f 1680 6619 6617
f 1677 6603 6619
f 6617 6619 6603
f 434 6599 6612
f 1674 6620 6599
f 1680 6612 6620
f 6599 6620 6612
f 1677 6619 6618
f 1680 6620 6619
f 1674 6618 6620
f 6619 6620 6618
f 34 6621 6623
f 1682 6622 6621
f 1684 6623 6622
f 6621 6622 6623
f 435 6624 6626
f 1683 6625 6624
f 1682 6626 6625
f 6624 6625 6626
f 437 6627 6629
f 1684 6628 6627
f 1683 6629 6628
f 6627 6628 6629
f 1682 6625 6622
f 1683 6628 6625
f 1684 6622 6628
f 6625 6628 6622
f 117 6630 6632
f 1685 6631 6630
f 1687 6632 6631
f 6630 6631 6632
f 436 6633 6635
f 1686 6634 6633
f 1685 6635 6634
f 6633 6634 6635
f 435 6636 6638
f 1687 6637 6636
f 1686 6638 6637
f 6636 6637 6638
f 1685 6634 6631
f 1686 6637 6634
f 1687 6631 6637
f 6634 6637 6631
f 116 6639 6641
f 1688 6640 6639
f 1690 6641 6640
f 6639 6640 6641
f 437 6642 6644
f 1689 6643 6642
f 1688 6644 6643
f 6642 6643 6644
f 436 6645 6647
f 1690 6646 6645
f 1689 6647 6646
f 6645 6646 6647
f 1688 6643 6640
f 1689 6646 6643
f 1690 6640 6646
f 6643 6646 6640
f 435 6638 6624
f 1686 6648 6638
f 1683 6624 6648
f 6638 6648 6624
f 436 6647 6633
f 1689 6649 6647
f 1686 6633 6649
f 6647 6649 6633
f 437 6629 6642
f 1683 6650 6629
f 1689 6642 6650
f 6629 6650 6642
f 1686 6649 6648
f 1689 6650 6649
f 1683 6648 6650
f 6649 6650 6648
f 33 6651 6653
f 1691 6652 6651
f 1693 6653 6652
f 6651 6652 6653
f 438 6654 6656
f 1692 6655 6654
f 1691 6656 6655
f 6654 6655 6656
f 440 6657 6659
f 1693 6658 6657
f 1692 6659 6658
f 6657 6658 6659
f 1691 6655 6652
f 1692 6658 6655
f 1693 6652 6658
f 6655 6658 6652
f 118 6660 6662
f 1694 6661 6660
f 1696 6662 6661
f 6660 6661 6662
f 439 6663 6665
f 1695 6664 6663
f 1694 6665 6664
f 6663 6664 6665
f 438 6666 6668
f 1696 6667 6666
f 1695 6668 6667
f 6666 6667 6668
f 1694 6664 6661
f 1695 6667 6664
f 1696 6661 6667
f 6664 6667 6661
f 117 6669 6671
f 1697 6670 6669
f 1699 6671 6670
f 6669 6670 6671
f 440 6672 6674
f 1698 6673 6672
f 1697 6674 6673
f 6672 6673 6674
f 439 6675 6677
f 1699 6676 6675
f 1698 6677 6676
f 6675 6676 6677
f 1697 6673 6670
f 1698 6676 6673
f 1699 6670 6676
f 6673 6676 6670
f 438 6668 6654
f 1695 6678 6668
f 1692 6654 6678
f 6668 6678 6654
f 439 6677 6663
f 1698 6679 6677
f 1695 6663 6679
f 6677 6679 6663
f 440 6659 6672
f 1692 6680 6659
f 1698 6672 6680
f 6659 6680 6672
f 1695 6679 6678
f 1698 6680 6679
f 1692 6678 6680
f 6679 6680 6678
f 116 6641 6600
f 1690 6681 6641
f 1676 6600 6681
f 6641 6681 6600
f 436 6682 6645
f 1700 6683 6682
f 1690 6645 6683
f 6682 6683 6645
f 433 6605 6685
f 1676 6684 6605
f 1700 6685 6684
f 6605 6684 6685
f 1690 6683 6681
f 1700 6684 6683
f 1676 6681 6684
f 6683 6684 6681
f 117 6671 6630
f 1699 6686 6671
f 1685 6630 6686
f 6671 6686 6630
f 439 6687 6675
f 1701 6688 6687
f 1699 6675 6688
f 6687 6688 6675
f 436 6635 6690
f 1685 6689 6635
f 1701 6690 6689
f 6635 6689 6690
f 1699 6688 6686
f 1701 6689 6688
f 1685 6686 6689
f 6688 6689 6686
f 118 6611 6660
f 1681 6691 6611
f 1694 6660 6691
f 6611 6691 6660
f 433 6692 6615
f 1702 6693 6692
f 1681 6615 6693
f 6692 6693 6615
f 439 6665 6695
f 1694 6694 6665
f 1702 6695 6694
f 6665 6694 6695
f 1681 6693 6691
f 1702 6694 6693
f 1694 6691 6694
f 6693 6694 6691
f 436 6690 6682
f 1701 6696 6690
f 1700 6682 6696
f 6690 6696 6682
f 439 6695 6687
f 1702 6697 6695
f 1701 6687 6697
f 6695 6697 6687
f 433 6685 6692
f 1700 6698 6685
f 1702 6692 6698
f 6685 6698 6692
f 1701 6697 6696
f 1702 6698 6697
f 1700 6696 6698
f 6697 6698 6696
f 5 6699 6701
f 1703 6700 6699
f 1705 6701 6700
f 6699 6700 6701
f 441 6702 6704
f 1704 6703 6702
f 1703 6704 6703
f 6702 6703 6704
f 443 6705 6707
f 1705 6706 6705
f 1704 6707 6706
f 6705 6706 6707
f 1703 6703 6700
f 1704 6706 6703
f 1705 6700 6706
f 6703 6706 6700
f 119 6708 6710
f 1706 6709 6708
f 1708 6710 6709
f 6708 6709 6710
f 442 6711 6713
f 1707 6712 6711
f 1706 6713 6712
f 6711 6712 6713
f 441 6714 6716
f 1708 6715 6714
f 1707 6716 6715
f 6714 6715 6716
f 1706 6712 6709
f 1707 6715 6712
f 1708 6709 6715
f 6712 6715 6709
f 121 6717 6719
f 1709 6718 6717
f 1711 6719 6718
f 6717 6718 6719
f 443 6720 6722
f 1710 6721 6720
f 1709 6722 6721
f 6720 6721 6722
f 442 6723 6725
f 1711 6724 6723
f 1710 6725 6724
f 6723 6724 6725
f 1709 6721 6718
f 1710 6724 6721
f 1711 6718 6724
f 6721 6724 6718
f 441 6716 6702
f 1707 6726 6716
f 1704 6702 6726
f 6716 6726 6702
f 442 6725 6711
f 1710 6727 6725
f 1707 6711 6727
f 6725 6727 6711
f 443 6707 6720
f 1704 6728 6707
f 1710 6720 6728
f 6707 6728 6720
f 1707 6727 6726
f 1710 6728 6727
f 1704 6726 6728
f 6727 6728 6726
f 35 6729 6731
f 1712 6730 6729
f 1714 6731 6730
f 6729 6730 6731
f 444 6732 6734
f 1713 6733 6732
f 1712 6734 6733
f 6732 6733 6734
f 446 6735 6737
f 1714 6736 6735
f 1713 6737 6736
f 6735 6736 6737
f 1712 6733 6730
f 1713 6736 6733
f 1714 6730 6736
f 6733 6736 6730
f 120 6738 6740
f 1715 6739 6738
f 1717 6740 6739
f 6738 6739 6740
f 445 6741 6743
f 1716 6742 6741
f 1715 6743 6742
f 6741 6742 6743
f 444 6744 6746
f 1717 6745 6744
f 1716 6746 6745
f 6744 6745 6746
f 1715 6742 6739
f 1716 6745 6742
f 1717 6739 6745
f 6742 6745 6739
f 119 6747 6749
f 1718 6748 6747
f 1720 6749 6748
f 6747 6748 6749
f 446 6750 6752
f 1719 6751 6750
f 1718 6752 6751
f 6750 6751 6752
f 445 6753 6755
f 1720 6754 6753
f 1719 6755 6754
f 6753 6754 6755
f 1718 6751 6748
f 1719 6754 6751
f 1720 6748 6754
f 6751 6754 6748
f 444 6746 6732
f 1716 6756 6746
f 1713 6732 6756
f 6746 6756 6732
f 445 6755 6741
f 1719 6757 6755
f 1716 6741 6757
f 6755 6757 6741
f 446 6737 6750
f 1713 6758 6737
f 1719 6750 6758
f 6737 6758 6750
f 1716 6757 6756
f 1719 6758 6757
f 1713 6756 6758
f 6757 6758 6756
f 34 6759 6761
f 1721 6760 6759
f 1723 6761 6760
f 6759 6760 6761
f 447 6762 6764
f 1722 6763 6762
f 1721 6764 6763
f 6762 6763 6764
f 449 6765 6767
f 1723 6766 6765
f 1722 6767 6766
f 6765 6766 6767
f 1721 6763 6760
f 1722 6766 6763
f 1723 6760 6766
f 6763 6766 6760
f 121 6768 6770
f 1724 6769 6768
f 1726 6770 6769
f 6768 6769 6770
f 448 6771 6773
f 1725 6772 6771
f 1724 6773 6772
f 6771 6772 6773
f 447 6774 6776
f 1726 6775 6774
f 1725 6776 6775
f 6774 6775 6776
f 1724 6772 6769
f 1725 6775 6772
f 1726 6769 6775
f 6772 6775 6769
f 120 6777 6779
f 1727 6778 6777
f 1729 6779 6778
f 6777 6778 6779
f 449 6780 6782
f 1728 6781 6780
f 1727 6782 6781
f 6780 6781 6782
f 448 6783 6785
f 1729 6784 6783
f 1728 6785 6784
f 6783 6784 6785
f 1727 6781 6778
f 1728 6784 6781
f 1729 6778 6784
f 6781 6784 6778
f 447 6776 6762
f 1725 6786 6776
f 1722 6762 6786
f 6776 6786 6762
f 448 6785 6771
f 1728 6787 6785
f 1725 6771 6787
f 6785 6787 6771
f 449 6767 6780
f 1722 6788 6767
f 1728 6780 6788
f 6767 6788 6780
f 1725 6787 6786
f 1728 6788 6787
f 1722 6786 6788
f 6787 6788 6786
f 119 6749 6708
f 1720 6789 6749
f 1706 6708 6789
f 6749 6789 6708
f 445 6790 6753
f 1730 6791 6790
f 1720 6753 6791
f 6790 6791 6753
f 442 6713 6793
f 1706 6792 6713
f 1730 6793 6792
f 6713 6792 6793
f 1720 6791 6789
f 1730 6792 6791
f 1706 6789 6792
f 6791 6792 6789
f 120 6779 6738
f 1729 6794 6779
f 1715 6738 6794
f 6779 6794 6738
f 448 6795 6783
f 1731 6796 6795
f 1729 6783 6796
f 6795 6796 6783
f 445 6743 6798
f 1715 6797 6743
f 1731 6798 6797
f 6743 6797 6798
f 1729 6796 6794
f 1731 6797 6796
f 1715 6794 6797
f 6796 6797 6794
f 121 6719 6768
f 1711 6799 6719
f 1724 6768 6799
f 6719 6799 6768
f 442 6800 6723
f 1732 6801 6800
f 1711 6723 6801
f 6800 6801 6723
f 448 6773 6803
f 1724 6802 6773
f 1732 6803 6802
f 6773 6802 6803
f 1711 6801 6799
f 1732 6802 6801
f 1724 6799 6802
f 6801 6802 6799
f 445 6798 6790
f 1731 6804 6798
f 1730 6790 6804
f 6798 6804 6790
f 448 6803 6795
f 1732 6805 6803
f 1731 6795 6805
f 6803 6805 6795
f 442 6793 6800
f 1730 6806 6793
f 1732 6800 6806
f 6793 6806 6800
f 1731 6805 6804
f 1732 6806 6805
f 1730 6804 6806
f 6805 6806 6804
f 33 6653 6513
f 1693 6807 6653
f 1652 6513 6807
f 6653 6807 6513
f 440 6808 6657
f 1733 6809 6808
f 1693 6657 6809
f 6808 6809 6657
f 426 6518 6811
f 1652 6810 6518
f 1733 6811 6810
f 6518 6810 6811
f 1693 6809 6807
f 1733 6810 6809
f 1652 6807 6810
f 6809 6810 6807
f 117 6812 6669
f 1734 6813 6812
f 1697 6669 6813
f 6812 6813 6669
f 450 6814 6816
f 1735 6815 6814
f 1734 6816 6815
f 6814 6815 6816
f 440 6674 6818
f 1697 6817 6674
f 1735 6818 6817
f 6674 6817 6818
f 1734 6815 6813
f 1735 6817 6815
f 1697 6813 6817
f 6815 6817 6813
f 114 6524 6820
f 1657 6819 6524
f 1737 6820 6819
f 6524 6819 6820
f 426 6821 6528
f 1736 6822 6821
f 1657 6528 6822
f 6821 6822 6528
f 450 6823 6825
f 1737 6824 6823
f 1736 6825 6824
f 6823 6824 6825
f 1657 6822 6819
f 1736 6824 6822
f 1737 6819 6824
f 6822 6824 6819
f 440 6818 6808
f 1735 6826 6818
f 1733 6808 6826
f 6818 6826 6808
f 450 6825 6814
f 1736 6827 6825
f 1735 6814 6827
f 6825 6827 6814
f 426 6811 6821
f 1733 6828 6811
f 1736 6821 6828
f 6811 6828 6821
f 1735 6827 6826
f 1736 6828 6827
f 1733 6826 6828
f 6827 6828 6826
f 34 6761 6621
f 1723 6829 6761
f 1682 6621 6829
f 6761 6829 6621
f 449 6830 6765
f 1738 6831 6830
f 1723 6765 6831
f 6830 6831 6765
f 435 6626 6833
f 1682 6832 6626
f 1738 6833 6832
f 6626 6832 6833
f 1723 6831 6829
f 1738 6832 6831
f 1682 6829 6832
f 6831 6832 6829
f 120 6834 6777
f 1739 6835 6834
f 1727 6777 6835
f 6834 6835 6777
f 451 6836 6838
f 1740 6837 6836
f 1739 6838 6837
f 6836 6837 6838
f 449 6782 6840
f 1727 6839 6782
f 1740 6840 6839
f 6782 6839 6840
f 1739 6837 6835
f 1740 6839 6837
f 1727 6835 6839
f 6837 6839 6835
f 117 6632 6842
f 1687 6841 6632
f 1742 6842 6841
f 6632 6841 6842
f 435 6843 6636
f 1741 6844 6843
f 1687 6636 6844
f 6843 6844 6636
f 451 6845 6847
f 1742 6846 6845
f 1741 6847 6846
f 6845 6846 6847
f 1687 6844 6841
f 1741 6846 6844
f 1742 6841 6846
f 6844 6846 6841
f 449 6840 6830
f 1740 6848 6840
f 1738 6830 6848
f 6840 6848 6830
f 451 6847 6836
f 1741 6849 6847
f 1740 6836 6849
f 6847 6849 6836
f 435 6833 6843
f 1738 6850 6833
f 1741 6843 6850
f 6833 6850 6843
f 1740 6849 6848
f 1741 6850 6849
f 1738 6848 6850
f 6849 6850 6848
f 35 6545 6729
f 1663 6851 6545
f 1712 6729 6851
f 6545 6851 6729
f 431 6852 6549
f 1743 6853 6852
f 1663 6549 6853
f 6852 6853 6549
f 444 6734 6855
f 1712 6854 6734
f 1743 6855 6854
f 6734 6854 6855
f 1663 6853 6851
f 1743 6854 6853
f 1712 6851 6854
f 6853 6854 6851
f 114 6856 6561
f 1744 6857 6856
f 1667 6561 6857
f 6856 6857 6561
f 452 6858 6860
f 1745 6859 6858
f 1744 6860 6859
f 6858 6859 6860
f 431 6566 6862
f 1667 6861 6566
f 1745 6862 6861
f 6566 6861 6862
f 1744 6859 6857
f 1745 6861 6859
f 1667 6857 6861
f 6859 6861 6857
f 120 6740 6864
f 1717 6863 6740
f 1747 6864 6863
f 6740 6863 6864
f 444 6865 6744
f 1746 6866 6865
f 1717 6744 6866
f 6865 6866 6744
f 452 6867 6869
f 1747 6868 6867
f 1746 6869 6868
f 6867 6868 6869
f 1717 6866 6863
f 1746 6868 6866
f 1747 6863 6868
f 6866 6868 6863
f 431 6862 6852
f 1745 6870 6862
f 1743 6852 6870
f 6862 6870 6852
f 452 6869 6858
f 1746 6871 6869
f 1745 6858 6871
f 6869 6871 6858
f 444 6855 6865
f 1743 6872 6855
f 1746 6865 6872
f 6855 6872 6865
f 1745 6871 6870
f 1746 6872 6871
f 1743 6870 6872
f 6871 6872 6870
f 117 6842 6812
f 1742 6873 6842
f 1734 6812 6873
f 6842 6873 6812
f 451 6874 6845
f 1748 6875 6874
f 1742 6845 6875
f 6874 6875 6845
f 450 6816 6877
f 1734 6876 6816
f 1748 6877 6876
f 6816 6876 6877
f 1742 6875 6873
f 1748 6876 6875
f 1734 6873 6876
f 6875 6876 6873
f 120 6864 6834
f 1747 6878 6864
f 1739 6834 6878
f 6864 6878 6834
f 452 6879 6867
f 1749 6880 6879
f 1747 6867 6880
f 6879 6880 6867
f 451 6838 6882
f 1739 6881 6838
f 1749 6882 6881
f 6838 6881 6882
f 1747 6880 6878
f 1749 6881 6880
f 1739 6878 6881
f 6880 6881 6878
f 114 6820 6856
f 1737 6883 6820
f 1744 6856 6883
f 6820 6883 6856
f 450 6884 6823
f 1750 6885 6884
f 1737 6823 6885
f 6884 6885 6823
f 452 6860 6887
f 1744 6886 6860
f 1750 6887 6886
f 6860 6886 6887
f 1737 6885 6883
f 1750 6886 6885
f 1744 6883 6886
f 6885 6886 6883
f 451 6882 6874
f 1749 6888 6882
f 1748 6874 6888
f 6882 6888 6874
f 452 6887 6879
f 1750 6889 6887
f 1749 6879 6889
f 6887 6889 6879
f 450 6877 6884
f 1748 6890 6877
f 1750 6884 6890
f 6877 6890 6884
f 1749 6889 6888
f 1750 6890 6889
f 1748 6888 6890
f 6889 6890 6888
f 4 6485 6892
f 1645 6891 6485
f 1752 6892 6891
f 6485 6891 6892
f 425 6893 6489
f 1751 6894 6893
f 1645 6489 6894
f 6893 6894 6489
f 454 6895 6897
f 1752 6896 6895
f 1751 6897 6896
f 6895 6896 6897
f 1645 6894 6891
f 1751 6896 6894
f 1752 6891 6896
f 6894 6896 6891
f 115 6898 6501
f 1753 6899 6898
f 1649 6501 6899
f 6898 6899 6501
f 453 6900 6902
f 1754 6901 6900
f 1753 6902 6901
f 6900 6901 6902
f 425 6506 6904
f 1649 6903 6506
f 1754 6904 6903
f 6506 6903 6904
f 1753 6901 6899
f 1754 6903 6901
f 1649 6899 6903
f 6901 6903 6899
f 123 6905 6907
f 1755 6906 6905
f 1757 6907 6906
f 6905 6906 6907
f 454 6908 6910
f 1756 6909 6908
f 1755 6910 6909
f 6908 6909 6910
f 453 6911 6913
f 1757 6912 6911
f 1756 6913 6912
f 6911 6912 6913
f 1755 6909 6906
f 1756 6912 6909
f 1757 6906 6912
f 6909 6912 6906
f 425 6904 6893
f 1754 6914 6904
f 1751 6893 6914
f 6904 6914 6893
f 453 6913 6900
f 1756 6915 6913
f 1754 6900 6915
f 6913 6915 6900
f 454 6897 6908
f 1751 6916 6897
f 1756 6908 6916
f 6897 6916 6908
f 1754 6915 6914
f 1756 6916 6915
f 1751 6914 6916
f 6915 6916 6914
f 35 6917 6543
f 1758 6918 6917
f 1661 6543 6918
f 6917 6918 6543
f 455 6919 6921
f 1759 6920 6919
f 1758 6921 6920
f 6919 6920 6921
f 429 6548 6923
f 1661 6922 6548
f 1759 6923 6922
f 6548 6922 6923
f 1758 6920 6918
f 1759 6922 6920
f 1661 6918 6922
f 6920 6922 6918
f 122 6924 6926
f 1760 6925 6924
f 1762 6926 6925
f 6924 6925 6926
f 456 6927 6929
f 1761 6928 6927
f 1760 6929 6928
f 6927 6928 6929
f 455 6930 6932
f 1762 6931 6930
f 1761 6932 6931
f 6930 6931 6932
f 1760 6928 6925
f 1761 6931 6928
f 1762 6925 6931
f 6928 6931 6925
f 115 6554 6934
f 1666 6933 6554
f 1764 6934 6933
f 6554 6933 6934
f 429 6935 6558
f 1763 6936 6935
f 1666 6558 6936
f 6935 6936 6558
f 456 6937 6939
f 1764 6938 6937
f 1763 6939 6938
f 6937 6938 6939
f 1666 6936 6933
f 1763 6938 6936
f 1764 6933 6938
f 6936 6938 6933
f 455 6932 6919
f 1761 6940 6932
f 1759 6919 6940
f 6932 6940 6919
f 456 6939 6927
f 1763 6941 6939
f 1761 6927 6941
f 6939 6941 6927
f 429 6923 6935
f 1759 6942 6923
f 1763 6935 6942
f 6923 6942 6935
f 1761 6941 6940
f 1763 6942 6941
f 1759 6940 6942
f 6941 6942 6940
f 37 6943 6945
f 1765 6944 6943
f 1767 6945 6944
f 6943 6944 6945
f 457 6946 6948
f 1766 6947 6946
f 1765 6948 6947
f 6946 6947 6948
f 459 6949 6951
f 1767 6950 6949
f 1766 6951 6950
f 6949 6950 6951
f 1765 6947 6944
f 1766 6950 6947
f 1767 6944 6950
f 6947 6950 6944
f 123 6952 6954
f 1768 6953 6952
f 1770 6954 6953
f 6952 6953 6954
f 458 6955 6957
f 1769 6956 6955
f 1768 6957 6956
f 6955 6956 6957
f 457 6958 6960
f 1770 6959 6958
f 1769 6960 6959
f 6958 6959 6960
f 1768 6956 6953
f 1769 6959 6956
f 1770 6953 6959
f 6956 6959 6953
f 122 6961 6963
f 1771 6962 6961
f 1773 6963 6962
f 6961 6962 6963
f 459 6964 6966
f 1772 6965 6964
f 1771 6966 6965
f 6964 6965 6966
f 458 6967 6969
f 1773 6968 6967
f 1772 6969 6968
f 6967 6968 6969
f 1771 6965 6962
f 1772 6968 6965
f 1773 6962 6968
f 6965 6968 6962
f 457 6960 6946
f 1769 6970 6960
f 1766 6946 6970
f 6960 6970 6946
f 458 6969 6955
f 1772 6971 6969
f 1769 6955 6971
f 6969 6971 6955
f 459 6951 6964
f 1766 6972 6951
f 1772 6964 6972
f 6951 6972 6964
f 1769 6971 6970
f 1772 6972 6971
f 1766 6970 6972
f 6971 6972 6970
f 115 6934 6898
f 1764 6973 6934
f 1753 6898 6973
f 6934 6973 6898
f 456 6974 6937
f 1774 6975 6974
f 1764 6937 6975
f 6974 6975 6937
f 453 6902 6977
f 1753 6976 6902
f 1774 6977 6976
f 6902 6976 6977
f 1764 6975 6973
f 1774 6976 6975
f 1753 6973 6976
f 6975 6976 6973
f 122 6963 6924
f 1773 6978 6963
f 1760 6924 6978
f 6963 6978 6924
f 458 6979 6967
f 1775 6980 6979
f 1773 6967 6980
f 6979 6980 6967
f 456 6929 6982
f 1760 6981 6929
f 1775 6982 6981
f 6929 6981 6982
f 1773 6980 6978
f 1775 6981 6980
f 1760 6978 6981
f 6980 6981 6978
f 123 6907 6952
f 1757 6983 6907
f 1768 6952 6983
f 6907 6983 6952
f 453 6984 6911
f 1776 6985 6984
f 1757 6911 6985
f 6984 6985 6911
f 458 6957 6987
f 1768 6986 6957
f 1776 6987 6986
f 6957 6986 6987
f 1757 6985 6983
f 1776 6986 6985
f 1768 6983 6986
f 6985 6986 6983
f 456 6982 6974
f 1775 6988 6982
f 1774 6974 6988
f 6982 6988 6974
f 458 6987 6979
f 1776 6989 6987
f 1775 6979 6989
f 6987 6989 6979
f 453 6977 6984
f 1774 6990 6977
f 1776 6984 6990
f 6977 6990 6984
f 1775 6989 6988
f 1776 6990 6989
f 1774 6988 6990
f 6989 6990 6988
f 5 6991 6699
f 1777 6992 6991
f 1703 6699 6992
f 6991 6992 6699
f 460 6993 6995
f 1778 6994 6993
f 1777 6995 6994
f 6993 6994 6995
f 441 6704 6997
f 1703 6996 6704
f 1778 6997 6996
f 6704 6996 6997
f 1777 6994 6992
f 1778 6996 6994
f 1703 6992 6996
f 6994 6996 6992
f 124 6998 7000
f 1779 6999 6998
f 1781 7000 6999
f 6998 6999 7000
f 461 7001 7003
f 1780 7002 7001
f 1779 7003 7002
f 7001 7002 7003
f 460 7004 7006
f 1781 7005 7004
f 1780 7006 7005
f 7004 7005 7006
f 1779 7002 6999
f 1780 7005 7002
f 1781 6999 7005
f 7002 7005 6999
f 119 6710 7008
f 1708 7007 6710
f 1783 7008 7007
f 6710 7007 7008
f 441 7009 6714
f 1782 7010 7009
f 1708 6714 7010
f 7009 7010 6714
f 461 7011 7013
f 1783 7012 7011
f 1782 7013 7012
f 7011 7012 7013
f 1708 7010 7007
f 1782 7012 7010
f 1783 7007 7012
f 7010 7012 7007
f 460 7006 6993
f 1780 7014 7006
f 1778 6993 7014
f 7006 7014 6993
f 461 7013 7001
f 1782 7015 7013
f 1780 7001 7015
f 7013 7015 7001
f 441 6997 7009
f 1778 7016 6997
f 1782 7009 7016
f 6997 7016 7009
f 1780 7015 7014
f 1782 7016 7015
f 1778 7014 7016
f 7015 7016 7014
f 36 7017 7019
f 1784 7018 7017
f 1786 7019 7018
f 7017 7018 7019
f 462 7020 7022
f 1785 7021 7020
f 1784 7022 7021
f 7020 7021 7022
f 464 7023 7025
f 1786 7024 7023
f 1785 7025 7024
f 7023 7024 7025
f 1784 7021 7018
f 1785 7024 7021
f 1786 7018 7024
f 7021 7024 7018
f 125 7026 7028
f 1787 7027 7026
f 1789 7028 7027
f 7026 7027 7028
f 463 7029 7031
f 1788 7030 7029
f 1787 7031 7030
f 7029 7030 7031
f 462 7032 7034
f 1789 7033 7032
f 1788 7034 7033
f 7032 7033 7034
f 1787 7030 7027
f 1788 7033 7030
f 1789 7027 7033
f 7030 7033 7027
f 124 7035 7037
f 1790 7036 7035
f 1792 7037 7036
f 7035 7036 7037
f 464 7038 7040
f 1791 7039 7038
f 1790 7040 7039
f 7038 7039 7040
f 463 7041 7043
f 1792 7042 7041
f 1791 7043 7042
f 7041 7042 7043
f 1790 7039 7036
f 1791 7042 7039
f 1792 7036 7042
f 7039 7042 7036
f 462 7034 7020
f 1788 7044 7034
f 1785 7020 7044
f 7034 7044 7020
f 463 7043 7029
f 1791 7045 7043
f 1788 7029 7045
f 7043 7045 7029
f 464 7025 7038
f 1785 7046 7025
f 1791 7038 7046
f 7025 7046 7038
f 1788 7045 7044
f 1791 7046 7045
f 1785 7044 7046
f 7045 7046 7044
f 35 6731 7048
f 1714 7047 6731
f 1794 7048 7047
f 6731 7047 7048
f 446 7049 6735
f 1793 7050 7049
f 1714 6735 7050
f 7049 7050 6735
f 466 7051 7053
f 1794 7052 7051
f 1793 7053 7052
f 7051 7052 7053
f 1714 7050 7047
f 1793 7052 7050
f 1794 7047 7052
f 7050 7052 7047
f 119 7054 6747
f 1795 7055 7054
f 1718 6747 7055
f 7054 7055 6747
f 465 7056 7058
f 1796 7057 7056
f 1795 7058 7057
f 7056 7057 7058
f 446 6752 7060
f 1718 7059 6752
f 1796 7060 7059
f 6752 7059 7060
f 1795 7057 7055
f 1796 7059 7057
f 1718 7055 7059
f 7057 7059 7055
f 125 7061 7063
f 1797 7062 7061
f 1799 7063 7062
f 7061 7062 7063
f 466 7064 7066
f 1798 7065 7064
f 1797 7066 7065
f 7064 7065 7066
f 465 7067 7069
f 1799 7068 7067
f 1798 7069 7068
f 7067 7068 7069
f 1797 7065 7062
f 1798 7068 7065
f 1799 7062 7068
f 7065 7068 7062
f 446 7060 7049
f 1796 7070 7060
f 1793 7049 7070
f 7060 7070 7049
f 465 7069 7056
f 1798 7071 7069
f 1796 7056 7071
f 7069 7071 7056
f 466 7053 7064
f 1793 7072 7053
f 1798 7064 7072
f 7053 7072 7064
f 1796 7071 7070
f 1798 7072 7071
f 1793 7070 7072
f 7071 7072 7070
f 124 7037 6998
f 1792 7073 7037
f 1779 6998 7073
f 7037 7073 6998
f 463 7074 7041
f 1800 7075 7074
f 1792 7041 7075
f 7074 7075 7041
f 461 7003 7077
f 1779 7076 7003
f 1800 7077 7076
f 7003 7076 7077
f 1792 7075 7073
f 1800 7076 7075
f 1779 7073 7076
f 7075 7076 7073
f 125 7063 7026
f 1799 7078 7063
f 1787 7026 7078
f 7063 7078 7026
f 465 7079 7067
f 1801 7080 7079
f 1799 7067 7080
f 7079 7080 7067
f 463 7031 7082
f 1787 7081 7031
f 1801 7082 7081
f 7031 7081 7082
f 1799 7080 7078
f 1801 7081 7080
f 1787 7078 7081
f 7080 7081 7078
f 119 7008 7054
f 1783 7083 7008
f 1795 7054 7083
f 7008 7083 7054
f 461 7084 7011
f 1802 7085 7084
f 1783 7011 7085
f 7084 7085 7011
f 465 7058 7087
f 1795 7086 7058
f 1802 7087 7086
f 7058 7086 7087
f 1783 7085 7083
f 1802 7086 7085
f 1795 7083 7086
f 7085 7086 7083
f 463 7082 7074
f 1801 7088 7082
f 1800 7074 7088
f 7082 7088 7074
f 465 7087 7079
f 1802 7089 7087
f 1801 7079 7089
f 7087 7089 7079
f 461 7077 7084
f 1800 7090 7077
f 1802 7084 7090
f 7077 7090 7084
f 1801 7089 7088
f 1802 7090 7089
f 1800 7088 7090
f 7089 7090 7088
f 3 7091 7093
f 1803 7092 7091
f 1805 7093 7092
f 7091 7092 7093
f 467 7094 7096
f 1804 7095 7094
f 1803 7096 7095
f 7094 7095 7096
f 469 7097 7099
f 1805 7098 7097
f 1804 7099 7098
f 7097 7098 7099
f 1803 7095 7092
f 1804 7098 7095
f 1805 7092 7098
f 7095 7098 7092
f 126 7100 7102
f 1806 7101 7100
f 1808 7102 7101
f 7100 7101 7102
f 468 7103 7105
f 1807 7104 7103
f 1806 7105 7104
f 7103 7104 7105
f 467 7106 7108
f 1808 7107 7106
f 1807 7108 7107
f 7106 7107 7108
f 1806 7104 7101
f 1807 7107 7104
f 1808 7101 7107
f 7104 7107 7101
f 128 7109 7111
f 1809 7110 7109
f 1811 7111 7110
f 7109 7110 7111
f 469 7112 7114
f 1810 7113 7112
f 1809 7114 7113
f 7112 7113 7114
f 468 7115 7117
f 1811 7116 7115
f 1810 7117 7116
f 7115 7116 7117
f 1809 7113 7110
f 1810 7116 7113
f 1811 7110 7116
f 7113 7116 7110
f 467 7108 7094
f 1807 7118 7108
f 1804 7094 7118
f 7108 7118 7094
f 468 7117 7103
f 1810 7119 7117
f 1807 7103 7119
f 7117 7119 7103
f 469 7099 7112
f 1804 7120 7099
f 1810 7112 7120
f 7099 7120 7112
f 1807 7119 7118
f 1810 7120 7119
f 1804 7118 7120
f 7119 7120 7118
f 37 7121 7123
f 1812 7122 7121
f 1814 7123 7122
f 7121 7122 7123
f 470 7124 7126
f 1813 7125 7124
f 1812 7126 7125
f 7124 7125 7126
f 472 7127 7129
f 1814 7128 7127
f 1813 7129 7128
f 7127 7128 7129
f 1812 7125 7122
f 1813 7128 7125
f 1814 7122 7128
f 7125 7128 7122
f 127 7130 7132
f 1815 7131 7130
f 1817 7132 7131
f 7130 7131 7132
f 471 7133 7135
f 1816 7134 7133
f 1815 7135 7134
f 7133 7134 7135
f 470 7136 7138
f 1817 7137 7136
f 1816 7138 7137
f 7136 7137 7138
f 1815 7134 7131
f 1816 7137 7134
f 1817 7131 7137
f 7134 7137 7131
f 126 7139 7141
f 1818 7140 7139
f 1820 7141 7140
f 7139 7140 7141
f 472 7142 7144
f 1819 7143 7142
f 1818 7144 7143
f 7142 7143 7144
f 471 7145 7147
f 1820 7146 7145
f 1819 7147 7146
f 7145 7146 7147
f 1818 7143 7140
f 1819 7146 7143
f 1820 7140 7146
f 7143 7146 7140
f 470 7138 7124
f 1816 7148 7138
f 1813 7124 7148
f 7138 7148 7124
f 471 7147 7133
f 1819 7149 7147
f 1816 7133 7149
f 7147 7149 7133
f 472 7129 7142
f 1813 7150 7129
f 1819 7142 7150
f 7129 7150 7142
f 1816 7149 7148
f 1819 7150 7149
f 1813 7148 7150
f 7149 7150 7148
f 36 7151 7153
f 1821 7152 7151
f 1823 7153 7152
f 7151 7152 7153
f 473 7154 7156
f 1822 7155 7154
f 1821 7156 7155
f 7154 7155 7156
f 475 7157 7159
f 1823 7158 7157
f 1822 7159 7158
f 7157 7158 7159
f 1821 7155 7152
f 1822 7158 7155
f 1823 7152 7158
f 7155 7158 7152
f 128 7160 7162
f 1824 7161 7160
f 1826 7162 7161
f 7160 7161 7162
f 474 7163 7165
f 1825 7164 7163
f 1824 7165 7164
f 7163 7164 7165
f 473 7166 7168
f 1826 7167 7166
f 1825 7168 7167
f 7166 7167 7168
f 1824 7164 7161
f 1825 7167 7164
f 1826 7161 7167
f 7164 7167 7161
f 127 7169 7171
f 1827 7170 7169
f 1829 7171 7170
f 7169 7170 7171
f 475 7172 7174
f 1828 7173 7172
f 1827 7174 7173
f 7172 7173 7174
f 474 7175 7177
f 1829 7176 7175
f 1828 7177 7176
f 7175 7176 7177
f 1827 7173 7170
f 1828 7176 7173
f 1829 7170 7176
f 7173 7176 7170
f 473 7168 7154
f 1825 7178 7168
f 1822 7154 7178
f 7168 7178 7154
f 474 7177 7163
f 1828 7179 7177
f 1825 7163 7179
f 7177 7179 7163
f 475 7159 7172
f 1822 7180 7159
f 1828 7172 7180
f 7159 7180 7172
f 1825 7179 7178
f 1828 7180 7179
f 1822 7178 7180
f 7179 7180 7178
f 126 7141 7100
f 1820 7181 7141
f 1806 7100 7181
f 7141 7181 7100
f 471 7182 7145
f 1830 7183 7182
f 1820 7145 7183
f 7182 7183 7145
f 468 7105 7185
f 1806 7184 7105
f 1830 7185 7184
f 7105 7184 7185
f 1820 7183 7181
f 1830 7184 7183
f 1806 7181 7184
f 7183 7184 7181
f 127 7171 7130
f 1829 7186 7171
f 1815 7130 7186
f 7171 7186 7130
f 474 7187 7175
f 1831 7188 7187
f 1829 7175 7188
f 7187 7188 7175
f 471 7135 7190
f 1815 7189 7135
f 1831 7190 7189
f 7135 7189 7190
f 1829 7188 7186
f 1831 7189 7188
f 1815 7186 7189
f 7188 7189 7186
f 128 7111 7160
f 1811 7191 7111
f 1824 7160 7191
f 7111 7191 7160
f 468 7192 7115
f 1832 7193 7192
f 1811 7115 7193
f 7192 7193 7115
f 474 7165 7195
f 1824 7194 7165
f 1832 7195 7194
f 7165 7194 7195
f 1811 7193 7191
f 1832 7194 7193
f 1824 7191 7194
f 7193 7194 7191
f 471 7190 7182
f 1831 7196 7190
f 1830 7182 7196
f 7190 7196 7182
f 474 7195 7187
f 1832 7197 7195
f 1831 7187 7197
f 7195 7197 7187
f 468 7185 7192
f 1830 7198 7185
f 1832 7192 7198
f 7185 7198 7192
f 1831 7197 7196
f 1832 7198 7197
f 1830 7196 7198
f 7197 7198 7196
f 35 7048 6917
f 1794 7199 7048
f 1758 6917 7199
f 7048 7199 6917
f 466 7200 7051
f 1833 7201 7200
f 1794 7051 7201
f 7200 7201 7051
f 455 6921 7203
f 1758 7202 6921
f 1833 7203 7202
f 6921 7202 7203
f 1794 7201 7199
f 1833 7202 7201
f 1758 7199 7202
f 7201 7202 7199
f 125 7204 7061
f 1834 7205 7204
f 1797 7061 7205
f 7204 7205 7061
f 476 7206 7208
f 1835 7207 7206
f 1834 7208 7207
f 7206 7207 7208
f 466 7066 7210
f 1797 7209 7066
f 1835 7210 7209
f 7066 7209 7210
f 1834 7207 7205
f 1835 7209 7207
f 1797 7205 7209
f 7207 7209 7205
f 122 6926 7212
f 1762 7211 6926
f 1837 7212 7211
f 6926 7211 7212
f 455 7213 6930
f 1836 7214 7213
f 1762 6930 7214
f 7213 7214 6930
f 476 7215 7217
f 1837 7216 7215
f 1836 7217 7216
f 7215 7216 7217
f 1762 7214 7211
f 1836 7216 7214
f 1837 7211 7216
f 7214 7216 7211
f 466 7210 7200
f 1835 7218 7210
f 1833 7200 7218
f 7210 7218 7200
f 476 7217 7206
f 1836 7219 7217
f 1835 7206 7219
f 7217 7219 7206
f 455 7203 7213
f 1833 7220 7203
f 1836 7213 7220
f 7203 7220 7213
f 1835 7219 7218
f 1836 7220 7219
f 1833 7218 7220
f 7219 7220 7218
f 36 7153 7017
f 1823 7221 7153
f 1784 7017 7221
f 7153 7221 7017
f 475 7222 7157
f 1838 7223 7222
f 1823 7157 7223
f 7222 7223 7157
f 462 7022 7225
f 1784 7224 7022
f 1838 7225 7224
f 7022 7224 7225
f 1823 7223 7221
f 1838 7224 7223
f 1784 7221 7224
f 7223 7224 7221
f 127 7226 7169
f 1839 7227 7226
f 1827 7169 7227
f 7226 7227 7169
f 477 7228 7230
f 1840 7229 7228
f 1839 7230 7229
f 7228 7229 7230
f 475 7174 7232
f 1827 7231 7174
f 1840 7232 7231
f 7174 7231 7232
f 1839 7229 7227
f 1840 7231 7229
f 1827 7227 7231
f 7229 7231 7227
f 125 7028 7234
f 1789 7233 7028
f 1842 7234 7233
f 7028 7233 7234
f 462 7235 7032
f 1841 7236 7235
f 1789 7032 7236
f 7235 7236 7032
f 477 7237 7239
f 1842 7238 7237
f 1841 7239 7238
f 7237 7238 7239
f 1789 7236 7233
f 1841 7238 7236
f 1842 7233 7238
f 7236 7238 7233
f 475 7232 7222
f 1840 7240 7232
f 1838 7222 7240
f 7232 7240 7222
f 477 7239 7228
f 1841 7241 7239
f 1840 7228 7241
f 7239 7241 7228
f 462 7225 7235
f 1838 7242 7225
f 1841 7235 7242
f 7225 7242 7235
f 1840 7241 7240
f 1841 7242 7241
f 1838 7240 7242
f 7241 7242 7240
f 37 6945 7121
f 1767 7243 6945
f 1812 7121 7243
f 6945 7243 7121
f 459 7244 6949
f 1843 7245 7244
f 1767 6949 7245
f 7244 7245 6949
f 470 7126 7247
f 1812 7246 7126
f 1843 7247 7246
f 7126 7246 7247
f 1767 7245 7243
f 1843 7246 7245
f 1812 7243 7246
f 7245 7246 7243
f 122 7248 6961
f 1844 7249 7248
f 1771 6961 7249
f 7248 7249 6961
f 478 7250 7252
f 1845 7251 7250
f 1844 7252 7251
f 7250 7251 7252
f 459 6966 7254
f 1771 7253 6966
f 1845 7254 7253
f 6966 7253 7254
f 1844 7251 7249
f 1845 7253 7251
f 1771 7249 7253
f 7251 7253 7249
f 127 7132 7256
f 1817 7255 7132
f 1847 7256 7255
f 7132 7255 7256
f 470 7257 7136
f 1846 7258 7257
f 1817 7136 7258
f 7257 7258 7136
f 478 7259 7261
f 1847 7260 7259
f 1846 7261 7260
f 7259 7260 7261
f 1817 7258 7255
f 1846 7260 7258
f 1847 7255 7260
f 7258 7260 7255
f 459 7254 7244
f 1845 7262 7254
f 1843 7244 7262
f 7254 7262 7244
f 478 7261 7250
f 1846 7263 7261
f 1845 7250 7263
f 7261 7263 7250
f 470 7247 7257
f 1843 7264 7247
f 1846 7257 7264
f 7247 7264 7257
f 1845 7263 7262
f 1846 7264 7263
f 1843 7262 7264
f 7263 7264 7262
f 125 7234 7204
f 1842 7265 7234
f 1834 7204 7265
f 7234 7265 7204
f 477 7266 7237
f 1848 7267 7266
f 1842 7237 7267
f 7266 7267 7237
f 476 7208 7269
f 1834 7268 7208
f 1848 7269 7268
f 7208 7268 7269
f 1842 7267 7265
f 1848 7268 7267
f 1834 7265 7268
f 7267 7268 7265
f 127 7256 7226
f 1847 7270 7256
f 1839 7226 7270
f 7256 7270 7226
f 478 7271 7259
f 1849 7272 7271
f 1847 7259 7272
f 7271 7272 7259
f 477 7230 7274
f 1839 7273 7230
f 1849 7274 7273
f 7230 7273 7274
f 1847 7272 7270
f 1849 7273 7272
f 1839 7270 7273
f 7272 7273 7270
f 122 7212 7248
f 1837 7275 7212
f 1844 7248 7275
f 7212 7275 7248
f 476 7276 7215
f 1850 7277 7276
f 1837 7215 7277
f 7276 7277 7215
f 478 7252 7279
f 1844 7278 7252
f 1850 7279 7278
f 7252 7278 7279
f 1837 7277 7275
f 1850 7278 7277
f 1844 7275 7278
f 7277 7278 7275
f 477 7274 7266
f 1849 7280 7274
f 1848 7266 7280
f 7274 7280 7266
f 478 7279 7271
f 1850 7281 7279
f 1849 7271 7281
f 7279 7281 7271
f 476 7269 7276
f 1848 7282 7269
f 1850 7276 7282
f 7269 7282 7276
f 1849 7281 7280
f 1850 7282 7281
f 1848 7280 7282
f 7281 7282 7280
f 4 6892 7284
f 1752 7283 6892
f 1852 7284 7283
f 6892 7283 7284
f 454 7285 6895
f 1851 7286 7285
f 1752 6895 7286
f 7285 7286 6895
f 480 7287 7289
f 1852 7288 7287
f 1851 7289 7288
f 7287 7288 7289
f 1752 7286 7283
f 1851 7288 7286
f 1852 7283 7288
f 7286 7288 7283
f 123 7290 6905
f 1853 7291 7290
f 1755 6905 7291
f 7290 7291 6905
f 479 7292 7294
f 1854 7293 7292
f 1853 7294 7293
f 7292 7293 7294
f 454 6910 7296
f 1755 7295 6910
f 1854 7296 7295
f 6910 7295 7296
f 1853 7293 7291
f 1854 7295 7293
f 1755 7291 7295
f 7293 7295 7291
f 130 7297 7299
f 1855 7298 7297
f 1857 7299 7298
f 7297 7298 7299
f 480 7300 7302
f 1856 7301 7300
f 1855 7302 7301
f 7300 7301 7302
f 479 7303 7305
f 1857 7304 7303
f 1856 7305 7304
f 7303 7304 7305
f 1855 7301 7298
f 1856 7304 7301
f 1857 7298 7304
f 7301 7304 7298
f 454 7296 7285
f 1854 7306 7296
f 1851 7285 7306
f 7296 7306 7285
f 479 7305 7292
f 1856 7307 7305
f 1854 7292 7307
f 7305 7307 7292
f 480 7289 7300
f 1851 7308 7289
f 1856 7300 7308
f 7289 7308 7300
f 1854 7307 7306
f 1856 7308 7307
f 1851 7306 7308
f 7307 7308 7306
f 37 7309 6943
f 1858 7310 7309
f 1765 6943 7310
f 7309 7310 6943
f 481 7311 7313
f 1859 7312 7311
f 1858 7313 7312
f 7311 7312 7313
f 457 6948 7315
f 1765 7314 6948
f 1859 7315 7314
f 6948 7314 7315
f 1858 7312 7310
f 1859 7314 7312
f 1765 7310 7314
f 7312 7314 7310
f 129 7316 7318
f 1860 7317 7316
f 1862 7318 7317
f 7316 7317 7318
f 482 7319 7321
f 1861 7320 7319
f 1860 7321 7320
f 7319 7320 7321
f 481 7322 7324
f 1862 7323 7322
f 1861 7324 7323
f 7322 7323 7324
f 1860 7320 7317
f 1861 7323 7320
f 1862 7317 7323
f 7320 7323 7317
f 123 6954 7326
f 1770 7325 6954
f 1864 7326 7325
f 6954 7325 7326
f 457 7327 6958
f 1863 7328 7327
f 1770 6958 7328
f 7327 7328 6958
f 482 7329 7331
f 1864 7330 7329
f 1863 7331 7330
f 7329 7330 7331
f 1770 7328 7325
f 1863 7330 7328
f 1864 7325 7330
f 7328 7330 7325
f 481 7324 7311
f 1861 7332 7324
f 1859 7311 7332
f 7324 7332 7311
f 482 7331 7319
f 1863 7333 7331
f 1861 7319 7333
f 7331 7333 7319
f 457 7315 7327
f 1859 7334 7315
f 1863 7327 7334
f 7315 7334 7327
f 1861 7333 7332
f 1863 7334 7333
f 1859 7332 7334
f 7333 7334 7332
f 39 7335 7337
f 1865 7336 7335
f 1867 7337 7336
f 7335 7336 7337
f 483 7338 7340
f 1866 7339 7338
f 1865 7340 7339
f 7338 7339 7340
f 485 7341 7343
f 1867 7342 7341
f 1866 7343 7342
f 7341 7342 7343
f 1865 7339 7336
f 1866 7342 7339
f 1867 7336 7342
f 7339 7342 7336
f 130 7344 7346
f 1868 7345 7344
f 1870 7346 7345
f 7344 7345 7346
f 484 7347 7349
f 1869 7348 7347
f 1868 7349 7348
f 7347 7348 7349
f 483 7350 7352
f 1870 7351 7350
f 1869 7352 7351
f 7350 7351 7352
f 1868 7348 7345
f 1869 7351 7348
f 1870 7345 7351
f 7348 7351 7345
f 129 7353 7355
f 1871 7354 7353
f 1873 7355 7354
f 7353 7354 7355
f 485 7356 7358
f 1872 7357 7356
f 1871 7358 7357
f 7356 7357 7358
f 484 7359 7361
f 1873 7360 7359
f 1872 7361 7360
f 7359 7360 7361
f 1871 7357 7354
f 1872 7360 7357
f 1873 7354 7360
f 7357 7360 7354
f 483 7352 7338
f 1869 7362 7352
f 1866 7338 7362
f 7352 7362 7338
f 484 7361 7347
f 1872 7363 7361
f 1869 7347 7363
f 7361 7363 7347
f 485 7343 7356
f 1866 7364 7343
f 1872 7356 7364
f 7343 7364 7356
f 1869 7363 7362
f 1872 7364 7363
f 1866 7362 7364
f 7363 7364 7362
f 123 7326 7290
f 1864 7365 7326
f 1853 7290 7365
f 7326 7365 7290
f 482 7366 7329
f 1874 7367 7366
f 1864 7329 7367
f 7366 7367 7329
f 479 7294 7369
f 1853 7368 7294
f 1874 7369 7368
f 7294 7368 7369
f 1864 7367 7365
f 1874 7368 7367
f 1853 7365 7368
f 7367 7368 7365
f 129 7355 7316
f 1873 7370 7355
f 1860 7316 7370
f 7355 7370 7316
f 484 7371 7359
f 1875 7372 7371
f 1873 7359 7372
f 7371 7372 7359
f 482 7321 7374
f 1860 7373 7321
f 1875 7374 7373
f 7321 7373 7374
f 1873 7372 7370
f 1875 7373 7372
f 1860 7370 7373
f 7372 7373 7370
f 130 7299 7344
f 1857 7375 7299
f 1868 7344 7375
f 7299 7375 7344
f 479 7376 7303
f 1876 7377 7376
f 1857 7303 7377
f 7376 7377 7303
f 484 7349 7379
f 1868 7378 7349
f 1876 7379 7378
f 7349 7378 7379
f 1857 7377 7375
f 1876 7378 7377
f 1868 7375 7378
f 7377 7378 7375
f 482 7374 7366
f 1875 7380 7374
f 1874 7366 7380
f 7374 7380 7366
f 484 7379 7371
f 1876 7381 7379
f 1875 7371 7381
f 7379 7381 7371
f 479 7369 7376
f 1874 7382 7369
f 1876 7376 7382
f 7369 7382 7376
f 1875 7381 7380
f 1876 7382 7381
f 1874 7380 7382
f 7381 7382 7380
f 3 7383 7091
f 1877 7384 7383
f 1803 7091 7384
f 7383 7384 7091
f 486 7385 7387
f 1878 7386 7385
f 1877 7387 7386
f 7385 7386 7387
f 467 7096 7389
f 1803 7388 7096
f 1878 7389 7388
f 7096 7388 7389
f 1877 7386 7384
f 1878 7388 7386
f 1803 7384 7388
f 7386 7388 7384
f 131 7390 7392
f 1879 7391 7390
f 1881 7392 7391
f 7390 7391 7392
f 487 7393 7395
f 1880 7394 7393
f 1879 7395 7394
f 7393 7394 7395
f 486 7396 7398
f 1881 7397 7396
f 1880 7398 7397
f 7396 7397 7398
f 1879 7394 7391
f 1880 7397 7394
f 1881 7391 7397
f 7394 7397 7391
f 126 7102 7400
f 1808 7399 7102
f 1883 7400 7399
f 7102 7399 7400
f 467 7401 7106
f 1882 7402 7401
f 1808 7106 7402
f 7401 7402 7106
f 487 7403 7405
f 1883 7404 7403
f 1882 7405 7404
f 7403 7404 7405
f 1808 7402 7399
f 1882 7404 7402
f 1883 7399 7404
f 7402 7404 7399
f 486 7398 7385
f 1880 7406 7398
f 1878 7385 7406
f 7398 7406 7385
f 487 7405 7393
f 1882 7407 7405
f 1880 7393 7407
f 7405 7407 7393
f 467 7389 7401
f 1878 7408 7389
f 1882 7401 7408
f 7389 7408 7401
f 1880 7407 7406
f 1882 7408 7407
f 1878 7406 7408
f 7407 7408 7406
f 38 7409 7411
f 1884 7410 7409
f 1886 7411 7410
f 7409 7410 7411
f 488 7412 7414
f 1885 7413 7412
f 1884 7414 7413
f 7412 7413 7414
f 490 7415 7417
f 1886 7416 7415
f 1885 7417 7416
f 7415 7416 7417
f 1884 7413 7410
f 1885 7416 7413
f 1886 7410 7416
f 7413 7416 7410
f 132 7418 7420
f 1887 7419 7418
f 1889 7420 7419
f 7418 7419 7420
f 489 7421 7423
f 1888 7422 7421
f 1887 7423 7422
f 7421 7422 7423
f 488 7424 7426
f 1889 7425 7424
f 1888 7426 7425
f 7424 7425 7426
f 1887 7422 7419
f 1888 7425 7422
f 1889 7419 7425
f 7422 7425 7419
f 131 7427 7429
f 1890 7428 7427
f 1892 7429 7428
f 7427 7428 7429
f 490 7430 7432
f 1891 7431 7430
f 1890 7432 7431
f 7430 7431 7432
f 489 7433 7435
f 1892 7434 7433
f 1891 7435 7434
f 7433 7434 7435
f 1890 7431 7428
f 1891 7434 7431
f 1892 7428 7434
f 7431 7434 7428
f 488 7426 7412
f 1888 7436 7426
f 1885 7412 7436
f 7426 7436 7412
f 489 7435 7421
f 1891 7437 7435
f 1888 7421 7437
f 7435 7437 7421
f 490 7417 7430
f 1885 7438 7417
f 1891 7430 7438
f 7417 7438 7430
f 1888 7437 7436
f 1891 7438 7437
f 1885 7436 7438
f 7437 7438 7436
f 37 7123 7440
f 1814 7439 7123
f 1894 7440 7439
f 7123 7439 7440
f 472 7441 7127
f 1893 7442 7441
f 1814 7127 7442
f 7441 7442 7127
f 492 7443 7445
f 1894 7444 7443
f 1893 7445 7444
f 7443 7444 7445
f 1814 7442 7439
f 1893 7444 7442
f 1894 7439 7444
f 7442 7444 7439
f 126 7446 7139
f 1895 7447 7446
f 1818 7139 7447
f 7446 7447 7139
f 491 7448 7450
f 1896 7449 7448
f 1895 7450 7449
f 7448 7449 7450
f 472 7144 7452
f 1818 7451 7144
f 1896 7452 7451
f 7144 7451 7452
f 1895 7449 7447
f 1896 7451 7449
f 1818 7447 7451
f 7449 7451 7447
f 132 7453 7455
f 1897 7454 7453
f 1899 7455 7454
f 7453 7454 7455
f 492 7456 7458
f 1898 7457 7456
f 1897 7458 7457
f 7456 7457 7458
f 491 7459 7461
f 1899 7460 7459
f 1898 7461 7460
f 7459 7460 7461
f 1897 7457 7454
f 1898 7460 7457
f 1899 7454 7460
f 7457 7460 7454
f 472 7452 7441
f 1896 7462 7452
f 1893 7441 7462
f 7452 7462 7441
f 491 7461 7448
f 1898 7463 7461
f 1896 7448 7463
f 7461 7463 7448
f 492 7445 7456
f 1893 7464 7445
f 1898 7456 7464
f 7445 7464 7456
f 1896 7463 7462
f 1898 7464 7463
f 1893 7462 7464
f 7463 7464 7462
f 131 7429 7390
f 1892 7465 7429
f 1879 7390 7465
f 7429 7465 7390
f 489 7466 7433
f 1900 7467 7466
f 1892 7433 7467
f 7466 7467 7433
f 487 7395 7469
f 1879 7468 7395
f 1900 7469 7468
f 7395 7468 7469
f 1892 7467 7465
f 1900 7468 7467
f 1879 7465 7468
f 7467 7468 7465
f 132 7455 7418
f 1899 7470 7455
f 1887 7418 7470
f 7455 7470 7418
f 491 7471 7459
f 1901 7472 7471
f 1899 7459 7472
f 7471 7472 7459
f 489 7423 7474
f 1887 7473 7423
f 1901 7474 7473
f 7423 7473 7474
f 1899 7472 7470
f 1901 7473 7472
f 1887 7470 7473
f 7472 7473 7470
f 126 7400 7446
f 1883 7475 7400
f 1895 7446 7475
f 7400 7475 7446
f 487 7476 7403
f 1902 7477 7476
f 1883 7403 7477
f 7476 7477 7403
f 491 7450 7479
f 1895 7478 7450
f 1902 7479 7478
f 7450 7478 7479
f 1883 7477 7475
f 1902 7478 7477
f 1895 7475 7478
f 7477 7478 7475
f 489 7474 7466
f 1901 7480 7474
f 1900 7466 7480
f 7474 7480 7466
f 491 7479 7471
f 1902 7481 7479
f 1901 7471 7481
f 7479 7481 7471
f 487 7469 7476
f 1900 7482 7469
f 1902 7476 7482
f 7469 7482 7476
f 1901 7481 7480
f 1902 7482 7481
f 1900 7480 7482
f 7481 7482 7480
f 7 7483 7485
f 1903 7484 7483
f 1905 7485 7484
f 7483 7484 7485
f 493 7486 7488
f 1904 7487 7486
f 1903 7488 7487
f 7486 7487 7488
f 495 7489 7491
f 1905 7490 7489
f 1904 7491 7490
f 7489 7490 7491
f 1903 7487 7484
f 1904 7490 7487
f 1905 7484 7490
f 7487 7490 7484
f 133 7492 7494
f 1906 7493 7492
f 1908 7494 7493
f 7492 7493 7494
f 494 7495 7497
f 1907 7496 7495
f 1906 7497 7496
f 7495 7496 7497
f 493 7498 7500
f 1908 7499 7498
f 1907 7500 7499
f 7498 7499 7500
f 1906 7496 7493
f 1907 7499 7496
f 1908 7493 7499
f 7496 7499 7493
f 135 7501 7503
f 1909 7502 7501
f 1911 7503 7502
f 7501 7502 7503
f 495 7504 7506
f 1910 7505 7504
f 1909 7506 7505
f 7504 7505 7506
f 494 7507 7509
f 1911 7508 7507
f 1910 7509 7508
f 7507 7508 7509
f 1909 7505 7502
f 1910 7508 7505
f 1911 7502 7508
f 7505 7508 7502
f 493 7500 7486
f 1907 7510 7500
f 1904 7486 7510
f 7500 7510 7486
f 494 7509 7495
f 1910 7511 7509
f 1907 7495 7511
f 7509 7511 7495
f 495 7491 7504
f 1904 7512 7491
f 1910 7504 7512
f 7491 7512 7504
f 1907 7511 7510
f 1910 7512 7511
f 1904 7510 7512
f 7511 7512 7510
f 39 7513 7515
f 1912 7514 7513
f 1914 7515 7514
f 7513 7514 7515
f 496 7516 7518
f 1913 7517 7516
f 1912 7518 7517
f 7516 7517 7518
f 498 7519 7521
f 1914 7520 7519
f 1913 7521 7520
f 7519 7520 7521
f 1912 7517 7514
f 1913 7520 7517
f 1914 7514 7520
f 7517 7520 7514
f 134 7522 7524
f 1915 7523 7522
f 1917 7524 7523
f 7522 7523 7524
f 497 7525 7527
f 1916 7526 7525
f 1915 7527 7526
f 7525 7526 7527
f 496 7528 7530
f 1917 7529 7528
f 1916 7530 7529
f 7528 7529 7530
f 1915 7526 7523
f 1916 7529 7526
f 1917 7523 7529
f 7526 7529 7523
f 133 7531 7533
f 1918 7532 7531
f 1920 7533 7532
f 7531 7532 7533
f 498 7534 7536
f 1919 7535 7534
f 1918 7536 7535
f 7534 7535 7536
f 497 7537 7539
f 1920 7538 7537
f 1919 7539 7538
f 7537 7538 7539
f 1918 7535 7532
f 1919 7538 7535
f 1920 7532 7538
f 7535 7538 7532
f 496 7530 7516
f 1916 7540 7530
f 1913 7516 7540
f 7530 7540 7516
f 497 7539 7525
f 1919 7541 7539
f 1916 7525 7541
f 7539 7541 7525
f 498 7521 7534
f 1913 7542 7521
f 1919 7534 7542
f 7521 7542 7534
f 1916 7541 7540
f 1919 7542 7541
f 1913 7540 7542
f 7541 7542 7540
f 38 7543 7545
f 1921 7544 7543
f 1923 7545 7544
f 7543 7544 7545
f 499 7546 7548
f 1922 7547 7546
f 1921 7548 7547
f 7546 7547 7548
f 501 7549 7551
f 1923 7550 7549
f 1922 7551 7550
f 7549 7550 7551
f 1921 7547 7544
f 1922 7550 7547
f 1923 7544 7550
f 7547 7550 7544
f 135 7552 7554
f 1924 7553 7552
f 1926 7554 7553
f 7552 7553 7554
f 500 7555 7557
f 1925 7556 7555
f 1924 7557 7556
f 7555 7556 7557
f 499 7558 7560
f 1926 7559 7558
f 1925 7560 7559
f 7558 7559 7560
f 1924 7556 7553
f 1925 7559 7556
f 1926 7553 7559
f 7556 7559 7553
f 134 7561 7563
f 1927 7562 7561
f 1929 7563 7562
f 7561 7562 7563
f 501 7564 7566
f 1928 7565 7564
f 1927 7566 7565
f 7564 7565 7566
f 500 7567 7569
f 1929 7568 7567
f 1928 7569 7568
f 7567 7568 7569
f 1927 7565 7562
f 1928 7568 7565
f 1929 7562 7568
f 7565 7568 7562
f 499 7560 7546
f 1925 7570 7560
f 1922 7546 7570
f 7560 7570 7546
f 500 7569 7555
f 1928 7571 7569
f 1925 7555 7571
f 7569 7571 7555
f 501 7551 7564
f 1922 7572 7551
f 1928 7564 7572
f 7551 7572 7564
f 1925 7571 7570
f 1928 7572 7571
f 1922 7570 7572
f 7571 7572 7570
f 133 7533 7492
f 1920 7573 7533
f 1906 7492 7573
f 7533 7573 7492
f 497 7574 7537
f 1930 7575 7574
f 1920 7537 7575
f 7574 7575 7537
f 494 7497 7577
f 1906 7576 7497
f 1930 7577 7576
f 7497 7576 7577
f 1920 7575 7573
f 1930 7576 7575
f 1906 7573 7576
f 7575 7576 7573
f 134 7563 7522
f 1929 7578 7563
f 1915 7522 7578
f 7563 7578 7522
f 500 7579 7567
f 1931 7580 7579
f 1929 7567 7580
f 7579 7580 7567
f 497 7527 7582
f 1915 7581 7527
f 1931 7582 7581
f 7527 7581 7582
f 1929 7580 7578
f 1931 7581 7580
f 1915 7578 7581
f 7580 7581 7578
f 135 7503 7552
f 1911 7583 7503
f 1924 7552 7583
f 7503 7583 7552
f 494 7584 7507
f 1932 7585 7584
f 1911 7507 7585
f 7584 7585 7507
f 500 7557 7587
f 1924 7586 7557
f 1932 7587 7586
f 7557 7586 7587
f 1911 7585 7583
f 1932 7586 7585
f 1924 7583 7586
f 7585 7586 7583
f 497 7582 7574
f 1931 7588 7582
f 1930 7574 7588
f 7582 7588 7574
f 500 7587 7579
f 1932 7589 7587
f 1931 7579 7589
f 7587 7589 7579
f 494 7577 7584
f 1930 7590 7577
f 1932 7584 7590
f 7577 7590 7584
f 1931 7589 7588
f 1932 7590 7589
f 1930 7588 7590
f 7589 7590 7588
f 37 7440 7309
f 1894 7591 7440
f 1858 7309 7591
f 7440 7591 7309
f 492 7592 7443
f 1933 7593 7592
f 1894 7443 7593
f 7592 7593 7443
f 481 7313 7595
f 1858 7594 7313
f 1933 7595 7594
f 7313 7594 7595
f 1894 7593 7591
f 1933 7594 7593
f 1858 7591 7594
f 7593 7594 7591
f 132 7596 7453
f 1934 7597 7596
f 1897 7453 7597
f 7596 7597 7453
f 502 7598 7600
f 1935 7599 7598
f 1934 7600 7599
f 7598 7599 7600
f 492 7458 7602
f 1897 7601 7458
f 1935 7602 7601
f 7458 7601 7602
f 1934 7599 7597
f 1935 7601 7599
f 1897 7597 7601
f 7599 7601 7597
f 129 7318 7604
f 1862 7603 7318
f 1937 7604 7603
f 7318 7603 7604
f 481 7605 7322
f 1936 7606 7605
f 1862 7322 7606
f 7605 7606 7322
f 502 7607 7609
f 1937 7608 7607
f 1936 7609 7608
f 7607 7608 7609
f 1862 7606 7603
f 1936 7608 7606
f 1937 7603 7608
f 7606 7608 7603
f 492 7602 7592
f 1935 7610 7602
f 1933 7592 7610
f 7602 7610 7592
f 502 7609 7598
f 1936 7611 7609
f 1935 7598 7611
f 7609 7611 7598
f 481 7595 7605
f 1933 7612 7595
f 1936 7605 7612
f 7595 7612 7605
f 1935 7611 7610
f 1936 7612 7611
f 1933 7610 7612
f 7611 7612 7610
f 38 7545 7409
f 1923 7613 7545
f 1884 7409 7613
f 7545 7613 7409
f 501 7614 7549
f 1938 7615 7614
f 1923 7549 7615
f 7614 7615 7549
f 488 7414 7617
f 1884 7616 7414
f 1938 7617 7616
f 7414 7616 7617
f 1923 7615 7613
f 1938 7616 7615
f 1884 7613 7616
f 7615 7616 7613
f 134 7618 7561
f 1939 7619 7618
f 1927 7561 7619
f 7618 7619 7561
f 503 7620 7622
f 1940 7621 7620
f 1939 7622 7621
f 7620 7621 7622
f 501 7566 7624
f 1927 7623 7566
f 1940 7624 7623
f 7566 7623 7624
f 1939 7621 7619
f 1940 7623 7621
f 1927 7619 7623
f 7621 7623 7619
f 132 7420 7626
f 1889 7625 7420
f 1942 7626 7625
f 7420 7625 7626
f 488 7627 7424
f 1941 7628 7627
f 1889 7424 7628
f 7627 7628 7424
f 503 7629 7631
f 1942 7630 7629
f 1941 7631 7630
f 7629 7630 7631
f 1889 7628 7625
f 1941 7630 7628
f 1942 7625 7630
f 7628 7630 7625
f 501 7624 7614
f 1940 7632 7624
f 1938 7614 7632
f 7624 7632 7614
f 503 7631 7620
f 1941 7633 7631
f 1940 7620 7633
f 7631 7633 7620
f 488 7617 7627
f 1938 7634 7617
f 1941 7627 7634
f 7617 7634 7627
f 1940 7633 7632
f 1941 7634 7633
f 1938 7632 7634
f 7633 7634 7632
f 39 7337 7513
f 1867 7635 7337
f 1912 7513 7635
f 7337 7635 7513
f 485 7636 7341
f 1943 7637 7636
f 1867 7341 7637
f 7636 7637 7341
f 496 7518 7639
f 1912 7638 7518
f 1943 7639 7638
f 7518 7638 7639
f 1867 7637 7635
f 1943 7638 7637
f 1912 7635 7638
f 7637 7638 7635
f 129 7640 7353
f 1944 7641 7640
f 1871 7353 7641
f 7640 7641 7353
f 504 7642 7644
f 1945 7643 7642
f 1944 7644 7643
f 7642 7643 7644
f 485 7358 7646
f 1871 7645 7358
f 1945 7646 7645
f 7358 7645 7646
f 1944 7643 7641
f 1945 7645 7643
f 1871 7641 7645
f 7643 7645 7641
f 134 7524 7648
f 1917 7647 7524
f 1947 7648 7647
f 7524 7647 7648
f 496 7649 7528
f 1946 7650 7649
f 1917 7528 7650
f 7649 7650 7528
f 504 7651 7653
f 1947 7652 7651
f 1946 7653 7652
f 7651 7652 7653
f 1917 7650 7647
f 1946 7652 7650
f 1947 7647 7652
f 7650 7652 7647
f 485 7646 7636
f 1945 7654 7646
f 1943 7636 7654
f 7646 7654 7636
f 504 7653 7642
f 1946 7655 7653
f 1945 7642 7655
f 7653 7655 7642
f 496 7639 7649
f 1943 7656 7639
f 1946 7649 7656
f 7639 7656 7649
f 1945 7655 7654
f 1946 7656 7655
f 1943 7654 7656
f 7655 7656 7654
f 132 7626 7596
f 1942 7657 7626
f 1934 7596 7657
f 7626 7657 7596
f 503 7658 7629
f 1948 7659 7658
f 1942 7629 7659
f 7658 7659 7629
f 502 7600 7661
f 1934 7660 7600
f 1948 7661 7660
f 7600 7660 7661
f 1942 7659 7657
f 1948 7660 7659
f 1934 7657 7660
f 7659 7660 7657
f 134 7648 7618
f 1947 7662 7648
f 1939 7618 7662
f 7648 7662 7618
f 504 7663 7651
f 1949 7664 7663
f 1947 7651 7664
f 7663 7664 7651
f 503 7622 7666
f 1939 7665 7622
f 1949 7666 7665
f 7622 7665 7666
f 1947 7664 7662
f 1949 7665 7664
f 1939 7662 7665
f 7664 7665 7662
f 129 7604 7640
f 1937 7667 7604
f 1944 7640 7667
f 7604 7667 7640
f 502 7668 7607
f 1950 7669 7668
f 1937 7607 7669
f 7668 7669 7607
f 504 7644 7671
f 1944 7670 7644
f 1950 7671 7670
f 7644 7670 7671
f 1937 7669 7667
f 1950 7670 7669
f 1944 7667 7670
f 7669 7670 7667
f 503 7666 7658
f 1949 7672 7666
f 1948 7658 7672
f 7666 7672 7658
f 504 7671 7663
f 1950 7673 7671
f 1949 7663 7673
f 7671 7673 7663
f 502 7661 7668
f 1948 7674 7661
f 1950 7668 7674
f 7661 7674 7668
f 1949 7673 7672
f 1950 7674 7673
f 1948 7672 7674
f 7673 7674 7672
f 4 7284 7676
f 1852 7675 7284
f 1952 7676 7675
f 7284 7675 7676
f 480 7677 7287
f 1951 7678 7677
f 1852 7287 7678
f 7677 7678 7287
f 506 7679 7681
f 1952 7680 7679
f 1951 7681 7680
f 7679 7680 7681
f 1852 7678 7675
f 1951 7680 7678
f 1952 7675 7680
f 7678 7680 7675
f 130 7682 7297
f 1953 7683 7682
f 1855 7297 7683
f 7682 7683 7297
f 505 7684 7686
f 1954 7685 7684
f 1953 7686 7685
f 7684 7685 7686
f 480 7302 7688
f 1855 7687 7302
f 1954 7688 7687
f 7302 7687 7688
f 1953 7685 7683
f 1954 7687 7685
f 1855 7683 7687
f 7685 7687 7683
f 137 7689 7691
f 1955 7690 7689
f 1957 7691 7690
f 7689 7690 7691
f 506 7692 7694
f 1956 7693 7692
f 1955 7694 7693
f 7692 7693 7694
f 505 7695 7697
f 1957 7696 7695
f 1956 7697 7696
f 7695 7696 7697
f 1955 7693 7690
f 1956 7696 7693
f 1957 7690 7696
f 7693 7696 7690
f 480 7688 7677
f 1954 7698 7688
f 1951 7677 7698
f 7688 7698 7677
f 505 7697 7684
f 1956 7699 7697
f 1954 7684 7699
f 7697 7699 7684
f 506 7681 7692
f 1951 7700 7681
f 1956 7692 7700
f 7681 7700 7692
f 1954 7699 7698
f 1956 7700 7699
f 1951 7698 7700
f 7699 7700 7698
f 39 7701 7335
f 1958 7702 7701
f 1865 7335 7702
f 7701 7702 7335
f 507 7703 7705
f 1959 7704 7703
f 1958 7705 7704
f 7703 7704 7705
f 483 7340 7707
f 1865 7706 7340
f 1959 7707 7706
f 7340 7706 7707
f 1958 7704 7702
f 1959 7706 7704
f 1865 7702 7706
f 7704 7706 7702
f 136 7708 7710
f 1960 7709 7708
f 1962 7710 7709
f 7708 7709 7710
f 508 7711 7713
f 1961 7712 7711
f 1960 7713 7712
f 7711 7712 7713
f 507 7714 7716
f 1962 7715 7714
f 1961 7716 7715
f 7714 7715 7716
f 1960 7712 7709
f 1961 7715 7712
f 1962 7709 7715
f 7712 7715 7709
f 130 7346 7718
f 1870 7717 7346
f 1964 7718 7717
f 7346 7717 7718
f 483 7719 7350
f 1963 7720 7719
f 1870 7350 7720
f 7719 7720 7350
f 508 7721 7723
f 1964 7722 7721
f 1963 7723 7722
f 7721 7722 7723
f 1870 7720 7717
f 1963 7722 7720
f 1964 7717 7722
f 7720 7722 7717
f 507 7716 7703
f 1961 7724 7716
f 1959 7703 7724
f 7716 7724 7703
f 508 7723 7711
f 1963 7725 7723
f 1961 7711 7725
f 7723 7725 7711
f 483 7707 7719
f 1959 7726 7707
f 1963 7719 7726
f 7707 7726 7719
f 1961 7725 7724
f 1963 7726 7725
f 1959 7724 7726
f 7725 7726 7724
f 41 7727 7729
f 1965 7728 7727
f 1967 7729 7728
f 7727 7728 7729
f 509 7730 7732
f 1966 7731 7730
f 1965 7732 7731
f 7730 7731 7732
f 511 7733 7735
f 1967 7734 7733
f 1966 7735 7734
f 7733 7734 7735
f 1965 7731 7728
f 1966 7734 7731
f 1967 7728 7734
f 7731 7734 7728
f 137 7736 7738
f 1968 7737 7736
f 1970 7738 7737
f 7736 7737 7738
f 510 7739 7741
f 1969 7740 7739
f 1968 7741 7740
f 7739 7740 7741
f 509 7742 7744
f 1970 7743 7742
f 1969 7744 7743
f 7742 7743 7744
f 1968 7740 7737
f 1969 7743 7740
f 1970 7737 7743
f 7740 7743 7737
f 136 7745 7747
f 1971 7746 7745
f 1973 7747 7746
f 7745 7746 7747
f 511 7748 7750
f 1972 7749 7748
f 1971 7750 7749
f 7748 7749 7750
f 510 7751 7753
f 1973 7752 7751
f 1972 7753 7752
f 7751 7752 7753
f 1971 7749 7746
f 1972 7752 7749
f 1973 7746 7752
f 7749 7752 7746
f 509 7744 7730
f 1969 7754 7744
f 1966 7730 7754
f 7744 7754 7730
f 510 7753 7739
f 1972 7755 7753
f 1969 7739 7755
f 7753 7755 7739
f 511 7735 7748
f 1966 7756 7735
f 1972 7748 7756
f 7735 7756 7748
f 1969 7755 7754
f 1972 7756 7755
f 1966 7754 7756
f 7755 7756 7754
f 130 7718 7682
f 1964 7757 7718
f 1953 7682 7757
f 7718 7757 7682
f 508 7758 7721
f 1974 7759 7758
f 1964 7721 7759
f 7758 7759 7721
f 505 7686 7761
f 1953 7760 7686
f 1974 7761 7760
f 7686 7760 7761
f 1964 7759 7757
f 1974 7760 7759
f 1953 7757 7760
f 7759 7760 7757
f 136 7747 7708
f 1973 7762 7747
f 1960 7708 7762
f 7747 7762 7708
f 510 7763 7751
f 1975 7764 7763
f 1973 7751 7764
f 7763 7764 7751
f 508 7713 7766
f 1960 7765 7713
f 1975 7766 7765
f 7713 7765 7766
f 1973 7764 7762
f 1975 7765 7764
f 1960 7762 7765
f 7764 7765 7762
f 137 7691 7736
f 1957 7767 7691
f 1968 7736 7767
f 7691 7767 7736
f 505 7768 7695
f 1976 7769 7768
f 1957 7695 7769
f 7768 7769 7695
f 510 7741 7771
f 1968 7770 7741
f 1976 7771 7770
f 7741 7770 7771
f 1957 7769 7767
f 1976 7770 7769
f 1968 7767 7770
f 7769 7770 7767
f 508 7766 7758
f 1975 7772 7766
f 1974 7758 7772
f 7766 7772 7758
f 510 7771 7763
f 1976 7773 7771
f 1975 7763 7773
f 7771 7773 7763
f 505 7761 7768
f 1974 7774 7761
f 1976 7768 7774
f 7761 7774 7768
f 1975 7773 7772
f 1976 7774 7773
f 1974 7772 7774
f 7773 7774 7772
f 7 7775 7483
f 1977 7776 7775
f 1903 7483 7776
f 7775 7776 7483
f 512 7777 7779
f 1978 7778 7777
f 1977 7779 7778
f 7777 7778 7779
f 493 7488 7781
f 1903 7780 7488
f 1978 7781 7780
f 7488 7780 7781
f 1977 7778 7776
f 1978 7780 7778
f 1903 7776 7780
f 7778 7780 7776
f 138 7782 7784
f 1979 7783 7782
f 1981 7784 7783
f 7782 7783 7784
f 513 7785 7787
f 1980 7786 7785
f 1979 7787 7786
f 7785 7786 7787
f 512 7788 7790
f 1981 7789 7788
f 1980 7790 7789
f 7788 7789 7790
f 1979 7786 7783
f 1980 7789 7786
f 1981 7783 7789
f 7786 7789 7783
f 133 7494 7792
f 1908 7791 7494
f 1983 7792 7791
f 7494 7791 7792
f 493 7793 7498
f 1982 7794 7793
f 1908 7498 7794
f 7793 7794 7498
f 513 7795 7797
f 1983 7796 7795
f 1982 7797 7796
f 7795 7796 7797
f 1908 7794 7791
f 1982 7796 7794
f 1983 7791 7796
f 7794 7796 7791
f 512 7790 7777
f 1980 7798 7790
f 1978 7777 7798
f 7790 7798 7777
f 513 7797 7785
f 1982 7799 7797
f 1980 7785 7799
f 7797 7799 7785
f 493 7781 7793
f 1978 7800 7781
f 1982 7793 7800
f 7781 7800 7793
f 1980 7799 7798
f 1982 7800 7799
f 1978 7798 7800
f 7799 7800 7798
f 40 7801 7803
f 1984 7802 7801
f 1986 7803 7802
f 7801 7802 7803
f 514 7804 7806
f 1985 7805 7804
f 1984 7806 7805
f 7804 7805 7806
f 516 7807 7809
f 1986 7808 7807
f 1985 7809 7808
f 7807 7808 7809
f 1984 7805 7802
f 1985 7808 7805
f 1986 7802 7808
f 7805 7808 7802
f 139 7810 7812
f 1987 7811 7810
f 1989 7812 7811
f 7810 7811 7812
f 515 7813 7815
f 1988 7814 7813
f 1987 7815 7814
f 7813 7814 7815
f 514 7816 7818
f 1989 7817 7816
f 1988 7818 7817
f 7816 7817 7818
f 1987 7814 7811
f 1988 7817 7814
f 1989 7811 7817
f 7814 7817 7811
f 138 7819 7821
f 1990 7820 7819
f 1992 7821 7820
f 7819 7820 7821
f 516 7822 7824
f 1991 7823 7822
f 1990 7824 7823
f 7822 7823 7824
f 515 7825 7827
f 1992 7826 7825
f 1991 7827 7826
f 7825 7826 7827
f 1990 7823 7820
f 1991 7826 7823
f 1992 7820 7826
f 7823 7826 7820
f 514 7818 7804
f 1988 7828 7818
f 1985 7804 7828
f 7818 7828 7804
f 515 7827 7813
f 1991 7829 7827
f 1988 7813 7829
f 7827 7829 7813
f 516 7809 7822
f 1985 7830 7809
f 1991 7822 7830
f 7809 7830 7822
f 1988 7829 7828
f 1991 7830 7829
f 1985 7828 7830
f 7829 7830 7828
f 39 7515 7832
f 1914 7831 7515
f 1994 7832 7831
f 7515 7831 7832
f 498 7833 7519
f 1993 7834 7833
f 1914 7519 7834
f 7833 7834 7519
f 518 7835 7837
f 1994 7836 7835
f 1993 7837 7836
f 7835 7836 7837
f 1914 7834 7831
f 1993 7836 7834
f 1994 7831 7836
f 7834 7836 7831
f 133 7838 7531
f 1995 7839 7838
f 1918 7531 7839
f 7838 7839 7531
f 517 7840 7842
f 1996 7841 7840
f 1995 7842 7841
f 7840 7841 7842
f 498 7536 7844
f 1918 7843 7536
f 1996 7844 7843
f 7536 7843 7844
f 1995 7841 7839
f 1996 7843 7841
f 1918 7839 7843
f 7841 7843 7839
f 139 7845 7847
f 1997 7846 7845
f 1999 7847 7846
f 7845 7846 7847
f 518 7848 7850
f 1998 7849 7848
f 1997 7850 7849
f 7848 7849 7850
f 517 7851 7853
f 1999 7852 7851
f 1998 7853 7852
f 7851 7852 7853
f 1997 7849 7846
f 1998 7852 7849
f 1999 7846 7852
f 7849 7852 7846
f 498 7844 7833
f 1996 7854 7844
f 1993 7833 7854
f 7844 7854 7833
f 517 7853 7840
f 1998 7855 7853
f 1996 7840 7855
f 7853 7855 7840
f 518 7837 7848
f 1993 7856 7837
f 1998 7848 7856
f 7837 7856 7848
f 1996 7855 7854
f 1998 7856 7855
f 1993 7854 7856
f 7855 7856 7854
f 138 7821 7782
f 1992 7857 7821
f 1979 7782 7857
f 7821 7857 7782
f 515 7858 7825
f 2000 7859 7858
f 1992 7825 7859
f 7858 7859 7825
f 513 7787 7861
f 1979 7860 7787
f 2000 7861 7860
f 7787 7860 7861
f 1992 7859 7857
f 2000 7860 7859
f 1979 7857 7860
f 7859 7860 7857
f 139 7847 7810
f 1999 7862 7847
f 1987 7810 7862
f 7847 7862 7810
f 517 7863 7851
f 2001 7864 7863
f 1999 7851 7864
f 7863 7864 7851
f 515 7815 7866
f 1987 7865 7815
f 2001 7866 7865
f 7815 7865 7866
f 1999 7864 7862
f 2001 7865 7864
f 1987 7862 7865
f 7864 7865 7862
f 133 7792 7838
f 1983 7867 7792
f 1995 7838 7867
f 7792 7867 7838
f 513 7868 7795
f 2002 7869 7868
f 1983 7795 7869
f 7868 7869 7795
f 517 7842 7871
f 1995 7870 7842
f 2002 7871 7870
f 7842 7870 7871
f 1983 7869 7867
f 2002 7870 7869
f 1995 7867 7870
f 7869 7870 7867
f 515 7866 7858
f 2001 7872 7866
f 2000 7858 7872
f 7866 7872 7858
f 517 7871 7863
f 2002 7873 7871
f 2001 7863 7873
f 7871 7873 7863
f 513 7861 7868
f 2000 7874 7861
f 2002 7868 7874
f 7861 7874 7868
f 2001 7873 7872
f 2002 7874 7873
f 2000 7872 7874
f 7873 7874 7872
f 9 7875 7877
f 2003 7876 7875
f 2005 7877 7876
f 7875 7876 7877
f 519 7878 7880
f 2004 7879 7878
f 2003 7880 7879
f 7878 7879 7880
f 521 7881 7883
f 2005 7882 7881
f 2004 7883 7882
f 7881 7882 7883
f 2003 7879 7876
f 2004 7882 7879
f 2005 7876 7882
f 7879 7882 7876
f 140 7884 7886
f 2006 7885 7884
f 2008 7886 7885
f 7884 7885 7886
f 520 7887 7889
f 2007 7888 7887
f 2006 7889 7888
f 7887 7888 7889
f 519 7890 7892
f 2008 7891 7890
f 2007 7892 7891
f 7890 7891 7892
f 2006 7888 7885
f 2007 7891 7888
f 2008 7885 7891
f 7888 7891 7885
f 142 7893 7895
f 2009 7894 7893
f 2011 7895 7894
f 7893 7894 7895
f 521 7896 7898
f 2010 7897 7896
f 2009 7898 7897
f 7896 7897 7898
f 520 7899 7901
f 2011 7900 7899
f 2010 7901 7900
f 7899 7900 7901
f 2009 7897 7894
f 2010 7900 7897
f 2011 7894 7900
f 7897 7900 7894
f 519 7892 7878
f 2007 7902 7892
f 2004 7878 7902
f 7892 7902 7878
f 520 7901 7887
f 2010 7903 7901
f 2007 7887 7903
f 7901 7903 7887
f 521 7883 7896
f 2004 7904 7883
f 2010 7896 7904
f 7883 7904 7896
f 2007 7903 7902
f 2010 7904 7903
f 2004 7902 7904
f 7903 7904 7902
f 41 7905 7907
f 2012 7906 7905
f 2014 7907 7906
f 7905 7906 7907
f 522 7908 7910
f 2013 7909 7908
f 2012 7910 7909
f 7908 7909 7910
f 524 7911 7913
f 2014 7912 7911
f 2013 7913 7912
f 7911 7912 7913
f 2012 7909 7906
f 2013 7912 7909
f 2014 7906 7912
f 7909 7912 7906
f 141 7914 7916
f 2015 7915 7914
f 2017 7916 7915
f 7914 7915 7916
f 523 7917 7919
f 2016 7918 7917
f 2015 7919 7918
f 7917 7918 7919
f 522 7920 7922
f 2017 7921 7920
f 2016 7922 7921
f 7920 7921 7922
f 2015 7918 7915
f 2016 7921 7918
f 2017 7915 7921
f 7918 7921 7915
f 140 7923 7925
f 2018 7924 7923
f 2020 7925 7924
f 7923 7924 7925
f 524 7926 7928
f 2019 7927 7926
f 2018 7928 7927
f 7926 7927 7928
f 523 7929 7931
f 2020 7930 7929
f 2019 7931 7930
f 7929 7930 7931
f 2018 7927 7924
f 2019 7930 7927
f 2020 7924 7930
f 7927 7930 7924
f 522 7922 7908
f 2016 7932 7922
f 2013 7908 7932
f 7922 7932 7908
f 523 7931 7917
f 2019 7933 7931
f 2016 7917 7933
f 7931 7933 7917
f 524 7913 7926
f 2013 7934 7913
f 2019 7926 7934
f 7913 7934 7926
f 2016 7933 7932
f 2019 7934 7933
f 2013 7932 7934
f 7933 7934 7932
f 40 7935 7937
f 2021 7936 7935
f 2023 7937 7936
f 7935 7936 7937
f 525 7938 7940
f 2022 7939 7938
f 2021 7940 7939
f 7938 7939 7940
f 527 7941 7943
f 2023 7942 7941
f 2022 7943 7942
f 7941 7942 7943
f 2021 7939 7936
f 2022 7942 7939
f 2023 7936 7942
f 7939 7942 7936
f 142 7944 7946
f 2024 7945 7944
f 2026 7946 7945
f 7944 7945 7946
f 526 7947 7949
f 2025 7948 7947
f 2024 7949 7948
f 7947 7948 7949
f 525 7950 7952
f 2026 7951 7950
f 2025 7952 7951
f 7950 7951 7952
f 2024 7948 7945
f 2025 7951 7948
f 2026 7945 7951
f 7948 7951 7945
f 141 7953 7955
f 2027 7954 7953
f 2029 7955 7954
f 7953 7954 7955
f 527 7956 7958
f 2028 7957 7956
f 2027 7958 7957
f 7956 7957 7958
f 526 7959 7961
f 2029 7960 7959
f 2028 7961 7960
f 7959 7960 7961
f 2027 7957 7954
f 2028 7960 7957
f 2029 7954 7960
f 7957 7960 7954
f 525 7952 7938
f 2025 7962 7952
f 2022 7938 7962
f 7952 7962 7938
f 526 7961 7947
f 2028 7963 7961
f 2025 7947 7963
f 7961 7963 7947
f 527 7943 7956
f 2022 7964 7943
f 2028 7956 7964
f 7943 7964 7956
f 2025 7963 7962
f 2028 7964 7963
f 2022 7962 7964
f 7963 7964 7962
f 140 7925 7884
f 2020 7965 7925
f 2006 7884 7965
f 7925 7965 7884
f 523 7966 7929
f 2030 7967 7966
f 2020 7929 7967
f 7966 7967 7929
f 520 7889 7969
f 2006 7968 7889
f 2030 7969 7968
f 7889 7968 7969
f 2020 7967 7965
f 2030 7968 7967
f 2006 7965 7968
f 7967 7968 7965
f 141 7955 7914
f 2029 7970 7955
f 2015 7914 7970
f 7955 7970 7914
f 526 7971 7959
f 2031 7972 7971
f 2029 7959 7972
f 7971 7972 7959
f 523 7919 7974
f 2015 7973 7919
f 2031 7974 7973
f 7919 7973 7974
f 2029 7972 7970
f 2031 7973 7972
f 2015 7970 7973
f 7972 7973 7970
f 142 7895 7944
f 2011 7975 7895
f 2024 7944 7975
f 7895 7975 7944
f 520 7976 7899
f 2032 7977 7976
f 2011 7899 7977
f 7976 7977 7899
f 526 7949 7979
f 2024 7978 7949
f 2032 7979 7978
f 7949 7978 7979
f 2011 7977 7975
f 2032 7978 7977
f 2024 7975 7978
f 7977 7978 7975
f 523 7974 7966
f 2031 7980 7974
f 2030 7966 7980
f 7974 7980 7966
f 526 7979 7971
f 2032 7981 7979
f 2031 7971 7981
f 7979 7981 7971
f 520 7969 7976
f 2030 7982 7969
f 2032 7976 7982
f 7969 7982 7976
f 2031 7981 7980
f 2032 7982 7981
f 2030 7980 7982
f 7981 7982 7980
f 39 7832 7701
f 1994 7983 7832
f 1958 7701 7983
f 7832 7983 7701
f 518 7984 7835
f 2033 7985 7984
f 1994 7835 7985
f 7984 7985 7835
f 507 7705 7987
f 1958 7986 7705
f 2033 7987 7986
f 7705 7986 7987
f 1994 7985 7983
f 2033 7986 7985
f 1958 7983 7986
f 7985 7986 7983
f 139 7988 7845
f 2034 7989 7988
f 1997 7845 7989
f 7988 7989 7845
f 528 7990 7992
f 2035 7991 7990
f 2034 7992 7991
f 7990 7991 7992
f 518 7850 7994
f 1997 7993 7850
f 2035 7994 7993
f 7850 7993 7994
f 2034 7991 7989
f 2035 7993 7991
f 1997 7989 7993
f 7991 7993 7989
f 136 7710 7996
f 1962 7995 7710
f 2037 7996 7995
f 7710 7995 7996
f 507 7997 7714
f 2036 7998 7997
f 1962 7714 7998
f 7997 7998 7714
f 528 7999 8001
f 2037 8000 7999
f 2036 8001 8000
f 7999 8000 8001
f 1962 7998 7995
f 2036 8000 7998
f 2037 7995 8000
f 7998 8000 7995
f 518 7994 7984
f 2035 8002 7994
f 2033 7984 8002
f 7994 8002 7984
f 528 8001 7990
f 2036 8003 8001
f 2035 7990 8003
f 8001 8003 7990
f 507 7987 7997
f 2033 8004 7987
f 2036 7997 8004
f 7987 8004 7997
f 2035 8003 8002
f 2036 8004 8003
f 2033 8002 8004
f 8003 8004 8002
f 40 7937 7801
f 2023 8005 7937
f 1984 7801 8005
f 7937 8005 7801
f 527 8006 7941
f 2038 8007 8006
f 2023 7941 8007
f 8006 8007 7941
f 514 7806 8009
f 1984 8008 7806
f 2038 8009 8008
f 7806 8008 8009
f 2023 8007 8005
f 2038 8008 8007
f 1984 8005 8008
f 8007 8008 8005
f 141 8010 7953
f 2039 8011 8010
f 2027 7953 8011
f 8010 8011 7953
f 529 8012 8014
f 2040 8013 8012
f 2039 8014 8013
f 8012 8013 8014
f 527 7958 8016
f 2027 8015 7958
f 2040 8016 8015
f 7958 8015 8016
f 2039 8013 8011
f 2040 8015 8013
f 2027 8011 8015
f 8013 8015 8011
f 139 7812 8018
f 1989 8017 7812
f 2042 8018 8017
f 7812 8017 8018
f 514 8019 7816
f 2041 8020 8019
f 1989 7816 8020
f 8019 8020 7816
f 529 8021 8023
f 2042 8022 8021
f 2041 8023 8022
f 8021 8022 8023
f 1989 8020 8017
f 2041 8022 8020
f 2042 8017 8022
f 8020 8022 8017
f 527 8016 8006
f 2040 8024 8016
f 2038 8006 8024
f 8016 8024 8006
f 529 8023 8012
f 2041 8025 8023
f 2040 8012 8025
f 8023 8025 8012
f 514 8009 8019
f 2038 8026 8009
f 2041 8019 8026
f 8009 8026 8019
f 2040 8025 8024
f 2041 8026 8025
f 2038 8024 8026
f 8025 8026 8024
f 41 7729 7905
f 1967 8027 7729
f 2012 7905 8027
f 7729 8027 7905
f 511 8028 7733
f 2043 8029 8028
f 1967 7733 8029
f 8028 8029 7733
f 522 7910 8031
f 2012 8030 7910
f 2043 8031 8030
f 7910 8030 8031
f 1967 8029 8027
f 2043 8030 8029
f 2012 8027 8030
f 8029 8030 8027
f 136 8032 7745
f 2044 8033 8032
f 1971 7745 8033
f 8032 8033 7745
f 530 8034 8036
f 2045 8035 8034
f 2044 8036 8035
f 8034 8035 8036
f 511 7750 8038
f 1971 8037 7750
f 2045 8038 8037
f 7750 8037 8038
f 2044 8035 8033
f 2045 8037 8035
f 1971 8033 8037
f 8035 8037 8033
f 141 7916 8040
f 2017 8039 7916
f 2047 8040 8039
f 7916 8039 8040
f 522 8041 7920
f 2046 8042 8041
f 2017 7920 8042
f 8041 8042 7920
f 530 8043 8045
f 2047 8044 8043
f 2046 8045 8044
f 8043 8044 8045
f 2017 8042 8039
f 2046 8044 8042
f 2047 8039 8044
f 8042 8044 8039
f 511 8038 8028
f 2045 8046 8038
f 2043 8028 8046
f 8038 8046 8028
f 530 8045 8034
f 2046 8047 8045
f 2045 8034 8047
f 8045 8047 8034
f 522 8031 8041
f 2043 8048 8031
f 2046 8041 8048
f 8031 8048 8041
f 2045 8047 8046
f 2046 8048 8047
f 2043 8046 8048
f 8047 8048 8046
f 139 8018 7988
f 2042 8049 8018
f 2034 7988 8049
f 8018 8049 7988
f 529 8050 8021
f 2048 8051 8050
f 2042 8021 8051
f 8050 8051 8021
f 528 7992 8053
f 2034 8052 7992
f 2048 8053 8052
f 7992 8052 8053
f 2042 8051 8049
f 2048 8052 8051
f 2034 8049 8052
f 8051 8052 8049
f 141 8040 8010
f 2047 8054 8040
f 2039 8010 8054
f 8040 8054 8010
f 530 8055 8043
f 2049 8056 8055
f 2047 8043 8056
f 8055 8056 8043
f 529 8014 8058
f 2039 8057 8014
f 2049 8058 8057
f 8014 8057 8058
f 2047 8056 8054
f 2049 8057 8056
f 2039 8054 8057
f 8056 8057 8054
f 136 7996 8032
f 2037 8059 7996
f 2044 8032 8059
f 7996 8059 8032
f 528 8060 7999
f 2050 8061 8060
f 2037 7999 8061
f 8060 8061 7999
f 530 8036 8063
f 2044 8062 8036
f 2050 8063 8062
f 8036 8062 8063
f 2037 8061 8059
f 2050 8062 8061
f 2044 8059 8062
f 8061 8062 8059
f 529 8058 8050
f 2049 8064 8058
f 2048 8050 8064
f 8058 8064 8050
f 530 8063 8055
f 2050 8065 8063
f 2049 8055 8065
f 8063 8065 8055
f 528 8053 8060
f 2048 8066 8053
f 2050 8060 8066
f 8053 8066 8060
f 2049 8065 8064
f 2050 8066 8065
f 2048 8064 8066
f 8065 8066 8064
f 4 7676 6483
f 1952 8067 7676
f 1643 6483 8067
f 7676 8067 6483
f 506 8068 7679
f 2051 8069 8068
f 1952 7679 8069
f 8068 8069 7679
f 423 6488 8071
f 1643 8070 6488
f 2051 8071 8070
f 6488 8070 8071
f 1952 8069 8067
f 2051 8070 8069
f 1643 8067 8070
f 8069 8070 8067
f 137 8072 7689
f 2052 8073 8072
f 1955 7689 8073
f 8072 8073 7689
f 531 8074 8076
f 2053 8075 8074
f 2052 8076 8075
f 8074 8075 8076
f 506 7694 8078
f 1955 8077 7694
f 2053 8078 8077
f 7694 8077 8078
f 2052 8075 8073
f 2053 8077 8075
f 1955 8073 8077
f 8075 8077 8073
f 113 6494 8080
f 1648 8079 6494
f 2055 8080 8079
f 6494 8079 8080
f 423 8081 6498
f 2054 8082 8081
f 1648 6498 8082
f 8081 8082 6498
f 531 8083 8085
f 2055 8084 8083
f 2054 8085 8084
f 8083 8084 8085
f 1648 8082 8079
f 2054 8084 8082
f 2055 8079 8084
f 8082 8084 8079
f 506 8078 8068
f 2053 8086 8078
f 2051 8068 8086
f 8078 8086 8068
f 531 8085 8074
f 2054 8087 8085
f 2053 8074 8087
f 8085 8087 8074
f 423 8071 8081
f 2051 8088 8071
f 2054 8081 8088
f 8071 8088 8081
f 2053 8087 8086
f 2054 8088 8087
f 2051 8086 8088
f 8087 8088 8086
f 41 8089 7727
f 2056 8090 8089
f 1965 7727 8090
f 8089 8090 7727
f 532 8091 8093
f 2057 8092 8091
f 2056 8093 8092
f 8091 8092 8093
f 509 7732 8095
f 1965 8094 7732
f 2057 8095 8094
f 7732 8094 8095
f 2056 8092 8090
f 2057 8094 8092
f 1965 8090 8094
f 8092 8094 8090
f 143 8096 8098
f 2058 8097 8096
f 2060 8098 8097
f 8096 8097 8098
f 533 8099 8101
f 2059 8100 8099
f 2058 8101 8100
f 8099 8100 8101
f 532 8102 8104
f 2060 8103 8102
f 2059 8104 8103
f 8102 8103 8104
f 2058 8100 8097
f 2059 8103 8100
f 2060 8097 8103
f 8100 8103 8097
f 137 7738 8106
f 1970 8105 7738
f 2062 8106 8105
f 7738 8105 8106
f 509 8107 7742
f 2061 8108 8107
f 1970 7742 8108
f 8107 8108 7742
f 533 8109 8111
f 2062 8110 8109
f 2061 8111 8110
f 8109 8110 8111
f 1970 8108 8105
f 2061 8110 8108
f 2062 8105 8110
f 8108 8110 8105
f 532 8104 8091
f 2059 8112 8104
f 2057 8091 8112
f 8104 8112 8091
f 533 8111 8099
f 2061 8113 8111
f 2059 8099 8113
f 8111 8113 8099
f 509 8095 8107
f 2057 8114 8095
f 2061 8107 8114
f 8095 8114 8107
f 2059 8113 8112
f 2061 8114 8113
f 2057 8112 8114
f 8113 8114 8112
f 33 6515 8116
f 1654 8115 6515
f 2064 8116 8115
f 6515 8115 8116
f 428 8117 6519
f 2063 8118 8117
f 1654 6519 8118
f 8117 8118 6519
f 535 8119 8121
f 2064 8120 8119
f 2063 8121 8120
f 8119 8120 8121
f 1654 8118 8115
f 2063 8120 8118
f 2064 8115 8120
f 8118 8120 8115
f 113 8122 6531
f 2065 8123 8122
f 1658 6531 8123
f 8122 8123 6531
f 534 8124 8126
f 2066 8125 8124
f 2065 8126 8125
f 8124 8125 8126
f 428 6536 8128
f 1658 8127 6536
f 2066 8128 8127
f 6536 8127 8128
f 2065 8125 8123
f 2066 8127 8125
f 1658 8123 8127
f 8125 8127 8123
f 143 8129 8131
f 2067 8130 8129
f 2069 8131 8130
f 8129 8130 8131
f 535 8132 8134
f 2068 8133 8132
f 2067 8134 8133
f 8132 8133 8134
f 534 8135 8137
f 2069 8136 8135
f 2068 8137 8136
f 8135 8136 8137
f 2067 8133 8130
f 2068 8136 8133
f 2069 8130 8136
f 8133 8136 8130
f 428 8128 8117
f 2066 8138 8128
f 2063 8117 8138
f 8128 8138 8117
f 534 8137 8124
f 2068 8139 8137
f 2066 8124 8139
f 8137 8139 8124
f 535 8121 8132
f 2063 8140 8121
f 2068 8132 8140
f 8121 8140 8132
f 2066 8139 8138
f 2068 8140 8139
f 2063 8138 8140
f 8139 8140 8138
f 137 8106 8072
f 2062 8141 8106
f 2052 8072 8141
f 8106 8141 8072
f 533 8142 8109
f 2070 8143 8142
f 2062 8109 8143
f 8142 8143 8109
f 531 8076 8145
f 2052 8144 8076
f 2070 8145 8144
f 8076 8144 8145
f 2062 8143 8141
f 2070 8144 8143
f 2052 8141 8144
f 8143 8144 8141
f 143 8131 8096
f 2069 8146 8131
f 2058 8096 8146
f 8131 8146 8096
f 534 8147 8135
f 2071 8148 8147
f 2069 8135 8148
f 8147 8148 8135
f 533 8101 8150
f 2058 8149 8101
f 2071 8150 8149
f 8101 8149 8150
f 2069 8148 8146
f 2071 8149 8148
f 2058 8146 8149
f 8148 8149 8146
f 113 8080 8122
f 2055 8151 8080
f 2065 8122 8151
f 8080 8151 8122
f 531 8152 8083
f 2072 8153 8152
f 2055 8083 8153
f 8152 8153 8083
f 534 8126 8155
f 2065 8154 8126
f 2072 8155 8154
f 8126 8154 8155
f 2055 8153 8151
f 2072 8154 8153
f 2065 8151 8154
f 8153 8154 8151
f 533 8150 8142
f 2071 8156 8150
f 2070 8142 8156
f 8150 8156 8142
f 534 8155 8147
f 2072 8157 8155
f 2071 8147 8157
f 8155 8157 8147
f 531 8145 8152
f 2070 8158 8145
f 2072 8152 8158
f 8145 8158 8152
f 2071 8157 8156
f 2072 8158 8157
f 2070 8156 8158
f 8157 8158 8156
f 9 8159 7875
f 2073 8160 8159
f 2003 7875 8160
f 8159 8160 7875
f 536 8161 8163
f 2074 8162 8161
f 2073 8163 8162
f 8161 8162 8163
f 519 7880 8165
f 2003 8164 7880
f 2074 8165 8164
f 7880 8164 8165
f 2073 8162 8160
f 2074 8164 8162
f 2003 8160 8164
f 8162 8164 8160
f 144 8166 8168
f 2075 8167 8166
f 2077 8168 8167
f 8166 8167 8168
f 537 8169 8171
f 2076 8170 8169
f 2075 8171 8170
f 8169 8170 8171
f 536 8172 8174
f 2077 8173 8172
f 2076 8174 8173
f 8172 8173 8174
f 2075 8170 8167
f 2076 8173 8170
f 2077 8167 8173
f 8170 8173 8167
f 140 7886 8176
f 2008 8175 7886
f 2079 8176 8175
f 7886 8175 8176
f 519 8177 7890
f 2078 8178 8177
f 2008 7890 8178
f 8177 8178 7890
f 537 8179 8181
f 2079 8180 8179
f 2078 8181 8180
f 8179 8180 8181
f 2008 8178 8175
f 2078 8180 8178
f 2079 8175 8180
f 8178 8180 8175
f 536 8174 8161
f 2076 8182 8174
f 2074 8161 8182
f 8174 8182 8161
f 537 8181 8169
f 2078 8183 8181
f 2076 8169 8183
f 8181 8183 8169
f 519 8165 8177
f 2074 8184 8165
f 2078 8177 8184
f 8165 8184 8177
f 2076 8183 8182
f 2078 8184 8183
f 2074 8182 8184
f 8183 8184 8182
f 42 8185 8187
f 2080 8186 8185
f 2082 8187 8186
f 8185 8186 8187
f 538 8188 8190
f 2081 8189 8188
f 2080 8190 8189
f 8188 8189 8190
f 540 8191 8193
f 2082 8192 8191
f 2081 8193 8192
f 8191 8192 8193
f 2080 8189 8186
f 2081 8192 8189
f 2082 8186 8192
f 8189 8192 8186
f 145 8194 8196
f 2083 8195 8194
f 2085 8196 8195
f 8194 8195 8196
f 539 8197 8199
f 2084 8198 8197
f 2083 8199 8198
f 8197 8198 8199
f 538 8200 8202
f 2085 8201 8200
f 2084 8202 8201
f 8200 8201 8202
f 2083 8198 8195
f 2084 8201 8198
f 2085 8195 8201
f 8198 8201 8195
f 144 8203 8205
f 2086 8204 8203
f 2088 8205 8204
f 8203 8204 8205
f 540 8206 8208
f 2087 8207 8206
f 2086 8208 8207
f 8206 8207 8208
f 539 8209 8211
f 2088 8210 8209
f 2087 8211 8210
f 8209 8210 8211
f 2086 8207 8204
f 2087 8210 8207
f 2088 8204 8210
f 8207 8210 8204
f 538 8202 8188
f 2084 8212 8202
f 2081 8188 8212
f 8202 8212 8188
f 539 8211 8197
f 2087 8213 8211
f 2084 8197 8213
f 8211 8213 8197
f 540 8193 8206
f 2081 8214 8193
f 2087 8206 8214
f 8193 8214 8206
f 2084 8213 8212
f 2087 8214 8213
f 2081 8212 8214
f 8213 8214 8212
f 41 7907 8216
f 2014 8215 7907
f 2090 8216 8215
f 7907 8215 8216
f 524 8217 7911
f 2089 8218 8217
f 2014 7911 8218
f 8217 8218 7911
f 542 8219 8221
f 2090 8220 8219
f 2089 8221 8220
f 8219 8220 8221
f 2014 8218 8215
f 2089 8220 8218
f 2090 8215 8220
f 8218 8220 8215
f 140 8222 7923
f 2091 8223 8222
f 2018 7923 8223
f 8222 8223 7923
f 541 8224 8226
f 2092 8225 8224
f 2091 8226 8225
f 8224 8225 8226
f 524 7928 8228
f 2018 8227 7928
f 2092 8228 8227
f 7928 8227 8228
f 2091 8225 8223
f 2092 8227 8225
f 2018 8223 8227
f 8225 8227 8223
f 145 8229 8231
f 2093 8230 8229
f 2095 8231 8230
f 8229 8230 8231
f 542 8232 8234
f 2094 8233 8232
f 2093 8234 8233
f 8232 8233 8234
f 541 8235 8237
f 2095 8236 8235
f 2094 8237 8236
f 8235 8236 8237
f 2093 8233 8230
f 2094 8236 8233
f 2095 8230 8236
f 8233 8236 8230
f 524 8228 8217
f 2092 8238 8228
f 2089 8217 8238
f 8228 8238 8217
f 541 8237 8224
f 2094 8239 8237
f 2092 8224 8239
f 8237 8239 8224
f 542 8221 8232
f 2089 8240 8221
f 2094 8232 8240
f 8221 8240 8232
f 2092 8239 8238
f 2094 8240 8239
f 2089 8238 8240
f 8239 8240 8238
f 144 8205 8166
f 2088 8241 8205
f 2075 8166 8241
f 8205 8241 8166
f 539 8242 8209
f 2096 8243 8242
f 2088 8209 8243
f 8242 8243 8209
f 537 8171 8245
f 2075 8244 8171
f 2096 8245 8244
f 8171 8244 8245
f 2088 8243 8241
f 2096 8244 8243
f 2075 8241 8244
f 8243 8244 8241
f 145 8231 8194
f 2095 8246 8231
f 2083 8194 8246
f 8231 8246 8194
f 541 8247 8235
f 2097 8248 8247
f 2095 8235 8248
f 8247 8248 8235
f 539 8199 8250
f 2083 8249 8199
f 2097 8250 8249
f 8199 8249 8250
f 2095 8248 8246
f 2097 8249 8248
f 2083 8246 8249
f 8248 8249 8246
f 140 8176 8222
f 2079 8251 8176
f 2091 8222 8251
f 8176 8251 8222
f 537 8252 8179
f 2098 8253 8252
f 2079 8179 8253
f 8252 8253 8179
f 541 8226 8255
f 2091 8254 8226
f 2098 8255 8254
f 8226 8254 8255
f 2079 8253 8251
f 2098 8254 8253
f 2091 8251 8254
f 8253 8254 8251
f 539 8250 8242
f 2097 8256 8250
f 2096 8242 8256
f 8250 8256 8242
f 541 8255 8247
f 2098 8257 8255
f 2097 8247 8257
f 8255 8257 8247
f 537 8245 8252
f 2096 8258 8245
f 2098 8252 8258
f 8245 8258 8252
f 2097 8257 8256
f 2098 8258 8257
f 2096 8256 8258
f 8257 8258 8256
f 10 6593 8260
f 1675 8259 6593
f 2100 8260 8259
f 6593 8259 8260
f 434 8261 6597
f 2099 8262 8261
f 1675 6597 8262
f 8261 8262 6597
f 544 8263 8265
f 2100 8264 8263
f 2099 8265 8264
f 8263 8264 8265
f 1675 8262 8259
f 2099 8264 8262
f 2100 8259 8264
f 8262 8264 8259
f 118 8266 6609
f 2101 8267 8266
f 1679 6609 8267
f 8266 8267 6609
f 543 8268 8270
f 2102 8269 8268
f 2101 8270 8269
f 8268 8269 8270
f 434 6614 8272
f 1679 8271 6614
f 2102 8272 8271
f 6614 8271 8272
f 2101 8269 8267
f 2102 8271 8269
f 1679 8267 8271
f 8269 8271 8267
f 147 8273 8275
f 2103 8274 8273
f 2105 8275 8274
f 8273 8274 8275
f 544 8276 8278
f 2104 8277 8276
f 2103 8278 8277
f 8276 8277 8278
f 543 8279 8281
f 2105 8280 8279
f 2104 8281 8280
f 8279 8280 8281
f 2103 8277 8274
f 2104 8280 8277
f 2105 8274 8280
f 8277 8280 8274
f 434 8272 8261
f 2102 8282 8272
f 2099 8261 8282
f 8272 8282 8261
f 543 8281 8268
f 2104 8283 8281
f 2102 8268 8283
f 8281 8283 8268
f 544 8265 8276
f 2099 8284 8265
f 2104 8276 8284
f 8265 8284 8276
f 2102 8283 8282
f 2104 8284 8283
f 2099 8282 8284
f 8283 8284 8282
f 33 8285 6651
f 2106 8286 8285
f 1691 6651 8286
f 8285 8286 6651
f 545 8287 8289
f 2107 8288 8287
f 2106 8289 8288
f 8287 8288 8289
f 438 6656 8291
f 1691 8290 6656
f 2107 8291 8290
f 6656 8290 8291
f 2106 8288 8286
f 2107 8290 8288
f 1691 8286 8290
f 8288 8290 8286
f 146 8292 8294
f 2108 8293 8292
f 2110 8294 8293
f 8292 8293 8294
f 546 8295 8297
f 2109 8296 8295
f 2108 8297 8296
f 8295 8296 8297
f 545 8298 8300
f 2110 8299 8298
f 2109 8300 8299
f 8298 8299 8300
f 2108 8296 8293
f 2109 8299 8296
f 2110 8293 8299
f 8296 8299 8293
f 118 6662 8302
f 1696 8301 6662
f 2112 8302 8301
f 6662 8301 8302
f 438 8303 6666
f 2111 8304 8303
f 1696 6666 8304
f 8303 8304 6666
f 546 8305 8307
f 2112 8306 8305
f 2111 8307 8306
f 8305 8306 8307
f 1696 8304 8301
f 2111 8306 8304
f 2112 8301 8306
f 8304 8306 8301
f 545 8300 8287
f 2109 8308 8300
f 2107 8287 8308
f 8300 8308 8287
f 546 8307 8295
f 2111 8309 8307
f 2109 8295 8309
f 8307 8309 8295
f 438 8291 8303
f 2107 8310 8291
f 2111 8303 8310
f 8291 8310 8303
f 2109 8309 8308
f 2111 8310 8309
f 2107 8308 8310
f 8309 8310 8308
f 42 8311 8313
f 2113 8312 8311
f 2115 8313 8312
f 8311 8312 8313
f 547 8314 8316
f 2114 8315 8314
f 2113 8316 8315
f 8314 8315 8316
f 549 8317 8319
f 2115 8318 8317
f 2114 8319 8318
f 8317 8318 8319
f 2113 8315 8312
f 2114 8318 8315
f 2115 8312 8318
f 8315 8318 8312
f 147 8320 8322
f 2116 8321 8320
f 2118 8322 8321
f 8320 8321 8322
f 548 8323 8325
f 2117 8324 8323
f 2116 8325 8324
f 8323 8324 8325
f 547 8326 8328
f 2118 8327 8326
f 2117 8328 8327
f 8326 8327 8328
f 2116 8324 8321
f 2117 8327 8324
f 2118 8321 8327
f 8324 8327 8321
f 146 8329 8331
f 2119 8330 8329
f 2121 8331 8330
f 8329 8330 8331
f 549 8332 8334
f 2120 8333 8332
f 2119 8334 8333
f 8332 8333 8334
f 548 8335 8337
f 2121 8336 8335
f 2120 8337 8336
f 8335 8336 8337
f 2119 8333 8330
f 2120 8336 8333
f 2121 8330 8336
f 8333 8336 8330
f 547 8328 8314
f 2117 8338 8328
f 2114 8314 8338
f 8328 8338 8314
f 548 8337 8323
f 2120 8339 8337
f 2117 8323 8339
f 8337 8339 8323
f 549 8319 8332
f 2114 8340 8319
f 2120 8332 8340
f 8319 8340 8332
f 2117 8339 8338
f 2120 8340 8339
f 2114 8338 8340
f 8339 8340 8338
f 118 8302 8266
f 2112 8341 8302
f 2101 8266 8341
f 8302 8341 8266
f 546 8342 8305
f 2122 8343 8342
f 2112 8305 8343
f 8342 8343 8305
f 543 8270 8345
f 2101 8344 8270
f 2122 8345 8344
f 8270 8344 8345
f 2112 8343 8341
f 2122 8344 8343
f 2101 8341 8344
f 8343 8344 8341
f 146 8331 8292
f 2121 8346 8331
f 2108 8292 8346
f 8331 8346 8292
f 548 8347 8335
f 2123 8348 8347
f 2121 8335 8348
f 8347 8348 8335
f 546 8297 8350
f 2108 8349 8297
f 2123 8350 8349
f 8297 8349 8350
f 2121 8348 8346
f 2123 8349 8348
f 2108 8346 8349
f 8348 8349 8346
f 147 8275 8320
f 2105 8351 8275
f 2116 8320 8351
f 8275 8351 8320
f 543 8352 8279
f 2124 8353 8352
f 2105 8279 8353
f 8352 8353 8279
f 548 8325 8355
f 2116 8354 8325
f 2124 8355 8354
f 8325 8354 8355
f 2105 8353 8351
f 2124 8354 8353
f 2116 8351 8354
f 8353 8354 8351
f 546 8350 8342
f 2123 8356 8350
f 2122 8342 8356
f 8350 8356 8342
f 548 8355 8347
f 2124 8357 8355
f 2123 8347 8357
f 8355 8357 8347
f 543 8345 8352
f 2122 8358 8345
f 2124 8352 8358
f 8345 8358 8352
f 2123 8357 8356
f 2124 8358 8357
f 2122 8356 8358
f 8357 8358 8356
f 41 8216 8089
f 2090 8359 8216
f 2056 8089 8359
f 8216 8359 8089
f 542 8360 8219
f 2125 8361 8360
f 2090 8219 8361
f 8360 8361 8219
f 532 8093 8363
f 2056 8362 8093
f 2125 8363 8362
f 8093 8362 8363
f 2090 8361 8359
f 2125 8362 8361
f 2056 8359 8362
f 8361 8362 8359
f 145 8364 8229
f 2126 8365 8364
f 2093 8229 8365
f 8364 8365 8229
f 550 8366 8368
f 2127 8367 8366
f 2126 8368 8367
f 8366 8367 8368
f 542 8234 8370
f 2093 8369 8234
f 2127 8370 8369
f 8234 8369 8370
f 2126 8367 8365
f 2127 8369 8367
f 2093 8365 8369
f 8367 8369 8365
f 143 8098 8372
f 2060 8371 8098
f 2129 8372 8371
f 8098 8371 8372
f 532 8373 8102
f 2128 8374 8373
f 2060 8102 8374
f 8373 8374 8102
f 550 8375 8377
f 2129 8376 8375
f 2128 8377 8376
f 8375 8376 8377
f 2060 8374 8371
f 2128 8376 8374
f 2129 8371 8376
f 8374 8376 8371
f 542 8370 8360
f 2127 8378 8370
f 2125 8360 8378
f 8370 8378 8360
f 550 8377 8366
f 2128 8379 8377
f 2127 8366 8379
f 8377 8379 8366
f 532 8363 8373
f 2125 8380 8363
f 2128 8373 8380
f 8363 8380 8373
f 2127 8379 8378
f 2128 8380 8379
f 2125 8378 8380
f 8379 8380 8378
f 42 8313 8185
f 2115 8381 8313
f 2080 8185 8381
f 8313 8381 8185
f 549 8382 8317
f 2130 8383 8382
f 2115 8317 8383
f 8382 8383 8317
f 538 8190 8385
f 2080 8384 8190
f 2130 8385 8384
f 8190 8384 8385
f 2115 8383 8381
f 2130 8384 8383
f 2080 8381 8384
f 8383 8384 8381
f 146 8386 8329
f 2131 8387 8386
f 2119 8329 8387
f 8386 8387 8329
f 551 8388 8390
f 2132 8389 8388
f 2131 8390 8389
f 8388 8389 8390
f 549 8334 8392
f 2119 8391 8334
f 2132 8392 8391
f 8334 8391 8392
f 2131 8389 8387
f 2132 8391 8389
f 2119 8387 8391
f 8389 8391 8387
f 145 8196 8394
f 2085 8393 8196
f 2134 8394 8393
f 8196 8393 8394
f 538 8395 8200
f 2133 8396 8395
f 2085 8200 8396
f 8395 8396 8200
f 551 8397 8399
f 2134 8398 8397
f 2133 8399 8398
f 8397 8398 8399
f 2085 8396 8393
f 2133 8398 8396
f 2134 8393 8398
f 8396 8398 8393
f 549 8392 8382
f 2132 8400 8392
f 2130 8382 8400
f 8392 8400 8382
f 551 8399 8388
f 2133 8401 8399
f 2132 8388 8401
f 8399 8401 8388
f 538 8385 8395
f 2130 8402 8385
f 2133 8395 8402
f 8385 8402 8395
f 2132 8401 8400
f 2133 8402 8401
f 2130 8400 8402
f 8401 8402 8400
f 33 8116 8285
f 2064 8403 8116
f 2106 8285 8403
f 8116 8403 8285
f 535 8404 8119
f 2135 8405 8404
f 2064 8119 8405
f 8404 8405 8119
f 545 8289 8407
f 2106 8406 8289
f 2135 8407 8406
f 8289 8406 8407
f 2064 8405 8403
f 2135 8406 8405
f 2106 8403 8406
f 8405 8406 8403
f 143 8408 8129
f 2136 8409 8408
f 2067 8129 8409
f 8408 8409 8129
f 552 8410 8412
f 2137 8411 8410
f 2136 8412 8411
f 8410 8411 8412
f 535 8134 8414
f 2067 8413 8134
f 2137 8414 8413
f 8134 8413 8414
f 2136 8411 8409
f 2137 8413 8411
f 2067 8409 8413
f 8411 8413 8409
f 146 8294 8416
f 2110 8415 8294
f 2139 8416 8415
f 8294 8415 8416
f 545 8417 8298
f 2138 8418 8417
f 2110 8298 8418
f 8417 8418 8298
f 552 8419 8421
f 2139 8420 8419
f 2138 8421 8420
f 8419 8420 8421
f 2110 8418 8415
f 2138 8420 8418
f 2139 8415 8420
f 8418 8420 8415
f 535 8414 8404
f 2137 8422 8414
f 2135 8404 8422
f 8414 8422 8404
f 552 8421 8410
f 2138 8423 8421
f 2137 8410 8423
f 8421 8423 8410
f 545 8407 8417
f 2135 8424 8407
f 2138 8417 8424
f 8407 8424 8417
f 2137 8423 8422
f 2138 8424 8423
f 2135 8422 8424
f 8423 8424 8422
f 145 8394 8364
f 2134 8425 8394
f 2126 8364 8425
f 8394 8425 8364
f 551 8426 8397
f 2140 8427 8426
f 2134 8397 8427
f 8426 8427 8397
f 550 8368 8429
f 2126 8428 8368
f 2140 8429 8428
f 8368 8428 8429
f 2134 8427 8425
f 2140 8428 8427
f 2126 8425 8428
f 8427 8428 8425
f 146 8416 8386
f 2139 8430 8416
f 2131 8386 8430
f 8416 8430 8386
f 552 8431 8419
f 2141 8432 8431
f 2139 8419 8432
f 8431 8432 8419
f 551 8390 8434
f 2131 8433 8390
f 2141 8434 8433
f 8390 8433 8434
f 2139 8432 8430
f 2141 8433 8432
f 2131 8430 8433
f 8432 8433 8430
f 143 8372 8408
f 2129 8435 8372
f 2136 8408 8435
f 8372 8435 8408
f 550 8436 8375
f 2142 8437 8436
f 2129 8375 8437
f 8436 8437 8375
f 552 8412 8439
f 2136 8438 8412
f 2142 8439 8438
f 8412 8438 8439
f 2129 8437 8435
f 2142 8438 8437
f 2136 8435 8438
f 8437 8438 8435
f 551 8434 8426
f 2141 8440 8434
f 2140 8426 8440
f 8434 8440 8426
f 552 8439 8431
f 2142 8441 8439
f 2141 8431 8441
f 8439 8441 8431
f 550 8429 8436
f 2140 8442 8429
f 2142 8436 8442
f 8429 8442 8436
f 2141 8441 8440
f 2142 8442 8441
f 2140 8440 8442
f 8441 8442 8440
f 5 6701 5115
f 1705 8443 6701
f 1295 5115 8443
f 6701 8443 5115
f 443 8444 6705
f 2143 8445 8444
f 1705 6705 8445
f 8444 8445 6705
f 333 5120 8447
f 1295 8446 5120
f 2143 8447 8446
f 5120 8446 8447
f 1705 8445 8443
f 2143 8446 8445
f 1295 8443 8446
f 8445 8446 8443
f 121 8448 6717
f 2144 8449 8448
f 1709 6717 8449
f 8448 8449 6717
f 553 8450 8452
f 2145 8451 8450
f 2144 8452 8451
f 8450 8451 8452
f 443 6722 8454
f 1709 8453 6722
f 2145 8454 8453
f 6722 8453 8454
f 2144 8451 8449
f 2145 8453 8451
f 1709 8449 8453
f 8451 8453 8449
f 89 5126 8456
f 1300 8455 5126
f 2147 8456 8455
f 5126 8455 8456
f 333 8457 5130
f 2146 8458 8457
f 1300 5130 8458
f 8457 8458 5130
f 553 8459 8461
f 2147 8460 8459
f 2146 8461 8460
f 8459 8460 8461
f 1300 8458 8455
f 2146 8460 8458
f 2147 8455 8460
f 8458 8460 8455
f 443 8454 8444
f 2145 8462 8454
f 2143 8444 8462
f 8454 8462 8444
f 553 8461 8450
f 2146 8463 8461
f 2145 8450 8463
f 8461 8463 8450
f 333 8447 8457
f 2143 8464 8447
f 2146 8457 8464
f 8447 8464 8457
f 2145 8463 8462
f 2146 8464 8463
f 2143 8462 8464
f 8463 8464 8462
f 34 8465 6759
f 2148 8466 8465
f 1721 6759 8466
f 8465 8466 6759
f 554 8467 8469
f 2149 8468 8467
f 2148 8469 8468
f 8467 8468 8469
f 447 6764 8471
f 1721 8470 6764
f 2149 8471 8470
f 6764 8470 8471
f 2148 8468 8466
f 2149 8470 8468
f 1721 8466 8470
f 8468 8470 8466
f 148 8472 8474
f 2150 8473 8472
f 2152 8474 8473
f 8472 8473 8474
f 555 8475 8477
f 2151 8476 8475
f 2150 8477 8476
f 8475 8476 8477
f 554 8478 8480
f 2152 8479 8478
f 2151 8480 8479
f 8478 8479 8480
f 2150 8476 8473
f 2151 8479 8476
f 2152 8473 8479
f 8476 8479 8473
f 121 6770 8482
f 1726 8481 6770
f 2154 8482 8481
f 6770 8481 8482
f 447 8483 6774
f 2153 8484 8483
f 1726 6774 8484
f 8483 8484 6774
f 555 8485 8487
f 2154 8486 8485
f 2153 8487 8486
f 8485 8486 8487
f 1726 8484 8481
f 2153 8486 8484
f 2154 8481 8486
f 8484 8486 8481
f 554 8480 8467
f 2151 8488 8480
f 2149 8467 8488
f 8480 8488 8467
f 555 8487 8475
f 2153 8489 8487
f 2151 8475 8489
f 8487 8489 8475
f 447 8471 8483
f 2149 8490 8471
f 2153 8483 8490
f 8471 8490 8483
f 2151 8489 8488
f 2153 8490 8489
f 2149 8488 8490
f 8489 8490 8488
f 26 5147 8492
f 1306 8491 5147
f 2156 8492 8491
f 5147 8491 8492
f 338 8493 5151
f 2155 8494 8493
f 1306 5151 8494
f 8493 8494 5151
f 557 8495 8497
f 2156 8496 8495
f 2155 8497 8496
f 8495 8496 8497
f 1306 8494 8491
f 2155 8496 8494
f 2156 8491 8496
f 8494 8496 8491
f 89 8498 5163
f 2157 8499 8498
f 1310 5163 8499
f 8498 8499 5163
f 556 8500 8502
f 2158 8501 8500
f 2157 8502 8501
f 8500 8501 8502
f 338 5168 8504
f 1310 8503 5168
f 2158 8504 8503
f 5168 8503 8504
f 2157 8501 8499
f 2158 8503 8501
f 1310 8499 8503
f 8501 8503 8499
f 148 8505 8507
f 2159 8506 8505
f 2161 8507 8506
f 8505 8506 8507
f 557 8508 8510
f 2160 8509 8508
f 2159 8510 8509
f 8508 8509 8510
f 556 8511 8513
f 2161 8512 8511
f 2160 8513 8512
f 8511 8512 8513
f 2159 8509 8506
f 2160 8512 8509
f 2161 8506 8512
f 8509 8512 8506
f 338 8504 8493
f 2158 8514 8504
f 2155 8493 8514
f 8504 8514 8493
f 556 8513 8500
f 2160 8515 8513
f 2158 8500 8515
f 8513 8515 8500
f 557 8497 8508
f 2155 8516 8497
f 2160 8508 8516
f 8497 8516 8508
f 2158 8515 8514
f 2160 8516 8515
f 2155 8514 8516
f 8515 8516 8514
f 121 8482 8448
f 2154 8517 8482
f 2144 8448 8517
f 8482 8517 8448
f 555 8518 8485
f 2162 8519 8518
f 2154 8485 8519
f 8518 8519 8485
f 553 8452 8521
f 2144 8520 8452
f 2162 8521 8520
f 8452 8520 8521
f 2154 8519 8517
f 2162 8520 8519
f 2144 8517 8520
f 8519 8520 8517
f 148 8507 8472
f 2161 8522 8507
f 2150 8472 8522
f 8507 8522 8472
f 556 8523 8511
f 2163 8524 8523
f 2161 8511 8524
f 8523 8524 8511
f 555 8477 8526
f 2150 8525 8477
f 2163 8526 8525
f 8477 8525 8526
f 2161 8524 8522
f 2163 8525 8524
f 2150 8522 8525
f 8524 8525 8522
f 89 8456 8498
f 2147 8527 8456
f 2157 8498 8527
f 8456 8527 8498
f 553 8528 8459
f 2164 8529 8528
f 2147 8459 8529
f 8528 8529 8459
f 556 8502 8531
f 2157 8530 8502
f 2164 8531 8530
f 8502 8530 8531
f 2147 8529 8527
f 2164 8530 8529
f 2157 8527 8530
f 8529 8530 8527
f 555 8526 8518
f 2163 8532 8526
f 2162 8518 8532
f 8526 8532 8518
f 556 8531 8523
f 2164 8533 8531
f 2163 8523 8533
f 8531 8533 8523
f 553 8521 8528
f 2162 8534 8521
f 2164 8528 8534
f 8521 8534 8528
f 2163 8533 8532
f 2164 8534 8533
f 2162 8532 8534
f 8533 8534 8532
f 10 4725 6591
f 1197 8535 4725
f 1673 6591 8535
f 4725 8535 6591
f 309 8536 4729
f 2165 8537 8536
f 1197 4729 8537
f 8536 8537 4729
f 432 6596 8539
f 1673 8538 6596
f 2165 8539 8538
f 6596 8538 8539
f 1197 8537 8535
f 2165 8538 8537
f 1673 8535 8538
f 8537 8538 8535
f 84 8540 4741
f 2166 8541 8540
f 1201 4741 8541
f 8540 8541 4741
f 558 8542 8544
f 2167 8543 8542
f 2166 8544 8543
f 8542 8543 8544
f 309 4746 8546
f 1201 8545 4746
f 2167 8546 8545
f 4746 8545 8546
f 2166 8543 8541
f 2167 8545 8543
f 1201 8541 8545
f 8543 8545 8541
f 116 6602 8548
f 1678 8547 6602
f 2169 8548 8547
f 6602 8547 8548
f 432 8549 6606
f 2168 8550 8549
f 1678 6606 8550
f 8549 8550 6606
f 558 8551 8553
f 2169 8552 8551
f 2168 8553 8552
f 8551 8552 8553
f 1678 8550 8547
f 2168 8552 8550
f 2169 8547 8552
f 8550 8552 8547
f 309 8546 8536
f 2167 8554 8546
f 2165 8536 8554
f 8546 8554 8536
f 558 8553 8542
f 2168 8555 8553
f 2167 8542 8555
f 8553 8555 8542
f 432 8539 8549
f 2165 8556 8539
f 2168 8549 8556
f 8539 8556 8549
f 2167 8555 8554
f 2168 8556 8555
f 2165 8554 8556
f 8555 8556 8554
f 23 8557 4783
f 2170 8558 8557
f 1213 4783 8558
f 8557 8558 4783
f 559 8559 8561
f 2171 8560 8559
f 2170 8561 8560
f 8559 8560 8561
f 313 4788 8563
f 1213 8562 4788
f 2171 8563 8562
f 4788 8562 8563
f 2170 8560 8558
f 2171 8562 8560
f 1213 8558 8562
f 8560 8562 8558
f 149 8564 8566
f 2172 8565 8564
f 2174 8566 8565
f 8564 8565 8566
f 560 8567 8569
f 2173 8568 8567
f 2172 8569 8568
f 8567 8568 8569
f 559 8570 8572
f 2174 8571 8570
f 2173 8572 8571
f 8570 8571 8572
f 2172 8568 8565
f 2173 8571 8568
f 2174 8565 8571
f 8568 8571 8565
f 84 4794 8574
f 1218 8573 4794
f 2176 8574 8573
f 4794 8573 8574
f 313 8575 4798
f 2175 8576 8575
f 1218 4798 8576
f 8575 8576 4798
f 560 8577 8579
f 2176 8578 8577
f 2175 8579 8578
f 8577 8578 8579
f 1218 8576 8573
f 2175 8578 8576
f 2176 8573 8578
f 8576 8578 8573
f 559 8572 8559
f 2173 8580 8572
f 2171 8559 8580
f 8572 8580 8559
f 560 8579 8567
f 2175 8581 8579
f 2173 8567 8581
f 8579 8581 8567
f 313 8563 8575
f 2171 8582 8563
f 2175 8575 8582
f 8563 8582 8575
f 2173 8581 8580
f 2175 8582 8581
f 2171 8580 8582
f 8581 8582 8580
f 34 6623 8584
f 1684 8583 6623
f 2178 8584 8583
f 6623 8583 8584
f 437 8585 6627
f 2177 8586 8585
f 1684 6627 8586
f 8585 8586 6627
f 562 8587 8589
f 2178 8588 8587
f 2177 8589 8588
f 8587 8588 8589
f 1684 8586 8583
f 2177 8588 8586
f 2178 8583 8588
f 8586 8588 8583
f 116 8590 6639
f 2179 8591 8590
f 1688 6639 8591
f 8590 8591 6639
f 561 8592 8594
f 2180 8593 8592
f 2179 8594 8593
f 8592 8593 8594
f 437 6644 8596
f 1688 8595 6644
f 2180 8596 8595
f 6644 8595 8596
f 2179 8593 8591
f 2180 8595 8593
f 1688 8591 8595
f 8593 8595 8591
f 149 8597 8599
f 2181 8598 8597
f 2183 8599 8598
f 8597 8598 8599
f 562 8600 8602
f 2182 8601 8600
f 2181 8602 8601
f 8600 8601 8602
f 561 8603 8605
f 2183 8604 8603
f 2182 8605 8604
f 8603 8604 8605
f 2181 8601 8598
f 2182 8604 8601
f 2183 8598 8604
f 8601 8604 8598
f 437 8596 8585
f 2180 8606 8596
f 2177 8585 8606
f 8596 8606 8585
f 561 8605 8592
f 2182 8607 8605
f 2180 8592 8607
f 8605 8607 8592
f 562 8589 8600
f 2177 8608 8589
f 2182 8600 8608
f 8589 8608 8600
f 2180 8607 8606
f 2182 8608 8607
f 2177 8606 8608
f 8607 8608 8606
f 84 8574 8540
f 2176 8609 8574
f 2166 8540 8609
f 8574 8609 8540
f 560 8610 8577
f 2184 8611 8610
f 2176 8577 8611
f 8610 8611 8577
f 558 8544 8613
f 2166 8612 8544
f 2184 8613 8612
f 8544 8612 8613
f 2176 8611 8609
f 2184 8612 8611
f 2166 8609 8612
f 8611 8612 8609
f 149 8599 8564
f 2183 8614 8599
f 2172 8564 8614
f 8599 8614 8564
f 561 8615 8603
f 2185 8616 8615
f 2183 8603 8616
f 8615 8616 8603
f 560 8569 8618
f 2172 8617 8569
f 2185 8618 8617
f 8569 8617 8618
f 2183 8616 8614
f 2185 8617 8616
f 2172 8614 8617
f 8616 8617 8614
f 116 8548 8590
f 2169 8619 8548
f 2179 8590 8619
f 8548 8619 8590
f 558 8620 8551
f 2186 8621 8620
f 2169 8551 8621
f 8620 8621 8551
f 561 8594 8623
f 2179 8622 8594
f 2186 8623 8622
f 8594 8622 8623
f 2169 8621 8619
f 2186 8622 8621
f 2179 8619 8622
f 8621 8622 8619
f 560 8618 8610
f 2185 8624 8618
f 2184 8610 8624
f 8618 8624 8610
f 561 8623 8615
f 2186 8625 8623
f 2185 8615 8625
f 8623 8625 8615
f 558 8613 8620
f 2184 8626 8613
f 2186 8620 8626
f 8613 8626 8620
f 2185 8625 8624
f 2186 8626 8625
f 2184 8624 8626
f 8625 8626 8624
f 6 4916 4623
f 1244 8627 4916
f 1169 4623 8627
f 4916 8627 4623
f 320 8628 4919
f 2187 8629 8628
f 1244 4919 8629
f 8628 8629 4919
f 300 4627 8631
f 1169 8630 4627
f 2187 8631 8630
f 4627 8630 8631
f 1244 8629 8627
f 2187 8630 8629
f 1169 8627 8630
f 8629 8630 8627
f 86 8632 4929
f 2188 8633 8632
f 1247 4929 8633
f 8632 8633 4929
f 563 8634 8636
f 2189 8635 8634
f 2188 8636 8635
f 8634 8635 8636
f 320 4934 8638
f 1247 8637 4934
f 2189 8638 8637
f 4934 8637 8638
f 2188 8635 8633
f 2189 8637 8635
f 1247 8633 8637
f 8635 8637 8633
f 80 4632 8640
f 1173 8639 4632
f 2191 8640 8639
f 4632 8639 8640
f 300 8641 4636
f 2190 8642 8641
f 1173 4636 8642
f 8641 8642 4636
f 563 8643 8645
f 2191 8644 8643
f 2190 8645 8644
f 8643 8644 8645
f 1173 8642 8639
f 2190 8644 8642
f 2191 8639 8644
f 8642 8644 8639
f 320 8638 8628
f 2189 8646 8638
f 2187 8628 8646
f 8638 8646 8628
f 563 8645 8634
f 2190 8647 8645
f 2189 8634 8647
f 8645 8647 8634
f 300 8631 8641
f 2187 8648 8631
f 2190 8641 8648
f 8631 8648 8641
f 2189 8647 8646
f 2190 8648 8647
f 2187 8646 8648
f 8647 8648 8646
f 26 8649 4967
f 2192 8650 8649
f 1257 4967 8650
f 8649 8650 4967
f 564 8651 8653
f 2193 8652 8651
f 2192 8653 8652
f 8651 8652 8653
f 323 4972 8655
f 1257 8654 4972
f 2193 8655 8654
f 4972 8654 8655
f 2192 8652 8650
f 2193 8654 8652
f 1257 8650 8654
f 8652 8654 8650
f 150 8656 8658
f 2194 8657 8656
f 2196 8658 8657
f 8656 8657 8658
f 565 8659 8661
f 2195 8660 8659
f 2194 8661 8660
f 8659 8660 8661
f 564 8662 8664
f 2196 8663 8662
f 2195 8664 8663
f 8662 8663 8664
f 2194 8660 8657
f 2195 8663 8660
f 2196 8657 8663
f 8660 8663 8657
f 86 4978 8666
f 1262 8665 4978
f 2198 8666 8665
f 4978 8665 8666
f 323 8667 4982
f 2197 8668 8667
f 1262 4982 8668
f 8667 8668 4982
f 565 8669 8671
f 2198 8670 8669
f 2197 8671 8670
f 8669 8670 8671
f 1262 8668 8665
f 2197 8670 8668
f 2198 8665 8670
f 8668 8670 8665
f 564 8664 8651
f 2195 8672 8664
f 2193 8651 8672
f 8664 8672 8651
f 565 8671 8659
f 2197 8673 8671
f 2195 8659 8673
f 8671 8673 8659
f 323 8655 8667
f 2193 8674 8655
f 2197 8667 8674
f 8655 8674 8667
f 2195 8673 8672
f 2197 8674 8673
f 2193 8672 8674
f 8673 8674 8672
f 23 4651 8676
f 1178 8675 4651
f 2200 8676 8675
f 4651 8675 8676
f 304 8677 4655
f 2199 8678 8677
f 1178 4655 8678
f 8677 8678 4655
f 567 8679 8681
f 2200 8680 8679
f 2199 8681 8680
f 8679 8680 8681
f 1178 8678 8675
f 2199 8680 8678
f 2200 8675 8680
f 8678 8680 8675
f 80 8682 4667
f 2201 8683 8682
f 1182 4667 8683
f 8682 8683 4667
f 566 8684 8686
f 2202 8685 8684
f 2201 8686 8685
f 8684 8685 8686
f 304 4672 8688
f 1182 8687 4672
f 2202 8688 8687
f 4672 8687 8688
f 2201 8685 8683
f 2202 8687 8685
f 1182 8683 8687
f 8685 8687 8683
f 150 8689 8691
f 2203 8690 8689
f 2205 8691 8690
f 8689 8690 8691
f 567 8692 8694
f 2204 8693 8692
f 2203 8694 8693
f 8692 8693 8694
f 566 8695 8697
f 2205 8696 8695
f 2204 8697 8696
f 8695 8696 8697
f 2203 8693 8690
f 2204 8696 8693
f 2205 8690 8696
f 8693 8696 8690
f 304 8688 8677
f 2202 8698 8688
f 2199 8677 8698
f 8688 8698 8677
f 566 8697 8684
f 2204 8699 8697
f 2202 8684 8699
f 8697 8699 8684
f 567 8681 8692
f 2199 8700 8681
f 2204 8692 8700
f 8681 8700 8692
f 2202 8699 8698
f 2204 8700 8699
f 2199 8698 8700
f 8699 8700 8698
f 86 8666 8632
f 2198 8701 8666
f 2188 8632 8701
f 8666 8701 8632
f 565 8702 8669
f 2206 8703 8702
f 2198 8669 8703
f 8702 8703 8669
f 563 8636 8705
f 2188 8704 8636
f 2206 8705 8704
f 8636 8704 8705
f 2198 8703 8701
f 2206 8704 8703
f 2188 8701 8704
f 8703 8704 8701
f 150 8691 8656
f 2205 8706 8691
f 2194 8656 8706
f 8691 8706 8656
f 566 8707 8695
f 2207 8708 8707
f 2205 8695 8708
f 8707 8708 8695
f 565 8661 8710
f 2194 8709 8661
f 2207 8710 8709
f 8661 8709 8710
f 2205 8708 8706
f 2207 8709 8708
f 2194 8706 8709
f 8708 8709 8706
f 80 8640 8682
f 2191 8711 8640
f 2201 8682 8711
f 8640 8711 8682
f 563 8712 8643
f 2208 8713 8712
f 2191 8643 8713
f 8712 8713 8643
f 566 8686 8715
f 2201 8714 8686
f 2208 8715 8714
f 8686 8714 8715
f 2191 8713 8711
f 2208 8714 8713
f 2201 8711 8714
f 8713 8714 8711
f 565 8710 8702
f 2207 8716 8710
f 2206 8702 8716
f 8710 8716 8702
f 566 8715 8707
f 2208 8717 8715
f 2207 8707 8717
f 8715 8717 8707
f 563 8705 8712
f 2206 8718 8705
f 2208 8712 8718
f 8705 8718 8712
f 2207 8717 8716
f 2208 8718 8717
f 2206 8716 8718
f 8717 8718 8716
f 34 8584 8465
f 2178 8719 8584
f 2148 8465 8719
f 8584 8719 8465
f 562 8720 8587
f 2209 8721 8720
f 2178 8587 8721
f 8720 8721 8587
f 554 8469 8723
f 2148 8722 8469
f 2209 8723 8722
f 8469 8722 8723
f 2178 8721 8719
f 2209 8722 8721
f 2148 8719 8722
f 8721 8722 8719
f 149 8724 8597
f 2210 8725 8724
f 2181 8597 8725
f 8724 8725 8597
f 568 8726 8728
f 2211 8727 8726
f 2210 8728 8727
f 8726 8727 8728
f 562 8602 8730
f 2181 8729 8602
f 2211 8730 8729
f 8602 8729 8730
f 2210 8727 8725
f 2211 8729 8727
f 2181 8725 8729
f 8727 8729 8725
f 148 8474 8732
f 2152 8731 8474
f 2213 8732 8731
f 8474 8731 8732
f 554 8733 8478
f 2212 8734 8733
f 2152 8478 8734
f 8733 8734 8478
f 568 8735 8737
f 2213 8736 8735
f 2212 8737 8736
f 8735 8736 8737
f 2152 8734 8731
f 2212 8736 8734
f 2213 8731 8736
f 8734 8736 8731
f 562 8730 8720
f 2211 8738 8730
f 2209 8720 8738
f 8730 8738 8720
f 568 8737 8726
f 2212 8739 8737
f 2211 8726 8739
f 8737 8739 8726
f 554 8723 8733
f 2209 8740 8723
f 2212 8733 8740
f 8723 8740 8733
f 2211 8739 8738
f 2212 8740 8739
f 2209 8738 8740
f 8739 8740 8738
f 23 8676 8557
f 2200 8741 8676
f 2170 8557 8741
f 8676 8741 8557
f 567 8742 8679
f 2214 8743 8742
f 2200 8679 8743
f 8742 8743 8679
f 559 8561 8745
f 2170 8744 8561
f 2214 8745 8744
f 8561 8744 8745
f 2200 8743 8741
f 2214 8744 8743
f 2170 8741 8744
f 8743 8744 8741
f 150 8746 8689
f 2215 8747 8746
f 2203 8689 8747
f 8746 8747 8689
f 569 8748 8750
f 2216 8749 8748
f 2215 8750 8749
f 8748 8749 8750
f 567 8694 8752
f 2203 8751 8694
f 2216 8752 8751
f 8694 8751 8752
f 2215 8749 8747
f 2216 8751 8749
f 2203 8747 8751
f 8749 8751 8747
f 149 8566 8754
f 2174 8753 8566
f 2218 8754 8753
f 8566 8753 8754
f 559 8755 8570
f 2217 8756 8755
f 2174 8570 8756
f 8755 8756 8570
f 569 8757 8759
f 2218 8758 8757
f 2217 8759 8758
f 8757 8758 8759
f 2174 8756 8753
f 2217 8758 8756
f 2218 8753 8758
f 8756 8758 8753
f 567 8752 8742
f 2216 8760 8752
f 2214 8742 8760
f 8752 8760 8742
f 569 8759 8748
f 2217 8761 8759
f 2216 8748 8761
f 8759 8761 8748
f 559 8745 8755
f 2214 8762 8745
f 2217 8755 8762
f 8745 8762 8755
f 2216 8761 8760
f 2217 8762 8761
f 2214 8760 8762
f 8761 8762 8760
f 26 8492 8649
f 2156 8763 8492
f 2192 8649 8763
f 8492 8763 8649
f 557 8764 8495
f 2219 8765 8764
f 2156 8495 8765
f 8764 8765 8495
f 564 8653 8767
f 2192 8766 8653
f 2219 8767 8766
f 8653 8766 8767
f 2156 8765 8763
f 2219 8766 8765
f 2192 8763 8766
f 8765 8766 8763
f 148 8768 8505
f 2220 8769 8768
f 2159 8505 8769
f 8768 8769 8505
f 570 8770 8772
f 2221 8771 8770
f 2220 8772 8771
f 8770 8771 8772
f 557 8510 8774
f 2159 8773 8510
f 2221 8774 8773
f 8510 8773 8774
f 2220 8771 8769
f 2221 8773 8771
f 2159 8769 8773
f 8771 8773 8769
f 150 8658 8776
f 2196 8775 8658
f 2223 8776 8775
f 8658 8775 8776
f 564 8777 8662
f 2222 8778 8777
f 2196 8662 8778
f 8777 8778 8662
f 570 8779 8781
f 2223 8780 8779
f 2222 8781 8780
f 8779 8780 8781
f 2196 8778 8775
f 2222 8780 8778
f 2223 8775 8780
f 8778 8780 8775
f 557 8774 8764
f 2221 8782 8774
f 2219 8764 8782
f 8774 8782 8764
f 570 8781 8770
f 2222 8783 8781
f 2221 8770 8783
f 8781 8783 8770
f 564 8767 8777
f 2219 8784 8767
f 2222 8777 8784
f 8767 8784 8777
f 2221 8783 8782
f 2222 8784 8783
f 2219 8782 8784
f 8783 8784 8782
f 149 8754 8724
f 2218 8785 8754
f 2210 8724 8785
f 8754 8785 8724
f 569 8786 8757
f 2224 8787 8786
f 2218 8757 8787
f 8786 8787 8757
f 568 8728 8789
f 2210 8788 8728
f 2224 8789 8788
f 8728 8788 8789
f 2218 8787 8785
f 2224 8788 8787
f 2210 8785 8788
f 8787 8788 8785
f 150 8776 8746
f 2223 8790 8776
f 2215 8746 8790
f 8776 8790 8746
f 570 8791 8779
f 2225 8792 8791
f 2223 8779 8792
f 8791 8792 8779
f 569 8750 8794
f 2215 8793 8750
f 2225 8794 8793
f 8750 8793 8794
f 2223 8792 8790
f 2225 8793 8792
f 2215 8790 8793
f 8792 8793 8790
f 148 8732 8768
f 2213 8795 8732
f 2220 8768 8795
f 8732 8795 8768
f 568 8796 8735
f 2226 8797 8796
f 2213 8735 8797
f 8796 8797 8735
f 570 8772 8799
f 2220 8798 8772
f 2226 8799 8798
f 8772 8798 8799
f 2213 8797 8795
f 2226 8798 8797
f 2220 8795 8798
f 8797 8798 8795
f 569 8794 8786
f 2225 8800 8794
f 2224 8786 8800
f 8794 8800 8786
f 570 8799 8791
f 2226 8801 8799
f 2225 8791 8801
f 8799 8801 8791
f 568 8789 8796
f 2224 8802 8789
f 2226 8796 8802
f 8789 8802 8796
f 2225 8801 8800
f 2226 8802 8801
f 2224 8800 8802
f 8801 8802 8800
f 3 7093 5507
f 1805 8803 7093
f 1395 5507 8803
f 7093 8803 5507
f 469 8804 7097
f 2227 8805 8804
f 1805 7097 8805
f 8804 8805 7097
f 359 5512 8807
f 1395 8806 5512
f 2227 8807 8806
f 5512 8806 8807
f 1805 8805 8803
f 2227 8806 8805
f 1395 8803 8806
f 8805 8806 8803
f 128 8808 7109
f 2228 8809 8808
f 1809 7109 8809
f 8808 8809 7109
f 571 8810 8812
f 2229 8811 8810
f 2228 8812 8811
f 8810 8811 8812
f 469 7114 8814
f 1809 8813 7114
f 2229 8814 8813
f 7114 8813 8814
f 2228 8811 8809
f 2229 8813 8811
f 1809 8809 8813
f 8811 8813 8809
f 96 5518 8816
f 1400 8815 5518
f 2231 8816 8815
f 5518 8815 8816
f 359 8817 5522
f 2230 8818 8817
f 1400 5522 8818
f 8817 8818 5522
f 571 8819 8821
f 2231 8820 8819
f 2230 8821 8820
f 8819 8820 8821
f 1400 8818 8815
f 2230 8820 8818
f 2231 8815 8820
f 8818 8820 8815
f 469 8814 8804
f 2229 8822 8814
f 2227 8804 8822
f 8814 8822 8804
f 571 8821 8810
f 2230 8823 8821
f 2229 8810 8823
f 8821 8823 8810
f 359 8807 8817
f 2227 8824 8807
f 2230 8817 8824
f 8807 8824 8817
f 2229 8823 8822
f 2230 8824 8823
f 2227 8822 8824
f 8823 8824 8822
f 36 8825 7151
f 2232 8826 8825
f 1821 7151 8826
f 8825 8826 7151
f 572 8827 8829
f 2233 8828 8827
f 2232 8829 8828
f 8827 8828 8829
f 473 7156 8831
f 1821 8830 7156
f 2233 8831 8830
f 7156 8830 8831
f 2232 8828 8826
f 2233 8830 8828
f 1821 8826 8830
f 8828 8830 8826
f 151 8832 8834
f 2234 8833 8832
f 2236 8834 8833
f 8832 8833 8834
f 573 8835 8837
f 2235 8836 8835
f 2234 8837 8836
f 8835 8836 8837
f 572 8838 8840
f 2236 8839 8838
f 2235 8840 8839
f 8838 8839 8840
f 2234 8836 8833
f 2235 8839 8836
f 2236 8833 8839
f 8836 8839 8833
f 128 7162 8842
f 1826 8841 7162
f 2238 8842 8841
f 7162 8841 8842
f 473 8843 7166
f 2237 8844 8843
f 1826 7166 8844
f 8843 8844 7166
f 573 8845 8847
f 2238 8846 8845
f 2237 8847 8846
f 8845 8846 8847
f 1826 8844 8841
f 2237 8846 8844
f 2238 8841 8846
f 8844 8846 8841
f 572 8840 8827
f 2235 8848 8840
f 2233 8827 8848
f 8840 8848 8827
f 573 8847 8835
f 2237 8849 8847
f 2235 8835 8849
f 8847 8849 8835
f 473 8831 8843
f 2233 8850 8831
f 2237 8843 8850
f 8831 8850 8843
f 2235 8849 8848
f 2237 8850 8849
f 2233 8848 8850
f 8849 8850 8848
f 28 5539 8852
f 1406 8851 5539
f 2240 8852 8851
f 5539 8851 8852
f 364 8853 5543
f 2239 8854 8853
f 1406 5543 8854
f 8853 8854 5543
f 575 8855 8857
f 2240 8856 8855
f 2239 8857 8856
f 8855 8856 8857
f 1406 8854 8851
f 2239 8856 8854
f 2240 8851 8856
f 8854 8856 8851
f 96 8858 5555
f 2241 8859 8858
f 1410 5555 8859
f 8858 8859 5555
f 574 8860 8862
f 2242 8861 8860
f 2241 8862 8861
f 8860 8861 8862
f 364 5560 8864
f 1410 8863 5560
f 2242 8864 8863
f 5560 8863 8864
f 2241 8861 8859
f 2242 8863 8861
f 1410 8859 8863
f 8861 8863 8859
f 151 8865 8867
f 2243 8866 8865
f 2245 8867 8866
f 8865 8866 8867
f 575 8868 8870
f 2244 8869 8868
f 2243 8870 8869
f 8868 8869 8870
f 574 8871 8873
f 2245 8872 8871
f 2244 8873 8872
f 8871 8872 8873
f 2243 8869 8866
f 2244 8872 8869
f 2245 8866 8872
f 8869 8872 8866
f 364 8864 8853
f 2242 8874 8864
f 2239 8853 8874
f 8864 8874 8853
f 574 8873 8860
f 2244 8875 8873
f 2242 8860 8875
f 8873 8875 8860
f 575 8857 8868
f 2239 8876 8857
f 2244 8868 8876
f 8857 8876 8868
f 2242 8875 8874
f 2244 8876 8875
f 2239 8874 8876
f 8875 8876 8874
f 128 8842 8808
f 2238 8877 8842
f 2228 8808 8877
f 8842 8877 8808
f 573 8878 8845
f 2246 8879 8878
f 2238 8845 8879
f 8878 8879 8845
f 571 8812 8881
f 2228 8880 8812
f 2246 8881 8880
f 8812 8880 8881
f 2238 8879 8877
f 2246 8880 8879
f 2228 8877 8880
f 8879 8880 8877
f 151 8867 8832
f 2245 8882 8867
f 2234 8832 8882
f 8867 8882 8832
f 574 8883 8871
f 2247 8884 8883
f 2245 8871 8884
f 8883 8884 8871
f 573 8837 8886
f 2234 8885 8837
f 2247 8886 8885
f 8837 8885 8886
f 2245 8884 8882
f 2247 8885 8884
f 2234 8882 8885
f 8884 8885 8882
f 96 8816 8858
f 2231 8887 8816
f 2241 8858 8887
f 8816 8887 8858
f 571 8888 8819
f 2248 8889 8888
f 2231 8819 8889
f 8888 8889 8819
f 574 8862 8891
f 2241 8890 8862
f 2248 8891 8890
f 8862 8890 8891
f 2231 8889 8887
f 2248 8890 8889
f 2241 8887 8890
f 8889 8890 8887
f 573 8886 8878
f 2247 8892 8886
f 2246 8878 8892
f 8886 8892 8878
f 574 8891 8883
f 2248 8893 8891
f 2247 8883 8893
f 8891 8893 8883
f 571 8881 8888
f 2246 8894 8881
f 2248 8888 8894
f 8881 8894 8888
f 2247 8893 8892
f 2248 8894 8893
f 2246 8892 8894
f 8893 8894 8892
f 5 5117 6991
f 1297 8895 5117
f 1777 6991 8895
f 5117 8895 6991
f 335 8896 5121
f 2249 8897 8896
f 1297 5121 8897
f 8896 8897 5121
f 460 6995 8899
f 1777 8898 6995
f 2249 8899 8898
f 6995 8898 8899
f 1297 8897 8895
f 2249 8898 8897
f 1777 8895 8898
f 8897 8898 8895
f 91 8900 5133
f 2250 8901 8900
f 1301 5133 8901
f 8900 8901 5133
f 576 8902 8904
f 2251 8903 8902
f 2250 8904 8903
f 8902 8903 8904
f 335 5138 8906
f 1301 8905 5138
f 2251 8906 8905
f 5138 8905 8906
f 2250 8903 8901
f 2251 8905 8903
f 1301 8901 8905
f 8903 8905 8901
f 124 7000 8908
f 1781 8907 7000
f 2253 8908 8907
f 7000 8907 8908
f 460 8909 7004
f 2252 8910 8909
f 1781 7004 8910
f 8909 8910 7004
f 576 8911 8913
f 2253 8912 8911
f 2252 8913 8912
f 8911 8912 8913
f 1781 8910 8907
f 2252 8912 8910
f 2253 8907 8912
f 8910 8912 8907
f 335 8906 8896
f 2251 8914 8906
f 2249 8896 8914
f 8906 8914 8896
f 576 8913 8902
f 2252 8915 8913
f 2251 8902 8915
f 8913 8915 8902
f 460 8899 8909
f 2249 8916 8899
f 2252 8909 8916
f 8899 8916 8909
f 2251 8915 8914
f 2252 8916 8915
f 2249 8914 8916
f 8915 8916 8914
f 25 8917 5175
f 2254 8918 8917
f 1313 5175 8918
f 8917 8918 5175
f 577 8919 8921
f 2255 8920 8919
f 2254 8921 8920
f 8919 8920 8921
f 339 5180 8923
f 1313 8922 5180
f 2255 8923 8922
f 5180 8922 8923
f 2254 8920 8918
f 2255 8922 8920
f 1313 8918 8922
f 8920 8922 8918
f 152 8924 8926
f 2256 8925 8924
f 2258 8926 8925
f 8924 8925 8926
f 578 8927 8929
f 2257 8928 8927
f 2256 8929 8928
f 8927 8928 8929
f 577 8930 8932
f 2258 8931 8930
f 2257 8932 8931
f 8930 8931 8932
f 2256 8928 8925
f 2257 8931 8928
f 2258 8925 8931
f 8928 8931 8925
f 91 5186 8934
f 1318 8933 5186
f 2260 8934 8933
f 5186 8933 8934
f 339 8935 5190
f 2259 8936 8935
f 1318 5190 8936
f 8935 8936 5190
f 578 8937 8939
f 2260 8938 8937
f 2259 8939 8938
f 8937 8938 8939
f 1318 8936 8933
f 2259 8938 8936
f 2260 8933 8938
f 8936 8938 8933
f 577 8932 8919
f 2257 8940 8932
f 2255 8919 8940
f 8932 8940 8919
f 578 8939 8927
f 2259 8941 8939
f 2257 8927 8941
f 8939 8941 8927
f 339 8923 8935
f 2255 8942 8923
f 2259 8935 8942
f 8923 8942 8935
f 2257 8941 8940
f 2259 8942 8941
f 2255 8940 8942
f 8941 8942 8940
f 36 7019 8944
f 1786 8943 7019
f 2262 8944 8943
f 7019 8943 8944
f 464 8945 7023
f 2261 8946 8945
f 1786 7023 8946
f 8945 8946 7023
f 580 8947 8949
f 2262 8948 8947
f 2261 8949 8948
f 8947 8948 8949
f 1786 8946 8943
f 2261 8948 8946
f 2262 8943 8948
f 8946 8948 8943
f 124 8950 7035
f 2263 8951 8950
f 1790 7035 8951
f 8950 8951 7035
f 579 8952 8954
f 2264 8953 8952
f 2263 8954 8953
f 8952 8953 8954
f 464 7040 8956
f 1790 8955 7040
f 2264 8956 8955
f 7040 8955 8956
f 2263 8953 8951
f 2264 8955 8953
f 1790 8951 8955
f 8953 8955 8951
f 152 8957 8959
f 2265 8958 8957
f 2267 8959 8958
f 8957 8958 8959
f 580 8960 8962
f 2266 8961 8960
f 2265 8962 8961
f 8960 8961 8962
f 579 8963 8965
f 2267 8964 8963
f 2266 8965 8964
f 8963 8964 8965
f 2265 8961 8958
f 2266 8964 8961
f 2267 8958 8964
f 8961 8964 8958
f 464 8956 8945
f 2264 8966 8956
f 2261 8945 8966
f 8956 8966 8945
f 579 8965 8952
f 2266 8967 8965
f 2264 8952 8967
f 8965 8967 8952
f 580 8949 8960
f 2261 8968 8949
f 2266 8960 8968
f 8949 8968 8960
f 2264 8967 8966
f 2266 8968 8967
f 2261 8966 8968
f 8967 8968 8966
f 91 8934 8900
f 2260 8969 8934
f 2250 8900 8969
f 8934 8969 8900
f 578 8970 8937
f 2268 8971 8970
f 2260 8937 8971
f 8970 8971 8937
f 576 8904 8973
f 2250 8972 8904
f 2268 8973 8972
f 8904 8972 8973
f 2260 8971 8969
f 2268 8972 8971
f 2250 8969 8972
f 8971 8972 8969
f 152 8959 8924
f 2267 8974 8959
f 2256 8924 8974
f 8959 8974 8924
f 579 8975 8963
f 2269 8976 8975
f 2267 8963 8976
f 8975 8976 8963
f 578 8929 8978
f 2256 8977 8929
f 2269 8978 8977
f 8929 8977 8978
f 2267 8976 8974
f 2269 8977 8976
f 2256 8974 8977
f 8976 8977 8974
f 124 8908 8950
f 2253 8979 8908
f 2263 8950 8979
f 8908 8979 8950
f 576 8980 8911
f 2270 8981 8980
f 2253 8911 8981
f 8980 8981 8911
f 579 8954 8983
f 2263 8982 8954
f 2270 8983 8982
f 8954 8982 8983
f 2253 8981 8979
f 2270 8982 8981
f 2263 8979 8982
f 8981 8982 8979
f 578 8978 8970
f 2269 8984 8978
f 2268 8970 8984
f 8978 8984 8970
f 579 8983 8975
f 2270 8985 8983
f 2269 8975 8985
f 8983 8985 8975
f 576 8973 8980
f 2268 8986 8973
f 2270 8980 8986
f 8973 8986 8980
f 2269 8985 8984
f 2270 8986 8985
f 2268 8984 8986
f 8985 8986 8984
f 12 5308 5015
f 1344 8987 5308
f 1269 5015 8987
f 5308 8987 5015
f 346 8988 5311
f 2271 8989 8988
f 1344 5311 8989
f 8988 8989 5311
f 326 5019 8991
f 1269 8990 5019
f 2271 8991 8990
f 5019 8990 8991
f 1344 8989 8987
f 2271 8990 8989
f 1269 8987 8990
f 8989 8990 8987
f 93 8992 5321
f 2272 8993 8992
f 1347 5321 8993
f 8992 8993 5321
f 581 8994 8996
f 2273 8995 8994
f 2272 8996 8995
f 8994 8995 8996
f 346 5326 8998
f 1347 8997 5326
f 2273 8998 8997
f 5326 8997 8998
f 2272 8995 8993
f 2273 8997 8995
f 1347 8993 8997
f 8995 8997 8993
f 87 5024 9000
f 1273 8999 5024
f 2275 9000 8999
f 5024 8999 9000
f 326 9001 5028
f 2274 9002 9001
f 1273 5028 9002
f 9001 9002 5028
f 581 9003 9005
f 2275 9004 9003
f 2274 9005 9004
f 9003 9004 9005
f 1273 9002 8999
f 2274 9004 9002
f 2275 8999 9004
f 9002 9004 8999
f 346 8998 8988
f 2273 9006 8998
f 2271 8988 9006
f 8998 9006 8988
f 581 9005 8994
f 2274 9007 9005
f 2273 8994 9007
f 9005 9007 8994
f 326 8991 9001
f 2271 9008 8991
f 2274 9001 9008
f 8991 9008 9001
f 2273 9007 9006
f 2274 9008 9007
f 2271 9006 9008
f 9007 9008 9006
f 28 9009 5359
f 2276 9010 9009
f 1357 5359 9010
f 9009 9010 5359
f 582 9011 9013
f 2277 9012 9011
f 2276 9013 9012
f 9011 9012 9013
f 349 5364 9015
f 1357 9014 5364
f 2277 9015 9014
f 5364 9014 9015
f 2276 9012 9010
f 2277 9014 9012
f 1357 9010 9014
f 9012 9014 9010
f 153 9016 9018
f 2278 9017 9016
f 2280 9018 9017
f 9016 9017 9018
f 583 9019 9021
f 2279 9020 9019
f 2278 9021 9020
f 9019 9020 9021
f 582 9022 9024
f 2280 9023 9022
f 2279 9024 9023
f 9022 9023 9024
f 2278 9020 9017
f 2279 9023 9020
f 2280 9017 9023
f 9020 9023 9017
f 93 5370 9026
f 1362 9025 5370
f 2282 9026 9025
f 5370 9025 9026
f 349 9027 5374
f 2281 9028 9027
f 1362 5374 9028
f 9027 9028 5374
f 583 9029 9031
f 2282 9030 9029
f 2281 9031 9030
f 9029 9030 9031
f 1362 9028 9025
f 2281 9030 9028
f 2282 9025 9030
f 9028 9030 9025
f 582 9024 9011
f 2279 9032 9024
f 2277 9011 9032
f 9024 9032 9011
f 583 9031 9019
f 2281 9033 9031
f 2279 9019 9033
f 9031 9033 9019
f 349 9015 9027
f 2277 9034 9015
f 2281 9027 9034
f 9015 9034 9027
f 2279 9033 9032
f 2281 9034 9033
f 2277 9032 9034
f 9033 9034 9032
f 25 5043 9036
f 1278 9035 5043
f 2284 9036 9035
f 5043 9035 9036
f 330 9037 5047
f 2283 9038 9037
f 1278 5047 9038
f 9037 9038 5047
f 585 9039 9041
f 2284 9040 9039
f 2283 9041 9040
f 9039 9040 9041
f 1278 9038 9035
f 2283 9040 9038
f 2284 9035 9040
f 9038 9040 9035
f 87 9042 5059
f 2285 9043 9042
f 1282 5059 9043
f 9042 9043 5059
f 584 9044 9046
f 2286 9045 9044
f 2285 9046 9045
f 9044 9045 9046
f 330 5064 9048
f 1282 9047 5064
f 2286 9048 9047
f 5064 9047 9048
f 2285 9045 9043
f 2286 9047 9045
f 1282 9043 9047
f 9045 9047 9043
f 153 9049 9051
f 2287 9050 9049
f 2289 9051 9050
f 9049 9050 9051
f 585 9052 9054
f 2288 9053 9052
f 2287 9054 9053
f 9052 9053 9054
f 584 9055 9057
f 2289 9056 9055
f 2288 9057 9056
f 9055 9056 9057
f 2287 9053 9050
f 2288 9056 9053
f 2289 9050 9056
f 9053 9056 9050
f 330 9048 9037
f 2286 9058 9048
f 2283 9037 9058
f 9048 9058 9037
f 584 9057 9044
f 2288 9059 9057
f 2286 9044 9059
f 9057 9059 9044
f 585 9041 9052
f 2283 9060 9041
f 2288 9052 9060
f 9041 9060 9052
f 2286 9059 9058
f 2288 9060 9059
f 2283 9058 9060
f 9059 9060 9058
f 93 9026 8992
f 2282 9061 9026
f 2272 8992 9061
f 9026 9061 8992
f 583 9062 9029
f 2290 9063 9062
f 2282 9029 9063
f 9062 9063 9029
f 581 8996 9065
f 2272 9064 8996
f 2290 9065 9064
f 8996 9064 9065
f 2282 9063 9061
f 2290 9064 9063
f 2272 9061 9064
f 9063 9064 9061
f 153 9051 9016
f 2289 9066 9051
f 2278 9016 9066
f 9051 9066 9016
f 584 9067 9055
f 2291 9068 9067
f 2289 9055 9068
f 9067 9068 9055
f 583 9021 9070
f 2278 9069 9021
f 2291 9070 9069
f 9021 9069 9070
f 2289 9068 9066
f 2291 9069 9068
f 2278 9066 9069
f 9068 9069 9066
f 87 9000 9042
f 2275 9071 9000
f 2285 9042 9071
f 9000 9071 9042
f 581 9072 9003
f 2292 9073 9072
f 2275 9003 9073
f 9072 9073 9003
f 584 9046 9075
f 2285 9074 9046
f 2292 9075 9074
f 9046 9074 9075
f 2275 9073 9071
f 2292 9074 9073
f 2285 9071 9074
f 9073 9074 9071
f 583 9070 9062
f 2291 9076 9070
f 2290 9062 9076
f 9070 9076 9062
f 584 9075 9067
f 2292 9077 9075
f 2291 9067 9077
f 9075 9077 9067
f 581 9065 9072
f 2290 9078 9065
f 2292 9072 9078
f 9065 9078 9072
f 2291 9077 9076
f 2292 9078 9077
f 2290 9076 9078
f 9077 9078 9076
f 36 8944 8825
f 2262 9079 8944
f 2232 8825 9079
f 8944 9079 8825
f 580 9080 8947
f 2293 9081 9080
f 2262 8947 9081
f 9080 9081 8947
f 572 8829 9083
f 2232 9082 8829
f 2293 9083 9082
f 8829 9082 9083
f 2262 9081 9079
f 2293 9082 9081
f 2232 9079 9082
f 9081 9082 9079
f 152 9084 8957
f 2294 9085 9084
f 2265 8957 9085
f 9084 9085 8957
f 586 9086 9088
f 2295 9087 9086
f 2294 9088 9087
f 9086 9087 9088
f 580 8962 9090
f 2265 9089 8962
f 2295 9090 9089
f 8962 9089 9090
f 2294 9087 9085
f 2295 9089 9087
f 2265 9085 9089
f 9087 9089 9085
f 151 8834 9092
f 2236 9091 8834
f 2297 9092 9091
f 8834 9091 9092
f 572 9093 8838
f 2296 9094 9093
f 2236 8838 9094
f 9093 9094 8838
f 586 9095 9097
f 2297 9096 9095
f 2296 9097 9096
f 9095 9096 9097
f 2236 9094 9091
f 2296 9096 9094
f 2297 9091 9096
f 9094 9096 9091
f 580 9090 9080
f 2295 9098 9090
f 2293 9080 9098
f 9090 9098 9080
f 586 9097 9086
f 2296 9099 9097
f 2295 9086 9099
f 9097 9099 9086
f 572 9083 9093
f 2293 9100 9083
f 2296 9093 9100
f 9083 9100 9093
f 2295 9099 9098
f 2296 9100 9099
f 2293 9098 9100
f 9099 9100 9098
f 25 9036 8917
f 2284 9101 9036
f 2254 8917 9101
f 9036 9101 8917
f 585 9102 9039
f 2298 9103 9102
f 2284 9039 9103
f 9102 9103 9039
f 577 8921 9105
f 2254 9104 8921
f 2298 9105 9104
f 8921 9104 9105
f 2284 9103 9101
f 2298 9104 9103
f 2254 9101 9104
f 9103 9104 9101
f 153 9106 9049
f 2299 9107 9106
f 2287 9049 9107
f 9106 9107 9049
f 587 9108 9110
f 2300 9109 9108
f 2299 9110 9109
f 9108 9109 9110
f 585 9054 9112
f 2287 9111 9054
f 2300 9112 9111
f 9054 9111 9112
f 2299 9109 9107
f 2300 9111 9109
f 2287 9107 9111
f 9109 9111 9107
f 152 8926 9114
f 2258 9113 8926
f 2302 9114 9113
f 8926 9113 9114
f 577 9115 8930
f 2301 9116 9115
f 2258 8930 9116
f 9115 9116 8930
f 587 9117 9119
f 2302 9118 9117
f 2301 9119 9118
f 9117 9118 9119
f 2258 9116 9113
f 2301 9118 9116
f 2302 9113 9118
f 9116 9118 9113
f 585 9112 9102
f 2300 9120 9112
f 2298 9102 9120
f 9112 9120 9102
f 587 9119 9108
f 2301 9121 9119
f 2300 9108 9121
f 9119 9121 9108
f 577 9105 9115
f 2298 9122 9105
f 2301 9115 9122
f 9105 9122 9115
f 2300 9121 9120
f 2301 9122 9121
f 2298 9120 9122
f 9121 9122 9120
f 28 8852 9009
f 2240 9123 8852
f 2276 9009 9123
f 8852 9123 9009
f 575 9124 8855
f 2303 9125 9124
f 2240 8855 9125
f 9124 9125 8855
f 582 9013 9127
f 2276 9126 9013
f 2303 9127 9126
f 9013 9126 9127
f 2240 9125 9123
f 2303 9126 9125
f 2276 9123 9126
f 9125 9126 9123
f 151 9128 8865
f 2304 9129 9128
f 2243 8865 9129
f 9128 9129 8865
f 588 9130 9132
f 2305 9131 9130
f 2304 9132 9131
f 9130 9131 9132
f 575 8870 9134
f 2243 9133 8870
f 2305 9134 9133
f 8870 9133 9134
f 2304 9131 9129
f 2305 9133 9131
f 2243 9129 9133
f 9131 9133 9129
f 153 9018 9136
f 2280 9135 9018
f 2307 9136 9135
f 9018 9135 9136
f 582 9137 9022
f 2306 9138 9137
f 2280 9022 9138
f 9137 9138 9022
f 588 9139 9141
f 2307 9140 9139
f 2306 9141 9140
f 9139 9140 9141
f 2280 9138 9135
f 2306 9140 9138
f 2307 9135 9140
f 9138 9140 9135
f 575 9134 9124
f 2305 9142 9134
f 2303 9124 9142
f 9134 9142 9124
f 588 9141 9130
f 2306 9143 9141
f 2305 9130 9143
f 9141 9143 9130
f 582 9127 9137
f 2303 9144 9127
f 2306 9137 9144
f 9127 9144 9137
f 2305 9143 9142
f 2306 9144 9143
f 2303 9142 9144
f 9143 9144 9142
f 152 9114 9084
f 2302 9145 9114
f 2294 9084 9145
f 9114 9145 9084
f 587 9146 9117
f 2308 9147 9146
f 2302 9117 9147
f 9146 9147 9117
f 586 9088 9149
f 2294 9148 9088
f 2308 9149 9148
f 9088 9148 9149
f 2302 9147 9145
f 2308 9148 9147
f 2294 9145 9148
f 9147 9148 9145
f 153 9136 9106
f 2307 9150 9136
f 2299 9106 9150
f 9136 9150 9106
f 588 9151 9139
f 2309 9152 9151
f 2307 9139 9152
f 9151 9152 9139
f 587 9110 9154
f 2299 9153 9110
f 2309 9154 9153
f 9110 9153 9154
f 2307 9152 9150
f 2309 9153 9152
f 2299 9150 9153
f 9152 9153 9150
f 151 9092 9128
f 2297 9155 9092
f 2304 9128 9155
f 9092 9155 9128
f 586 9156 9095
f 2310 9157 9156
f 2297 9095 9157
f 9156 9157 9095
f 588 9132 9159
f 2304 9158 9132
f 2310 9159 9158
f 9132 9158 9159
f 2297 9157 9155
f 2310 9158 9157
f 2304 9155 9158
f 9157 9158 9155
f 587 9154 9146
f 2309 9160 9154
f 2308 9146 9160
f 9154 9160 9146
f 588 9159 9151
f 2310 9161 9159
f 2309 9151 9161
f 9159 9161 9151
f 586 9149 9156
f 2308 9162 9149
f 2310 9156 9162
f 9149 9162 9156
f 2309 9161 9160
f 2310 9162 9161
f 2308 9160 9162
f 9161 9162 9160
f 7 7485 5899
f 1905 9163 7485
f 1495 5899 9163
f 7485 9163 5899
f 495 9164 7489
f 2311 9165 9164
f 1905 7489 9165
f 9164 9165 7489
f 385 5904 9167
f 1495 9166 5904
f 2311 9167 9166
f 5904 9166 9167
f 1905 9165 9163
f 2311 9166 9165
f 1495 9163 9166
f 9165 9166 9163
f 135 9168 7501
f 2312 9169 9168
f 1909 7501 9169
f 9168 9169 7501
f 589 9170 9172
f 2313 9171 9170
f 2312 9172 9171
f 9170 9171 9172
f 495 7506 9174
f 1909 9173 7506
f 2313 9174 9173
f 7506 9173 9174
f 2312 9171 9169
f 2313 9173 9171
f 1909 9169 9173
f 9171 9173 9169
f 103 5910 9176
f 1500 9175 5910
f 2315 9176 9175
f 5910 9175 9176
f 385 9177 5914
f 2314 9178 9177
f 1500 5914 9178
f 9177 9178 5914
f 589 9179 9181
f 2315 9180 9179
f 2314 9181 9180
f 9179 9180 9181
f 1500 9178 9175
f 2314 9180 9178
f 2315 9175 9180
f 9178 9180 9175
f 495 9174 9164
f 2313 9182 9174
f 2311 9164 9182
f 9174 9182 9164
f 589 9181 9170
f 2314 9183 9181
f 2313 9170 9183
f 9181 9183 9170
f 385 9167 9177
f 2311 9184 9167
f 2314 9177 9184
f 9167 9184 9177
f 2313 9183 9182
f 2314 9184 9183
f 2311 9182 9184
f 9183 9184 9182
f 38 9185 7543
f 2316 9186 9185
f 1921 7543 9186
f 9185 9186 7543
f 590 9187 9189
f 2317 9188 9187
f 2316 9189 9188
f 9187 9188 9189
f 499 7548 9191
f 1921 9190 7548
f 2317 9191 9190
f 7548 9190 9191
f 2316 9188 9186
f 2317 9190 9188
f 1921 9186 9190
f 9188 9190 9186
f 154 9192 9194
f 2318 9193 9192
f 2320 9194 9193
f 9192 9193 9194
f 591 9195 9197
f 2319 9196 9195
f 2318 9197 9196
f 9195 9196 9197
f 590 9198 9200
f 2320 9199 9198
f 2319 9200 9199
f 9198 9199 9200
f 2318 9196 9193
f 2319 9199 9196
f 2320 9193 9199
f 9196 9199 9193
f 135 7554 9202
f 1926 9201 7554
f 2322 9202 9201
f 7554 9201 9202
f 499 9203 7558
f 2321 9204 9203
f 1926 7558 9204
f 9203 9204 7558
f 591 9205 9207
f 2322 9206 9205
f 2321 9207 9206
f 9205 9206 9207
f 1926 9204 9201
f 2321 9206 9204
f 2322 9201 9206
f 9204 9206 9201
f 590 9200 9187
f 2319 9208 9200
f 2317 9187 9208
f 9200 9208 9187
f 591 9207 9195
f 2321 9209 9207
f 2319 9195 9209
f 9207 9209 9195
f 499 9191 9203
f 2317 9210 9191
f 2321 9203 9210
f 9191 9210 9203
f 2319 9209 9208
f 2321 9210 9209
f 2317 9208 9210
f 9209 9210 9208
f 30 5931 9212
f 1506 9211 5931
f 2324 9212 9211
f 5931 9211 9212
f 390 9213 5935
f 2323 9214 9213
f 1506 5935 9214
f 9213 9214 5935
f 593 9215 9217
f 2324 9216 9215
f 2323 9217 9216
f 9215 9216 9217
f 1506 9214 9211
f 2323 9216 9214
f 2324 9211 9216
f 9214 9216 9211
f 103 9218 5947
f 2325 9219 9218
f 1510 5947 9219
f 9218 9219 5947
f 592 9220 9222
f 2326 9221 9220
f 2325 9222 9221
f 9220 9221 9222
f 390 5952 9224
f 1510 9223 5952
f 2326 9224 9223
f 5952 9223 9224
f 2325 9221 9219
f 2326 9223 9221
f 1510 9219 9223
f 9221 9223 9219
f 154 9225 9227
f 2327 9226 9225
f 2329 9227 9226
f 9225 9226 9227
f 593 9228 9230
f 2328 9229 9228
f 2327 9230 9229
f 9228 9229 9230
f 592 9231 9233
f 2329 9232 9231
f 2328 9233 9232
f 9231 9232 9233
f 2327 9229 9226
f 2328 9232 9229
f 2329 9226 9232
f 9229 9232 9226
f 390 9224 9213
f 2326 9234 9224
f 2323 9213 9234
f 9224 9234 9213
f 592 9233 9220
f 2328 9235 9233
f 2326 9220 9235
f 9233 9235 9220
f 593 9217 9228
f 2323 9236 9217
f 2328 9228 9236
f 9217 9236 9228
f 2326 9235 9234
f 2328 9236 9235
f 2323 9234 9236
f 9235 9236 9234
f 135 9202 9168
f 2322 9237 9202
f 2312 9168 9237
f 9202 9237 9168
f 591 9238 9205
f 2330 9239 9238
f 2322 9205 9239
f 9238 9239 9205
f 589 9172 9241
f 2312 9240 9172
f 2330 9241 9240
f 9172 9240 9241
f 2322 9239 9237
f 2330 9240 9239
f 2312 9237 9240
f 9239 9240 9237
f 154 9227 9192
f 2329 9242 9227
f 2318 9192 9242
f 9227 9242 9192
f 592 9243 9231
f 2331 9244 9243
f 2329 9231 9244
f 9243 9244 9231
f 591 9197 9246
f 2318 9245 9197
f 2331 9246 9245
f 9197 9245 9246
f 2329 9244 9242
f 2331 9245 9244
f 2318 9242 9245
f 9244 9245 9242
f 103 9176 9218
f 2315 9247 9176
f 2325 9218 9247
f 9176 9247 9218
f 589 9248 9179
f 2332 9249 9248
f 2315 9179 9249
f 9248 9249 9179
f 592 9222 9251
f 2325 9250 9222
f 2332 9251 9250
f 9222 9250 9251
f 2315 9249 9247
f 2332 9250 9249
f 2325 9247 9250
f 9249 9250 9247
f 591 9246 9238
f 2331 9252 9246
f 2330 9238 9252
f 9246 9252 9238
f 592 9251 9243
f 2332 9253 9251
f 2331 9243 9253
f 9251 9253 9243
f 589 9241 9248
f 2330 9254 9241
f 2332 9248 9254
f 9241 9254 9248
f 2331 9253 9252
f 2332 9254 9253
f 2330 9252 9254
f 9253 9254 9252
f 3 5509 7383
f 1397 9255 5509
f 1877 7383 9255
f 5509 9255 7383
f 361 9256 5513
f 2333 9257 9256
f 1397 5513 9257
f 9256 9257 5513
f 486 7387 9259
f 1877 9258 7387
f 2333 9259 9258
f 7387 9258 9259
f 1397 9257 9255
f 2333 9258 9257
f 1877 9255 9258
f 9257 9258 9255
f 98 9260 5525
f 2334 9261 9260
f 1401 5525 9261
f 9260 9261 5525
f 594 9262 9264
f 2335 9263 9262
f 2334 9264 9263
f 9262 9263 9264
f 361 5530 9266
f 1401 9265 5530
f 2335 9266 9265
f 5530 9265 9266
f 2334 9263 9261
f 2335 9265 9263
f 1401 9261 9265
f 9263 9265 9261
f 131 7392 9268
f 1881 9267 7392
f 2337 9268 9267
f 7392 9267 9268
f 486 9269 7396
f 2336 9270 9269
f 1881 7396 9270
f 9269 9270 7396
f 594 9271 9273
f 2337 9272 9271
f 2336 9273 9272
f 9271 9272 9273
f 1881 9270 9267
f 2336 9272 9270
f 2337 9267 9272
f 9270 9272 9267
f 361 9266 9256
f 2335 9274 9266
f 2333 9256 9274
f 9266 9274 9256
f 594 9273 9262
f 2336 9275 9273
f 2335 9262 9275
f 9273 9275 9262
f 486 9259 9269
f 2333 9276 9259
f 2336 9269 9276
f 9259 9276 9269
f 2335 9275 9274
f 2336 9276 9275
f 2333 9274 9276
f 9275 9276 9274
f 27 9277 5567
f 2338 9278 9277
f 1413 5567 9278
f 9277 9278 5567
f 595 9279 9281
f 2339 9280 9279
f 2338 9281 9280
f 9279 9280 9281
f 365 5572 9283
f 1413 9282 5572
f 2339 9283 9282
f 5572 9282 9283
f 2338 9280 9278
f 2339 9282 9280
f 1413 9278 9282
f 9280 9282 9278
f 155 9284 9286
f 2340 9285 9284
f 2342 9286 9285
f 9284 9285 9286
f 596 9287 9289
f 2341 9288 9287
f 2340 9289 9288
f 9287 9288 9289
f 595 9290 9292
f 2342 9291 9290
f 2341 9292 9291
f 9290 9291 9292
f 2340 9288 9285
f 2341 9291 9288
f 2342 9285 9291
f 9288 9291 9285
f 98 5578 9294
f 1418 9293 5578
f 2344 9294 9293
f 5578 9293 9294
f 365 9295 5582
f 2343 9296 9295
f 1418 5582 9296
f 9295 9296 5582
f 596 9297 9299
f 2344 9298 9297
f 2343 9299 9298
f 9297 9298 9299
f 1418 9296 9293
f 2343 9298 9296
f 2344 9293 9298
f 9296 9298 9293
f 595 9292 9279
f 2341 9300 9292
f 2339 9279 9300
f 9292 9300 9279
f 596 9299 9287
f 2343 9301 9299
f 2341 9287 9301
f 9299 9301 9287
f 365 9283 9295
f 2339 9302 9283
f 2343 9295 9302
f 9283 9302 9295
f 2341 9301 9300
f 2343 9302 9301
f 2339 9300 9302
f 9301 9302 9300
f 38 7411 9304
f 1886 9303 7411
f 2346 9304 9303
f 7411 9303 9304
f 490 9305 7415
f 2345 9306 9305
f 1886 7415 9306
f 9305 9306 7415
f 598 9307 9309
f 2346 9308 9307
f 2345 9309 9308
f 9307 9308 9309
f 1886 9306 9303
f 2345 9308 9306
f 2346 9303 9308
f 9306 9308 9303
f 131 9310 7427
f 2347 9311 9310
f 1890 7427 9311
f 9310 9311 7427
f 597 9312 9314
f 2348 9313 9312
f 2347 9314 9313
f 9312 9313 9314
f 490 7432 9316
f 1890 9315 7432
f 2348 9316 9315
f 7432 9315 9316
f 2347 9313 9311
f 2348 9315 9313
f 1890 9311 9315
f 9313 9315 9311
f 155 9317 9319
f 2349 9318 9317
f 2351 9319 9318
f 9317 9318 9319
f 598 9320 9322
f 2350 9321 9320
f 2349 9322 9321
f 9320 9321 9322
f 597 9323 9325
f 2351 9324 9323
f 2350 9325 9324
f 9323 9324 9325
f 2349 9321 9318
f 2350 9324 9321
f 2351 9318 9324
f 9321 9324 9318
f 490 9316 9305
f 2348 9326 9316
f 2345 9305 9326
f 9316 9326 9305
f 597 9325 9312
f 2350 9327 9325
f 2348 9312 9327
f 9325 9327 9312
f 598 9309 9320
f 2345 9328 9309
f 2350 9320 9328
f 9309 9328 9320
f 2348 9327 9326
f 2350 9328 9327
f 2345 9326 9328
f 9327 9328 9326
f 98 9294 9260
f 2344 9329 9294
f 2334 9260 9329
f 9294 9329 9260
f 596 9330 9297
f 2352 9331 9330
f 2344 9297 9331
f 9330 9331 9297
f 594 9264 9333
f 2334 9332 9264
f 2352 9333 9332
f 9264 9332 9333
f 2344 9331 9329
f 2352 9332 9331
f 2334 9329 9332
f 9331 9332 9329
f 155 9319 9284
f 2351 9334 9319
f 2340 9284 9334
f 9319 9334 9284
f 597 9335 9323
f 2353 9336 9335
f 2351 9323 9336
f 9335 9336 9323
f 596 9289 9338
f 2340 9337 9289
f 2353 9338 9337
f 9289 9337 9338
f 2351 9336 9334
f 2353 9337 9336
f 2340 9334 9337
f 9336 9337 9334
f 131 9268 9310
f 2337 9339 9268
f 2347 9310 9339
f 9268 9339 9310
f 594 9340 9271
f 2354 9341 9340
f 2337 9271 9341
f 9340 9341 9271
f 597 9314 9343
f 2347 9342 9314
f 2354 9343 9342
f 9314 9342 9343
f 2337 9341 9339
f 2354 9342 9341
f 2347 9339 9342
f 9341 9342 9339
f 596 9338 9330
f 2353 9344 9338
f 2352 9330 9344
f 9338 9344 9330
f 597 9343 9335
f 2354 9345 9343
f 2353 9335 9345
f 9343 9345 9335
f 594 9333 9340
f 2352 9346 9333
f 2354 9340 9346
f 9333 9346 9340
f 2353 9345 9344
f 2354 9346 9345
f 2352 9344 9346
f 9345 9346 9344
f 11 5700 5407
f 1444 9347 5700
f 1369 5407 9347
f 5700 9347 5407
f 372 9348 5703
f 2355 9349 9348
f 1444 5703 9349
f 9348 9349 5703
f 352 5411 9351
f 1369 9350 5411
f 2355 9351 9350
f 5411 9350 9351
f 1444 9349 9347
f 2355 9350 9349
f 1369 9347 9350
f 9349 9350 9347
f 100 9352 5713
f 2356 9353 9352
f 1447 5713 9353
f 9352 9353 5713
f 599 9354 9356
f 2357 9355 9354
f 2356 9356 9355
f 9354 9355 9356
f 372 5718 9358
f 1447 9357 5718
f 2357 9358 9357
f 5718 9357 9358
f 2356 9355 9353
f 2357 9357 9355
f 1447 9353 9357
f 9355 9357 9353
f 94 5416 9360
f 1373 9359 5416
f 2359 9360 9359
f 5416 9359 9360
f 352 9361 5420
f 2358 9362 9361
f 1373 5420 9362
f 9361 9362 5420
f 599 9363 9365
f 2359 9364 9363
f 2358 9365 9364
f 9363 9364 9365
f 1373 9362 9359
f 2358 9364 9362
f 2359 9359 9364
f 9362 9364 9359
f 372 9358 9348
f 2357 9366 9358
f 2355 9348 9366
f 9358 9366 9348
f 599 9365 9354
f 2358 9367 9365
f 2357 9354 9367
f 9365 9367 9354
f 352 9351 9361
f 2355 9368 9351
f 2358 9361 9368
f 9351 9368 9361
f 2357 9367 9366
f 2358 9368 9367
f 2355 9366 9368
f 9367 9368 9366
f 30 9369 5751
f 2360 9370 9369
f 1457 5751 9370
f 9369 9370 5751
f 600 9371 9373
f 2361 9372 9371
f 2360 9373 9372
f 9371 9372 9373
f 375 5756 9375
f 1457 9374 5756
f 2361 9375 9374
f 5756 9374 9375
f 2360 9372 9370
f 2361 9374 9372
f 1457 9370 9374
f 9372 9374 9370
f 156 9376 9378
f 2362 9377 9376
f 2364 9378 9377
f 9376 9377 9378
f 601 9379 9381
f 2363 9380 9379
f 2362 9381 9380
f 9379 9380 9381
f 600 9382 9384
f 2364 9383 9382
f 2363 9384 9383
f 9382 9383 9384
f 2362 9380 9377
f 2363 9383 9380
f 2364 9377 9383
f 9380 9383 9377
f 100 5762 9386
f 1462 9385 5762
f 2366 9386 9385
f 5762 9385 9386
f 375 9387 5766
f 2365 9388 9387
f 1462 5766 9388
f 9387 9388 5766
f 601 9389 9391
f 2366 9390 9389
f 2365 9391 9390
f 9389 9390 9391
f 1462 9388 9385
f 2365 9390 9388
f 2366 9385 9390
f 9388 9390 9385
f 600 9384 9371
f 2363 9392 9384
f 2361 9371 9392
f 9384 9392 9371
f 601 9391 9379
f 2365 9393 9391
f 2363 9379 9393
f 9391 9393 9379
f 375 9375 9387
f 2361 9394 9375
f 2365 9387 9394
f 9375 9394 9387
f 2363 9393 9392
f 2365 9394 9393
f 2361 9392 9394
f 9393 9394 9392
f 27 5435 9396
f 1378 9395 5435
f 2368 9396 9395
f 5435 9395 9396
f 356 9397 5439
f 2367 9398 9397
f 1378 5439 9398
f 9397 9398 5439
f 603 9399 9401
f 2368 9400 9399
f 2367 9401 9400
f 9399 9400 9401
f 1378 9398 9395
f 2367 9400 9398
f 2368 9395 9400
f 9398 9400 9395
f 94 9402 5451
f 2369 9403 9402
f 1382 5451 9403
f 9402 9403 5451
f 602 9404 9406
f 2370 9405 9404
f 2369 9406 9405
f 9404 9405 9406
f 356 5456 9408
f 1382 9407 5456
f 2370 9408 9407
f 5456 9407 9408
f 2369 9405 9403
f 2370 9407 9405
f 1382 9403 9407
f 9405 9407 9403
f 156 9409 9411
f 2371 9410 9409
f 2373 9411 9410
f 9409 9410 9411
f 603 9412 9414
f 2372 9413 9412
f 2371 9414 9413
f 9412 9413 9414
f 602 9415 9417
f 2373 9416 9415
f 2372 9417 9416
f 9415 9416 9417
f 2371 9413 9410
f 2372 9416 9413
f 2373 9410 9416
f 9413 9416 9410
f 356 9408 9397
f 2370 9418 9408
f 2367 9397 9418
f 9408 9418 9397
f 602 9417 9404
f 2372 9419 9417
f 2370 9404 9419
f 9417 9419 9404
f 603 9401 9412
f 2367 9420 9401
f 2372 9412 9420
f 9401 9420 9412
f 2370 9419 9418
f 2372 9420 9419
f 2367 9418 9420
f 9419 9420 9418
f 100 9386 9352
f 2366 9421 9386
f 2356 9352 9421
f 9386 9421 9352
f 601 9422 9389
f 2374 9423 9422
f 2366 9389 9423
f 9422 9423 9389
f 599 9356 9425
f 2356 9424 9356
f 2374 9425 9424
f 9356 9424 9425
f 2366 9423 9421
f 2374 9424 9423
f 2356 9421 9424
f 9423 9424 9421
f 156 9411 9376
f 2373 9426 9411
f 2362 9376 9426
f 9411 9426 9376
f 602 9427 9415
f 2375 9428 9427
f 2373 9415 9428
f 9427 9428 9415
f 601 9381 9430
f 2362 9429 9381
f 2375 9430 9429
f 9381 9429 9430
f 2373 9428 9426
f 2375 9429 9428
f 2362 9426 9429
f 9428 9429 9426
f 94 9360 9402
f 2359 9431 9360
f 2369 9402 9431
f 9360 9431 9402
f 599 9432 9363
f 2376 9433 9432
f 2359 9363 9433
f 9432 9433 9363
f 602 9406 9435
f 2369 9434 9406
f 2376 9435 9434
f 9406 9434 9435
f 2359 9433 9431
f 2376 9434 9433
f 2369 9431 9434
f 9433 9434 9431
f 601 9430 9422
f 2375 9436 9430
f 2374 9422 9436
f 9430 9436 9422
f 602 9435 9427
f 2376 9437 9435
f 2375 9427 9437
f 9435 9437 9427
f 599 9425 9432
f 2374 9438 9425
f 2376 9432 9438
f 9425 9438 9432
f 2375 9437 9436
f 2376 9438 9437
f 2374 9436 9438
f 9437 9438 9436
f 38 9304 9185
f 2346 9439 9304
f 2316 9185 9439
f 9304 9439 9185
f 598 9440 9307
f 2377 9441 9440
f 2346 9307 9441
f 9440 9441 9307
f 590 9189 9443
f 2316 9442 9189
f 2377 9443 9442
f 9189 9442 9443
f 2346 9441 9439
f 2377 9442 9441
f 2316 9439 9442
f 9441 9442 9439
f 155 9444 9317
f 2378 9445 9444
f 2349 9317 9445
f 9444 9445 9317
f 604 9446 9448
f 2379 9447 9446
f 2378 9448 9447
f 9446 9447 9448
f 598 9322 9450
f 2349 9449 9322
f 2379 9450 9449
f 9322 9449 9450
f 2378 9447 9445
f 2379 9449 9447
f 2349 9445 9449
f 9447 9449 9445
f 154 9194 9452
f 2320 9451 9194
f 2381 9452 9451
f 9194 9451 9452
f 590 9453 9198
f 2380 9454 9453
f 2320 9198 9454
f 9453 9454 9198
f 604 9455 9457
f 2381 9456 9455
f 2380 9457 9456
f 9455 9456 9457
f 2320 9454 9451
f 2380 9456 9454
f 2381 9451 9456
f 9454 9456 9451
f 598 9450 9440
f 2379 9458 9450
f 2377 9440 9458
f 9450 9458 9440
f 604 9457 9446
f 2380 9459 9457
f 2379 9446 9459
f 9457 9459 9446
f 590 9443 9453
f 2377 9460 9443
f 2380 9453 9460
f 9443 9460 9453
f 2379 9459 9458
f 2380 9460 9459
f 2377 9458 9460
f 9459 9460 9458
f 27 9396 9277
f 2368 9461 9396
f 2338 9277 9461
f 9396 9461 9277
f 603 9462 9399
f 2382 9463 9462
f 2368 9399 9463
f 9462 9463 9399
f 595 9281 9465
f 2338 9464 9281
f 2382 9465 9464
f 9281 9464 9465
f 2368 9463 9461
f 2382 9464 9463
f 2338 9461 9464
f 9463 9464 9461
f 156 9466 9409
f 2383 9467 9466
f 2371 9409 9467
f 9466 9467 9409
f 605 9468 9470
f 2384 9469 9468
f 2383 9470 9469
f 9468 9469 9470
f 603 9414 9472
f 2371 9471 9414
f 2384 9472 9471
f 9414 9471 9472
f 2383 9469 9467
f 2384 9471 9469
f 2371 9467 9471
f 9469 9471 9467
f 155 9286 9474
f 2342 9473 9286
f 2386 9474 9473
f 9286 9473 9474
f 595 9475 9290
f 2385 9476 9475
f 2342 9290 9476
f 9475 9476 9290
f 605 9477 9479
f 2386 9478 9477
f 2385 9479 9478
f 9477 9478 9479
f 2342 9476 9473
f 2385 9478 9476
f 2386 9473 9478
f 9476 9478 9473
f 603 9472 9462
f 2384 9480 9472
f 2382 9462 9480
f 9472 9480 9462
f 605 9479 9468
f 2385 9481 9479
f 2384 9468 9481
f 9479 9481 9468
f 595 9465 9475
f 2382 9482 9465
f 2385 9475 9482
f 9465 9482 9475
f 2384 9481 9480
f 2385 9482 9481
f 2382 9480 9482
f 9481 9482 9480
f 30 9212 9369
f 2324 9483 9212
f 2360 9369 9483
f 9212 9483 9369
f 593 9484 9215
f 2387 9485 9484
f 2324 9215 9485
f 9484 9485 9215
f 600 9373 9487
f 2360 9486 9373
f 2387 9487 9486
f 9373 9486 9487
f 2324 9485 9483
f 2387 9486 9485
f 2360 9483 9486
f 9485 9486 9483
f 154 9488 9225
f 2388 9489 9488
f 2327 9225 9489
f 9488 9489 9225
f 606 9490 9492
f 2389 9491 9490
f 2388 9492 9491
f 9490 9491 9492
f 593 9230 9494
f 2327 9493 9230
f 2389 9494 9493
f 9230 9493 9494
f 2388 9491 9489
f 2389 9493 9491
f 2327 9489 9493
f 9491 9493 9489
f 156 9378 9496
f 2364 9495 9378
f 2391 9496 9495
f 9378 9495 9496
f 600 9497 9382
f 2390 9498 9497
f 2364 9382 9498
f 9497 9498 9382
f 606 9499 9501
f 2391 9500 9499
f 2390 9501 9500
f 9499 9500 9501
f 2364 9498 9495
f 2390 9500 9498
f 2391 9495 9500
f 9498 9500 9495
f 593 9494 9484
f 2389 9502 9494
f 2387 9484 9502
f 9494 9502 9484
f 606 9501 9490
f 2390 9503 9501
f 2389 9490 9503
f 9501 9503 9490
f 600 9487 9497
f 2387 9504 9487
f 2390 9497 9504
f 9487 9504 9497
f 2389 9503 9502
f 2390 9504 9503
f 2387 9502 9504
f 9503 9504 9502
f 155 9474 9444
f 2386 9505 9474
f 2378 9444 9505
f 9474 9505 9444
f 605 9506 9477
f 2392 9507 9506
f 2386 9477 9507
f 9506 9507 9477
f 604 9448 9509
f 2378 9508 9448
f 2392 9509 9508
f 9448 9508 9509
f 2386 9507 9505
f 2392 9508 9507
f 2378 9505 9508
f 9507 9508 9505
f 156 9496 9466
f 2391 9510 9496
f 2383 9466 9510
f 9496 9510 9466
f 606 9511 9499
f 2393 9512 9511
f 2391 9499 9512
f 9511 9512 9499
f 605 9470 9514
f 2383 9513 9470
f 2393 9514 9513
f 9470 9513 9514
f 2391 9512 9510
f 2393 9513 9512
f 2383 9510 9513
f 9512 9513 9510
f 154 9452 9488
f 2381 9515 9452
f 2388 9488 9515
f 9452 9515 9488
f 604 9516 9455
f 2394 9517 9516
f 2381 9455 9517
f 9516 9517 9455
f 606 9492 9519
f 2388 9518 9492
f 2394 9519 9518
f 9492 9518 9519
f 2381 9517 9515
f 2394 9518 9517
f 2388 9515 9518
f 9517 9518 9515
f 605 9514 9506
f 2393 9520 9514
f 2392 9506 9520
f 9514 9520 9506
f 606 9519 9511
f 2394 9521 9519
f 2393 9511 9521
f 9519 9521 9511
f 604 9509 9516
f 2392 9522 9509
f 2394 9516 9522
f 9509 9522 9516
f 2393 9521 9520
f 2394 9522 9521
f 2392 9520 9522
f 9521 9522 9520
f 9 7877 6291
f 2005 9523 7877
f 1595 6291 9523
f 7877 9523 6291
f 521 9524 7881
f 2395 9525 9524
f 2005 7881 9525
f 9524 9525 7881
f 411 6296 9527
f 1595 9526 6296
f 2395 9527 9526
f 6296 9526 9527
f 2005 9525 9523
f 2395 9526 9525
f 1595 9523 9526
f 9525 9526 9523
f 142 9528 7893
f 2396 9529 9528
f 2009 7893 9529
f 9528 9529 7893
f 607 9530 9532
f 2397 9531 9530
f 2396 9532 9531
f 9530 9531 9532
f 521 7898 9534
f 2009 9533 7898
f 2397 9534 9533
f 7898 9533 9534
f 2396 9531 9529
f 2397 9533 9531
f 2009 9529 9533
f 9531 9533 9529
f 110 6302 9536
f 1600 9535 6302
f 2399 9536 9535
f 6302 9535 9536
f 411 9537 6306
f 2398 9538 9537
f 1600 6306 9538
f 9537 9538 6306
f 607 9539 9541
f 2399 9540 9539
f 2398 9541 9540
f 9539 9540 9541
f 1600 9538 9535
f 2398 9540 9538
f 2399 9535 9540
f 9538 9540 9535
f 521 9534 9524
f 2397 9542 9534
f 2395 9524 9542
f 9534 9542 9524
f 607 9541 9530
f 2398 9543 9541
f 2397 9530 9543
f 9541 9543 9530
f 411 9527 9537
f 2395 9544 9527
f 2398 9537 9544
f 9527 9544 9537
f 2397 9543 9542
f 2398 9544 9543
f 2395 9542 9544
f 9543 9544 9542
f 40 9545 7935
f 2400 9546 9545
f 2021 7935 9546
f 9545 9546 7935
f 608 9547 9549
f 2401 9548 9547
f 2400 9549 9548
f 9547 9548 9549
f 525 7940 9551
f 2021 9550 7940
f 2401 9551 9550
f 7940 9550 9551
f 2400 9548 9546
f 2401 9550 9548
f 2021 9546 9550
f 9548 9550 9546
f 157 9552 9554
f 2402 9553 9552
f 2404 9554 9553
f 9552 9553 9554
f 609 9555 9557
f 2403 9556 9555
f 2402 9557 9556
f 9555 9556 9557
f 608 9558 9560
f 2404 9559 9558
f 2403 9560 9559
f 9558 9559 9560
f 2402 9556 9553
f 2403 9559 9556
f 2404 9553 9559
f 9556 9559 9553
f 142 7946 9562
f 2026 9561 7946
f 2406 9562 9561
f 7946 9561 9562
f 525 9563 7950
f 2405 9564 9563
f 2026 7950 9564
f 9563 9564 7950
f 609 9565 9567
f 2406 9566 9565
f 2405 9567 9566
f 9565 9566 9567
f 2026 9564 9561
f 2405 9566 9564
f 2406 9561 9566
f 9564 9566 9561
f 608 9560 9547
f 2403 9568 9560
f 2401 9547 9568
f 9560 9568 9547
f 609 9567 9555
f 2405 9569 9567
f 2403 9555 9569
f 9567 9569 9555
f 525 9551 9563
f 2401 9570 9551
f 2405 9563 9570
f 9551 9570 9563
f 2403 9569 9568
f 2405 9570 9569
f 2401 9568 9570
f 9569 9570 9568
f 32 6323 9572
f 1606 9571 6323
f 2408 9572 9571
f 6323 9571 9572
f 416 9573 6327
f 2407 9574 9573
f 1606 6327 9574
f 9573 9574 6327
f 611 9575 9577
f 2408 9576 9575
f 2407 9577 9576
f 9575 9576 9577
f 1606 9574 9571
f 2407 9576 9574
f 2408 9571 9576
f 9574 9576 9571
f 110 9578 6339
f 2409 9579 9578
f 1610 6339 9579
f 9578 9579 6339
f 610 9580 9582
f 2410 9581 9580
f 2409 9582 9581
f 9580 9581 9582
f 416 6344 9584
f 1610 9583 6344
f 2410 9584 9583
f 6344 9583 9584
f 2409 9581 9579
f 2410 9583 9581
f 1610 9579 9583
f 9581 9583 9579
f 157 9585 9587
f 2411 9586 9585
f 2413 9587 9586
f 9585 9586 9587
f 611 9588 9590
f 2412 9589 9588
f 2411 9590 9589
f 9588 9589 9590
f 610 9591 9593
f 2413 9592 9591
f 2412 9593 9592
f 9591 9592 9593
f 2411 9589 9586
f 2412 9592 9589
f 2413 9586 9592
f 9589 9592 9586
f 416 9584 9573
f 2410 9594 9584
f 2407 9573 9594
f 9584 9594 9573
f 610 9593 9580
f 2412 9595 9593
f 2410 9580 9595
f 9593 9595 9580
f 611 9577 9588
f 2407 9596 9577
f 2412 9588 9596
f 9577 9596 9588
f 2410 9595 9594
f 2412 9596 9595
f 2407 9594 9596
f 9595 9596 9594
f 142 9562 9528
f 2406 9597 9562
f 2396 9528 9597
f 9562 9597 9528
f 609 9598 9565
f 2414 9599 9598
f 2406 9565 9599
f 9598 9599 9565
f 607 9532 9601
f 2396 9600 9532
f 2414 9601 9600
f 9532 9600 9601
f 2406 9599 9597
f 2414 9600 9599
f 2396 9597 9600
f 9599 9600 9597
f 157 9587 9552
f 2413 9602 9587
f 2402 9552 9602
f 9587 9602 9552
f 610 9603 9591
f 2415 9604 9603
f 2413 9591 9604
f 9603 9604 9591
f 609 9557 9606
f 2402 9605 9557
f 2415 9606 9605
f 9557 9605 9606
f 2413 9604 9602
f 2415 9605 9604
f 2402 9602 9605
f 9604 9605 9602
f 110 9536 9578
f 2399 9607 9536
f 2409 9578 9607
f 9536 9607 9578
f 607 9608 9539
f 2416 9609 9608
f 2399 9539 9609
f 9608 9609 9539
f 610 9582 9611
f 2409 9610 9582
f 2416 9611 9610
f 9582 9610 9611
f 2399 9609 9607
f 2416 9610 9609
f 2409 9607 9610
f 9609 9610 9607
f 609 9606 9598
f 2415 9612 9606
f 2414 9598 9612
f 9606 9612 9598
f 610 9611 9603
f 2416 9613 9611
f 2415 9603 9613
f 9611 9613 9603
f 607 9601 9608
f 2414 9614 9601
f 2416 9608 9614
f 9601 9614 9608
f 2415 9613 9612
f 2416 9614 9613
f 2414 9612 9614
f 9613 9614 9612
f 7 5901 7775
f 1497 9615 5901
f 1977 7775 9615
f 5901 9615 7775
f 387 9616 5905
f 2417 9617 9616
f 1497 5905 9617
f 9616 9617 5905
f 512 7779 9619
f 1977 9618 7779
f 2417 9619 9618
f 7779 9618 9619
f 1497 9617 9615
f 2417 9618 9617
f 1977 9615 9618
f 9617 9618 9615
f 105 9620 5917
f 2418 9621 9620
f 1501 5917 9621
f 9620 9621 5917
f 612 9622 9624
f 2419 9623 9622
f 2418 9624 9623
f 9622 9623 9624
f 387 5922 9626
f 1501 9625 5922
f 2419 9626 9625
f 5922 9625 9626
f 2418 9623 9621
f 2419 9625 9623
f 1501 9621 9625
f 9623 9625 9621
f 138 7784 9628
f 1981 9627 7784
f 2421 9628 9627
f 7784 9627 9628
f 512 9629 7788
f 2420 9630 9629
f 1981 7788 9630
f 9629 9630 7788
f 612 9631 9633
f 2421 9632 9631
f 2420 9633 9632
f 9631 9632 9633
f 1981 9630 9627
f 2420 9632 9630
f 2421 9627 9632
f 9630 9632 9627
f 387 9626 9616
f 2419 9634 9626
f 2417 9616 9634
f 9626 9634 9616
f 612 9633 9622
f 2420 9635 9633
f 2419 9622 9635
f 9633 9635 9622
f 512 9619 9629
f 2417 9636 9619
f 2420 9629 9636
f 9619 9636 9629
f 2419 9635 9634
f 2420 9636 9635
f 2417 9634 9636
f 9635 9636 9634
f 29 9637 5959
f 2422 9638 9637
f 1513 5959 9638
f 9637 9638 5959
f 613 9639 9641
f 2423 9640 9639
f 2422 9641 9640
f 9639 9640 9641
f 391 5964 9643
f 1513 9642 5964
f 2423 9643 9642
f 5964 9642 9643
f 2422 9640 9638
f 2423 9642 9640
f 1513 9638 9642
f 9640 9642 9638
f 158 9644 9646
f 2424 9645 9644
f 2426 9646 9645
f 9644 9645 9646
f 614 9647 9649
f 2425 9648 9647
f 2424 9649 9648
f 9647 9648 9649
f 613 9650 9652
f 2426 9651 9650
f 2425 9652 9651
f 9650 9651 9652
f 2424 9648 9645
f 2425 9651 9648
f 2426 9645 9651
f 9648 9651 9645
f 105 5970 9654
f 1518 9653 5970
f 2428 9654 9653
f 5970 9653 9654
f 391 9655 5974
f 2427 9656 9655
f 1518 5974 9656
f 9655 9656 5974
f 614 9657 9659
f 2428 9658 9657
f 2427 9659 9658
f 9657 9658 9659
f 1518 9656 9653
f 2427 9658 9656
f 2428 9653 9658
f 9656 9658 9653
f 613 9652 9639
f 2425 9660 9652
f 2423 9639 9660
f 9652 9660 9639
f 614 9659 9647
f 2427 9661 9659
f 2425 9647 9661
f 9659 9661 9647
f 391 9643 9655
f 2423 9662 9643
f 2427 9655 9662
f 9643 9662 9655
f 2425 9661 9660
f 2427 9662 9661
f 2423 9660 9662
f 9661 9662 9660
f 40 7803 9664
f 1986 9663 7803
f 2430 9664 9663
f 7803 9663 9664
f 516 9665 7807
f 2429 9666 9665
f 1986 7807 9666
f 9665 9666 7807
f 616 9667 9669
f 2430 9668 9667
f 2429 9669 9668
f 9667 9668 9669
f 1986 9666 9663
f 2429 9668 9666
f 2430 9663 9668
f 9666 9668 9663
f 138 9670 7819
f 2431 9671 9670
f 1990 7819 9671
f 9670 9671 7819
f 615 9672 9674
f 2432 9673 9672
f 2431 9674 9673
f 9672 9673 9674
f 516 7824 9676
f 1990 9675 7824
f 2432 9676 9675
f 7824 9675 9676
f 2431 9673 9671
f 2432 9675 9673
f 1990 9671 9675
f 9673 9675 9671
f 158 9677 9679
f 2433 9678 9677
f 2435 9679 9678
f 9677 9678 9679
f 616 9680 9682
f 2434 9681 9680
f 2433 9682 9681
f 9680 9681 9682
f 615 9683 9685
f 2435 9684 9683
f 2434 9685 9684
f 9683 9684 9685
f 2433 9681 9678
f 2434 9684 9681
f 2435 9678 9684
f 9681 9684 9678
f 516 9676 9665
f 2432 9686 9676
f 2429 9665 9686
f 9676 9686 9665
f 615 9685 9672
f 2434 9687 9685
f 2432 9672 9687
f 9685 9687 9672
f 616 9669 9680
f 2429 9688 9669
f 2434 9680 9688
f 9669 9688 9680
f 2432 9687 9686
f 2434 9688 9687
f 2429 9686 9688
f 9687 9688 9686
f 105 9654 9620
f 2428 9689 9654
f 2418 9620 9689
f 9654 9689 9620
f 614 9690 9657
f 2436 9691 9690
f 2428 9657 9691
f 9690 9691 9657
f 612 9624 9693
f 2418 9692 9624
f 2436 9693 9692
f 9624 9692 9693
f 2428 9691 9689
f 2436 9692 9691
f 2418 9689 9692
f 9691 9692 9689
f 158 9679 9644
f 2435 9694 9679
f 2424 9644 9694
f 9679 9694 9644
f 615 9695 9683
f 2437 9696 9695
f 2435 9683 9696
f 9695 9696 9683
f 614 9649 9698
f 2424 9697 9649
f 2437 9698 9697
f 9649 9697 9698
f 2435 9696 9694
f 2437 9697 9696
f 2424 9694 9697
f 9696 9697 9694
f 138 9628 9670
f 2421 9699 9628
f 2431 9670 9699
f 9628 9699 9670
f 612 9700 9631
f 2438 9701 9700
f 2421 9631 9701
f 9700 9701 9631
f 615 9674 9703
f 2431 9702 9674
f 2438 9703 9702
f 9674 9702 9703
f 2421 9701 9699
f 2438 9702 9701
f 2431 9699 9702
f 9701 9702 9699
f 614 9698 9690
f 2437 9704 9698
f 2436 9690 9704
f 9698 9704 9690
f 615 9703 9695
f 2438 9705 9703
f 2437 9695 9705
f 9703 9705 9695
f 612 9693 9700
f 2436 9706 9693
f 2438 9700 9706
f 9693 9706 9700
f 2437 9705 9704
f 2438 9706 9705
f 2436 9704 9706
f 9705 9706 9704
f 8 6092 5799
f 1544 9707 6092
f 1469 5799 9707
f 6092 9707 5799
f 398 9708 6095
f 2439 9709 9708
f 1544 6095 9709
f 9708 9709 6095
f 378 5803 9711
f 1469 9710 5803
f 2439 9711 9710
f 5803 9710 9711
f 1544 9709 9707
f 2439 9710 9709
f 1469 9707 9710
f 9709 9710 9707
f 107 9712 6105
f 2440 9713 9712
f 1547 6105 9713
f 9712 9713 6105
f 617 9714 9716
f 2441 9715 9714
f 2440 9716 9715
f 9714 9715 9716
f 398 6110 9718
f 1547 9717 6110
f 2441 9718 9717
f 6110 9717 9718
f 2440 9715 9713
f 2441 9717 9715
f 1547 9713 9717
f 9715 9717 9713
f 101 5808 9720
f 1473 9719 5808
f 2443 9720 9719
f 5808 9719 9720
f 378 9721 5812
f 2442 9722 9721
f 1473 5812 9722
f 9721 9722 5812
f 617 9723 9725
f 2443 9724 9723
f 2442 9725 9724
f 9723 9724 9725
f 1473 9722 9719
f 2442 9724 9722
f 2443 9719 9724
f 9722 9724 9719
f 398 9718 9708
f 2441 9726 9718
f 2439 9708 9726
f 9718 9726 9708
f 617 9725 9714
f 2442 9727 9725
f 2441 9714 9727
f 9725 9727 9714
f 378 9711 9721
f 2439 9728 9711
f 2442 9721 9728
f 9711 9728 9721
f 2441 9727 9726
f 2442 9728 9727
f 2439 9726 9728
f 9727 9728 9726
f 32 9729 6143
f 2444 9730 9729
f 1557 6143 9730
f 9729 9730 6143
f 618 9731 9733
f 2445 9732 9731
f 2444 9733 9732
f 9731 9732 9733
f 401 6148 9735
f 1557 9734 6148
f 2445 9735 9734
f 6148 9734 9735
f 2444 9732 9730
f 2445 9734 9732
f 1557 9730 9734
f 9732 9734 9730
f 159 9736 9738
f 2446 9737 9736
f 2448 9738 9737
f 9736 9737 9738
f 619 9739 9741
f 2447 9740 9739
f 2446 9741 9740
f 9739 9740 9741
f 618 9742 9744
f 2448 9743 9742
f 2447 9744 9743
f 9742 9743 9744
f 2446 9740 9737
f 2447 9743 9740
f 2448 9737 9743
f 9740 9743 9737
f 107 6154 9746
f 1562 9745 6154
f 2450 9746 9745
f 6154 9745 9746
f 401 9747 6158
f 2449 9748 9747
f 1562 6158 9748
f 9747 9748 6158
f 619 9749 9751
f 2450 9750 9749
f 2449 9751 9750
f 9749 9750 9751
f 1562 9748 9745
f 2449 9750 9748
f 2450 9745 9750
f 9748 9750 9745
f 618 9744 9731
f 2447 9752 9744
f 2445 9731 9752
f 9744 9752 9731
f 619 9751 9739
f 2449 9753 9751
f 2447 9739 9753
f 9751 9753 9739
f 401 9735 9747
f 2445 9754 9735
f 2449 9747 9754
f 9735 9754 9747
f 2447 9753 9752
f 2449 9754 9753
f 2445 9752 9754
f 9753 9754 9752
f 29 5827 9756
f 1478 9755 5827
f 2452 9756 9755
f 5827 9755 9756
f 382 9757 5831
f 2451 9758 9757
f 1478 5831 9758
f 9757 9758 5831
f 621 9759 9761
f 2452 9760 9759
f 2451 9761 9760
f 9759 9760 9761
f 1478 9758 9755
f 2451 9760 9758
f 2452 9755 9760
f 9758 9760 9755
f 101 9762 5843
f 2453 9763 9762
f 1482 5843 9763
f 9762 9763 5843
f 620 9764 9766
f 2454 9765 9764
f 2453 9766 9765
f 9764 9765 9766
f 382 5848 9768
f 1482 9767 5848
f 2454 9768 9767
f 5848 9767 9768
f 2453 9765 9763
f 2454 9767 9765
f 1482 9763 9767
f 9765 9767 9763
f 159 9769 9771
f 2455 9770 9769
f 2457 9771 9770
f 9769 9770 9771
f 621 9772 9774
f 2456 9773 9772
f 2455 9774 9773
f 9772 9773 9774
f 620 9775 9777
f 2457 9776 9775
f 2456 9777 9776
f 9775 9776 9777
f 2455 9773 9770
f 2456 9776 9773
f 2457 9770 9776
f 9773 9776 9770
f 382 9768 9757
f 2454 9778 9768
f 2451 9757 9778
f 9768 9778 9757
f 620 9777 9764
f 2456 9779 9777
f 2454 9764 9779
f 9777 9779 9764
f 621 9761 9772
f 2451 9780 9761
f 2456 9772 9780
f 9761 9780 9772
f 2454 9779 9778
f 2456 9780 9779
f 2451 9778 9780
f 9779 9780 9778
f 107 9746 9712
f 2450 9781 9746
f 2440 9712 9781
f 9746 9781 9712
f 619 9782 9749
f 2458 9783 9782
f 2450 9749 9783
f 9782 9783 9749
f 617 9716 9785
f 2440 9784 9716
f 2458 9785 9784
f 9716 9784 9785
f 2450 9783 9781
f 2458 9784 9783
f 2440 9781 9784
f 9783 9784 9781
f 159 9771 9736
f 2457 9786 9771
f 2446 9736 9786
f 9771 9786 9736
f 620 9787 9775
f 2459 9788 9787
f 2457 9775 9788
f 9787 9788 9775
f 619 9741 9790
f 2446 9789 9741
f 2459 9790 9789
f 9741 9789 9790
f 2457 9788 9786
f 2459 9789 9788
f 2446 9786 9789
f 9788 9789 9786
f 101 9720 9762
f 2443 9791 9720
f 2453 9762 9791
f 9720 9791 9762
f 617 9792 9723
f 2460 9793 9792
f 2443 9723 9793
f 9792 9793 9723
f 620 9766 9795
f 2453 9794 9766
f 2460 9795 9794
f 9766 9794 9795
f 2443 9793 9791
f 2460 9794 9793
f 2453 9791 9794
f 9793 9794 9791
f 619 9790 9782
f 2459 9796 9790
f 2458 9782 9796
f 9790 9796 9782
f 620 9795 9787
f 2460 9797 9795
f 2459 9787 9797
f 9795 9797 9787
f 617 9785 9792
f 2458 9798 9785
f 2460 9792 9798
f 9785 9798 9792
f 2459 9797 9796
f 2460 9798 9797
f 2458 9796 9798
f 9797 9798 9796
f 40 9664 9545
f 2430 9799 9664
f 2400 9545 9799
f 9664 9799 9545
f 616 9800 9667
f 2461 9801 9800
f 2430 9667 9801
f 9800 9801 9667
f 608 9549 9803
f 2400 9802 9549
f 2461 9803 9802
f 9549 9802 9803
f 2430 9801 9799
f 2461 9802 9801
f 2400 9799 9802
f 9801 9802 9799
f 158 9804 9677
f 2462 9805 9804
f 2433 9677 9805
f 9804 9805 9677
f 622 9806 9808
f 2463 9807 9806
f 2462 9808 9807
f 9806 9807 9808
f 616 9682 9810
f 2433 9809 9682
f 2463 9810 9809
f 9682 9809 9810
f 2462 9807 9805
f 2463 9809 9807
f 2433 9805 9809
f 9807 9809 9805
f 157 9554 9812
f 2404 9811 9554
f 2465 9812 9811
f 9554 9811 9812
f 608 9813 9558
f 2464 9814 9813
f 2404 9558 9814
f 9813 9814 9558
f 622 9815 9817
f 2465 9816 9815
f 2464 9817 9816
f 9815 9816 9817
f 2404 9814 9811
f 2464 9816 9814
f 2465 9811 9816
f 9814 9816 9811
f 616 9810 9800
f 2463 9818 9810
f 2461 9800 9818
f 9810 9818 9800
f 622 9817 9806
f 2464 9819 9817
f 2463 9806 9819
f 9817 9819 9806
f 608 9803 9813
f 2461 9820 9803
f 2464 9813 9820
f 9803 9820 9813
f 2463 9819 9818
f 2464 9820 9819
f 2461 9818 9820
f 9819 9820 9818
f 29 9756 9637
f 2452 9821 9756
f 2422 9637 9821
f 9756 9821 9637
f 621 9822 9759
f 2466 9823 9822
f 2452 9759 9823
f 9822 9823 9759
f 613 9641 9825
f 2422 9824 9641
f 2466 9825 9824
f 9641 9824 9825
f 2452 9823 9821
f 2466 9824 9823
f 2422 9821 9824
f 9823 9824 9821
f 159 9826 9769
f 2467 9827 9826
f 2455 9769 9827
f 9826 9827 9769
f 623 9828 9830
f 2468 9829 9828
f 2467 9830 9829
f 9828 9829 9830
f 621 9774 9832
f 2455 9831 9774
f 2468 9832 9831
f 9774 9831 9832
f 2467 9829 9827
f 2468 9831 9829
f 2455 9827 9831
f 9829 9831 9827
f 158 9646 9834
f 2426 9833 9646
f 2470 9834 9833
f 9646 9833 9834
f 613 9835 9650
f 2469 9836 9835
f 2426 9650 9836
f 9835 9836 9650
f 623 9837 9839
f 2470 9838 9837
f 2469 9839 9838
f 9837 9838 9839
f 2426 9836 9833
f 2469 9838 9836
f 2470 9833 9838
f 9836 9838 9833
f 621 9832 9822
f 2468 9840 9832
f 2466 9822 9840
f 9832 9840 9822
f 623 9839 9828
f 2469 9841 9839
f 2468 9828 9841
f 9839 9841 9828
f 613 9825 9835
f 2466 9842 9825
f 2469 9835 9842
f 9825 9842 9835
f 2468 9841 9840
f 2469 9842 9841
f 2466 9840 9842
f 9841 9842 9840
f 32 9572 9729
f 2408 9843 9572
f 2444 9729 9843
f 9572 9843 9729
f 611 9844 9575
f 2471 9845 9844
f 2408 9575 9845
f 9844 9845 9575
f 618 9733 9847
f 2444 9846 9733
f 2471 9847 9846
f 9733 9846 9847
f 2408 9845 9843
f 2471 9846 9845
f 2444 9843 9846
f 9845 9846 9843
f 157 9848 9585
f 2472 9849 9848
f 2411 9585 9849
f 9848 9849 9585
f 624 9850 9852
f 2473 9851 9850
f 2472 9852 9851
f 9850 9851 9852
f 611 9590 9854
f 2411 9853 9590
f 2473 9854 9853
f 9590 9853 9854
f 2472 9851 9849
f 2473 9853 9851
f 2411 9849 9853
f 9851 9853 9849
f 159 9738 9856
f 2448 9855 9738
f 2475 9856 9855
f 9738 9855 9856
f 618 9857 9742
f 2474 9858 9857
f 2448 9742 9858
f 9857 9858 9742
f 624 9859 9861
f 2475 9860 9859
f 2474 9861 9860
f 9859 9860 9861
f 2448 9858 9855
f 2474 9860 9858
f 2475 9855 9860
f 9858 9860 9855
f 611 9854 9844
f 2473 9862 9854
f 2471 9844 9862
f 9854 9862 9844
f 624 9861 9850
f 2474 9863 9861
f 2473 9850 9863
f 9861 9863 9850
f 618 9847 9857
f 2471 9864 9847
f 2474 9857 9864
f 9847 9864 9857
f 2473 9863 9862
f 2474 9864 9863
f 2471 9862 9864
f 9863 9864 9862
f 158 9834 9804
f 2470 9865 9834
f 2462 9804 9865
f 9834 9865 9804
f 623 9866 9837
f 2476 9867 9866
f 2470 9837 9867
f 9866 9867 9837
f 622 9808 9869
f 2462 9868 9808
f 2476 9869 9868
f 9808 9868 9869
f 2470 9867 9865
f 2476 9868 9867
f 2462 9865 9868
f 9867 9868 9865
f 159 9856 9826
f 2475 9870 9856
f 2467 9826 9870
f 9856 9870 9826
f 624 9871 9859
f 2477 9872 9871
f 2475 9859 9872
f 9871 9872 9859
f 623 9830 9874
f 2467 9873 9830
f 2477 9874 9873
f 9830 9873 9874
f 2475 9872 9870
f 2477 9873 9872
f 2467 9870 9873
f 9872 9873 9870
f 157 9812 9848
f 2465 9875 9812
f 2472 9848 9875
f 9812 9875 9848
f 622 9876 9815
f 2478 9877 9876
f 2465 9815 9877
f 9876 9877 9815
f 624 9852 9879
f 2472 9878 9852
f 2478 9879 9878
f 9852 9878 9879
f 2465 9877 9875
f 2478 9878 9877
f 2472 9875 9878
f 9877 9878 9875
f 623 9874 9866
f 2477 9880 9874
f 2476 9866 9880
f 9874 9880 9866
f 624 9879 9871
f 2478 9881 9879
f 2477 9871 9881
f 9879 9881 9871
f 622 9869 9876
f 2476 9882 9869
f 2478 9876 9882
f 9869 9882 9876
f 2477 9881 9880
f 2478 9882 9881
f 2476 9880 9882
f 9881 9882 9880
f 10 8260 4723
f 2100 9883 8260
f 1195 4723 9883
f 8260 9883 4723
f 544 9884 8263
f 2479 9885 9884
f 2100 8263 9885
f 9884 9885 8263
f 307 4728 9887
f 1195 9886 4728
f 2479 9887 9886
f 4728 9886 9887
f 2100 9885 9883
f 2479 9886 9885
f 1195 9883 9886
f 9885 9886 9883
f 147 9888 8273
f 2480 9889 9888
f 2103 8273 9889
f 9888 9889 8273
f 625 9890 9892
f 2481 9891 9890
f 2480 9892 9891
f 9890 9891 9892
f 544 8278 9894
f 2103 9893 8278
f 2481 9894 9893
f 8278 9893 9894
f 2480 9891 9889
f 2481 9893 9891
f 2103 9889 9893
f 9891 9893 9889
f 82 4734 9896
f 1200 9895 4734
f 2483 9896 9895
f 4734 9895 9896
f 307 9897 4738
f 2482 9898 9897
f 1200 4738 9898
f 9897 9898 4738
f 625 9899 9901
f 2483 9900 9899
f 2482 9901 9900
f 9899 9900 9901
f 1200 9898 9895
f 2482 9900 9898
f 2483 9895 9900
f 9898 9900 9895
f 544 9894 9884
f 2481 9902 9894
f 2479 9884 9902
f 9894 9902 9884
f 625 9901 9890
f 2482 9903 9901
f 2481 9890 9903
f 9901 9903 9890
f 307 9887 9897
f 2479 9904 9887
f 2482 9897 9904
f 9887 9904 9897
f 2481 9903 9902
f 2482 9904 9903
f 2479 9902 9904
f 9903 9904 9902
f 42 9905 8311
f 2484 9906 9905
f 2113 8311 9906
f 9905 9906 8311
f 626 9907 9909
f 2485 9908 9907
f 2484 9909 9908
f 9907 9908 9909
f 547 8316 9911
f 2113 9910 8316
f 2485 9911 9910
f 8316 9910 9911
f 2484 9908 9906
f 2485 9910 9908
f 2113 9906 9910
f 9908 9910 9906
f 160 9912 9914
f 2486 9913 9912
f 2488 9914 9913
f 9912 9913 9914
f 627 9915 9917
f 2487 9916 9915
f 2486 9917 9916
f 9915 9916 9917
f 626 9918 9920
f 2488 9919 9918
f 2487 9920 9919
f 9918 9919 9920
f 2486 9916 9913
f 2487 9919 9916
f 2488 9913 9919
f 9916 9919 9913
f 147 8322 9922
f 2118 9921 8322
f 2490 9922 9921
f 8322 9921 9922
f 547 9923 8326
f 2489 9924 9923
f 2118 8326 9924
f 9923 9924 8326
f 627 9925 9927
f 2490 9926 9925
f 2489 9927 9926
f 9925 9926 9927
f 2118 9924 9921
f 2489 9926 9924
f 2490 9921 9926
f 9924 9926 9921
f 626 9920 9907
f 2487 9928 9920
f 2485 9907 9928
f 9920 9928 9907
f 627 9927 9915
f 2489 9929 9927
f 2487 9915 9929
f 9927 9929 9915
f 547 9911 9923
f 2485 9930 9911
f 2489 9923 9930
f 9911 9930 9923
f 2487 9929 9928
f 2489 9930 9929
f 2485 9928 9930
f 9929 9930 9928
f 24 4755 9932
f 1206 9931 4755
f 2492 9932 9931
f 4755 9931 9932
f 312 9933 4759
f 2491 9934 9933
f 1206 4759 9934
f 9933 9934 4759
f 629 9935 9937
f 2492 9936 9935
f 2491 9937 9936
f 9935 9936 9937
f 1206 9934 9931
f 2491 9936 9934
f 2492 9931 9936
f 9934 9936 9931
f 82 9938 4771
f 2493 9939 9938
f 1210 4771 9939
f 9938 9939 4771
f 628 9940 9942
f 2494 9941 9940
f 2493 9942 9941
f 9940 9941 9942
f 312 4776 9944
f 1210 9943 4776
f 2494 9944 9943
f 4776 9943 9944
f 2493 9941 9939
f 2494 9943 9941
f 1210 9939 9943
f 9941 9943 9939
f 160 9945 9947
f 2495 9946 9945
f 2497 9947 9946
f 9945 9946 9947
f 629 9948 9950
f 2496 9949 9948
f 2495 9950 9949
f 9948 9949 9950
f 628 9951 9953
f 2497 9952 9951
f 2496 9953 9952
f 9951 9952 9953
f 2495 9949 9946
f 2496 9952 9949
f 2497 9946 9952
f 9949 9952 9946
f 312 9944 9933
f 2494 9954 9944
f 2491 9933 9954
f 9944 9954 9933
f 628 9953 9940
f 2496 9955 9953
f 2494 9940 9955
f 9953 9955 9940
f 629 9937 9948
f 2491 9956 9937
f 2496 9948 9956
f 9937 9956 9948
f 2494 9955 9954
f 2496 9956 9955
f 2491 9954 9956
f 9955 9956 9954
f 147 9922 9888
f 2490 9957 9922
f 2480 9888 9957
f 9922 9957 9888
f 627 9958 9925
f 2498 9959 9958
f 2490 9925 9959
f 9958 9959 9925
f 625 9892 9961
f 2480 9960 9892
f 2498 9961 9960
f 9892 9960 9961
f 2490 9959 9957
f 2498 9960 9959
f 2480 9957 9960
f 9959 9960 9957
f 160 9947 9912
f 2497 9962 9947
f 2486 9912 9962
f 9947 9962 9912
f 628 9963 9951
f 2499 9964 9963
f 2497 9951 9964
f 9963 9964 9951
f 627 9917 9966
f 2486 9965 9917
f 2499 9966 9965
f 9917 9965 9966
f 2497 9964 9962
f 2499 9965 9964
f 2486 9962 9965
f 9964 9965 9962
f 82 9896 9938
f 2483 9967 9896
f 2493 9938 9967
f 9896 9967 9938
f 625 9968 9899
f 2500 9969 9968
f 2483 9899 9969
f 9968 9969 9899
f 628 9942 9971
f 2493 9970 9942
f 2500 9971 9970
f 9942 9970 9971
f 2483 9969 9967
f 2500 9970 9969
f 2493 9967 9970
f 9969 9970 9967
f 627 9966 9958
f 2499 9972 9966
f 2498 9958 9972
f 9966 9972 9958
f 628 9971 9963
f 2500 9973 9971
f 2499 9963 9973
f 9971 9973 9963
f 625 9961 9968
f 2498 9974 9961
f 2500 9968 9974
f 9961 9974 9968
f 2499 9973 9972
f 2500 9974 9973
f 2498 9972 9974
f 9973 9974 9972
f 9 6293 8159
f 1597 9975 6293
f 2073 8159 9975
f 6293 9975 8159
f 413 9976 6297
f 2501 9977 9976
f 1597 6297 9977
f 9976 9977 6297
f 536 8163 9979
f 2073 9978 8163
f 2501 9979 9978
f 8163 9978 9979
f 1597 9977 9975
f 2501 9978 9977
f 2073 9975 9978
f 9977 9978 9975
f 112 9980 6309
f 2502 9981 9980
f 1601 6309 9981
f 9980 9981 6309
f 630 9982 9984
f 2503 9983 9982
f 2502 9984 9983
f 9982 9983 9984
f 413 6314 9986
f 1601 9985 6314
f 2503 9986 9985
f 6314 9985 9986
f 2502 9983 9981
f 2503 9985 9983
f 1601 9981 9985
f 9983 9985 9981
f 144 8168 9988
f 2077 9987 8168
f 2505 9988 9987
f 8168 9987 9988
f 536 9989 8172
f 2504 9990 9989
f 2077 8172 9990
f 9989 9990 8172
f 630 9991 9993
f 2505 9992 9991
f 2504 9993 9992
f 9991 9992 9993
f 2077 9990 9987
f 2504 9992 9990
f 2505 9987 9992
f 9990 9992 9987
f 413 9986 9976
f 2503 9994 9986
f 2501 9976 9994
f 9986 9994 9976
f 630 9993 9982
f 2504 9995 9993
f 2503 9982 9995
f 9993 9995 9982
f 536 9979 9989
f 2501 9996 9979
f 2504 9989 9996
f 9979 9996 9989
f 2503 9995 9994
f 2504 9996 9995
f 2501 9994 9996
f 9995 9996 9994
f 31 9997 6351
f 2506 9998 9997
f 1613 6351 9998
f 9997 9998 6351
f 631 9999 10001
f 2507 10000 9999
f 2506 10001 10000
f 9999 10000 10001
f 417 6356 10003
f 1613 10002 6356
f 2507 10003 10002
f 6356 10002 10003
f 2506 10000 9998
f 2507 10002 10000
f 1613 9998 10002
f 10000 10002 9998
f 161 10004 10006
f 2508 10005 10004
f 2510 10006 10005
f 10004 10005 10006
f 632 10007 10009
f 2509 10008 10007
f 2508 10009 10008
f 10007 10008 10009
f 631 10010 10012
f 2510 10011 10010
f 2509 10012 10011
f 10010 10011 10012
f 2508 10008 10005
f 2509 10011 10008
f 2510 10005 10011
f 10008 10011 10005
f 112 6362 10014
f 1618 10013 6362
f 2512 10014 10013
f 6362 10013 10014
f 417 10015 6366
f 2511 10016 10015
f 1618 6366 10016
f 10015 10016 6366
f 632 10017 10019
f 2512 10018 10017
f 2511 10019 10018
f 10017 10018 10019
f 1618 10016 10013
f 2511 10018 10016
f 2512 10013 10018
f 10016 10018 10013
f 631 10012 9999
f 2509 10020 10012
f 2507 9999 10020
f 10012 10020 9999
f 632 10019 10007
f 2511 10021 10019
f 2509 10007 10021
f 10019 10021 10007
f 417 10003 10015
f 2507 10022 10003
f 2511 10015 10022
f 10003 10022 10015
f 2509 10021 10020
f 2511 10022 10021
f 2507 10020 10022
f 10021 10022 10020
f 42 8187 10024
f 2082 10023 8187
f 2514 10024 10023
f 8187 10023 10024
f 540 10025 8191
f 2513 10026 10025
f 2082 8191 10026
f 10025 10026 8191
f 634 10027 10029
f 2514 10028 10027
f 2513 10029 10028
f 10027 10028 10029
f 2082 10026 10023
f 2513 10028 10026
f 2514 10023 10028
f 10026 10028 10023
f 144 10030 8203
f 2515 10031 10030
f 2086 8203 10031
f 10030 10031 8203
f 633 10032 10034
f 2516 10033 10032
f 2515 10034 10033
f 10032 10033 10034
f 540 8208 10036
f 2086 10035 8208
f 2516 10036 10035
f 8208 10035 10036
f 2515 10033 10031
f 2516 10035 10033
f 2086 10031 10035
f 10033 10035 10031
f 161 10037 10039
f 2517 10038 10037
f 2519 10039 10038
f 10037 10038 10039
f 634 10040 10042
f 2518 10041 10040
f 2517 10042 10041
f 10040 10041 10042
f 633 10043 10045
f 2519 10044 10043
f 2518 10045 10044
f 10043 10044 10045
f 2517 10041 10038
f 2518 10044 10041
f 2519 10038 10044
f 10041 10044 10038
f 540 10036 10025
f 2516 10046 10036
f 2513 10025 10046
f 10036 10046 10025
f 633 10045 10032
f 2518 10047 10045
f 2516 10032 10047
f 10045 10047 10032
f 634 10029 10040
f 2513 10048 10029
f 2518 10040 10048
f 10029 10048 10040
f 2516 10047 10046
f 2518 10048 10047
f 2513 10046 10048
f 10047 10048 10046
f 112 10014 9980
f 2512 10049 10014
f 2502 9980 10049
f 10014 10049 9980
f 632 10050 10017
f 2520 10051 10050
f 2512 10017 10051
f 10050 10051 10017
f 630 9984 10053
f 2502 10052 9984
f 2520 10053 10052
f 9984 10052 10053
f 2512 10051 10049
f 2520 10052 10051
f 2502 10049 10052
f 10051 10052 10049
f 161 10039 10004
f 2519 10054 10039
f 2508 10004 10054
f 10039 10054 10004
f 633 10055 10043
f 2521 10056 10055
f 2519 10043 10056
f 10055 10056 10043
f 632 10009 10058
f 2508 10057 10009
f 2521 10058 10057
f 10009 10057 10058
f 2519 10056 10054
f 2521 10057 10056
f 2508 10054 10057
f 10056 10057 10054
f 144 9988 10030
f 2505 10059 9988
f 2515 10030 10059
f 9988 10059 10030
f 630 10060 9991
f 2522 10061 10060
f 2505 9991 10061
f 10060 10061 9991
f 633 10034 10063
f 2515 10062 10034
f 2522 10063 10062
f 10034 10062 10063
f 2505 10061 10059
f 2522 10062 10061
f 2515 10059 10062
f 10061 10062 10059
f 632 10058 10050
f 2521 10064 10058
f 2520 10050 10064
f 10058 10064 10050
f 633 10063 10055
f 2522 10065 10063
f 2521 10055 10065
f 10063 10065 10055
f 630 10053 10060
f 2520 10066 10053
f 2522 10060 10066
f 10053 10066 10060
f 2521 10065 10064
f 2522 10066 10065
f 2520 10064 10066
f 10065 10066 10064
f 2 4524 6191
f 1144 10067 4524
f 1569 6191 10067
f 4524 10067 6191
f 294 10068 4527
f 2523 10069 10068
f 1144 4527 10069
f 10068 10069 4527
f 404 6195 10071
f 1569 10070 6195
f 2523 10071 10070
f 6195 10070 10071
f 1144 10069 10067
f 2523 10070 10069
f 1569 10067 10070
f 10069 10070 10067
f 79 10072 4537
f 2524 10073 10072
f 1147 4537 10073
f 10072 10073 4537
f 635 10074 10076
f 2525 10075 10074
f 2524 10076 10075
f 10074 10075 10076
f 294 4542 10078
f 1147 10077 4542
f 2525 10078 10077
f 4542 10077 10078
f 2524 10075 10073
f 2525 10077 10075
f 1147 10073 10077
f 10075 10077 10073
f 108 6200 10080
f 1573 10079 6200
f 2527 10080 10079
f 6200 10079 10080
f 404 10081 6204
f 2526 10082 10081
f 1573 6204 10082
f 10081 10082 6204
f 635 10083 10085
f 2527 10084 10083
f 2526 10085 10084
f 10083 10084 10085
f 1573 10082 10079
f 2526 10084 10082
f 2527 10079 10084
f 10082 10084 10079
f 294 10078 10068
f 2525 10086 10078
f 2523 10068 10086
f 10078 10086 10068
f 635 10085 10074
f 2526 10087 10085
f 2525 10074 10087
f 10085 10087 10074
f 404 10071 10081
f 2523 10088 10071
f 2526 10081 10088
f 10071 10088 10081
f 2525 10087 10086
f 2526 10088 10087
f 2523 10086 10088
f 10087 10088 10086
f 24 10089 4575
f 2528 10090 10089
f 1157 4575 10090
f 10089 10090 4575
f 636 10091 10093
f 2529 10092 10091
f 2528 10093 10092
f 10091 10092 10093
f 297 4580 10095
f 1157 10094 4580
f 2529 10095 10094
f 4580 10094 10095
f 2528 10092 10090
f 2529 10094 10092
f 1157 10090 10094
f 10092 10094 10090
f 162 10096 10098
f 2530 10097 10096
f 2532 10098 10097
f 10096 10097 10098
f 637 10099 10101
f 2531 10100 10099
f 2530 10101 10100
f 10099 10100 10101
f 636 10102 10104
f 2532 10103 10102
f 2531 10104 10103
f 10102 10103 10104
f 2530 10100 10097
f 2531 10103 10100
f 2532 10097 10103
f 10100 10103 10097
f 79 4586 10106
f 1162 10105 4586
f 2534 10106 10105
f 4586 10105 10106
f 297 10107 4590
f 2533 10108 10107
f 1162 4590 10108
f 10107 10108 4590
f 637 10109 10111
f 2534 10110 10109
f 2533 10111 10110
f 10109 10110 10111
f 1162 10108 10105
f 2533 10110 10108
f 2534 10105 10110
f 10108 10110 10105
f 636 10104 10091
f 2531 10112 10104
f 2529 10091 10112
f 10104 10112 10091
f 637 10111 10099
f 2533 10113 10111
f 2531 10099 10113
f 10111 10113 10099
f 297 10095 10107
f 2529 10114 10095
f 2533 10107 10114
f 10095 10114 10107
f 2531 10113 10112
f 2533 10114 10113
f 2529 10112 10114
f 10113 10114 10112
f 31 6219 10116
f 1578 10115 6219
f 2536 10116 10115
f 6219 10115 10116
f 408 10117 6223
f 2535 10118 10117
f 1578 6223 10118
f 10117 10118 6223
f 639 10119 10121
f 2536 10120 10119
f 2535 10121 10120
f 10119 10120 10121
f 1578 10118 10115
f 2535 10120 10118
f 2536 10115 10120
f 10118 10120 10115
f 108 10122 6235
f 2537 10123 10122
f 1582 6235 10123
f 10122 10123 6235
f 638 10124 10126
f 2538 10125 10124
f 2537 10126 10125
f 10124 10125 10126
f 408 6240 10128
f 1582 10127 6240
f 2538 10128 10127
f 6240 10127 10128
f 2537 10125 10123
f 2538 10127 10125
f 1582 10123 10127
f 10125 10127 10123
f 162 10129 10131
f 2539 10130 10129
f 2541 10131 10130
f 10129 10130 10131
f 639 10132 10134
f 2540 10133 10132
f 2539 10134 10133
f 10132 10133 10134
f 638 10135 10137
f 2541 10136 10135
f 2540 10137 10136
f 10135 10136 10137
f 2539 10133 10130
f 2540 10136 10133
f 2541 10130 10136
f 10133 10136 10130
f 408 10128 10117
f 2538 10138 10128
f 2535 10117 10138
f 10128 10138 10117
f 638 10137 10124
f 2540 10139 10137
f 2538 10124 10139
f 10137 10139 10124
f 639 10121 10132
f 2535 10140 10121
f 2540 10132 10140
f 10121 10140 10132
f 2538 10139 10138
f 2540 10140 10139
f 2535 10138 10140
f 10139 10140 10138
f 79 10106 10072
f 2534 10141 10106
f 2524 10072 10141
f 10106 10141 10072
f 637 10142 10109
f 2542 10143 10142
f 2534 10109 10143
f 10142 10143 10109
f 635 10076 10145
f 2524 10144 10076
f 2542 10145 10144
f 10076 10144 10145
f 2534 10143 10141
f 2542 10144 10143
f 2524 10141 10144
f 10143 10144 10141
f 162 10131 10096
f 2541 10146 10131
f 2530 10096 10146
f 10131 10146 10096
f 638 10147 10135
f 2543 10148 10147
f 2541 10135 10148
f 10147 10148 10135
f 637 10101 10150
f 2530 10149 10101
f 2543 10150 10149
f 10101 10149 10150
f 2541 10148 10146
f 2543 10149 10148
f 2530 10146 10149
f 10148 10149 10146
f 108 10080 10122
f 2527 10151 10080
f 2537 10122 10151
f 10080 10151 10122
f 635 10152 10083
f 2544 10153 10152
f 2527 10083 10153
f 10152 10153 10083
f 638 10126 10155
f 2537 10154 10126
f 2544 10155 10154
f 10126 10154 10155
f 2527 10153 10151
f 2544 10154 10153
f 2537 10151 10154
f 10153 10154 10151
f 637 10150 10142
f 2543 10156 10150
f 2542 10142 10156
f 10150 10156 10142
f 638 10155 10147
f 2544 10157 10155
f 2543 10147 10157
f 10155 10157 10147
f 635 10145 10152
f 2542 10158 10145
f 2544 10152 10158
f 10145 10158 10152
f 2543 10157 10156
f 2544 10158 10157
f 2542 10156 10158
f 10157 10158 10156
f 42 10024 9905
f 2514 10159 10024
f 2484 9905 10159
f 10024 10159 9905
f 634 10160 10027
f 2545 10161 10160
f 2514 10027 10161
f 10160 10161 10027
f 626 9909 10163
f 2484 10162 9909
f 2545 10163 10162
f 9909 10162 10163
f 2514 10161 10159
f 2545 10162 10161
f 2484 10159 10162
f 10161 10162 10159
f 161 10164 10037
f 2546 10165 10164
f 2517 10037 10165
f 10164 10165 10037
f 640 10166 10168
f 2547 10167 10166
f 2546 10168 10167
f 10166 10167 10168
f 634 10042 10170
f 2517 10169 10042
f 2547 10170 10169
f 10042 10169 10170
f 2546 10167 10165
f 2547 10169 10167
f 2517 10165 10169
f 10167 10169 10165
f 160 9914 10172
f 2488 10171 9914
f 2549 10172 10171
f 9914 10171 10172
f 626 10173 9918
f 2548 10174 10173
f 2488 9918 10174
f 10173 10174 9918
f 640 10175 10177
f 2549 10176 10175
f 2548 10177 10176
f 10175 10176 10177
f 2488 10174 10171
f 2548 10176 10174
f 2549 10171 10176
f 10174 10176 10171
f 634 10170 10160
f 2547 10178 10170
f 2545 10160 10178
f 10170 10178 10160
f 640 10177 10166
f 2548 10179 10177
f 2547 10166 10179
f 10177 10179 10166
f 626 10163 10173
f 2545 10180 10163
f 2548 10173 10180
f 10163 10180 10173
f 2547 10179 10178
f 2548 10180 10179
f 2545 10178 10180
f 10179 10180 10178
f 31 10116 9997
f 2536 10181 10116
f 2506 9997 10181
f 10116 10181 9997
f 639 10182 10119
f 2550 10183 10182
f 2536 10119 10183
f 10182 10183 10119
f 631 10001 10185
f 2506 10184 10001
f 2550 10185 10184
f 10001 10184 10185
f 2536 10183 10181
f 2550 10184 10183
f 2506 10181 10184
f 10183 10184 10181
f 162 10186 10129
f 2551 10187 10186
f 2539 10129 10187
f 10186 10187 10129
f 641 10188 10190
f 2552 10189 10188
f 2551 10190 10189
f 10188 10189 10190
f 639 10134 10192
f 2539 10191 10134
f 2552 10192 10191
f 10134 10191 10192
f 2551 10189 10187
f 2552 10191 10189
f 2539 10187 10191
f 10189 10191 10187
f 161 10006 10194
f 2510 10193 10006
f 2554 10194 10193
f 10006 10193 10194
f 631 10195 10010
f 2553 10196 10195
f 2510 10010 10196
f 10195 10196 10010
f 641 10197 10199
f 2554 10198 10197
f 2553 10199 10198
f 10197 10198 10199
f 2510 10196 10193
f 2553 10198 10196
f 2554 10193 10198
f 10196 10198 10193
f 639 10192 10182
f 2552 10200 10192
f 2550 10182 10200
f 10192 10200 10182
f 641 10199 10188
f 2553 10201 10199
f 2552 10188 10201
f 10199 10201 10188
f 631 10185 10195
f 2550 10202 10185
f 2553 10195 10202
f 10185 10202 10195
f 2552 10201 10200
f 2553 10202 10201
f 2550 10200 10202
f 10201 10202 10200
f 24 9932 10089
f 2492 10203 9932
f 2528 10089 10203
f 9932 10203 10089
f 629 10204 9935
f 2555 10205 10204
f 2492 9935 10205
f 10204 10205 9935
f 636 10093 10207
f 2528 10206 10093
f 2555 10207 10206
f 10093 10206 10207
f 2492 10205 10203
f 2555 10206 10205
f 2528 10203 10206
f 10205 10206 10203
f 160 10208 9945
f 2556 10209 10208
f 2495 9945 10209
f 10208 10209 9945
f 642 10210 10212
f 2557 10211 10210
f 2556 10212 10211
f 10210 10211 10212
f 629 9950 10214
f 2495 10213 9950
f 2557 10214 10213
f 9950 10213 10214
f 2556 10211 10209
f 2557 10213 10211
f 2495 10209 10213
f 10211 10213 10209
f 162 10098 10216
f 2532 10215 10098
f 2559 10216 10215
f 10098 10215 10216
f 636 10217 10102
f 2558 10218 10217
f 2532 10102 10218
f 10217 10218 10102
f 642 10219 10221
f 2559 10220 10219
f 2558 10221 10220
f 10219 10220 10221
f 2532 10218 10215
f 2558 10220 10218
f 2559 10215 10220
f 10218 10220 10215
f 629 10214 10204
f 2557 10222 10214
f 2555 10204 10222
f 10214 10222 10204
f 642 10221 10210
f 2558 10223 10221
f 2557 10210 10223
f 10221 10223 10210
f 636 10207 10217
f 2555 10224 10207
f 2558 10217 10224
f 10207 10224 10217
f 2557 10223 10222
f 2558 10224 10223
f 2555 10222 10224
f 10223 10224 10222
f 161 10194 10164
f 2554 10225 10194
f 2546 10164 10225
f 10194 10225 10164
f 641 10226 10197
f 2560 10227 10226
f 2554 10197 10227
f 10226 10227 10197
f 640 10168 10229
f 2546 10228 10168
f 2560 10229 10228
f 10168 10228 10229
f 2554 10227 10225
f 2560 10228 10227
f 2546 10225 10228
f 10227 10228 10225
f 162 10216 10186
f 2559 10230 10216
f 2551 10186 10230
f 10216 10230 10186
f 642 10231 10219
f 2561 10232 10231
f 2559 10219 10232
f 10231 10232 10219
f 641 10190 10234
f 2551 10233 10190
f 2561 10234 10233
f 10190 10233 10234
f 2559 10232 10230
f 2561 10233 10232
f 2551 10230 10233
f 10232 10233 10230
f 160 10172 10208
f 2549 10235 10172
f 2556 10208 10235
f 10172 10235 10208
f 640 10236 10175
f 2562 10237 10236
f 2549 10175 10237
f 10236 10237 10175
f 642 10212 10239
f 2556 10238 10212
f 2562 10239 10238
f 10212 10238 10239
f 2549 10237 10235
f 2562 10238 10237
f 2556 10235 10238
f 10237 10238 10235
f 641 10234 10226
f 2561 10240 10234
f 2560 10226 10240
f 10234 10240 10226
f 642 10239 10231
f 2562 10241 10239
f 2561 10231 10241
f 10239 10241 10231
f 640 10229 10236
f 2560 10242 10229
f 2562 10236 10242
f 10229 10242 10236
f 2561 10241 10240
f 2562 10242 10241
f 2560 10240 10242
f 10241 10242 10240
