# FBMS mesh reconstructed from Steklov eigenspace
v 0.008955688309115797 0.670019308239952 -0.7394184715927415
v 0.008272422447959182 0.6188714777739011 -0.6769937415714675
v 0.007692194224250814 0.5784917709067926 -0.6140834548595925
v 0.007202708845804827 0.5476082071025713 -0.550637422442431
v 0.006794629035263477 0.5252677405893083 -0.4867258807898908
v 0.006459562827916089 0.5106558852029689 -0.4224925073069665
v 0.006189942001863962 0.5030662355885032 -0.3581312136209445
v 0.005978993285977778 0.5018830966636527 -0.2938750062106576
v 0.00582093537314115 0.5065950594160358 -0.229998723073419
v 0.005711393078878675 0.5168107211949873 -0.1668228660492884
v 0.005647577086910581 0.5322468448340887 -0.1047052330639388
v 0.005628802246222722 0.5528223933110094 -0.04404504868332727
v 0.005657008333084754 0.5786371665575797 0.01469526377701645
v 0.0057358104679761 0.6099019256787953 0.07102714474748723
v 0.005870688661551624 0.6469475932000301 0.1244380120535523
v 0.006068995678684057 0.6902065792407132 0.1743954730653705
v 0.00634016473423943 0.7401968565811551 0.2203512245821155
v 0.00669593468368599 0.7975407636155897 0.2617406319098968
v 0.007148944203941297 0.8629993536793583 0.2979856576990657
v 0.007696429625564431 0.9376676897579358 0.3284297451196272
v -0.07904491653151119 0.9335687497663044 0.3317579584700273
v -0.1630714170397864 0.9193054177450505 0.3414556470931132
v -0.241908281180167 0.8957655191380126 0.3573601472144067
v -0.3134282887170637 0.8644552075430491 0.3790951853367868
v -0.3761403644180781 0.8270465291190773 0.4061474270129047
v -0.4290363398377411 0.7848072624099959 0.4380355340312726
v -0.4711748078200209 0.7393307526885338 0.4741706217127111
v -0.5020406812995659 0.6919596429375934 0.5139172341164236
v -0.5213614406025642 0.6438117377780834 0.5566215819629737
v -0.5290590197259427 0.5958054004242879 0.601643045733796
v -0.5001693770438648 0.5570526745816217 0.5623260991916025
v -0.4823054717917349 0.5181896478174589 0.5223938769960714
v -0.4749051651839402 0.4800891742306438 0.482790985695517
v -0.4773275608836063 0.4435400972763121 0.4443688781721943
v -0.4888327859816673 0.4092528339854344 0.4079014899813272
v -0.5086111102124204 0.3778665063749359 0.3740924283635639
v -0.5358066776387999 0.3499562878323458 0.3435817690886671
v -0.5695379259563056 0.3260339148986072 0.3169473974487233
v -0.6088987130789529 0.3065342016975119 0.2946894137916428
v -0.6530212439266959 0.2918995329750532 0.2773186894628314
v -0.7011042415653971 0.2825526709326511 0.2653233972949457
v -0.7523318553543376 0.2788721490382193 0.2591450065513642
v -0.8058943071497852 0.2812096296757889 0.2591935263551867
v -0.8609795451765102 0.2898917429674033 0.2658468601636332
v -0.916747926483328 0.3052090336473378 0.2794378714700374
v -0.914236452153958 0.3450461240866664 0.2344658268638154
v -0.9118956712193074 0.3772544039662162 0.1831892287155835
v -0.9096966653780855 0.4013033691874194 0.1266687207197212
v -0.9075852101151255 0.4167361204073003 0.06612619225857504
v -0.9054944955364983 0.4232439074698255 0.002971847454999985
v -0.9033792133180485 0.4207229894109079 -0.0612052098372179
v -0.9012593425103751 0.409352491297186 -0.1246658598038706
v -0.899211797554055 0.3895420663947258 -0.1858676635351889
v -0.897347015815292 0.3617487312184929 -0.2432660217310831
v -0.8958449827083805 0.3267021986608321 -0.2953506373807655
v -0.8948896730476401 0.285258470305435 -0.340894056166702
v -0.8946274041821037 0.2383241236220798 -0.3789174303107612
v -0.8951414745224173 0.1868138604015296 -0.4086534096184483
v -0.8964549570311159 0.1316154628008182 -0.4294892248464718
v -0.8442000884963606 0.1252205428931785 -0.4088759202721883
v -0.7921074650578779 0.1213720542961989 -0.3971404421328575
v -0.7410762331038787 0.1199613479763005 -0.3939272287937237
v -0.69197037778298 0.12087048028003 -0.3988152015388339
v -0.6456414889588514 0.1239712919186117 -0.4113279923369756
v -0.6029352105118553 0.1291233130939584 -0.4309357693530492
v -0.5646705711998827 0.1361665116095194 -0.4570367378164154
v -0.5317241956753661 0.1449308536811072 -0.4889907461424189
v -0.5049869494491144 0.1552467409662621 -0.5261623733369035
v -0.4853158917538895 0.1669123733120481 -0.5678070211606356
v -0.4735304810820596 0.1796995004391644 -0.6130921601619137
v -0.4703922202464264 0.1933533362200694 -0.6610973700388065
v -0.4765790936983084 0.2075904809704051 -0.7108072804525362
v -0.4926544480740694 0.2220962928172932 -0.7611035849838542
v -0.5190589559682798 0.2365233856374917 -0.8107585023865139
v -0.5137786268722838 0.2934208688361656 -0.7954964243812126
v -0.4989328660359823 0.3498834070252488 -0.7821241571980847
v -0.4745551618840483 0.4051346639092008 -0.7707540582736491
v -0.4407683487454823 0.4582568646743044 -0.7614415441970518
v -0.3978143508233714 0.508179697583852 -0.7541471583552071
v -0.3461482528238266 0.553658346069637 -0.7487060815930721
v -0.2865538692514988 0.5933483300811074 -0.7448348070573858
v -0.219735842403353 0.6261682521013048 -0.7423617013221312
v -0.1470291972904127 0.6506018424662837 -0.7408625810061019
v -0.07014412794027777 0.6654548700610945 -0.7399680017767032
v -0.4126846197952276 0.4329094019405529 -0.1186564230562492
v -0.3754598425043933 0.4364438795909792 -0.1608539401396798
v -0.3768367501639214 0.4369389677412748 -0.1566485739177491
v -0.378091497440483 0.4374869542687581 -0.1524348412436792
v -0.3792138491461106 0.4380901608734213 -0.1482142928001229
v -0.3801946445737595 0.4387508207275818 -0.1439893851782433
v -0.3810253806686879 0.4394707761792701 -0.1397621058602888
v -0.3817002738765486 0.4402509222728754 -0.1355313598281407
v -0.382215337323052 0.4410919257143371 -0.1312972151238457
v -0.3825668697709507 0.441994268830268 -0.1270640994246989
v -0.3827524965734986 0.4429578713789374 -0.1228367932261364
v -0.3827709846300768 0.443982174601562 -0.118619661855775
v -0.3826224061781957 0.4450658176903027 -0.1144180309280611
v -0.3823080870503122 0.4462072191630143 -0.110236145897754
v -0.3818305024942992 0.4474042294732203 -0.1060781978698266
v -0.3811934738483163 0.448654221840679 -0.1019481315347173
v -0.3804007469933879 0.4499569022889317 -0.09784583867195287
v -0.3794578494112172 0.4513119231731114 -0.0937705608069668
v -0.3783732440781867 0.4527166982919841 -0.08972341156367809
v -0.3771561170051996 0.4541682694256929 -0.08570534597204006
v -0.375816568042497 0.4556637448344163 -0.08171690150618871
v -0.3795995979748503 0.4544988086095817 -0.0806688698857152
v -0.3832893236805189 0.4534286363528088 -0.07937084353381546
v -0.3868749635032158 0.4524585460123233 -0.0778196027361578
v -0.3903462567978851 0.4515926261709786 -0.07601509469408377
v -0.3936938413249106 0.450833837875509 -0.07396029163610669
v -0.3969119827781513 0.4501804469617758 -0.07166335694688174
v -0.3999961229750709 0.4496301913552184 -0.06913438673003687
v -0.4029413419681652 0.4491815041525276 -0.06638488517130565
v -0.4057446395682895 0.4488314269968499 -0.06342842960966608
v -0.4084049963419072 0.448575690578746 -0.06028021739164337
v -0.410740031023959 0.4469483059094629 -0.06342056904111032
v -0.413197160294607 0.4453140087642005 -0.06641710086734247
v -0.4157788783679242 0.443673481160904 -0.06925829247655499
v -0.4184873764036176 0.4420275845829095 -0.07193296811755054
v -0.4213228691723315 0.4403781830221306 -0.07443065054028739
v -0.424282448210917 0.4387298142926415 -0.0767413551050201
v -0.4273614685609592 0.4370887020668505 -0.07885588232241222
v -0.4305566987266749 0.4354579046804501 -0.0807673737285332
v -0.4338636253155974 0.4338403226665998 -0.08247088517862404
v -0.4372772551699876 0.4322383732694919 -0.08396323273462789
v -0.4407906698421568 0.4306545204903307 -0.08524412156016074
v -0.444393613344807 0.4290903765387981 -0.0863201710293947
v -0.4480782484938414 0.4275487043254947 -0.08719458973266886
v -0.4518359528253972 0.4260324080697144 -0.08787266519174131
v -0.455657664384725 0.4245443086242346 -0.0883615740710791
v -0.45433155678496 0.4240955210306535 -0.09228674161295092
v -0.4531834907500341 0.4235710048308979 -0.09623457777976888
v -0.4522231364135343 0.4229697826121688 -0.1001999379334122
v -0.4514586146757766 0.4222910681681215 -0.10417818726388
v -0.4508967697385651 0.4215345803382983 -0.1081631924795823
v -0.450546199438274 0.420697748045126 -0.1121432580412118
v -0.4504102537998057 0.4197804877361736 -0.1161122951819842
v -0.4504899885244901 0.4187838549458685 -0.12006394404856
v -0.4507842765356567 0.4177098785919356 -0.1239920367492557
v -0.4512895956187102 0.4165616510902561 -0.127891076160844
v -0.4519967698428365 0.4153468269109795 -0.1317525900734706
v -0.4528988066209898 0.4140685663970084 -0.135571079895876
v -0.4539875580504317 0.4127298204464941 -0.1393425023740757
v -0.4552532991762325 0.4113338340449195 -0.1430626443735781
v -0.4514845909093921 0.4124342899272792 -0.1440806120574575
v -0.4477761054661521 0.4134739094420861 -0.1452788564684683
v -0.4441365873086684 0.4144470763852157 -0.1466622971193652
v -0.4405742543695713 0.415349005581886 -0.1482342391989682
v -0.4370968064173514 0.4161758087861694 -0.1499963822394789
v -0.4337146184524077 0.4169229428515519 -0.1519529700875345
v -0.4304348152986129 0.417588202830337 -0.1541032008118209
v -0.4272623916937219 0.4181708218578828 -0.1564434889700851
v -0.4242019015040873 0.418670424818174 -0.1589684051855333
v -0.4212566684674806 0.4190873732875504 -0.161670778427759
v -0.4184315493557866 0.4194202695504911 -0.1645391946358235
v -0.4157294630182191 0.4196698760911423 -0.1675629146875857
v -0.4131505493745484 0.4198391572191406 -0.1707320158510069
v -0.4106930140759603 0.4199322318344691 -0.1740364860041459
v -0.4083547496520312 0.4199535541038962 -0.1774660071375326
v -0.4059395904018182 0.4215027466165357 -0.174936065641516
v -0.4034012716318885 0.4230497361810255 -0.1725822209666969
v -0.4007402589565466 0.4245921369348682 -0.1704168515640095
v -0.3979585862298348 0.4261270518077003 -0.1684504651698779
v -0.3950593660250554 0.4276515198881806 -0.1666924801754644
v -0.3920467601635529 0.4291625901183065 -0.1651504872778275
v -0.3889227630864278 0.4306594711468227 -0.1638342762954126
v -0.3856943017203134 0.4321390003819096 -0.1627473734252633
v -0.3823689085315213 0.4335980448627866 -0.1618899833798645
v -0.378954637029385 0.435033815328482 -0.1612601983888723
v -0.3388280366004005 0.440338212681927 -0.2040984341636504
v -0.3413931461319223 0.4412334105908361 -0.1955529378470166
v -0.3437344039196127 0.4422554080325277 -0.1870069533383297
v -0.3458269196287722 0.443404117336156 -0.1784635136773928
v -0.3476524600875162 0.4446762829501794 -0.16990449326821
v -0.3492044818309767 0.4460775283423908 -0.1613284715527637
v -0.3504746526619671 0.4476134023240051 -0.152751684624269
v -0.3514492750268882 0.4492845432763429 -0.1441826275056712
v -0.352116562890314 0.4510904602130077 -0.1356271911792709
v -0.3524686880077199 0.4530294099506521 -0.1270904679679416
v -0.3525025559121104 0.4551004979741612 -0.1185769597649424
v -0.3522181687417192 0.4573013715138957 -0.1100960827163371
v -0.3516184056448453 0.4596313794022037 -0.1016521173328682
v -0.3507109667837307 0.4620896506344061 -0.09325113258674295
v -0.3495075904033915 0.4646743762761367 -0.08489820577893194
v -0.3480218993912783 0.4673805327502779 -0.07660125519018748
v -0.3462625846097149 0.470195124568646 -0.06837155349284596
v -0.34423645657007 0.4731147419339335 -0.06020609436187331
v -0.3419603297545868 0.4761499915597199 -0.05209328592978815
v -0.3394588791351092 0.4793004216979626 -0.04403502164215726
v -0.3471132228527262 0.4768920684609834 -0.04201426822968944
v -0.3545762719590265 0.474667524530939 -0.03948705536565655
v -0.3618308760466968 0.4726397223508146 -0.03644972297728613
v -0.3688523341752583 0.4708095496588631 -0.03290719178143159
v -0.3756192310159359 0.4691718355833364 -0.02887287521866854
v -0.3821175167604155 0.4677253503430195 -0.0243622208459115
v -0.3883336460649211 0.4664674592933631 -0.01939428934448356
v -0.3942673218977696 0.4653963561146727 -0.0139921149359596
v -0.3999213248662535 0.4645030211647969 -0.00818466815581661
v -0.4052889268737724 0.4637720396727828 -0.002004306494594466
v -0.4097648849812357 0.4604296383280191 -0.00830762016558116
v -0.4145081577664647 0.457084301801078 -0.01433368662329218
v -0.4195189073798272 0.4537309113819335 -0.02005965262240702
v -0.4247908656135377 0.4503824054148868 -0.02545630189641484
v -0.4303210182540476 0.4470587362265297 -0.03049495935393833
v -0.4361132374525223 0.443761954598334 -0.0351572922485656
v -0.4421615896802284 0.440495909282086 -0.03942742202299245
v -0.448456938023929 0.4372645802653884 -0.04329307171004343
v -0.4549826681105779 0.4340770648515431 -0.04674560971155314
v -0.4617256234415256 0.4309400020551359 -0.04978092945397549
v -0.4686663555213439 0.4278627181047812 -0.05240034518504381
v -0.4757917851400646 0.4248520179643225 -0.054606124691879
v -0.4830852392857376 0.4219099397457652 -0.05640588278806274
v -0.4905208380154605 0.4190328531637862 -0.05782328320757127
v -0.49808073684719 0.416234493397578 -0.05887231669673533
v -0.4954851069424004 0.4154938376756336 -0.06663224611453621
v -0.4932277560911598 0.414583348093462 -0.07444546776046095
v -0.4913307200599936 0.4135090072579332 -0.08229982788182744
v -0.4898221426700741 0.412254646741552 -0.09017307522231502
v -0.4887162437976522 0.4108152882033241 -0.09805308879642764
v -0.4880224033501624 0.4091923223541284 -0.1059288337821489
v -0.4877479179277776 0.4073896588827883 -0.1137825802626862
v -0.4878952236958878 0.4054106044967348 -0.1215966478907777
v -0.488461085950649 0.4032607327059349 -0.1293535592588987
v -0.4894376190995458 0.4009446775291185 -0.1370362165391759
v -0.4908156789741283 0.3984665469030033 -0.1446338597936677
v -0.4925807913336132 0.3958366978974165 -0.1521383799122993
v -0.494702591351749 0.3930798235624228 -0.159538723262472
v -0.4971582474548596 0.3901963906020974 -0.1668205027824299
v -0.4897148489557157 0.3922107748630422 -0.1688212219177267
v -0.4823864870099136 0.394127544742207 -0.1711849369956907
v -0.4751910263280322 0.3959284630781392 -0.1739173756345709
v -0.4681546344171529 0.3976050022971753 -0.1770388607462747
v -0.461295059935574 0.3991517232440876 -0.1805564883871545
v -0.4546242982867326 0.4005621531634673 -0.1844695251562972
v -0.4481619606604667 0.4018274102135727 -0.1887743782903046
v -0.4419214198032493 0.4029433448090358 -0.1934645545003557
v -0.4359194365759628 0.4039057471049795 -0.1985279049604638
v -0.4301654941344012 0.4047162946224381 -0.2039519577474118
v -0.4246657886199299 0.4053785003949677 -0.2097213771182702
v -0.4194169476802745 0.4058986295977121 -0.2158201954749043
v -0.4144224003623018 0.4062718370954327 -0.2222122632497599
v -0.4096889584300768 0.4065010899808004 -0.2288662468293413
v -0.4052174660732314 0.4066005539981428 -0.2357645582634263
v -0.4003516513303744 0.4098258476740594 -0.2309136866661208
v -0.3952386737575941 0.4130298211137343 -0.2263935905911744
v -0.3898836754794752 0.4162124913650387 -0.2222341034187321
v -0.384287740898265 0.4193705361310644 -0.2184594873716648
v -0.3784427813243366 0.4224978034702099 -0.2150924226438383
v -0.3723597183719588 0.4255875681739721 -0.2121446888706631
v -0.3660482791337631 0.4286357281824965 -0.2096325460797334
v -0.3595206864421556 0.4316370994613138 -0.2075650357436142
v -0.3527970482811195 0.4345915137196448 -0.2059544774114175
v -0.3458953085673706 0.4374948712851444 -0.2048019200699285
v -0.303202508910682 0.445247040943101 -0.2484759131311125
v -0.3066637469317051 0.4462555496977474 -0.2354381272437148
v -0.3098321910311185 0.4475056361670857 -0.2224266206801103
v -0.3126621007072186 0.4489744406327713 -0.20940047055403
v -0.3151581198322131 0.450689182365598 -0.1963560543154142
v -0.3173020484326362 0.4526588463699976 -0.1833225385711335
v -0.3190587833776118 0.4548717569728003 -0.1703015172517929
v -0.3204069717992692 0.4573230596081914 -0.1572960632054792
v -0.3213311345718695 0.4600084183123736 -0.1443168679029007
v -0.3218189200550681 0.4629240093631399 -0.1313711542799743
v -0.3218655134969247 0.4660689987024986 -0.1184670679768697
v -0.3214708230697508 0.4694397042451938 -0.1056191770064939
v -0.3206393381187421 0.4730342306348956 -0.09283493382171866
v -0.3193830418551919 0.4768534308522698 -0.08012304784108079
v -0.3177171096867617 0.4808953993720083 -0.06749639813507037
v -0.3156628241865194 0.4851648151046238 -0.05495963794943635
v -0.3132549559717609 0.4896719224793813 -0.04252066661180303
v -0.310511304384931 0.4943920610920828 -0.03020110878792355
v -0.3074290957261175 0.4993053463958348 -0.01798639818010109
v -0.3040499492113807 0.5044483624823431 -0.005855412031141666
v -0.3156805263400521 0.5007562078791936 -0.002950613238916819
v -0.3270192521771074 0.4973192411371394 0.0007178811745620136
v -0.3380319632219829 0.4941467968751367 0.005150276965964548
v -0.3486743484679694 0.491224128269908 0.01033437133679969
v -0.3589189608699623 0.488550603777553 0.01625148040980342
v -0.3687431879516694 0.4861256015932709 0.02287815675414356
v -0.3781298074111969 0.4839353607036456 0.03017752198251054
v -0.3870581859769033 0.4819702563326572 0.03811713206611816
v -0.3955493497939243 0.4802274816827624 0.04664765432741354
v -0.4036043163653892 0.4786766802663415 0.05571426427483282
v -0.4099013784163936 0.4733921364067225 0.04630737155396761
v -0.4166451805631078 0.4681253727013122 0.03728657818404555
v -0.423814940759986 0.4628919272740718 0.02870718540628696
v -0.4314220772081305 0.4577407172499527 0.0206238032002663
v -0.4394750703798847 0.4526658171983923 0.01306143981459937
v -0.447954830498324 0.4476700667566475 0.0060510659536809
v -0.4568469884372205 0.4427590504582317 -0.0003816911175565903
v -0.4661292268089458 0.4379426888704977 -0.006215485975323764
v -0.4757743223997813 0.4332359904582972 -0.01143588939353866
v -0.4857630297284915 0.4286486220858541 -0.01603725194592809
v -0.4960631807723065 0.424195247339632 -0.02002082818106435
v -0.5066454808383525 0.4198929601871692 -0.02339496565828487
v -0.5174890335163611 0.4157576343128598 -0.0261706113794041
v -0.5285619338723204 0.4117824964271622 -0.02836942886653371
v -0.5398183551365693 0.4079692041941885 -0.03002791478413612
v -0.536096038732401 0.4072074011649991 -0.04157095733868977
v -0.5328425502062757 0.4061547731236267 -0.05319892458630292
v -0.5301093372242688 0.4047911397883937 -0.06488308892697252
v -0.5279257383497897 0.4030939499561734 -0.07660395232975904
v -0.5263145528829997 0.4010703461391467 -0.08833953107211297
v -0.5252959935854089 0.3987278170464414 -0.1000638162205589
v -0.5248826343463228 0.3960723615190682 -0.1117456346368123
v -0.5250778470539804 0.3931090085664323 -0.1233564717377067
v -0.5258772306329945 0.3898470641279935 -0.1348682200747508
v -0.527266112907929 0.3862958640340669 -0.1462506127348272
v -0.52922423652745 0.3824604352711909 -0.1574778009294726
v -0.5317282761832074 0.3783452702525513 -0.1685260032802275
v -0.5347476533905209 0.3739806980354253 -0.1793900413165514
v -0.5382277930922381 0.3693963168098215 -0.1900552737872818
v -0.527167755844782 0.3720474661804674 -0.1929306006740129
v -0.5162758135506702 0.3745951780058783 -0.1963613041662655
v -0.5055977644589967 0.3770190782265099 -0.2003744120693761
v -0.4951677579259584 0.3793155968547489 -0.2049937795049825
v -0.4850062814783825 0.3814664441358444 -0.2102220123730217
v -0.4751422053117477 0.3834530909379393 -0.216058076313127
v -0.4656083750524357 0.3852616971747144 -0.2224955303357828
v -0.4564241757511524 0.3868862060677414 -0.2295252448849475
v -0.4476169544235009 0.388319793723595 -0.2371271291124508
v -0.4392096496533325 0.389562780812301 -0.2452773339444023
v -0.4312168339295854 0.3906214680882467 -0.2539510497580281
v -0.4236579976449422 0.3915063615187753 -0.2631192255202965
v -0.4165251617697324 0.3922333995959924 -0.2727644677009033
v -0.4098071437429341 0.3927837067242957 -0.2828125782330124
v -0.4035283356503638 0.3931717396086973 -0.2932092386243542
v -0.3962369490740184 0.3982931895174655 -0.2863260573596901
v -0.3885660803853303 0.4033517687312604 -0.2799016059886839
v -0.3805271650578481 0.4083533534376622 -0.2739820206531041
v -0.3720881529611144 0.4132805220941874 -0.2686114949714812
v -0.3632634239207734 0.4181274640317914 -0.2638178536870294
v -0.3540669952611873 0.4228900863155412 -0.2596310652177904
v -0.3445134544755124 0.4275629862784332 -0.2560792547103029
v -0.334622567745445 0.4321376618836473 -0.2531759209328385
v -0.3244163047591123 0.4366072571563349 -0.2509346716738108
v -0.3139356785720059 0.4409810072694723 -0.2493691668429101
v -0.2689043502291605 0.4518031194200846 -0.29402954427012
v -0.2728863273980847 0.4524476838994307 -0.2763362653075377
v -0.2765439416127636 0.4535044674637769 -0.2586986063084368
v -0.2798482117550413 0.4549628611482878 -0.2410295666360343
v -0.2828049324091908 0.4568774951236404 -0.2233841479537072
v -0.2853498689352642 0.4592101207029808 -0.2057631979104679
v -0.2874449870183615 0.4619450820889768 -0.1881629118838328
v -0.2890631334406564 0.4650742343291031 -0.1706029362828768
v -0.2901748484247357 0.4685814399059052 -0.1530907548331949
v -0.2907625950669889 0.4724588866198312 -0.1356329354862568
v -0.2908200809444793 0.4767049315568473 -0.1182451895949436
v -0.2903470738682525 0.4813147358660362 -0.1009472134157558
v -0.2893494015016416 0.486283707647219 -0.08375403385112799
v -0.2878441394411941 0.4916181743433595 -0.06667569163533361
v -0.2858601392149066 0.4973293538365525 -0.04972847169377836
v -0.2834242475747479 0.5034150252954844 -0.03293316808157015
v -0.2805745540522568 0.5098928092898142 -0.01629597398205355
v -0.2773756784853468 0.5167988416389835 0.0001633167838499094
v -0.2738211136648772 0.524053550984297 0.01642341026887663
v -0.2699357876222602 0.5317033050559428 0.03254642462052267
v -0.2856861840078924 0.526709242721951 0.03623887559030328
v -0.3010422952395662 0.5220267038158322 0.04095196004960482
v -0.3159170513430279 0.5176025102961294 0.04668303867866143
v -0.3302685577947942 0.5134407778949255 0.05341345627499747
v -0.3440561804070397 0.50953808446516 0.06111508305773963
v -0.3572461306883069 0.5058933253330098 0.06975388326783037
v -0.3698144434773804 0.5024832751979047 0.07927398666503704
v -0.3817353384596489 0.499279843003981 0.0896193965904391
v -0.3929846270688748 0.4962678339237753 0.1007408946051394
v -0.4036462605326009 0.4934384121621925 0.1125361065314421
v -0.411299609729192 0.4858620329236828 0.1001330586307629
v -0.4196229285346579 0.4783555843537377 0.08820198354871117
v -0.4286045505543645 0.4710250629076134 0.07685970466360682
v -0.438280440714414 0.4638799600233489 0.0661404401277282
v -0.4486160739335368 0.4569096749617777 0.05609310810204068
v -0.4595837785468745 0.4501225532171139 0.04676487574236544
v -0.4711574183599235 0.4435217219740852 0.03819086765443607
v -0.4832937466848111 0.4371235530272385 0.03040362872672048
v -0.4959539488744939 0.4309492804269884 0.02342463503182149
v -0.5091070656991188 0.4250145265918759 0.01726092797547335
v -0.5227078258866669 0.4193399826280654 0.01191277033835443
v -0.5367079396890327 0.4139540713183993 0.007370574367810951
v -0.5510739862135507 0.4088867547216025 0.003617355899004675
v -0.5657824023556935 0.4041654344490796 0.0006335112216065962
v -0.5807426758098712 0.3997389450967725 -0.00163306964600583
v -0.5761110890628336 0.3993353540093017 -0.01693872942425569
v -0.5720416331705416 0.3984735630654835 -0.03236356711215455
v -0.5686096908370829 0.3970599782133087 -0.04787445990960564
v -0.5658482301719633 0.3951088862215616 -0.06344205649409773
v -0.5637964945299292 0.392636422449851 -0.07902966734667516
v -0.5624864193815678 0.3896563741329857 -0.09459444412187897
v -0.5619363633463802 0.3861778805311943 -0.1100882860343192
v -0.5621508144018141 0.3822095585458269 -0.125466398619347
v -0.5631243515543911 0.3777651647279042 -0.1406851855787386
v -0.5648350527044121 0.3728591703120352 -0.1556975450855523
v -0.5672487400411244 0.367498984950016 -0.1704597092196301
v -0.5703262442751178 0.361687762625554 -0.1849314152485568
v -0.5740374460635849 0.3554272668886588 -0.1990796993465441
v -0.5782953560281947 0.348817188608348 -0.2129247443771021
v -0.5636394082812102 0.3517603677790128 -0.2164759590380059
v -0.5492054093902025 0.3546321334034647 -0.2207983767761242
v -0.535094702780937 0.3574509992461539 -0.2259601188628678
v -0.5213288977874116 0.3601859786172363 -0.2319666650833849
v -0.5079412254712244 0.3628037641774422 -0.2388192243754466
v -0.4949804668932027 0.3652752749398298 -0.2465118724519189
v -0.4824930501087484 0.3675818778508337 -0.255033838078452
v -0.4705101680930824 0.3697129141546075 -0.2643717786167845
v -0.4590706663576676 0.3716591998896016 -0.2744966512149412
v -0.4482183680916356 0.3734199655883527 -0.2853708578981243
v -0.4379796342778456 0.3750071145565059 -0.2969618855045008
v -0.4283820957067702 0.3764338936743757 -0.3092244963868425
v -0.4194596399416018 0.3777292380106885 -0.3221199286637662
v -0.4111793258222767 0.3788983517366902 -0.3356110812993708
v -0.4035565431623067 0.3799076499141317 -0.349546803263391
v -0.3939228380549398 0.3872414586003426 -0.3409910339890517
v -0.3837786139516162 0.3944443581502497 -0.3329710506128007
v -0.3730674345363627 0.4015023032191909 -0.3255796750173525
v -0.3617880536917865 0.4083988116441164 -0.3188595963798903
v -0.3499619566259801 0.4151326272685884 -0.3128579280308567
v -0.3376076338140159 0.421701483862319 -0.3076263309315813
v -0.3247469052196157 0.4280979211312592 -0.3032054354922899
v -0.3114084545016825 0.4343095961409844 -0.2996156306485757
v -0.2976250542128548 0.440329205678562 -0.2968813715902709
v -0.2834362285301107 0.446152480229911 -0.2950131791689874
v -0.2361103785084145 0.4605998853060227 -0.34072558811308
v -0.2402032912421271 0.4602450552625715 -0.318233670855202
v -0.2439716122868618 0.4605263458959791 -0.295796185795131
v -0.2474705829897751 0.461556484327104 -0.2733618714707075
v -0.2506227074678264 0.4632972252926034 -0.2509751555553651
v -0.2533598600681866 0.4657003649952171 -0.2286151895915479
v -0.2556392007190554 0.4687502533594494 -0.2063120107097421
v -0.2574080547883547 0.4724078646856701 -0.1840753304047173
v -0.2586275376388563 0.4766472428529149 -0.1619087231016552
v -0.2592757089760442 0.4814566458251963 -0.1398318289117078
v -0.259342635454156 0.4868314530964468 -0.1178665021372648
v -0.2588280023892046 0.4927652406685903 -0.09603980833633655
v -0.2577410864028507 0.4992542639419718 -0.0743739186301476
v -0.2561033165237649 0.5063019078562985 -0.05289256618128075
v -0.2539531444369014 0.5139331498125017 -0.03161327735079657
v -0.251342383946117 0.5221774475183866 -0.01056624156848412
v -0.2483133168025292 0.5310335766073248 0.01021584082780166
v -0.2449347419092447 0.540558821565575 0.03072445651067028
v -0.2412823141455052 0.5507610824418198 0.05090361020949763
v -0.2373075115086155 0.5615752755063594 0.07084047538746704
v -0.2574145914958674 0.5553184657687217 0.07522190712655884
v -0.2769740488228833 0.5493446869860086 0.08088949248590525
v -0.2958798337144192 0.5435754918049306 0.08783757177780653
v -0.3140734222381957 0.5380093644645286 0.09603340481815115
v -0.3314988209864304 0.5326454318454665 0.1054381548330696
v -0.348106722038256 0.5274808732196898 0.1160013141551039
v -0.3638595225314474 0.5224887539970018 0.1276514195313564
v -0.3787259561737001 0.5176202966565406 0.1403018027254909
v -0.3926472965402467 0.5128311182651544 0.1538840302055548
v -0.4057316124220309 0.5081310760125648 0.168276800004624
v -0.4141176386848968 0.4978350322072863 0.1530004080433819
v -0.4234689690187718 0.4877234551389988 0.1382757820123699
v -0.4338429536846861 0.4779927772608375 0.1242448525803936
v -0.4452165320375714 0.4685938916731602 0.1109492609177629
v -0.4575303062961268 0.4595443887267307 0.09847466404894181
v -0.4707522377615362 0.4508315418505383 0.08686837918373659
v -0.4848176077508377 0.4424658527225737 0.0761875152095402
v -0.4996643377242522 0.4344730015538545 0.06647867823269847
v -0.5152370935399572 0.4268804080701361 0.05777185143160382
v -0.5314877949425583 0.419712408296349 0.05007791501981284
v -0.5483547321470924 0.4129999097287725 0.04340030704300781
v -0.5657711855339075 0.4067813791398737 0.03773093795000312
v -0.5836767019933962 0.4011059417102586 0.03305357246691808
v -0.6020440130238983 0.3960348176101851 0.02934510479296049
v -0.6207795490764937 0.3915082848150942 0.02655689229593823
v -0.6155058452822848 0.3919783966540545 0.007485779884213079
v -0.6108530037782264 0.3916969291942367 -0.01175529780746645
v -0.6068881094429148 0.3905524976777746 -0.03113749678524942
v -0.6036704017611305 0.3885898789416246 -0.05060361800905794
v -0.6012589630071378 0.385838131224345 -0.0700966254752375
v -0.5997000591975361 0.3823159538880515 -0.08954898330308027
v -0.5990161013780121 0.3780386960032725 -0.1088936942165129
v -0.5992136684743424 0.3730208191352616 -0.1280598077549402
v -0.6002850714613933 0.3672833200613719 -0.1469783585472913
v -0.6022054797514813 0.3608439262129348 -0.1655832359392806
v -0.6049224798835475 0.3537173011694141 -0.1838059292907702
v -0.6083774217304136 0.3459036987677247 -0.2015827559553706
v -0.6125130919313293 0.3373916439192744 -0.2188413144488966
v -0.6172556201224995 0.3282964834843182 -0.2356156557805228
v -0.598963805240077 0.3311311932498127 -0.2395191329156419
v -0.5809990280410789 0.3340125697808746 -0.2444855205622558
v -0.5634653455694176 0.3369708903353739 -0.2505858230072649
v -0.5463873850203201 0.3399447254777412 -0.2578138334223272
v -0.5298271995335734 0.3428845836135892 -0.2661600661399066
v -0.5138544142849004 0.3457527283676055 -0.2756120891319464
v -0.4985310921017149 0.3485233164179407 -0.2861515467608136
v -0.4839056861555519 0.351179717902753 -0.2977574648914451
v -0.4700336459593646 0.3537107965140651 -0.3103903386856167
v -0.4569774354118574 0.3561137815654177 -0.3239957332010345
v -0.4448016775065121 0.3584028676796647 -0.338516503878349
v -0.4335379421514368 0.3606085930201415 -0.3539175990804113
v -0.4232458652990368 0.3627526711944964 -0.3701140231312693
v -0.4139457948160043 0.3648934193181984 -0.3870952233400322
v -0.4055809390097757 0.3669220738668129 -0.4046344513912836
v -0.3937777147443414 0.3768920077351871 -0.3947913651674075
v -0.3812760026468812 0.3866208960384422 -0.3855370777892656
v -0.367951205682556 0.3960542801294553 -0.3769769014222398
v -0.3538467205885331 0.4051943143488699 -0.3691731550972099
v -0.3389950761415058 0.4140434805932773 -0.3621960398318504
v -0.3234199476644452 0.4226008772829371 -0.3561249968743253
v -0.3071550487631086 0.4308550015144736 -0.3510108158089235
v -0.2902420745205114 0.4387881034704905 -0.3468853240951226
v -0.2727259631873676 0.4463881798908937 -0.3437787988489928
v -0.2546507899641575 0.4536390892456282 -0.3417141115470342
v -0.2048485706989012 0.4722089991060678 -0.3884758870144021
v -0.2086186382249159 0.4700276064371253 -0.3610687342354631
v -0.2121517270546208 0.468859280066887 -0.3337012905064526
v -0.2155288038146108 0.4688920234154896 -0.3063694159533557
v -0.2186144508860267 0.4699911998525789 -0.2790829428793258
v -0.2213443846365254 0.4721194999040933 -0.2518630283217057
v -0.2236397862865551 0.4752062803979789 -0.2247250077386365
v -0.2254343258422099 0.4791941199144233 -0.1976734393221743
v -0.226681742394176 0.4840490494489226 -0.1707313842564485
v -0.2273501988096399 0.4897472440052725 -0.1439251701587134
v -0.2274252160669766 0.4962789114938517 -0.1172877115732423
v -0.2269064993777752 0.5036352214070418 -0.09085736180014285
v -0.2258077716622335 0.5118130050222495 -0.06466895544232772
v -0.2241601548580387 0.5208241143270964 -0.03875893336624393
v -0.2220096495998158 0.5306914600554463 -0.01316503536272823
v -0.2194218300007494 0.541466429508385 0.01207692855705503
v -0.2164751965923363 0.5532036334468777 0.03691660258791379
v -0.2132346461016512 0.5659282057478278 0.06131698184326791
v -0.2098353274497754 0.579754306690942 0.08520206593343119
v -0.2061991794048701 0.594516150491963 0.1086551124045134
v -0.2310151746409971 0.5870943111218636 0.1136347423780716
v -0.2550803682166135 0.5798176119790642 0.1201791291565491
v -0.2782763431158801 0.5725906989160113 0.128275598035979
v -0.3005223718559132 0.565421971538451 0.1378822436139218
v -0.3217377904173887 0.5583107517469259 0.1489421838268838
v -0.3418483989911231 0.5512559456162573 0.1613828729614074
v -0.3607925892524193 0.5442285566469277 0.1751146695834278
v -0.3785255050629359 0.5371714687061807 0.1900241155006144
v -0.3949833909794275 0.5300063926864175 0.2059988702665683
v -0.4102103946112068 0.5227427645016777 0.222923205559539
v -0.418523935006449 0.5092428856738808 0.20486772691879
v -0.4282284600282523 0.4961463541978597 0.1874455121185681
v -0.439441743728812 0.4836547160177369 0.1707805109728904
v -0.4520520187026819 0.4717315606643556 0.1549723321955687
v -0.4660017734741972 0.4603633149757297 0.1400983873851958
v -0.4811969199463599 0.4495505130829677 0.1262430605779284
v -0.4975403035952187 0.4393218499329071 0.1134893533436287
v -0.5149508899447347 0.4297034381636017 0.1018945898198205
v -0.5333460510765144 0.4207338804833571 0.09150357602066657
v -0.5526521883543111 0.4124504820470165 0.0823358936582725
v -0.5727813324344212 0.4048996219090505 0.07440167256938197
v -0.5936526799240914 0.3981357305169935 0.06769794062288408
v -0.6151756446183404 0.3922224770197347 0.06221405239484793
v -0.6372857543397331 0.3872484860994683 0.05793851387507979
v -0.6599144849116199 0.3832021306861317 0.05482761154062465
v -0.6543005963665102 0.3851743138691062 0.0319832264153151
v -0.649304094473356 0.3859582299567511 0.008859316380985506
v -0.6449927267513527 0.3854814084273559 -0.01448460884318321
v -0.6414581011620818 0.3838123394949795 -0.03795851555699404
v -0.6387836520146906 0.3809856421420124 -0.06147407443527454
v -0.6370227348928451 0.3770296782824203 -0.08493542662140588
v -0.6362065479114131 0.371969433807315 -0.1082412238418354
v -0.6363446086946715 0.3658281337847844 -0.1312818257696103
v -0.6374270848732628 0.3586374042977705 -0.1539509371529515
v -0.6394202030293045 0.3504224440706636 -0.1761477671959436
v -0.6422667349129019 0.3412034622900785 -0.1977752301915008
v -0.6458784814872948 0.3309895785816886 -0.2187395398085558
v -0.6501675603057513 0.319762208764064 -0.2389267789318663
v -0.6550666518349737 0.3076204701312841 -0.2583283933648259
v -0.6330656934613984 0.3099415208672967 -0.2621347926367427
v -0.6115248262598341 0.3125204934024818 -0.2673904734525062
v -0.5905208527382982 0.3153541090273116 -0.2741445852997513
v -0.5701180287359596 0.3183609232779251 -0.2823668537922235
v -0.5504138327844336 0.3214809727921712 -0.292034979780994
v -0.5314904097441173 0.324665871911462 -0.3031256177114538
v -0.5134365863823483 0.3278792219040291 -0.3156070323839216
v -0.4963265384155053 0.3310968111311194 -0.3294445134190188
v -0.4802428804859749 0.3343039493981786 -0.3445802021250289
v -0.4652665371394585 0.3375016510153828 -0.3609505173768973
v -0.4514943804788263 0.3406992716193742 -0.378466264029314
v -0.4390182282357266 0.343930385929354 -0.3970511470265255
v -0.4278931282866461 0.3472387314212195 -0.4166448941306803
v -0.4182274873008371 0.3506956116383523 -0.437175936551847
v -0.4099025665274583 0.3541789363456935 -0.4584342620253594
v -0.3962146390715139 0.3673276181550104 -0.4476881609662482
v -0.3814982190124822 0.3800486232035362 -0.4375541545724419
v -0.3656546684214602 0.3922819913813131 -0.4281324779191149
v -0.3487567991894346 0.4040345518541467 -0.4195102197823167
v -0.3308393387439858 0.4153129413009568 -0.4118013881592631
v -0.3119443961117516 0.426109541653457 -0.4050954195952759
v -0.2921219095292449 0.4364070981433641 -0.3994611719566473
v -0.2714345394710393 0.4461774654867557 -0.3949438799244948
v -0.2499443811105523 0.4553998648611202 -0.3915836688853069
v -0.2277159329835462 0.4640547634223187 -0.3894116771511664
v -0.174960148434808 0.4871354870324332 -0.4371441077504596
v -0.1780197854199101 0.4821504433101843 -0.4047430896475213
v -0.1810173862954837 0.4787542613773715 -0.3723506115946896
v -0.1839790398479106 0.4770992420348156 -0.3399917561769761
v -0.186767655520167 0.4770289816439172 -0.3076940258366607
v -0.1892859861491607 0.4784394453025395 -0.2754811349103548
v -0.1914373475121781 0.4812240888696297 -0.2433627418763343
v -0.1931441269918904 0.4853105598141113 -0.2113655110284698
v -0.1943439733631602 0.4906397762502939 -0.179522054824479
v -0.194994808888233 0.4971721130104089 -0.1478731430361357
v -0.1950764221768864 0.5048891034609398 -0.1164680420751043
v -0.1945886734372429 0.5137782578996491 -0.08536219673627751
v -0.1935510397707917 0.5238379064626983 -0.05460963368340554
v -0.1920050093252202 0.5350885511632187 -0.02426764244549979
v -0.1900124030376225 0.5475704435999014 0.005603482877356364
v -0.1876508700760748 0.5613396760110952 0.0349427931112301
v -0.1850169952263905 0.5764885577741398 0.06368418079929263
v -0.1822080998690355 0.5930948388561137 0.09175255921448211
v -0.1793625597875002 0.6112898349261321 0.1190458430406973
v -0.1764548960557804 0.6309150286785123 0.1456086957200284
v -0.2064928030381992 0.6224934080847951 0.1510780402526476
v -0.2355222251874941 0.6139211271782687 0.1584236081417294
v -0.263408072640284 0.6051168346987794 0.1676276251576094
v -0.2900342960272925 0.5961035275622271 0.1786292156335162
v -0.3152808142604064 0.5868888140804491 0.1913488330106457
v -0.3390335400223289 0.5774834010230663 0.205685063837684
v -0.3611999965328668 0.5678594346861654 0.2215186866094238
v -0.3816887598118845 0.5579738844356816 0.2387207176770214
v -0.4004336523809288 0.5477396081520366 0.257135955687251
v -0.4174223361502422 0.5371184059386613 0.2766206580486852
v -0.4246561941698686 0.5199743742076584 0.2558482368564489
v -0.4339191863981561 0.503520560547103 0.2357587901107325
v -0.4452921638017397 0.4879259510362285 0.2164882710071575
v -0.4586253097613318 0.4731505429965349 0.1981566009150618
v -0.4737865123621762 0.4591958522509019 0.1808792945664726
v -0.4906282525763297 0.4460968757190548 0.1647832936199654
v -0.5090292096865096 0.4338796011943698 0.1499651943399131
v -0.5288659171274561 0.4225841017921111 0.1365080804463344
v -0.5500187080652237 0.4122644538145062 0.1244784692795666
v -0.5723765472792479 0.4029770721575286 0.1139124478035079
v -0.5958163098821576 0.3947890295807614 0.1048333070245608
v -0.6202230148133617 0.3877790601844456 0.09725078132762854
v -0.6454929154372133 0.3820336964978539 0.09116373201825624
v -0.6715117481217058 0.3776490698802892 0.086578896070014
v -0.6981941029256754 0.3746936523903938 0.08348884008109042
v -0.6925409859250999 0.3789076337419815 0.05686993419925115
v -0.6874347483106006 0.3813517691662365 0.02977650368070451
v -0.6829715312957695 0.3820389318565782 0.002338054524628627
v -0.679272742832964 0.3810311115045722 -0.02532006632341744
v -0.6764315131789629 0.378371467685944 -0.05306184499854414
v -0.6745156815697323 0.3741037684452481 -0.08074127902139552
v -0.6735658776047219 0.3682649994655099 -0.1082063731071472
v -0.6735956970000097 0.3608912375858865 -0.1352893268230887
v -0.6745935241460683 0.3520307233134071 -0.1618280428344471
v -0.6765173767586118 0.3417221236877496 -0.187672014230655
v -0.67929908519231 0.3299952889643596 -0.212673007553969
v -0.682842251929734 0.3168759117446484 -0.236693488408424
v -0.6870239185001074 0.3023658149665144 -0.2595927426294269
v -0.6917601743032826 0.2865224771635891 -0.28125632148271
v -0.6659416074950478 0.2879645185963866 -0.2843797504307553
v -0.6407019598296642 0.2899411491143942 -0.2894667904051267
v -0.6161334502758359 0.2923954974835343 -0.2965002796991209
v -0.5923577524685731 0.2952475304435485 -0.3054288423817156
v -0.569485394234528 0.298423828165282 -0.3162133917456894
v -0.5476341423020586 0.3018607126299861 -0.3288083058179795
v -0.5269283278957008 0.3055096753963378 -0.3431607958565243
v -0.5074797733346482 0.3093369143570197 -0.3592130586048978
v -0.4894079025049262 0.3133232961813612 -0.3768810332923686
v -0.4728351427187572 0.3174681909078325 -0.3960718465514986
v -0.4578808756674587 0.3217883332243868 -0.4166872276079164
v -0.4446896838086338 0.3263047490044606 -0.438595051748685
v -0.4333883599121517 0.3310623764300314 -0.461691892646917
v -0.424121112887035 0.3361437608385809 -0.4858922495795715
v -0.4167987977273622 0.3414558720250433 -0.5109922318137422
v -0.4016190749442805 0.3584358719840359 -0.4996923117675636
v -0.3849292371863714 0.3747449137533333 -0.4889925579354918
v -0.3667175012361485 0.3903226969184871 -0.4789867739876779
v -0.3470577028675265 0.4051792000699657 -0.4698132135453089
v -0.3260048708389497 0.4193075644372136 -0.4616037245477511
v -0.3036306883049877 0.4326870390361167 -0.4544617863373116
v -0.2800102813802658 0.4452862930344872 -0.4484749108370281
v -0.2552399986882008 0.4570572715615584 -0.4437026436428256
v -0.2294107213585014 0.4679664180388964 -0.4401982653989602
v -0.2026141519356594 0.4779707402123179 -0.437993351946674
v -0.1461025017679398 0.5058501248026949 -0.4865738712455562
v -0.148166632537993 0.4969410122054651 -0.44913573888995
v -0.1503978434759466 0.4904078485213583 -0.4116499495799152
v -0.1527223441852521 0.4863077284249357 -0.3741811683646726
v -0.1550107040507533 0.4844315154856655 -0.3367653088047514
v -0.1571480474184714 0.4846120720792112 -0.2994252847452177
v -0.1590261572236053 0.4867199929236493 -0.2621961058362668
v -0.1605475045933898 0.4906406636739143 -0.2251198693871959
v -0.1616349114580797 0.4962839879731092 -0.1882472902405961
v -0.1622350596109612 0.5035871384146198 -0.1516395831389318
v -0.162321428252979 0.5125182549034242 -0.1153699309944337
v -0.1618941814294957 0.5230594799090069 -0.07951875904315846
v -0.1609792784054072 0.5352115108993062 -0.04416841506642848
v -0.1596296409475332 0.5490071593847697 -0.00940650587839607
v -0.1579223377235727 0.564507385243465 0.02467478153960448
v -0.1559550709012773 0.5817967007356981 0.05797785906560796
v -0.1538359095520981 0.6009775485762493 0.09040399738825976
v -0.1516792425510223 0.6221872070738128 0.1218434062581227
v -0.1496172706754475 0.6455939907063651 0.1521544161881455
v -0.1477237641576806 0.6710974778157383 0.1813100909180247
v -0.183697211163316 0.6619325024659408 0.1871260847852753
v -0.2183541289874739 0.6520980193748637 0.1952001247455744
v -0.2515188209826626 0.6415754145557576 0.2054938937831328
v -0.2830130805129355 0.6304123798926352 0.2179209494239634
v -0.3126518208178276 0.6186424262667529 0.2323726546989479
v -0.3402571648516149 0.6063101942854289 0.2487102721392721
v -0.3656868897412141 0.5934102856844667 0.2667793275350923
v -0.3888018869297689 0.5799180605791782 0.2864127677274494
v -0.4094753529834693 0.5657968315492805 0.3074343920236062
v -0.4276530861602079 0.5509765175326852 0.3296611481536234
v -0.4326355938966703 0.5298538790859537 0.3061743210961527
v -0.4405166552536462 0.5097329353293207 0.2833801125851843
v -0.4512846570430784 0.4906904094463998 0.2614405051085508
v -0.4647133026760135 0.4727422244904446 0.2405185130821359
v -0.4805947792092964 0.4559474084397795 0.2207849786038123
v -0.4987461406306948 0.440349511512134 0.2023918940441187
v -0.5189840682236411 0.4259964729369 0.1854748582819004
v -0.5411310157804221 0.4129490389513042 0.1701506447450804
v -0.5650156450477231 0.401284643758317 0.1565178842608262
v -0.5904728217212307 0.3910875667600152 0.1446405513971103
v -0.6173303105554544 0.382452705938332 0.1345643798813863
v -0.6454284788259668 0.3754884141541912 0.126321655165249
v -0.6746181398162167 0.370313225640666 0.119936915831235
v -0.7047585219660887 0.3670447647159534 0.1154322172957896
v -0.7357149639483369 0.3658052196311434 0.1128478988358555
v -0.7302841940455846 0.3731007138954157 0.08249395467112271
v -0.7252953636831075 0.3779421590483868 0.05135570729933377
v -0.7208767656358084 0.3803833798555254 0.01964015490414428
v -0.71715669619276 0.3804720527492045 -0.01245755487514671
v -0.7142417773447365 0.3782671697811686 -0.04472219158184065
v -0.7122142217167398 0.3738255528204975 -0.07693282472238681
v -0.7111245795869947 0.3671988243698911 -0.1088605753129881
v -0.7109918651772158 0.3584416974540618 -0.1402508938227787
v -0.7118045165763444 0.3476283185237777 -0.1708589036780435
v -0.7135148092368551 0.3348213745182612 -0.2004607711262615
v -0.7160435353742981 0.320075108535685 -0.2288379854167924
v -0.7192893800854373 0.3034393142022899 -0.255776054919851
v -0.7231244091718154 0.2849624443900063 -0.2810861985270296
v -0.727431531459407 0.2646958095392625 -0.3045651763850748
v -0.6976339522831209 0.2649518150553934 -0.3062946128198284
v -0.6685281681283282 0.2660556242067602 -0.3106282415986772
v -0.6402623034709515 0.2679249261898028 -0.3174797952107303
v -0.6129898267518705 0.2704726322485285 -0.3267776007629802
v -0.586866685664552 0.2736087390348119 -0.3384470508764563
v -0.562057322130734 0.2772545008065011 -0.3524100374607572
v -0.538735948857869 0.2813472855845845 -0.3685818070598991
v -0.5170688004876295 0.2858409317145243 -0.3868679162291473
v -0.4972265247514368 0.2907093771680844 -0.4071455961377246
v -0.4793843367951669 0.2959476873159639 -0.4292829458038548
v -0.4637213505871965 0.301569139092855 -0.4531371338930218
v -0.4504153096077511 0.3075969531521896 -0.4785521683464884
v -0.4396660254837499 0.314048147171351 -0.5053459744251158
v -0.4316893040809071 0.3209743646299094 -0.5333680827861326
v -0.4264936304685517 0.3283600961603382 -0.5624331696279175
v -0.4103593167583461 0.3499332010625978 -0.5508462908303859
v -0.3920821178646708 0.3705461165805428 -0.539813815155492
v -0.3717089529649988 0.3901620624579751 -0.5294739833248346
v -0.3493209326513181 0.4087613721239565 -0.5199897951951361
v -0.3250265675392395 0.4262993156517747 -0.5114915979865197
v -0.2989340468909331 0.442727427491151 -0.5041019184026978
v -0.2711576838362739 0.4579833598451702 -0.4979240650185401
v -0.2418474168918639 0.4719801821572284 -0.4930284590204903
v -0.2111416653445566 0.4846569224447832 -0.4894779993417629
v -0.1791809365621279 0.4959427571838438 -0.4873123631489378
v -0.1177358907967182 0.5287879550595486 -0.5365935011295857
v -0.118687393002779 0.5146906674282805 -0.4941099808683551
v -0.1200239890765769 0.503994702721956 -0.4515052860691711
v -0.1215744045028835 0.4965781396872422 -0.4088667483086023
v -0.1232368213988044 0.4921778716054966 -0.3662335500174718
v -0.1248870947664471 0.4905844614025226 -0.3236562046158641
v -0.1263997467528329 0.4916051066027435 -0.2811925081266471
v -0.127663916423653 0.4950746587430868 -0.2389074605984904
v -0.1285892227995767 0.5008597436958141 -0.1968774041598198
v -0.1291124897248451 0.5088654161441121 -0.1551927119788939
v -0.1292012767327257 0.5190397334056779 -0.1139597661848838
v -0.1288561767378539 0.5313572956424243 -0.0732940988129481
v -0.1281093795479134 0.5458229716127715 -0.03331805894536318
v -0.1270240345221368 0.5624859648010178 0.00583816619411442
v -0.1256907483317256 0.5814342991670527 0.04403690497279646
v -0.1242206648353249 0.602787904111488 0.08113389910301605
v -0.1227399803483857 0.6266909966362092 0.1169762933198509
v -0.1213708392262355 0.6533070448046229 0.1514080853864985
v -0.1202125379173906 0.6828509470892568 0.1842504492321555
v -0.1194491603767546 0.7153567999939691 0.215370832500368
v -0.1623108731000194 0.7058064604594685 0.2213434601675457
v -0.2035211504931849 0.6947741523983642 0.2300628436779155
v -0.2427963001009858 0.6823535879836848 0.2414480857921584
v -0.2798506691855538 0.6686430983489553 0.255381294091608
v -0.314392756793434 0.6537353056422938 0.27171657404044
v -0.3461464223843236 0.6377494385879541 0.2902667161246166
v -0.3748962517570655 0.6207402715073566 0.3108307528481742
v -0.4004347367862255 0.6027447536599105 0.3331954275040178
v -0.422559631637462 0.5837978692025035 0.3571402211023125
v -0.4411257234555352 0.5639020253422929 0.3824475947562188
v -0.4425380483445501 0.5386574385150124 0.3561832667326411
v -0.4479644069759448 0.5146224324522207 0.3305579628385277
v -0.4572281164218246 0.4918456540016539 0.3058047012504272
v -0.4700362613215139 0.4704637652173918 0.2821476359507521
v -0.4861271206932645 0.4505742376213206 0.2598066884669641
v -0.5052367131096571 0.4322584626369829 0.2389867636579965
v -0.5271062648568842 0.4156022160840933 0.2198741374356386
v -0.5514839584271815 0.4007016593216753 0.202634034206948
v -0.578127272724223 0.3876691038729728 0.1874110783658865
v -0.6067947585971155 0.37662844785899 0.1743125107486594
v -0.6372459603189382 0.3677115206508236 0.1634194171867775
v -0.6692563234183495 0.361063579892456 0.1548000270149792
v -0.7026147192569111 0.3568381376499672 0.1485168515207235
v -0.7371212727585259 0.3551926665580305 0.1446349335043447
v -0.7725881791529928 0.3562848334609941 0.1432163233511426
v -0.7676028621089257 0.3676357853070891 0.1092447804398732
v -0.7629440667350738 0.3757425531264693 0.07398990558595454
v -0.7587437663850294 0.3806255159939725 0.03777015397192257
v -0.7551329499290782 0.3823320332161715 0.0009047542626531685
v -0.7522300021697418 0.3809217958605312 -0.03628235265320108
v -0.75012774756571 0.3764623379224202 -0.0734559480720739
v -0.7488857771544135 0.3690219031574716 -0.1102711635552534
v -0.7485301474613548 0.3586820009004802 -0.1463457413414784
v -0.7490531316531028 0.3455567321859603 -0.1813134922269815
v -0.7504068278759427 0.3297508555154946 -0.2148435479321037
v -0.75251010986242 0.311364356407437 -0.2466153253532501
v -0.7552560315730072 0.2904978391250081 -0.2763234173723133
v -0.7585280010806478 0.2672606402422409 -0.3036726279145334
v -0.7622082658592563 0.2417816134221082 -0.3283831998334237
v -0.728253465137342 0.2406258513797903 -0.3278708256010414
v -0.6950884400884084 0.2406711537067812 -0.3307437691171972
v -0.6629184751107459 0.2418165720852479 -0.3368834914798832
v -0.6319579434666777 0.243959290925584 -0.3461677741642633
v -0.6024293727639957 0.2469974894784896 -0.3584752187216216
v -0.5745643809732913 0.250836864888865 -0.3736812243833317
v -0.5486064729531658 0.255398406014586 -0.3916544476400619
v -0.5247986161308515 0.2606198490353862 -0.4122455277492573
v -0.5033819278372142 0.2664640134843314 -0.4352757680203159
v -0.4846038714258938 0.2729150626825489 -0.4605547132047873
v -0.46871619517908 0.2799738653628509 -0.4878775966200263
v -0.4559731850539211 0.2876521100548713 -0.5170251186130504
v -0.4466253240101916 0.295952790882744 -0.5477558132028884
v -0.4409485545653979 0.3048488546481576 -0.5798054251391772
v -0.4391180498972702 0.3143731863786117 -0.6129453707021539
v -0.4228037047461771 0.3413434789162193 -0.6011810223709055
v -0.4034654826458772 0.3671169862772296 -0.5899784386099052
v -0.3811955418525704 0.3916326698469083 -0.579502998587956
v -0.3561433838049893 0.4147808063826983 -0.5698954413395184
v -0.3284633470523454 0.4364587999839442 -0.561298637130435
v -0.2983177101393595 0.4565582382248498 -0.5538431574881157
v -0.2658799638985868 0.4749545016291045 -0.5476396253055262
v -0.2313828034021893 0.4914885556884976 -0.5427596303524233
v -0.1950439703017379 0.5060471722561336 -0.5392682209071116
v -0.1570885725886325 0.5185100618893467 -0.537205480468278
v -0.08911099531577739 0.5563505931997025 -0.5870357788768344
v -0.08905901347076531 0.5356470730902715 -0.5395263988423296
v -0.08950989277019941 0.519607817685017 -0.4918080075366606
v -0.09029947086762505 0.5079071376692542 -0.443955010628418
v -0.09132194657319988 0.5002324296958716 -0.3960364437916965
v -0.092449372699503 0.4962822156580444 -0.3481295958229133
v -0.0935554024032294 0.4957861493449324 -0.3003190710496269
v -0.09452281963143322 0.4985091602745575 -0.2527011292913767
v -0.09525495522412249 0.5042602126679644 -0.2053868303673866
v -0.09568321951035275 0.5128998174366671 -0.1585057855953247
v -0.09577150579859306 0.5243465470655262 -0.1122086248986234
v -0.09552088633693082 0.5385648953278287 -0.0666583502635211
v -0.09496761743285076 0.5555672835543689 -0.02203189300378456
v -0.09418068642658363 0.5754255699938231 0.02148254181833574
v -0.09325729893506067 0.598263492633189 0.06368624134883365
v -0.09231518942489642 0.6242475131988539 0.1043701447287327
v -0.09148025472663984 0.6535780014015681 0.1433161246875065
v -0.0908809753586063 0.6864808328696971 0.1802947907147285
v -0.09061619815470476 0.7231910312322539 0.2150775304079681
v -0.09085429607277676 0.7639480789658118 0.2474243917962401
v -0.1418551435617263 0.7544864100692151 0.2533073020221731
v -0.1908636593005908 0.7423668040876412 0.2625579995837894
v -0.2373782295086452 0.7278132644826455 0.2750475748282692
v -0.2809303467098057 0.7110282974321758 0.2906176830226634
v -0.321059506736279 0.6922268463827201 0.3090736812034964
v -0.3573455484939475 0.671672104270514 0.3301657571585626
v -0.3894691197295574 0.6495454781032567 0.3536313076017338
v -0.4171338381868725 0.6260110248120906 0.3791945317619436
v -0.4400694597321124 0.6012269698960494 0.4065726795745145
v -0.4580068172603337 0.5753809011183391 0.4354797162279727
v -0.4543922308801124 0.5460770879224291 0.4062963727735686
v -0.4561130301420122 0.518006529370294 0.3776334610961463
v -0.4628639117545473 0.4913451169500683 0.349824439731345
v -0.4742992490934397 0.4663189928122497 0.3231713496200767
v -0.4900584197184179 0.4431004101159836 0.2979705846308652
v -0.5097802869101956 0.4218448241594674 0.2745010774369817
v -0.5331065478379919 0.4026994224030682 0.2530193610923007
v -0.559686529501636 0.3858155124909068 0.2337573018075187
v -0.5891802956156514 0.3713561240458478 0.2169231449225218
v -0.6212418086690118 0.359499552738931 0.202687009493994
v -0.655537211373744 0.3504260912316501 0.191182823993181
v -0.6917513277137378 0.3443266571375171 0.1825314878749664
v -0.7295842995931808 0.341398081921995 0.1768491533737652
v -0.7687476569240462 0.3418363535966135 0.1742542142620184
v -0.808955275410183 0.3458248835969959 0.1748814975121465
v -0.8045887455247187 0.3623517896930875 0.1374794242991988
v -0.8004234400049165 0.3746987942491622 0.09807401586457046
v -0.7965858517740224 0.3828364950395202 0.05711648146973944
v -0.7932018318764894 0.3867754301799537 0.01508252731695592
v -0.7903884353815409 0.386560203418603 -0.02753723073563341
v -0.7882419370658473 0.3822600779548793 -0.07023774669354305
v -0.786827934474101 0.3739615665142149 -0.1125012583104314
v -0.7861813881801319 0.3617847116906829 -0.1537618309265905
v -0.7863051329684636 0.345903243797441 -0.1934789798330462
v -0.7871620087244835 0.3264918544197998 -0.2311672542341369
v -0.7886823240603067 0.3037315350470013 -0.2663638504497679
v -0.7907742286171667 0.2778153006542173 -0.2986323829397389
v -0.7933353134048422 0.2489555082471216 -0.3275667992947834
v -0.7962593168276848 0.2173853915479075 -0.3528003846603329
v -0.7579868690727063 0.2147353502838306 -0.3490337154800213
v -0.7205218040185383 0.213632710873421 -0.349656053945016
v -0.6841772833213788 0.2139864327974955 -0.3544841366492147
v -0.6492629716864944 0.2156859161536833 -0.3633372034686159
v -0.6160946610801805 0.2186161761021516 -0.3760320075430377
v -0.5849979608986865 0.2226668671651491 -0.3923803812174934
v -0.5563114416159405 0.2277399791880397 -0.412184995058379
v -0.5303832535777074 0.2337524573546304 -0.4352182765759622
v -0.5075507568714899 0.2406496509260556 -0.4612230834979227
v -0.4881573239984258 0.2483954579720079 -0.4899255258723178
v -0.4725498505441041 0.2569663690506529 -0.5210309945540862
v -0.4610743076165191 0.2663403430585702 -0.5542205923843629
v -0.4540717520931315 0.2764885309192987 -0.5891523628452791
v -0.4518630942570615 0.2873386403130209 -0.6254521793495829
v -0.454750025320414 0.2988516220088116 -0.6627424069238071
v -0.4392407419201325 0.332064096211758 -0.6507564071719961
v -0.4195127253767275 0.3639879270652719 -0.6394356944843822
v -0.3957449669367551 0.3944042968664138 -0.6289108142486549
v -0.3681331001442085 0.423096133506944 -0.619319523313018
v -0.3368919695857958 0.4498467970745035 -0.6107956597309044
v -0.3022542276481233 0.4744352291435481 -0.6034619261673204
v -0.2644778040719222 0.4966213110244676 -0.5974185296548593
v -0.2239165346460388 0.516118216595714 -0.5927180259688333
v -0.1809172883870016 0.532713117877407 -0.5894094517129141
v -0.1358491761533032 0.5461962571003683 -0.5875169444514885
v -0.05928013593341409 0.5888872781563621 -0.6377453097766331
v -0.05860466702790565 0.5599521645365402 -0.5852435642762941
v -0.05841397586324015 0.5372556316467679 -0.5324264529303765
v -0.05862687183549559 0.5202617309579578 -0.4793499827523395
v -0.05911804100830568 0.5085180681944007 -0.4261055053089811
v -0.05977916633452141 0.5016106943359473 -0.3727966386801621
v -0.06049697790999206 0.4991629732788507 -0.3195417121534793
v -0.06116476557143186 0.5008474184124735 -0.2664756986535745
v -0.06169256332573 0.5063950702857765 -0.2137542603688846
v -0.06201590164616388 0.5156052846402437 -0.1615576227005484
v -0.06210017587488741 0.5283535366529546 -0.1100929980446112
v -0.06194683846387127 0.5445914374100842 -0.05958534169222163
v -0.0615910324193201 0.564345392992206 -0.01028394821499621
v -0.06109801475681335 0.5877193394962367 0.03754626743290122
v -0.0605585280678636 0.6148855157928824 0.08362602502336784
v -0.06007952610413946 0.6460731998224003 0.1276628277412551
v -0.05977393596764539 0.6815571404095878 0.16935170830207
v -0.05974669732076165 0.7216450871208662 0.2083797575279084
v -0.06012206544968453 0.7666774613165768 0.2444234104219864
v -0.06097248571619059 0.8170769689490254 0.2771425524689539
v -0.1217108205039718 0.8083625871877109 0.2826133659424592
v -0.1801311600157707 0.7953146592334761 0.2922366985668604
v -0.2353650991733918 0.7783047928831848 0.3058471572893244
v -0.2866314095994936 0.7577391731426715 0.3232326451367239
v -0.333213472064175 0.734067292051324 0.3441327348407463
v -0.3744963433601999 0.707800536242705 0.3682192084658376
v -0.4100216105383396 0.6793556928014254 0.395147483844376
v -0.439390914680148 0.6491275895154741 0.4245550455131114
v -0.4622603138592824 0.6175019882460989 0.4560685366005267
v -0.4783443915707717 0.5848670233390076 0.4893096537929471
v -0.4680651708896778 0.551812643155805 0.4569945823432114
v -0.464728635871919 0.519778151697214 0.425005449421934
v -0.4679103972887327 0.4891859502182154 0.3937818819109508
v -0.4771731274620956 0.4603640130748144 0.3637544191544951
v -0.4920499924881677 0.4336136296024343 0.3353277087174752
v -0.5120587996231322 0.409198277647028 0.3088827230368156
v -0.5367136817502389 0.3873599369378206 0.2847715505457578
v -0.5655325497000646 0.3683315652767134 0.2633151273885403
v -0.5980429811907213 0.352346593261782 0.2448052795553503
v -0.6337604861642065 0.3396547723434946 0.2294986506036162
v -0.6722272034282527 0.3304987748953955 0.2176060417115028
v -0.7130042373745837 0.3251248708624193 0.2093231008362416
v -0.7556672362709546 0.3237780703241368 0.2048388900337709
v -0.7997995376998261 0.3266929958548994 0.2043462971408053
v -0.8449845975704418 0.3340821106343065 0.208050898545922
v -0.8413118807848032 0.3570122364501633 0.1675621085802133
v -0.8377499134444042 0.3747110269861912 0.12403291529405
v -0.8343921308511785 0.3870410078339475 0.07809439966468155
v -0.831338964293138 0.39393296317293 0.03042532485745685
v -0.8286874807984042 0.3953818291988129 -0.01825366524599423
v -0.8265226509010188 0.3914417697683763 -0.0671895528013082
v -0.8249094322183146 0.382219697304929 -0.1156094478874382
v -0.8238937356103945 0.3678920199450567 -0.1626926776768084
v -0.8234995929131796 0.3487162125004224 -0.2076548574493323
v -0.8237199336365799 0.324978313305395 -0.2497891098656067
v -0.824520894342729 0.2969934295177166 -0.2884378238386444
v -0.8258481783907508 0.2651049535112014 -0.3230028629972655
v -0.8276347863980776 0.2296845993027716 -0.3529525814930629
v -0.8298112809651537 0.191133445579188 -0.3778256261812414
v -0.7870444054001206 0.1870199135020933 -0.3696906446787362
v -0.7450120627643162 0.1848006498642079 -0.3671750670703173
v -0.7041682713827269 0.1843923258221117 -0.3700340033871814
v -0.6649597465629988 0.1856838926896502 -0.3780145390720246
v -0.6278333886168591 0.1885506805916093 -0.3908551885751105
v -0.593243141073026 0.1928666394414782 -0.4082825987197831
v -0.5616542666491474 0.1985125200979369 -0.4300075817190227
v -0.5335543508667707 0.2053793910920579 -0.4556964006484494
v -0.5094112630338286 0.2133863991616171 -0.4849869892966406
v -0.4896955183690059 0.2224639141432958 -0.5174900444753145
v -0.4748755133350063 0.2325464570035969 -0.5527831742933579
v -0.4654102294843355 0.2435616275765164 -0.5904075963215967
v -0.4617381524785958 0.2554139123371081 -0.6298650604247015
v -0.4642682026175782 0.2679901928884732 -0.6706216163585365
v -0.4733737822035763 0.2811177762386252 -0.7120924390543339
v -0.4598391275324675 0.3214454223321521 -0.6996416489201603
v -0.4406090848425326 0.3605408203218555 -0.6880627603024783
v -0.4158799408170154 0.3979987252252223 -0.6774697534318821
v -0.3858837639172403 0.4334218358680308 -0.6679764804789012
v -0.3508928070496936 0.4664059741879816 -0.6596873116015113
v -0.3112233228629107 0.4965348422922395 -0.6526880610930367
v -0.2672466174888062 0.5233678765599603 -0.6470354541858983
v -0.2194779722345395 0.5464070669469402 -0.642729216040992
v -0.1684688978855888 0.5652513806719596 -0.6397654890929979
v -0.1148397166786283 0.5795228496617305 -0.6381182565833421
v -0.02706525670597414 0.6266715263828894 -0.6885835882394494
v -0.02648088230107646 0.587704096238588 -0.6311197558462369
v -0.02622454613690739 0.5569187504338184 -0.5732302011114958
v -0.02624125037503919 0.5335468207941466 -0.5149486704376082
v -0.02646689759223903 0.5169175337659325 -0.4563635289983607
v -0.02682362181740456 0.5064502902187163 -0.397603852793416
v -0.02723891583791324 0.5016280667288029 -0.3388248697261282
v -0.02764234272900052 0.5019995389579004 -0.2802076780733596
v -0.02797359537370978 0.5071915595459076 -0.2219626023401207
v -0.02818915524511814 0.5169207658266545 -0.1643329950185766
v -0.02826538886975217 0.5309991682507953 -0.1075954575287213
v -0.02820376743929579 0.5493628917324218 -0.0520532201724522
v -0.02802872000381261 0.5720642455662069 0.001950683951575521
v -0.02778476051801052 0.5992525106325706 0.05405235440688191
v -0.02753293492322546 0.6311666494076518 0.1038691747247141
v -0.02734369974084853 0.6681215475365104 0.1510019479081788
v -0.02728789208959996 0.7104935654850796 0.195037986566363
v -0.02744111333141266 0.7587175539825254 0.2355520985413293
v -0.02786175972296276 0.8133157917445374 0.2721039577915063
v -0.02859752541454836 0.874906496586404 0.304246102979765
v -0.1010841237517081 0.8678908909644301 0.3088763301213374
v -0.170993417730588 0.8541070342078458 0.3186678334382911
v -0.2368404530766834 0.8341750431367521 0.3334165102087967
v -0.2973345177685039 0.8088781069248958 0.3528412398563168
v -0.3514046254831292 0.7790951627948558 0.3765874240183042
v -0.3982100406350798 0.7457057031111174 0.4042385992846161
v -0.4371076776434145 0.7095415439427296 0.435343759061448
v -0.4676054633025139 0.6713767391228408 0.4694228332696955
v -0.4893397822519518 0.6319209725802136 0.5059797387332715
v -0.502048069987979 0.5918317623108281 0.5445127764093795
v -0.4834055008112905 0.5555457142391602 0.5088178857318295
v -0.4735600105047321 0.5198620185713401 0.473101554735352
v -0.4720424211654152 0.485403842852505 0.4379920772076883
v -0.4783054686712714 0.4527141153142948 0.4040866545340881
v -0.4917559579612332 0.4222626891499311 0.3719462891596091
v -0.5117648860640805 0.3944705412876004 0.3420910940472525
v -0.5376834035689938 0.3697173946846025 0.3149995759179347
v -0.5688558137463053 0.3483523933227547 0.2911070616546124
v -0.6046288695443597 0.3307008896978293 0.2708069310493412
v -0.6443427518986504 0.317101616192405 0.2544690901565827
v -0.6873823371158574 0.3078762484529846 0.2424158649074761
v -0.7331447495093928 0.3033351405514977 0.2349470337931961
v -0.7810376461593556 0.3037756316533695 0.2323482877900943
v -0.8304720200845348 0.309474892248462 0.2348989523688717
v -0.8808508689175216 0.3206798064159904 0.2428739285390308
v -0.8778412262794332 0.3513430317729899 0.1998043622655619
v -0.8749179027509317 0.3756271556564757 0.152278766601654
v -0.8721211401689956 0.3932188114197177 0.1011358622395997
v -0.8694934197451928 0.4039002471122128 0.04730891809798698
v -0.8670780361818979 0.407560197326745 -0.008175594343576993
v -0.8649210129945883 0.4042055854007742 -0.06421220668814048
v -0.8630744321750767 0.3939698820140879 -0.1196489795512588
v -0.8615975744391096 0.3771161965114235 -0.1733323174307485
v -0.8605502429760772 0.354006397818145 -0.224147487758475
v -0.8599892386717833 0.3250992916183789 -0.2710674256771129
v -0.8599565572280028 0.2909225655157948 -0.3131786080937777
v -0.8604720322938872 0.2520497685505619 -0.3496949228891789
v -0.8615320922337243 0.2090859256393988 -0.3799558297940747
v -0.8631148443809319 0.1626615511016812 -0.4034160848597253
v -0.8156855189395286 0.1572496282068556 -0.389698107088762
v -0.7687872954609065 0.1540689804998881 -0.3830835629265495
v -0.7230655160738078 0.1530347855218759 -0.3832711260480199
v -0.6791496027157488 0.1540352131109995 -0.389928075024567
v -0.6376630466436235 0.156940480827134 -0.4026958658400321
v -0.5992301209542654 0.1616123611718492 -0.4211888057185111
v -0.5644775772406885 0.1679098765681392 -0.4449896048953592
v -0.5340701877725895 0.1756940132465974 -0.4736271295582777
v -0.5086530608981978 0.1848464135789101 -0.5066086890268925
v -0.4888644636210475 0.1952451589803467 -0.5433909482510947
v -0.4753275624987135 0.2067598254182305 -0.5833760178585172
v -0.4686376793418024 0.2192419728137723 -0.625908564991939
v -0.4693471352375028 0.232517571944847 -0.6702736398746464
v -0.4779489965876555 0.2463703492580337 -0.7156907107538303
v -0.4948503381622565 0.2605269653206804 -0.7613136220346194
v -0.4846904295507916 0.3087838687465546 -0.7478765956977449
v -0.4670345045866908 0.3560793270459369 -0.7356957673094693
v -0.4420442914912124 0.4018090991332633 -0.7248766183423623
v -0.4099417748411451 0.4453302016360725 -0.7155003051754604
v -0.3710278446373609 0.485953987988066 -0.707612381183508
v -0.3257033774856798 0.5229446150807175 -0.7012131992291384
v -0.2744914524743032 0.5555279381389788 -0.6962546926882669
v -0.2180761961578826 0.5829029606731247 -0.6926443755396555
v -0.1573191361951283 0.604309522116514 -0.6902518303544485
v -0.09325441145336612 0.6190745434539916 -0.6889382370744969
v 0.5290457472263022 0.2291487335204212 -0.8079628646011587
v 0.5017767738795292 0.2149710320860408 -0.7579354288280581
v 0.484903404346633 0.2005919937062408 -0.7070998424196462
v 0.4780083159068149 0.1863592048007663 -0.656730762231893
v 0.4805410532852817 0.1725924856803726 -0.607978327647853
v 0.4918317508426236 0.1595839321917255 -0.561880257744626
v 0.5111246110872314 0.1475995291540127 -0.5193734438153478
v 0.5376046443643663 0.1368804129449742 -0.4813035627535862
v 0.5704186661568165 0.1276422442540617 -0.4484268404957678
v 0.6086794900250215 0.1200692812247691 -0.4213897727947311
v 0.6515152500450498 0.114345504519337 -0.4008432959932631
v 0.6981146237577786 0.1106437915287337 -0.387402866304599
v 0.7476407588617522 0.1091159242479255 -0.381614456361665
v 0.7992537903063064 0.1098980323027618 -0.3839748410761125
v 0.8521062704736267 0.1131100246331706 -0.3949320146767193
v 0.9053237784658413 0.1188516841544331 -0.4148771600221619
v 0.9061697605030803 0.1744600840185574 -0.3947001656694524
v 0.9074245003464761 0.2263794639809618 -0.3654583770143824
v 0.9089515431523121 0.2736632183329658 -0.3277425182197744
v 0.910590295827764 0.315338555119293 -0.2823295010148764
v 0.9121617081810891 0.3504560326457715 -0.2302388066856583
v 0.9134979674250089 0.3781429214358749 -0.1727596420495937
v 0.91448505214932 0.3976849280860806 -0.1114711692982123
v 0.9151000549316047 0.4086620343515371 -0.0479610411146415
v 0.9153518053540567 0.4107063433454498 0.0161869560587515
v 0.9153254183650877 0.4036963584861517 0.07922098990917416
v 0.9151553865449231 0.387784761155709 0.1395601681661112
v 0.9149797916687132 0.3633172682201526 0.1958156016284742
v 0.9149113912199237 0.330776733298236 0.2467934139273885
v 0.9150341031534981 0.2907144156763632 0.2914666551071345
v 0.8603541061150234 0.2765253973229333 0.2774232687378616
v 0.8062775627565942 0.2688277788870642 0.2702413998614456
v 0.7536521285227049 0.2673397609906315 0.2695964208517018
v 0.7033016809306383 0.271738581116548 0.2751234095533179
v 0.6560469170707354 0.2816702137833724 0.2864262739050745
v 0.6127112251597272 0.2967485750631292 0.303077252137605
v 0.5740990686771301 0.3165400725739266 0.3246013785193874
v 0.5410770222628258 0.3405858759058533 0.3504988213512216
v 0.5145425664676907 0.3684313847022895 0.3802789798157495
v 0.4953638959987629 0.3995436736161934 0.4133713095042384
v 0.4843774318589853 0.4333247795436387 0.4491399409405826
v 0.4823666061317988 0.4691114234345474 0.4868814896290853
v 0.4900346486290596 0.5061693802650461 0.525816546032668
v 0.5079697233349215 0.5436862507576641 0.5650810523336023
v 0.5366304716683327 0.5807666350958828 0.6037143152703524
v 0.5310754631490704 0.6241501765083808 0.5622623074001347
v 0.515984471788444 0.6680681660136937 0.5227683688304322
v 0.4913991338176558 0.7118768996854762 0.4856981282245661
v 0.4574501565646624 0.7547846632322517 0.4515277611667274
v 0.4143900199354958 0.7958319413553034 0.4207224807688554
v 0.3626861912346894 0.8338679019347167 0.3937251841380543
v 0.303115661090967 0.8676432406387301 0.3709267977711799
v 0.2363735238587327 0.8961721509836226 0.3526900048284932
v 0.1637609479056531 0.9180269306157679 0.3393807268979088
v 0.08691850851871578 0.9320807752803713 0.3312580488530525
v 0.08760498995573764 0.6639620632806339 -0.7392594291260428
v 0.1638591834168736 0.6477456955452628 -0.7394654405983886
v 0.2357940149389937 0.6221012730283487 -0.7403159603709834
v 0.3017466432820126 0.5882402579488979 -0.7422033372378298
v 0.3604331167361243 0.5476876758839401 -0.745576899649056
v 0.4111829072446286 0.5015412487472936 -0.7506400314072627
v 0.4532635389868129 0.4511378007239266 -0.7577021613321293
v 0.4862556662263505 0.397717358884302 -0.7669555420314227
v 0.5099434753532414 0.3423369624881 -0.7784593158852935
v 0.5242182099153941 0.2858955869571343 -0.7921672760131868
v 0.4225061757879092 0.4264219048133693 -0.1130140445621846
v 0.4181728062526319 0.4134623074685657 -0.1717817914612194
v 0.4205010464460878 0.413415839779209 -0.1683152970886341
v 0.4229486066772907 0.413295323049915 -0.1649725054332861
v 0.4255176612321186 0.4130962024575569 -0.1617637442609964
v 0.4282100597710317 0.4128142479025344 -0.1586990580848441
v 0.431025743139542 0.4124464472195026 -0.1557884158457807
v 0.4339618685676629 0.41199218757179 -0.1530426780664161
v 0.4370138578985701 0.4114529686470147 -0.1504732610725077
v 0.4401784338227492 0.4108284478739058 -0.1480874350310154
v 0.4434510734079358 0.4101190432738381 -0.1458907303953939
v 0.4468267969248291 0.409325546741596 -0.1438868422903225
v 0.450298573418498 0.4084502466986248 -0.1420767809926477
v 0.4538561094167251 0.4074979656044141 -0.1404561947361357
v 0.4574917358097955 0.406472717766684 -0.1390234835106635
v 0.461197204166409 0.4053794874963199 -0.1377754174965585
v 0.4649637840684887 0.4042240989041223 -0.1367071386841375
v 0.4636898708672159 0.4056462350525195 -0.1330107114322565
v 0.4625922447262825 0.4070086077130829 -0.1292608163133814
v 0.4616806377437158 0.4083078108526901 -0.1254615967082802
v 0.4609631847296191 0.4095408257599579 -0.1216169448054766
v 0.4604468397615675 0.4107043916620436 -0.1177322728484601
v 0.4601404650834862 0.4117905212944564 -0.1138160888866392
v 0.4600474812702892 0.4127961299120736 -0.1098737862465974
v 0.4601689848926959 0.4137191710151555 -0.1059115125808469
v 0.4605039057216712 0.414558603578054 -0.1019356702205667
v 0.4610488946361051 0.4153146151577404 -0.09795236873245922
v 0.4617953941806359 0.4159900016702902 -0.09397329112306425
v 0.4627365167181193 0.4165851249891878 -0.09000468923658034
v 0.4638641517656761 0.4171008825055575 -0.08605123904603018
v 0.4651685997490799 0.4175383608688059 -0.08211818626371468
v 0.4613789952741111 0.4190735615279726 -0.08168093734355367
v 0.4576523247977963 0.4206363995123915 -0.08105492870730087
v 0.4539974705651631 0.4222239297972155 -0.08023297626438547
v 0.4504228656981308 0.4238331534787746 -0.07920977561897964
v 0.4469362503496998 0.4254612086939972 -0.07798203656827203
v 0.4435478037950416 0.427106225961209 -0.07654326858454008
v 0.4402644589482211 0.4287656834803077 -0.07489353950774962
v 0.4370911891526837 0.4304371226407714 -0.07303590783153148
v 0.4340325017757934 0.4321175840559635 -0.07097518978710525
v 0.4310916320257067 0.4338039720885949 -0.06871811209673064
v 0.4282730465113898 0.4354898168575713 -0.06627383290807497
v 0.4255796394384758 0.4371705341957065 -0.06365219029949545
v 0.4230113106221465 0.4388442459362947 -0.06086353845985027
v 0.4205660141998169 0.4405101179583898 -0.05791893110868353
v 0.4182413852976327 0.442167506858622 -0.05482976620299268
v 0.4158410073171958 0.4424282909881023 -0.0577369920967441
v 0.4133214049991878 0.442769132561282 -0.0604878224859272
v 0.4106831987689372 0.4431934670259787 -0.06307056762384779
v 0.4079285177594795 0.4437034116308295 -0.06547488588046156
v 0.4050605261133859 0.4443005147700023 -0.06769142182185994
v 0.4020837063382249 0.444985334590316 -0.06971240549303183
v 0.3989999143684208 0.4457619674310614 -0.07152947816619447
v 0.3958157812289242 0.4466289338665509 -0.07313859135247709
v 0.3925386704322751 0.4475834217685075 -0.07453826155731352
v 0.3891764114961867 0.44862199711705 -0.07572897333652695
v 0.3857371025845998 0.4497405565275259 -0.07671324965402908
v 0.3870791933014189 0.4482195566011016 -0.08067694486386556
v 0.3882996337947562 0.4467441945945819 -0.08467166559430557
v 0.3893883191749388 0.4453174974351842 -0.08869701406555668
v 0.3903361075380443 0.4439426344072511 -0.0927520445609698
v 0.3911345702904822 0.4426223124965968 -0.09683576100233918
v 0.3917780347551356 0.4413567889688165 -0.1009491492225768
v 0.3922626998991628 0.4401464614366551 -0.1050922702984101
v 0.392584788221128 0.4389939706425167 -0.1092612690989852
v 0.39274185086529 0.4379015015810279 -0.1134519488576235
v 0.3927325923507804 0.4368706301874742 -0.1176601318313479
v 0.3925569656549326 0.4359027196676134 -0.1218804499531914
v 0.3922162266071582 0.4349983112590682 -0.1261085295786268
v 0.391712768656147 0.43415745041744 -0.1303396111792323
v 0.3910503064949658 0.4333796114689 -0.1345691804313945
v 0.3902328445101076 0.432664161304121 -0.1387971996201639
v 0.3892662106105502 0.4320101830767246 -0.1430246240748429
v 0.3881588690714149 0.4314156987238519 -0.1472493735544419
v 0.386919943509668 0.4308783243319669 -0.151468993792798
v 0.3855595870996823 0.4303955575757449 -0.1556817961033544
v 0.389019962777186 0.4289393848998871 -0.1560452698066427
v 0.3924013657822741 0.4274585191939832 -0.1566311539731469
v 0.3956955630354833 0.4259554696769638 -0.1574435867928415
v 0.3988946111201158 0.4244331011029853 -0.1584845601412856
v 0.4019910710271046 0.4228946265803679 -0.1597539914821496
v 0.4049781328736853 0.4213432933996172 -0.1612486395940543
v 0.4078537263531577 0.4197796843307884 -0.1629587709213441
v 0.4106135448654304 0.4182068585052588 -0.1648770087972904
v 0.4132544536264706 0.4166278169629208 -0.1669941227832896
v 0.4157743880391185 0.4150454987167246 -0.1692997823727353
v 0.4149821582505088 0.4000675593985806 -0.2300635138548182
v 0.4194369768179668 0.3999224139482937 -0.2230889558489637
v 0.4241538983557023 0.3996424480191057 -0.2163561833016861
v 0.4291320453657624 0.3992132826091541 -0.2098827740331758
v 0.4343649473994032 0.3986323603231549 -0.2037003366410428
v 0.439850108613997 0.3979047314747357 -0.1978449477849238
v 0.4455908852997077 0.3970238353210848 -0.1923327470404665
v 0.4515811239350158 0.3959861695965859 -0.1871792349351021
v 0.4578114700566332 0.3947901205436714 -0.182397010974729
v 0.4642654363762145 0.3934403004048376 -0.1779983795198248
v 0.4709298653546564 0.3919410705920723 -0.1739900124613468
v 0.4777854596613845 0.390301782575213 -0.1703756342036555
v 0.4848200251712592 0.3885292282280771 -0.1671561881384515
v 0.4920161680096873 0.3866291039787947 -0.164325029364358
v 0.499347752811705 0.3846104701052206 -0.161861496427879
v 0.5067974091918567 0.3824920131348334 -0.1597600415389219
v 0.5043253429875765 0.3854264863977367 -0.1525244567574356
v 0.5021858656180578 0.3882297455224059 -0.1451661610953189
v 0.500401862076984 0.3909009863536393 -0.1376992366988151
v 0.4990024152046963 0.3934145775456589 -0.1301345280445383
v 0.4980017367614057 0.3957600022340997 -0.1224800768976603
v 0.4974090675569566 0.3979331264892449 -0.1147465011202142
v 0.4972322054174623 0.3999290834368582 -0.1069509520848188
v 0.4974741473472588 0.4017422540887355 -0.09911075511242909
v 0.4981323000052025 0.4033693545580356 -0.0912437179768236
v 0.4991991677762018 0.4048065476309022 -0.08336748708246643
v 0.5006654246776172 0.4060526110590441 -0.07549319296327643
v 0.5025169527852118 0.4071129046441833 -0.06763304349414107
v 0.5047256673443125 0.4080042638116188 -0.05980945629131954
v 0.5072690784955072 0.4087208534251494 -0.05203482850344356
v 0.4997694736078986 0.4116096118655369 -0.05108954359244256
v 0.4923922813632363 0.4145760734114648 -0.04977672170553149
v 0.4851549334785414 0.4176062177362886 -0.04808227385464427
v 0.4780833638455321 0.4207029166152547 -0.04598288163195072
v 0.4711944908047915 0.4238640742155007 -0.0434705019705395
v 0.4645009600336693 0.4270828664217601 -0.04054277010032596
v 0.4580220053992485 0.4303495514677383 -0.03719824747412494
v 0.4517706486413934 0.4336572676544485 -0.03344082182580805
v 0.4457633217359965 0.4369964959497933 -0.02927893167890526
v 0.4400092109210431 0.440363009259312 -0.02472461897855065
v 0.4345143220584475 0.4437528289164731 -0.01979350833983166
v 0.429275028235812 0.4471640912946208 -0.01450363946613105
v 0.4242935590663219 0.450575841769343 -0.008883727427898483
v 0.4195766810408726 0.4539756480838003 -0.002962518074712494
v 0.4151248146517666 0.4573686338904598 0.003237414306798251
v 0.4102879617540789 0.4580980816199836 -0.002468192799673459
v 0.405211098897737 0.4589635922024157 -0.007870562664486344
v 0.3998996408246998 0.4599784726873652 -0.01294426998960724
v 0.394356295849102 0.4611505332849671 -0.01766756573437725
v 0.3885731537679707 0.4624842401675928 -0.02201932659161842
v 0.3825609973174365 0.463978793415693 -0.02598627864436782
v 0.3763294242439912 0.4656376849556634 -0.02955332301280987
v 0.3698903774651153 0.4674603933278368 -0.0327107798138097
v 0.3632636342110608 0.4694530630227178 -0.03544820937409732
v 0.3564657834565657 0.4716116344084186 -0.03776360056262996
v 0.3495089861139071 0.4739238026656593 -0.03966116071740121
v 0.3520118096543765 0.4707287895550226 -0.04767008631042686
v 0.354291716967557 0.4676519329509448 -0.05573648725986493
v 0.3563238464055118 0.4646944429155961 -0.06385826922050077
v 0.3580903772684407 0.4618449683549288 -0.07204777638361576
v 0.3595848379414955 0.4591073150381435 -0.08030808034608727
v 0.3607986895211882 0.4564945694386355 -0.0886278329246262
v 0.3617183482379145 0.4540118592809896 -0.09699942545491969
v 0.3623320812621674 0.451661292326175 -0.1054177786409178
v 0.3626321420021825 0.449443777359695 -0.1138770837229901
v 0.3626156109220822 0.4473600870750351 -0.1223730797782341
v 0.3622824603761609 0.4454125853958217 -0.1308962594636689
v 0.3616358199961055 0.4436021787064336 -0.1394422785620128
v 0.3606835385638303 0.4419305264669098 -0.1480058671005548
v 0.3594374037769088 0.4403979211212671 -0.1565811860908869
v 0.3579109981047139 0.43900344526714 -0.1651593979154262
v 0.3561124643755655 0.4377413394121314 -0.1737242691758772
v 0.3540485418338917 0.4366062619071183 -0.182277231929932
v 0.3517379226090026 0.4356015167173429 -0.190835851931712
v 0.3492054718668712 0.4347267871989232 -0.1993972040251007
v 0.3561999492806521 0.4317865429972707 -0.2000169149115111
v 0.3630319423370334 0.4287886155954895 -0.2010833329076354
v 0.3696891251818151 0.4257419918627985 -0.2026056168850843
v 0.3761540222125551 0.4226511380153414 -0.2045832147314191
v 0.382406372682901 0.4195162694985851 -0.2070039336377567
v 0.3884339949185344 0.4163425986624212 -0.2098590069047049
v 0.394227068334212 0.4131342490503315 -0.213132623041461
v 0.3997748187786551 0.4098981259752976 -0.2168132979022023
v 0.4050850755484963 0.406639986237551 -0.2208787732086169
v 0.4101559933810666 0.4033630889919963 -0.2253053046062305
v 0.4131988314772604 0.3865687781144264 -0.287521550045473
v 0.4194526263010377 0.3861188919390482 -0.2770068140449911
v 0.4261464322431989 0.385498650557032 -0.2668370115076916
v 0.4332560676066937 0.3846941312463458 -0.2570668588044412
v 0.4407949875785135 0.3837244842479779 -0.2477703573275851
v 0.4487708378181225 0.3825731874261039 -0.2389651085635013
v 0.4571642590558843 0.3812299140141803 -0.2306803001233819
v 0.4659607739438281 0.379688549771684 -0.2229410403230736
v 0.4751378918387592 0.3779491259762287 -0.2157713476330952
v 0.4846686691074185 0.3760191248946192 -0.2091916064577537
v 0.4945340171385897 0.3739049430407617 -0.2032112092750882
v 0.5047017234841675 0.3716211420185355 -0.1978368004861424
v 0.5151432788992905 0.3691870598970823 -0.1930696659885524
v 0.5258385582410258 0.3666215403527163 -0.1889075052775722
v 0.5367538493905714 0.3639289366810693 -0.1853270751986348
v 0.547843513890383 0.3611303702927893 -0.1823006963991148
v 0.5443416268634742 0.3657874198400215 -0.1717027246249122
v 0.541297707017303 0.3702185399231225 -0.1608998004041997
v 0.5387648618026614 0.3743922005786863 -0.1499062107925678
v 0.5367725030152748 0.3782777422429331 -0.1387271308034982
v 0.5353440027602856 0.3818704615238739 -0.1273859624860112
v 0.5344998350029224 0.3851648186659965 -0.1159085852172658
v 0.5342541117065833 0.3881511066078357 -0.1043251454978499
v 0.5346108966513659 0.3908199833353758 -0.09266353097759783
v 0.5355666691507101 0.3931664706014555 -0.08095244659667782
v 0.5371083003696107 0.3951847024725363 -0.06922310791518176
v 0.5392154262786171 0.3968674353077615 -0.05750138041821174
v 0.5418650016256348 0.3982078533498532 -0.04580960829068623
v 0.5450280767799008 0.3992296242177699 -0.03416747424924235
v 0.5486528115719743 0.3999534879934404 -0.02260377125846593
v 0.5374809642236932 0.4038987809953308 -0.02110151707953177
v 0.5264904785419291 0.4080041621097698 -0.01906001972177438
v 0.5157271414602157 0.4122663570064659 -0.01644331955300223
v 0.5052236453695809 0.4166921457439692 -0.01322934308119462
v 0.4950002897472587 0.4212655230629072 -0.009406992028525541
v 0.4850857550615174 0.4259689580725286 -0.004967788124659563
v 0.4755120087827976 0.4307870442756137 8.974311811442883e-05
v 0.4662979938765585 0.4357098245845575 0.005760256085598304
v 0.4574706293812666 0.4407216276740625 0.01202963862162396
v 0.4490522005715318 0.4458118127661594 0.01887687899544666
v 0.4410570959900912 0.4509744154898911 0.02627675389100344
v 0.4335045869533932 0.4562058230774318 0.03419864714022939
v 0.4263866198370437 0.4615122947208091 0.04261794664208823
v 0.4196890751223588 0.4668424192490997 0.05147991751255056
v 0.413437046847665 0.472184128604871 0.06073030298634801
v 0.4061892771857769 0.4737028255031268 0.0523616105156114
v 0.3985714996141286 0.4753825521047322 0.04443096724789734
v 0.3905983850014959 0.4772498362260698 0.03697441704403522
v 0.3822385128405308 0.4793082315944863 0.03003596013633362
v 0.3735062627720631 0.4815647196904662 0.02364190570076791
v 0.3644156744222598 0.4840287851212798 0.01781906445460751
v 0.3549812457094358 0.4867078107636396 0.01259261711905853
v 0.345222302845432 0.4896004039035565 0.007977481935331317
v 0.3351600567515597 0.4927063226507021 0.003987222211101842
v 0.3248351201342228 0.4960414481843404 0.0006289329103383262
v 0.3142665872302889 0.4995916094098967 -0.002096135339872067
v 0.3176385065979704 0.4943921642814805 -0.01415488952479813
v 0.3207197625300345 0.4894287594531318 -0.0263010380193898
v 0.3234642707466756 0.4846604229925321 -0.03855677399098541
v 0.3258769581218757 0.4801088799258347 -0.05093669939145638
v 0.3279400190388413 0.475798485618979 -0.06341932280984637
v 0.3296183353044173 0.4717195606686372 -0.07599726835850716
v 0.3308903756234651 0.4678680192581202 -0.08866586304248021
v 0.3317407698357515 0.4642457451465444 -0.1014126266410826
v 0.3321574113129179 0.4608521720012167 -0.1142290583819332
v 0.3321357733216038 0.4576894158285463 -0.1271077528845296
v 0.3316758302758532 0.454761129976619 -0.1400339955593198
v 0.3307824255633784 0.4520681935536581 -0.1529998954644112
v 0.3294679818038991 0.449614391739706 -0.1659981849085864
v 0.3277479598889461 0.4474038210049994 -0.1790176791058068
v 0.3256440552862571 0.4454413135006524 -0.1920556140073676
v 0.3231916438850044 0.4437380918242956 -0.2051100248717113
v 0.3204080834158682 0.442284258809246 -0.2181510501082574
v 0.3172888987344862 0.4410533631303891 -0.2311825381258928
v 0.313881501188279 0.4400685720672608 -0.2442449124543865
v 0.3244994052830324 0.4356498119864103 -0.2450150262730754
v 0.3348691229437771 0.4311273163328849 -0.2464539409619901
v 0.3449697699201755 0.4265135836145917 -0.2485658527641282
v 0.3547599188418474 0.4217994792616841 -0.2513372368282787
v 0.3642176225362964 0.4169919558922596 -0.2547551000299091
v 0.3733232017481917 0.4120995728824731 -0.2588063261764261
v 0.3820617883860657 0.4071277657654533 -0.2634636222627232
v 0.3904191473778694 0.4020807446091207 -0.2686976763333169
v 0.3983808793925891 0.3969645916944129 -0.2744812983600097
v 0.4059784619265502 0.3917959310329638 -0.2807710376259075
v 0.4131049717812175 0.3732165167484001 -0.3439086889670785
v 0.420687434999354 0.3721337304852513 -0.3298106903553956
v 0.4289300394876684 0.3708798966775752 -0.316152664215455
v 0.4378204825538989 0.3694897547716086 -0.3030861144846228
v 0.4473924938093858 0.3679572480485249 -0.2906480438466728
v 0.4576118155773556 0.3662535043196089 -0.2788773936139521
v 0.4684510801004847 0.3643657123200666 -0.2678198924595737
v 0.4798841355437461 0.3622821800150286 -0.2575083116463101
v 0.4918678629127114 0.3600044524095902 -0.2479804867504675
v 0.5043639481854272 0.3575426253373594 -0.2392659752970264
v 0.5173418449422145 0.3549080397040627 -0.2313785046227501
v 0.5307561056536368 0.3521203076366926 -0.2243291509229946
v 0.5445589412531461 0.349209862684182 -0.2181241658099267
v 0.5587180061426557 0.3462110523537604 -0.2127628582495638
v 0.5732120669588203 0.3431558167036798 -0.2082402995724675
v 0.5879413096563807 0.3400273514874957 -0.2044884933570062
v 0.5836619462335928 0.346727649948271 -0.1907300796915707
v 0.5799242652354403 0.353070359363524 -0.1766602404375438
v 0.5768089613450207 0.3589534959058854 -0.1622588294548069
v 0.5743474374186303 0.3643751675218495 -0.147558685192171
v 0.5725793193018273 0.3693316865416796 -0.1325997390203712
v 0.5715385413369357 0.3738147740110294 -0.1174256795884605
v 0.5712460307246565 0.3778093658168284 -0.1020833094143662
v 0.5717069175100398 0.381301634229092 -0.08661614993951665
v 0.5729166609975631 0.3842831086997643 -0.0710690497087543
v 0.5748559839874582 0.386744775695031 -0.05549029127069455
v 0.5774920274539642 0.3886731985294596 -0.03992269759429288
v 0.5807852890320834 0.3900528896772794 -0.02440321021469879
v 0.5847033667117824 0.3908702824177515 -0.008961385789183358
v 0.5891699055663505 0.3912213118055162 0.006369369056171979
v 0.5743168921227254 0.3958225045531692 0.00842753823909531
v 0.5597120432677544 0.4007141538564011 0.01120083775295882
v 0.5454508561555582 0.4059459447788137 0.01474160358735385
v 0.5315553457900514 0.4114906715597562 0.01906951892162802
v 0.5180579335717188 0.4173181056673146 0.02420180605542883
v 0.5050062829097935 0.4233989982680873 0.03014823611595965
v 0.49244544164013 0.4297116053748661 0.03690885978778692
v 0.4804057444198594 0.4362397491390251 0.04447702662925603
v 0.4689255208238004 0.4429612877153458 0.05283176732954704
v 0.458047801284132 0.4498584073583957 0.06194102327758693
v 0.4477986312706373 0.4569269616970755 0.07177017655844428
v 0.4382054739594325 0.4641577065769542 0.08227279738443045
v 0.4293028875467707 0.4715596985119725 0.09340067400462124
v 0.4210557043870498 0.4791205441077798 0.1051173963701556
v 0.4134783641461438 0.4867396633268581 0.1173085124058978
v 0.4039040110286834 0.4894806683893333 0.1064273032915329
v 0.3938291527811672 0.4923626511537832 0.09608971858070094
v 0.3832068844397426 0.4954169264464704 0.08637640667797017
v 0.3720332922726317 0.4986461687589947 0.07733175621127859
v 0.36033025345641 0.5020697073106846 0.06899587049631002
v 0.3481163966811899 0.5057078708925569 0.06141226283687966
v 0.3354133915610642 0.5095714763752075 0.0546171343559264
v 0.3222492673353292 0.5136588351588995 0.0486327336659753
v 0.3086555746661272 0.5179742603650237 0.04348173204041657
v 0.2946721863446042 0.5225206580224426 0.03917321227117535
v 0.2803559580592331 0.5273234087766032 0.03571159057393788
v 0.2842160473036756 0.5196165692560512 0.01968157110613358
v 0.28775592438535 0.512313388137058 0.003510249125658624
v 0.2909463257179711 0.5053602294960566 -0.01286675781976248
v 0.2937944644894778 0.4988356999913357 -0.02942755306382819
v 0.2962352878209069 0.4927058801505577 -0.046152914324409
v 0.2982303465068368 0.4869538890796202 -0.06303743476196921
v 0.2997525923210367 0.4815827846256272 -0.08005993212321609
v 0.3007726867657182 0.4765815852405297 -0.09720494542742694
v 0.3012733332540857 0.4719446280684042 -0.1144626194286777
v 0.3012486182756977 0.4676767567634409 -0.131818084146303
v 0.3006985503529956 0.4637827978466149 -0.1492514449492249
v 0.2996293733295479 0.4602644861724765 -0.1667471111385878
v 0.2980589541386856 0.4571298128195565 -0.1842986979822977
v 0.2960171088093008 0.4543947032117698 -0.2018983273745759
v 0.2935308027437969 0.4520666375584007 -0.2195259261265753
v 0.2906389595322623 0.4501613425366087 -0.2371851722966433
v 0.2874067116293458 0.4487162982935759 -0.2548747400965454
v 0.2838259501066772 0.4476757920770332 -0.2725390821806721
v 0.2799290537221221 0.447052606762611 -0.2902647050223326
v 0.2942997190558259 0.4411881254105622 -0.2910878264896661
v 0.3083325990651892 0.4351568513779471 -0.2927909535172037
v 0.3219662861031 0.4289372703756531 -0.2953566378196605
v 0.3351606773172617 0.422533166626224 -0.2987748980002646
v 0.3478829431912916 0.4159519787381726 -0.3030220782077082
v 0.3601045233981629 0.4092061174652126 -0.3080783764174219
v 0.3718031909804352 0.4023031657878958 -0.3139044464088371
v 0.3829598438343918 0.3952455331692367 -0.3204498692982765
v 0.393552599557156 0.3880348061736905 -0.3276685202000417
v 0.4035837594432705 0.3806880128539868 -0.3355185049159592
v 0.414995592438824 0.3601340216589623 -0.3990883836184703
v 0.4232945710965965 0.3580255267990424 -0.3813405257812311
v 0.4325337301463597 0.35579003502567 -0.3641455404638597
v 0.4427780964298477 0.3535372056043923 -0.3477290402524605
v 0.454005456484066 0.3512079500270233 -0.3321022628786244
v 0.4661567223415315 0.3487814120670534 -0.3173508422215986
v 0.479200040438224 0.3462270917890379 -0.3035103957692472
v 0.4930712459810816 0.3435316235893973 -0.2906383983933743
v 0.5077087803409867 0.3406989747427291 -0.2787898463007051
v 0.5230580067305854 0.3377414811574826 -0.268004962978078
v 0.5390716858200728 0.3346769552204163 -0.2583053592903518
v 0.555688866519398 0.3315327149734649 -0.2497099400064024
v 0.5728420370530609 0.3283481923243891 -0.2422315431432476
v 0.5904710520285167 0.3251748192543244 -0.2358802691855222
v 0.6085527011695563 0.3220755755405123 -0.2306635272176303
v 0.6269840089900234 0.3190222977981964 -0.2265108319996778
v 0.6222339498012569 0.3282210536545769 -0.2098409394674997
v 0.6180761774130497 0.3368261771540274 -0.1926765040842388
v 0.6145792476652849 0.3447211260445788 -0.1749842200584707
v 0.6118021599663845 0.3519169678610684 -0.1568361482878648
v 0.6098047451301679 0.35841228130728 -0.1382957654376705
v 0.6086380914154048 0.3641910137296275 -0.1194312082429096
v 0.6083264519114978 0.3692348538925482 -0.1003084623947116
v 0.6088771823104505 0.3735226860444602 -0.08099655338760504
v 0.6102837531312529 0.3770403355354986 -0.06156644863465724
v 0.6125231646452672 0.3797727585765095 -0.04208519896208848
v 0.6155471379690646 0.381701685242415 -0.02262063284140944
v 0.6192957661329314 0.3827987616231084 -0.00322992112295557
v 0.6237097302819744 0.3830205141924893 0.0160291869040909
v 0.628722694598927 0.3824813186254841 0.0351277763862899
v 0.6101159717409843 0.387229309240854 0.03765580201204557
v 0.591876365450424 0.3925128806200949 0.04110105853632327
v 0.5741027191000714 0.3983910889712501 0.04551238794410065
v 0.5568193100215665 0.4048031860664822 0.05091318316313313
v 0.5400858294984382 0.4116993893197356 0.05731990314498591
v 0.523968782002364 0.4190399221675782 0.0647409382487618
v 0.5085290958633868 0.4267925616713986 0.07317321883198313
v 0.4938137782306699 0.4349319955064889 0.08260636245165767
v 0.4798775035092482 0.4434294267103583 0.09301105224455358
v 0.4667819081681812 0.4522572049640405 0.1043413739133035
v 0.4545916374718136 0.4614023140459941 0.1165408330385553
v 0.4433388826421649 0.4708760311929702 0.1295625360162995
v 0.4330835110119926 0.4806590363930096 0.1433218530810982
v 0.423848312250193 0.4907995571742779 0.1577782779272943
v 0.4155661753723931 0.5010943844302289 0.1727900790868866
v 0.4038336278640999 0.5055924110898086 0.1595182551502019
v 0.3914209136608401 0.5101676428762171 0.1468922053569709
v 0.3782061051189839 0.5148187753890113 0.1350227658238738
v 0.3642324505756685 0.5195745114282327 0.1239620100803117
v 0.349532842686533 0.524467202857771 0.1137672677086711
v 0.3341312174005521 0.5295299659512241 0.1045036118250718
v 0.3180607943774361 0.5347744700107467 0.09621761027099385
v 0.3013622456623039 0.5401994843927617 0.08894324640687869
v 0.284079021318189 0.5458081786352542 0.08271016663176801
v 0.2662524844382755 0.5515951484426102 0.07754262046081524
v 0.24797510104052 0.5576305851075599 0.07344042534248185
v 0.2519037578290282 0.5467842726798485 0.05361261233447835
v 0.2555135272460485 0.5365385283705439 0.03353930383238998
v 0.2588636913249031 0.5269698629896924 0.01312902810637168
v 0.2618771800682394 0.5180711496552312 -0.007561784778166485
v 0.2644836715269269 0.5097856764661038 -0.0285258094964746
v 0.2666399890084365 0.5021150063277005 -0.04972993881063886
v 0.2682933223940132 0.4950303745896147 -0.07114470805313268
v 0.2694046009713849 0.4885077404640217 -0.09275349091777824
v 0.2699521000364437 0.4825445913138784 -0.1145326040273146
v 0.2699263760254406 0.4771451689243356 -0.1364600883665326
v 0.2693274438005941 0.4723159419870411 -0.1585086315422721
v 0.2681652453970235 0.4680617590960033 -0.1806565425417142
v 0.2664618908704438 0.4643943828890508 -0.2028840217102638
v 0.2642572900996072 0.4613400789777413 -0.2251876918919826
v 0.2616048001120417 0.4589371172689014 -0.2475565715905157
v 0.2585471334184834 0.4572000732194811 -0.2699604534189232
v 0.2551550119772839 0.4561780018752888 -0.292420093653276
v 0.2515049747997295 0.4559060536394776 -0.3148894858421821
v 0.2475418067341523 0.4562739452358777 -0.3374194826126863
v 0.2658714900104228 0.4490302577250403 -0.3382109614989359
v 0.2837429024057592 0.4415074555612395 -0.3400738014037464
v 0.3010604954746725 0.4336468225401361 -0.3429744417489972
v 0.3177805629394178 0.4254649677510198 -0.3468914633823864
v 0.3338581599527042 0.4169739664593362 -0.3517954865171582
v 0.3492517688029929 0.408191617122111 -0.3576555900699476
v 0.3639273705828373 0.3991296987370044 -0.3644225564406502
v 0.3778602107008572 0.3897893381902786 -0.3720191293515235
v 0.3910171590898445 0.3801685952693137 -0.3803766821254462
v 0.4033546910453952 0.3702662673742443 -0.3894343532024165
v 0.4191896406785144 0.3472928271577339 -0.4530279101711663
v 0.4274067867814642 0.3437293298636619 -0.4315147145802172
v 0.4369772376525684 0.3401730664150659 -0.4107208698001044
v 0.4480284548227672 0.3367460356331176 -0.3908556249581371
v 0.4604499942772136 0.3333772202062898 -0.3719915624636601
v 0.4741865871551375 0.3300234715377913 -0.3541905495114581
v 0.4891464560725587 0.3266520386571982 -0.3375294484592753
v 0.5052336619024467 0.3232550462552828 -0.3220982159155754
v 0.5223682620537539 0.3198328572739764 -0.3079613292600928
v 0.5404688540014991 0.3164019112977644 -0.2951777879146514
v 0.559463315030712 0.3129883103808823 -0.2837834199876828
v 0.5792647176985251 0.3096306163416475 -0.2738108474796921
v 0.599793228452737 0.3063795395751881 -0.2652844056413254
v 0.6209553489909485 0.3032977230889153 -0.2582270544699953
v 0.6426893876596532 0.3004688582301253 -0.2526705531652325
v 0.6649212111171661 0.2978996328001832 -0.248567921732464
v 0.660049677888519 0.3101553298235781 -0.2292878218163713
v 0.6557570646032215 0.3214833342896524 -0.2092091139219946
v 0.6521079815447689 0.3317848622202103 -0.1883423037189223
v 0.6491937512690454 0.34107720568939 -0.1668006483819915
v 0.6471025505092272 0.3493490989441703 -0.1446776678189146
v 0.6458909927536435 0.3565792409109376 -0.1220704217300154
v 0.6455923818515691 0.3627415952458746 -0.09907968309904502
v 0.6462164809410198 0.3678044385638342 -0.07581216032286893
v 0.6477543189513653 0.3717451448949308 -0.05237749037735408
v 0.6501741384849572 0.3745392407588551 -0.02887719238886672
v 0.653421426094607 0.376159436724843 -0.005407410832549006
v 0.6574101985332926 0.376571899914446 0.01794317317003049
v 0.6620480830310473 0.3757093824186201 0.0410834859391514
v 0.6672702684854969 0.3736489820126623 0.06395428194927136
v 0.644796323874489 0.3779710782645107 0.06675438823338363
v 0.6228442524088228 0.3832045435057858 0.07071481840781248
v 0.601484849929416 0.3893626053266791 0.07587952657129389
v 0.5807803191263564 0.396356363087714 0.0822605491529779
v 0.5608218186484717 0.4041209159998903 0.08986875272375726
v 0.5416888582496361 0.4126005997741742 0.09870751769381457
v 0.5234682920908589 0.4217471662281574 0.1087671809794158
v 0.5062320783485116 0.4315217123236573 0.1200288020127762
v 0.490061854176742 0.4418835213927175 0.1324484767033243
v 0.4750379373312354 0.45280396253975 0.1459697560655354
v 0.4612570814089915 0.4642508018697922 0.1605105722054947
v 0.4488128186625222 0.4762196947011138 0.1759875129265802
v 0.4377613447256858 0.4887215370336135 0.1923242376624408
v 0.4282164605720695 0.5017894378156729 0.209421940589416
v 0.4200468335693137 0.5152149985363376 0.2271570064304077
v 0.4064358596650585 0.5221079201721752 0.2115553432671891
v 0.3918212583665882 0.5289338168882129 0.1967125590344014
v 0.3761048951611208 0.5356850074643325 0.182739131365519
v 0.359359277863218 0.5424044498211068 0.1697052774689697
v 0.3416195458845798 0.549146435761385 0.1577013734280334
v 0.3229275330345419 0.5559426718343339 0.1468041086093148
v 0.3033323419753411 0.5628074790708222 0.1370774242828439
v 0.282894897971708 0.5697367129492364 0.1285710185859913
v 0.2616748248094466 0.5767293779868204 0.1213261254383215
v 0.2397334190895976 0.5837827442026051 0.1153760367063337
v 0.2171670245102597 0.5909794593040841 0.1107266507007449
v 0.2207140821429504 0.5762027642145631 0.08739365832654136
v 0.2240351566673282 0.5623524214939595 0.06362706647719368
v 0.2272205749828913 0.5496011618951584 0.03933698028237059
v 0.2301296025529442 0.537832356602839 0.01459938162510763
v 0.2326974569380756 0.5270240713205417 -0.01054878766201652
v 0.2348440551959078 0.5171227076819441 -0.03605795746996325
v 0.2365023733491745 0.5080778743940542 -0.06189354818317975
v 0.2376255640708479 0.4998680216949066 -0.08801808059347183
v 0.2381818755353444 0.4924822499702504 -0.1143955192415125
v 0.2381573269165128 0.4859245503883148 -0.14099122382939
v 0.2375518858973932 0.4802039069163549 -0.1677665003398496
v 0.2363801148165881 0.4753304660512662 -0.1946885287086301
v 0.2346743478080961 0.4713281907606201 -0.2217307894114953
v 0.2324817249207762 0.4682310449713487 -0.2488701942055248
v 0.2298703017516174 0.4660964466245147 -0.2761013518037307
v 0.2269203620364254 0.4649937979991386 -0.3034075434152513
v 0.223696863334076 0.4649592795616122 -0.3307672113187208
v 0.2203388609150199 0.4661266556210737 -0.3581690283646549
v 0.2167612900396781 0.4683078373954943 -0.3856167792650593
v 0.2393672522797756 0.4597925669876081 -0.3863189641355792
v 0.2613401460802394 0.4507938251845791 -0.3882529180826985
v 0.2825786974610355 0.4412449643673158 -0.3913721747120592
v 0.3030187611900207 0.4311655682744605 -0.3956466591030113
v 0.3225986214710567 0.4205768314774587 -0.4010378929982676
v 0.3412560962367881 0.4095069492674149 -0.4075019788638448
v 0.3589409547543889 0.397973658656251 -0.414972272523202
v 0.3756103388029489 0.385985023995518 -0.4233618940804046
v 0.3912282813088002 0.3735350555628757 -0.4325598973167804
v 0.4057220176954766 0.3606184214437967 -0.4424814626052654
v 0.4259814957101277 0.3344760131886614 -0.505777057875039
v 0.4331369229644078 0.329091633282701 -0.4803781555089151
v 0.4422606921879258 0.3239123457605319 -0.4558655611199504
v 0.453449265662171 0.3190308183761459 -0.4324433910901145
v 0.4665563200681558 0.3143655927765201 -0.4102000232979144
v 0.481454899179142 0.3098729697152518 -0.3892406392180868
v 0.4980012623136227 0.3055336014065355 -0.3696983596719275
v 0.5160768335403141 0.3013324697617165 -0.3516730914186166
v 0.5355605570374591 0.2972722818962139 -0.3352592378786031
v 0.5563347874930171 0.2933745977397452 -0.3205426233830433
v 0.5782908880150277 0.289676056755593 -0.3075830001173709
v 0.6013073949066494 0.286228217472489 -0.2964346661179615
v 0.6252702237948757 0.2830980385658362 -0.2871448886203283
v 0.650074071429564 0.2803626097785524 -0.2797544865387625
v 0.675601945807247 0.2781052251899797 -0.2743163795338007
v 0.7017659494148581 0.2763866992057932 -0.27085169054924
v 0.6971247910636356 0.2923542498939612 -0.2493273596763807
v 0.6929814882924927 0.3069722935295 -0.2265515686041428
v 0.6894228360969826 0.3201839936450394 -0.2026403937554192
v 0.6865740994250445 0.331984937768532 -0.177734302821281
v 0.6845318130220222 0.3423476037383911 -0.1519714302253864
v 0.6833648548330825 0.3512408201056896 -0.1255003234493253
v 0.6831151903914237 0.3586250230725003 -0.09847188365299256
v 0.6837951440802301 0.3644520763353857 -0.07104936689210542
v 0.6853928727133046 0.368687161044882 -0.04340072722702708
v 0.6878679224643528 0.3712943551193326 -0.0156783855003283
v 0.6911523988607728 0.3722314577905535 0.01197113043326789
v 0.6951519315811434 0.3714574419007926 0.03941141697022886
v 0.699742493427765 0.3689116848998807 0.06651591960925012
v 0.7048325605458725 0.3645865339874966 0.09315428628074103
v 0.6783416799889932 0.3678827037302895 0.09588514379523154
v 0.6525203518279563 0.3725834376170649 0.1001041782847876
v 0.6274543318812734 0.3786220998340831 0.1058200164292728
v 0.6032585732724595 0.3859016183218472 0.1130263403192447
v 0.5800362157076193 0.3943347311854833 0.1217245488593002
v 0.5579007277516228 0.4038409850419272 0.1319054806144988
v 0.5369735937362963 0.4143507907652646 0.1435464772627731
v 0.5173634856560706 0.4258052490949578 0.1566123245230679
v 0.499188592360354 0.438147169533453 0.1710377134198146
v 0.4825710308642751 0.4513326334890004 0.1867407951922085
v 0.467630803291578 0.4653313608170754 0.2036262562000392
v 0.4545143815083947 0.480102283663373 0.2215682885498913
v 0.4433521396366029 0.4956380523689735 0.2404523838517618
v 0.434295013463452 0.5119740127899733 0.2601595315740602
v 0.4272440754400605 0.5289314583590048 0.2805547334519492
v 0.4121373099415692 0.5389380016709339 0.2625967025856786
v 0.3955530911622175 0.5486693611770145 0.2455090442022605
v 0.377477558227804 0.558114712542759 0.229398413190135
v 0.3579844369488133 0.5673413821182124 0.2143738859258673
v 0.337128433968929 0.5763998275269705 0.2005465962156965
v 0.3149800968650531 0.585316466663777 0.1880109782017407
v 0.291613110145487 0.5941013756141567 0.1768527756286282
v 0.267120887544895 0.6027398845898237 0.1671425670168458
v 0.2415905168688672 0.6112258212434336 0.1589382283787786
v 0.2151093138087284 0.6195355734738023 0.1522839815608058
v 0.1877819989210367 0.6277564975557994 0.1471926429120812
v 0.1905402099082851 0.6081446034282947 0.1207589346347446
v 0.1932589015682918 0.5899532616040049 0.09359097301997792
v 0.1959727703141728 0.5733401487372924 0.06563930218571945
v 0.1985386732642374 0.5581772635643505 0.03700703734871483
v 0.2008574032834707 0.5443877976043482 0.00776823262511054
v 0.202830367650092 0.5318811271138791 -0.02201273207874413
v 0.2043784259762635 0.520603348300083 -0.05227548707606974
v 0.2054383569383702 0.5105156140130152 -0.08296035407329258
v 0.2059677569771563 0.501598815206069 -0.1140104182820321
v 0.2059467616535145 0.4938557834343461 -0.1453718578399757
v 0.2053752255378228 0.4872993001730782 -0.1769887835253681
v 0.2042736211168268 0.4819483334772281 -0.2088119604285618
v 0.2026848874943589 0.4778427195222998 -0.2408003742956729
v 0.2006727563806768 0.4750413260192063 -0.2729207269312782
v 0.1983167206085224 0.4736162806867599 -0.3051459157037628
v 0.1957163723277853 0.4736737578319046 -0.337464727435842
v 0.1929711359424975 0.4753157293870234 -0.3698515005062512
v 0.1902221376579184 0.4786979093745671 -0.4022773686704488
v 0.1874388543750259 0.4836657422815756 -0.434716652917868
v 0.2147811197369212 0.4740495711156225 -0.4352942994536912
v 0.241267983272139 0.4636197997900384 -0.4372249587914167
v 0.2667879731214376 0.452310385059186 -0.4404538107820215
v 0.2912507049258443 0.4401647777380346 -0.4449510470972337
v 0.31456622682358 0.4272171555889419 -0.4506656264275619
v 0.3366394142613629 0.4135156303836033 -0.4575399960298074
v 0.3573951581838252 0.3990923128479125 -0.4654896721275502
v 0.3767616991489576 0.3839686762261093 -0.474414316698843
v 0.3946831914573688 0.3681523914870885 -0.4841860759729119
v 0.4110853126687555 0.3516350426841807 -0.4946709943154803
v 0.435611648791393 0.3212944132127759 -0.5574630127298587
v 0.4405640409191561 0.3138546642702983 -0.5280600696710103
v 0.4483334529926183 0.306839337598471 -0.4996772899737106
v 0.4589158960695559 0.3002643783937017 -0.4725037623203251
v 0.4720946326263276 0.294080390878542 -0.4466938838618245
v 0.4876705483163711 0.2882724907103104 -0.4224319510332829
v 0.5054667630158187 0.2828196814517973 -0.3998766530629064
v 0.5253053771805111 0.2777112278914015 -0.3791733979670229
v 0.5470130434455861 0.2729549822684954 -0.3604565920328635
v 0.5704216364470869 0.2685803323937315 -0.3438517136570922
v 0.5953695408863594 0.2646375035542371 -0.3294564446188198
v 0.6216867580835148 0.2611933308651803 -0.3173580457169489
v 0.6492143104775239 0.2583310516844275 -0.307637382752143
v 0.6778026106549443 0.2561452734267227 -0.3003722714428196
v 0.707306266108483 0.2547283556041973 -0.2956376090697098
v 0.7375847459554018 0.2541675219053262 -0.293524102437253
v 0.7334853238249743 0.2745720911065933 -0.2702071487350728
v 0.7297685514339345 0.2931677626143664 -0.2450371625719164
v 0.7265550963334054 0.3099012400715299 -0.218219296774064
v 0.723974131518284 0.3247212532735336 -0.1899442245561637
v 0.7221292980610726 0.3375761839500101 -0.1604277300721134
v 0.7211014177254917 0.3484103630070027 -0.1298897445583486
v 0.720939493347547 0.357160338576944 -0.09855552848737152
v 0.72165769347635 0.3637526668356686 -0.0666725884286319
v 0.7232414118698361 0.3681351883897152 -0.03449619238454326
v 0.725642436495037 0.37025846046578 -0.002256173545082241
v 0.7287804168162245 0.3700685184083875 0.02982564529833821
v 0.7325509334095055 0.3675098440335456 0.06153300300649674
v 0.7368259191474357 0.362538331763307 0.09267024459002816
v 0.7414808547841512 0.3551047681440362 0.1230293470761489
v 0.710768629086092 0.3567655471579346 0.1252085384525056
v 0.6808790459196669 0.36041929476426 0.1292996502564309
v 0.6519487096270011 0.365944991364626 0.1352632399189154
v 0.6241192278956843 0.3732251971321075 0.1430773678660956
v 0.5975385636317272 0.3821401745407098 0.1527182620129785
v 0.5723646456968197 0.3925794137328202 0.1641544424930862
v 0.5487675147702428 0.4044447000435089 0.1773410921975598
v 0.526909116515227 0.4176480452057098 0.1922154910376356
v 0.5069586079714187 0.4321075415921711 0.2086806324962288
v 0.4890912848093461 0.4477569229675905 0.2266213676964829
v 0.4734880814954751 0.4645417701321887 0.2459037407069418
v 0.4603295473054717 0.4824113004066456 0.2663772398340521
v 0.4498205219798871 0.5012975541273342 0.2878722320942607
v 0.4421852447673366 0.521176720113871 0.3102269211472962
v 0.4374287739304871 0.541948593265308 0.3332793503383456
v 0.4213492037332827 0.5558498399149407 0.3128095824145427
v 0.4031674174608467 0.5692126881945229 0.2933188965191046
v 0.38292737468153 0.5820649287343761 0.274937349077874
v 0.3607092952640936 0.5944597578660132 0.2578071394918597
v 0.3366202159383831 0.6064145929490862 0.242056306658612
v 0.3107662119412688 0.6179402473795381 0.2278075843513785
v 0.2832592244933732 0.6290268933238007 0.2151741940918962
v 0.2542444222296728 0.6396319356694221 0.2042536755549457
v 0.2238544186780489 0.6497299611521257 0.1951245617766677
v 0.192223024288744 0.6592772244508335 0.1878508642082163
v 0.1594791872968672 0.6683106608737188 0.182457903288777
v 0.1611427934632559 0.6428479628118903 0.1534348031930214
v 0.1630126839184806 0.6194753328199273 0.1232479803241755
v 0.1650207026383267 0.5982841760253347 0.09192682922509401
v 0.167030114632752 0.5791095945370475 0.05961162444273354
v 0.1689231014470705 0.561815836820466 0.02641014262059506
v 0.1705888607022328 0.5463031485609715 -0.00757993473966759
v 0.1719273944147285 0.5324891071233885 -0.04226190637885269
v 0.1728597819627782 0.5203148737126593 -0.07754420528384115
v 0.1733318160534401 0.5097494522691285 -0.113339644792994
v 0.1733169985574754 0.5007936882378125 -0.1495660513554397
v 0.1728150080917036 0.4934658885690262 -0.1861424476413311
v 0.1718529070218125 0.4877985260871208 -0.222995573372815
v 0.1704853960050495 0.4838546551228758 -0.2600637809525634
v 0.1687917923617593 0.4817241807268355 -0.2972955899334833
v 0.1668723812449047 0.4815209211624102 -0.3346475063559474
v 0.1648385447607979 0.4833737683914451 -0.3720833886209256
v 0.1628092921118361 0.4874489551045121 -0.4095779378604647
v 0.1609195358134859 0.4939540295321381 -0.4470922942328579
v 0.1592392730226765 0.5028278766242078 -0.4845614049317865
v 0.1919581967282455 0.4923627183673458 -0.4849863635375569
v 0.2235531343033554 0.4805564958587719 -0.4868388480427853
v 0.2538876100502928 0.4673953701005083 -0.4900782373683354
v 0.2828237436127131 0.4529510193507956 -0.4946673868401965
v 0.3102253286280824 0.4372854554219194 -0.5005465360980897
v 0.3359452141222931 0.4204856717661706 -0.5076482272371071
v 0.3598699896851874 0.4026151855550757 -0.5158732283565317
v 0.3818923361389267 0.383723388485823 -0.5251033120670225
v 0.4019046676025388 0.3638560768808567 -0.5352125506993295
v 0.4198259512741673 0.3430340930752238 -0.5460436604259096
v 0.4482274294875372 0.3072312480510082 -0.6082753832916488
v 0.4497216087469995 0.2976834302357775 -0.5747669244393048
v 0.4551102909542208 0.2887159879191337 -0.542312017428296
v 0.4642206668378748 0.280298420084769 -0.51114762333053
v 0.4767780543562717 0.2724610273149743 -0.4815426587938892
v 0.492533278077982 0.2652038461331701 -0.4537432651429859
v 0.5112333178274094 0.2585184780692083 -0.4279732087226916
v 0.5326281879508504 0.2524076865281747 -0.4044413549385573
v 0.5564729194654223 0.246891358335346 -0.3833420452206378
v 0.5825298140023962 0.2420111566731853 -0.3648579684732171
v 0.6105621264365474 0.2378349262779685 -0.3491435194931253
v 0.640332145054463 0.2344472963113648 -0.3363340427654439
v 0.6716156602470105 0.2319484871918114 -0.3265586156844543
v 0.7041991650453011 0.2304464749112096 -0.3199438094475485
v 0.73787851608852 0.2300500518575082 -0.3166182990657898
v 0.7724613514283634 0.2308673593870563 -0.3167075471485503
v 0.769166147310141 0.256508386127102 -0.2921909244052173
v 0.7661461328445992 0.2798833101379755 -0.2650033622321669
v 0.763518346322269 0.3008579326194776 -0.2354281194571356
v 0.7614017517734791 0.3193199068451848 -0.203763627716245
v 0.7599061229773655 0.3351660816823177 -0.1703189650862886
v 0.7591161122275207 0.348295004289394 -0.1354184023294143
v 0.7590834789359958 0.358601663868705 -0.09939651962938119
v 0.7598224749563831 0.3659740256643258 -0.06262488835138978
v 0.7613166410288701 0.3703355728249458 -0.02548787673585353
v 0.7635134119006968 0.3716225092356948 0.01166770729267252
v 0.7663266054520464 0.3697725314939027 0.0485051883968589
v 0.769644222622995 0.3647317820147225 0.08469966419085094
v 0.7733428350716363 0.3564593287506533 0.1199312213044529
v 0.7773001050900589 0.3449415922749587 0.1538809963174201
v 0.7421532712412136 0.3443692330534422 0.1548553764693571
v 0.7079741542113409 0.3464843048612984 0.1582803797670283
v 0.6749509029562363 0.351130176135627 0.164094977392304
v 0.6432840503501489 0.358149553028081 0.1722352174178782
v 0.6131842153416858 0.3673877163968144 0.1826396550598083
v 0.5848741321915721 0.3786966612372233 0.1952413631363736
v 0.5585915036473825 0.3919402622109949 0.209960717894435
v 0.5345737503531296 0.406989283284929 0.22669238119194
v 0.5130603027489007 0.4237251425959421 0.2452939199339577
v 0.4942994309630946 0.442043982980491 0.2656022530807857
v 0.4785459247551639 0.4618510686677046 0.2874331631726482
v 0.4660592310810731 0.4830549408926329 0.3105836080500275
v 0.4570961405452659 0.5055470875997893 0.3348351263981391
v 0.4519418058252098 0.5291806666860458 0.3599643960778577
v 0.4507775163906081 0.5538760442789981 0.3857426181478805
v 0.4344816715563062 0.5724279843352532 0.3624465958645896
v 0.4152107777562568 0.5902433911722356 0.3402588879758923
v 0.3930540312212552 0.6073417841151076 0.3193409679748915
v 0.3681587777121076 0.6236901494007745 0.2998600112196123
v 0.340677098152806 0.639261617095002 0.2819808757264662
v 0.310767878383396 0.6540193983859394 0.2658608166061436
v 0.2786010726018537 0.6679036056088695 0.2516483098051237
v 0.2444020829911071 0.6808118122311947 0.239475492065765
v 0.2083798797864003 0.6926753828677481 0.2294472355992751
v 0.170749600884326 0.703408593921778 0.2216514574948895
v 0.1317174901470496 0.7129516001338178 0.2161448283976573
v 0.132145287627531 0.6805149131748259 0.1851511833421098
v 0.1330238623952904 0.6510351774655546 0.1524239875005436
v 0.1341746247160985 0.6244623729195199 0.1181048296960646
v 0.1354909510620904 0.6005855045724166 0.08236796527249307
v 0.1368454921901563 0.5792438933044369 0.04536769712569289
v 0.1381080818456936 0.5602958178869266 0.007255750736738033
v 0.1391642038895705 0.5436240678787124 -0.03182456104537783
v 0.1399206264818491 0.529143119584142 -0.07173626024598728
v 0.1403124331581368 0.5168060238125576 -0.1123495733640395
v 0.1403066900170855 0.5066098050096167 -0.1535422750510485
v 0.1399028643077229 0.4985804609435792 -0.1951981855112268
v 0.1391343670436996 0.492770598098133 -0.2372107115045327
v 0.138066488240004 0.4892753759362127 -0.2794888958386783
v 0.1367927313923276 0.4882278384509798 -0.3219553005337638
v 0.1354278830108303 0.4897923995060243 -0.3645434212979165
v 0.134102041090413 0.494160381750759 -0.4071931858260301
v 0.1329439173455174 0.5015403938864006 -0.4498520977469885
v 0.1320616674112784 0.5121952610323141 -0.4924779235090654
v 0.1316286342589066 0.5262407121358343 -0.5349804824338716
v 0.1705785184516523 0.5152793617231314 -0.5352301410446424
v 0.2081109595321589 0.5021839015435718 -0.5369350720954856
v 0.2440117701914257 0.4870428594592334 -0.5400758977120595
v 0.2780608433617441 0.4699783567246839 -0.5446163991182638
v 0.3100450576988791 0.4511053774304704 -0.5504960501468146
v 0.3397373576180006 0.4305830111818448 -0.55764772552799
v 0.3669670145789946 0.4085374963510488 -0.5659663410703265
v 0.3915746855972777 0.3850781767088067 -0.575326931463363
v 0.4134087428682527 0.3603086152380075 -0.5855925656844868
v 0.4323226124285064 0.3343392628447572 -0.5966281577443366
v 0.4639226048812737 0.2916427832762972 -0.6584309815320473
v 0.4605910377737124 0.2801510309011724 -0.6207524060636751
v 0.4624130328038705 0.2692583374159563 -0.5840085673103034
v 0.4690903093303107 0.2590081469576406 -0.5485891512995051
v 0.480305102092342 0.2494768347183806 -0.5148764955404578
v 0.4957185669321539 0.2406977030729237 -0.4832203205095614
v 0.5149868596176366 0.2326974974746267 -0.453946272000141
v 0.5377655025432428 0.2255047960275789 -0.4273550661644918
v 0.5637142801600636 0.2191612479859896 -0.4037262794718124
v 0.5925001585826755 0.2137274804499011 -0.3833226336926062
v 0.6237827016232195 0.2092939312025287 -0.3663789553382342
v 0.6572307700030098 0.2059658750936865 -0.3530985962448628
v 0.6925283119415024 0.2038611619062813 -0.3436766014974059
v 0.7293712500712664 0.2031023408318622 -0.3383044321712174
v 0.7674640170620118 0.2038075852710464 -0.3371728293902713
v 0.8065093827865902 0.2060744848879625 -0.3404779761143359
v 0.8042338945034795 0.2378458915598616 -0.315488846596277
v 0.8021299879444125 0.2668752304382888 -0.2867496389084752
v 0.8002980590827056 0.2929214826250297 -0.2546309216317592
v 0.7988390940601904 0.3157657100307428 -0.2195450920011546
v 0.7978478128687996 0.3352107170127421 -0.1819361317332529
v 0.7973999969006146 0.3510737197948473 -0.1422751476383013
v 0.7975415282705673 0.3631808819658122 -0.1010559703030132
v 0.7982834943004243 0.3713632946576339 -0.05882934268587933
v 0.7996098072230352 0.3755102657477445 -0.01616621662908777
v 0.8014708491353553 0.3755440582449231 0.02641207723363584
v 0.8037858933161522 0.3714050063454245 0.06839856765945682
v 0.8064534741082583 0.3630585521992567 0.109302119293718
v 0.8093639481926242 0.3505042235172431 0.1486477348455535
v 0.8124066322772074 0.3337806808708933 0.185986199014729
v 0.7726341529991604 0.3304327511561192 0.1848848434929599
v 0.7339035897825447 0.3305658293914313 0.1869860883807609
v 0.6965056726424456 0.3339990378214583 0.192156997206857
v 0.6607305432594602 0.3405368446197702 0.2002811650513381
v 0.6268781746544876 0.3499809730427896 0.2112445583774342
v 0.5952622135539237 0.3621370305539411 0.2249285754128896
v 0.5662134310154424 0.3768192268494945 0.2412018024359688
v 0.540073170339253 0.393841837165579 0.2598971223376144
v 0.5171771653490569 0.4130332550815966 0.2808093082790944
v 0.4978707588986865 0.4342318192500638 0.3037093332776125
v 0.4825058304402828 0.4572784059658476 0.3283432169977782
v 0.4714358114937264 0.4820044317843506 0.354434067949462
v 0.4650114273068918 0.5082241727491336 0.3816867050739578
v 0.4635640303242367 0.5356993511390201 0.4097984476021546
v 0.4674078147324291 0.5642153730019952 0.4384426285501242
v 0.4518627708209913 0.588146956235835 0.4118452096808192
v 0.4321534370607558 0.611309498470309 0.3864976898104742
v 0.4084569917306911 0.6335720316604254 0.3626095102652773
v 0.3809674697279862 0.654806761704961 0.3403952253985869
v 0.3498967768848164 0.6748853820772668 0.3200656164366322
v 0.3154731633720158 0.6936717758968314 0.3018240966122757
v 0.2779498537938179 0.7110033477217635 0.2858648540460113
v 0.2376703138681347 0.726662845854133 0.2723641416190183
v 0.1949681055669452 0.7404918098965296 0.261460557067984
v 0.1501963312814562 0.7523236516076378 0.2532712508544142
v 0.1037354689899113 0.7619701881750476 0.2478943646652093
v 0.1030179644232492 0.721313939222632 0.2156530629680443
v 0.1028955560004931 0.6846783252732221 0.1809731146890665
v 0.1031881701898679 0.6518359370848913 0.1440922480427294
v 0.1037893989591811 0.6225471071471932 0.1052384975628194
v 0.1045638505682598 0.5965880795482927 0.06463949273925546
v 0.1053794549063496 0.5737612283332227 0.02251197133085819
v 0.1061135667689671 0.5539029122738918 -0.020935990562339
v 0.1066652248168366 0.53689216594909 -0.06550637003888578
v 0.1069629581963838 0.5226596350075217 -0.1110113442715557
v 0.1069694500480489 0.5111950039228463 -0.1572740379796043
v 0.1066839843116595 0.5025344690032135 -0.2041307539268311
v 0.1061442679352726 0.4967600871840755 -0.251430534441294
v 0.1054220082032974 0.4940114942586405 -0.2990430563959974
v 0.1046183051120281 0.4944793156747611 -0.3468559938157066
v 0.1038558582367158 0.4983976360970214 -0.3947712072210764
v 0.1032671540548068 0.5060356004939602 -0.4427018324208986
v 0.1029872013024802 0.5176928713201533 -0.4905676267884534
v 0.1031268420221783 0.5336822527314916 -0.5382974878367899
v 0.1038594055108302 0.5543226480842234 -0.5858125130203803
v 0.150159087314157 0.5433354086496838 -0.5858717560149718
v 0.1947477551965148 0.5290842059907702 -0.5873514305428962
v 0.237237004367779 0.5117903330140336 -0.5902616701788128
v 0.2772672424788367 0.4916665853234681 -0.5945842742307372
v 0.3145006125910668 0.4689285735136267 -0.6002769252477599
v 0.3485937212880527 0.4438632127742692 -0.6072939760368085
v 0.3792949037754304 0.4167126786634897 -0.6155429883554581
v 0.4063779868307184 0.3876985267386063 -0.6249087180830318
v 0.4296341395030209 0.3570375378949247 -0.635264722066076
v 0.4488733974985826 0.3249464896993414 -0.6464802801677099
v 0.4826992472278545 0.2738493824020501 -0.7082036366914917
v 0.4730256465070271 0.2608035854654585 -0.6663374713710216
v 0.4699922281391259 0.2482266512469452 -0.6251038436853279
v 0.4732328606923215 0.2362963670155922 -0.5851047246571877
v 0.4823436684468656 0.2251313339398194 -0.5468883565068208
v 0.4968900444237722 0.2148330859560074 -0.5109643812443729
v 0.5164161750833661 0.2054804972712637 -0.477801323391931
v 0.5404568291105579 0.197146036163409 -0.4478301097850054
v 0.5685451874994818 0.1899068748550405 -0.4214478233416321
v 0.6002183489682348 0.1838518011886646 -0.3990238597969988
v 0.6349973264988628 0.179099192296574 -0.3809015368720271
v 0.6724255867417488 0.1757773659080203 -0.3673785159877708
v 0.7120604887339396 0.1740214244479125 -0.3587380525645047
v 0.7534692742688148 0.1739647479058037 -0.3552537081124839
v 0.7962223755241921 0.1757261181300536 -0.3571937016172395
v 0.8398862290834731 0.1793949591186433 -0.3648226833722886
v 0.838728101453397 0.2182034255720358 -0.3402765794365954
v 0.8377012166343816 0.2538462243884068 -0.3105771484545294
v 0.8368530085119132 0.2859055419949126 -0.2761892018977613
v 0.8362396835100877 0.313996239394476 -0.2376541129335787
v 0.8359153601149115 0.3377661311340396 -0.195584442556378
v 0.8359234222523272 0.3568970338975293 -0.1506548647598946
v 0.8362885722939426 0.3711058708349929 -0.1035897505771124
v 0.8370138859619836 0.3801452038810406 -0.05519177181145541
v 0.8380875791453422 0.3838552626410935 -0.006292205795668287
v 0.8394764523067865 0.3821458539969693 0.04233006180593173
v 0.8411263357069296 0.3749800073454012 0.08992025405818259
v 0.8429696209078212 0.3623793136781938 0.1357595160736769
v 0.8449339323910129 0.3444279040080361 0.1791737971620829
v 0.8469532692697881 0.3212758270896994 0.2195390649258007
v 0.8023626756496469 0.3146703872026591 0.2153450042457211
v 0.7588066575212227 0.3124474440327286 0.215316915685894
v 0.716708724975947 0.314398746450221 0.2192528658807051
v 0.6764898733816037 0.3202908787615444 0.2269637997805391
v 0.6385762501994826 0.3298771587643848 0.2382647072196825
v 0.6034062995144289 0.3429068917593648 0.2529641881015155
v 0.5714351344131321 0.3591304444507523 0.2708558968101523
v 0.543142401684536 0.3782880456683588 0.2916879772648833
v 0.5189950518194911 0.4001347807570691 0.3151728730419155
v 0.4994675170224355 0.4244241601289501 0.3409934488469786
v 0.4850358745626346 0.4508988898548991 0.3688006850726594
v 0.4761699645086888 0.4792788449005272 0.3982155918514679
v 0.4733214070747674 0.5092447805979216 0.428834042030659
v 0.4769141622689695 0.54044399572976 0.4602259332617916
v 0.487337811018733 0.5724462510120951 0.4919435897778414
v 0.4736956482034727 0.6024319606649925 0.4613720927483212
v 0.4544136946827022 0.6317903301008874 0.4322145030715068
v 0.4296891931264138 0.6602185066390172 0.4047564979570364
v 0.3997538856037996 0.6874215995097535 0.3792778899422921
v 0.3648781986668463 0.7130964422533128 0.3560529978207644
v 0.3253741707452028 0.7369241676969643 0.3353461705014449
v 0.2816076990344278 0.7585535580035709 0.3174097859015414
v 0.2340809837955516 0.7775682227100712 0.3024755187631218
v 0.1833260118053744 0.7936314677455861 0.2907272665957354
v 0.1299380374161712 0.806415351105475 0.2823211719390232
v 0.07457731342181802 0.815617636742264 0.2773812331064269
v 0.0730719536239631 0.7653158715049512 0.2447394942067962
v 0.07216897225944295 0.7203647757385792 0.208773540058887
v 0.07177986699534816 0.6803383168361866 0.1698205142048074
v 0.07176674193174591 0.6449006713998754 0.1282022584029718
v 0.07201416895642949 0.6137435731431899 0.08423069550265112
v 0.07240038799876157 0.586594295147409 0.038209539205599
v 0.07281125863541663 0.5632261526914669 -0.009569660364880937
v 0.07315064979591558 0.5434695238944922 -0.05882823626707315
v 0.07334976001441483 0.5272228823225722 -0.1093015817755294
v 0.0733718649313029 0.5144618404417095 -0.1607403923324212
v 0.07321621565689185 0.5052354507702305 -0.212919067254307
v 0.07291991812157975 0.4996687313003044 -0.2656300154214012
v 0.07255192800343607 0.4979623863984387 -0.3186922970759116
v 0.07220838954493521 0.5003848899465002 -0.371948954493779
v 0.07200347277924986 0.5072627874779769 -0.4252631824922606
v 0.07205888759488155 0.5189714084883361 -0.4785143165315088
v 0.07249134505392593 0.5359236727409969 -0.5315963747420958
v 0.07343638168057452 0.5585685705075608 -0.5844147795065527
v 0.07498563822375101 0.5874421074409426 -0.6369113191351899
v 0.1300821873490244 0.5770632778520889 -0.6367873305737826
v 0.1831770202513931 0.561861281626078 -0.6379517717774261
v 0.2335976304956694 0.5421783467514906 -0.6404558814193149
v 0.280740737900364 0.5183984721860339 -0.6443352119483249
v 0.3240712989281587 0.4909272049834339 -0.649603957858109
v 0.3630918012278212 0.4602633078903273 -0.6562735157607201
v 0.3974435926965124 0.4268495969535112 -0.6642985912850076
v 0.4268228270950756 0.3911015835199074 -0.673603725203729
v 0.4509680609874333 0.3534215800196063 -0.6840940772609017
v 0.4696564685138913 0.3142038288568059 -0.6956636718147557
v 0.5044391262929826 0.2532038924003163 -0.757923194355279
v 0.4868301709628468 0.2392060196398444 -0.7119109193315555
v 0.4775891131916017 0.225408660250104 -0.6659867043747265
v 0.4763215501463136 0.2120898675375569 -0.6210245832718208
v 0.4825428459659012 0.1994721663681696 -0.5778263681253061
v 0.495706529659761 0.187737129055325 -0.537123508666937
v 0.5152217321986997 0.1770418571065023 -0.4995844974181291
v 0.5404691709002353 0.167526296420199 -0.4658183260826574
v 0.5708145228195749 0.1593226042580012 -0.4363782458070404
v 0.6056175980092723 0.1525597624789414 -0.4117660300003408
v 0.6442216865086384 0.1473884894644637 -0.392464092618463
v 0.6860090822352285 0.1439607045493012 -0.3789008346116022
v 0.730367125516694 0.1424249906793818 -0.3714751553249923
v 0.7766871882344366 0.1429200970018938 -0.3705620917029478
v 0.82435872652637 0.1455641992758634 -0.3765157567964728
v 0.8727605237643228 0.1504441346924642 -0.3896661107968249
v 0.8726936372219549 0.1971981206076594 -0.3666635220444214
v 0.8728203932570072 0.2404633592305056 -0.3367453260552147
v 0.8731078506940244 0.2795764986489652 -0.3004534250445647
v 0.8735266326790853 0.3139038874576476 -0.2584607143630978
v 0.874047199967374 0.3428524587918299 -0.2115784682958672
v 0.8746410387888915 0.3658876234585019 -0.1607534114749287
v 0.8752855354165108 0.3825575898434426 -0.1070475757624281
v 0.8759706009216366 0.392520089414353 -0.05160568624110849
v 0.8766938021749953 0.3955397101102795 0.004397572898444506
v 0.8774616886756805 0.3915140633461073 0.05980104422197868
v 0.878282883247165 0.3804659186006001 0.113499817948451
v 0.8791626681017389 0.3625322598460894 0.1644754160221841
v 0.8801019565930084 0.3379515969055191 0.2118076883906895
v 0.8811017849139633 0.3070531302093845 0.2546745852553254
v 0.8315309604044206 0.296796048879229 0.2462153883959503
v 0.782861754598652 0.2919273796360049 0.2431308421511368
v 0.7356995563179399 0.2922068894894007 0.2451523580160092
v 0.6906408535786273 0.2973596696547239 0.2520078213631171
v 0.6482830936048724 0.3070864562882388 0.2634191753639357
v 0.6092313621710119 0.3210712044210676 0.2790943945970101
v 0.5740997802426467 0.3389835189691521 0.2987189615983066
v 0.5435442281474504 0.360471578921021 0.3219304417868251
v 0.5182110689256767 0.3851949008017788 0.348341686362843
v 0.4987455466141058 0.4127871381590945 0.3775225662254141
v 0.4857823792397769 0.4428495143268637 0.4089981877543475
v 0.4799322934644618 0.4749403545335241 0.4422499240248628
v 0.4817659006607933 0.5085667260578971 0.4767157229525235
v 0.4917961652615859 0.5431660824231916 0.5117920066966127
v 0.5104495373175859 0.5780914927302683 0.5468398048855195
v 0.5000990661136271 0.6146388358648154 0.5113966919987626
v 0.4823016135043751 0.6509670558355057 0.4775887602680187
v 0.4572225669685321 0.6865913529119136 0.4457903828863734
v 0.4250873903205839 0.7209841226259871 0.4163704096626066
v 0.3861993322919942 0.7535670774220039 0.3896876187265416
v 0.3409585445928766 0.7837090239893651 0.3660848891607378
v 0.2898825398489028 0.8107329134575533 0.3458837871191017
v 0.2336419744008265 0.8339281215825584 0.329381843806248
v 0.1730708654334776 0.8526101196917261 0.3168283603310559
v 0.1091622864394082 0.8661632760079658 0.3084266975166901
v 0.04304776647067739 0.8740937742320702 0.3043297253873231
v 0.04144240175575539 0.8125692374512249 0.2722281442897101
v 0.04032191925869959 0.7580284605839165 0.2357190063883664
v 0.03961791616519674 0.709850450320811 0.1952472220314643
v 0.03925256349013929 0.6675125088294996 0.1512513802477872
v 0.03913402514434129 0.6305815271796174 0.1041557430033171
v 0.03917852395073914 0.5986818007648755 0.05437231574193108
v 0.03930529533675478 0.5715000972592391 0.002299652331746274
v 0.03944557327147272 0.5487992632874757 -0.05168004188372566
v 0.03954976061140453 0.5304317174923853 -0.1072030528509688
v 0.03959098140653947 0.5163465655771297 -0.1639263024467874
v 0.03956882460444708 0.5066081342223517 -0.2215461233249769
v 0.03951069926129668 0.5014046779413236 -0.2797856180378919
v 0.03946645279235406 0.5010195522356555 -0.3384009260922539
v 0.03950488546078981 0.505825508095843 -0.3971807741219087
v 0.03970655006316949 0.5162731445989246 -0.4559427168358235
v 0.04015506198844065 0.5328786606475747 -0.5145299464452688
v 0.04094069389455059 0.5562210213119356 -0.5728114432401158
v 0.04214110800768334 0.5869702317740433 -0.6306971212898214
v 0.04382622418054027 0.625894272212997 -0.6881519582171911
v 0.1095463045494621 0.61706490320468 -0.6879152212397418
v 0.1730250579274765 0.6011728248333436 -0.6886556057953204
v 0.2331069750182766 0.578759102830451 -0.690507366170668
v 0.2887869605389712 0.5505072569117734 -0.6936243202269813
v 0.3392324222324637 0.5171842050484489 -0.6981529664742613
v 0.3837864484615698 0.4795950016073299 -0.7042043873547238
v 0.4219508328577756 0.4385147461684696 -0.7118440557352267
v 0.4533466635156175 0.3946760451818079 -0.7210873316073623
v 0.477690460742704 0.3487616829890135 -0.7319017291434722
v 0.4947727414187487 0.3014062757227543 -0.7442146954657459
v 0.9155191602571967 0.2452910726325825 0.3288549292927459
v 0.9161961695091281 0.1942040327312472 0.3586484481482918
v 0.9170007869305866 0.1384336865731881 0.3803758476879026
v 0.9178487736151216 0.07910853979629463 0.3936375409833408
v 0.9186369375223782 0.01752605978112593 0.3981704499882402
v 0.91926239579657 -0.04485151368095475 0.3938945104079173
v 0.9196510962320996 -0.1064140857321442 0.3809780056602327
v 0.9197854878573691 -0.1656918056946564 0.3598098254082275
v 0.9196577026502378 -0.2212290134739908 0.3308045507713583
v 0.9193053583548232 -0.2715317934265851 0.2946425456516048
v 0.9187987189649296 -0.3153523832418628 0.2521500272509561
v 0.9182104317828536 -0.3516730186827435 0.2042343540509302
v 0.9175967734122609 -0.3796905416577951 0.1518424223525656
v 0.9169972894259215 -0.3987672908772355 0.09591574246193427
v 0.8611528159493476 -0.3790362349688142 0.09128095114163887
v 0.8060636897015196 -0.3686210351842186 0.08909850881508184
v 0.7525339543995608 -0.3670850145931789 0.08923798428237557
v 0.7013550284457264 -0.3739434557159639 0.09155743430409355
v 0.6533254530678677 -0.3886771595018237 0.09590618497488233
v 0.6092560105296502 -0.4107297270915756 0.1021243116199914
v 0.5699471611889119 -0.4394840759502985 0.1100370830303269
v 0.5362684876896269 -0.4742927688346821 0.1194626307762513
v 0.5091307363870322 -0.5145219205300445 0.1302250782460627
v 0.4894218026048848 -0.5594287350514127 0.1421224657887365
v 0.4780047530220979 -0.6081812208706328 0.1549326824738033
v 0.4756963473038004 -0.6598558280643839 0.1684126998847804
v 0.4832397051843953 -0.7134271812142812 0.1822956382063076
v 0.5012688808291617 -0.7677563935502894 0.1962888534656905
v 0.5302931824424074 -0.8215798626978786 0.2100692977253319
v 0.5258934095162743 -0.8062634144269907 0.2701078833852161
v 0.5114093025115557 -0.7927655153355095 0.3297054725610238
v 0.4869025996325138 -0.7812006012188434 0.3880117243755822
v 0.452528420582424 -0.7716220725526673 0.4440279022295422
v 0.4085760266626031 -0.7639894725635901 0.4966036246967253
v 0.3555734646759139 -0.7581448370034101 0.5444193569921941
v 0.2943333453191161 -0.7538593754128526 0.586154248567257
v 0.2256294536704077 -0.7509637435698733 0.6206297601696448
v 0.1508630044182133 -0.7491023507475705 0.6463426746809486
v 0.07178791148307657 -0.747974067612922 0.6621174226153717
v -0.009610719364394834 -0.747375506474027 0.6672312411667963
v -0.008786971031304557 -0.6812719743415991 0.6142715824512408
v -0.007972821852824448 -0.6145637709562571 0.573046785308057
v -0.007177556167554664 -0.547335799429601 0.5422675358200763
v -0.006406609860571723 -0.4797745351773644 0.520930976726263
v -0.005662964914362305 -0.4121254927916553 0.508168752068254
v -0.004947885378216593 -0.3446744903066927 0.5032272679111012
v -0.004261668491862709 -0.277741090253472 0.5054604641637201
v -0.003604492720971147 -0.2116828671577287 0.5143428400879317
v -0.002977075807242272 -0.1468971385622888 0.5294767341644067
v -0.002381069902873587 -0.0838066603278263 0.5505954232017182
v -0.001820150989190856 -0.02290666585733416 0.5777032126682127
v -0.001299516499824614 0.03526665433913546 0.6109339028458668
v -0.0008256149061822368 0.09015043123714848 0.6505553077731825
v -0.0004059505644279278 0.1411569097371115 0.6969640992808903
v -4.911046056848441e-05 0.1876761757625873 0.7506743874983793
v 0.0002346590628823643 0.2290778787316601 0.8123298618607695
v 0.0004317672784682793 0.2647164701416324 0.8827343920850862
v 0.0005190117083936529 0.2938887644210433 0.9630146061682043
v 0.08182102286947665 0.2960430761848327 0.9591920014060207
v 0.160832906040994 0.3040946784362921 0.9461914737828773
v 0.2355015627286195 0.3178524730147365 0.9247347823512337
v 0.3040189322348834 0.33697669314898 0.8960343402629605
v 0.3649587621471637 0.3610087365217155 0.861653528054652
v 0.4175421048671485 0.3894872795323529 0.8227713737386343
v 0.4609766501772816 0.4219371927266739 0.7807323461844591
v 0.494777337671409 0.4578285679867898 0.7368350160961322
v 0.5187066191491204 0.4966199800671878 0.6921494364491505
v 0.5326619070857085 0.5377706497057593 0.6475452757316701
v 0.4229916047757322 -0.1191020213966471 0.424966361107939
v 0.4192415880754262 -0.0620324692847904 0.4429457100413605
v 0.4215430657312569 -0.0650321411248426 0.4410719071929572
v 0.4239651607587719 -0.0678855196976865 0.4391917250223445
v 0.4265097693625408 -0.0705812800197471 0.4373063846277838
v 0.4291789467269909 -0.07310859641189137 0.4354169779910582
v 0.4319726593591749 -0.07545731897050564 0.433525752558066
v 0.4348874894614552 -0.07761757313539093 0.4316378385634465
v 0.4379191909322926 -0.07958031520576093 0.4297593901242133
v 0.4410645354457616 -0.08133917034001603 0.4278938359143516
v 0.4443189830103007 -0.08288971070621348 0.426044471647171
v 0.4476773816160115 -0.08422939209680402 0.4242141384674676
v 0.4511328986194267 -0.08535859739566268 0.4224054491192446
v 0.4546750032231652 -0.08628417919490684 0.4206202516549664
v 0.4582958481907825 -0.08700987702864529 0.4188615639951336
v 0.461987341657144 -0.08754115278364728 0.4171323014674159
v 0.4657407283314879 -0.08788538400458147 0.4154353602538867
v 0.464471272573496 -0.09173110984100882 0.4149002710828611
v 0.4633727095946091 -0.09559275065600994 0.414281725943116
v 0.4624542111157779 -0.09946517133729847 0.4135784842152214
v 0.4617234925381435 -0.1033435001883597 0.4127895442243614
v 0.4611871247908489 -0.1072215624633843 0.4119145452018352
v 0.4608531736891857 -0.1110888229687269 0.4109515926353171
v 0.4607252604337867 -0.1149387347415297 0.409900461448405
v 0.4608044557009243 -0.1187651264054057 0.4087623742228476
v 0.4610898085744457 -0.1225620877618594 0.4075395365589068
v 0.4615778667101472 -0.1263241395713854 0.4062355482560354
v 0.4622609548318561 -0.1300429181374364 0.4048576739144976
v 0.4631326483999968 -0.1337133092689392 0.4034094796298024
v 0.4641853198574276 -0.1373317009049044 0.4018943572616275
v 0.465409901330103 -0.1408942672679573 0.4003161038635192
v 0.4616284915088931 -0.1420526637639637 0.4015915284636187
v 0.4579069720727363 -0.1433880123151861 0.4027953815016168
v 0.4542540879434377 -0.1449052720729135 0.4039212093089825
v 0.4506779821798257 -0.146607703341788 0.4049635533681475
v 0.4471864994229868 -0.1484970039133326 0.4059178300461568
v 0.4437899104801853 -0.1505784878752145 0.406778744609166
v 0.440494987533265 -0.1528510372986342 0.407543888575428
v 0.4373069366822449 -0.1553109688197055 0.4082121965811719
v 0.4342303780853515 -0.1579527742174731 0.4087832002025315
v 0.4312686450097759 -0.1607691891207378 0.4092573504436149
v 0.4284260748485904 -0.1637495369296307 0.4096341943338547
v 0.4257063157313234 -0.1668828490707197 0.4099144755537981
v 0.423109465403099 -0.170159266618279 0.4101016835135732
v 0.4206335294939733 -0.1735688770657236 0.4102006747453664
v 0.4182766656264837 -0.1771013610398919 0.4102164453723849
v 0.4158815867748091 -0.1746506778427693 0.4119958628781205
v 0.413363377905874 -0.1723801742545781 0.4137726357627655
v 0.4107225049095106 -0.1703021934663088 0.4155438849598281
v 0.4079609831340009 -0.1684273245966028 0.4173062883867572
v 0.4050820855999826 -0.1667645411436995 0.4190562927808517
v 0.4020897197543705 -0.1653210827236372 0.4207904995956431
v 0.3989860508546574 -0.1641054785998499 0.4225070309048714
v 0.3957779274007207 -0.1631212574348276 0.4242023174569788
v 0.3924729612740349 -0.1623679082238767 0.4258727608471179
v 0.389079180369308 -0.1618429222950366 0.4275151911100978
v 0.3856048839006955 -0.1615416165783225 0.4291268522367628
v 0.3870207046941276 -0.1571965674188612 0.4297328837024124
v 0.3883033957310493 -0.1528474965548361 0.4304047937142379
v 0.3894416236091561 -0.1484956346085546 0.4311455291587001
v 0.3904252347287842 -0.1441445721425161 0.4319577861773052
v 0.3912451428890019 -0.1397971482296789 0.4328438567555248
v 0.3918961935048049 -0.1354508600170636 0.4338050404459682
v 0.3923740555096876 -0.1311089610944386 0.4348423561429081
v 0.3926750840582216 -0.1267762598333182 0.4359562554957223
v 0.392796943806575 -0.1224587445400607 0.4371462380288826
v 0.3927389120542227 -0.1181616726142923 0.4384112137748871
v 0.3925015835337554 -0.1138901374897391 0.4397493386055372
v 0.3920871251104676 -0.1096494661460384 0.4411579170513716
v 0.3914990853326727 -0.1054435208370857 0.4426340417768355
v 0.39074181101582 -0.1012745863118521 0.4441750910870159
v 0.3898207482766614 -0.09713955408847093 0.4457813862468142
v 0.3887449619307908 -0.0930398189732492 0.4474494141868454
v 0.3875245455346015 -0.08897712556943825 0.4491749926801032
v 0.3861708802701114 -0.08495113212692544 0.4509549169485511
v 0.3896698535747243 -0.08388206209115635 0.4497262754146971
v 0.3930908936092338 -0.08260431125025933 0.448590355798527
v 0.3964256827964572 -0.08111526142100095 0.4475520277086895
v 0.3996661508050086 -0.07941438129011227 0.446615359016013
v 0.4028046374925886 -0.07750307598614621 0.4457837182710645
v 0.405834086365414 -0.07538637014476815 0.4450581993432354
v 0.4087519888526666 -0.07307279513001723 0.444435901179996
v 0.4115544563171128 -0.07057040212910841 0.4439158014604027
v 0.4142380715549039 -0.06788877183128492 0.4434961561097467
v 0.4168006609382625 -0.06503874371158991 0.4431741691754679
v 0.4166460074993949 -0.005168236467604879 0.4604645711888553
v 0.4210419198883935 -0.01118007267878878 0.4566312364755756
v 0.4257028567833056 -0.01691060378863891 0.4527963644923126
v 0.4306285389445022 -0.02233777144331161 0.4489549107514664
v 0.4358110099748662 -0.02743146096078235 0.445121244201705
v 0.4412491894204106 -0.03216372862708699 0.4413147449352398
v 0.446945802897287 -0.03651717424906804 0.4375385326603251
v 0.4528947737381466 -0.04047689530274623 0.4337971233940686
v 0.4590857027634135 -0.04403132259344398 0.4300958984532768
v 0.4655025044523003 -0.04717253495503665 0.4264445259121668
v 0.4721314791811931 -0.04989748743872705 0.4228503128312888
v 0.4789535349507215 -0.05220821060341496 0.4193232717640105
v 0.4859568824437314 -0.05410746476468398 0.4158701071510816
v 0.4931239567162653 -0.05560452824679542 0.4124931482838783
v 0.5004284781516661 -0.05672351288477025 0.4091892304337015
v 0.5078527099567631 -0.05747937857676785 0.4059724284797491
v 0.5053903522446581 -0.06507446757623517 0.4050525519397791
v 0.5032500607010356 -0.07270957921411349 0.4039482960283726
v 0.5014536938388404 -0.080372161706826 0.4026648805772857
v 0.5000279765590431 -0.08804089993893471 0.4011880992401982
v 0.4989870515409467 -0.09570310225853935 0.3995121270371962
v 0.4983396894062211 -0.1033478768977763 0.3976380510533122
v 0.4980932935483182 -0.1109584742720929 0.3955698610504526
v 0.4982507845566376 -0.1185174968859219 0.3933113213313754
v 0.4988098430312609 -0.1260081812161146 0.390868345836749
v 0.4997635918501771 -0.1334139536811057 0.388246452129805
v 0.5011033540376211 -0.140724980639216 0.3854503901426684
v 0.5028152825399206 -0.1479331496039468 0.3824918394351733
v 0.5048737006674308 -0.1550267321779479 0.3793942594134243
v 0.5072572846491225 -0.1619922678129205 0.3761598228195505
v 0.4997730881274984 -0.1642838190818639 0.3785214552853775
v 0.4924053289245469 -0.1669311092262314 0.3807650962664063
v 0.4851715647181101 -0.1699399876038723 0.3828706511627974
v 0.4780972609023894 -0.1733336994468451 0.3848279740584951
v 0.4711995858918568 -0.177118844182516 0.3866301725873993
v 0.4644905040830625 -0.1812942602146832 0.3882699518075428
v 0.4579890960022675 -0.1858569770804012 0.3897375275724358
v 0.4517090251186275 -0.1908007830882852 0.39102824897474
v 0.4456664832936815 -0.1961143342960379 0.39213795031072
v 0.4398719458829429 -0.2017851289111804 0.3930681897981697
v 0.4343316510263978 -0.2077980671808752 0.393823041123353
v 0.4290430342712588 -0.2141362184842921 0.3944091611042418
v 0.4240075651653497 -0.2207662456294109 0.3948247795148292
v 0.4192339506251239 -0.2276556319551495 0.3950733723689889
v 0.4147224717904846 -0.2347881790238444 0.3951711104470121
v 0.4098941529922884 -0.2300833637515807 0.3988440444837794
v 0.4048182254068657 -0.2257181739298091 0.4024958218123084
v 0.3994994859673945 -0.2217231575687646 0.4061253673693394
v 0.3939387219933854 -0.2181212727435501 0.4097278831990512
v 0.3881287068519857 -0.2149325093844414 0.413295111817959
v 0.3820804596217743 -0.2121688045704297 0.4168197553885081
v 0.3758034181812722 -0.2098449717346341 0.4202960828447849
v 0.3693097125696959 -0.2079692586645573 0.4237177741618172
v 0.3626189519314959 -0.2065516443026684 0.4270828131178266
v 0.3557490883891886 -0.2055934540176281 0.4303866846019064
v 0.3487122086451785 -0.2050832005403666 0.4336191048245623
v 0.3513571662425736 -0.1962345945681978 0.4347314159218579
v 0.353757327839096 -0.187394025134002 0.4359972223671641
v 0.3558850057488121 -0.1785675699133581 0.4374171205702079
v 0.3577232045266849 -0.1697335640686517 0.4389902269893198
v 0.3592652520044788 -0.160899223047716 0.4407252929272311
v 0.3604995759395772 -0.152081678523415 0.4426268660706481
v 0.361411294350636 -0.143288288655911 0.4446954311917438
v 0.3619890064123348 -0.134527432024774 0.4469297877245489
v 0.3622262052534555 -0.1258034322329796 0.4493281927793359
v 0.36212159978296 -0.1171241401121237 0.4518889877249105
v 0.3616764388415202 -0.1084972882839609 0.4546093722437552
v 0.3608973728672354 -0.09992728889875893 0.4574885810396092
v 0.3597956450848389 -0.0914222661951071 0.4605230939446203
v 0.3583861300113251 -0.08298834318009958 0.463708623800081
v 0.3566798374634252 -0.07463779310476824 0.4670324099563955
v 0.3546833752808933 -0.06637211563772517 0.4704831326633035
v 0.3524150008344539 -0.05817219089488707 0.4740733546704907
v 0.3499022428468021 -0.0500435748463771 0.4777991092247895
v 0.356983644467723 -0.047987633942355 0.475282619276208
v 0.3639034578554455 -0.04550819435396666 0.4729435809984096
v 0.3706496847105776 -0.04260091369582673 0.4707968346388965
v 0.3772036366510718 -0.03926945969141882 0.4688451936817479
v 0.3835452099261003 -0.03552333710712834 0.467085372270929
v 0.3896619221033302 -0.03137307975851465 0.465518381179122
v 0.3955439162518226 -0.02683475169570319 0.4641410783037985
v 0.4011799217161088 -0.02192223644666894 0.4629534651939303
v 0.4065767797848982 -0.01665784926936455 0.4619515255890231
v 0.4117339206235551 -0.01106419916446257 0.461127042757758
v 0.415468225118912 0.05105655211576692 0.4776375934637031
v 0.4216223538253035 0.04210309442957791 0.4716307449281035
v 0.4282223537634414 0.03354058531479544 0.4656428688616346
v 0.4352441114157985 0.02542510593147773 0.4596903396644972
v 0.4427034500359209 0.01780854329810941 0.4538201997913093
v 0.4506053502216694 0.01071587876544328 0.4480286031158542
v 0.4589293575239996 0.004177880003509482 0.4423212364612621
v 0.4676620342231975 -0.001781410440195244 0.4367035948939805
v 0.4767791923372811 -0.007141327672531976 0.4311881891044894
v 0.4862550618860045 -0.01188893055085279 0.4257908027589937
v 0.4960692945541588 -0.01601982611416487 0.4205220553440425
v 0.5061896372703708 -0.01953670969240422 0.4153981747576364
v 0.516588590879831 -0.02244929910904017 0.4104368503335009
v 0.527245585194025 -0.0247696912728448 0.4056542917263802
v 0.5381272271433353 -0.02652147746628145 0.4010430479875108
v 0.5491879244214288 -0.027742037064996 0.3966065096219464
v 0.5456999375530901 -0.03903336202299655 0.395559462054707
v 0.5426557641152977 -0.05038816056090237 0.394202149290485
v 0.540103593412218 -0.06177923224626236 0.3925177277520358
v 0.5380723117692077 -0.07318603728155676 0.3904819294546995
v 0.5365841906751487 -0.08458654389276257 0.3881009535044034
v 0.5356584586767894 -0.0959566754273022 0.3853821387021544
v 0.535308652373683 -0.1072660844346386 0.3823318483897022
v 0.5355387920244723 -0.1184867965540292 0.3789558128569775
v 0.536345734611318 -0.1295921054387063 0.3752637802290293
v 0.5377172291694154 -0.1405525934016637 0.3712663761621925
v 0.5396345475567326 -0.1513434328945208 0.3669702564800058
v 0.5420760203744186 -0.1619426341348619 0.3623816549547219
v 0.5450134863013023 -0.1723443350861492 0.3575320337528476
v 0.5484000626283489 -0.1825324128818626 0.3524504240279822
v 0.5372426972815038 -0.1858544744806692 0.3556114497015098
v 0.5262602472190001 -0.1897211076368376 0.3586406987345137
v 0.515497180757913 -0.1941643392537231 0.361515302015792
v 0.5049857036782369 -0.1992082410229525 0.3642290574512875
v 0.4947463965591075 -0.2048548741521726 0.3667614536816233
v 0.4848066063418952 -0.211103923222826 0.369091989524571
v 0.475198454750716 -0.2179501227632139 0.3712051713495939
v 0.4659422292890389 -0.2253844183781137 0.3730942106183607
v 0.4570638804404342 -0.2333882252848327 0.3747523267050556
v 0.4485877909198039 -0.2419381392397027 0.376179764392054
v 0.4405277565258797 -0.251010912173261 0.3773845971020104
v 0.4329046353840673 -0.2605780166596693 0.3783783490534789
v 0.4257136444843503 -0.2706192843760236 0.3791777324301158
v 0.4189396665700809 -0.2810668381318741 0.3797699075897845
v 0.4126083276749112 -0.2918659731033391 0.3801706656766218
v 0.4053740937605956 -0.2851806307984169 0.385942021593284
v 0.3977572983757733 -0.2789684684191761 0.3916516689618002
v 0.3897684396067174 -0.2732766309803958 0.3973035227793237
v 0.381376942592329 -0.2681431376842323 0.4028767501894893
v 0.3725975931621426 -0.2635952758756409 0.4083640845680748
v 0.3634438637657439 -0.2596629011123147 0.4137593586314737
v 0.3539302793486425 -0.2563704413981336 0.4190539256696943
v 0.344076678909315 -0.2537305290152697 0.4242376668258249
v 0.333904254415076 -0.2517540464772453 0.4293009786564631
v 0.3234531265561512 -0.2504515840231333 0.4342505103916571
v 0.3127446087185964 -0.2498187741434577 0.439073269507294
v 0.3163171067017813 -0.2362841504880845 0.4403930387057068
v 0.3195676454725069 -0.2227917735113953 0.4419961525877417
v 0.322452827784899 -0.209298853234056 0.4438661698643744
v 0.3249774361399484 -0.1958196863589684 0.4460368129230421
v 0.3271142858964613 -0.1823779585410024 0.4485110825872707
v 0.3288281182942169 -0.16897301416326 0.4512783416971215
v 0.3300982576796257 -0.1556150972929819 0.4543347982703747
v 0.3309080865629414 -0.1423142096007097 0.4576750279730166
v 0.3312475710260818 -0.1290772666486224 0.4612960680691983
v 0.3311148379452244 -0.1159179848253805 0.4651960066093878
v 0.3305116562951103 -0.1028492908687223 0.469369147100996
v 0.3294483334152404 -0.08987845376554966 0.4738142946239227
v 0.3279415351526362 -0.07701675912527306 0.4785308370542045
v 0.3260117630156114 -0.06427523691049612 0.4835163850082626
v 0.3236946165837267 -0.0516589768280442 0.488780150393839
v 0.3210167155067214 -0.03918688993552798 0.494307468099507
v 0.3179731632322632 -0.02685305986113043 0.5000624628686132
v 0.3146092630029279 -0.01462801073932525 0.5060818281942586
v 0.3253772028623703 -0.01168341873346447 0.5022547774583977
v 0.3358964478979659 -0.008094820586762164 0.4986760365999419
v 0.3461443863657373 -0.003865684393500984 0.4953580234356936
v 0.3560802091897936 0.0009986951883527934 0.4922901801440581
v 0.3656819846106051 0.006483483416197235 0.4894747256813569
v 0.3749293338100089 0.01257241988415853 0.4869136492231156
v 0.3838070613739574 0.01923936939199322 0.4846010198706647
v 0.392301015416404 0.02645504036842229 0.4825259813762676
v 0.4003959094406958 0.03419225231788513 0.4806802203014721
v 0.4081216814984439 0.0424057588800866 0.4790601804822305
v 0.4159929213155775 0.1063215810829559 0.4945369206158507
v 0.4234200080897697 0.09455049603848285 0.4860377584352353
v 0.4315213868525701 0.08325303059250769 0.4776028500366901
v 0.4402837121496047 0.07254743946314682 0.4693419526521046
v 0.4497396674501576 0.06246683744215333 0.4612630636531126
v 0.4598535309307222 0.05306007158466865 0.4533598429732849
v 0.4705984023455984 0.04437280785395687 0.4456423234200254
v 0.4819458728513307 0.03643937472344898 0.4381159034217419
v 0.4938511348997834 0.02929151527010212 0.4308014747490849
v 0.5062781239928991 0.02294787226655498 0.4237209100545647
v 0.5191946075390128 0.01741407031831202 0.4168910289933283
v 0.5325542007186032 0.01268811809608463 0.410335181938097
v 0.5463105901180222 0.008758378835810729 0.404083675598878
v 0.5604326634288365 0.005605285724214965 0.3981669051383707
v 0.5748992014556957 0.003208174339668593 0.3926111632120856
v 0.5896094388130194 0.001511284736686956 0.3873662396200491
v 0.5853464398087606 -0.01345668606438515 0.3865512632451271
v 0.5816054283591491 -0.02851567529576976 0.3852615226840926
v 0.578463117606541 -0.04362862176096257 0.3834039406233127
v 0.5759491425114499 -0.05876820704904185 0.3809903805852321
v 0.5741012430286 -0.07389931109730295 0.3780357108909321
v 0.5729515241262833 -0.08898115389019758 0.374553335712387
v 0.5725200076466055 -0.1039667916690691 0.3705532190282174
v 0.5728118181921749 -0.1188132808210432 0.3660448016724163
v 0.5738229612009376 -0.133479062426076 0.3610425609023459
v 0.5755355026958282 -0.1479187104381815 0.3555628249677221
v 0.5779188392493835 -0.1620897283567546 0.3496160023274779
v 0.5809359638299517 -0.1759539502829692 0.3432079006400205
v 0.5845567923749547 -0.1894816950070374 0.3363427333266542
v 0.5887087530277946 -0.2026859275214245 0.329119501707314
v 0.5738577224271814 -0.2068407723297787 0.3327200120709879
v 0.5592476358065257 -0.2117559819104677 0.336216274231056
v 0.5449741569033966 -0.2175077649190835 0.3396217988218934
v 0.5310589145432337 -0.2240998567447669 0.3429025820158177
v 0.5175327222789756 -0.2315334706495555 0.3460218917406277
v 0.5044414594297379 -0.2398039788754271 0.348947258876222
v 0.4918311027934305 -0.2489021104032052 0.3516575028584596
v 0.4797338679444167 -0.2588147627948293 0.3541410696228618
v 0.4681860876594638 -0.2695154219447096 0.3563889511081138
v 0.4572329559024951 -0.2809676762836868 0.3584000586585394
v 0.4469033812930849 -0.2931399980091212 0.3601881006319167
v 0.4372250618759799 -0.3059888637670901 0.3617687164263821
v 0.4282345937897598 -0.3194768784773106 0.3631735547744498
v 0.4198990758392701 -0.3335700146130698 0.3644134942825938
v 0.412235771393875 -0.3481145996247614 0.3654573121802798
v 0.4026819516301595 -0.3397906575614519 0.3736278046950178
v 0.3926113884915502 -0.332026724109171 0.3816715845335487
v 0.3819630293167144 -0.3249069483597012 0.3895675653495861
v 0.3707396717575218 -0.31847067217189 0.3972977191295102
v 0.3589626942749121 -0.3127653898237931 0.4048580751791013
v 0.3466500770364407 -0.307840249748334 0.4122421677625315
v 0.3338236355636428 -0.3037302345690002 0.4194375688834105
v 0.3205121296099802 -0.3004542269211055 0.4264293721019964
v 0.306747089952794 -0.298033793008454 0.4332062906398194
v 0.2925658913013309 -0.2964736352201623 0.4397586065969853
v 0.278030894314953 -0.2957932376899885 0.4461098105284144
v 0.282138375899832 -0.277373188781017 0.4471374805581791
v 0.2858894605614746 -0.2590337297936264 0.4486407661652107
v 0.2892671476282146 -0.2407024229818688 0.4506298143068492
v 0.2922611207215725 -0.2224351596725533 0.4531470658951015
v 0.2948044389611547 -0.2042309558647502 0.4561549184875491
v 0.2968605918706981 -0.1860930265323242 0.4596422144306976
v 0.2983960765515677 -0.1680406975409968 0.4635948806994027
v 0.2993828397356867 -0.1500797678381667 0.4679979200909724
v 0.2998079860125608 -0.1322231003465565 0.472846126920808
v 0.2996686656338492 -0.1144906284250903 0.4781366435196799
v 0.2989676509608616 -0.09690093287109396 0.4838613770738442
v 0.2977180579019491 -0.07946775573210871 0.4900176419973661
v 0.2959483907125743 -0.06220354543886328 0.4966150263900331
v 0.2936919081014283 -0.0451323657138939 0.5036555776365009
v 0.2909853550749511 -0.0282625555201308 0.5111469570488767
v 0.2878957918523181 -0.01161328638603808 0.519121265685704
v 0.2844321325372905 0.004789079605065025 0.5275139025008648
v 0.2806147811641228 0.02101603777208342 0.5363552642448407
v 0.2952183946273639 0.02474308761150388 0.5312268304558003
v 0.3094804230769369 0.02933486182244499 0.5263951561008484
v 0.3233349683921797 0.0347871246697524 0.5218279777806879
v 0.3367444913433587 0.04109030486048895 0.5175320969848437
v 0.3496761314175591 0.04821927712770277 0.5135053861423154
v 0.3621003579900137 0.05614980758550066 0.5097506165920337
v 0.3739943822166413 0.0648445128216191 0.5062593734246739
v 0.385339074532197 0.07425672460150273 0.5030103457921373
v 0.3961122110004718 0.08434319974005858 0.4999813811588894
v 0.4063091829126513 0.09506077815523678 0.4971661609898309
v 0.4185128964330371 0.1604634655786184 0.511169764755401
v 0.426585193444636 0.1460056472704545 0.4997905598432994
v 0.435620238343105 0.1321042253418404 0.4885799186292392
v 0.445687845410823 0.1188939034316887 0.4777375451549321
v 0.4567561302142378 0.1064202876651445 0.4672194618044306
v 0.4687707925180978 0.09476361469835334 0.4570438971484
v 0.4816937550677132 0.08397265356740644 0.4472022901921827
v 0.495457843046876 0.07410457097994522 0.4377126413534894
v 0.5100030728376875 0.06520267722725881 0.4286036147029608
v 0.5252756327383804 0.05729378211444115 0.4199053409025048
v 0.5412258291282017 0.05038676086122761 0.4116439093762596
v 0.5577929323460634 0.04448223018188583 0.403853133659183
v 0.5749088224150747 0.0395687367302435 0.3965756280038391
v 0.5925160606481527 0.0356264759154892 0.3898630459932633
v 0.6105942966515359 0.03262865912331445 0.3837758391123823
v 0.629037374003545 0.0305236206086426 0.3782510399141364
v 0.6242991942099143 0.01186614323793344 0.3781594839379198
v 0.6201301291019001 -0.00691834826978749 0.3773075645513502
v 0.6165946360564275 -0.02579863598123563 0.3755820548332884
v 0.6137492165032454 -0.04472114821913507 0.3730229560541214
v 0.6116500210159342 -0.06363240053624812 0.3696579443023597
v 0.610345526839888 -0.08246691165143628 0.3655058254698943
v 0.6098590449648348 -0.1011607906954978 0.360582618818758
v 0.6101979341113122 -0.1196466716944069 0.3549038662717342
v 0.611356437717147 -0.1378588390505005 0.3484916735815202
v 0.6133132859264909 -0.1557340792789649 0.341366124535863
v 0.616023204201734 -0.1732058387082503 0.3335461380099791
v 0.6194309431169931 -0.1902129405721364 0.325036757481324
v 0.6234803521387864 -0.2066883008828586 0.3158318925257753
v 0.6281093486208963 -0.222660224036641 0.3060439581138562
v 0.6094736866036372 -0.2273184632211378 0.3096652418943994
v 0.5911999663733977 -0.2330352130663847 0.3132971504746864
v 0.5733895850826414 -0.2398891937927403 0.3169656832911423
v 0.5560633194847442 -0.2478709774326138 0.3206041103474879
v 0.5392776012646917 -0.2569717870303606 0.3241571063342467
v 0.523099362256391 -0.2671809937824968 0.3275817941872881
v 0.5075891812388753 -0.27848178411501 0.3308492465005429
v 0.4927967118065931 -0.2908536995008116 0.3339416161460532
v 0.478776104369284 -0.3042592643061212 0.3368471294755669
v 0.465587979795179 -0.3186483649064585 0.339564166743548
v 0.4533006535576516 -0.3339650783206624 0.3421078022107422
v 0.441953214125629 -0.3501722965329986 0.3445114987273528
v 0.431601651210188 -0.3671941391424577 0.3468024723294604
v 0.4222787817437542 -0.3850132016360152 0.3490431458579347
v 0.4139168860930245 -0.4034151716859026 0.3511335573508018
v 0.4022254491436093 -0.393820494356817 0.3621170248703339
v 0.3898155595074387 -0.3848460680970631 0.3728620669514769
v 0.3765640700936592 -0.3765826757737069 0.3833101334336075
v 0.3625196410384714 -0.3690900189495884 0.3934597162238488
v 0.3477123644108928 -0.3624409470555428 0.4033095347546269
v 0.3321660313159482 -0.3567067645473084 0.4128510687455207
v 0.3159143653394025 -0.3519329149115052 0.4220662962335845
v 0.2989991804248308 -0.3481487708376254 0.4309334327325892
v 0.2814644501048556 -0.3453813766599217 0.4394357522275421
v 0.263350749381875 -0.343646336290564 0.4475492324316514
v 0.2447479063113956 -0.342972357874242 0.4553248804661338
v 0.2489599156635315 -0.3194949957184779 0.4553931915169432
v 0.252820577273982 -0.2961030684766865 0.4561915207741408
v 0.2563985317340496 -0.2727805098129494 0.457862429347607
v 0.2595931358968988 -0.249553400646677 0.4603424159458158
v 0.2623421959621006 -0.2264199017117748 0.4635991075270396
v 0.2645898201659147 -0.2034071585212188 0.4676023592025486
v 0.2662812426246836 -0.1805202835731348 0.4723122619619712
v 0.2673822446460638 -0.1577721846751979 0.4777082530357438
v 0.2678740468051782 -0.1351854517548689 0.4837794345456007
v 0.2677519345215454 -0.1127878707768638 0.490520752914413
v 0.2670205673943437 -0.09060587107948445 0.4979218376579317
v 0.2656988773592067 -0.06866422208332204 0.5059798834752113
v 0.2638214317702697 -0.04698458623148102 0.5147050910237218
v 0.2614434880321386 -0.02559153713785492 0.5241287094014841
v 0.2586204773869838 -0.004524085183440521 0.5342631289719699
v 0.2554146503299738 0.01620262041350156 0.5451358224499737
v 0.251925966630008 0.03653226602032915 0.5567881003390855
v 0.2480890378229942 0.05655727477232358 0.5691101683852964
v 0.2667644342851286 0.06095540979313967 0.5627377799054267
v 0.2849642683027801 0.06644786530470347 0.5566392123198918
v 0.302596419548731 0.07303630875998447 0.5507565912744325
v 0.3196184348923969 0.08069371773165683 0.5451014975189346
v 0.3359847494603171 0.08938740237886876 0.5396737779454387
v 0.3516523702998965 0.09908035081117073 0.5344765943220637
v 0.366586261600043 0.1097232286688502 0.5295008091648914
v 0.3807608899457315 0.1212484969902919 0.5247145882154073
v 0.3941447725342524 0.1335916823316035 0.5200793422504543
v 0.4066881281089499 0.1467013937134968 0.5155649066560269
v 0.4233453139699431 0.2134777881480363 0.5274554392634428
v 0.4312418417806845 0.1964449118860587 0.5127666287408201
v 0.4405342558737921 0.1800459215059805 0.4984516417744755
v 0.4513457221947809 0.1643989218644193 0.4847108072310461
v 0.4635645828520007 0.1496026335269942 0.4715167384097593
v 0.4771288402878573 0.1357330338545482 0.458857978105476
v 0.4919401372758164 0.1228767829676344 0.4467477592066705
v 0.5079043758835127 0.1111125716599533 0.4352204222930814
v 0.5249397468606904 0.100495367731606 0.4243081636714865
v 0.5429657406471643 0.09106550484831546 0.4140539538217939
v 0.5619069465705769 0.0828393981190385 0.4044979766269596
v 0.581676461334955 0.07582312859863999 0.3956913277007396
v 0.6021954089476249 0.07000920792280857 0.387691933575273
v 0.6233703702311105 0.06538218558433383 0.3805696057556175
v 0.6451467154250596 0.06192377961318676 0.3744180093458006
v 0.6674456453090761 0.05958588705519662 0.3692143707017219
v 0.6625718021248012 0.03721432838175345 0.3704478734743424
v 0.6582515439706387 0.01462962856327649 0.370498844928647
v 0.6545467190358764 -0.008113175100400159 0.3692853794025043
v 0.6515432262057976 -0.03092898868434194 0.3668727066141516
v 0.6493239144212132 -0.05373402966680307 0.3632946501085358
v 0.6479429400133728 -0.07643731975574791 0.3585784748458929
v 0.6474321391214428 -0.09894287749049194 0.3527501449601135
v 0.6478013415228134 -0.1211475296378721 0.3458341863442128
v 0.6490426255997961 -0.1429500322365074 0.3378638135377618
v 0.6511267104407455 -0.1642543625565499 0.3288676453846688
v 0.6540023637658201 -0.1849674935450885 0.3188704944860372
v 0.6575898238806274 -0.2049984353691845 0.3078885774425523
v 0.6618033614575894 -0.2242395572811164 0.2959115131639959
v 0.6665815702988063 -0.2426821206706448 0.2830363013005143
v 0.6440269889257246 -0.2473824049748968 0.2862535802345928
v 0.6219935808230224 -0.2535418042099168 0.2896933563146364
v 0.600556505373595 -0.2612124630573008 0.2933478103164037
v 0.5797697352082043 -0.270361310112891 0.2971262535400137
v 0.5597240205480152 -0.2809674059807273 0.3009600238653097
v 0.5404975244174148 -0.2930082813233255 0.3047949211356075
v 0.5221768675015327 -0.3064538891634478 0.3085899801577279
v 0.504837438837487 -0.3212702190989398 0.3123192030963748
v 0.4885602682970244 -0.3374019385373308 0.3159669660445524
v 0.4734281028792863 -0.3547870952540533 0.3195348711874766
v 0.4595366672412332 -0.3733436415245681 0.3230355061580586
v 0.4469866947172329 -0.3929935462950864 0.3265040172434432
v 0.4358420574464846 -0.4136776270659885 0.3299908774455982
v 0.4262175805309498 -0.4353278221730585 0.3335730437786554
v 0.4179910418881275 -0.4577405018564338 0.3371413235843498
v 0.4044511366947748 -0.4472424399545176 0.3514733446424402
v 0.3898453681735997 -0.4373889447917088 0.3653794441501554
v 0.3740857690694553 -0.4282659602863621 0.3787968963168213
v 0.3572444041198832 -0.419964127338102 0.391728717559279
v 0.3393534434444436 -0.412592950435993 0.4041730408978569
v 0.3204569033998682 -0.4062328449174159 0.4161131081794504
v 0.3006051932378749 -0.4009459202917717 0.4275219837468784
v 0.2798610772128804 -0.3967742062458735 0.4383657643630185
v 0.2582851241088175 -0.3937517731162443 0.4486154986998008
v 0.2359388781597414 -0.3919050990345439 0.4582446300197724
v 0.2129136679141393 -0.3912731028934177 0.4673067619247863
v 0.2167700743709266 -0.3625809025677418 0.4655296584294211
v 0.2203877286731824 -0.3339808006237499 0.4649240468572821
v 0.2238363901229019 -0.3054951763138413 0.4656754104103606
v 0.2269760882367355 -0.2771335440066146 0.4676514424167437
v 0.2297272661116391 -0.2489248480984329 0.4707997772044999
v 0.2320036835039758 -0.2208783215695136 0.4750422822776755
v 0.2337407895647163 -0.1930077370042593 0.480328028624618
v 0.2348924764558911 -0.1653412395751367 0.486622526801269
v 0.2354316481696308 -0.1379112202939274 0.493904467348586
v 0.235350764437441 -0.110758066116007 0.5021645374396676
v 0.2346572256583302 -0.08392112740781139 0.5113894264841916
v 0.2333782753644352 -0.05743885412077039 0.5215799294330744
v 0.2315600839436351 -0.03135283794539873 0.5327506207544238
v 0.2292675621646624 -0.005700840397315417 0.5449371480372682
v 0.2265872434447622 0.01946958345076341 0.558201597400132
v 0.2235983829257882 0.04410673711951885 0.5725756233684592
v 0.2204396586358538 0.06813388187741473 0.5881655645603331
v 0.217044697867106 0.09163092907984893 0.6048070126973565
v 0.2401396742161317 0.09658624941343155 0.597286516148703
v 0.2625714586334409 0.1028900676068663 0.5899231180641603
v 0.2842451994115153 0.1105353429837615 0.5826508696045727
v 0.3050968437463056 0.1194845245323815 0.5754785563823941
v 0.3250637362286238 0.1296922870649646 0.5684126993042959
v 0.344081400845329 0.1411043044969019 0.5614603908027151
v 0.3620976342920856 0.1536519975313775 0.5546112991663629
v 0.3790663833069577 0.1672559767462485 0.5478362090265779
v 0.394953065946765 0.181818295126333 0.5410764547376483
v 0.4096840094060177 0.1972623739455028 0.5342808620384695
v 0.4307753644799613 0.2655217085835353 0.5431879437909654
v 0.4374941475340854 0.245986626609769 0.5248193896511301
v 0.4462521791070151 0.2271310529901637 0.5070843465160545
v 0.4571319684451829 0.2090867307788129 0.4901548043785424
v 0.4699837461272682 0.1919683426837492 0.4739945027566935
v 0.484669285038633 0.1758944495943554 0.458623672238881
v 0.5010440451386675 0.1609890308540066 0.4440902603221147
v 0.5189865926177841 0.1473448781612186 0.4304279959819591
v 0.5383737210352605 0.1350412320668115 0.417685952170461
v 0.5590879813085764 0.1241386930988576 0.40592547506405
v 0.5810166025042393 0.1146680763238858 0.3952078252274984
v 0.6040382271669332 0.1066468820801976 0.3856071048565201
v 0.6280397693939989 0.100078211488769 0.377208267765101
v 0.6529153035195023 0.09495473926340715 0.3701021129209371
v 0.6785537268009452 0.0912755620633711 0.3643949691387119
v 0.7048700012002246 0.08902155658527446 0.3601510081964691
v 0.7001992330285448 0.0629109499635241 0.3634244798280167
v 0.6960020102689467 0.03642137890166156 0.3649483653287591
v 0.6923605053247809 0.009673329913284684 0.3647241288263968
v 0.6893923340986448 -0.01721466117508546 0.3628128523902955
v 0.6871894301920821 -0.04411567534342763 0.3592547706427765
v 0.6858171113769537 -0.07089241885729804 0.3540930734763867
v 0.6853156550823341 -0.09740172889416311 0.3473659222851852
v 0.685697576637737 -0.1234866788423419 0.3391107762553411
v 0.6869523097065589 -0.148992896660325 0.3293778875080436
v 0.6890424330900036 -0.173777381430797 0.3182102310508371
v 0.6919050020597618 -0.1976988627012062 0.3056435276441149
v 0.6954512901136833 -0.2206252907047687 0.2917107054148388
v 0.6995660470464546 -0.2424211550904141 0.276423315539931
v 0.7041643826141811 -0.2629791319496629 0.2598413582375735
v 0.6775160417176481 -0.2671163015481664 0.262272018469098
v 0.6515484178290332 -0.2732482393279037 0.2652074679472198
v 0.6263433893832716 -0.28135582747868 0.2685804072835082
v 0.6020088608834449 -0.291386024285897 0.272298268221554
v 0.578648187494522 -0.30329893905928 0.2762781830519621
v 0.556373273984751 -0.3170492594855069 0.2804481787372017
v 0.5353051408062284 -0.3325854889785519 0.2847534685016088
v 0.5155566252798004 -0.3498505040808917 0.2891575836070754
v 0.4972459774429802 -0.3687624221112465 0.2936399334758061
v 0.4804979662653057 -0.389230369923435 0.2982006455977746
v 0.4654362030036948 -0.4111597041256501 0.3028604842086675
v 0.4522086949524703 -0.4344242943612124 0.3076450271683824
v 0.4409579359152412 -0.4589151292534432 0.3126006698905331
v 0.4318376324684396 -0.4845533698486968 0.3178207696049592
v 0.4247670399911164 -0.5111373745601425 0.3232283503644461
v 0.4097772825727296 -0.5000658029408512 0.3415627431581106
v 0.3932236224286097 -0.4896217864393314 0.3592248738274835
v 0.3751012327407657 -0.4799004459292168 0.3761579804276021
v 0.3554802680443299 -0.4710366977165422 0.39236269225267
v 0.3344193632449631 -0.4631504334045338 0.4078193650901339
v 0.3119903038554024 -0.4563393196368131 0.4224965493195408
v 0.2882700227404965 -0.4506825473895202 0.4363489942128725
v 0.2633551675186798 -0.4462355240815007 0.4493208016815797
v 0.2373350502293615 -0.4430445682617055 0.4613673601208286
v 0.2102993505835266 -0.441134375627327 0.4724347448221373
v 0.1823468392041009 -0.4405530971386594 0.4825715490812532
v 0.1854451984060549 -0.4065369796348248 0.4779105512914617
v 0.1885082417122636 -0.3726037664529184 0.4750769804006283
v 0.1915374622997796 -0.3387983269936642 0.4741977719830597
v 0.1943827927930402 -0.3051604555797834 0.4751121874021771
v 0.1969345957943628 -0.2717105310542861 0.4776963866100218
v 0.1990926185474385 -0.2384655436832364 0.4818477319845818
v 0.2007743704832829 -0.2054622300234371 0.4874912924404265
v 0.2019181462651166 -0.172740786074835 0.4945681629949027
v 0.202487081315013 -0.1403509083623336 0.5030417552670043
v 0.2024698225597956 -0.1083521450514348 0.5128954164019016
v 0.2018773512684565 -0.07680393736397215 0.5241121538001549
v 0.2007465016691775 -0.04576720205137632 0.536696768108713
v 0.199138951084817 -0.01530615633070151 0.5506783150512273
v 0.1971369866533497 0.01450975414840221 0.5661020510999366
v 0.194841260819226 0.04361427908650961 0.5830466191679902
v 0.1923617089242805 0.07192768674102398 0.6016088819689357
v 0.1898460434573517 0.09933397949173665 0.6219073715389984
v 0.1872952597290902 0.125861557069312 0.6438150787649618
v 0.2153088991877357 0.1312448127600711 0.635322296023042
v 0.2424224577823251 0.1382656193406658 0.62673034094155
v 0.2685322875885445 0.1469056115456301 0.6179735721527027
v 0.2935460318477634 0.1571148524394797 0.6090858527639966
v 0.3173714665647758 0.168829215870707 0.600081051926502
v 0.3399095948908206 0.1819714410527832 0.5909787536944066
v 0.3610811978342209 0.1964486115664035 0.5817757260792753
v 0.3808120453112215 0.2121586976116677 0.5724465287252263
v 0.3990406982200738 0.2289858456072348 0.5629430313084695
v 0.4156942645972332 0.2468113993542388 0.5531910939082898
v 0.4410310158938809 0.3168987181927944 0.5580506173441059
v 0.445412605866202 0.2948680910980522 0.5357535627472882
v 0.452714285089547 0.2735262059772871 0.5143556550462964
v 0.4629092326872978 0.2530284631655463 0.493936625150557
v 0.4757720037753959 0.2335349208472323 0.4745386062444141
v 0.4910965821225816 0.2152159622855621 0.4562451858058462
v 0.5087025161834413 0.1982168536737663 0.4391092518674206
v 0.5284067174916361 0.1826687534450965 0.423193708585812
v 0.5500324767141797 0.1686826868072321 0.4085723921007394
v 0.5734107186114751 0.1563492455428572 0.395334085483308
v 0.5983749153934552 0.1457236760261736 0.383570996149509
v 0.6247549020790798 0.1368434231578864 0.3733882870942172
v 0.6523924494534015 0.1297315498049647 0.3649033454775246
v 0.6811401965916046 0.1244021738716136 0.3582431146621732
v 0.710853066912252 0.120869376747939 0.3535310074195038
v 0.7413957756856071 0.1191615520811564 0.3508957828721845
v 0.7372274336958901 0.08931187687790405 0.3570279702702466
v 0.7334159535767802 0.05881748625086831 0.3607377314890697
v 0.7300772044379116 0.02786945783868595 0.3620750801315686
v 0.7273346308371397 -0.003352584395064481 0.3610853130827848
v 0.7252868233336816 -0.03464717214950288 0.3578256116689625
v 0.7240109989778627 -0.06580759078419714 0.3523522934572476
v 0.7235545458645969 -0.09661925132485751 0.3447185339345541
v 0.7239321012313809 -0.1268449862104536 0.3349802091722383
v 0.7251303739530469 -0.156251501474968 0.323213552691325
v 0.7271044834240753 -0.1846264027247047 0.3094860569328783
v 0.7297794046391005 -0.2117613518802185 0.2938585603592497
v 0.7330576596669542 -0.2374513483206769 0.2763884216513687
v 0.7368182421949894 -0.2615145282881713 0.2571324241028889
v 0.740943646659089 -0.2837570555899069 0.2361481923432641
v 0.70997696032979 -0.2865912552096344 0.2374758563695476
v 0.6798514286608812 -0.2920914129514498 0.2396259022106577
v 0.6506969017400855 -0.3001652499115375 0.2425003563831924
v 0.6226537119903571 -0.3107369291689653 0.2459988269756048
v 0.5958665041174945 -0.3237289802482934 0.250018612367451
v 0.5704917309975565 -0.3390620941462989 0.2544702113303164
v 0.5466990687135547 -0.3566517553252066 0.259282618793259
v 0.5246552692729405 -0.3764039524507617 0.2644058159515552
v 0.504530673206611 -0.3981971644213559 0.2698117188056071
v 0.4865044091524075 -0.4219008395066925 0.2754963259393386
v 0.4707631326787992 -0.4473732715962654 0.2814761093394861
v 0.4574915282188666 -0.4744658464077146 0.2877841768006917
v 0.4469022060868532 -0.5029953289738709 0.2944410146858735
v 0.4392278474474215 -0.5328063167180883 0.3014971846471299
v 0.4344980916150727 -0.5637205092286872 0.3089686611546646
v 0.418608146594488 -0.5523194278399055 0.3320729182613455
v 0.4004946240660154 -0.5415062262920848 0.3542200559823169
v 0.3802050849110295 -0.5314186294566492 0.375372945180097
v 0.357825104964363 -0.5222055923012916 0.3954944300570256
v 0.3334650640255643 -0.5139922195680063 0.4145269736733904
v 0.3072343431171329 -0.5068935282547562 0.4324073811438163
v 0.2792513024050483 -0.5010035723904176 0.4490538744007495
v 0.2496668912564501 -0.4963883081122625 0.4643694659329523
v 0.218618695083257 -0.4931030065872712 0.478278487334427
v 0.1862458810120874 -0.4911802979011992 0.4906958436637783
v 0.1526780841452041 -0.4906533674914548 0.5016092131073638
v 0.154726771707328 -0.4512473680780945 0.4928733369651223
v 0.1570050178638099 -0.4118813719069033 0.4868476330634733
v 0.1593843955991543 -0.3726487509305515 0.4835372865531522
v 0.1617345943733794 -0.333589309774411 0.4827196029771201
v 0.1639308721077745 -0.2947343819262603 0.4842218737235428
v 0.1658519207229658 -0.2561361606223964 0.4879089021235168
v 0.1673949982041138 -0.2178467551244037 0.4936607729840153
v 0.1684826124134017 -0.1799295891800129 0.501386657119087
v 0.1690671217719548 -0.1424596099642303 0.5110276085306061
v 0.1691326132250927 -0.1055244691374054 0.5225552263989638
v 0.1686942009891454 -0.06921355554192513 0.5359480010569189
v 0.1677991586536334 -0.03362056505856408 0.551216718112247
v 0.1665245805181262 0.001154516488613728 0.5684059737814189
v 0.1649728724076333 0.03500678693220156 0.587591661940719
v 0.1632646944023506 0.06782362357449187 0.608864106145657
v 0.1615254595025216 0.0994923124603115 0.6323558676096652
v 0.1598838035291849 0.1298688246587408 0.658240978474537
v 0.1584679923401195 0.1588749891503197 0.6864730357387112
v 0.1920818463896204 0.1645173298236181 0.6772641992975581
v 0.224516848574384 0.1721518802870021 0.6674893933633159
v 0.2556378787781851 0.1817419858075227 0.657145377790869
v 0.2853019346375272 0.1932149465636198 0.6462896936810869
v 0.3133675688035343 0.2064829606279102 0.6349592355294406
v 0.3396808169090009 0.2214386490732786 0.6232049389389749
v 0.3641206754176095 0.2379574830724367 0.6110484258340722
v 0.3865750036945487 0.2559059307112015 0.5984833840910796
v 0.4069310480894688 0.2751448439348428 0.5854932378614586
v 0.4251001265569693 0.2955232728206819 0.5720299927777485
v 0.454242163512783 0.3680256129000857 0.5716427537028214
v 0.4550190274843355 0.3434267339228987 0.5453514262908491
v 0.4598231714377511 0.3194739316792041 0.5200947963174919
v 0.4684557036730088 0.2963875349046179 0.495961264342639
v 0.4806355619712067 0.2743867379941953 0.4731199778885299
v 0.4961059005834519 0.2536832383259288 0.4516841985919444
v 0.5146042354032865 0.2344754724675014 0.431759051518536
v 0.5358740592284278 0.2169415546045224 0.413449835571108
v 0.5596655671442775 0.2012378456125381 0.3968714126867685
v 0.5857383304242058 0.1874978920242056 0.3821531292237619
v 0.6138502163551912 0.175814970494107 0.3694313688430419
v 0.6437631631093291 0.1662581695214917 0.358852556012212
v 0.6752540119892948 0.1588826334689919 0.3505750930827588
v 0.7081110344604905 0.1537371985940754 0.3447640430325797
v 0.7421331406117927 0.1508713788828013 0.3415875970325217
v 0.7771280793849696 0.1503356471824954 0.3412109999755123
v 0.7737092164010874 0.1168224434296327 0.3511530729477363
v 0.7705342370196385 0.08222129640169946 0.3578960716466222
v 0.7677199522171415 0.04682503063245576 0.3614636783028841
v 0.7653819732162581 0.01093099267861874 0.3619023629403516
v 0.7636267039346097 -0.02515958832309922 0.3592713654402945
v 0.7625364726585004 -0.06113410558874777 0.3536386122111748
v 0.7621623974830297 -0.0966701480479419 0.3450742894569774
v 0.7625197599209202 -0.1314119822087603 0.3336601719347153
v 0.7635929385461648 -0.165010306251142 0.3195116389793577
v 0.7653319668120208 -0.197150723472755 0.3027376682767047
v 0.7676551382936996 -0.2275269585209387 0.2834443565819924
v 0.7704561053828162 -0.2558455724843166 0.2617395552707265
v 0.7736175482841211 -0.2818223810440557 0.2377397834111121
v 0.7770207441000685 -0.3051873362864339 0.2115802815201325
v 0.741494216649783 -0.3058316392151453 0.2115755145710582
v 0.7069626251370459 -0.3099665837412117 0.2127489765533429
v 0.6736110860680585 -0.3174612904926087 0.2149820701747863
v 0.6416351603727168 -0.3281845460544434 0.2181546286196422
v 0.6112423132462712 -0.3420088208243517 0.2221491122366729
v 0.5826532073661411 -0.3588057349897968 0.2268575773405816
v 0.5561051956092642 -0.3784422680251945 0.2321903070807904
v 0.5318408986528446 -0.4007689870877768 0.2380797290197417
v 0.5101027661557805 -0.4256068102022321 0.2444860359371991
v 0.4911443504264648 -0.4527655187883149 0.2513945240184126
v 0.4752274325159084 -0.482041672300811 0.2588108653854401
v 0.4626213742062376 -0.5132147762018655 0.2667521663202064
v 0.4535909271068878 -0.5460488877898637 0.2752365714729659
v 0.4484280441376163 -0.5802758723897284 0.2842386629331249
v 0.4473393305993545 -0.6156573853770172 0.2938019023337677
v 0.4313413477131463 -0.6040295178530256 0.3225024144928237
v 0.4121929175058572 -0.5929964327537162 0.3500163029977658
v 0.3899924393041047 -0.5827132062820914 0.376267056822459
v 0.3648968446008063 -0.573315432175815 0.4011276691487266
v 0.3370640557818048 -0.5649392973797286 0.424477652086682
v 0.3066588347308909 -0.5577083700116948 0.446189386104881
v 0.2738625070846059 -0.5517239706600483 0.4661118423012786
v 0.238910537795653 -0.5470542941168532 0.4840738858201258
v 0.2020214056139024 -0.543757486263886 0.4999438946221988
v 0.1634197039754278 -0.5418677721487865 0.5135844794192995
v 0.1233237224575147 -0.5413995044157855 0.5248749434116562
v 0.1242332735413726 -0.4965754299608867 0.5107203422913799
v 0.1255814288582104 -0.4517336041926499 0.500403624574343
v 0.1271840470188064 -0.4069763890072065 0.4937333355387417
v 0.1289317628200082 -0.3623604414667282 0.4904407184332601
v 0.1306763703578389 -0.3179630119010449 0.4903041996224626
v 0.1322819535223277 -0.273857762491394 0.4931167732702204
v 0.1336295308772743 -0.2301289922911637 0.4987059516639295
v 0.1346274637236047 -0.1868720353837868 0.5069364149741066
v 0.1352181279377234 -0.1441979224229387 0.5177175852904701
v 0.135380938599465 -0.102233620424994 0.5310031040274962
v 0.13513502953329 -0.06111115191573664 0.5467664284590016
v 0.1345370922918369 -0.02097079755662006 0.5650267632420194
v 0.1336778187529615 0.01803817778420782 0.5858506064241253
v 0.1326751778886597 0.05575750980685368 0.6093432540445632
v 0.1316641308195285 0.09202133977871324 0.6356463335800806
v 0.1307923285714707 0.126653464631045 0.6649136143196047
v 0.1301691310815914 0.1594747128687942 0.6973516705616273
v 0.1299743114239263 0.1903031509272512 0.7330814947405512
v 0.1700956611247652 0.1959844264396388 0.7235051673316945
v 0.2087368149471019 0.2041146371219139 0.7126326173603781
v 0.2456726529145108 0.2146185375808567 0.7005662427429522
v 0.280673142993248 0.2273955848096605 0.6874097072842849
v 0.3135146384310571 0.2423269932325122 0.6732488720452503
v 0.3439580502934562 0.259265744999534 0.6582006814882349
v 0.3718194980785883 0.2780457865963326 0.6423456694715461
v 0.3969318713638416 0.2984933292294188 0.6257312514480976
v 0.4191355002639034 0.3204272360363138 0.6083916271049189
v 0.4382727653780842 0.3436641888480793 0.5903674487730973
v 0.4704897140633668 0.4194033888544099 0.5834728480292868
v 0.4662758333191885 0.39208363782208 0.5533163774903069
v 0.4673809139217624 0.3653102057567965 0.5241505260159743
v 0.4734894952064465 0.3393966796172775 0.4962142168903186
v 0.4842707404206134 0.3146352266104482 0.4697544739167578
v 0.4993715146161087 0.2913104764842097 0.4449780445300305
v 0.518436663276907 0.2696892509800364 0.4220690803219838
v 0.5411123823092163 0.250015539117823 0.4012026262005352
v 0.5670517671912427 0.2325074996932426 0.3825558265231997
v 0.5959167327357004 0.2173578106936438 0.3663162596059822
v 0.6273616354615577 0.2047152253150396 0.3526811716403738
v 0.66105512695678 0.1946961606768633 0.3418512539536183
v 0.6966827024887976 0.1874029115434538 0.33403598934475
v 0.7339430854246118 0.18293203560356 0.3294489744415492
v 0.7725438112695256 0.1813821878024129 0.3283011141240693
v 0.8121918740172025 0.1828665237934756 0.3307905547305032
v 0.8097240299352241 0.1458198560278887 0.3456459089993738
v 0.8073860759367498 0.1070350810408613 0.3563814731145284
v 0.805282571443694 0.06693252062771161 0.3629749084795166
v 0.8035183493402017 0.02595303455702926 0.3654422030231845
v 0.8021903785191702 -0.01544783145112165 0.3638309874177184
v 0.801376267242299 -0.05680034436689532 0.3582127001104147
v 0.801124026065684 -0.09762138192751109 0.3486759787566723
v 0.801446774831062 -0.137383694588609 0.3353389096528888
v 0.8023277452346662 -0.1755707663012049 0.3183738945829158
v 0.803717022838249 -0.2117193434794285 0.2979571374265913
v 0.8055344836641453 -0.2453843039655925 0.2742732863796153
v 0.8076796434135758 -0.2761431900179799 0.2475205913987555
v 0.8100432297015744 -0.3036010371161486 0.2179176376277212
v 0.8125153979481879 -0.3273998069418947 0.1857054641101299
v 0.772207645805667 -0.3247947405324613 0.1842929967600374
v 0.7329870172001879 -0.3267422653645272 0.1844068044588989
v 0.6951358266459688 -0.3330374606715667 0.1859335486566555
v 0.658938068121647 -0.343483415974078 0.1887415572494445
v 0.6246888959852164 -0.3578853030424209 0.1926966277243858
v 0.5926991285654358 -0.3760472169061577 0.1976718657643565
v 0.5632990183743886 -0.3977672638974401 0.2035561744428747
v 0.5368350997415703 -0.4228170833396566 0.2102595872257963
v 0.5136487119066637 -0.450937151786257 0.2177242124376871
v 0.4940925042329698 -0.4818525483473231 0.225915378915169
v 0.478528272112514 -0.5152678753830963 0.2348147706429541
v 0.467321231242226 -0.5508637506922497 0.24440928484728
v 0.4608366733992841 -0.5882938610324067 0.2546765788867302
v 0.4594191176391053 -0.6271848913361385 0.2655657276962183
v 0.4633985888314487 -0.6671445486912898 0.2770428264338495
v 0.4482898445358166 -0.6552424872043139 0.3122209592495463
v 0.4287764906072646 -0.6440229973247259 0.3461276538125806
v 0.4050528315655739 -0.6336121349665347 0.3785104994253742
v 0.3773209245633757 -0.6241444146197309 0.4091313132383244
v 0.3458026475764759 -0.6157491429421479 0.437749815383045
v 0.3107365796421018 -0.6085438640724806 0.4641199478604097
v 0.2723947512317579 -0.6026210961377767 0.4879668026854601
v 0.2311381037920838 -0.5980335230042894 0.5089896062670317
v 0.1873186690321871 -0.5948262292043245 0.5269530844698124
v 0.1413107270922714 -0.5930201359941982 0.5416252111182005
v 0.09352142796409625 -0.5926088872854538 0.5527720040271624
v 0.093400271880736 -0.5423890337634867 0.5316868925810814
v 0.0938447657733853 -0.4920514448482375 0.5158184363601234
v 0.09471317906694698 -0.4416930413375509 0.5047757558915242
v 0.09585343831237429 -0.3914263879165156 0.4982296607376813
v 0.09712697456489362 -0.3413571333104151 0.4958544180097563
v 0.09839098575436758 -0.2916005957880478 0.4973627508315313
v 0.09951891709404297 -0.2422811089554319 0.5025079979083361
v 0.1004112975703678 -0.1935386044928115 0.5110953481887472
v 0.1010042502751924 -0.1455327974755706 0.5229897417292304
v 0.1012736453608817 -0.09844327338022531 0.5381180568247053
v 0.1012412824963181 -0.05246043722824641 0.5564492291295282
v 0.1009692833675043 -0.00778820997513699 0.578015411898239
v 0.1005553060370204 0.03535682572304882 0.6029115915258442
v 0.1001240733945113 0.07674606278494392 0.6312870631603217
v 0.09981664167328433 0.1161390270847325 0.6633328294619126
v 0.0997694596581362 0.1532859392330368 0.6992808614488889
v 0.100134662209233 0.1879295956271165 0.7393647446269705
v 0.1010479702393397 0.2197971529730203 0.7838873077998146
v 0.1488365994622672 0.2252432655741596 0.7744096386709497
v 0.1948550262871188 0.2337143319766173 0.7625851541951452
v 0.2386864297589191 0.245097139918984 0.7486244570309912
v 0.2799478380605073 0.2592546839405556 0.7327238076243547
v 0.318279988100919 0.2760267603830678 0.7150701622699108
v 0.3533179021219942 0.2952138902942275 0.6959069548436209
v 0.3847881116236664 0.3165948263218212 0.6754326423525876
v 0.4124517514821398 0.3399410155963282 0.6538057572906549
v 0.4360880894667671 0.3650168786847755 0.6311729530368301
v 0.4554975151246566 0.3915835531942056 0.6076756538021846
v 0.4897412290251684 0.4715968832789671 0.5930365268607733
v 0.4790046132887916 0.4413204481833083 0.5593966024099531
v 0.4751258433642519 0.4114207200496998 0.5264693425503106
v 0.4777132196558698 0.3823199136340716 0.4947195661152842
v 0.4863418355227568 0.3544278648027963 0.4645270462558109
v 0.5005591528786687 0.3281310813922066 0.4362329197047855
v 0.5198937378898068 0.3037918171333807 0.4101402913428192
v 0.5438679705729721 0.2817426318120084 0.3865281480469337
v 0.572006053201976 0.26228369802338 0.3656643645136426
v 0.6038374101044514 0.2456847144003975 0.3478163679923985
v 0.6388791818204208 0.2321712837441331 0.3332617936627628
v 0.6766755563215884 0.2219285936232466 0.322271485679591
v 0.7167870910728705 0.215125549047284 0.3151177032327231
v 0.7587859773147116 0.211923668252343 0.3120690260648145
v 0.8022489041636452 0.2124876895195524 0.3133815496836422
v 0.8467494586816715 0.2169954029258092 0.3192871258903286
v 0.8453279537771134 0.1766842772183128 0.3402790666217152
v 0.8439667934972261 0.1336947374264466 0.356104258183259
v 0.842732500842879 0.0886124971431243 0.3666452262054857
v 0.8416978864420259 0.04206673889405652 0.3718475575948293
v 0.8409314020474518 -0.005275097377484626 0.3717163483808595
v 0.8404878218815772 -0.05271445789207341 0.366311304184441
v 0.8403999955217513 -0.0995314806027775 0.3557408307432318
v 0.8406745473240814 -0.1449590235256486 0.3401749592068581
v 0.8412957691042903 -0.1882465631424748 0.3198639281989819
v 0.84222318389692 -0.2287145875357409 0.2950885063425304
v 0.8433936942149033 -0.2657233270490894 0.2661617293751462
v 0.844729834872517 -0.2986851459045489 0.233429056777745
v 0.8461492903719596 -0.327074332726389 0.1972689634535701
v 0.8475760104840159 -0.3504346902330631 0.1580936485381346
v 0.8022672978624189 -0.343412365740248 0.1553313007930321
v 0.7580617247405951 -0.3422499327458385 0.1544359614626359
v 0.7153687799154075 -0.3466654412381158 0.1552984431181146
v 0.6745987008302506 -0.3563788161191389 0.1577832149069278
v 0.6361699788120793 -0.3711091817737127 0.1617433451688993
v 0.6005165037000626 -0.3905699569632309 0.1670336704740517
v 0.5680923176764585 -0.414463595253954 0.1735198113062294
v 0.5393817399487394 -0.4424546791446228 0.1810843071765426
v 0.5148605854293147 -0.4741771879519912 0.1896423863364592
v 0.4950134381885813 -0.5092398270529915 0.1991259755253655
v 0.4803298998984333 -0.5472183729459791 0.2094757789697685
v 0.4712964357629739 -0.5876508461296674 0.2206287876231145
v 0.468383364359524 -0.6300345651679148 0.2325038011922458
v 0.4720358254598827 -0.6738252789727918 0.2450001917033599
v 0.4826690173010099 -0.7184253138042511 0.2579537432095453
v 0.4696384920749537 -0.7060069422268116 0.3005548482606473
v 0.450658041668423 -0.6944523631927073 0.341924919356875
v 0.4259322620265222 -0.6838784147584218 0.3816297735721252
v 0.3957065796259657 -0.674398257359544 0.4192377857074303
v 0.3602665029734283 -0.6661149988784556 0.4543118078191032
v 0.3199413040205614 -0.6591136092037514 0.4864033042190212
v 0.2751258344529879 -0.6534479881564382 0.5150290512281662
v 0.2263514080319464 -0.6491249843591507 0.5396746949687042
v 0.1741831240748724 -0.6461448487053697 0.559915401465878
v 0.1192542683969017 -0.6444871291521987 0.5753528853311698
v 0.06226609955010337 -0.6441161891215865 0.5856378481128791
v 0.06153312671930962 -0.5885442348828477 0.5559121392124805
v 0.0613778234305098 -0.5327068080647183 0.533097279379099
v 0.06169900538544469 -0.476721299538454 0.5166262441926552
v 0.06236494959958915 -0.4207269678415026 0.5059977026966049
v 0.0632406666873013 -0.3648777179912687 0.5007683966694516
v 0.06419783916621907 -0.3093360293819015 0.500537213038442
v 0.06511833943255503 -0.2542796339907716 0.5049606645285689
v 0.06590788092595759 -0.1999061280184305 0.5137631433113548
v 0.06650484826702836 -0.1464383129423521 0.526747588089486
v 0.06688474352996494 -0.09412308238776347 0.5438011540275027
v 0.06706868172659849 -0.04322822448531249 0.5648913855648346
v 0.067115416792215 0.005957833041943447 0.5900709189816883
v 0.06711623004930793 0.05312981215384519 0.6194748722871006
v 0.06718613847718005 0.09796658194243278 0.6533096229805699
v 0.06745015346637721 0.1401327547036494 0.6918424527399195
v 0.06804017427093965 0.1792805565551257 0.7353855540410027
v 0.069082502024294 0.2150473621387312 0.7843155143817743
v 0.07067426820527203 0.2470582614644691 0.8390825701908354
v 0.1276319727744271 0.2519084073787848 0.8303682296411101
v 0.1825402393938556 0.2605176035992842 0.8178038409416387
v 0.234680021402869 0.2727397145749325 0.8017166223689535
v 0.2834033136736215 0.2883892588116126 0.782473996948778
v 0.3281343223505952 0.3072483142356852 0.7604595939064922
v 0.3683376904547737 0.3290482290746087 0.7361372005158749
v 0.403620258153427 0.353495581286023 0.7099177735307227
v 0.4336579489036707 0.3802879200638929 0.6821629548518338
v 0.4581734533847795 0.4091136502643706 0.6532128369399228
v 0.4769319279486626 0.439656424239353 0.6233953561665204
v 0.5118362818898712 0.5251915343969344 0.5999007593188057
v 0.4929912784119821 0.4916685260556835 0.5633631655606945
v 0.482784372535285 0.4582221049849289 0.5270205830600387
v 0.4807910408475271 0.4254533432088001 0.4915610848301654
v 0.4864975795548277 0.3939322563565357 0.4575858006464819
v 0.4993326619597143 0.3641918249886886 0.4256206777135736
v 0.5186846451000053 0.3367241611147695 0.3961374799630194
v 0.5439178062698935 0.3119785786298033 0.369564213156748
v 0.5743862112661287 0.2903595597184558 0.3462958730474667
v 0.6094397111236669 0.2722288748954286 0.3267027879872271
v 0.6484209212655739 0.2579141806127329 0.3111638345089037
v 0.6907151503378126 0.2477004364237097 0.3000392335471839
v 0.7357165634098528 0.2418489175597769 0.2936753102917614
v 0.7828263843514995 0.2406060771757541 0.2924020088917224
v 0.831446292498467 0.2442121444499639 0.2965254893650842
v 0.8809689733212926 0.2529041132482601 0.306317917174438
v 0.8805768035415685 0.2097488342818276 0.3347809399667236
v 0.8802525249432263 0.1626222026667704 0.3569216182496438
v 0.8800047034284137 0.1123023500534453 0.3724646522849596
v 0.879844117175149 0.05965273955785261 0.3812238825603455
v 0.8797781473062399 0.005621487230513803 0.3831110185876123
v 0.8798085624544799 -0.04876934206298747 0.3781447457408196
v 0.8799323945765855 -0.1024495898512223 0.3664570940038025
v 0.8801447674271957 -0.1543338860023265 0.3482976891705086
v 0.8804338110898587 -0.2033581860800339 0.3240093162346943
v 0.8807846844275335 -0.2485241615310848 0.2940309047940413
v 0.8811776774741186 -0.288926987512781 0.2588774505230287
v 0.8815876898995501 -0.3237764015088259 0.2191216487859799
v 0.8819868723741531 -0.3524036218381371 0.1753809062958308
v 0.8823509629356266 -0.374260299459403 0.1283097580830384
v 0.8318516454424228 -0.3615540908671336 0.1244129507922509
v 0.7823565662014471 -0.3562876422514794 0.1226998554994684
v 0.7344462208449047 -0.3580997831004737 0.1230580987116176
v 0.6886983605411124 -0.3666148432281797 0.125349788549937
v 0.6456973749152646 -0.3814443833294383 0.1294213366882874
v 0.6060406594336398 -0.4021828212673861 0.1351140778587886
v 0.5703401076384789 -0.42840032303787 0.1422709090704406
v 0.5392553031041064 -0.4596226119817996 0.1507427336359987
v 0.5134447765094853 -0.4953534448297387 0.1604063714708436
v 0.493567760192645 -0.5350480131194412 0.1711411481960044
v 0.4802779150027937 -0.578106450339666 0.1828232143031029
v 0.4742092534971573 -0.6238694276816783 0.1953156383123861
v 0.4759596583421953 -0.6716136053297148 0.2084589472985435
v 0.4860736490157814 -0.7205441906424479 0.2220519793840016
v 0.5050104556522833 -0.7697934058006679 0.2358394745428913
v 0.4955071084695165 -0.7563420053149085 0.2867496444097802
v 0.4781444026043561 -0.7441083624630639 0.3366970891490509
v 0.4530997405108328 -0.7332023111765518 0.3850269577715273
v 0.4206157915367712 -0.7237067409962713 0.4310460973240186
v 0.3810193882714113 -0.7156690172454264 0.4740168545658041
v 0.3347401757083817 -0.7090950218724419 0.5131603923627391
v 0.2823354808465112 -0.7039471849184947 0.5476629325777866
v 0.2245228152983138 -0.7001479832379773 0.5766950320817247
v 0.1621936199155044 -0.6975899306691605 0.5994783905475679
v 0.09640696812048997 -0.6961594455199261 0.6153286228663418
v 0.02836492682413126 -0.6957591265336801 0.6237126887286302
v 0.02779084900162932 -0.63489215334564 0.5834593112255183
v 0.02764146076921678 -0.5735877069507609 0.5522190249030465
v 0.02784603755090628 -0.5119677265516452 0.5291779796324149
v 0.02832417302256685 -0.4501996406508303 0.5136209153618915
v 0.0289836706271362 -0.388482237217979 0.5049214469541397
v 0.02973507561961449 -0.3270364606425391 0.50252936347777
v 0.03049711640153513 -0.2661050107995138 0.5059710695551969
v 0.03120377102652884 -0.2059577941005238 0.5148630291704409
v 0.03181123661920226 -0.1468963448590383 0.5289226666519151
v 0.03230097289665103 -0.08924953017460727 0.5479771609478988
v 0.0326870495338268 -0.03338518941247345 0.5720016760342257
v 0.03300901957084453 0.02029887987481551 0.601081247355103
v 0.03332830078084578 0.0713832330790161 0.6354068621658675
v 0.03372112192175252 0.1194285838510589 0.6752649359151816
v 0.03427129495986539 0.1639779608047389 0.721024221607056
v 0.03506369535935126 0.2045572761329512 0.7731376654042446
v 0.036169802027063 0.2406768200157552 0.8321597823983768
v 0.03764781367673292 0.2718375161776456 0.8987665296783506
v 0.1056271928607602 0.2756171424509432 0.8918110079035169
v 0.1713654371137437 0.2841075153051499 0.8788050458447909
v 0.2336258164514785 0.2971228800076404 0.8602647442103671
v 0.291321827257537 0.3144125921808604 0.8368636504761753
v 0.3435453183437489 0.3356717565074385 0.809366603981637
v 0.3895750555210989 0.3605429909812286 0.7785738056938016
v 0.4288619699534509 0.3886441312619579 0.7452521855248645
v 0.4609938206985635 0.4195749936911977 0.7101106417908795
v 0.4856669262002807 0.4529225277888408 0.6737939321571663
v 0.5026646899352089 0.4882679911010717 0.6368821226813262
v 0.5245597466800482 0.1726768985474767 -0.8258192597459144
v 0.5104854769428493 0.1174993109532979 -0.8452560757238237
v 0.4868113293243709 0.0643352518309168 -0.8659026762012054
v 0.4536119383843029 0.0140068774986329 -0.8872465339433865
v 0.4110901331265818 -0.03257154396391029 -0.9086026312260623
v 0.3596819944892612 -0.07439334822059041 -0.9290869411802746
v 0.3001671705639409 -0.1104372623809006 -0.947695904917441
v 0.2332759630405986 -0.139835484007923 -0.9636639877784917
v 0.1603817121526349 -0.1615042561970562 -0.9758265379976846
v 0.08323964327451186 -0.1746229689838919 -0.9832795010232541
v 0.003850474241968859 -0.178747241520632 -0.9855005460692255
v 0.003461688696332051 -0.1682127679649537 -0.9049826374209119
v 0.003007736799911305 -0.1670774013958386 -0.8297468880186306
v 0.002511145385839892 -0.17429091478495 -0.7590927598080823
v 0.001984940528922855 -0.1890175112866723 -0.6925835597171786
v 0.001437255073467728 -0.2105034305851287 -0.6299149210941604
v 0.0008735519240991407 -0.2380621293337713 -0.570881145398476
v 0.0002978150858434983 -0.2710649503442683 -0.5153575783504519
v -0.0002869659422596025 -0.3089503472626361 -0.4633100426628793
v -0.0008784208693644525 -0.3512340515284136 -0.414805816583336
v -0.001474457975264631 -0.3975019285208428 -0.3699994612182017
v -0.002073808076712014 -0.4474900667124921 -0.3291878340217048
v -0.002674920666135521 -0.5010512154844853 -0.2928149208476416
v -0.003276309766024913 -0.5581159164337576 -0.2614051234388771
v -0.003876539228176185 -0.6187017870381269 -0.2355668641755887
v -0.004474446385495605 -0.6829005096417111 -0.2159799340329619
v -0.005069650958863824 -0.7508668074605539 -0.2033842927695957
v -0.00566440264771633 -0.8228348377395902 -0.1985911581541661
v -0.006268713658246773 -0.8991490214733263 -0.2024998794667751
v -0.006926546883498899 -0.9803966687227789 -0.2162601902374977
v 0.07343157495584385 -0.9789156685058614 -0.2110822742775578
v 0.1515106799833106 -0.9727558906273674 -0.1967915947489378
v 0.2254038207160978 -0.9623421108567113 -0.1738158089050242
v 0.2933958567811156 -0.9484380649393855 -0.142972350693475
v 0.3541069182957449 -0.9320401994770482 -0.1053443962099375
v 0.4067858369652422 -0.9138178050295694 -0.06180134553635087
v 0.4506118775111848 -0.8946299398466144 -0.01336032754028826
v 0.4850778506546858 -0.8752637266384088 0.03894935874076388
v 0.5099155419272133 -0.8563391383171288 0.09418253404882317
v 0.5249964698383491 -0.8383283858502044 0.151478074008174
v 0.9165743145606968 -0.4092915410600943 0.03687678239619911
v 0.9161364056391497 -0.4100129167270963 -0.02353847503996358
v 0.9156211470962804 -0.4010173320796659 -0.08414010223795727
v 0.9149626599330446 -0.3825539910490992 -0.1436416505403169
v 0.9140983359577677 -0.3551076965035436 -0.2006808691476873
v 0.9129929378764012 -0.3194342454026483 -0.2538580433065737
v 0.9116717712431908 -0.2766032289154549 -0.3017968847985776
v 0.9102104613845913 -0.2277767580274749 -0.3434025471444322
v 0.9087008885700522 -0.1741456373310532 -0.3776041670017308
v 0.9072947036326579 -0.1171173685583215 -0.4034864009587933
v 0.9061485162872223 -0.05806316055796508 -0.4204362518514789
v 0.9053905064307164 0.001726466674157831 -0.4280815641173975
v 0.905102056224843 0.06106048114288808 -0.4262445263271112
v 0.4187751041731131 -0.3035019185733853 -0.3206772065834991
v 0.4615307661252503 -0.2718598600845227 -0.3289599724462545
v 0.4577624679558136 -0.2722956856049863 -0.3305030525008492
v 0.4540558918606198 -0.2725829756090898 -0.3321666475142781
v 0.4504198211808745 -0.272714173931411 -0.3339518461525282
v 0.4468624847454254 -0.2726833233980165 -0.335858795625849
v 0.4433916291152039 -0.2724860707993378 -0.3378867423945838
v 0.4400177731589567 -0.2721158164126862 -0.3400369766734379
v 0.4367479780073325 -0.2715710366973486 -0.3423074765113856
v 0.4335872647037108 -0.2708529034331624 -0.3446946432679028
v 0.4305401640885073 -0.269963931597156 -0.3471935279950143
v 0.4276099525783429 -0.2689082248152741 -0.3497980956701991
v 0.4248011686888892 -0.2676908385525495 -0.3524979836005773
v 0.4221167937011374 -0.2663181607969639 -0.3552842036299209
v 0.4195569011424119 -0.264798016756096 -0.3581498364066731
v 0.4171195599496433 -0.2631392994426558 -0.3610885830392883
v 0.4148026710595833 -0.2613513168731669 -0.3640939806815444
v 0.4123746045411862 -0.2640376309301355 -0.3628059042430039
v 0.4098248320679646 -0.2666298045190906 -0.3616698613965137
v 0.4071539382379971 -0.2691192032819759 -0.3606951586881548
v 0.4043640627993877 -0.271497772841246 -0.3598891909011944
v 0.4014584271012749 -0.2737579659479054 -0.3592583057256468
v 0.3984412397038794 -0.2758932043624422 -0.3588072975509549
v 0.3953147065938264 -0.2778973425733248 -0.3585438612743759
v 0.3920857805103599 -0.2797657084973795 -0.3584692092256848
v 0.3887619899858618 -0.2814954918241852 -0.3585816041838155
v 0.3853513519860061 -0.2830852706317674 -0.3588777101061658
v 0.3818621624311899 -0.2845350729777397 -0.3593525170080274
v 0.3831985225060343 -0.2871701671096033 -0.3560063442602986
v 0.3844134046463286 -0.2898556737366283 -0.3526837034476336
v 0.3854966944593266 -0.2925927912154771 -0.3493873947476451
v 0.3864393208327087 -0.2953822113653544 -0.34612080353231
v 0.3872328619578441 -0.2982245340231243 -0.3428867725609696
v 0.3878714922194704 -0.3011213246959367 -0.3396851154116315
v 0.3883512310416878 -0.304073448580683 -0.3365162300628163
v 0.3886684380363763 -0.3070789809580233 -0.3333842636493168
v 0.3888207872579822 -0.310135356745841 -0.3302932885246012
v 0.3888070711554527 -0.3132398099349931 -0.3272467611259296
v 0.3886274012025974 -0.3163883007676011 -0.3242485236457165
v 0.388283104947055 -0.3195772338040186 -0.3213013123465834
v 0.3877766570069834 -0.3228024923944042 -0.318407516007704
v 0.3871118585693181 -0.3260596908903628 -0.3155690231297429
v 0.386292325105349 -0.3293486007633512 -0.3127854167697303
v 0.3853235963606249 -0.3326694432903385 -0.3100556368184414
v 0.3842140432704747 -0.3360193970299115 -0.307379109206647
v 0.3829727674492973 -0.3393953650959745 -0.3047549288682889
v 0.3816097973715787 -0.3427945535695158 -0.3021818540326642
v 0.3850557076698269 -0.3423523672389953 -0.3007333970206047
v 0.3884232442170528 -0.3420880902076153 -0.2991509000265148
v 0.3917042863306151 -0.3420066793920671 -0.2974343875134275
v 0.3948909861042982 -0.3421114261970097 -0.2955852702982279
v 0.3979759454907952 -0.3424040688732422 -0.2936063003878173
v 0.4009525258360144 -0.3428837259939354 -0.291501754509668
v 0.4038190979658162 -0.3435427515894817 -0.2892767579684282
v 0.4065711967725534 -0.3443765798523334 -0.2869376653140793
v 0.4092056660520737 -0.3453789846360554 -0.2844916583893866
v 0.4117204073102151 -0.3465426265857471 -0.2819464600608417
v 0.4141148583495061 -0.3478583420434155 -0.279310258500069
v 0.4164714137150841 -0.3447751593388582 -0.2810744170274961
v 0.4189487024005528 -0.3417619302852538 -0.282709380764417
v 0.4215490097480022 -0.3388252566938051 -0.2842056894629519
v 0.4242744487248329 -0.3359716899013044 -0.2855542353568687
v 0.4271250840902324 -0.3332083085145731 -0.2867470997057525
v 0.4300977101399446 -0.3305442895536846 -0.2877782732860842
v 0.4331878465261544 -0.327989731309186 -0.2886431553057857
v 0.4363921889309424 -0.3255509011293504 -0.2893376247854627
v 0.4397061621618619 -0.3232329209118366 -0.2898591498423143
v 0.443124708392951 -0.3210395895270275 -0.2902064722534173
v 0.4466409245729607 -0.3189731338637896 -0.2903808619348024
v 0.4502446355574596 -0.3170311500923081 -0.2903891299765611
v 0.4539280153888959 -0.3152143475381343 -0.2902357091418405
v 0.4576825834870407 -0.3135224528238107 -0.2899268134605283
v 0.461499396540275 -0.3119541171414715 -0.2894702624238611
v 0.4602160142537489 -0.3095131473158248 -0.2925946484207935
v 0.4591093326364447 -0.3069940400786139 -0.2956945589583427
v 0.4581888768869241 -0.3043986221756776 -0.2987648910999224
v 0.4574626383568153 -0.3017285379608359 -0.3018011489011556
v 0.4569373528416673 -0.2989867714560259 -0.304797790167149
v 0.4566212600399099 -0.2961775727453985 -0.3077435677288724
v 0.4565177129155737 -0.2933040579128908 -0.310633077005896
v 0.4566277207940278 -0.290370478823729 -0.3134614427041456
v 0.4569501523540582 -0.2873818030985912 -0.3162245189183318
v 0.4574814577290613 -0.2843436456541021 -0.318919316856248
v 0.4582127095373109 -0.28126704535888 -0.3215426556833444
v 0.4591369843881911 -0.2781576750944518 -0.3240916702681854
v 0.4602462149288091 -0.2750202411976377 -0.3265646647975995
v 0.5036247546012169 -0.2409782327817314 -0.3369205546718213
v 0.4961769236647325 -0.2417077104258425 -0.3398784855365188
v 0.4888477350473565 -0.2421598305095807 -0.3430921854835062
v 0.4816549284834269 -0.2423156738227519 -0.3465566136184129
v 0.4746251060639514 -0.2421560411954044 -0.3502850150187681
v 0.4677760471631426 -0.2416721304252776 -0.3542801037322184
v 0.4611196529833079 -0.2408587026138663 -0.3585375510281584
v 0.4546754733723827 -0.2397097001425386 -0.3630493628793839
v 0.4484569074047604 -0.2382248173572908 -0.3678076089366076
v 0.442480532048769 -0.2364067419426493 -0.3727995441426601
v 0.4367560044826886 -0.2342634098391801 -0.3780151641824558
v 0.4312894481878661 -0.2318059084578588 -0.383443160977232
v 0.4260775491548495 -0.2290481214341322 -0.3890730121232332
v 0.4211226241546654 -0.2260056916191722 -0.3948718743760393
v 0.4164314916647767 -0.2226982650394842 -0.4008138890614043
v 0.4120048745975903 -0.2191472834352731 -0.4068918865709087
v 0.4071190596949778 -0.2245104581418015 -0.4045595903458887
v 0.4019883206601763 -0.2296826321404319 -0.40250431628098
v 0.3966181590418238 -0.2346477551242643 -0.4007516121266704
v 0.3910099576677513 -0.2393900607606411 -0.3993201413095303
v 0.385155980115905 -0.2438920758442022 -0.3982256139999493
v 0.379067251364319 -0.2481418684544056 -0.3974742916044626
v 0.3727536773792647 -0.2521269615444277 -0.39707752612018
v 0.3662276151559334 -0.2558378522828186 -0.3970399700770751
v 0.3595094623839154 -0.2592673183879 -0.3973713737685486
v 0.3526172756663942 -0.2624109307473856 -0.3980702196627715
v 0.3455634148749052 -0.2652656520453647 -0.3991234710913284
v 0.3480440389484696 -0.2705315932372504 -0.3922643293911732
v 0.3503027823788395 -0.2759069627376184 -0.3854770910378129
v 0.3523148525103981 -0.2813902830653898 -0.378764481744592
v 0.3540616573478159 -0.286989419754771 -0.3721104460602347
v 0.3555365181118809 -0.2927105767892213 -0.3655168284580348
v 0.3567315089004598 -0.2985496915272368 -0.3590004981843025
v 0.3576332041865916 -0.3045027658519781 -0.3525694262894361
v 0.358229905716121 -0.3105665240565121 -0.3462284618161234
v 0.3585138074254543 -0.3167369838993611 -0.3399811985389946
v 0.3584817559025349 -0.3230113597894306 -0.3338309302524055
v 0.3581338392154692 -0.3293826541276578 -0.3277844287028879
v 0.3574728708537986 -0.3358482321245322 -0.3218448216675319
v 0.3565065084943387 -0.3424042940244305 -0.3160165712705768
v 0.3552463544752602 -0.349046698473771 -0.3103028039684078
v 0.3537059253638462 -0.3557669528310772 -0.3047073794079099
v 0.3518939901657805 -0.3625475880406512 -0.2992329819132037
v 0.34981677463397 -0.3693867873482901 -0.2938746517883229
v 0.3474912868207801 -0.3763002974342617 -0.2886275505591252
v 0.3449422471361786 -0.3832865740570799 -0.283492761236104
v 0.3519173722335125 -0.3823054220249958 -0.2806197200075893
v 0.3587305514371528 -0.3816769489762615 -0.2774708309896342
v 0.3653696037849775 -0.3814145410179963 -0.274049045607595
v 0.3718179964812868 -0.381520465495401 -0.2703583147815294
v 0.3780562548739048 -0.3819839240959704 -0.2664044574814616
v 0.3840725428481013 -0.3828003472903929 -0.26219614748205
v 0.389857505525999 -0.3839589735268927 -0.2577445976847909
v 0.3954002911384848 -0.3854534050796179 -0.2530615216383421
v 0.4007089336239896 -0.3872696923181347 -0.2481628083090131
v 0.4057808396737643 -0.3893898781448777 -0.2430629462074452
v 0.41061085535162 -0.3917887685269946 -0.2377767430433181
v 0.415127689538696 -0.3855281465369488 -0.2412814976324254
v 0.4199098272274802 -0.3794120629196595 -0.2445423394269309
v 0.424957041735288 -0.3734475912493367 -0.247537084168875
v 0.4302617430310687 -0.36766072390233 -0.2502474046986661
v 0.4358216913500175 -0.3620839045961722 -0.2526593917571328
v 0.4416403511549865 -0.3567287729406452 -0.2547585370230437
v 0.4477116343456942 -0.3516069090899471 -0.256533544299457
v 0.454026027550422 -0.3467282367071797 -0.2579763747768101
v 0.4605669714830206 -0.3421048854652001 -0.2590848717537375
v 0.4673212496025034 -0.337744598001444 -0.2598594224811498
v 0.4742695046283244 -0.3336544911697034 -0.2603066092893739
v 0.4813990179500308 -0.3298392597411126 -0.2604321310132256
v 0.4886929564850546 -0.3262965584822743 -0.2602442010126075
v 0.4961256749490135 -0.3230099961959538 -0.2597618844021767
v 0.5036795547944038 -0.319983961143265 -0.2590048674486081
v 0.5011722929960097 -0.3152889815985209 -0.2652544127082427
v 0.4990002430684677 -0.310417430098456 -0.2714527668932987
v 0.4971853440618831 -0.3053807775373442 -0.277592161532299
v 0.4957548276683248 -0.3001778102228073 -0.2836449040852765
v 0.4947227608055387 -0.2948105577717438 -0.2895975905540097
v 0.4940983399945557 -0.2892857730890624 -0.2954414020061205
v 0.4938886940171242 -0.2836162225248972 -0.3011632190430674
v 0.4940961306530045 -0.2778142710906701 -0.3067496372281698
v 0.4947174097345995 -0.2718940220808483 -0.3121887767610484
v 0.4957446345559645 -0.2658687204686188 -0.3174686696767158
v 0.4971686927965301 -0.2597475171217172 -0.3225826042043271
v 0.4989752010817282 -0.2535437446908123 -0.3275293494822492
v 0.5011348203689917 -0.2472844962546879 -0.3323124856234247
v 0.5448947346917811 -0.2107114809961913 -0.3446248618958154
v 0.5338156742829208 -0.2115523169432938 -0.3487582000317453
v 0.5229114228408536 -0.2120087876747247 -0.3533072108180926
v 0.5122283746989451 -0.2120476137824045 -0.3582850718766406
v 0.5018007415682979 -0.2116520889208743 -0.3637096385892633
v 0.4916489654176323 -0.2108047873133439 -0.3695729634794843
v 0.4818015958623981 -0.209489750630084 -0.3758640203227496
v 0.4722914291963174 -0.2076978800909721 -0.3825696095006242
v 0.4631379709589343 -0.2054285691557081 -0.3896784080076165
v 0.4543681379741632 -0.2026863561762974 -0.3971694680410878
v 0.4460050188657148 -0.1994840667587441 -0.4050221738870604
v 0.4380628442777547 -0.195840329869194 -0.413218803749487
v 0.4305612937785716 -0.1917795835145152 -0.4217397959467568
v 0.4234931053283312 -0.1873248223808927 -0.430578281573382
v 0.416844586250149 -0.1825004378649597 -0.4396624101263769
v 0.4106398424650026 -0.1773483295421727 -0.4489525243435393
v 0.403329932558724 -0.1854168249415281 -0.4459355275256832
v 0.395642452442387 -0.1931923442219186 -0.4432863266984533
v 0.3875898104411877 -0.200655341547801 -0.4410470404489563
v 0.3791404450113047 -0.2077672947566409 -0.4392456489985001
v 0.370309081038499 -0.2145084019205388 -0.4379024880780223
v 0.361110091129192 -0.2208588025705168 -0.437040690642423
v 0.3515584943484264 -0.2267984031556983 -0.4366804999265402
v 0.3416742972246833 -0.2323123793604374 -0.4368284631888736
v 0.3314796778028657 -0.2373869633900346 -0.4374916825238114
v 0.321016157311807 -0.2420219243499681 -0.4386855753933245
v 0.3103057294210536 -0.2462083461786978 -0.4404004939003112
v 0.3136317635688851 -0.253945802388868 -0.4297467208243816
v 0.3166690996593821 -0.2618759713290841 -0.4192502831146425
v 0.3193709424315029 -0.2700030378586432 -0.4088661198292275
v 0.3217416718848379 -0.2783531781874833 -0.3986054280493318
v 0.3237642334145576 -0.2869179911675804 -0.3884985169778736
v 0.3254035608614184 -0.2956872550793342 -0.3785412605250851
v 0.3266381100682791 -0.3046560039536856 -0.3687337591648418
v 0.3274525761041335 -0.3138150546872647 -0.359083322309295
v 0.3278345883202266 -0.3231578203716742 -0.34959415441935
v 0.3277792617859325 -0.3326798633266881 -0.3402725854230274
v 0.3272866858659416 -0.3423704127916979 -0.3311290465300427
v 0.3263612273654938 -0.3522242508490732 -0.3221686013611899
v 0.3250147504134822 -0.3622378134456223 -0.3133986772013131
v 0.3232625220103318 -0.3724027254895104 -0.3048288263862823
v 0.3211257409106026 -0.382720660785522 -0.2964648653766621
v 0.3186389732994046 -0.3931965699260419 -0.2883180798353581
v 0.3158203510656981 -0.4037975111299562 -0.2803938894450307
v 0.3126647996979132 -0.4145116680913258 -0.272667844219208
v 0.3092166537725837 -0.4253858175427204 -0.265142194147139
v 0.319820989251642 -0.4237888128088033 -0.2608969612958625
v 0.3301766908950449 -0.4227109012636671 -0.2562241154629943
v 0.3402647548555741 -0.4221637051070614 -0.2511323338337531
v 0.3500450771273868 -0.4221295331536322 -0.2456194404246842
v 0.359496795440149 -0.4226018915329528 -0.2396974205197929
v 0.3686006631381688 -0.4235741818597099 -0.2333799311062725
v 0.3773425281695076 -0.4250274495094997 -0.2266848280016104
v 0.3857086836140536 -0.4269394010573234 -0.2196302573862285
v 0.393684801487787 -0.4292900776214295 -0.2122350303404458
v 0.4013025721827885 -0.4320552855422413 -0.2045350593737016
v 0.40854729542658 -0.4351929682320564 -0.1965471137766464
v 0.414897062217885 -0.425586372944424 -0.2016281653372799
v 0.4216935783389633 -0.4162016155446028 -0.2063804651712591
v 0.4289108606077464 -0.4070773464256308 -0.2107635189115439
v 0.4365630502422753 -0.3982856437634067 -0.2147571126803229
v 0.4446576316668767 -0.3898350089991846 -0.2183366231532118
v 0.4531747997807478 -0.3817441885263074 -0.2214775951845009
v 0.4621000946842462 -0.37403102311738 -0.2241613929611374
v 0.4714106154727089 -0.3667153124606205 -0.226375653801358
v 0.481079357219215 -0.3598171405816878 -0.2281166774040592
v 0.4910869772278446 -0.3533476153692819 -0.2293852354281363
v 0.5014012947797017 -0.3473183645549891 -0.2301911264978549
v 0.511993668353396 -0.3417392970481054 -0.2305512678535159
v 0.5228434698224166 -0.3366182825823816 -0.2304838942771846
v 0.533918688223271 -0.3319375983384101 -0.2300049037616065
v 0.5451739421569897 -0.3276782703321003 -0.229147680593326
v 0.5415921105498874 -0.3209909155062902 -0.2386146755757293
v 0.5384739607575206 -0.3140054568309317 -0.2479910451803833
v 0.5358694936286518 -0.3067209124253758 -0.2572412110769045
v 0.5338075528620767 -0.2991282654393937 -0.2663358301483104
v 0.5323106809712767 -0.2912450328794608 -0.2752593514993835
v 0.5313986606737433 -0.2830912611310499 -0.2839934327010968
v 0.5310838701218822 -0.2746888777517885 -0.2925144102536502
v 0.5313694648664333 -0.2660574948971502 -0.3008005470985369
v 0.5322510202992241 -0.257220036883581 -0.3088329247863787
v 0.5337139722747783 -0.2482009539911619 -0.3165908958447635
v 0.5357380599940623 -0.2390185247224045 -0.3240555466189119
v 0.5383000122610608 -0.2296894214746895 -0.3312096438139513
v 0.5413698733822824 -0.2202425094365683 -0.3380648947365816
v 0.5851816139381429 -0.180881318979639 -0.3521591064152965
v 0.5704782192970111 -0.1816404333956662 -0.3571141244169923
v 0.5560087795884738 -0.1819287284915883 -0.3626861752109521
v 0.5418756793779519 -0.1817226200884538 -0.3689433793848296
v 0.5281002929944447 -0.1809922794559445 -0.3758733038296285
v 0.5147152716283532 -0.1797076200448726 -0.383458813072528
v 0.5017688392847486 -0.1778457278869715 -0.3916788331598457
v 0.4893073581225925 -0.1753954421344198 -0.4005137373053161
v 0.4773621592105805 -0.1723542942840304 -0.4099460606785788
v 0.4659713389423865 -0.1687293979646318 -0.4199459978239745
v 0.4551787771378831 -0.1645398108534709 -0.4304803353796849
v 0.4450111924039804 -0.1598131034033679 -0.4415274154697685
v 0.4354958312965578 -0.1545849012741483 -0.4530554634026183
v 0.4266671373248714 -0.1489007537287306 -0.4650464605966927
v 0.4184916030507724 -0.1427851951766155 -0.4774731389426279
v 0.4109820058045918 -0.136292436682361 -0.4901864151603472
v 0.4013415178751221 -0.1471394973044543 -0.4869554092690743
v 0.3911913054438824 -0.1575964286670966 -0.484125501615804
v 0.3804758290739368 -0.1676014017226833 -0.4817680113786217
v 0.369194778781603 -0.1771179912041447 -0.4799097717231782
v 0.3573700253998809 -0.1861194382669592 -0.4785904082918875
v 0.3450209482198663 -0.1945756286467262 -0.4778518382548319
v 0.3321700500462785 -0.2024578881690712 -0.4777232392021216
v 0.3188463498480275 -0.2097442293718718 -0.4782148113727104
v 0.305083080711365 -0.2164142582170513 -0.4793425133255763
v 0.2909197115012578 -0.2224576488425003 -0.4811108982657341
v 0.2764203283083791 -0.2278836974931689 -0.4835480156058834
v 0.2802071495771007 -0.2377758952365834 -0.4687090990076234
v 0.2836762437201762 -0.2479902754246504 -0.4541443114494637
v 0.2867963965481374 -0.258567895628775 -0.4397766714225942
v 0.2895755234273118 -0.2695251840124017 -0.4256821283332886
v 0.2919493027325898 -0.2808301153614962 -0.4118422086108537
v 0.2938791030235358 -0.2924725279475119 -0.3982460152108724
v 0.2953382867497988 -0.3044354510572865 -0.3849064692318233
v 0.296297312957468 -0.3167019258099218 -0.3718219599546252
v 0.2967383489543598 -0.329262898177449 -0.3589938855480802
v 0.296655127657514 -0.3421093337466031 -0.3464345719589521
v 0.2960476886723762 -0.3552270107839116 -0.3341580904271998
v 0.2949218227400862 -0.3686045320739377 -0.3221743831010446
v 0.2932943770952455 -0.382242535335311 -0.310494545156139
v 0.2911941282822482 -0.3961424645022027 -0.299137405278063
v 0.288648083618933 -0.4102911261792489 -0.288118846522924
v 0.2856940183183652 -0.42470041112457 -0.2774521797504692
v 0.2823960398966379 -0.4393904928537796 -0.2671712648570729
v 0.278748258074932 -0.4542806842522427 -0.2572530167111113
v 0.2747765197730233 -0.46944900414484 -0.2476699268957003
v 0.289153288437781 -0.4671847172539833 -0.2421245626216679
v 0.3031896967206362 -0.4655870105660431 -0.2359906986574563
v 0.3168292770599683 -0.4646300588476084 -0.2292584176179587
v 0.3300329250936747 -0.4643077141454526 -0.2219344126390526
v 0.3427697015243813 -0.4646046475163479 -0.2140362241669111
v 0.3550117152177186 -0.465510659925893 -0.2055840347205523
v 0.366737702507025 -0.4669985300117339 -0.1966033541878582
v 0.3779294972937797 -0.4690284700838498 -0.1871209473867379
v 0.3885658009752032 -0.4715621086272831 -0.177161327755055
v 0.3986500368013637 -0.4745748741420573 -0.1667607860152998
v 0.4082301078555959 -0.4779996871748069 -0.1559718415738876
v 0.4159347051156028 -0.4648048043404217 -0.1623623723260767
v 0.4243131054811172 -0.451921245189763 -0.1683747603058716
v 0.4333484057587677 -0.4394972430969479 -0.1739633428459061
v 0.4430757406413591 -0.4275624498576689 -0.1791030198661469
v 0.4534596864244376 -0.4161333929575314 -0.1837472985434603
v 0.4644722771799642 -0.4052416564198972 -0.1878609830951491
v 0.4760865887783133 -0.3949083363129399 -0.1914163335205826
v 0.4882587324174584 -0.3851646676538793 -0.1943953921033624
v 0.5009503552334599 -0.3760395192885659 -0.1967920818398408
v 0.5141304542080791 -0.3675495993124737 -0.1986093616835301
v 0.5277536369257138 -0.3597124760871938 -0.1998593125346535
v 0.5417723942053208 -0.352546967802308 -0.200566510918871
v 0.5561543058406248 -0.3460693943791645 -0.2007622764120352
v 0.5708767345127027 -0.3402929176659307 -0.2004781242300739
v 0.5858472281822422 -0.335143929328215 -0.1997346087080357
v 0.5814192810012234 -0.326800380159588 -0.2125932627208375
v 0.5775439930324064 -0.3179970473480197 -0.2253015649069698
v 0.5742954111231794 -0.3086734898383516 -0.23777987834388
v 0.5717058051766667 -0.2988563706529502 -0.250010247052586
v 0.569813932986553 -0.2885785732859377 -0.2619692241849493
v 0.5686513901575412 -0.2778746801264125 -0.2736270329285649
v 0.5682362656719294 -0.2667785149917698 -0.2849471171553526
v 0.5685726800401584 -0.2553213104950502 -0.2958958919358379
v 0.5696551004045118 -0.2435380355138972 -0.3064436301531127
v 0.5714618427532957 -0.2314666364694625 -0.3165582090770193
v 0.573958806984241 -0.2191374049851355 -0.3262069422568852
v 0.5771068699779117 -0.2065746523692852 -0.3353581791322378
v 0.5808755964012533 -0.1937973425932218 -0.343985883703233
v 0.6243846497716202 -0.151251809511989 -0.3596101754474356
v 0.6059999913991969 -0.1517547229341578 -0.3648962877500971
v 0.5879623458558637 -0.1517329317012559 -0.37111140446622
v 0.5703774447356301 -0.1511718950578406 -0.3783321933147983
v 0.5532684665435854 -0.1500213658028558 -0.3865197980909916
v 0.5366962945602255 -0.1482422085535689 -0.3956389188654463
v 0.5207300420929222 -0.145807009038664 -0.4056580185161067
v 0.5054314013339146 -0.1427022286942868 -0.4165469603095011
v 0.4908489091250678 -0.1389241058357338 -0.4282784680613703
v 0.4770374716981146 -0.1344834475614797 -0.4408123490853167
v 0.4640587089213994 -0.1294064087286347 -0.4541004296578061
v 0.4519776742220619 -0.1237355501820901 -0.4681003757459412
v 0.440827493706212 -0.1175161575357446 -0.4827977677957936
v 0.4306660920014487 -0.1108122249153076 -0.4981323139608487
v 0.4215172513059534 -0.1036800155077771 -0.5141250200203366
v 0.413316154569049 -0.09614929232007532 -0.5305265513384777
v 0.4015301508619027 -0.1099275681345416 -0.5276315250331494
v 0.3890432248611145 -0.1231947284955712 -0.5251279991788955
v 0.3757321460528059 -0.1358487740137795 -0.5230770075546504
v 0.3616418858689918 -0.14785833460109 -0.5215315098739004
v 0.346805589440179 -0.1591871709596628 -0.5205528549350221
v 0.331248321314312 -0.1697911836358881 -0.5202063109526081
v 0.3150046148338375 -0.1796325188639031 -0.5205273766695457
v 0.2981167086978099 -0.1886781623611176 -0.5215327387933837
v 0.2806301623507104 -0.1969004556286233 -0.5232406027382259
v 0.2625891959628235 -0.2042717263815257 -0.5256595217307904
v 0.2440896798277049 -0.2108222852055739 -0.5288476983427384
v 0.2479165724163847 -0.2224049482568695 -0.5093652612895406
v 0.2514284118060507 -0.2345024300617737 -0.4902772727260661
v 0.2546793616973176 -0.2472397396223734 -0.4716006694955986
v 0.2575939996567442 -0.2605615645295137 -0.453355111642017
v 0.2601025170982635 -0.2744397431922239 -0.4354980996551738
v 0.262162788673731 -0.2888458088574997 -0.4180473115283319
v 0.2637221760968328 -0.3037423445513206 -0.4009919646236314
v 0.2647410954029227 -0.3191070516109669 -0.3843214460037901
v 0.2651976223128832 -0.334920616007596 -0.3680463648803799
v 0.2650818051244396 -0.351168672280336 -0.3521825620951301
v 0.2643937012206476 -0.3678321378056005 -0.3367493571597063
v 0.2631425481684914 -0.3848968503882969 -0.3217629118975056
v 0.2613497683949539 -0.4023536464954426 -0.3072442574372541
v 0.2590534877781233 -0.4202154419872827 -0.2932199308759624
v 0.2563057077276883 -0.4384918384698845 -0.27972970776993
v 0.2531496308400953 -0.4571645907949176 -0.2668001526560965
v 0.2496542854989457 -0.4762800477757893 -0.2544673409518937
v 0.2458964948700036 -0.4958147652486981 -0.2427815817517169
v 0.2418154043677298 -0.5157467791101848 -0.2316251295630445
v 0.2601879080886829 -0.5127940705079329 -0.2248739584323904
v 0.2780982677157849 -0.5106125108718238 -0.2173425614484672
v 0.2954556448375593 -0.5091409753907823 -0.2089936330363863
v 0.3122198187788152 -0.5083729040090335 -0.1998514826710374
v 0.3283479351418456 -0.5082902208493889 -0.1899402495637595
v 0.3437995176771125 -0.5088762534288876 -0.1792900470123852
v 0.3585417866671842 -0.5100975125765155 -0.1679350214047098
v 0.3725515636945976 -0.5118928428429808 -0.1559137017361111
v 0.385796906170556 -0.5142032279528775 -0.1432586379340138
v 0.398233870809699 -0.5169766112203359 -0.1299992598023922
v 0.4099845508953996 -0.5201598783699944 -0.1162301274065571
v 0.418418408211845 -0.5030777032871949 -0.1236191826002185
v 0.4278114169378285 -0.4864403511194093 -0.1306103605595942
v 0.4382309701143395 -0.4704981990200225 -0.1371900235558794
v 0.4496515994685359 -0.4552309438068883 -0.1432964906663682
v 0.4620131829543658 -0.4406970104413037 -0.1488673304040654
v 0.4752814753228023 -0.4269108534856834 -0.1538556015689107
v 0.4893902477868339 -0.4139121185726332 -0.1582196250620479
v 0.504277387947528 -0.4017467690691117 -0.1619348164221535
v 0.5198876940895337 -0.3904535993913299 -0.1649915619230961
v 0.5361731335763333 -0.3800584876301255 -0.1673945088600295
v 0.5530723659672039 -0.3705893055442239 -0.1691587348483105
v 0.5705188852761536 -0.3620742691915922 -0.1703135630902592
v 0.5884536261584284 -0.3545463303652102 -0.1709006792879887
v 0.6068518902480778 -0.3480454629173017 -0.1709728844159824
v 0.6256173994269117 -0.3424925140485414 -0.1705425738107797
v 0.620624847810256 -0.3329299451992193 -0.1870586073291245
v 0.6162380364664001 -0.3226322384362402 -0.203312328363708
v 0.6125219625119795 -0.311519936405782 -0.2192188685316756
v 0.6095354620740172 -0.2996600382413662 -0.2347518814256577
v 0.6073368800746323 -0.2871072865745775 -0.249877182630715
v 0.6059722842618377 -0.2739140222087434 -0.2645460905799539
v 0.6054635959595787 -0.2601290408059933 -0.2787094153752429
v 0.6058168396318804 -0.2458024072846866 -0.292314492290797
v 0.6070241474731398 -0.2309887863258273 -0.305313895656851
v 0.6090607756755576 -0.2157388035743861 -0.3176612545862621
v 0.6118747630251257 -0.2001025614261285 -0.3293069284941235
v 0.6154073471657535 -0.1841147218449183 -0.3401982638495411
v 0.6196007455597982 -0.1678041936634196 -0.3502696725567084
v 0.6624624811589478 -0.1215327525048852 -0.3670484305493389
v 0.6403043641148227 -0.1216672560390497 -0.3720641319747282
v 0.6186381259409818 -0.1212532288825893 -0.3784520401074435
v 0.5975411924810552 -0.1202597057114901 -0.3862519352987089
v 0.577075280415116 -0.118630735516462 -0.3953930435369162
v 0.5573365887897322 -0.116324079273842 -0.4058229696406597
v 0.5384062624243932 -0.1133087919990823 -0.4174949021744764
v 0.5203724969921065 -0.1095688967026407 -0.4303612444163509
v 0.5033093922913575 -0.1051010869715682 -0.4443787255974067
v 0.4872988138770476 -0.09992261882300692 -0.4594893105925751
v 0.4724216229718742 -0.09406777093213435 -0.4756383039066415
v 0.4587735528489349 -0.08759174816305051 -0.4927543480042936
v 0.4464483481838166 -0.08056455238611102 -0.5107870393963126
v 0.435501589806441 -0.07305617548060957 -0.5297098904114673
v 0.4260436751403379 -0.06516621797801594 -0.5494981402113684
v 0.4179495968884674 -0.05690471422895134 -0.5699101921873236
v 0.4043153453230455 -0.07386885052119678 -0.5679648511175732
v 0.3896452731022169 -0.09015205794188885 -0.5663357626026381
v 0.3738434265253111 -0.105650927080968 -0.5650764016067286
v 0.3569834565376725 -0.1203241033722697 -0.5642643223614946
v 0.3391015065299319 -0.134115075010555 -0.5639990733216632
v 0.3202414222608774 -0.1469686137889316 -0.5643503528975911
v 0.3004543198315558 -0.1588318151224249 -0.5653653128904276
v 0.2798036014732491 -0.1696552851212697 -0.5670660925487984
v 0.2583520098226354 -0.1793982213786412 -0.5694736171801941
v 0.236164619689077 -0.1880254093757989 -0.5726020500808644
v 0.2133427458925611 -0.195565852631083 -0.5765241673006721
v 0.2167652868143155 -0.2081965973166233 -0.5518620251215944
v 0.2199632441599374 -0.2216711688632961 -0.5277829997632345
v 0.2230198465848409 -0.2361534718811392 -0.5043843053426105
v 0.2257987444146433 -0.2515257602077822 -0.4816050200020912
v 0.2282357497639199 -0.267746734100181 -0.4594440722274593
v 0.2302519531606247 -0.2847497787885706 -0.4378790238750559
v 0.2317802277939605 -0.3024855528900727 -0.4168845109697338
v 0.2327740897255971 -0.3209147565795132 -0.3964623484670789
v 0.2332015769497292 -0.3400049259005412 -0.3766224566096779
v 0.2330481997939979 -0.3597319768834246 -0.3573872235985971
v 0.2323141613343962 -0.3800693656972458 -0.3387840732274687
v 0.2310132396758133 -0.4009971092920646 -0.3208399039632051
v 0.2291766704581048 -0.4225070035848186 -0.3035905362200716
v 0.226850653890882 -0.444599436747132 -0.2870785232774066
v 0.2241008469330278 -0.4673007786390296 -0.2713594570868423
v 0.2210063214334247 -0.4906316636139784 -0.2565029184079213
v 0.2176314869384161 -0.5145924870234572 -0.2425511256761511
v 0.2141157745029826 -0.5392462997031355 -0.2296293409066
v 0.2103678000687287 -0.5644858654819953 -0.217569512063595
v 0.2330766497936658 -0.5608729361922948 -0.2097314394412206
v 0.2551446598242251 -0.558058654723815 -0.200855093695807
v 0.2764786319331 -0.5559692808155523 -0.1909020735617706
v 0.2970184537889489 -0.5545902373298263 -0.1799029896621979
v 0.3167052141393852 -0.5539016157849905 -0.1678943764059926
v 0.3354781644883701 -0.5538809115559753 -0.154921495515991
v 0.3532886203439979 -0.5544835304684248 -0.1410323202927721
v 0.3700950791811727 -0.5556434260783765 -0.1262761273829875
v 0.3858637434137431 -0.5572666200948689 -0.110702184877198
v 0.4005225797623972 -0.5592772963988843 -0.09434847704054429
v 0.414167831960021 -0.5616271940366608 -0.07731219547461674
v 0.4225020457179207 -0.5402984615262624 -0.08537874569451118
v 0.4322249658020356 -0.5196429138110188 -0.09308466154853143
v 0.4434672107856251 -0.4999074776837549 -0.1004335497294151
v 0.456111701416579 -0.4811130773913559 -0.107322362640119
v 0.4701002188974714 -0.463286842077939 -0.1136789219407364
v 0.485335597625524 -0.4464760537444651 -0.1194334083533358
v 0.5017200213834376 -0.4307485220877613 -0.1245326028467121
v 0.5191716310439897 -0.4161566166350569 -0.1289432543320514
v 0.5376079181379301 -0.4027563849507724 -0.1326496770793392
v 0.5569554481162252 -0.3905890507637 -0.1356565162843216
v 0.5771267661232422 -0.3796992023904456 -0.1379820173456908
v 0.5980422078792768 -0.3701312365823053 -0.1396597468558572
v 0.6196115931659542 -0.3619335719071417 -0.1407353096220357
v 0.6417739210466413 -0.3551759224422461 -0.141267844425529
v 0.6644594395019654 -0.3498223314361029 -0.1412893292409471
v 0.659223160163628 -0.3395702641689947 -0.1617919616978688
v 0.6545810533613253 -0.3281563088333335 -0.1818961114881946
v 0.6505985357014675 -0.3155472967480297 -0.2015116276236739
v 0.6473665355507414 -0.3018483894005113 -0.2205961054403247
v 0.6449680453201371 -0.2871361248607481 -0.2390911006133792
v 0.6434559423326468 -0.2714852728882587 -0.2569290485846906
v 0.6428607218315537 -0.2549710017157213 -0.2740365957500157
v 0.6431910528470745 -0.2376711500807448 -0.2903329844743321
v 0.6444367887905045 -0.2196691995411073 -0.3057447413615867
v 0.6465641763664484 -0.2010406316080826 -0.3202002620866686
v 0.6495162340869264 -0.181854952915072 -0.3336288880989918
v 0.6532051937003004 -0.1621710776104881 -0.3459575157933158
v 0.6575423046064117 -0.1420341441458045 -0.3570822805515409
v 0.6994426352622579 -0.09138885037385007 -0.3745087587233518
v 0.6733835656321523 -0.09114975190205947 -0.378556295514663
v 0.6479506493299197 -0.09032766035900544 -0.3845647864769113
v 0.6232340926760904 -0.08888005487392434 -0.3924873399931447
v 0.5993529087649779 -0.08676209168997857 -0.4022349879544992
v 0.5764158313523466 -0.08392877708189808 -0.4137333484287988
v 0.5545390974343537 -0.08034713695156119 -0.426907708369413
v 0.5338459918302568 -0.07600143183339793 -0.4416853934680499
v 0.5144479665084822 -0.07089191319230648 -0.4579978683276965
v 0.4964635923647735 -0.06504565605079955 -0.4757617587664936
v 0.480015140972024 -0.05851094777109424 -0.494895877140577
v 0.4652216099308657 -0.05135418987007044 -0.5153252292176707
v 0.45222769718511 -0.04366417723659191 -0.5369452623674169
v 0.4411621287895333 -0.03553508937328631 -0.5596890320566382
v 0.4321710770450435 -0.0270833890884557 -0.583528098384401
v 0.4251625667750548 -0.01834105446727612 -0.608241052635095
v 0.4100866877355843 -0.03885872654861013 -0.6078905887915902
v 0.3934878014682838 -0.05849689982302329 -0.6077203474619622
v 0.375355696903215 -0.07715497159434402 -0.6077800396956495
v 0.3557654720993299 -0.09476625985009263 -0.6081915587771948
v 0.3347746873061764 -0.1112532896836445 -0.6090604728982408
v 0.3124564897982308 -0.1265415444629194 -0.6104615389056056
v 0.2888876260346497 -0.1405555192671709 -0.612449290445054
v 0.2641653913451018 -0.1532208182088586 -0.6150467722502896
v 0.2383815941087579 -0.1644781910418135 -0.6182786573734432
v 0.2116284967435321 -0.1742719139089548 -0.6221459567678297
v 0.1840178685155171 -0.1826251312038314 -0.6267276016233048
v 0.1866375707395816 -0.195512442488206 -0.596301471767555
v 0.1892122741375133 -0.209749628229073 -0.5667381912558043
v 0.1917713889530769 -0.2254560625810909 -0.5381417488573914
v 0.1941766206584019 -0.2424863181277302 -0.5104535466005183
v 0.1963305063218037 -0.2607418635668425 -0.4836410753650149
v 0.1981353675972957 -0.2801293975575615 -0.457658045637248
v 0.1995131095335679 -0.3005758858015735 -0.4324895033982308
v 0.2004010796145765 -0.3220163862071442 -0.4081327360635202
v 0.200757011208343 -0.3443981267517635 -0.3846015053782981
v 0.2005606794775632 -0.367681753339169 -0.3619273618481455
v 0.1998125905716301 -0.3918293660446445 -0.340150066201771
v 0.198532446567817 -0.4168126685671952 -0.3193132312027827
v 0.1967621019207646 -0.4426203087094283 -0.2994745058130566
v 0.1945639006748678 -0.4692560522338083 -0.2807041932531282
v 0.1920158416555839 -0.4967365889985127 -0.2630811824371689
v 0.1892145829949374 -0.5251074250983199 -0.2467075814531006
v 0.1862582480728677 -0.5543964268905666 -0.2316857334952335
v 0.1832892204489558 -0.5846631678923792 -0.2181704504893109
v 0.1802721441751567 -0.6157933952385396 -0.2060346035729354
v 0.2078052154527066 -0.6116054670277394 -0.1972739555674442
v 0.2344717976198973 -0.6081451284625617 -0.1871259504736076
v 0.2601714842019419 -0.6053308757844982 -0.175555529284715
v 0.2848175192214902 -0.6031609063451587 -0.16261410753772
v 0.3083234645049545 -0.6016109849364412 -0.1483555441304334
v 0.3305958028548884 -0.6006564671279965 -0.1328487339057014
v 0.3515608797677291 -0.6002453220584399 -0.1161631299242288
v 0.3711486722811563 -0.6003057719325888 -0.09836651259949267
v 0.3893044493920432 -0.6007376056086585 -0.07952789456022155
v 0.4059556927809636 -0.601424287799357 -0.05970580369564844
v 0.4211146940867883 -0.6023172719576914 -0.03899618949930286
v 0.4283273028993239 -0.5764108749154685 -0.04747905130452435
v 0.4375725431435363 -0.5514465342437219 -0.05569711831974022
v 0.4489456749022651 -0.5276505450028218 -0.06362753406435907
v 0.4622912393489718 -0.5050490410384889 -0.07114845355102109
v 0.4774738081099478 -0.4837064697570732 -0.07816492578312711
v 0.4943431916456906 -0.4637223179169245 -0.08459058397592316
v 0.5127770759077102 -0.4451686518629716 -0.09035943044585008
v 0.5326509693820264 -0.4281235060233485 -0.09542459525773554
v 0.5538451546245051 -0.4126676928799089 -0.09976090751482157
v 0.5762489358022366 -0.3988671720692452 -0.1033699077319871
v 0.599740041927304 -0.3867911969943063 -0.1062704110336094
v 0.6242049755710636 -0.3765116814777111 -0.1084989551798596
v 0.6495411487623652 -0.3681013494603867 -0.1101049519020374
v 0.6756365071822428 -0.3616461762262683 -0.1111373314327297
v 0.7024076251524244 -0.3571987240429039 -0.1116411337508074
v 0.6972518785634356 -0.3468845904634315 -0.1365134863300752
v 0.6926091139626858 -0.3348130266861318 -0.1608492306347194
v 0.6885725673998864 -0.3210597492984097 -0.1845427850087628
v 0.6852634016265914 -0.305743715453089 -0.2075179266064729
v 0.6827741671429803 -0.2889727121374355 -0.2296802365133287
v 0.681171572353692 -0.2708609050090449 -0.2509276769319529
v 0.6804952397455457 -0.2515202172262982 -0.2711502079392865
v 0.6807574958366536 -0.231069818301682 -0.2902246738043417
v 0.6819461813992762 -0.209636746995768 -0.3080390183637529
v 0.6840192114448576 -0.187334150916189 -0.3244868256602448
v 0.6869083559606881 -0.164266613809975 -0.3394595677010486
v 0.6905175264547297 -0.1405298276112386 -0.352856092742793
v 0.6947236246747852 -0.1162010265870653 -0.3645607757910373
v 0.7354113858849329 -0.06046211771015287 -0.3819789865757616
v 0.7052722767768349 -0.05996213191327728 -0.3842845687977852
v 0.6758899487020288 -0.05880889036382784 -0.389268182304749
v 0.6474088477085688 -0.05697366197946759 -0.3968083666241295
v 0.619979506817849 -0.05441610414338098 -0.4067941598779317
v 0.59375505044485 -0.05109501524175292 -0.4191107827502232
v 0.5688976976575102 -0.04698101190687238 -0.4336466814495138
v 0.5455800812886794 -0.04206253676198689 -0.4502933504583989
v 0.5239675647243851 -0.0363480264717396 -0.4689436749526719
v 0.5042297707912888 -0.02987878941122697 -0.4894767230886767
v 0.4865416111586299 -0.02271990132203223 -0.5117751086101205
v 0.4710826053319022 -0.01495854672078944 -0.5357215003380622
v 0.4580303109969591 -0.006697954094161916 -0.5611946383227129
v 0.4475849259390933 0.001949649642537979 -0.5880439894226995
v 0.4399644305762979 0.01086041557461357 -0.6161637809192109
v 0.4351793911471984 0.01994576522736293 -0.6453927814460974
v 0.4192145621643436 -0.004629898812382042 -0.6472741788396066
v 0.4010863125922748 -0.0281072565866898 -0.6491478601117003
v 0.3808418071515888 -0.0503813276234515 -0.6511145255600945
v 0.358564896432058 -0.07134647073204511 -0.6532984919671714
v 0.3343656558394955 -0.09089312444330243 -0.6557838139261801
v 0.308353914055756 -0.10891234318922 -0.6586453259299573
v 0.2806460267817185 -0.1252927959233316 -0.661933040096657
v 0.2513930945951324 -0.1399206393833766 -0.6656576348792281
v 0.2207348324879873 -0.1527074910684963 -0.6698365454284056
v 0.1888127114011716 -0.1635689938331695 -0.6744621670163795
v 0.1557653742768033 -0.1724910431192948 -0.6795732765829448
v 0.1572875208317186 -0.1847018826416763 -0.6427517382544286
v 0.1589999175711756 -0.1989609730606546 -0.6071646318608241
v 0.1608323908684596 -0.2152874920866385 -0.5728977605662671
v 0.1626535613005881 -0.2334873470761449 -0.5398729459295737
v 0.1643476150627718 -0.2534095389650942 -0.5080236422596058
v 0.1658056648307852 -0.2749290063050082 -0.477312244423936
v 0.1669295648762537 -0.2979296944955111 -0.4477155164829725
v 0.1676416577885656 -0.3223118067443309 -0.419229687104382
v 0.1678883610959869 -0.3479930918549904 -0.391873687778884
v 0.1676431445244908 -0.3749111828609495 -0.3656921900908742
v 0.1669069788733049 -0.4030114965619231 -0.3407430858247931
v 0.1657063117775724 -0.432253527507423 -0.3170949005429265
v 0.1640947648950911 -0.4626210394369545 -0.2948370189807045
v 0.1621502400720187 -0.4941191162561742 -0.2740771498855246
v 0.1599714478623916 -0.5267699209415583 -0.2549397606546741
v 0.1576673278250473 -0.5606104730316347 -0.2375597584433981
v 0.1553529769672169 -0.5957023134507403 -0.22209998616212
v 0.1531642574587858 -0.6321160760581631 -0.2087666361155844
v 0.1511699579035296 -0.6697579708806494 -0.1975336242121974
v 0.1842034708670633 -0.6651341921421239 -0.1880858525266045
v 0.2161008989570884 -0.6610252876643904 -0.1767501246163708
v 0.2467366254157077 -0.6573867042829069 -0.1635289136028922
v 0.2759767236982155 -0.6542231313359289 -0.148501762826182
v 0.3036885032781666 -0.651515687903405 -0.1317509620718094
v 0.3297257549808305 -0.649248940076967 -0.1133836103847661
v 0.3539755532447135 -0.6473738599422848 -0.09350423773954447
v 0.3763317336320816 -0.6458174060563098 -0.07221371649154439
v 0.3966868477228657 -0.6444972021370013 -0.04961380845030978
v 0.4149597816345764 -0.6432938564825484 -0.02579934804003105
v 0.4311075412638821 -0.642109822655371 -0.0008657094611787678
v 0.4360024350879054 -0.6113669071920843 -0.009620127129839623
v 0.4438222041998526 -0.5818255823987905 -0.01824374922446287
v 0.4545534735765296 -0.5536510261866613 -0.02664713241222141
v 0.467963900127584 -0.5269454214384983 -0.0347046108785249
v 0.4838421235708091 -0.5018537748372078 -0.04230649326941483
v 0.5020028931550933 -0.4784932943674644 -0.04934991043335546
v 0.5222605843684457 -0.4569773306159185 -0.05574853573364633
v 0.5444363925369687 -0.4374194241455643 -0.06143888458708031
v 0.5683587222837693 -0.4199374161776022 -0.0663818999792318
v 0.5938630107119424 -0.4046355177384497 -0.07057135065660457
v 0.6207782619643247 -0.3916187255772665 -0.07402273113322017
v 0.6489467582789468 -0.3809962817518381 -0.07676997845224316
v 0.6782219441516383 -0.3728821167913319 -0.07885895582411044
v 0.7084649465783197 -0.3673880814819722 -0.08033622310722803
v 0.7395439863194823 -0.364639854957224 -0.08123574951642171
v 0.7347581648110054 -0.3549968560193886 -0.1108820762767083
v 0.7303662520104139 -0.3428536771234226 -0.1398965122400154
v 0.7264945633066768 -0.3283628750817763 -0.1681294227040831
v 0.7232706906573355 -0.3116663556962163 -0.1954384233951536
v 0.7207994895565575 -0.2929268390201585 -0.2216700065345825
v 0.719161654677395 -0.2723086674581013 -0.2466653681319174
v 0.7184062128450225 -0.2499764312943069 -0.2702570206978389
v 0.7185502866411649 -0.2261103758321091 -0.2922582672912218
v 0.7195813374477142 -0.2009030523691838 -0.312500396455916
v 0.7214511866783058 -0.1745264714003779 -0.3308276657958337
v 0.7240802975607035 -0.1471428369515785 -0.3470850512487675
v 0.7273669869704263 -0.1189083267236845 -0.3611191291786244
v 0.7311833625388937 -0.08996458381365897 -0.3727979531299742
v 0.7704814865201479 -0.02836777505054252 -0.3893849017941592
v 0.7360681295771816 -0.02786256173994775 -0.3891002044157843
v 0.7025305619080794 -0.02659309254242784 -0.3923536248156549
v 0.670069145654081 -0.02453178509110121 -0.3989840863232907
v 0.6388937688370627 -0.02165094276123181 -0.4088269307396872
v 0.6092231229918057 -0.0179232591617437 -0.4217192983367269
v 0.5812856703746119 -0.01332983661420078 -0.4374999981934109
v 0.555322601547904 -0.007869007904767475 -0.4560105211837635
v 0.5315752656845661 -0.00156365553118143 -0.4770871707846024
v 0.5102835698161152 0.005525257788476288 -0.5005540960536221
v 0.491694535348051 0.01331125687383366 -0.5262368855035613
v 0.4760599786382973 0.02168518342038094 -0.5539580761382852
v 0.4636349986385106 0.03052037363398623 -0.5835329089956921
v 0.4546699846286545 0.0396848657111858 -0.6147551889805002
v 0.4494400166087414 0.04906119619133784 -0.6473780282345781
v 0.4481251625120355 0.05849980179562729 -0.6812221936098158
v 0.4320644371639461 0.02924340491032276 -0.6858635968305725
v 0.412948970118866 0.001285128807440088 -0.690386957623397
v 0.3908711218233281 -0.02523313068831946 -0.6948994464021996
v 0.3659823204563699 -0.0501398424217217 -0.6994557908700647
v 0.3384378259399971 -0.0732684634965511 -0.7041175584902637
v 0.3084010965156567 -0.09445357465202958 -0.7089324177149693
v 0.2760480059734711 -0.1135253717061349 -0.7139210323944583
v 0.241612800622972 -0.130307101658019 -0.719055343296944
v 0.2053152884578855 -0.1446638289401243 -0.7243259711838776
v 0.1673824867166376 -0.1564681284476886 -0.7296987946340278
v 0.1280352304517413 -0.1656300062565388 -0.7351416279606752
v 0.1283344114002339 -0.1760904581707133 -0.6912477619920748
v 0.1290511276524205 -0.1895088255765873 -0.6490708695053156
v 0.1300134154201218 -0.2057417134360279 -0.6086216078948159
v 0.1311181986557733 -0.2245480299330267 -0.5697958964742771
v 0.132240798460354 -0.2457275301115398 -0.5325270389285015
v 0.1332546753270025 -0.2690907824199891 -0.4967643201587574
v 0.1340481072778141 -0.2944680858686939 -0.462477122480296
v 0.1345300521313498 -0.321710779473745 -0.4296608259497529
v 0.1346369516089365 -0.3506953441575782 -0.3983422161947441
v 0.1343363433023159 -0.3813261747563 -0.3685835069337763
v 0.1336297855473936 -0.4135251709706035 -0.3404682207146323
v 0.1325503220344725 -0.4472352300477428 -0.3141007020137387
v 0.131162271687124 -0.4824324164631554 -0.2896146803680832
v 0.1295576848452684 -0.5191216054108643 -0.267170277250789
v 0.12784938973265 -0.5573312821147519 -0.2469498774607478
v 0.126165781666917 -0.5971060593375708 -0.2291560422571005
v 0.124631022807339 -0.638505897797786 -0.2140045036437392
v 0.1233474931760696 -0.6816222241557769 -0.2017559163399551
v 0.1224980613856898 -0.7264276925931183 -0.1925541802454513
v 0.1619285154788657 -0.721572025419848 -0.1827473437485292
v 0.199933413096592 -0.7168443361315084 -0.1703379626037901
v 0.2363061784255418 -0.7122652490582261 -0.1554072449237453
v 0.2708294236575708 -0.7078615381412717 -0.1380782317339153
v 0.3032920761544884 -0.7036364186203482 -0.1184795474872285
v 0.3334654065382121 -0.699606387315184 -0.09678028788785598
v 0.3611762981013496 -0.6957473209008788 -0.07314344401333056
v 0.3862645383013775 -0.6920089401131766 -0.04772589410531475
v 0.4085765938147616 -0.6883278783885579 -0.02068548330016803
v 0.4279613190451452 -0.6846458822199365 0.00781401946546283
v 0.444329563367887 -0.6808570813159827 0.03764422390405798
v 0.4455869033137518 -0.6451345862207312 0.0286072188771409
v 0.4509055244725456 -0.6107548035973293 0.01957523973718604
v 0.460090014605686 -0.5778988755215151 0.01070311839980562
v 0.472844978133144 -0.5468075251873183 0.002103435160581732
v 0.4889047622623738 -0.5176817906506058 -0.006093067044620742
v 0.5080014929475158 -0.490701658042633 -0.01376047678160119
v 0.5298736824858645 -0.4660396857075174 -0.02079091296623849
v 0.5542677712432281 -0.4438656861170523 -0.0270999192901238
v 0.5809405938490535 -0.4243518431244642 -0.03262919539760974
v 0.6096515247307649 -0.4076588410993393 -0.03735836534121564
v 0.6401618881055479 -0.3939420919030651 -0.04129374572559013
v 0.6722497927352343 -0.3833616224031275 -0.04445945806050795
v 0.7057073354476073 -0.3760816113639425 -0.04688840371148963
v 0.7403386184154888 -0.372271301371878 -0.04861309237610899
v 0.7759611809940334 -0.3720991242557782 -0.04966831879324931
v 0.7718002258171783 -0.3640170534651794 -0.08449643292422074
v 0.7679030449986465 -0.3525035617311619 -0.1187040829389157
v 0.7643977138551359 -0.3377410542966192 -0.1520293838308829
v 0.7614125041707367 -0.319935807645195 -0.1842242582635454
v 0.7590636383324034 -0.2993078055933778 -0.2150435674751443
v 0.7574417613832141 -0.2760902548256057 -0.2442373198042253
v 0.7566043001618533 -0.2505225625971566 -0.2715485483553824
v 0.7565745759535594 -0.2228743306629352 -0.2966965689722364
v 0.7573430847163183 -0.1934356605100351 -0.3194305190878532
v 0.7588606932538876 -0.1624702426015633 -0.3395259674329206
v 0.7610451300654474 -0.1302324280237994 -0.3567653180626733
v 0.7637885105425458 -0.09696909026284237 -0.3709446125730628
v 0.766973335064279 -0.06292870281609766 -0.3818734594874565
v 0.8048003745865023 0.005291330155516815 -0.3965958324430633
v 0.7659406820488295 0.005335441224254893 -0.3928076937796062
v 0.7279990695823266 0.006378522096852346 -0.3936074478803778
v 0.6912815940401312 0.00840557684645187 -0.398779870303703
v 0.6560916114026567 0.01142042096198637 -0.4081029692638763
v 0.6227395379862848 0.01542960511284535 -0.4213513237017741
v 0.5915466152523821 0.02043295925365174 -0.4382985561109162
v 0.5628481233779171 0.02641436110515129 -0.4587175883316971
v 0.53698958856477 0.03332842478366892 -0.4823652347219617
v 0.5143069198269428 0.0410882496851703 -0.5089876260869306
v 0.4951426843848759 0.04958104516728304 -0.5383267738912366
v 0.4798435912462855 0.05867134536902816 -0.5701137488707911
v 0.4687556437491402 0.06820884256240692 -0.6040597412041966
v 0.4622203503046335 0.07803698457902565 -0.6398512451063835
v 0.4605574140066451 0.08801744282221725 -0.6771259041183446
v 0.4640700026721216 0.09798471878018093 -0.7155325682301322
v 0.4489159805324329 0.06330983715727152 -0.7233581569115759
v 0.4295035704959249 0.03005713041201653 -0.7311216616012455
v 0.4060098778558831 -0.001512189825320786 -0.7388060496822596
v 0.378628022674196 -0.03113578557841621 -0.7464032413575646
v 0.3475719978322396 -0.05855283873567297 -0.7539013507271267
v 0.3130745065562415 -0.08350409984858793 -0.7612768567629969
v 0.2753960598035645 -0.1057243356626388 -0.7684756921266802
v 0.2348930491006742 -0.124936395347333 -0.7753834049851805
v 0.1919161315058812 -0.1409277615612586 -0.7819235045007431
v 0.1468382796531358 -0.1535027240914924 -0.7880014784478042
v 0.1000620405973974 -0.1624755477324134 -0.7934957956780688
v 0.0992450453884078 -0.1699668412724278 -0.7417960007462806
v 0.09897057770134332 -0.1815342784873391 -0.6924093263100943
v 0.09907096269991419 -0.1968691206915019 -0.6452284007099003
v 0.09944168116809531 -0.2156739728743107 -0.6001464281049318
v 0.09995318262409464 -0.2376580822058698 -0.5570715044507418
v 0.100477953458988 -0.2625536563078693 -0.5159343122057831
v 0.1008975960491819 -0.2901170397535489 -0.4766941492730495
v 0.1011145056181127 -0.3201342077750234 -0.4393455878616192
v 0.101059526917425 -0.3524250045800817 -0.4039253618099906
v 0.100696473399829 -0.3868472302140342 -0.3705177543004304
v 0.1000275125289984 -0.4232910090816632 -0.3392411849133754
v 0.09909023767761443 -0.4616781467416882 -0.3102501020224698
v 0.09795547568290197 -0.5019744443105622 -0.2837391449530439
v 0.09672274293051353 -0.5441839011323223 -0.259938832370406
v 0.09551260122588259 -0.5883412767091137 -0.2391109543350397
v 0.09445421032604373 -0.6345056835552171 -0.2215432194074073
v 0.09368014944677884 -0.682752519408641 -0.2075469427880521
v 0.09328992995258392 -0.7331709764485419 -0.1974442713014251
v 0.093464784623675 -0.7858350253152471 -0.1915561810511913
v 0.1404627104613239 -0.7810259430852791 -0.1818257082155074
v 0.1857534915473258 -0.7757378284046519 -0.1685055614606684
v 0.2289488884063645 -0.7700750252368735 -0.1517822612571672
v 0.2696889968270851 -0.7641145353082968 -0.1318474635719906
v 0.3076335277459969 -0.7579161677598358 -0.1089075848445884
v 0.3424307863859787 -0.751569703814335 -0.08323178215341301
v 0.3738201164740124 -0.7451160203548878 -0.05507967928747498
v 0.401569140926807 -0.7385667867840728 -0.02470281271517885
v 0.4254620003662757 -0.7319231600385713 0.007645249451628403
v 0.4453016484124876 -0.7251832156334392 0.04170851438367598
v 0.4609061613539615 -0.7183522181216103 0.07723167912511392
v 0.4570811862306242 -0.6776554824740857 0.06772540688247262
v 0.4586520300151366 -0.6382472196902051 0.05814313592772172
v 0.4652854831566826 -0.6004764338886464 0.04864883256424735
v 0.4766349390166614 -0.564698933954113 0.03937586831259232
v 0.4923353343792271 -0.5312225536990898 0.03047793248598134
v 0.5120213056382235 -0.500329960702068 0.02210287963096878
v 0.5353310807844253 -0.4722840409106678 0.0143837860772214
v 0.5619116713752551 -0.447337247318799 0.00743059080179335
v 0.5914218798150276 -0.425738991242437 0.001326933664143042
v 0.6235166650058965 -0.4077294756594361 -0.003884413570474856
v 0.6578645799435512 -0.3935336358920268 -0.008192237678658785
v 0.6941540405793329 -0.3833787041725228 -0.01160156289575488
v 0.732089982592371 -0.3774948492847089 -0.01412396882448696
v 0.7713901149118185 -0.3761134631392005 -0.01576800703980329
v 0.8117754590919963 -0.3794650751989646 -0.01652069342446854
v 0.8084562154008422 -0.3739986318047679 -0.05695959310465548
v 0.8052545854868955 -0.3639292483361006 -0.09690108466112525
v 0.8022918599495051 -0.3494657892208885 -0.1359446210200201
v 0.7996897188525254 -0.3308650856396388 -0.1736901022638762
v 0.7975621127542225 -0.3084216752731376 -0.2097432341931132
v 0.7960026616850923 -0.2824593482153924 -0.2437112014268578
v 0.7950742493041959 -0.2533236898773066 -0.2752002997036568
v 0.7948081159885686 -0.2214129782128642 -0.3037944524327431
v 0.7952038691059335 -0.1871592088150568 -0.329125697567743
v 0.7962214170330191 -0.1509660867889665 -0.3508745977821629
v 0.7977882369137044 -0.1132309687123243 -0.3687445688769938
v 0.7998100672347181 -0.07434754063740075 -0.3824681000617792
v 0.8021829339577775 -0.03470979206378374 -0.3918139582150367
v 0.8385663945638074 0.04085289308276601 -0.4034163327827718
v 0.7950783347528596 0.03981660335194522 -0.3951874397864354
v 0.75246378338315 0.04013494743875073 -0.3927929346576773
v 0.7111661215294214 0.04175272941456784 -0.3959634010973578
v 0.6716232002897061 0.0446359306994688 -0.4044103816958183
v 0.6342745813336541 0.0487585561646175 -0.4178327211401242
v 0.5995683061732533 0.0540896985115656 -0.4359197402670402
v 0.5679651159497258 0.06058384242940496 -0.4583518218022328
v 0.5399487883363159 0.06816297566533143 -0.4847790991809084
v 0.5159853982732195 0.07670805233965898 -0.5148419061581067
v 0.4965440459588399 0.08607475240667586 -0.5481637554804548
v 0.4820921762338333 0.09609662543112428 -0.5843421198109304
v 0.4730879839874292 0.1065931809006935 -0.6229391758847259
v 0.4699687006925901 0.1173821792988683 -0.6634705137536223
v 0.4731420757039477 0.1282783385355366 -0.7054097576064795
v 0.4829791739119833 0.1391216898298603 -0.7481517333291779
v 0.4699221828565066 0.09816188532259036 -0.7594363157239359
v 0.4511267499292023 0.05867560041021197 -0.7708872395861562
v 0.4267772455950007 0.02107315136597801 -0.7823668230373512
v 0.3970972617347464 -0.01423944634648495 -0.7937397918771152
v 0.3623532629766111 -0.04685398144384725 -0.804859229441151
v 0.3228587060076546 -0.0763606436421374 -0.8155569964246452
v 0.2789873052069378 -0.1023421093534942 -0.8256273735418109
v 0.231259543748799 -0.1243657956970013 -0.8347944734826725
v 0.180234905190772 -0.142084893513533 -0.8428371582450026
v 0.1265425786153972 -0.1551864267140124 -0.8495327725768909
v 0.07088125043475109 -0.1634059597907865 -0.8546725628096487
v 0.06932907467792392 -0.1665262981827712 -0.7943401315175795
v 0.06830442406190583 -0.1751157355344445 -0.7370655384595479
v 0.06772714710142642 -0.188694622514651 -0.6826128565454326
v 0.06747054564742803 -0.2068383682492383 -0.6308216382118592
v 0.06742569956146278 -0.2291485285224956 -0.5815621566899855
v 0.06747772367188003 -0.2552516110922817 -0.5347377458904641
v 0.06751834508735044 -0.2848075729655707 -0.4902918811246546
v 0.06745625785532114 -0.3175153066794443 -0.448216146529004
v 0.06722612757277749 -0.3531185644872277 -0.4085582177216596
v 0.06679313661047476 -0.3914110407956442 -0.3714278890452501
v 0.06615988570907363 -0.4322416270309422 -0.3369895373586806
v 0.06536345919852551 -0.4755075608252361 -0.3054664242308891
v 0.06447184135056569 -0.5211628239250112 -0.2771352245816371
v 0.06357927828967345 -0.5692112427180394 -0.2523205301106037
v 0.06279698496305731 -0.6196979525977371 -0.2313884415777751
v 0.06224285921991514 -0.6727005720815015 -0.2147404904897343
v 0.06202646103710812 -0.7283227067863934 -0.2028053522767778
v 0.06228074483012763 -0.7866866038682566 -0.1960348352900636
v 0.06308256322793085 -0.8479832669960985 -0.1949447944750396
v 0.119151638719457 -0.8436068463357053 -0.1858625074921124
v 0.173244944115869 -0.8378620722809976 -0.171874247106868
v 0.2246848349129699 -0.8309259682387876 -0.1532483314546151
v 0.2728588177912379 -0.8229849408543263 -0.1302962130631733
v 0.3172182500805737 -0.8142224023102764 -0.1033596364454105
v 0.3572432138576568 -0.8048674533987211 -0.07286399160539658
v 0.3925527873008921 -0.7950937927222855 -0.03922374152993251
v 0.4228256796318585 -0.7850407029074771 -0.002844279962627971
v 0.4477843550079904 -0.7748302917452212 0.03586872126597617
v 0.4671921297570692 -0.7645759526985729 0.07650932823538058
v 0.4808501062825353 -0.754395334373097 0.1186636085303012
v 0.4703404075052035 -0.7089033262207575 0.1083127959467265
v 0.4668119462784432 -0.6644130568472552 0.0978502385275133
v 0.4698473971378915 -0.6215224346094627 0.08742488388989192
v 0.4789989525700899 -0.5807512737779679 0.0772147867354409
v 0.493794753145595 -0.5425764482788417 0.0673951131718824
v 0.513747668494288 -0.5074280538710565 0.05814067543103782
v 0.5383675537201289 -0.4757009544413663 0.04961300158988381
v 0.5671691863301268 -0.4477646508692203 0.04195183715070981
v 0.5996779660937752 -0.4239729981648844 0.03527196769217419
v 0.6354102845861083 -0.4046728629524096 0.02964892543327759
v 0.6739111839471722 -0.3901831496225726 0.02512395783957531
v 0.7147464454848383 -0.3808182400678696 0.02172429758338236
v 0.7574985216028616 -0.376888802305532 0.01947330286733398
v 0.8017599861471719 -0.3787001429163476 0.01840447791314019
v 0.847126669661051 -0.3865476686387292 0.01857559397609103
v 0.8447760188361507 -0.3849308768263401 -0.02782681505201146
v 0.8424266656980721 -0.3772726917145293 -0.07406503609899291
v 0.8401625169638106 -0.3637828376197647 -0.1195287121719859
v 0.8380783491041192 -0.3447567310087112 -0.1636033194661339
v 0.8362679622422065 -0.3205680454824137 -0.2056735340061371
v 0.8348141045108468 -0.2916586157513363 -0.2451288540290032
v 0.8337791882057591 -0.2585255799679237 -0.2813704978648375
v 0.8332045913603149 -0.2217486443697737 -0.3137958200616316
v 0.8331085275697301 -0.1819583013300762 -0.3418730076991621
v 0.8334774123025501 -0.1397680737201651 -0.3651513280473482
v 0.8342709482033439 -0.09579087847406184 -0.3832366764448542
v 0.8354297523344035 -0.05063303854338882 -0.3958005472244547
v 0.8368843322525645 -0.004890482891900464 -0.4025868172201005
v 0.8719942714190333 0.07861753165345178 -0.4096040604931886
v 0.8237139418883561 0.07571230628105939 -0.3959871818411126
v 0.7761350525959448 0.07466210633962642 -0.389664581534892
v 0.7298866716075195 0.07538041824927304 -0.3903104885795926
v 0.6855858580787521 0.07779077849095779 -0.3975620542949263
v 0.6438464820377139 0.08182054825643978 -0.4110277418238958
v 0.6052852513039564 0.0873908335405592 -0.4302904587869625
v 0.5705229418419508 0.09440824569409639 -0.4549061941703952
v 0.5402194841049068 0.1027495827278189 -0.4843887700717638
v 0.5150176263043299 0.1122602152983709 -0.5182442238016193
v 0.4955532189237062 0.122760451376724 -0.5559340142509135
v 0.4824471625067399 0.1340477813600905 -0.5968683051142377
v 0.4762921533508243 0.1459038125471014 -0.6403976775253685
v 0.4776370725309901 0.1581003032046432 -0.6858059622472612
v 0.4869697870277015 0.1704110358656897 -0.7322942817017006
v 0.5046884129063017 0.182624759686832 -0.7789711606583014
v 0.4951531340155426 0.1344246833964666 -0.7937121964222902
v 0.4780813448433388 0.0876533392485246 -0.8091355904626581
v 0.4536095714830211 0.04288645419606679 -0.8249753397303774
v 0.4219376986947437 0.000724513325687632 -0.8409188098295648
v 0.3833502607000794 -0.03820747973676202 -0.8565967329493933
v 0.3382393351793762 -0.07326537626055316 -0.8715788242229158
v 0.2871291463435071 -0.1037962568177998 -0.8853795804301349
v 0.2307153723970035 -0.1291500318075556 -0.8974742607552859
v 0.1698771510542278 -0.1487375887860772 -0.9073454800495759
v 0.1056687900420885 -0.162055178840006 -0.9145301835498854
v 0.03929230842737472 -0.1687206793566307 -0.9186708647798117
v 0.03772656170952517 -0.1659249945076234 -0.84879528497822
v 0.03653212866149468 -0.1703038141912985 -0.7829065061689306
v 0.03565811217893487 -0.1811926692050997 -0.7206301457951082
v 0.03504113209195935 -0.1979839591974875 -0.6616886943354497
v 0.03460216470803443 -0.2201272594511788 -0.6058867930823034
v 0.03426700396175199 -0.2471133457484794 -0.5530850355547985
v 0.03396308622631821 -0.2784760730091551 -0.5032009717793851
v 0.03362817215814982 -0.3138005604105555 -0.4562179932408277
v 0.03321741595317982 -0.3527304105463889 -0.4121941395232791
v 0.03270674960015861 -0.3949717647671037 -0.3712649808742783
v 0.03209867907385319 -0.4403221107302503 -0.3336537244875168
v 0.03142029188057517 -0.4886535791331931 -0.2996772030954687
v 0.0307199320675283 -0.5399081853662131 -0.2697204822634061
v 0.03006367494607992 -0.5940930802714749 -0.2442317284065303
v 0.02952812638827159 -0.6512705684833716 -0.2237138242826637
v 0.02919099442244494 -0.7115484589190822 -0.2087152981688169
v 0.02913622875883625 -0.7750768897029706 -0.1998266957231353
v 0.02942872286903942 -0.8420746277101943 -0.1977005751257264
v 0.03011727739820385 -0.9128406182606753 -0.2030495279261434
v 0.09714157546321472 -0.909496773818617 -0.1954318776775858
v 0.1619925822872254 -0.9034338071427969 -0.1810846242645627
v 0.2235045172722704 -0.8949537677917977 -0.1603983369740557
v 0.2806471530750861 -0.8844471864530404 -0.1338767911212636
v 0.3325497237810415 -0.8723516280259391 -0.1021051866275308
v 0.3785077003302804 -0.8591147932786821 -0.06572915027820941
v 0.4179763309224689 -0.8451542578230162 -0.02540179815431626
v 0.4505366689333886 -0.8308433380577576 0.01822932488391661
v 0.475873783317356 -0.8165068086510359 0.06453057475476864
v 0.4937580016695332 -0.8024232760568969 0.1128877326021203
v 0.5040266420712975 -0.7888326884363661 0.1627065807537268
v 0.4851573737937463 -0.73890284778503 0.150969938081087
v 0.4751164582894393 -0.6894076493060379 0.1390940146449736
v 0.4734395308974192 -0.6412305154244881 0.1272708702580419
v 0.4795797695777137 -0.5951612584959909 0.1157107267147691
v 0.4929375814269046 -0.5519064984578106 0.1046282536482026
v 0.5128779776016817 -0.5121056063288935 0.09422988664503301
v 0.5387466319201208 -0.4763383344537216 0.08470824902173532
v 0.5698835014286903 -0.4451338104762726 0.07623515152239436
v 0.6056319321773547 -0.4189777211267516 0.06895928503433704
v 0.6453322314228186 -0.3983530025268308 0.06300167189726327
v 0.6883719969250446 -0.3837045389462977 0.05845352353508709
v 0.7341538076942448 -0.3754565091633614 0.05539405577572341
v 0.782094466295307 -0.3740160427611967 0.0538992821446156
v 0.831619114618612 -0.3797722751117241 0.0540532193779578
v 0.8821522468406178 -0.3930903544891426 0.0559558680424414
v 0.880805248056785 -0.3967383403049634 0.003322292237089945
v 0.8794020438292132 -0.3926227489261563 -0.04975547432612388
v 0.8779649302044044 -0.3809084148101495 -0.1023962808434275
v 0.8765284652155507 -0.3618977910556732 -0.1536899084904796
v 0.875134431105499 -0.3360369690204018 -0.202705489774711
v 0.87382976895333 -0.3039152274407787 -0.248509788628772
v 0.8726661015923247 -0.2662524344765362 -0.2901977823430711
v 0.8716983541532868 -0.2238776932050495 -0.326929306538602
v 0.8709759189459046 -0.1776815920432194 -0.3579463835361551
v 0.8705417477717672 -0.1285906794585167 -0.3826126120194028
v 0.8704241711317062 -0.07753228620606077 -0.4004220571986227
v 0.8706330777986907 -0.02540824966132052 -0.4110017847741963
v 0.8711617501964397 0.02691694168279479 -0.4141055374135757
v -0.09106935370987636 -0.7473749247826182 0.6615112002123256
v -0.1701805769983895 -0.7479323875892112 0.6451239267115993
v -0.2449564980729228 -0.749271207959474 0.6188006208597736
v -0.3136369811646618 -0.7517001164544471 0.583718782255043
v -0.3748087825957613 -0.7555683305742306 0.541378559528957
v -0.4276776506494223 -0.7610378144990552 0.4929652780342256
v -0.4714126117026772 -0.7683157770541211 0.4397958535586585
v -0.5054621685588249 -0.7775400507943856 0.3832024750391936
v -0.5295222790509095 -0.7887356514143701 0.3243574868432074
v -0.5434398282861844 -0.801841992817742 0.2642888311303251
v -0.5472006077790319 -0.8167470419606965 0.203873987493615
v -0.516622508475593 -0.7626005050156917 0.1902689341715347
v -0.4972041032054101 -0.7079053899812164 0.1762969748565495
v -0.4883812551153998 -0.6539059441435683 0.1622989746065146
v -0.4895112296399365 -0.6017270945362142 0.1485781695888908
v -0.4998516094361707 -0.5523875680978952 0.1354114964494387
v -0.518589376566526 -0.5068088541699041 0.1230528935433493
v -0.5448643120742132 -0.4658243690919699 0.11173557451988
v -0.5777886224393111 -0.4301802272309599 0.1016729506320477
v -0.6164467423743301 -0.4005148050155379 0.09305257214943267
v -0.6599578376539522 -0.3774778924423011 0.08606756950235675
v -0.7075016861181804 -0.3616871331492191 0.08090263050750283
v -0.7582337386280795 -0.3536961844603551 0.07772675230335764
v -0.811302717332776 -0.3540156177588476 0.0766975681635472
v -0.8658382678762686 -0.363111870992138 0.07796032051054205
v -0.9209211163936286 -0.3813866156936153 0.08164264217882553
v -0.9224623714655105 -0.3623618871432184 0.1375374071663032
v -0.9242795314635224 -0.3345963607372535 0.1900082030204608
v -0.9262187174196437 -0.2986515357548164 0.2381405044109166
v -0.9280791445587215 -0.2552474631432133 0.2809817303342731
v -0.9296268911702161 -0.2053278496677153 0.3175873576050937
v -0.9306348083813273 -0.1500900175779097 0.3470710657154201
v -0.9309368422535158 -0.0910090514695379 0.3686834568533268
v -0.9304781379785564 -0.02956154882659806 0.3819573624598102
v -0.9292522847575702 0.03275763214928047 0.3864725653159105
v -0.9273577115116517 0.09429391434890398 0.3820464236169807
v -0.9249702944291529 0.1535443496906014 0.3687725737696186
v -0.9222894278215072 0.209182903243993 0.346944425136833
v -0.9194982395731749 0.2600664860312385 0.3169979296101699
v -0.5258489213079505 0.5521703224100376 0.645042752560109
v -0.5125699779959472 0.5101189746000151 0.6891391341647011
v -0.4892375418256161 0.470208516216406 0.7332867279093007
v -0.4559956840572557 0.4330278756203416 0.7766821968490984
v -0.4131275259398474 0.3991637380754277 0.8183450355135066
v -0.3611497371775579 0.3691853299016791 0.857080287894826
v -0.3008565158310207 0.3435953985874696 0.8916358664761472
v -0.2330020417235245 0.3228659672980224 0.920894554581643
v -0.1589563779153074 0.3074687372210251 0.9433179478725519
v -0.08045362147987067 0.2977468297055173 0.9576401497099469
v -0.4282194982607366 -0.1119801383812422 0.4189399870114902
v -0.3907658325333001 -0.07838232405520854 0.4454642514432069
v -0.3921950597550804 -0.08239460490630922 0.443666105766779
v -0.3934916809849806 -0.08644629155359637 0.44192408720919
v -0.3946443579249311 -0.0905379423544741 0.4402415786068762
v -0.3956429755054054 -0.09466797333428024 0.4386229191976694
v -0.3964784552965859 -0.09883518875205906 0.4370717452584723
v -0.3971454071101471 -0.1030427862143785 0.4355879551757869
v -0.3976394144344729 -0.1072886208190522 0.4341742381410718
v -0.3979568237608334 -0.1115688889558969 0.4328335674843722
v -0.3980953194478302 -0.115878270196947 0.4315686779134394
v -0.3980541809358779 -0.1202116862836025 0.430381422004095
v -0.3978340154635693 -0.12456382392185 0.4292728867873716
v -0.3974370101544859 -0.1289286466659139 0.4282435306501153
v -0.396866727352315 -0.1333012502888776 0.4272928516641015
v -0.3961275302497455 -0.1376782312324966 0.4264197693098266
v -0.3952249270330477 -0.1420620254475568 0.4256229439990092
v -0.3941679570852207 -0.1464495826130363 0.4248999733391737
v -0.3929666717535589 -0.1508371372951072 0.4242480280297664
v -0.3916324054393667 -0.1552232411932355 0.4236640280503274
v -0.3951092558692685 -0.1554595324324492 0.4220015365268585
v -0.3985097501364765 -0.1559219071310426 0.4203094538385114
v -0.4018256673394862 -0.1566152501650657 0.4185906616646954
v -0.4050490210265374 -0.1575422539544336 0.4168484510007133
v -0.4081722180412627 -0.1587035957661682 0.4150865355802821
v -0.4111882829826683 -0.160095825074597 0.4133085688312299
v -0.4140946234281522 -0.1617104989426259 0.4115164935152141
v -0.4168872020908588 -0.1635404271149514 0.4097137560732317
v -0.4195625644167128 -0.1655766675796638 0.4079039558399615
v -0.4221184939978957 -0.1678086087000283 0.4060904346416528
v -0.4245542701826204 -0.1702238571537289 0.4042760702657975
v -0.4268487285985235 -0.1666311493370798 0.4042248713747693
v -0.4292645846108539 -0.1631597161856029 0.4040887154960781
v -0.4318038237076585 -0.1598198939333663 0.4038625585919829
v -0.4344685316126443 -0.1566216212723805 0.4035415218392814
v -0.4372587854941185 -0.1535747927730713 0.4031220912662001
v -0.4401712127017199 -0.1506904974212997 0.4026035875328046
v -0.4432018327909706 -0.1479794905226931 0.4019865051235435
v -0.4463474578716714 -0.1454491219438936 0.4012704408172212
v -0.4496035498971054 -0.143105000617107 0.4004559441130633
v -0.4529649218546777 -0.1409509100784209 0.3995441868480083
v -0.4564247962940522 -0.1389880719795592 0.3985376718988902
v -0.4599726288143654 -0.1372112441623457 0.3974418011674922
v -0.4636005349590783 -0.1356188375468469 0.3962613069385871
v -0.4673003675786424 -0.1342077151098484 0.3950017724882158
v -0.4710633327790326 -0.1329730361151935 0.3936697960574524
v -0.4697843990708716 -0.1294365584104187 0.3952589268600816
v -0.468675256345181 -0.1258410875374569 0.3967826775954716
v -0.4677450185580253 -0.1221902357237731 0.3982371724738106
v -0.4670013519005903 -0.1184874900494015 0.3996189059840391
v -0.4664507674831619 -0.1147378320588153 0.4009242532243265
v -0.4661009775737884 -0.1109494302306358 0.4021460792619716
v -0.4659555548413227 -0.1071277808325277 0.4032806559017273
v -0.466015555958559 -0.103278758712096 0.4043257742140319
v -0.4662800520911736 -0.09940853550257672 0.4052802228380726
v -0.4667455969319553 -0.0955237632869423 0.4061442972657573
v -0.467404777288618 -0.09163506764399532 0.4069199374374962
v -0.4682512188066037 -0.08774874211707666 0.4076075875446354
v -0.4692773380762577 -0.083869791213683 0.4082083350565328
v -0.4704741380299607 -0.08000353704223921 0.4087235359570279
v -0.4666963115358032 -0.0797285763735727 0.4104814279104665
v -0.4629775225956853 -0.07926413628019074 0.4122708960646282
v -0.4593264074196045 -0.0786025457177771 0.4140889032791685
v -0.4557510031905573 -0.07773809425953455 0.4159324046605136
v -0.4522591343721041 -0.07666681857988288 0.4177982557407187
v -0.4488610631512562 -0.07538137097249745 0.4196844438416797
v -0.4455635715259685 -0.07388131355268671 0.4215882270460257
v -0.442371930964085 -0.07216910551052311 0.4235066714866301
v -0.4392907932389888 -0.07024912929420887 0.4254363944249203
v -0.4363235048812112 -0.06812777299411403 0.4273739084356009
v -0.4334742843713333 -0.0658140792424777 0.429313103497577
v -0.4307467005866649 -0.06331800083550071 0.4312486862094759
v -0.4281408966678337 -0.06064979519536668 0.4331784195375173
v -0.4256550358093656 -0.05782044520106711 0.4351012192284599
v -0.4232873665726262 -0.05484142463021466 0.4370158901694939
v -0.4209108898454714 -0.05789283926181378 0.4372782873986631
v -0.4184103198946232 -0.06079031412378621 0.4376356571227131
v -0.4157860847765021 -0.0635217432153871 0.438092067250853
v -0.4130401474472603 -0.06607629162415403 0.4386502556177821
v -0.4101757463983547 -0.06844437637963841 0.4393118777425395
v -0.4071967264336898 -0.07061792027732092 0.4400778345893088
v -0.4041055241236747 -0.07258832036356501 0.4409509608183779
v -0.4009090290977853 -0.07435051421676583 0.4419299936313889
v -0.3976148395358354 -0.07590297827076946 0.4430114629151561
v -0.3942309979407491 -0.07724609680222538 0.4441912038707487
v -0.3538363986388231 -0.04400644147935222 0.4728272719016095
v -0.3565050617437759 -0.05211198144969754 0.4690682856336255
v -0.3589307045131357 -0.06029379385605347 0.4654480239288066
v -0.3610857327709323 -0.06854690328882436 0.4619707499893072
v -0.362952044269017 -0.07689058865066233 0.4586246769451833
v -0.3645227922453191 -0.08532364188774406 0.45542120954011
v -0.3657866288900484 -0.09383395263281495 0.4523732519001959
v -0.3667286495755795 -0.1024156163633963 0.449485359676931
v -0.367337465706994 -0.1110608312682378 0.4467611910639931
v -0.3676064178331088 -0.1197652289316454 0.4442017139436411
v -0.3675341441190486 -0.1285211951122935 0.4418097600142659
v -0.3671218832938815 -0.1373207500923379 0.4395870217038712
v -0.3663762641740919 -0.1461595002039374 0.437535202263272
v -0.3653085571570586 -0.1550287873012538 0.4356554006319475
v -0.3639335502061119 -0.1639210103380883 0.4339469819141566
v -0.3622622505806805 -0.1728188851559417 0.432405190464622
v -0.3603013622163778 -0.1817148233703559 0.4310210909699436
v -0.3580693918978715 -0.1906300398147714 0.4297954132018727
v -0.355593830052391 -0.1995579493340282 0.4287272316996443
v -0.3626289399393374 -0.1999384462951882 0.4253922620524533
v -0.3695054253168464 -0.2007716233120973 0.4219882527380332
v -0.3762114904703782 -0.2020693488838863 0.4185257327351533
v -0.3827288530423022 -0.2038305906753599 0.4150093698522285
v -0.3890373764333608 -0.2060458653225488 0.4114414375158624
v -0.3951245801835713 -0.2087071507707764 0.4078284331185765
v -0.4009805092997873 -0.2117998320188118 0.4041762366391387
v -0.4065939630225611 -0.21531205289119 0.4004922720167834
v -0.4119716063648712 -0.2192238223198571 0.3967848258672795
v -0.4171122172357077 -0.2235121623213034 0.3930587458082501
v -0.4220102135849149 -0.2281464525235496 0.389315122628233
v -0.4263931863193239 -0.2208949718324845 0.3891467418827756
v -0.4310430191002221 -0.2138832827878763 0.3888239429721596
v -0.4359594888661353 -0.2071276046804712 0.3883304254178238
v -0.4411347825477684 -0.2006607681365246 0.3876628734368584
v -0.4465687127062153 -0.1945160242257825 0.3868229867603595
v -0.4522639871032957 -0.1887104309133378 0.3858041304070179
v -0.4582145434933149 -0.1832592474062192 0.3846023049934988
v -0.4644100119428491 -0.1781752201616465 0.3832161232636746
v -0.4708345223845079 -0.1734699296553118 0.3816499294586769
v -0.4774744508526572 -0.1691498103997094 0.3799086092089097
v -0.4843108486832042 -0.1652180900854212 0.3780021912655325
v -0.491331849928774 -0.1616761731916869 0.3759381902592988
v -0.4985199718101845 -0.1585176210448885 0.373723736075068
v -0.5058486581619135 -0.1557192888131017 0.3713692162180519
v -0.513300425742782 -0.1532755265106396 0.3688950973829552
v -0.5108207428793868 -0.1463623708091725 0.3721510573624806
v -0.5086608330055251 -0.139314970225848 0.3752657937696677
v -0.5068425679443177 -0.1321464239970535 0.378236929558613
v -0.5053915432062165 -0.12486827889582 0.3810412635258179
v -0.5043216540575211 -0.1174884061760336 0.383666777984559
v -0.50364166174389 -0.1100164049797924 0.3861085626737163
v -0.5033588836026417 -0.1024686078866556 0.3883611314684989
v -0.503476108799396 -0.09486176858397209 0.3904186059201348
v -0.5039909975628971 -0.08721329301782772 0.3922773130418466
v -0.5048966889509656 -0.07954010838531093 0.3939334315702348
v -0.5061845718996685 -0.07185318812128158 0.395385965741475
v -0.5078409969884933 -0.0641656125006657 0.3966410290178492
v -0.5098411012219463 -0.05649920812655298 0.3977127977401153
v -0.5121634203802334 -0.04886701358213325 0.3985963810911341
v -0.504678996742441 -0.04824620880559041 0.4019328084016576
v -0.4973099450177393 -0.04725779520410415 0.4053552345661746
v -0.4900734562682801 -0.04588621760314647 0.4088492032312599
v -0.4829950132847534 -0.04410599972646091 0.4124175370891879
v -0.4760918920482335 -0.04190750002408446 0.4160575931050511
v -0.4693760277206621 -0.0392876961250181 0.4197624323930664
v -0.4628662105931574 -0.03624404841730174 0.4235216961441853
v -0.4565761621961952 -0.03277932577285581 0.4273278316669487
v -0.4505218324168105 -0.02890115940265265 0.4311709255635436
v -0.4447138505411396 -0.02462102526803914 0.4350454093264198
v -0.4391585984959225 -0.0199538517104549 0.4389466630867874
v -0.4338538921769653 -0.01491736068483476 0.4428715212978993
v -0.4288005976495999 -0.009539594442664672 0.4468009475976238
v -0.4240069953834431 -0.003850985895311736 0.450720201230171
v -0.4194737121253673 0.002126295465410628 0.4546345274259346
v -0.4146913638455433 -0.003860905849946846 0.4553617920913297
v -0.4096587314008707 -0.00955028569733052 0.4562543280711709
v -0.4043807318755391 -0.014914911656249 0.457327324512923
v -0.3988580108885853 -0.01993235845696886 0.4585888627061258
v -0.3930836721047269 -0.02458064733424054 0.4600427854813702
v -0.387068598543554 -0.02884568658883169 0.4616889956871346
v -0.3808224435165978 -0.03271136825124119 0.4635303082332539
v -0.3743575008778938 -0.03616695759690614 0.4655654906768595
v -0.3676936691151394 -0.03920258969069595 0.4677975448685215
v -0.3608492791536006 -0.04181435981287183 0.4702231440415481
v -0.3178738834348988 -0.009100421201876804 0.5016075270644483
v -0.3214737460601879 -0.02129862306355949 0.495544451447278
v -0.3247559179518356 -0.03361242092137773 0.4897496557118456
v -0.3276749818191458 -0.04607152527319779 0.4841877378459702
v -0.3302355998806454 -0.05868208190671196 0.4788946547054083
v -0.3324108837979975 -0.07142564809119284 0.4738855414307242
v -0.3341651039826227 -0.0842977320725917 0.4691518167962495
v -0.335477402969568 -0.09728789503793429 0.4646961361007207
v -0.3363308927648441 -0.1103851384958615 0.4605194635994577
v -0.3367152705110586 -0.1235823009976632 0.4566232734749981
v -0.3366286209881621 -0.136866667067523 0.4530133208592294
v -0.3360726967038406 -0.1502244129157409 0.4496915820757607
v -0.3350577385050793 -0.1636484437752922 0.4466609613976235
v -0.3336004669136702 -0.1771284842341477 0.4439267213558469
v -0.3317216106597526 -0.1906537902863703 0.4414924081977917
v -0.3294569373190306 -0.2042243463369193 0.4393682935585957
v -0.3268329535521247 -0.21781631500331 0.4375510956412879
v -0.3238447049083132 -0.2314150127596264 0.4360069568779892
v -0.3205380200263763 -0.2450617845377955 0.434751718017997
v -0.3312356724928501 -0.2455017907254985 0.4297741027192197
v -0.341688460595094 -0.2466182432762643 0.4246733615817613
v -0.3518747101713577 -0.2484160542581096 0.4194626272531211
v -0.3617535363891869 -0.2508856554211145 0.4141357860867057
v -0.371303161940734 -0.2540167197113994 0.4087027787330654
v -0.3805032397484935 -0.2577969567883607 0.4031739951188849
v -0.3893383993496081 -0.2622023494153429 0.3975583429640561
v -0.3977943091439182 -0.2672031899371894 0.3918621686567699
v -0.4058555378549304 -0.2727723058608597 0.3860928944336491
v -0.4135518986345029 -0.2788715607566506 0.380271199342046
v -0.4208718838053634 -0.2854537020428796 0.3743933142544358
v -0.4270019267113582 -0.2744796722665623 0.3738883615206698
v -0.4335818466227773 -0.2638518109765076 0.3731862887864554
v -0.4405873250662652 -0.2536253002617707 0.3722716228453321
v -0.4480361486157204 -0.2438673653825367 0.3711568697245886
v -0.4559329497987897 -0.2345985109957928 0.3698252978746707
v -0.4642572076931251 -0.2258477104718575 0.3682656203517638
v -0.4729956915732503 -0.2176384386682899 0.3664698517315623
v -0.4821243134383858 -0.2099945631510041 0.3644381173964139
v -0.4916176481459827 -0.2029350025466863 0.362177497241106
v -0.5014554706482863 -0.1964691831649918 0.3596951346331101
v -0.5116057577710031 -0.1906027605054572 0.3570069525749547
v -0.5220412877028474 -0.1853363657313695 0.3541338806078447
v -0.5327416932039551 -0.1806682920871288 0.3510968486679987
v -0.5436735333609581 -0.1765746097675769 0.3479022764541493
v -0.5547907240269132 -0.1730235748046418 0.3445736418763837
v -0.5512824620514136 -0.1629126730872441 0.3496862502445799
v -0.5482137708404291 -0.1525795659907107 0.3545605314790007
v -0.5456316337291524 -0.1420400858905461 0.3591681640774828
v -0.5435639755352342 -0.1312996701905389 0.3634770524612465
v -0.542032954326127 -0.1203798752589716 0.3674806162113222
v -0.5410577153825857 -0.1093049296810354 0.371172159485643
v -0.5406514822548615 -0.09810407597663824 0.3745410955559465
v -0.5408180879336553 -0.08680401891086849 0.3775777166039904
v -0.5415543756981244 -0.07543267626166142 0.380276427538375
v -0.5428480537211242 -0.06402072054696158 0.3826311929976249
v -0.5446805521025824 -0.05259261317213183 0.3846349939804228
v -0.5470301795029152 -0.04117070707077646 0.3862820279009038
v -0.5498695166438027 -0.02977632313269707 0.3875970481949813
v -0.5531528534981109 -0.01843787950466607 0.3885965623568054
v -0.5419812538653871 -0.01741468917773763 0.3932079803277539
v -0.5309844236513868 -0.01585406530716611 0.3979932629443652
v -0.5202064320291382 -0.01371629335836593 0.4029481651451687
v -0.5096799378117898 -0.01097676366777185 0.4080796952923869
v -0.4994252295597105 -0.007622799822293459 0.4133711093082201
v -0.4894691564668646 -0.003643826019863019 0.4188041086059588
v -0.4798434190276428 0.000963755832131507 0.4243618717741303
v -0.4705684463343147 0.00619592820311632 0.4300333860240836
v -0.4616697542037145 0.01204026191027626 0.4358024736360127
v -0.453171746868774 0.01847643324649666 0.4416562162887595
v -0.4450881836609065 0.02548043303028762 0.4475890895476779
v -0.4374400137386082 0.03302161063817936 0.4535951343320816
v -0.4302233863979001 0.04107431274702118 0.4596780600434359
v -0.4234218698673001 0.049586384428614 0.4657917418391402
v -0.41706027451945 0.05850167064334869 0.4719194989526663
v -0.4099100116975311 0.04971245628718577 0.4734320703980475
v -0.4023721916433297 0.04135390013908625 0.4751476557575854
v -0.3944571563146577 0.03346488038097321 0.4770943489369212
v -0.3861347729651592 0.02608955835954265 0.4792754674453529
v -0.3774198078726692 0.01925529760017891 0.4816990055658379
v -0.3683260417887196 0.01299152216111987 0.4843753881840638
v -0.3588684049601071 0.007324340217659879 0.4873099558287547
v -0.3490669625216573 0.002270369744252307 0.4905004187612281
v -0.3389433647939907 -0.002155353698628376 0.4939439975586208
v -0.3285383065370345 -0.005946858572636201 0.4976508174796649
v -0.2832172028838249 0.02605424964374753 0.5323521946431602
v -0.2873459114537055 0.009851901224905748 0.5234629534488101
v -0.2911258985223901 -0.006533991143651996 0.515026298623674
v -0.2945365881484671 -0.02317377318304359 0.5070134672103136
v -0.2975689785812866 -0.04004188859655108 0.4994892765194446
v -0.3001553079990326 -0.0571203933620331 0.4924226544024076
v -0.3022582769286431 -0.07440169673840626 0.4858066352299309
v -0.3038441120160235 -0.09186251237087827 0.4796398214035434
v -0.3048840653236198 -0.109490764874886 0.4739132470509118
v -0.305364874154488 -0.1272730557327524 0.4686298497259173
v -0.3052836334726395 -0.1451910780923918 0.4637978916685086
v -0.3046430931782398 -0.1632249337210574 0.4594203477967034
v -0.3034563832555883 -0.1813613814858754 0.4555023320419024
v -0.3017521508219076 -0.1995940869802234 0.4520585568790609
v -0.299563889439711 -0.2179033626089683 0.4491028197386451
v -0.2969288023237613 -0.2362850554470508 0.4466458095103171
v -0.2939146086868914 -0.254738932100714 0.4447243381143218
v -0.290529803359081 -0.2732097440472795 0.4432960893839555
v -0.2867948898769699 -0.2917671394135407 0.442350011747634
v -0.3013071722460672 -0.2921946798811726 0.4357913263137997
v -0.3154817825228006 -0.2935103161253598 0.4290363147113975
v -0.3292543553237527 -0.2956960945646331 0.422061652777547
v -0.3425872086015272 -0.2987485227652398 0.414877930965348
v -0.3554477727784121 -0.3026469088704358 0.4074969262307143
v -0.3678065455971386 -0.3073728759634651 0.3999339357357832
v -0.3796405682419826 -0.3128920717308635 0.3922017902638458
v -0.3909304306604491 -0.3191557309490747 0.3843072562495969
v -0.4016534733667225 -0.3261165283645118 0.3762545454006929
v -0.4118058667144438 -0.3337351453065663 0.3680616441790827
v -0.4214477524755403 -0.3419271159611627 0.3597495371054105
v -0.4288276143449523 -0.3271559753647383 0.3585713249391007
v -0.4368901445278277 -0.3128282661082477 0.3571887145855886
v -0.4456229433545609 -0.2990977299070702 0.3556333889285519
v -0.4550595911723969 -0.2859979669875188 0.3538938720095964
v -0.4651637485094092 -0.2735670390107418 0.3519388321921249
v -0.4759087196901973 -0.261848899543892 0.3497528916149812
v -0.487265940040617 -0.2508756358784048 0.3473226545770635
v -0.4991907421593847 -0.2406843914481641 0.3446498435768831
v -0.5116475773583684 -0.2313020812820545 0.3417438879054582
v -0.5246045016687471 -0.2227423625090454 0.3386168438732842
v -0.5380154810486656 -0.2150150504981647 0.335290602924941
v -0.5518347202864894 -0.2081252525610562 0.3317982909100641
v -0.5660317670411309 -0.2020721010369959 0.3281772502014235
v -0.5805858311047035 -0.196852320164289 0.3244619923906091
v -0.5953949777063333 -0.1923896433319811 0.3206392033248856
v -0.5911170850774536 -0.1792846453490055 0.3279010906972321
v -0.5873538161501983 -0.1658459678665768 0.3347980389696124
v -0.5841783355936508 -0.1520609700414506 0.3412310758901331
v -0.5816205184678163 -0.1379581742888731 0.3471953221894082
v -0.5797178604970135 -0.1235748477699336 0.3526845353382106
v -0.5785022462797003 -0.1089528521447405 0.3576882279299917
v -0.5779931686859119 -0.09413746595989084 0.3621901755473836
v -0.5781955246619064 -0.07917008516406809 0.3661759839801323
v -0.5791053282370318 -0.06409359672105694 0.3696363718519771
v -0.5807045660654316 -0.04895538741379737 0.3725619111421011
v -0.5829626415191407 -0.03379707573736792 0.3749398860043427
v -0.5858426287482511 -0.01865433530825057 0.3767559198555026
v -0.5893147377448985 -0.003554784633190662 0.3779986275094059
v -0.5933086156025422 0.01146161178266831 0.3787613857611294
v -0.5784182838817897 0.0129016648704942 0.3842319861710322
v -0.5637699519233106 0.01505015713138217 0.3900133847101154
v -0.5494616081009651 0.01796705745284241 0.396154977533217
v -0.5355140525484618 0.02167358456056241 0.402629631261475
v -0.5219571626918268 0.0261903334481917 0.4094059562052564
v -0.5088359207689479 0.03153042686710934 0.4164525587611477
v -0.4961959723598349 0.03769716335925795 0.4237451925845496
v -0.4840694311800388 0.04468552360822324 0.4312663661786138
v -0.4724919586155012 0.05247760902856072 0.4389936718376384
v -0.4615084583423908 0.06104246475259056 0.4469055018948239
v -0.4511481500571003 0.07034599555234561 0.4549962207396925
v -0.4414384640346233 0.0803426470412886 0.4632555606531277
v -0.4324163196585681 0.09098382609348143 0.4716896840500563
v -0.4240496732611164 0.1022354018890106 0.480291409685691
v -0.4163522585612215 0.1139787580285899 0.4889509375192381
v -0.4069322219099194 0.102530641334444 0.4916869633198311
v -0.3969873515764409 0.09161777088664855 0.4946176600359756
v -0.3864562133230217 0.08132511250363197 0.4977711358187186
v -0.3753420212136466 0.07169580352349444 0.5011530451612322
v -0.3636665185417821 0.06277331426959026 0.5047849113822859
v -0.3514483847418846 0.05460422366418609 0.5086871576667399
v -0.3387100001658765 0.04722589346585364 0.5128673775510121
v -0.3254804701451969 0.04066301282025551 0.5173223448048266
v -0.311792197344711 0.03494098428319418 0.5220533337645048
v -0.2976828068069846 0.03006966309525548 0.5270533195346179
v -0.250050966009923 0.06112168323759767 0.5655490070331664
v -0.2542666410587734 0.04111288278737459 0.5531826450233321
v -0.2581420121599357 0.02079143881673937 0.5414887476995386
v -0.2617441234523339 6.727201611485644e-05 0.5305781948739071
v -0.2649718630440246 -0.0210054555076927 0.520411696174
v -0.2677617355060919 -0.0424128895979345 0.5109625228668537
v -0.2700574058351942 -0.06411731277896084 0.5022196379724343
v -0.2718027871404273 -0.08609490017363418 0.4941529460719295
v -0.2729627808782933 -0.1083247172368451 0.4867528512329616
v -0.2735181664821991 -0.1307824185301081 0.4800226246113737
v -0.2734641501172646 -0.1534420317954798 0.4739729308101572
v -0.272805404431389 -0.1762758957095202 0.4686090239733477
v -0.2715609348321796 -0.1992611705842185 0.4639417020669713
v -0.2697656354352092 -0.2223840730013171 0.459991137893009
v -0.2674753312733597 -0.2456384187518355 0.4567965920439567
v -0.2647460705748289 -0.2689967864249709 0.4543879137721036
v -0.2616411535055102 -0.2924590406676127 0.4527964100346129
v -0.2582615603990412 -0.3159986680695123 0.452084960473547
v -0.2545391472216342 -0.3396301153572243 0.4521111546939161
v -0.2731073677911143 -0.3399953414205 0.4440756414851379
v -0.2912040577759542 -0.3414309114538822 0.4357073946738
v -0.3087373140006902 -0.3439111490934571 0.4269568212146433
v -0.3256656968140675 -0.3474219442383681 0.417848760104179
v -0.3419440397407932 -0.3519374407464191 0.4084006429346951
v -0.3575294122736608 -0.3574290051538224 0.3986348211253313
v -0.37238666923777 -0.3638520169239629 0.3885699308378947
v -0.3864899464384481 -0.3711360350953216 0.3782150116384089
v -0.3998074090887089 -0.3792083652753895 0.3675717148916504
v -0.412288541269878 -0.3880097133971014 0.3566420141890361
v -0.4240555619986185 -0.3974485976997648 0.3454835604983135
v -0.4320410744880763 -0.3787731557773897 0.3432331752257914
v -0.4410027340834745 -0.360670283572443 0.3408216714443419
v -0.4510158750998516 -0.3433519341603087 0.3383481036747165
v -0.4620463933903592 -0.3268368366132222 0.335750275754126
v -0.4740402957916396 -0.3112009748639349 0.3330013358921119
v -0.4869585654497414 -0.2964824015944652 0.3300682376774428
v -0.5007335677525035 -0.2827381296956102 0.326936761699787
v -0.5153057729976216 -0.2700189273414993 0.323609213648428
v -0.5306218463957267 -0.2583629608979509 0.3200980950501078
v -0.5466326028448026 -0.2477914321123394 0.3164220203303134
v -0.5632777766782198 -0.2383218882381145 0.3126108152713538
v -0.5804900565802394 -0.2299656312016369 0.3087083949972539
v -0.598212946105901 -0.2227319350141614 0.3047709265117158
v -0.6164276953542379 -0.2166306476583781 0.3008660028288015
v -0.6350262706321362 -0.2115831315507961 0.2969675518992309
v -0.6302925692904394 -0.1957280609472354 0.3068006383668176
v -0.6261136057836727 -0.1793599643511032 0.3160438420366121
v -0.6225506015257578 -0.1624501995206712 0.3245845111398063
v -0.6196601344195594 -0.1450640593906322 0.3324274174765025
v -0.6174983654610116 -0.1272614210293112 0.3395671511862341
v -0.6161131108303669 -0.1091083509010188 0.3459847798583236
v -0.6155271441907708 -0.09066756918135697 0.3516602842077314
v -0.6157474484126604 -0.07200447952431566 0.3565716710234302
v -0.6167682828574376 -0.05318641776224863 0.3607036127048101
v -0.6185684041748797 -0.03427765967368518 0.3640406351393554
v -0.6211022873721652 -0.01534501844070702 0.366565034910928
v -0.6243149294285074 0.003556853504655469 0.3682500298279822
v -0.6281499620688141 0.02237363459932823 0.3690566152739153
v -0.6325482035962252 0.04107183881109713 0.3690976384398537
v -0.6138356891135188 0.04286134297287774 0.3748926051112033
v -0.5954907765062203 0.04555582971039866 0.3812522927664881
v -0.5776181087536156 0.04921111706195648 0.3882389819988001
v -0.5602359566344893 0.05385450533189926 0.3957904107053986
v -0.5433992583717487 0.05950780230236482 0.4038531199897755
v -0.5271741815576559 0.06618465322196383 0.4123828669222143
v -0.5116204475349676 0.07388606417031639 0.4213445389179696
v -0.4967872869170558 0.08260411260506818 0.4307109349375201
v -0.4827280799391003 0.09231302396021925 0.4404509266501906
v -0.4695026102176407 0.1029706991232226 0.4505351915438889
v -0.4571789606960159 0.114520998590675 0.4609449362061679
v -0.4457971031442888 0.126914968257472 0.4716882125807275
v -0.4354118366312295 0.1400734932661049 0.482747117636856
v -0.4260581324369253 0.1539498551993134 0.4941649454695928
v -0.4176636357191566 0.1684093055043674 0.5057442807901689
v -0.4061690402741874 0.1544096718682041 0.5102511056832855
v -0.3939430938556493 0.1410514485537517 0.514891078641627
v -0.3808629988326179 0.1284442447972388 0.5196656747122922
v -0.3669778039745833 0.1166404412986826 0.524604283638467
v -0.3523182675130747 0.1057045774865552 0.5297443185378899
v -0.3369093268919239 0.09570371953301912 0.5351161221194133
v -0.32078539664404 0.08668735698395182 0.5407278456745427
v -0.3039888599448299 0.07869308011545419 0.5465756839290814
v -0.2865646897007744 0.07175398538596678 0.5526588813844662
v -0.2685545755681525 0.06589715374255928 0.5589645373792238
v -0.2184004508123836 0.09572916049260147 0.6016567594051205
v -0.222229358099385 0.07223482691972778 0.5849833979995167
v -0.2258357599315968 0.04820466545441598 0.5693611551352736
v -0.2292889708576387 0.02356009163577957 0.5549562652999747
v -0.2324472793527668 -0.0016245461335281 0.5416642299396747
v -0.2352300830874113 -0.0272993647033653 0.5294558735631096
v -0.2375491386461518 -0.053418009672674 0.5182710219118656
v -0.2393382492819472 -0.07994384751130269 0.5080752184061156
v -0.2405503581824945 -0.1068362419614316 0.4988549521228641
v -0.2411576917966834 -0.1340573770551266 0.4906100917847541
v -0.241152633901037 -0.1615685700124935 0.483354433981565
v -0.240542684988979 -0.1893297002650473 0.4770976042080154
v -0.2393553130475192 -0.217308003116655 0.4718607611999334
v -0.2376372611064822 -0.2454747277121608 0.467678024621111
v -0.2354542819970309 -0.2738145335255597 0.464599472862203
v -0.2328940471450894 -0.3023165415851353 0.4627021887764602
v -0.230036811185682 -0.3309512350002167 0.4620383005813516
v -0.2270239192955556 -0.3597066810257576 0.4627380529889458
v -0.2237849315020656 -0.3885601929290819 0.4646173287940736
v -0.2467655957867727 -0.388832200672461 0.4552430152141044
v -0.2690848051234284 -0.3903291311383917 0.4453073197450441
v -0.2906489287550343 -0.393016198721362 0.4347586723587967
v -0.3113951151837882 -0.396868971562714 0.4236247608540643
v -0.3312614370570998 -0.4018549614155301 0.4119355930666739
v -0.3501836051132187 -0.4079331721955621 0.3997258988083391
v -0.3681093037333026 -0.4150426651603664 0.387023587653521
v -0.384992184231874 -0.423104162004513 0.3738462524026867
v -0.400797442226054 -0.4320088475080588 0.3601964221364078
v -0.4154508400453661 -0.4416662777377287 0.3460717580666218
v -0.4290387846416418 -0.4519899742235905 0.3315343308332843
v -0.4367835097925556 -0.4292637711200451 0.3277876452124621
v -0.4459492714083875 -0.4072853879402233 0.3240121408884862
v -0.4566646377995554 -0.3862558820070698 0.3203151648456253
v -0.4688152486932777 -0.3662443068526979 0.3166206685722672
v -0.4823374909147292 -0.3473108603637631 0.3128787854902083
v -0.4971314591827354 -0.3295349902732339 0.3090554859315134
v -0.5131029934083932 -0.3129996119567269 0.3051391560605515
v -0.5301702213382415 -0.2977678058613453 0.3011292295017401
v -0.5482531117891492 -0.2838958289178702 0.2970423965706289
v -0.5672769373849239 -0.2714186431301817 0.2929057949456718
v -0.5871554260268906 -0.2603672801644006 0.2887616662328423
v -0.607810705202017 -0.2507650417002266 0.2846654173876456
v -0.6291505980987097 -0.242633641217231 0.280686937625246
v -0.6511220049743597 -0.2360066985918445 0.2769180725997325
v -0.673645986493082 -0.2308320758507389 0.2733665034233713
v -0.6688154511881075 -0.2125190567840532 0.2862931118745018
v -0.6645138688016922 -0.1934006739076291 0.2983161648732576
v -0.660800217006269 -0.1734832561468479 0.3093369254380738
v -0.6577606928603554 -0.1528724108903694 0.3193644676278239
v -0.6554776445174562 -0.1316578442245172 0.328382423200749
v -0.6540043507401204 -0.1099314844401265 0.3363655907334749
v -0.6533718862508312 -0.08778862716276598 0.343285368577382
v -0.6535894690015424 -0.06532991887029871 0.3491085883316841
v -0.6546492555653679 -0.04265855780331127 0.353810893723134
v -0.6565220962249084 -0.01987113283602032 0.357367094030105
v -0.6591566691992005 0.002940196409037564 0.3597509134514325
v -0.6624730926333861 0.02568950094353995 0.3609299849124101
v -0.6663856964027132 0.0482901236824777 0.3608404748607801
v -0.6708359996725185 0.07068550167412274 0.3595637424936488
v -0.6481572411064082 0.0726478536322164 0.365074403392712
v -0.6260129407920101 0.07574866123003197 0.3715402733973882
v -0.6044798665832123 0.08003870689308749 0.3789824358788653
v -0.5836085217884952 0.085537949495379 0.3873041412053951
v -0.5634885859360893 0.09226503471149562 0.3964328265836253
v -0.5441965878757752 0.1002297094293878 0.4063083138306736
v -0.5258177928953516 0.1094281681115544 0.4168774736982785
v -0.5084266436087127 0.1198454307509152 0.4280983446304419
v -0.492102975671772 0.1314426895927705 0.4399264287805384
v -0.4769288983151902 0.1441662443693803 0.452328241419986
v -0.4629989380790668 0.1579393043703738 0.4652688725842039
v -0.4504135987771765 0.1726765759843921 0.478734256807884
v -0.4392376024918325 0.188301818047406 0.4927349431150084
v -0.4295855884050778 0.2047178273310274 0.507298189768995
v -0.4213326712982098 0.2218043821151079 0.5222263131411057
v -0.4080660102030242 0.2052996890854474 0.5291533033829051
v -0.3937154663318538 0.189549540127767 0.5360711200955239
v -0.3781934063623583 0.1746609566589592 0.5429740012622727
v -0.3615723728412943 0.1607116046047316 0.5499116594391499
v -0.3438858682193758 0.1477986390904069 0.5569406141176891
v -0.3251790522932542 0.1360013502001959 0.5640885360732815
v -0.3055032700461074 0.1253885776020693 0.5713644805268046
v -0.2849220652042849 0.1160154514857396 0.5787605416677927
v -0.2634971353908348 0.1079277305983239 0.5862689177604614
v -0.2412916088813509 0.1011633148376676 0.5938796749504313
v -0.188089971034692 0.1294905021005335 0.6410460969632985
v -0.1911148817543854 0.1029495437789979 0.6191286053839736
v -0.1941278548740934 0.0755275436434678 0.5988144286655374
v -0.1971300520560659 0.04719535387949531 0.5802331327980873
v -0.1999700112457631 0.01806640510848747 0.5632700687123362
v -0.2025352463921868 -0.01178090450089852 0.5478315551365637
v -0.2047227411120684 -0.04228164654152377 0.5338411385244959
v -0.2064483552499647 -0.07336795273119361 0.5212556241734538
v -0.2076489507092245 -0.1049768308856093 0.5100474128876414
v -0.2082867672710213 -0.1370482133768875 0.5002126700855489
v -0.2083504031544132 -0.1695235705689554 0.4917691309836418
v -0.2078510913489557 -0.2023437856726759 0.4847339049962037
v -0.2068261041415361 -0.2354587549854633 0.4791434016178739
v -0.20533804693774 -0.2688273593134027 0.4750559880788502
v -0.203470506688582 -0.3024118054249639 0.4725459214779185
v -0.2013254978887518 -0.3361926356316375 0.4717143927037029
v -0.1990143078107742 -0.3701473432654825 0.4726840501730206
v -0.1966879252952343 -0.4042350222203634 0.4756144479311261
v -0.1943442940388737 -0.4384103249788176 0.4803798029971238
v -0.222247143491794 -0.4385852369833044 0.4698790522627599
v -0.2492482629287634 -0.4401003958749621 0.4584534967241048
v -0.2752463735493313 -0.4429127924958096 0.4460572637238293
v -0.3001505874952081 -0.4470000608585163 0.432745898611131
v -0.3238698126180702 -0.4523180023255909 0.418565557163817
v -0.3463054292330841 -0.458812608196805 0.4035733537884482
v -0.3673780571057401 -0.4664062727080798 0.387816087342693
v -0.3870133254813288 -0.475002544176688 0.3713264619607146
v -0.4051493943753323 -0.4844828024943402 0.3541253552264442
v -0.4217131503517986 -0.4947126898334247 0.3362132309326833
v -0.4367075198793788 -0.5055960569265567 0.3176464924022428
v -0.4431790771961578 -0.4786660630444376 0.3120515461744188
v -0.4517332398063879 -0.4526613905917518 0.3066227731433183
v -0.4624552233834406 -0.4277816920891656 0.3014354844377604
v -0.4751914399469603 -0.4041064026869715 0.2963973201505117
v -0.4898000851482574 -0.381746534010362 0.2914636721092399
v -0.5061352970637133 -0.3608292075737097 0.2866102744164455
v -0.5240745086763566 -0.3414504798246039 0.2818177287134375
v -0.5434940458939891 -0.3237026094626212 0.2770873881028807
v -0.5642766888826027 -0.3076686930404535 0.2724413615230843
v -0.5863103309670644 -0.2934070110675902 0.267917756334696
v -0.6094742408586198 -0.2809703384319979 0.2635730691148893
v -0.6336564272747507 -0.270405087667865 0.2594808873526804
v -0.6587525984815991 -0.261752109905828 0.2557254374983605
v -0.6846522937386369 -0.2550653305349906 0.2524004427084247
v -0.7112710437237462 -0.2503638283656983 0.2495734384590234
v -0.7067081089975531 -0.2299437172543239 0.2662139729801387
v -0.7025806211749034 -0.2082827044098824 0.2815569765149391
v -0.6989684066220078 -0.1854842595485989 0.2955390896589701
v -0.6959885573853775 -0.1616818371402104 0.3081480237037085
v -0.6937315193153103 -0.1370052232001215 0.3193499319884016
v -0.6922612472183458 -0.1115939875650474 0.3291083738908065
v -0.6916166446649689 -0.08559001279587609 0.3373800922886754
v -0.6918091364858175 -0.05914664499847268 0.3441145586746946
v -0.6928283517197426 -0.03242100017651136 0.3492742221535735
v -0.6946372806580142 -0.005557064848528982 0.3528217527406215
v -0.6971736469419826 0.02130644955826713 0.3547150608460732
v -0.7003489221690189 0.04804033751028028 0.3549152387627579
v -0.7040476976067988 0.07452310920509433 0.3533628526875233
v -0.7081890098017943 0.10063283022196 0.3500564996388737
v -0.6813645891823206 0.1024467827865122 0.354636160590359
v -0.6552431918463161 0.1057107806706122 0.360694021472294
v -0.6299050792410318 0.1104460630210845 0.3681618708633774
v -0.6054558675773428 0.1166568716982449 0.3769291378447047
v -0.5819970372838321 0.1243535562444926 0.3869012682477292
v -0.5596381936129657 0.1335360364148876 0.3979898659400674
v -0.5384983111613432 0.144189786805451 0.4101178095119367
v -0.5186885546139909 0.1562860833604967 0.4232211325163309
v -0.5003255313092159 0.1697664446974494 0.4372362098439883
v -0.4835328203489758 0.1845536145093336 0.4521121158702431
v -0.4684332943675684 0.200556398182808 0.4678136557341325
v -0.4551731371701072 0.2176538150301107 0.484292675404386
v -0.4438947887661195 0.2357285992562727 0.5015269515236539
v -0.4347519101113467 0.2546677347227341 0.5195524490979988
v -0.4276626262288366 0.2743370646291279 0.5381993168022263
v -0.4130369819335282 0.2552836891995356 0.5482753374357759
v -0.3968238041439616 0.2370901521461397 0.5581299348630091
v -0.379018367109009 0.2198689511475285 0.5677660502379996
v -0.3596917851927584 0.2037384168517849 0.5772552548490932
v -0.3389040512191066 0.1888139974663495 0.5866435914761113
v -0.3167280440494189 0.1751980320955496 0.5959549038273461
v -0.2932417624851048 0.1629840046126702 0.6051910606143694
v -0.2685427507917181 0.1522503954308843 0.6143316167708752
v -0.2427217544787508 0.143061976400637 0.623361160089704
v -0.2158697205425532 0.1354694344695899 0.6322446460734436
v -0.1587563727677724 0.1620185626558132 0.6840614182516802
v -0.1606690891529073 0.1329834335348644 0.655850963008064
v -0.1628438337119178 0.1025794803640534 0.6299727869856986
v -0.1651527986087433 0.07088019547765351 0.606479120920481
v -0.167462352456331 0.03802930792788291 0.5852010737439099
v -0.1696436198579993 0.004138543002125988 0.5660096065860467
v -0.1715728011511459 -0.03068146719057769 0.548818028406821
v -0.1731446556045573 -0.06632750270681241 0.5335531566845467
v -0.1742798561146109 -0.1027010580796557 0.5201724391687395
v -0.1749295996157613 -0.1397095080464474 0.5086664186910256
v -0.1750779702150028 -0.1772646251502448 0.4990576574893497
v -0.1747405535007873 -0.2152793706525972 0.4913751800938211
v -0.1739653559797263 -0.2536783331240186 0.4856777264453856
v -0.1728308330314531 -0.2923971041511657 0.4820555251808648
v -0.1714411548105145 -0.3313819490751603 0.4806274945597839
v -0.1699190238150323 -0.3705791740768504 0.4815279353225079
v -0.1683911740692632 -0.409954104994913 0.4849275880510799
v -0.1669888541698482 -0.4494644964393406 0.4910475459361702
v -0.1658402365520951 -0.4890184090424661 0.499884569042467
v -0.1993597566673744 -0.489097793660402 0.4885565650284279
v -0.2316944899654409 -0.4905859197017345 0.4757299698481418
v -0.2627127733969278 -0.4934547524242353 0.4614205477569041
v -0.2922737827159116 -0.4976746499660223 0.4457157079384105
v -0.320237710166331 -0.5031929876491267 0.4286933450078497
v -0.3464511299218075 -0.5099455236707755 0.4104521878780342
v -0.3707925992575881 -0.5178401497568311 0.3910764279890203
v -0.393149656233504 -0.5267633738475777 0.3706312347725066
v -0.4134088175690139 -0.536591123351203 0.3491759872232462
v -0.4314807553352918 -0.5471754968638139 0.3267498201852274
v -0.4473145952647002 -0.5583780790324311 0.3033905439256387
v -0.4513174620302687 -0.5270935250482276 0.2957344623031943
v -0.4583088079988279 -0.4968855649633092 0.2884637716453998
v -0.4682600372615097 -0.4679301433530731 0.2815606359073567
v -0.4809395544501953 -0.4403840812722062 0.2749771794554766
v -0.4961369405441785 -0.4144323177995776 0.2686951315521567
v -0.5136690919940943 -0.39022443472996 0.2626828754326219
v -0.5333506647363049 -0.3679037957558545 0.2569259704431564
v -0.5550035906546521 -0.3476026539187906 0.2514305019249354
v -0.5784583637940455 -0.3294440476987927 0.2462266728304905
v -0.6035486992556647 -0.3135233201372898 0.2413667977151048
v -0.6301046783573166 -0.2999265820903306 0.2369241196421125
v -0.6579688751609988 -0.288734519388 0.2329901315272477
v -0.6869948511627535 -0.2800257768833891 0.2296692160809515
v -0.7170381635386269 -0.2738772920669154 0.227062658685888
v -0.7479627575991342 -0.2703820281847396 0.2252682826999235
v -0.7439971112808623 -0.2482810310281138 0.2463197987505816
v -0.7403361667558234 -0.2243625125113314 0.2656434653753429
v -0.7370918715283922 -0.198815358742681 0.2831786513448681
v -0.7343843244952308 -0.1718173539385675 0.2988670323163828
v -0.7323087230848381 -0.1435701342851281 0.3126490944588167
v -0.7309392143034218 -0.1142794329301035 0.3244623907083992
v -0.7303204434592465 -0.08415589166359191 0.3342383278082309
v -0.7304649780849709 -0.05343119592006248 0.3418994993838879
v -0.7313599725639984 -0.02234310685173937 0.3473892074768559
v -0.7329617923536715 0.00889255186205627 0.3506549287280756
v -0.7351971769772028 0.04006702062977349 0.3516414088581231
v -0.7379713012085806 0.07097626466534325 0.3502927474457938
v -0.7411648509654751 0.1014370739405859 0.3465650629307635
v -0.7446644300028904 0.1312554357002791 0.3404093288961028
v -0.7134733178583399 0.1324497508294869 0.3434010232725205
v -0.6831525869128365 0.1355032026689597 0.3484945310044904
v -0.6538304496080143 0.1403900136566744 0.3555548540629116
v -0.6256453832249975 0.1470994972573289 0.3644528938650391
v -0.5987388702684787 0.1556209871420925 0.3750562876794815
v -0.5732644826838967 0.1659351291828669 0.3872427452994716
v -0.5493891571699663 0.1780082881854196 0.4009027772484363
v -0.5272771138597958 0.1917882117170074 0.4159402660620644
v -0.5070965671318218 0.2071871984270194 0.4322631553053194
v -0.4890249736378585 0.2240969784855097 0.44979492371362
v -0.473247466274785 0.2423890796395965 0.4684705386522355
v -0.4599472296083403 0.2619210093937044 0.4882364581152406
v -0.4493347885514855 0.2825258385779708 0.509007878557007
v -0.4416412995582822 0.3040469875744047 0.5307403738256679
v -0.4368975236519796 0.3263266426652461 0.5533560964497714
v -0.42147803852024 0.3045525297371687 0.5673581096324782
v -0.403805136038809 0.2837404310556045 0.5808848786148374
v -0.3839272529797721 0.26403147546527 0.5939780587481833
v -0.3619308553274018 0.2455763123137965 0.6066838029356658
v -0.337926878686383 0.2285151698156781 0.6190176463631987
v -0.3120256413099865 0.2129824636693409 0.6309847416812787
v -0.2843464183776245 0.199103995459513 0.6425626263744637
v -0.2550408966184288 0.1869891668769391 0.653699853528886
v -0.2242481576827064 0.1767269451843402 0.6643578199630302
v -0.1921088306158341 0.1683912551911124 0.6744775046508088
v -0.1298214722478356 0.1929305029315147 0.731015938458646
v -0.1305145301186213 0.162062904834217 0.6953454342346972
v -0.1316907674052981 0.1292036257712399 0.6629416652941814
v -0.1331657088582858 0.0945317358581646 0.633692927762216
v -0.1348246943669038 0.05822746419662127 0.6073984675768465
v -0.1365156880667605 0.02046514213916031 0.5839100129533454
v -0.1380990770518654 -0.01859092401468303 0.563090492119838
v -0.1394528478657756 -0.05878430227449961 0.5448382481108491
v -0.1404829877870476 -0.09996736399188678 0.5290894158003101
v -0.1411304035816084 -0.1420010785301227 0.5158265062425027
v -0.1413745453845563 -0.1847547991938431 0.5050774302950182
v -0.1412353032768766 -0.2281023426374456 0.4968893334154753
v -0.1407704878704521 -0.2719321891574583 0.4913525804318386
v -0.140072681075363 -0.3161478922642595 0.4886018067463327
v -0.1392622198248541 -0.3606635794897616 0.4888085359258322
v -0.1384765309718711 -0.4054033686637737 0.4921784777631718
v -0.1378652458612155 -0.4502879098826857 0.4989320801331063
v -0.1375386395960277 -0.4952569328994227 0.5093361330440541
v -0.1376794547692923 -0.5402085389387731 0.5235831556293018
v -0.177736501836902 -0.540193562437249 0.511829303645762
v -0.2163026883265162 -0.541614944130839 0.4977296540166944
v -0.2531578809743564 -0.5444631395918814 0.4814090191344985
v -0.2880752680124661 -0.5487076054716835 0.4630079810634117
v -0.3208335220671788 -0.5542933134036134 0.4426612523628541
v -0.3511940109444701 -0.5611538693832778 0.4205423263630818
v -0.3789714518406074 -0.5691900161267757 0.3968058682581291
v -0.4039974946590544 -0.5782796812077257 0.3715824978026514
v -0.4261105670928205 -0.5882876887478005 0.34499565777832
v -0.4451504561256613 -0.5990788346693732 0.3171752539917678
v -0.4610140879871314 -0.6104978976192573 0.2882007042954707
v -0.4612386062766529 -0.5747306131519118 0.2784708058091995
v -0.4655913120214395 -0.5400843097013711 0.269259204570614
v -0.4738652050959568 -0.5067959514590007 0.2605237732668362
v -0.485771298326833 -0.4751345079639085 0.2522929383611596
v -0.5010467781593464 -0.4453363496129514 0.2445503996703197
v -0.5194238362964826 -0.4176235087004176 0.2372818230713744
v -0.5406420243011403 -0.3922011159684708 0.2304842872762421
v -0.56444869870912 -0.3692612938235674 0.2241753772663931
v -0.5906017092090792 -0.3489849217742671 0.218397833641246
v -0.6188580815044114 -0.3315228703284889 0.2132224006104324
v -0.6489789573098428 -0.3170100226608988 0.208741694532015
v -0.6807407951306729 -0.3055763212884775 0.2050660933317455
v -0.7139312813935984 -0.2973505638539202 0.2023148724001346
v -0.7483478916472003 -0.2924648819659466 0.2006091405522783
v -0.7837962252970796 -0.2910515467883955 0.2000668251486504
v -0.7807085331007434 -0.2678282699776118 0.2263006354301205
v -0.7778022876225688 -0.2420067906738235 0.2503832235908739
v -0.7751836412144678 -0.2138485104912271 0.2721762385694242
v -0.7729591508886122 -0.1836307330902983 0.2915588504987349
v -0.7712272509746323 -0.1516412867342453 0.3084193286915292
v -0.7700632976380293 -0.1181822071491824 0.3226479296753927
v -0.7695125737516328 -0.08356513667248314 0.3341325683688713
v -0.7695863097159634 -0.04813715325953458 0.3427546105921248
v -0.7702698144916034 -0.01225558245912593 0.3484298599347644
v -0.7715163298955754 0.02375493727674523 0.3510881774773852
v -0.7732489997198806 0.05957862700441468 0.3506625062512452
v -0.7753677869942156 0.09491031116689674 0.3470950343971135
v -0.7777639354149199 0.1294485874696056 0.3403410396118051
v -0.7803287171423496 0.162896346493146 0.3303790059606738
v -0.7445417730606467 0.1628315787519541 0.331125742121585
v -0.709785216850546 0.1651444373279744 0.3347096017432413
v -0.6762419741536093 0.1697865797397548 0.3409568864474707
v -0.644104752204549 0.1767115131509035 0.3496914761201702
v -0.6135779873781086 0.1858743326093501 0.360740960268845
v -0.5848789768545442 0.1972243245776586 0.3739402289630512
v -0.5582417157361012 0.2106971734082418 0.3891369308497177
v -0.5339054049999806 0.2262038600737914 0.4061893366955673
v -0.512109911062788 0.243614826195122 0.4249636345352006
v -0.4931064542573075 0.2627776762312269 0.4453413741095059
v -0.4771545779069692 0.2835182769467189 0.4672145916336943
v -0.4645215010257981 0.3056420798549748 0.4904758013402447
v -0.4554696112866466 0.3289413550461468 0.5150116571542244
v -0.4502870102202119 0.3532025316196222 0.540652330331133
v -0.4491808773257826 0.3782058904294031 0.5673062111750573
v -0.4337743971926747 0.3533919701808607 0.5859820549601998
v -0.4151834524965928 0.3296498516122827 0.6040060816911399
v -0.3935072825208585 0.3071580370574215 0.6213942327003699
v -0.3689018621711457 0.2861029690788318 0.6381078181264549
v -0.3415249482011964 0.2666682193846427 0.654113751162393
v -0.3115415117142406 0.2490299194724583 0.6693656129984262
v -0.2791331125695582 0.2333568294609641 0.6837840826537948
v -0.2445352570032719 0.2197993963811536 0.6972530267715258
v -0.2079676249349719 0.2084785001421206 0.7096848701897359
v -0.1696561316099876 0.1994967360993479 0.7209737209184096
v -0.1005285934904385 0.221863682932861 0.7821804879298607
v -0.1000905483044837 0.1899530105484026 0.7377557718855701
v -0.1002782963369932 0.1552659354951037 0.6977329534066515
v -0.1009463588939803 0.1180764157129387 0.6618221198710355
v -0.1019371859084356 0.07864080814081836 0.6297979371540724
v -0.1031072909463439 0.03720851863725661 0.6014353358310588
v -0.1043093650544161 -0.005981482675149876 0.5765488565279294
v -0.1054129620077957 -0.05070227082827758 0.5549935105164157
v -0.106315631270312 -0.09673892943453552 0.5366774335764704
v -0.1069516250033823 -0.1438888646118429 0.5215704753158436
v -0.1072968222895623 -0.1919631588873328 0.509705298864007
v -0.1073741146418751 -0.2407831311414912 0.5011559229014831
v -0.1072472469119105 -0.2901885704795455 0.4960571986613022
v -0.1070164358487967 -0.3400384445801754 0.4946032572998449
v -0.1068094334402129 -0.3902067414055083 0.4970397437234632
v -0.1067702381350094 -0.4405761043897674 0.5036528113130305
v -0.107037914276796 -0.4910384039321694 0.514767006854725
v -0.1077649877722063 -0.5414790993258318 0.5307107470537539
v -0.1090902841379278 -0.591798950558024 0.5518749253238974
v -0.1568577436347869 -0.5916963470698547 0.5402190578590417
v -0.2028396810774747 -0.5930056470147662 0.5250406498037776
v -0.2466265050311365 -0.5957381047314239 0.5065778738847496
v -0.2878407863240802 -0.5998770963089669 0.4850670021057587
v -0.3261266675141302 -0.6053808259602121 0.4607473272840498
v -0.3611188784350681 -0.6121978737879522 0.4339225174471262
v -0.3925400030422695 -0.6202371974032048 0.4048726472263368
v -0.4201470103524423 -0.6293819961976974 0.3738481750624512
v -0.4437138174122677 -0.6395031650800126 0.3410939580294458
v -0.4630346348403184 -0.6504659757580336 0.3068529893357229
v -0.4779116531204901 -0.6621441874155574 0.2713841629984843
v -0.4729209436666706 -0.6217920996346721 0.2597758318619328
v -0.473391547999974 -0.5824703857401431 0.2486983395470456
v -0.4789944563585755 -0.5445685588018403 0.2381880956090587
v -0.4893873143532746 -0.5084584834113668 0.2282980721627539
v -0.5042067435436569 -0.4744867337253118 0.2190542445775478
v -0.5230892470024309 -0.4429737118786697 0.2104733102034195
v -0.5456742759540444 -0.4142165320425217 0.2025774813336179
v -0.5716097234013435 -0.388492155540291 0.1954054345643907
v -0.6005536075816622 -0.3660621569122199 0.1890191420663647
v -0.6321574516667486 -0.3471563599860635 0.1835129426959911
v -0.666087117749506 -0.3319786428783027 0.1790017346982592
v -0.7020253135207776 -0.320726393929833 0.1756154321531978
v -0.7396670393960511 -0.3135953577780395 0.1734901389834151
v -0.7787141640499979 -0.3107828275933274 0.1727577962843814
v -0.8188640948071616 -0.3124930572974073 0.1735299723449787
v -0.8168914874272962 -0.2888334941923834 0.2058189385183101
v -0.8149824345107248 -0.2615448038207756 0.2355220074092165
v -0.8132209096648475 -0.2309708577955732 0.2623932816991973
v -0.811691868436531 -0.1974939414577667 0.2862076891566814
v -0.810474316667653 -0.1615263376616264 0.3067593161056726
v -0.8096303888582 -0.123505770137609 0.3238556039040199
v -0.8091957641590771 -0.08389111912304419 0.3373128336999521
v -0.8091757088831466 -0.04319643014693745 0.3469510262605445
v -0.8095552506835294 -0.00195281190108023 0.3526465995447895
v -0.8102919443094756 0.03935200939440484 0.3543097415547174
v -0.8113173663989769 0.08024257204699635 0.3518697656401913
v -0.8125466503944366 0.1202571238252614 0.3452813405452475
v -0.8138895268963087 0.1589486923625583 0.3345320127441594
v -0.8152578501454237 0.1958914654956283 0.3196485693832257
v -0.7746855415465413 0.1937029585642914 0.3175392506096246
v -0.7352329983777374 0.1946138035947936 0.3191182780396046
v -0.6971830698048402 0.1985114465568724 0.3241768426227415
v -0.6608182538235261 0.2052998872256949 0.3324937708560564
v -0.6264310789280324 0.214886651758924 0.3438458830104245
v -0.5943290706331401 0.227174597683625 0.3580149541515713
v -0.5648388194332752 0.2420532208214144 0.3747925365824527
v -0.5383027022347476 0.259379817430568 0.3939744636212305
v -0.515059102124737 0.2789673848864579 0.4153673666242407
v -0.4954576283014926 0.3006035787569004 0.4387895328736613
v -0.4798570029798365 0.3240503304641802 0.4640624631628872
v -0.4686192997605564 0.3490468349854188 0.4909998247895658
v -0.462106583499374 0.3753146439999142 0.5193930995444024
v -0.4606598936821804 0.4025673415883549 0.5489975054441247
v -0.4646067772255559 0.4304959126461129 0.5795719516985813
v -0.4502252565126011 0.4021723918059777 0.6036332028716329
v -0.4314049183300703 0.3750197694816671 0.6270376823136842
v -0.4083373595295872 0.3492837796441958 0.6496338603082419
v -0.3812222613123777 0.3252096389268054 0.6712878756929944
v -0.3502797266452157 0.3030387933458599 0.6918603396522381
v -0.3157470204886165 0.2830050679944898 0.7111995343406829
v -0.2778948161331051 0.2653350574922071 0.7291136734824943
v -0.2370823553950343 0.2502339054256321 0.7453636585080997
v -0.1936616983728207 0.2378653739565164 0.7597612580500492
v -0.148007739252891 0.2283697269779576 0.7721062196526198
v -0.06987599251355427 0.2485053718314558 0.8377889837436296
v -0.06870492169450038 0.2164571673254012 0.7831431111733312
v -0.06819044397969497 0.1806508829913589 0.7342910916873313
v -0.06822315603761604 0.1414640357872964 0.6907959683182014
v -0.06866547944009205 0.09925998592317273 0.6522920681502027
v -0.06937639112400266 0.05438607532082164 0.6184748640675031
v -0.07022203047142667 0.007176842375660304 0.5890829721063953
v -0.071079446331598 -0.04204797700800539 0.5639144790648603
v -0.07185057480010171 -0.09298457373548023 0.5428374421505716
v -0.07247136597815991 -0.1453457406320707 0.5258012245316174
v -0.0729171317263312 -0.1988650870279867 0.5128398812105833
v -0.07321043571630871 -0.2532966247604209 0.5040671349807297
v -0.07341232232101111 -0.3084170955856146 0.4996798605888492
v -0.07361749923341543 -0.3640279144147067 0.4999530534634811
v -0.07394489247959425 -0.4199498806781666 0.5052293393880964
v -0.07452327122459292 -0.4760186643787458 0.5159088947378252
v -0.07548726700343861 -0.5320784948623883 0.5324342767587474
v -0.07696599976336381 -0.5879880367596698 0.5553065292796088
v -0.07905656190100792 -0.6436268678955099 0.5850919883797108
v -0.136047260173043 -0.643457396245132 0.5742580409858603
v -0.1909667148624282 -0.6445938808739075 0.5582711295715134
v -0.2431101484141152 -0.647078758988974 0.5374858488815965
v -0.291839877883066 -0.6509373057925052 0.5123053821604346
v -0.3365854101496131 -0.6561720267447479 0.4831590925073849
v -0.3768089006174252 -0.6627755686583628 0.4505643775856963
v -0.4121075369919075 -0.6706932477840274 0.4150110218846702
v -0.4421457062715455 -0.679838414745076 0.3769537843752381
v -0.4666324256505005 -0.6901060853752521 0.3368371716579054
v -0.4853182396351819 -0.7013815874726773 0.2951015326734244
v -0.497996541015124 -0.7135474373717827 0.2521906505337098
v -0.4861954049407377 -0.6685597796766793 0.2391673852997118
v -0.4814527179113382 -0.6243402976119685 0.2265239536922321
v -0.4833533464376444 -0.5814800903925713 0.214428092489212
v -0.4914532656515857 -0.5405197575368968 0.2029843509503021
v -0.5052840692629995 -0.5019605995360831 0.192278351855603
v -0.5243611209420864 -0.4662649800308027 0.1823782514273357
v -0.5481960341796169 -0.433858642278135 0.1733488021026173
v -0.5763042883718065 -0.4051350607238374 0.1652637193348332
v -0.6082081054744094 -0.3804626213909223 0.1582135147542691
v -0.6434187561161001 -0.3601782100897341 0.1523216919432581
v -0.6814744762407605 -0.3445812301036861 0.1477277521020197
v -0.7219289507106019 -0.3339591437161348 0.1445808552713557
v -0.7643449901335014 -0.3285924227071687 0.1430302127368567
v -0.808285190395268 -0.3287589302631764 0.1432110832365592
v -0.8533015324229517 -0.3347358862079392 0.1452284063008435
v -0.8525654447392751 -0.3115061136763964 0.1844714861478068
v -0.8518373887240441 -0.2833067352995893 0.220744721587136
v -0.8511462081719192 -0.2505680822308312 0.2536323641259878
v -0.850525809383647 -0.2137922134610952 0.2827463592962061
v -0.8500074600496875 -0.173547326856393 0.307727336511436
v -0.8496134016243567 -0.1304595250007042 0.3282459299032854
v -0.8493513538530308 -0.08520130030620297 0.344004820743674
v -0.8492133775843549 -0.03852191311299243 0.3547379767022652
v -0.8491868529802935 0.008803088669900495 0.3602645225695698
v -0.8492473029252405 0.05604393640006766 0.3604727812810629
v -0.8493575267434531 0.102491031614014 0.3553044252041022
v -0.8494737462054096 0.1474662782907111 0.3447595968226277
v -0.8495526072883413 0.1903313979115109 0.3289007715755977
v -0.8495594261638071 0.2304940645667163 0.3078552454578271
v -0.8040299429035377 0.2251589704444909 0.3023415455337652
v -0.7596207265076812 0.2238552127553686 0.3014852513573935
v -0.7167481272680233 0.2264030746547364 0.3050421907163734
v -0.675824614047532 0.232639245174925 0.3127439761555787
v -0.6372680988210554 0.2424061755117214 0.324310291571735
v -0.6015101912617097 0.2555408143994817 0.3394580461260908
v -0.5690016188125827 0.2718652578958725 0.3579067060614874
v -0.5402222280696487 0.2911624832830037 0.3793701334182606
v -0.5156446088283247 0.3131711764856897 0.4035737526455611
v -0.4957495059705156 0.3375999683388832 0.4302441402055228
v -0.4810224519715689 0.3641254227007988 0.4590983641759522
v -0.4719457681284619 0.3923946249701912 0.4898310249558664
v -0.4689857792415567 0.422030318325948 0.5221010598822751
v -0.4725843481718614 0.4526314492706857 0.5555299832615288
v -0.4831537812716342 0.4837851611475924 0.5896584668273087
v -0.4710024857422347 0.4512904408556921 0.6197683857157672
v -0.4528686837334982 0.4200717667851715 0.6493724288471464
v -0.4289513664811156 0.3904637140026595 0.6781627626702493
v -0.3994913748191761 0.3627965436731598 0.7058308628780537
v -0.3647701647453471 0.3373942117664553 0.7320569457749158
v -0.3251131363961353 0.3145700117035226 0.7564995050322905
v -0.2809107646075153 0.2946271916920094 0.7787666748131774
v -0.232689037510582 0.2778431417685614 0.7984071047103201
v -0.1810098639947283 0.2644413421268104 0.8150373431592499
v -0.1265048639568676 0.2546119976645446 0.8282803824858822
v -0.03667142532150411 0.2725974230989226 0.8980068369548022
v -0.0355184611055234 0.2414144910218591 0.8315046880358039
v -0.03488873903358701 0.2052699214609593 0.7725488179526375
v -0.03470126694132293 0.164665152421469 0.7204762952220028
v -0.03486766238336229 0.1200912667898975 0.674741502438552
v -0.03528896167360272 0.07202253698186033 0.6348981003185836
v -0.03586914433654662 0.0209154913105165 0.6005819769849756
v -0.03652100282140655 -0.03279138790886563 0.5715101067295459
v -0.0371736893753199 -0.08867962154487823 0.5474938563009228
v -0.03778013353626772 -0.1463522328908769 0.5284496225930211
v -0.03832103850677407 -0.2054423476168155 0.5144034040744003
v -0.03881225361273095 -0.2656217694728579 0.5055286468730402
v -0.03929653027303697 -0.3265886309356852 0.5021077894660597
v -0.03983990280039156 -0.3880723737179907 0.5045239637711879
v -0.04052381937495267 -0.4498293248006826 0.5132502206212033
v -0.04143707181600199 -0.5116373919930679 0.528836275378984
v -0.04266913699874503 -0.573296520264525 0.5519082421821907
v -0.04429497509582166 -0.6346375145607167 0.5831810755880025
v -0.0463759804825762 -0.6955362581674802 0.6234684893276365
v -0.1144492148782282 -0.6953696559673257 0.6145025423377897
v -0.1802484488689816 -0.6962561024488826 0.5980665984834781
v -0.242567208717071 -0.6983036292369883 0.5747000071387075
v -0.3003406102722213 -0.7016315133793565 0.5450918090431998
v -0.3526692767251369 -0.7063478530956625 0.5100237531241582
v -0.3988247361983532 -0.7125262056470528 0.4703282794053292
v -0.4382372071451024 -0.7201973422063717 0.4268251031597723
v -0.4704660456393442 -0.7293477846273499 0.3803016068442326
v -0.4951761411345774 -0.7399236753298564 0.3315077259445151
v -0.5121215171717387 -0.751838288200849 0.2811521689325868
v -0.5211265908227319 -0.7649821907206978 0.2299081437062723
v -0.5008533222295001 -0.7153649919614173 0.2161460295470871
v -0.4895007903987651 -0.6660249288987963 0.2024732873219902
v -0.4866037400713274 -0.6178167933987021 0.1891504030438384
v -0.4916164124937569 -0.5715277267357088 0.1763846367918285
v -0.5039423835198195 -0.527877422467541 0.1643421057083786
v -0.5229498920441435 -0.4875244827548982 0.1531670466335627
v -0.5479868059074681 -0.451070093497926 0.1429910771749787
v -0.5783936398322144 -0.419061562573516 0.1339428983511648
v -0.6135083896395883 -0.3919981244307438 0.1261538456175709
v -0.6526638205029173 -0.3703556965367354 0.1197813422199939
v -0.6952349008691822 -0.3545655132548377 0.1149895884781661
v -0.7406028010672192 -0.3450326492870374 0.111943031591626
v -0.7881504451639965 -0.342142125135149 0.1107988282991353
v -0.8372521464877692 -0.3462617733905764 0.1116948509273048
v -0.8872592485773407 -0.3577381745881601 0.1147377540307825
v -0.8877500920022354 -0.3359891178545514 0.1618446461693057
v -0.8883013477560167 -0.3075802903007631 0.205697116650104
v -0.8888599998856347 -0.2730144021243575 0.2456445597681735
v -0.8893665838308996 -0.2329153722586595 0.2810585377978689
v -0.889756641349419 -0.1880355139287569 0.3113426286652108
v -0.8899670072799696 -0.1392535607498784 0.335949783613658
v -0.8899457043325444 -0.0875564438423892 0.3544067238422384
v -0.8896629037125864 -0.03401239389843726 0.3663405404496912
v -0.8891108623610169 0.02027717762600482 0.371482295166192
v -0.8883067702920887 0.07422102617007539 0.3696930699363034
v -0.8872844400978265 0.1267755628144239 0.3609585121603763
v -0.8860861821911128 0.1769745728377749 0.3453798226311511
v -0.8847573661340211 0.2239419604956676 0.323161112494778
v -0.8833455452162714 0.2668930844950518 0.2945975038829624
v -0.8327339938629519 0.2572307498218621 0.2852177591589062
v -0.7831107035196126 0.2527692100651428 0.2815813566304542
v -0.7350739809369503 0.2532656950540944 0.2834036694656993
v -0.6892109094931541 0.258479272196721 0.2903651104111808
v -0.6461096933867309 0.268166897090405 0.3021223824190322
v -0.606368037078542 0.2820738763202632 0.3183165212922779
v -0.5705959115165071 0.2999241753967508 0.338575744974989
v -0.5394489548656967 0.3214021791368597 0.362511244481488
v -0.5135821418115468 0.3461588948722599 0.3897442792317285
v -0.4936498434381156 0.3738034795394714 0.4198733963447841
v -0.4803003941692545 0.4039009836395805 0.4524663529314955
v -0.4741625463122345 0.4359741241522114 0.487049868135748
v -0.4758300811793465 0.4695046563784166 0.5230996535764296
v -0.4858460468079959 0.5039371068576001 0.5600207251759257
v -0.5046727098332344 0.5386838973194973 0.5971375572350262
v -0.4962143503903607 0.5011611507246841 0.6337622748495562
v -0.4798691893752938 0.4650360953565226 0.6703174795878021
v -0.4558059293142243 0.4307565976243001 0.7063077669034071
v -0.4242598898952863 0.3987680483613816 0.7411921823682258
v -0.385551412986135 0.3695078138836949 0.7743715248981694
v -0.340102707183964 0.3433970406106359 0.8051848955588597
v -0.2884615841370355 0.3208347947151358 0.8329099977567184
v -0.2313338469025316 0.3021902071989251 0.8567760641142395
v -0.169599806488946 0.2877762571623099 0.8760237573981706
v -0.1043115019178382 0.2778489538283942 0.8899566522663536
v -0.07569558732833417 -0.1735047421976959 -0.9823763277313
v -0.1528034821123194 -0.1592858095874045 -0.9741660294775881
v -0.2255141627615553 -0.1365974050444378 -0.9615302764376225
v -0.2921347526612638 -0.1062987512379793 -0.9454498334424698
v -0.3513520009326997 -0.06948517725336255 -0.9270920334235011
v -0.4024723126054016 -0.02701632749737003 -0.9071687643065679
v -0.4447338599735011 0.02010059106801453 -0.8866026139180585
v -0.4776933811066963 0.07087523529748378 -0.866172396461625
v -0.5011231465848631 0.1244032371836665 -0.8464588001233757
v -0.5149168196685922 0.1798622918880528 -0.8278857978035271
v -0.8986118800289619 0.07406593147352668 -0.4416139080956663
v -0.9013505980302784 0.01489166922844164 -0.4441899594156675
v -0.9044500784360631 -0.04481527758154995 -0.4371678708541069
v -0.9076532365069362 -0.1038266085109729 -0.4206390215162972
v -0.9106853522803504 -0.1607900905455881 -0.3949194046270511
v -0.9133013522819514 -0.2142655012747884 -0.3606131872736926
v -0.9153466719326047 -0.2627941477119108 -0.3186797673867625
v -0.9168057872594394 -0.3051631354650253 -0.2702778683410352
v -0.9177292172152599 -0.3402383221078638 -0.2165853695019148
v -0.9182777759162375 -0.3670133693923219 -0.1590656940682251
v -0.9186765595877495 -0.3848196594564254 -0.09916965480589028
v -0.9191463889791457 -0.3932563514270788 -0.03826723543327946
v -0.9198582056258259 -0.3921332365115942 0.02238383314214577
v -0.5399581061944474 -0.8347446268283335 0.1394420395002326
v -0.520920728172839 -0.854247991064543 0.07685787534905415
v -0.4901724238251429 -0.8748407085174473 0.01717947436075707
v -0.4479878588194489 -0.8959368676226123 -0.0384236582828419
v -0.3948777028588245 -0.9167376712593656 -0.08868236012482905
v -0.3317737546231321 -0.9361832541483291 -0.1322339506213351
v -0.2596608105188974 -0.9534304958041473 -0.1679861565175898
v -0.1800104047845547 -0.9672682520401168 -0.1945896042739632
v -0.09493797141043241 -0.9765189605108167 -0.2108945932095798
v -0.4207996075892291 -0.2970862017618016 -0.3270978278248103
v -0.3843333767424148 -0.3368229144818923 -0.3079755922599259
v -0.3856253556921984 -0.3334153859881915 -0.3105694509340333
v -0.386795590731345 -0.3300327317026406 -0.3132125121766945
v -0.3878340954052863 -0.3266779166256469 -0.315905873705605
v -0.3887317827720238 -0.3233540879484961 -0.3186503394796773
v -0.3894803007280083 -0.3200641926721834 -0.3214463529691375
v -0.3900740640764905 -0.3168081734977631 -0.3242947362952343
v -0.390509335115477 -0.3135861208073444 -0.3271957600298077
v -0.3907823729926981 -0.3104024945457975 -0.3301474584437871
v -0.3908907656502074 -0.3072614150093916 -0.3331474142721743
v -0.3908332352343701 -0.3041665127654667 -0.3361928528430774
v -0.3906097588161325 -0.3011218134547906 -0.339279968956002
v -0.390221592448604 -0.298130062530038 -0.3424053417257349
v -0.3896711263312135 -0.2951938185268836 -0.3455649405700494
v -0.3889620568166289 -0.2923149410442328 -0.3487547280525009
v -0.388098336394154 -0.2894925027855136 -0.3519743896273845
v -0.3870857148471508 -0.2867247993226318 -0.3552242966760834
v -0.3859326060325988 -0.284011099593903 -0.3585017303228912
v -0.3846480792078701 -0.2813506189443966 -0.3618033816785488
v -0.383242247891687 -0.2787419952535002 -0.3651266147261948
v -0.3867319584660467 -0.2772440993994642 -0.3647024908054181
v -0.3901389815234282 -0.2756070452681231 -0.3644568220635401
v -0.3934549006841278 -0.2738309155469392 -0.3643944946671711
v -0.3966716215212089 -0.2719172491027473 -0.3645187170460821
v -0.3997815867015316 -0.2698689798352785 -0.3648310880613594
v -0.4027778555508144 -0.2676909657030875 -0.3653301683607754
v -0.4056582875034759 -0.2653894180798819 -0.366008078140341
v -0.4084188924357285 -0.2629709903267997 -0.3668598323872558
v -0.411056617951871 -0.2604433228144288 -0.3678789530267014
v -0.4135695174105609 -0.2578145429640382 -0.3690579686498218
v -0.4159572439527495 -0.2550933422158326 -0.3703874779912336
v -0.4183217819379514 -0.2568352397069337 -0.3674351147149691
v -0.4208038661626098 -0.2584470231292253 -0.3645507878478385
v -0.4234054105382684 -0.2599194635648344 -0.3617409689827403
v -0.4261281022205341 -0.2612437566735432 -0.3590119564780205
v -0.4289716851878805 -0.2624121802724852 -0.3563706492433024
v -0.431933135605004 -0.2634184420547042 -0.353825930649048
v -0.4350076789092309 -0.2642576283357779 -0.3513882899515389
v -0.4381919265783774 -0.2649257313121638 -0.3490636596639656
v -0.4414812805912082 -0.2654203290714479 -0.346856878742349
v -0.4448706757269808 -0.2657403290743321 -0.3447714148145604
v -0.4483530377629164 -0.2658874326634712 -0.342809125715107
v -0.4519181563303262 -0.2658682828668273 -0.3409688458033129
v -0.4555583715299174 -0.2656872818791517 -0.3392512191237768
v -0.4592656027821087 -0.2653504065921951 -0.3376559972305992
v -0.4630312499693839 -0.2648652286753478 -0.3361820179855251
v -0.4618095601049704 -0.2680381424740271 -0.3337604484701389
v -0.4607639904421929 -0.2711857611935424 -0.3312639455412489
v -0.459904154525961 -0.2743028533395396 -0.3286943252318238
v -0.4592381292249595 -0.27738458288306 -0.3260534433765835
v -0.4587727955599552 -0.2804251683555543 -0.3233442747014248
v -0.4585169004332492 -0.2834133523221812 -0.3205698846124546
v -0.4584739235547891 -0.2863434682113578 -0.3177332981166555
v -0.4586449230766175 -0.2892105273805846 -0.3148386807500492
v -0.4590288102746002 -0.2920103111603861 -0.3118908840142536
v -0.4596222028506993 -0.2947397446115659 -0.3088952318836074
v -0.4604165910646022 -0.2973945775582303 -0.3058630523784228
v -0.4614051252091249 -0.2999719288425903 -0.3027997441131496
v -0.4625797119945692 -0.3024702393583314 -0.2997096994466941
v -0.4639306941754558 -0.3048877968263589 -0.2965978554979484
v -0.4601244968274022 -0.3065080251200719 -0.2969918030030975
v -0.4563838547903297 -0.3082505466787098 -0.2972390341450227
v -0.4527178206539629 -0.310116584942406 -0.2973318255750935
v -0.4491349705300777 -0.312106284117395 -0.2972640505776983
v -0.4456431424570794 -0.3142188033359393 -0.2970314074619089
v -0.4422527036219302 -0.3164565601163011 -0.2966272162597121
v -0.4389705379681062 -0.3188171947656267 -0.2960503648596519
v -0.4358016117594295 -0.3212968212461785 -0.2953022382354822
v -0.4327503971159858 -0.3238902532372774 -0.29438546174158
v -0.4298200571084486 -0.3265911771879446 -0.2933042272359078
v -0.4270149643633304 -0.3293894677597634 -0.2920630379317213
v -0.424337993127961 -0.3322759348598027 -0.2906678971517991
v -0.4217888776641554 -0.3352435147646387 -0.2891267412915967
v -0.4193653328771585 -0.3382856712781935 -0.2874486834594201
v -0.4170648809391667 -0.341395835170665 -0.2856431795707365
v -0.4143813603990932 -0.3400032323634498 -0.2884924155103308
v -0.4115565128614985 -0.3387964842184746 -0.2912284026820321
v -0.4085915101827564 -0.3377873659004263 -0.2938403711973577
v -0.4054894954948872 -0.3369856031150503 -0.2963182334680269
v -0.4022555150919232 -0.336398568188829 -0.2986529335480149
v -0.3988941771926806 -0.3360333875932149 -0.3008370976555624
v -0.3954114932667267 -0.3358957716841958 -0.3028645986020274
v -0.391816873489007 -0.3359845019319393 -0.3047312783787279
v -0.388120584708769 -0.3362957423008092 -0.3064349761805761
v -0.348404055176781 -0.3777690452370323 -0.2886709824962708
v -0.3508064952745842 -0.370766219769795 -0.2938469050973607
v -0.352985475149279 -0.3638394268334206 -0.2991314437433052
v -0.354916404411025 -0.3569902309186426 -0.3045233671851788
v -0.3565823557639675 -0.3502037622822767 -0.3100269731192289
v -0.3579765033153651 -0.3434813564778593 -0.3156465755959532
v -0.3590904748853216 -0.3368406092885809 -0.3213794463585058
v -0.3599108980139397 -0.3302903221189453 -0.3272215514567089
v -0.3604261272744503 -0.3238346283018288 -0.3331696480508788
v -0.3606284882510151 -0.3174774800146669 -0.3392190661345755
v -0.360515085882382 -0.3112213991353674 -0.3453665569787348
v -0.3600859688988005 -0.3050733210402894 -0.3516053848995644
v -0.3593442325198 -0.2990359696767654 -0.3579322007369129
v -0.3582976682819681 -0.2931131030227421 -0.3643435537794524
v -0.3569579402942282 -0.2873078516487989 -0.3708346057125679
v -0.3553385894344946 -0.281623943043663 -0.3773976518530279
v -0.3534478924721584 -0.276065502759696 -0.3840159690769899
v -0.3512924713690792 -0.2706262540940949 -0.3906880924865867
v -0.3488905194702349 -0.265297839367449 -0.3974309022315317
v -0.3462667678201994 -0.2600814235406507 -0.4042417625269534
v -0.353323251335886 -0.2571300120690709 -0.403286159776278
v -0.3602096007114913 -0.253891326616008 -0.4026847559806991
v -0.3669132427129695 -0.250368592644421 -0.4024501967054454
v -0.3734158657925845 -0.2465665352973071 -0.4025834292427312
v -0.3796973229498639 -0.2424927878864141 -0.4030744567895086
v -0.3857453387714871 -0.2381570960755112 -0.4039182961938628
v -0.3915502099439741 -0.2335721647576611 -0.40510309241298
v -0.3971010939588097 -0.2287501568267595 -0.4066224615741655
v -0.4024058629689939 -0.2237084026577081 -0.4084600198138886
v -0.4074638695327976 -0.2184628125821784 -0.4105966997127829
v -0.4122701114810827 -0.2130296069190873 -0.4130066678503544
v -0.4167954368436322 -0.2164926224639186 -0.4070411879241577
v -0.4215793952927048 -0.2197098654976856 -0.4012138801155493
v -0.4266208208540955 -0.2226601624114143 -0.3955321098513138
v -0.4319127575341032 -0.225324258201718 -0.3900216634300234
v -0.4374521196947034 -0.2276867228494066 -0.3847158894826692
v -0.4432418105338429 -0.2297337586845182 -0.3796250132615954
v -0.4492754796248686 -0.2314545096462255 -0.3747602240854204
v -0.4555433767877873 -0.2328412729028266 -0.370131400007957
v -0.462028942919031 -0.2338916729159885 -0.3657512777273281
v -0.4687187902320675 -0.2346062172670602 -0.3616276514129715
v -0.4755935950326092 -0.2349912085563599 -0.3577684718489295
v -0.4826415845800394 -0.2350518984629563 -0.3541777531084523
v -0.4898450145290054 -0.2347973827847813 -0.3508523874748
v -0.4971782380084139 -0.234247112301313 -0.3477796418225139
v -0.5046238555608664 -0.2334200778082219 -0.344964478264524
v -0.5022577812199576 -0.2397484589714222 -0.3403044184277681
v -0.5002236369502056 -0.2460255773994757 -0.3354746916615497
v -0.4985442164625946 -0.2522426228324107 -0.3304871977644984
v -0.4972485699423987 -0.2583717349611428 -0.3253380297149739
v -0.4963509445961676 -0.2643994476218633 -0.3200284705731753
v -0.4958604229070135 -0.2703164855439101 -0.3145654585590191
v -0.4957846539664525 -0.2761095123675725 -0.3089610131800547
v -0.4961266177162119 -0.2817642234235815 -0.3032270497973372
v -0.496883726152487 -0.2872682677830702 -0.2973768650601117
v -0.4980484832561363 -0.2926088133045289 -0.2914235217705085
v -0.4996115307925592 -0.2977792415540745 -0.2853756973463218
v -0.5015587175689672 -0.3027776526473099 -0.2792465719626723
v -0.5038622919172452 -0.307605405514541 -0.2730638046746571
v -0.5064998982981699 -0.3122512370175168 -0.2668346746702082
v -0.4989673524668905 -0.3153826119658227 -0.2674640279479947
v -0.4915625903447732 -0.3187718068974569 -0.2678205655164612
v -0.4843032698291633 -0.3224141750352464 -0.2678847764424546
v -0.477215896451216 -0.3263262467399056 -0.2676380821658645
v -0.4703173085338824 -0.3305100408828054 -0.2670726977606078
v -0.463620287882528 -0.3349605801060059 -0.2661830269345881
v -0.4571442249112413 -0.3396706148735974 -0.2649626980050453
v -0.45090216380343 -0.3446322269688438 -0.2634115143328362
v -0.4449105483838119 -0.3498331836568588 -0.2615317583783843
v -0.4391785891846037 -0.3552635094959096 -0.2593316279033652
v -0.4337121196447217 -0.3609115788623894 -0.2568225557941799
v -0.4285072222476788 -0.3667657205017994 -0.2540191602023988
v -0.4235661149884139 -0.3727940493223781 -0.2509352325525769
v -0.4188949964716625 -0.3789699000806187 -0.2475886175727931
v -0.4144936928588061 -0.3852860821763195 -0.2440015189577504
v -0.4090848214915679 -0.3827534444599526 -0.2497184501234342
v -0.4033921972709248 -0.3805645052717158 -0.2552037779512505
v -0.3974231715943549 -0.3787497064463853 -0.2604379579857075
v -0.3911747458306408 -0.3773318984889132 -0.2654009916031438
v -0.3846476642937796 -0.3763241841786906 -0.2700742443917123
v -0.3778556498662498 -0.3757389243638351 -0.2744426854989865
v -0.370813052657708 -0.3755848818408589 -0.2784937241819491
v -0.3635415065725295 -0.3758732187288129 -0.2822184748004594
v -0.356066187919762 -0.3766058652541413 -0.2856121574070759
v -0.313454534189473 -0.4203217281515949 -0.2697194724256943
v -0.3166765440848141 -0.4094267362473111 -0.2773051663437946
v -0.3196049990493314 -0.3986935790327957 -0.285085051279698
v -0.3221983332755898 -0.3880803790143175 -0.2930581481490437
v -0.3244595009325389 -0.3775965243241812 -0.301246954047879
v -0.3263713215069846 -0.3672757801896741 -0.3096461215477489
v -0.327899066937514 -0.3571136963829871 -0.3182438761243723
v -0.3290213432149426 -0.3471085145645951 -0.327033977489592
v -0.3297230369515997 -0.3372690143369963 -0.3360065058082283
v -0.3299921910803179 -0.3275987735365589 -0.3451537163389793
v -0.3298243083133085 -0.3181028274616226 -0.3544703430228462
v -0.3292194943007986 -0.3087918700908445 -0.3639459621732758
v -0.3281825272836957 -0.2996702279476001 -0.3735741068585615
v -0.3267257233487563 -0.2907441684619044 -0.3833506534517006
v -0.324864571946769 -0.2820225241109564 -0.3932687201703945
v -0.3226204365477449 -0.2735099947352826 -0.403328205679731
v -0.3200282179637898 -0.2652161292047495 -0.4135335188227208
v -0.3171057583913993 -0.2571492579961591 -0.4238548109696683
v -0.3138486364582235 -0.249283567418471 -0.4342817409952678
v -0.3103025785371791 -0.2416137276425384 -0.4448606852423502
v -0.3210198483243438 -0.2372811024929639 -0.4432855930684811
v -0.3314772633077048 -0.2325023268110519 -0.4422315877112431
v -0.3416522244185701 -0.2272864441758505 -0.4417070795775299
v -0.3515035028379334 -0.2216345420208268 -0.4416963760080423
v -0.3610089766835217 -0.2155608199064423 -0.4421915173645559
v -0.3701487583331871 -0.2090804872896109 -0.4431854966408204
v -0.3789081731067176 -0.2022139736054039 -0.4446571135222006
v -0.3872732172131384 -0.1949814118818267 -0.4465825636596911
v -0.3952295645240427 -0.1874029284237837 -0.4489411313255492
v -0.4028092736993334 -0.179516401715816 -0.451703542942926
v -0.4100013626625814 -0.1713419150534134 -0.4548273277471069
v -0.4163579358039318 -0.1763708670329492 -0.4457161886869643
v -0.423149437132106 -0.1810676600101016 -0.4368134286453513
v -0.4303515075012306 -0.1853915196485315 -0.4281590130098976
v -0.437976109106123 -0.1893180380516528 -0.4198258537635806
v -0.4460301199413734 -0.1928243446977175 -0.4118202917151679
v -0.4544936635031886 -0.1958866521735538 -0.4041619532086054
v -0.4633521306722536 -0.1984867602614926 -0.3968685666847913
v -0.4725823341906932 -0.2006123728319061 -0.3899607139117757
v -0.4821573691123361 -0.2022594626409977 -0.3834593365955446
v -0.4920578155209367 -0.2034288926584921 -0.3773755267095827
v -0.5022512534352145 -0.2041302208624349 -0.3717224589243409
v -0.5127096587864052 -0.2043796655653991 -0.3665110325953951
v -0.5234129501947532 -0.2041946488720181 -0.3617488289161051
v -0.5343271320238209 -0.2035923135763055 -0.3574174404663054
v -0.5454076268859965 -0.202606610904139 -0.3535048804743432
v -0.5420682659084642 -0.2121659314087034 -0.3468696448166562
v -0.5391859351940619 -0.2216351472065568 -0.3399467149594544
v -0.536813285024092 -0.2309795518096645 -0.3327324482850494
v -0.5349799842173235 -0.2401697398234021 -0.3252148182649556
v -0.5337092572917904 -0.2491886219573691 -0.3174115441733706
v -0.5330211160773728 -0.2580177702861304 -0.3093417891982423
v -0.53292971644371 -0.2666323530435636 -0.3010262431016537
v -0.533439086652392 -0.275009140470709 -0.2924838887445668
v -0.5345456675276566 -0.2831285536820773 -0.2837363216951302
v -0.536236471437931 -0.2909685844471871 -0.2748069791865833
v -0.5384910402902494 -0.298509203377183 -0.2657141429408534
v -0.5412864144338263 -0.3057331816815717 -0.256472867088204
v -0.5445937028718547 -0.3126496293324498 -0.2471121082534676
v -0.5483616027793199 -0.3192596753536346 -0.2376672799988468
v -0.5371386462281121 -0.323681075357483 -0.2383299229793045
v -0.5261052023115521 -0.3285192585314585 -0.2386171627519071
v -0.5153083200671105 -0.3337936368454439 -0.2384965145536771
v -0.5047805204893463 -0.3395214822621089 -0.2379528115112735
v -0.4945423227524963 -0.3456944924671898 -0.2369680081740581
v -0.4846226431625298 -0.3523025164920321 -0.2355255102214382
v -0.4750536997673643 -0.3593337594373804 -0.2336159395666947
v -0.4658545160405815 -0.3667768116625525 -0.2312387531067259
v -0.4570519736501447 -0.3746114155515724 -0.2283978920100469
v -0.4486685113178437 -0.3828177194435962 -0.2251059444732139
v -0.4407181015827765 -0.3913776221514215 -0.2213816391303904
v -0.433220043458837 -0.4002724263572759 -0.2172496005924135
v -0.4261661131007338 -0.4094935835418963 -0.2127345617266552
v -0.4195433018206196 -0.4189711909906575 -0.2078570912379061
v -0.4133724225275124 -0.4286625594223666 -0.2026556041134298
v -0.4052635979986642 -0.4253648298955129 -0.2112993688854926
v -0.396722043927048 -0.4225261133401978 -0.2195880952944314
v -0.3877463168046961 -0.4202014067762472 -0.2274907038553971
v -0.378315677762758 -0.4184182757093685 -0.234966981794571
v -0.3684513541270327 -0.4172022910830817 -0.2419940623874463
v -0.3581710181071848 -0.4165843342824929 -0.2485476150380161
v -0.3474976893005832 -0.4165765803286354 -0.2546078188212312
v -0.336459094030473 -0.4171890835385739 -0.2601588463660645
v -0.325099766047909 -0.4184400678613097 -0.2651976120469693
v -0.2798318674974991 -0.4648391611684022 -0.251668536074609
v -0.2834937116086674 -0.4496492885672188 -0.2613270246568598
v -0.286829855013509 -0.4347375356803971 -0.2713123681502161
v -0.2898166208531492 -0.420031975650965 -0.2816531205521991
v -0.292461475107732 -0.4056137496347166 -0.2923727308513298
v -0.2946995946742064 -0.3914627422252919 -0.3034360601901062
v -0.2964926717911533 -0.377567342410224 -0.3148286546153357
v -0.2978138780031215 -0.3639406689923432 -0.3265342200997516
v -0.2986343358487007 -0.3505818819761748 -0.3385331735947386
v -0.2989368292879835 -0.3374900967879149 -0.3508138308943631
v -0.29871553184818 -0.3246765856646976 -0.36336589988907
v -0.2979706201742694 -0.3121554674348093 -0.376175209875206
v -0.2967083475163941 -0.2999355592965748 -0.3892292952001897
v -0.294946286557241 -0.2880254380428062 -0.4025267200248341
v -0.2927139367343565 -0.2764413722587135 -0.4160694637515299
v -0.290038429155379 -0.2652001019847501 -0.4298449939023638
v -0.286958048084436 -0.2543110767801058 -0.4438647034531977
v -0.2835369534225206 -0.2438052134042181 -0.4581472928291696
v -0.2797686976327362 -0.2336668982328919 -0.4726171837089347
v -0.2756824687813998 -0.223854137166124 -0.4873547727921398
v -0.2901951756196414 -0.2182309103406639 -0.4850928317308542
v -0.3043544436962111 -0.2119934473259854 -0.4835005939063393
v -0.318095225368065 -0.2051327290873069 -0.4825477688362534
v -0.3313784596487522 -0.1976602269274539 -0.4822291711702444
v -0.3441710489769115 -0.1895969339919775 -0.4825275710417993
v -0.3564441210499952 -0.1809654061593939 -0.4834320662681332
v -0.3681756744288691 -0.1717948052283338 -0.4849120590127777
v -0.379346964282968 -0.1621155859236302 -0.4869242450415949
v -0.3899366937406716 -0.1519548763755335 -0.4894281572991838
v -0.3999450099907246 -0.1413488017453713 -0.4923960731919603
v -0.4094311791895318 -0.1303590373070621 -0.4957551108656706
v -0.4171471713612216 -0.1367025776141883 -0.4832937700544649
v -0.4255171672316558 -0.1426612836169706 -0.4711214717727821
v -0.4345268811915204 -0.1481824790367693 -0.4593881513430941
v -0.4442085908871238 -0.1532411526104272 -0.44812127676978
v -0.4545275899267223 -0.1577929008585757 -0.4373391635113481
v -0.4654560929360849 -0.1618029543760151 -0.4270737291314666
v -0.4769671238220996 -0.1652444629761351 -0.4173466717607542
v -0.4890167897182768 -0.1680993479449423 -0.408191305289003
v -0.5015669828895756 -0.1703612115236085 -0.3996374409073414
v -0.5145867196436921 -0.1720329434894572 -0.3917023595719379
v -0.5280301473606278 -0.1731263625570139 -0.3844056351941857
v -0.5418498892509883 -0.1736649561052467 -0.3777682697452379
v -0.5560141790169804 -0.1736789947109783 -0.3718071320056295
v -0.5705024239134666 -0.1731980073304848 -0.3665339976274647
v -0.5852131172506951 -0.1722476727451888 -0.3618814198330528
v -0.5811588314335244 -0.185193978276832 -0.353614307148463
v -0.5776432208999908 -0.1979945239195925 -0.3449019977601003
v -0.5747489150744967 -0.2105710841677969 -0.3356733723496542
v -0.5725061727998333 -0.2229046360206426 -0.3259553090679376
v -0.5709544023488956 -0.2349701793944724 -0.31578013314718
v -0.5701272376479082 -0.2467370479371042 -0.3051808526066674
v -0.5700457864467456 -0.258166605441767 -0.2941897117219385
v -0.5707150214661995 -0.269223587973273 -0.2828364981633419
v -0.5721302750309026 -0.2798766986171741 -0.2711547797417404
v -0.5742725554731457 -0.2900920455182562 -0.2591807543460116
v -0.5771091412289006 -0.2998349752237471 -0.2469438260176549
v -0.580600502058389 -0.3090729626569441 -0.2344670012408271
v -0.5847139036685607 -0.3177797777219429 -0.2217678769936112
v -0.5893742936048898 -0.3260151467619962 -0.2089251226287186
v -0.5744473389018812 -0.3313880103744229 -0.2094061432331325
v -0.5597814505286443 -0.3373819799992924 -0.2094314565486738
v -0.5454721532666427 -0.3440711893151341 -0.2089830855037518
v -0.5315418290545405 -0.3514416329135338 -0.2080295126532555
v -0.518023094376991 -0.3594765447221736 -0.2065398399700417
v -0.5049639425076903 -0.3681569332571337 -0.2044901024268839
v -0.4924097352338546 -0.37746496755327 -0.2018688381538297
v -0.4803910200915735 -0.3873834733824602 -0.1986733826080876
v -0.468945996378298 -0.397883248887304 -0.194910213217764
v -0.4581181190719507 -0.4089330377578341 -0.1905977336892344
v -0.447933706417639 -0.4205115160032157 -0.1857640177590031
v -0.4384201499720434 -0.4325867586164769 -0.1804445009787099
v -0.4296125631845729 -0.4451420296871564 -0.1746861992356883
v -0.4214739372318679 -0.4581518553278954 -0.1685138815321711
v -0.4140153001919857 -0.4714624167906736 -0.1619701429847786
v -0.4032926526711537 -0.4678781805965281 -0.1736509244476564
v -0.3919864495377136 -0.4648218812561253 -0.1848539005759758
v -0.3800087999307318 -0.4623537743544455 -0.1954963652835311
v -0.3673861210022774 -0.460512863928748 -0.2055445603592772
v -0.3541449123482521 -0.4593527546815055 -0.2149652396776591
v -0.3403096922603877 -0.4589220877797174 -0.2237228281552658
v -0.3259148411912557 -0.4592388388422916 -0.2317885452539491
v -0.3110014146854171 -0.4603202722060021 -0.2391398579577961
v -0.295610560013902 -0.4621707904051687 -0.2457576767639943
v -0.2477241641291618 -0.5115815641085621 -0.2350699850625469
v -0.2513995630323343 -0.4916211467714403 -0.2463034832350644
v -0.2547611539182629 -0.4720735987957036 -0.2580691018705754
v -0.2578599082208468 -0.4529476608214884 -0.2704729817102898
v -0.2606202505348652 -0.4342688386833673 -0.2834647555199284
v -0.2629729300462345 -0.4159923422573811 -0.2970071612894374
v -0.2648756403776643 -0.3981374288802194 -0.3110733608256866
v -0.266276398531251 -0.3806954460772782 -0.3256225447378004
v -0.2671365028432612 -0.3636536714131146 -0.3406268892550289
v -0.267434396770758 -0.3470210651170527 -0.356064648653376
v -0.2671607435230424 -0.3308115953027962 -0.3719190618375918
v -0.2663157218880717 -0.3150442477254161 -0.3881705235073086
v -0.2649092333581741 -0.2997330253515913 -0.4048028884126441
v -0.2629632479283707 -0.2848966692130246 -0.4218055717148996
v -0.2605169374875079 -0.2705565755461452 -0.4391892748216148
v -0.2576231890594087 -0.2567490763858888 -0.456965805734608
v -0.2543248425368347 -0.2435025430317489 -0.4751174519694691
v -0.2506907205391886 -0.2308436029131618 -0.4936873677054914
v -0.2467977304761516 -0.2188270018905447 -0.5126559268847791
v -0.2425907915528373 -0.2073290537665259 -0.5320111974209181
v -0.2611131378179486 -0.2005284669828214 -0.5290253549445909
v -0.2791538243492772 -0.1929101542639074 -0.5268105499561572
v -0.2966173489014127 -0.1844456925837333 -0.5253067461429795
v -0.3134593860567484 -0.175163570857369 -0.5245030994092957
v -0.3296345748040141 -0.1650923078005836 -0.5243799763903401
v -0.3451008977590909 -0.1542657669001467 -0.5249196065781635
v -0.3598243940608751 -0.1427224809874999 -0.5260847978745928
v -0.3737810454172453 -0.130506998513502 -0.5278078881331562
v -0.3869385501559425 -0.1176560418446101 -0.5300260994626359
v -0.3992524361595811 -0.1042016573125072 -0.532685638249327
v -0.4108488064635717 -0.09024394139586296 -0.5357234267450627
v -0.4193110428022288 -0.09760983513847274 -0.5196531522924479
v -0.4287071783325658 -0.1045661970010085 -0.5039931070736215
v -0.4390965909807548 -0.1110826556101476 -0.4889946819789077
v -0.4504563550367455 -0.1171041027240453 -0.4746364892778241
v -0.4627272982738561 -0.1225681866746535 -0.4609800001399768
v -0.4758764268398563 -0.1274306387690114 -0.448039535093296
v -0.489838557567395 -0.1316505066211551 -0.4358576700282193
v -0.5045518497402462 -0.1352029740329426 -0.4244829374616654
v -0.5199616210255242 -0.1380782650181489 -0.4139555011516168
v -0.5360201412301563 -0.140280835075373 -0.4043025834306325
v -0.5526665925464616 -0.1418250664835324 -0.395554202525381
v -0.5698329174062237 -0.1427393043159788 -0.3877419029666528
v -0.5874596777940362 -0.1430633653986119 -0.3809008161798616
v -0.6055255781174868 -0.142847176643933 -0.3750691474253722
v -0.6239252428808729 -0.1421069316257274 -0.3701702186596222
v -0.6194696362108318 -0.1586881890068482 -0.3607262185673147
v -0.6156027454783838 -0.1750187176565697 -0.3505591560539484
v -0.6123939691501981 -0.1910155341170052 -0.3395777855148018
v -0.6099016874888663 -0.2066492009345193 -0.3278492930360058
v -0.6081847691760766 -0.2218843607622238 -0.3154273631584482
v -0.6072946440120102 -0.2366699698394237 -0.3023621028032416
v -0.607255525920772 -0.2509546889795432 -0.2887001887838079
v -0.6080745509235865 -0.264683483243251 -0.2744891735130064
v -0.609745051159864 -0.2778061382502159 -0.2597818764716629
v -0.6122441441812605 -0.2902737977104471 -0.2446273688727252
v -0.6155242454893182 -0.3020340504387884 -0.2290735928436613
v -0.6195252023563103 -0.3130324164735711 -0.2131542447738212
v -0.6241877649931449 -0.3232026370926145 -0.1968949636903139
v -0.6294462965036801 -0.3326231344329222 -0.1803799136250298
v -0.6107374207402809 -0.3384692998819757 -0.1804790959974421
v -0.592413417709299 -0.3452551276128619 -0.1800814618282189
v -0.5745732522340483 -0.3530594863205629 -0.1791769284371622
v -0.5572414519908044 -0.3618414405806372 -0.1777128006892464
v -0.5404780061874749 -0.3715679370869073 -0.1756483353340813
v -0.5243497397732477 -0.3822105826232955 -0.1729552175352045
v -0.5089180556690891 -0.3937410436374449 -0.1696191398934832
v -0.4942303785681077 -0.4061327397073729 -0.1656359000704177
v -0.4803415721411999 -0.4193464534386462 -0.1610157495002337
v -0.4673132781930827 -0.4333359427572047 -0.155783909371157
v -0.4552109073298602 -0.4480615443652269 -0.1499827239387942
v -0.4440672037806797 -0.4635084258658674 -0.1436593940704687
v -0.4339409256930066 -0.4796169849433704 -0.1368766050524113
v -0.4248567111328251 -0.4964063843033056 -0.1296966968566452
v -0.4167543112743562 -0.5136345127199473 -0.1221358630125095
v -0.4036094217225006 -0.5103436068771874 -0.1370581176716206
v -0.3896268023616957 -0.507576201947226 -0.1513350971042466
v -0.3746968493207978 -0.5053871281169333 -0.1648595558918891
v -0.3588801238129439 -0.5038506019454944 -0.1775959301920139
v -0.3422084246141383 -0.5030538415618609 -0.1894956859864837
v -0.3247201657810277 -0.5030564764348615 -0.2005117691414129
v -0.3064655372042904 -0.5038861591030757 -0.2106019425920112
v -0.2875009989491372 -0.505563021060782 -0.2197329545345321
v -0.2678850675064525 -0.5081048424920869 -0.2278770551774735
v -0.2171597036654409 -0.5607424149307961 -0.2204826122117525
v -0.2204121743429636 -0.5354928793156363 -0.2326251872592263
v -0.2234407066119763 -0.5108355996246803 -0.2456320405388805
v -0.2263271961793806 -0.4868693820656747 -0.2596593298759821
v -0.2289354985352526 -0.4635384578796794 -0.2745839096582978
v -0.2312005031799395 -0.4408418431698659 -0.2903612284748575
v -0.2330433380740437 -0.418760681914369 -0.3069202883342435
v -0.2343981329955055 -0.3972697228482779 -0.324203872543701
v -0.235218596529258 -0.3763688342999066 -0.3421681959182662
v -0.2354733871294772 -0.356066381791558 -0.3607763141443446
v -0.2351486629026018 -0.3363821203403289 -0.3800004603334252
v -0.2342444998620355 -0.3173425357369859 -0.3998126799357807
v -0.2327753953960593 -0.2989711810025763 -0.4201900984036052
v -0.2307733488587337 -0.2812996888246021 -0.441122694079072
v -0.2282848961759005 -0.2643664903518457 -0.4626085182749206
v -0.2253769963682312 -0.2482194116015106 -0.4846738375977981
v -0.2221289990133747 -0.2329239137844167 -0.5073420325793287
v -0.218605757232408 -0.2185210188329754 -0.5306144190171286
v -0.2149433497448157 -0.2051257028223785 -0.5545513837231634
v -0.2110595883324311 -0.192577302488715 -0.5790607586519015
v -0.2339157136012431 -0.1847304194322789 -0.575356675765277
v -0.2561092944724658 -0.1758004818740862 -0.5724509255774241
v -0.2775392558726498 -0.1657606054820611 -0.5702669654190829
v -0.2981405699333947 -0.1546472858803105 -0.5687884084382676
v -0.3178506917120255 -0.1425025366778041 -0.5679922267189064
v -0.3366065452837359 -0.129377029706252 -0.5678547553329736
v -0.3543578149746064 -0.1153246375148843 -0.5683264810843627
v -0.3710617930458306 -0.1004013655425712 -0.5693351858619808
v -0.3866839444740895 -0.08466421489909473 -0.5707785083667266
v -0.4011513744855232 -0.06815553190669042 -0.5725774292136419
v -0.4145626432501212 -0.05097741564926184 -0.5746773701802919
v -0.4229765385840127 -0.05907202146851328 -0.5546795050380928
v -0.4327346033703855 -0.06677784177326582 -0.5353065709665191
v -0.4439568673303848 -0.07408333693538544 -0.5168012336574732
v -0.456533421518325 -0.08089193930518583 -0.4991890966840511
v -0.4704085216943135 -0.08713513879571257 -0.4824979084162657
v -0.4854886752407768 -0.09274538574701684 -0.4667778562263075
v -0.5016775231078815 -0.09766969499128446 -0.4521012012692506
v -0.5188944699181798 -0.1018755303036121 -0.4385228276746669
v -0.5370581410498718 -0.1053471918275275 -0.4261008391981039
v -0.556095949180568 -0.1080891054875649 -0.4148786453199203
v -0.575921140374212 -0.1101185081006827 -0.4049037511589077
v -0.5964543275986713 -0.1114673240034365 -0.396222775972068
v -0.6176009935713016 -0.1121791057971094 -0.38888809496043
v -0.6393023168145692 -0.112310464300483 -0.3829700965217968
v -0.6614821304154326 -0.1118927150300713 -0.3784281511564055
v -0.6569848611343078 -0.132418347097883 -0.3683621423468831
v -0.6530621186846985 -0.1525688021809208 -0.3571405327213111
v -0.6497782494014669 -0.1722536473657767 -0.3447163987773333
v -0.6472229040130508 -0.1914268128259957 -0.3311963266226589
v -0.6454842039068602 -0.2100280200984447 -0.3166547977273627
v -0.6446190114291301 -0.2279866274256789 -0.3011632992467998
v -0.6446603437839896 -0.2452263358031567 -0.2847941020861176
v -0.6456176311658404 -0.261663264333127 -0.2676210355217589
v -0.6474817762123045 -0.2772193445899265 -0.24972549888514
v -0.6502213069826227 -0.2918194233993386 -0.2311809458571023
v -0.6537823413332001 -0.3053888053444503 -0.2120545803451693
v -0.6580794997494033 -0.3178510873910552 -0.1924040869140277
v -0.6630203258657515 -0.3291024751983339 -0.1722710418203188
v -0.6685404248952429 -0.3391750246654474 -0.1517453357168179
v -0.6459297427191689 -0.3449017063836355 -0.1513245831086793
v -0.6238644965588772 -0.3520216075882652 -0.15040067320259
v -0.602415267845348 -0.3605687074281045 -0.1489426810510005
v -0.5816449203182681 -0.3704734134484312 -0.1468928856754126
v -0.5616447923051097 -0.3816874937333741 -0.1442073440621933
v -0.5424949473535189 -0.3941659618302798 -0.1408536176158514
v -0.5242829941080879 -0.4078636332643863 -0.1368146284097692
v -0.5070816707780282 -0.422738270384215 -0.1320864831581716
v -0.4909730652775564 -0.4387331929610801 -0.1266858700956962
v -0.4760381834091264 -0.4557954539015858 -0.1206469497321977
v -0.4623740109065551 -0.4738568108558495 -0.1140239801721338
v -0.4500766393748303 -0.4928696709342166 -0.1068879311336884
v -0.4392035210463201 -0.5128055501955114 -0.09931198388590078
v -0.4298680438896491 -0.5336410867869325 -0.09139955834786673
v -0.4219499468430949 -0.5551400366736133 -0.08315044385743549
v -0.4066700915632963 -0.552773913788527 -0.1016279787871449
v -0.3901513830900223 -0.5508486092012473 -0.1192420530013798
v -0.3723508148813935 -0.549416857397962 -0.1358898123587366
v -0.3533326810095779 -0.548605062144054 -0.1515160815033324
v -0.3331428838267949 -0.5485205177750718 -0.1660539197605037
v -0.3118439601577223 -0.5492341133194486 -0.1794413637922102
v -0.2895113823787892 -0.5507828670846399 -0.1916159375532552
v -0.2662264286068574 -0.5531957244738768 -0.2025285362124091
v -0.2420698993353549 -0.5564860335532175 -0.2121379309992027
v -0.1879745121183518 -0.6124627579586744 -0.2084429609626839
v -0.190405855032399 -0.5813460187382797 -0.2206638112215782
v -0.1927946721347521 -0.5510889884942122 -0.2342629748231828
v -0.1951695382502789 -0.5218074418087126 -0.2493619648201212
v -0.197390783078097 -0.4934445210569944 -0.265805660615227
v -0.1993606003755962 -0.4659754031766657 -0.2834899053871265
v -0.2009821070338019 -0.4393564470164014 -0.3023101973257941
v -0.2021772411971566 -0.4135718236220009 -0.3221856584682804
v -0.2028837455581759 -0.388618763126502 -0.3430443244493696
v -0.2030597887802854 -0.3645089393964333 -0.3648270776756846
v -0.2026857197947873 -0.3412704952099938 -0.387489118328657
v -0.2017613943012754 -0.3189413796837112 -0.410989851975622
v -0.200307158971353 -0.2975602427930104 -0.4352969715771717
v -0.1983654609014053 -0.2771788180395567 -0.4603963598869488
v -0.1959992205181794 -0.2578607874311491 -0.4862908490002702
v -0.1932867936036755 -0.2396778667307886 -0.512995372704014
v -0.190326007442894 -0.2227214293755062 -0.540557481154155
v -0.1872151893184742 -0.2070890773466728 -0.5690107876307144
v -0.1840929437742683 -0.1929236889272976 -0.5984122421130195
v -0.1809317179516695 -0.180108820756264 -0.62866091168189
v -0.2085896645278134 -0.1713877810780627 -0.6242976013510757
v -0.2353569434740674 -0.1612305901807465 -0.6206574674213133
v -0.2611218784457088 -0.1496167844345546 -0.6176567965118913
v -0.2857922565303495 -0.1366039728614657 -0.6152921927451324
v -0.3092766260491477 -0.1222531953197159 -0.6135363753810084
v -0.331478236876569 -0.1066407866428992 -0.6123642444912714
v -0.3523214654112757 -0.08984366290500069 -0.6117180945287298
v -0.3717344817955623 -0.07193760676310393 -0.6115200969536084
v -0.3896616869326568 -0.05300098563015601 -0.6116614429408217
v -0.4060300866949791 -0.03310147122444375 -0.6120174693778484
v -0.4208517861530856 -0.01233963540350771 -0.6125374860887483
v -0.4282440105143326 -0.0209279986758828 -0.5883216101118451
v -0.437590366625412 -0.02919901572930379 -0.5649803194626389
v -0.4489795966546453 -0.03712029951986708 -0.5427359195517174
v -0.4622665851051149 -0.04457880794233297 -0.5216188883350348
v -0.4773230397203401 -0.05148342110893754 -0.501696422748395
v -0.4940037703149445 -0.05774887329954025 -0.4830734880549664
v -0.5121898377886099 -0.06331143091680975 -0.4658261368262535
v -0.5317595558888386 -0.06812539860996497 -0.4500358197532657
v -0.5525952384262252 -0.07216595328682823 -0.4357859912057168
v -0.5745878933834982 -0.07543457462961901 -0.4231455157301318
v -0.5976164630601246 -0.07794879761704869 -0.4121869279765999
v -0.6215673956776029 -0.07974312109531922 -0.4029847235130125
v -0.6463347347109618 -0.0808637494919119 -0.3956130049135572
v -0.6718024597829584 -0.08135724877393991 -0.3901605077088962
v -0.6978835815982483 -0.08126677050756202 -0.3866729698235273
v -0.693709977868185 -0.1060957975566712 -0.3766477254769695
v -0.6900295110224274 -0.1304295899016106 -0.3648591390201306
v -0.686924770288236 -0.1541572194529227 -0.3513728445483162
v -0.6845205200585268 -0.177199491905911 -0.3363076833344986
v -0.6829134772668841 -0.1994589479139946 -0.3197665387907309
v -0.682171629089697 -0.2208296198481802 -0.3018596274423326
v -0.6823364780037802 -0.2411972267808807 -0.2826946992542896
v -0.6834198990478555 -0.2604343628774811 -0.2623847526062971
v -0.6854101370511526 -0.2784216233128148 -0.2410546411061098
v -0.6882674211324203 -0.2950473945170624 -0.2188151834291328
v -0.6919245902683808 -0.3101981670081443 -0.1957687541745462
v -0.6962886335290365 -0.3237665967601574 -0.1720097030638959
v -0.7012366625607096 -0.3356351003652712 -0.1476135769142335
v -0.7066770428449356 -0.3457290035470181 -0.1226855820325425
v -0.6800098101806565 -0.3506436827321005 -0.1217161061760645
v -0.6540407660073837 -0.3575495850441697 -0.1202261332502232
v -0.6288564502134492 -0.3663931469024535 -0.1181727703516524
v -0.6045728137945297 -0.3770895420075697 -0.1155099607330249
v -0.5812934760885591 -0.3895655169769962 -0.1121900172653689
v -0.5591329414874451 -0.4037485809378563 -0.1081782285310073
v -0.5382139889236652 -0.4195687056960171 -0.103457528623145
v -0.5186467672252024 -0.4369585458239267 -0.09802768055082993
v -0.5005505511708419 -0.4558363845363498 -0.09191541876251526
v -0.4840489614677983 -0.476123275614671 -0.08516913996804173
v -0.4692632452887642 -0.4977459002014753 -0.07785636512062011
v -0.4563424359639864 -0.5206046164725983 -0.07006527082088121
v -0.4454206727343407 -0.5446341359199347 -0.0618926710321499
v -0.4366487079776967 -0.5698042021863278 -0.05346140152685189
v -0.4299452648919832 -0.5958996771742725 -0.04479935424960817
v -0.412920493402703 -0.5951260965914424 -0.06728185937546358
v -0.3941230697274134 -0.5946161011820232 -0.08864568152913993
v -0.3735657316311473 -0.5944793675310074 -0.1087889669924346
v -0.3513147769692439 -0.5948711910571198 -0.1276246303454723
v -0.3274636442319626 -0.5958942058106892 -0.1450642568912704
v -0.3021058517064438 -0.597633170010942 -0.1610194990330917
v -0.2753572120250789 -0.6001290221417913 -0.175396151810871
v -0.2473386219698838 -0.6034145521105825 -0.1881208085278236
v -0.2181663459859594 -0.6074993869958044 -0.1991275906105954
v -0.1598079327805929 -0.6668300770525125 -0.1994634644042035
v -0.161124995222293 -0.6292371889814702 -0.210782676457739
v -0.1626392631757761 -0.5928520639943274 -0.2241930474648242
v -0.1642775494288566 -0.5577823790005348 -0.2397270085616024
v -0.1659057836415993 -0.5239611261446684 -0.2571757364435767
v -0.1674094588896249 -0.4913299407666223 -0.2763739062173098
v -0.168680129566572 -0.4598539143419956 -0.2971840938155438
v -0.1696193786893299 -0.4295130398524435 -0.319479563163276
v -0.170149514003111 -0.4003034746734636 -0.3431504595800113
v -0.1702171351349431 -0.3722420847840561 -0.3681055391971063
v -0.169796055249621 -0.3453693495388174 -0.3942747744328889
v -0.1688857992686656 -0.3197400691162296 -0.4215991126090122
v -0.1675132435078401 -0.295415744311496 -0.450032825326371
v -0.1657324100509716 -0.2724773552856214 -0.4795563931452259
v -0.1636214887418161 -0.2510231964150916 -0.5101733444395714
v -0.161279293222348 -0.2311676611568009 -0.5419071163885728
v -0.1588154921561633 -0.2130340275149034 -0.5747952003383526
v -0.1563467577294654 -0.1967712720431307 -0.6089054475918778
v -0.1540052400322892 -0.1825712348691871 -0.6443157651962352
v -0.1518643281897736 -0.1704162115612867 -0.680937240194152
v -0.1849728442065052 -0.1610573612451196 -0.6760221969368287
v -0.2169174908587851 -0.1497641047379175 -0.6716080334566865
v -0.2475594163199761 -0.1365543465858244 -0.6676519049589047
v -0.2767574887410368 -0.1215153219849797 -0.664158896672848
v -0.3043727060436937 -0.1047381188421698 -0.6611087072547417
v -0.3302550180137251 -0.08633946627581635 -0.6584879817739575
v -0.3542896868385054 -0.06643274065747345 -0.6562423973057743
v -0.3763687186889675 -0.04512873376773373 -0.6542928131761533
v -0.3963840419160633 -0.02253873468619329 -0.6525511739009169
v -0.4142547661830771 0.001230369187944617 -0.6508894836808202
v -0.4299370002246272 0.02607297194434935 -0.6492046865110398
v -0.4351768654937619 0.01711280750671894 -0.6205488018499741
v -0.4432120888640578 0.008366560476888756 -0.5930032256313105
v -0.4540323454415767 -7.898090888202362e-05 -0.5667322496381872
v -0.4674208784489283 -0.008104143814061958 -0.5418414089536444
v -0.4831771596406081 -0.0156012856882126 -0.518481294612516
v -0.5011236256687315 -0.02247125630251765 -0.4967746609312402
v -0.5210814622766924 -0.02863080709653788 -0.476839271402097
v -0.5428767007151784 -0.03401843990052176 -0.4587927885636178
v -0.5663410318680584 -0.0385960187264722 -0.4427561088100151
v -0.5913126041657532 -0.04235767379762393 -0.4288367570734525
v -0.6176219347541952 -0.04531746607292168 -0.4171428939780718
v -0.6451105022935919 -0.04750689939981788 -0.4077856429335688
v -0.673629606007504 -0.04896903997812502 -0.4008793281289986
v -0.7030328888325272 -0.04974573415422983 -0.3965344031345312
v -0.7331799344539078 -0.0498669149899856 -0.3948713362955695
v -0.7296589130476745 -0.07937708233102209 -0.3856602726364048
v -0.7265131500799435 -0.1083160273243337 -0.3739313694674717
v -0.7238590111274754 -0.1365298722684633 -0.3598297425684485
v -0.7218248506806682 -0.163873986735579 -0.3434900163152809
v -0.7205116893583449 -0.1901895160034319 -0.3250684191554684
v -0.7199987966246024 -0.2153120444865367 -0.3047226703682049
v -0.7203341121786688 -0.2390678893079359 -0.2826111182505817
v -0.7215312197626513 -0.2612641886852313 -0.2589047735514619
v -0.7235762359584814 -0.2817206857971911 -0.2337942065470601
v -0.7264225680649766 -0.300273944664638 -0.2074493068374614
v -0.7299918425390235 -0.3167612847456683 -0.1800305957372889
v -0.7341817207963875 -0.3310223754621611 -0.1516927320650781
v -0.7388671236044141 -0.3429172698919466 -0.1225790591829919
v -0.743925618620016 -0.3522969928742847 -0.09283963833622932
v -0.7129941207074659 -0.3556231345184703 -0.0914085067734464
v -0.6829177612178686 -0.3616708396097092 -0.08940763470463811
v -0.6538355742861417 -0.3703158873966052 -0.08680685749018298
v -0.6258907986005537 -0.3814467734639692 -0.08356268741892925
v -0.599233325046055 -0.3949494293134807 -0.07963226661051992
v -0.5740229933849468 -0.410714013512977 -0.07498435711801439
v -0.5504321207045141 -0.428634593579363 -0.06960605578417937
v -0.5286253006314524 -0.4486051879355965 -0.06350575683586442
v -0.5087738283909942 -0.4705067075576455 -0.05672489219609989
v -0.491055643558227 -0.4942242363017831 -0.04932931052561769
v -0.4756550581251591 -0.5196430311602479 -0.04140777712997651
v -0.4627556644095976 -0.5466443041299872 -0.03306559484138383
v -0.4525673888010427 -0.5750826425600619 -0.02441531005660371
v -0.4453187130172504 -0.6048524654934583 -0.01558532618648072
v -0.4410218094222773 -0.6358057523531427 -0.006676340327980259
v -0.4228399501728276 -0.6372485979374315 -0.03376873542129272
v -0.4021315601610003 -0.6387715307422461 -0.05946271102312488
v -0.3789507551815267 -0.640531526391927 -0.08363903404673279
v -0.3534267121087548 -0.6426495687727984 -0.106164764575999
v -0.3256999897017676 -0.6452320474517061 -0.1269083250450189
v -0.295914042119797 -0.6483618759685369 -0.1457384596513072
v -0.2642489963460742 -0.6520686761898662 -0.1625098304438899
v -0.2308910879538336 -0.6563765246135179 -0.1771095382365825
v -0.1960190980802381 -0.6612856042135766 -0.1894358068354005
v -0.1320930058548694 -0.7239121948715482 -0.1940382304671945
v -0.1321726253893471 -0.6791934494802943 -0.203320933644313
v -0.1326885436635867 -0.6361271447716286 -0.2156344725296267
v -0.1334510276599725 -0.5947669126639467 -0.2308527223654152
v -0.1343602758868856 -0.5550235975482736 -0.248709572049067
v -0.1352937930873703 -0.5168410276836825 -0.2689865975018577
v -0.136124193530868 -0.480178471251179 -0.2914787993347371
v -0.1367393760880564 -0.4450100875007737 -0.3160011781941034
v -0.13704784403242 -0.4113328464324664 -0.3423911505838668
v -0.1369857945873043 -0.3791716282194846 -0.3705128078273084
v -0.1365207603018941 -0.3485836832628887 -0.4002600529575268
v -0.1356518784791804 -0.319647535001706 -0.4315479142463086
v -0.1344123145310313 -0.2924577906888723 -0.4643128407967342
v -0.1328664711751368 -0.2671365244195181 -0.498527154890445
v -0.1311063991361303 -0.2438306623109258 -0.5341949699662459
v -0.1292450293461777 -0.2227079854564365 -0.571346534192945
v -0.1274103057554011 -0.2039559542423482 -0.6100323273648618
v -0.1257289394974273 -0.1877726722025807 -0.6503182118865968
v -0.1243061329276965 -0.1743968217678972 -0.692308996697188
v -0.1233163990632607 -0.1639709332284402 -0.7359862547838716
v -0.1627390418139291 -0.1542914606940595 -0.7306831072777524
v -0.2007011276930646 -0.1419757219512052 -0.7254763346589568
v -0.2369820099744441 -0.1271195377111581 -0.7203971841766982
v -0.2713559454031165 -0.1098548254993488 -0.7154781133400516
v -0.3036048467113114 -0.09032064137645814 -0.710725845754359
v -0.3334967275197914 -0.06869782391219934 -0.7061647608678521
v -0.3608581683276089 -0.04515896991856706 -0.7017677925912085
v -0.3855281817582276 -0.01987198676794185 -0.6974806204837414
v -0.4073542003288076 0.006994360900552415 -0.6932350005258628
v -0.42618713514398 0.03526629136460293 -0.6889700324233901
v -0.4419390489705314 0.06480064473984716 -0.6845738598253674
v -0.4437885112116743 0.05544341533766267 -0.6513610172985042
v -0.4494998220593878 0.04620171283396314 -0.6193773286555169
v -0.4588963310786956 0.03722209138998542 -0.5888022334685784
v -0.471702569819491 0.02861684304372627 -0.5598805605860353
v -0.4876681988437498 0.02051237367049493 -0.5328195353003087
v -0.5065389143808959 0.01302996412120313 -0.5078040583636594
v -0.5280637855164463 0.006273558546664624 -0.4850118287024724
v -0.5519970480786291 0.0003247595022930407 -0.4646170913885649
v -0.5781004434392555 -0.004759848796014035 -0.4467951896138453
v -0.6061370251816431 -0.008961069392593616 -0.4317099825830357
v -0.6358695986207982 -0.01228399581420464 -0.4195190696549634
v -0.6670743992693319 -0.01475041952483237 -0.4103826235002175
v -0.6995380846226766 -0.01639006859945461 -0.4044624254817462
v -0.7330570281131634 -0.01723267860437801 -0.4019220490426215
v -0.7674383159613628 -0.01730648705357812 -0.4029220302201629
v -0.7648471886943956 -0.05186180541018956 -0.395459541668184
v -0.7625274111529458 -0.08588600429529263 -0.3845438613383251
v -0.7605884969335241 -0.1191174699848231 -0.3703422316452219
v -0.7591420587861313 -0.1513021240984758 -0.3530470808164167
v -0.7582928616041176 -0.182188243593364 -0.3328655811429887
v -0.7581217225471456 -0.2115174724002633 -0.3100194662473023
v -0.7586780714270822 -0.2390232035924308 -0.2847380071169381
v -0.7599754649276441 -0.2644149580138683 -0.257277251185314
v -0.7619997354139973 -0.2874238639592159 -0.2279259706124815
v -0.7647022202249648 -0.3078136699492521 -0.1969468834698321
v -0.7680013899489841 -0.3253554640716312 -0.164594583721156
v -0.7717905357152763 -0.3398343818186564 -0.131117753404143
v -0.7759516251671954 -0.3510502687083622 -0.09676693584064913
v -0.780367727960857 -0.3588277279820817 -0.06180550101721922
v -0.7449596589553814 -0.3597086878789672 -0.06015421911880828
v -0.7105511983743963 -0.3641938426216208 -0.05783982693672006
v -0.6773366874350634 -0.3721168455314058 -0.05483315696217426
v -0.6455212693465591 -0.3833098290262481 -0.05110654820870617
v -0.6153193889351698 -0.3976090074606314 -0.04663135897051179
v -0.5869574582902263 -0.4148539579783 -0.04138739323190285
v -0.5606770900967263 -0.4348882444400592 -0.03537205771098927
v -0.5367201468121938 -0.4575490824033744 -0.02860909053469865
v -0.5153298527132937 -0.4826626674290411 -0.02116026561860019
v -0.4967589913821464 -0.5100573613827062 -0.01311353692941609
v -0.481267580006247 -0.5395586646349096 -0.004580381368859289
v -0.4691214137608127 -0.570984701404961 0.004309501682827553
v -0.4605834876617055 -0.60413276829559 0.01342151012930376
v -0.4559484614387017 -0.6387599267731541 0.02263991633690838
v -0.45539569490091 -0.6746979308929113 0.03179155861706082
v -0.4368743003992725 -0.6789254494908038 -0.0006684227782449053
v -0.4147431485496638 -0.6831206697284139 -0.0314675231451918
v -0.3891498957926599 -0.6873936492504564 -0.0604159095271285
v -0.3602982978277672 -0.6918272518035596 -0.08730344340208041
v -0.3283974405219188 -0.6964980202783884 -0.11192501564488
v -0.2936639056891274 -0.7014602410208447 -0.1340763236139016
v -0.2563763949492258 -0.7067023633717153 -0.1535292170219828
v -0.2168279346793847 -0.712214242632024 -0.1701061499318481
v -0.1753053878258515 -0.7179658582348531 -0.1836501142903333
v -0.1040412170755034 -0.7837638877675309 -0.1926239909157585
v -0.1030070559717835 -0.7312108155607179 -0.1985718734114889
v -0.1025293218331515 -0.680872798378631 -0.2087353592593541
v -0.1024320323429057 -0.6326812545513768 -0.2227868061490269
v -0.1026155044876787 -0.5865576260366919 -0.2404075016519254
v -0.1029486690236791 -0.5424327940864366 -0.2612840957874
v -0.1033039784464573 -0.5002521171121256 -0.2851263552843695
v -0.103562121657087 -0.4599843115054885 -0.3116698876567932
v -0.1036246101792805 -0.4216276807996341 -0.340681602437348
v -0.1034215634135592 -0.3852176830981014 -0.3719645571958888
v -0.1029164006255543 -0.3508328351549936 -0.4053624674208681
v -0.1021079333544062 -0.3185836388072332 -0.4407553049934768
v -0.1010335703093645 -0.2886112319701523 -0.4780572713946574
v -0.0997639115200137 -0.2610942521821229 -0.5172304902385239
v -0.09839828267857596 -0.236244882218266 -0.5582795303627696
v -0.09705716758350032 -0.2143047358686464 -0.6012443029839545
v -0.09587073738366754 -0.1955394181468245 -0.6461930008935742
v -0.09497158957977141 -0.1802374714325762 -0.6932158487152812
v -0.09446991513369732 -0.168693497460975 -0.7424163656769553
v -0.09453661661970846 -0.1612145865720389 -0.7938950445720211
v -0.1414017450538491 -0.1516255300381273 -0.7884325765376962
v -0.1865106813697324 -0.1384430733736181 -0.7824311439023814
v -0.229463412152215 -0.1218615020598138 -0.7760180912352876
v -0.2698905641403547 -0.1020840700999621 -0.7692898669390862
v -0.3074458141275942 -0.07932957054710768 -0.762321538302371
v -0.341777772245066 -0.05388039160657144 -0.7552216792203904
v -0.3726298119609699 -0.02600501309615927 -0.7480334204637427
v -0.3997724167719153 0.004034604027338757 -0.7407681565408694
v -0.4229942615179554 0.0359752204699441 -0.7334251276579804
v -0.442104540400114 0.06955226626997868 -0.7259995972655408
v -0.4569280414021133 0.1045023694529344 -0.7184962066651336
v -0.454037521656265 0.09455697372682836 -0.6807495492594607
v -0.4562571484854119 0.08466735915977609 -0.6441557088735693
v -0.4632857098599982 0.07499535513638188 -0.6090613910771399
v -0.4748031020045874 0.06567295188144937 -0.5758267360697086
v -0.4904683978342022 0.05685039401274 -0.544763328732122
v -0.5099361467729315 0.04867117712701403 -0.5161590180340819
v -0.532860539443884 0.04126400362664467 -0.4902817718763363
v -0.5589002327182473 0.03473520282426995 -0.4673883842811077
v -0.5877209507875516 0.02916571977305143 -0.4477311372128933
v -0.618981846944785 0.02459575108510638 -0.4315525038741937
v -0.6523519409923234 0.02103674674241193 -0.4190774295703869
v -0.6875150822828749 0.01848498885024184 -0.4105299685867287
v -0.7241668073435801 0.01693088214221566 -0.4061330613886582
v -0.7620106284500453 0.01636870149520565 -0.4061061857116258
v -0.8007479514734455 0.01681245546490372 -0.4106618662995019
v -0.7993210696613617 -0.02316114616171201 -0.4060480450826222
v -0.7980734932664558 -0.06276912427160966 -0.3968165267596022
v -0.7970882716023386 -0.1016108200838822 -0.3831482721902105
v -0.796451595504423 -0.1392824074254977 -0.3652727809429475
v -0.7962461151176179 -0.1753807284528243 -0.3434596236938957
v -0.7965389484446765 -0.2095003579236319 -0.3180109501064062
v -0.7973709417908891 -0.2412317647862964 -0.2892548823271294
v -0.7987525107293529 -0.2701419687313168 -0.2575703991891911
v -0.8006732658583851 -0.2958352069545935 -0.2233894378897155
v -0.8030925347655584 -0.3179733934610333 -0.1871179247262895
v -0.8059402523006205 -0.3362426939329682 -0.1491584917624396
v -0.8091264188803811 -0.3503601905647173 -0.1099124584672159
v -0.8125527688065161 -0.3600814775377242 -0.0697839907335072
v -0.8161192039031027 -0.3652094956780091 -0.02917467274537862
v -0.7760466360128061 -0.3627228445564376 -0.02775959602890048
v -0.7370413391430202 -0.3649185927212624 -0.02545720514067773
v -0.699406780404222 -0.3715724635800878 -0.0222884872830426
v -0.6634426053576731 -0.382456396704539 -0.01825160256111751
v -0.6294562709778011 -0.3973417204016223 -0.01334086647196952
v -0.5977679237636627 -0.4160012854722829 -0.007556649137449812
v -0.5687146590614101 -0.4382091729175389 -0.0009152980952927401
v -0.5426447211850525 -0.4637228590738227 0.006535515376492215
v -0.5199000195033644 -0.4922909101934054 0.01470725270895319
v -0.5008329910558004 -0.5236585623810562 0.023485023142461
v -0.4858038214316714 -0.5575605666608591 0.0327306707185459
v -0.4751755658062167 -0.5937119886780997 0.04229116107869946
v -0.4693109735181648 -0.6318026383668631 0.05200772858165274
v -0.4685563382940653 -0.6714747956552457 0.06174345999697039
v -0.4732202403171403 -0.7123928597991352 0.0713105903345759
v -0.4553951612258982 -0.7198705415566314 0.03257238312283651
v -0.4324984948952761 -0.727330696304658 -0.004310563464858591
v -0.4048006483233219 -0.7347606510619873 -0.03898807748440054
v -0.3725731782041139 -0.7421702372241796 -0.07112924051033279
v -0.3361135286340639 -0.7495592078221872 -0.1004059959735407
v -0.2957416637397956 -0.7569040661098907 -0.1264921691304021
v -0.2518797772374021 -0.7640991711423203 -0.1490272861047798
v -0.2049898740170231 -0.7710498421768692 -0.1677249303465508
v -0.1555423281513523 -0.7776516390571756 -0.1823358267383579
v -0.07467725166520063 -0.8464240076258218 -0.1956194469043885
v -0.0729092477883385 -0.7852586911743231 -0.1967569573415438
v -0.0716868024059633 -0.7269856613387805 -0.2035712211132825
v -0.07092934210536303 -0.6714269711009585 -0.2155489720228113
v -0.07050538682430726 -0.6184683105106521 -0.2322363286471834
v -0.0703061828220707 -0.5680142160720748 -0.253205159628186
v -0.07021551544232636 -0.5199924585382389 -0.2780521946237219
v -0.0701239419226754 -0.4743616381759505 -0.3064090750525549
v -0.06993880683317233 -0.4311204392570341 -0.3379489044931298
v -0.06959362647171184 -0.3903162629449107 -0.3723929065960026
v -0.06905289435986212 -0.3520522948191082 -0.4095161831691365
v -0.06831537624419211 -0.316480390002385 -0.449152837353392
v -0.06741782823434647 -0.28380585263608 -0.4911916146606441
v -0.06642786367355875 -0.2542835332088194 -0.535583611823648
v -0.06543953758910367 -0.2282128248114753 -0.5823361871706774
v -0.06456457731131314 -0.2059318398004006 -0.6315046530553377
v -0.06392227122228539 -0.1878119836650524 -0.6831838839765614
v -0.06362783595945139 -0.1742493322336882 -0.7375004359379956
v -0.06381512219274039 -0.1656661999383603 -0.7946089082700648
v -0.06457606107980385 -0.1625384304785588 -0.8547376852364867
v -0.1203399940106634 -0.1535790562547195 -0.8494460232791391
v -0.1740570105190166 -0.1397490045480039 -0.8426704455213794
v -0.2250358403583687 -0.1213287824549033 -0.8346411676946415
v -0.2726573524518914 -0.09864405681123654 -0.8255923312426364
v -0.3163729914321184 -0.0720507625746593 -0.8157463758228578
v -0.3556730656569082 -0.04198682270270319 -0.805367823635192
v -0.3901901210289636 -0.008871883999186017 -0.7946413918092503
v -0.4196140933535298 0.02688280486620013 -0.783710666742538
v -0.4436795768246949 0.06486774106358303 -0.7726964040450153
v -0.4621621134567817 0.1046752339990077 -0.7617077070773794
v -0.4748747380448221 0.1458923146909662 -0.7508573596615165
v -0.4657512300393992 0.1349970761977419 -0.7087539476772639
v -0.4632156627722671 0.1241343936482607 -0.6675009670431976
v -0.4668954096981964 0.1134604784434979 -0.6276915449291731
v -0.4763822122746819 0.1031547989009305 -0.5898443419665614
v -0.4912382100324532 0.09339207486073145 -0.5544385182040514
v -0.511005073087847 0.08434456715865214 -0.5219079750947506
v -0.5352155692507358 0.07617018691220159 -0.492652004767255
v -0.563401161578606 0.06900482572085652 -0.4670438859871885
v -0.5950967106379597 0.06295950143105453 -0.4454397326395161
v -0.6298221488654011 0.05810498355977883 -0.4281868403979153
v -0.6671200078223835 0.05448034963749395 -0.4156004154767141
v -0.7065462020008761 0.0521112103861516 -0.407986266785752
v -0.7476657363427714 0.05101974515751639 -0.4056400923810222
v -0.7900455958373209 0.05123811635603954 -0.4088440873556703
v -0.8332466101192122 0.05282270512211115 -0.4178601953714974
v -0.8330957402042692 0.007144202553619807 -0.4173609697506564
v -0.8331092988392146 -0.03854748505394694 -0.4108384920334266
v -0.8333027634948913 -0.08365485919302182 -0.398452355929334
v -0.8337023673888464 -0.1275646515540989 -0.3804462956079074
v -0.8343367960793138 -0.1696520972547286 -0.3571452998325895
v -0.8352306126822222 -0.2092874724523396 -0.3289495390595631
v -0.836398039421239 -0.2458449417823621 -0.2963249416567404
v -0.8378419331315986 -0.2786909253048834 -0.259825786458259
v -0.8395628521241206 -0.3072519970187574 -0.2200841581093349
v -0.8415468979976487 -0.3310473065896541 -0.1777230645242894
v -0.8437628244999704 -0.3496566256438181 -0.1333714988674723
v -0.8461666950793094 -0.3627301761134313 -0.08765593243840653
v -0.8487078441641481 -0.3699954881153713 -0.04119434357057916
v -0.8513372833246677 -0.3712618887402264 0.005406426487138427
v -0.8064131383124872 -0.3644600365760294 0.005972286281294093
v -0.7625329415892136 -0.3636207094993062 0.007774107069847655
v -0.7201446941276591 -0.3684609271662111 0.01074484344010147
v -0.6796869741243743 -0.3786824505162349 0.01484282991184119
v -0.6415990534853331 -0.393978010556819 0.02003731031042914
v -0.6063299353925673 -0.4140341410109359 0.02629409529867747
v -0.574344171285101 -0.4385311272686888 0.03356518967809099
v -0.5461312453885786 -0.4671196844606222 0.04176831692805181
v -0.5221674445648532 -0.4994434687891041 0.05078200424882734
v -0.5029377638354733 -0.5351302305974934 0.06045975298290026
v -0.4889306435302581 -0.5737825333237324 0.0706331831838042
v -0.4806306300486903 -0.6149682549147796 0.08112051171466783
v -0.4785063911587715 -0.6582099993087205 0.09173919513305187
v -0.482997204109068 -0.7029924767950401 0.1022990085609113
v -0.494527660669423 -0.7487148124964214 0.1126513661995279
v -0.4786461066426396 -0.759758214298501 0.06655782658528653
v -0.4558787385055248 -0.7709611499636723 0.02245153708136191
v -0.4265115571337864 -0.7821924701234336 -0.01912898236665207
v -0.3908889231148762 -0.7933173471246677 -0.05765140965910066
v -0.3494090418338984 -0.8041843508308987 -0.0925883596807327
v -0.3025292960380629 -0.8146103388017077 -0.1234161302621509
v -0.2508639822903683 -0.8243143561585169 -0.1495728294910313
v -0.1951296424048315 -0.8330267687862634 -0.1705877552568114
v -0.1361095409069702 -0.8404844884167062 -0.1860533532820395
v -0.04278394622465758 -0.9119338999968883 -0.2033631228926905
v -0.04099643385431481 -0.8412788997571226 -0.1980443273052964
v -0.03962380281118472 -0.7743552632541831 -0.2001959302387166
v -0.03859948142660834 -0.7108766526634569 -0.2091080304324986
v -0.03785303720131628 -0.6506325714744152 -0.2241289140659642
v -0.03730053230701289 -0.5934786055630915 -0.2446674478688054
v -0.03686564906409349 -0.539311629885673 -0.2701747102294038
v -0.03647389237875386 -0.4880723826890235 -0.3001464798533158
v -0.0360613944512056 -0.4397556760000103 -0.3341330796345715
v -0.03558198192370238 -0.3944205716778102 -0.3717480366056702
v -0.03501083988329889 -0.3521952835263442 -0.4126734728779581
v -0.03434734225684533 -0.3132829570408976 -0.4566851414096142
v -0.03361845622268438 -0.27797673864191 -0.5036464609191159
v -0.03287240520171985 -0.2466320744963348 -0.5534984498527505
v -0.03217558825040117 -0.2196626644736629 -0.6062568260178972
v -0.03160593791714334 -0.1975333037910111 -0.6620028857235593
v -0.03124494794467883 -0.1807516871023584 -0.7208741211108048
v -0.03118139750977632 -0.1698665937619505 -0.783062377586488
v -0.0314933898320535 -0.1654832330336215 -0.8488398533594139
v -0.03225449419139639 -0.1682628213970927 -0.9185722189223032
v -0.09875203769685317 -0.1606961675883112 -0.9139850327967899
v -0.1629653021509423 -0.1464921874550258 -0.9064607905508972
v -0.2237107491616039 -0.1260642585746643 -0.8964153354872287
v -0.2799598315554983 -0.09993810605284405 -0.8843443748098279
v -0.3308596600878915 -0.06871486740897945 -0.8707700818694759
v -0.3757360697210524 -0.03304677948575251 -0.8561925221971971
v -0.4140749515938503 0.00641542503663065 -0.8410552639357856
v -0.4454855910119657 0.04903108434275909 -0.8257375062870775
v -0.4696778041730432 0.09417750895907046 -0.8105550420902946
v -0.4864415602311699 0.1412537931922712 -0.7957700244155492
v -0.4956284501817187 0.1896804448513068 -0.7816048655815666
v -0.478709398503373 0.1773258177139589 -0.7354763740273594
v -0.4700967615224435 0.1649765922082369 -0.6896309074604912
v -0.4693847790791852 0.1528421357507205 -0.6449343300625439
v -0.476080984868398 0.1411430362741276 -0.602168362598053
v -0.4896335332581255 0.1300994276360369 -0.5620373183442464
v -0.509447621792109 0.1199199860508433 -0.5251818183218843
v -0.5349008959693201 0.1107966584871045 -0.4921845262715582
v -0.5653564487488262 0.1028982705411614 -0.4635774135530345
v -0.6001707664682098 0.09636865046056316 -0.439847783597886
v -0.6386846884294759 0.09132092313000925 -0.4214760208982428
v -0.6802772097981026 0.08783944199139823 -0.4088979671446003
v -0.7243314986451286 0.08599557130806419 -0.4025214274342674
v -0.7702331278400117 0.08585675900524513 -0.4027268813055505
v -0.8173630986021134 0.08749797592966423 -0.409863478251116
v -0.8650875367998611 0.09101028557872108 -0.4242393330219344
v -0.8661884245864392 0.03944055777234515 -0.4292730278240819
v -0.867567252434557 -0.01279600007849771 -0.4266396972445299
v -0.8691361910725014 -0.06485872080459297 -0.4164207859228465
v -0.8708100144922877 -0.1158557291121046 -0.3988254770274395
v -0.8725084633286218 -0.1648504822535082 -0.3742074118874592
v -0.8741641613628982 -0.2108811140343685 -0.3430756697086584
v -0.8757335187133087 -0.2529953485997791 -0.3060927692194653
v -0.8772080054000336 -0.2902938797817176 -0.2640613571778407
v -0.8786091541126247 -0.321961315519074 -0.217873049687276
v -0.8799827474970072 -0.3473108453376297 -0.1684790887889796
v -0.8813840746229115 -0.3657975094071425 -0.1168446669742672
v -0.8828641184235161 -0.3770212950374767 -0.06391413936283724
v -0.8844611781181801 -0.3807187069197872 -0.01059346271354901
v -0.8861995497465064 -0.3767501083933449 0.04225388354602479
v -0.8362644493012465 -0.364678720202267 0.04118065899846182
v -0.7872130382907168 -0.3600657644694639 0.04184515711916777
v -0.7396941030590276 -0.3625680022354112 0.04414024164909727
v -0.6943339429850207 -0.371808587916429 0.04797415134339643
v -0.651750989942761 -0.3873864133072065 0.05326279664221875
v -0.6125660040790561 -0.4088792728873634 0.05991867244368973
v -0.5774059515336381 -0.4358416847364479 0.06784214463680081
v -0.5469393911669375 -0.4677882889798459 0.07690332887263973
v -0.5218259690202581 -0.504230234822619 0.08694463522420111
v -0.5027257700271984 -0.5446352956896385 0.09778533326952343
v -0.4902910802130831 -0.5884214178492769 0.1092238725319775
v -0.4851536396523748 -0.6349486926198495 0.1210446771391141
v -0.4879088513225612 -0.6835133201645799 0.1330227860122801
v -0.4991051782669738 -0.7333299084535274 0.1449403153913182
v -0.5192115782170648 -0.783528768991949 0.1565939363122751
v -0.5068202210985447 -0.7981794393693269 0.1019694477266048
v -0.4852699529414765 -0.8134710959932356 0.04933059937719408
v -0.4548248039120817 -0.8291171488430366 -0.000530074889093274
v -0.4158483169752172 -0.8447786417390287 -0.04679948724104659
v -0.3688304212041687 -0.8600465619697784 -0.0886454056712809
v -0.3144098657136025 -0.8744388031664989 -0.1252300885707945
v -0.2534195386570884 -0.8874037985906877 -0.1557193247165807
v -0.1869247030574201 -0.898341236632619 -0.1793286035795212
v -0.1162153409831338 -0.906679686233307 -0.1953843207730752
f 168 88 167
f 169 87 168
f 88 168 87
f 89 167 88
f 90 166 89
f 85 91 92
f 85 92 93
f 85 93 94
f 85 94 95
f 85 95 96
f 85 96 97
f 85 97 98
f 85 98 99
f 85 99 100
f 85 100 110
f 101 110 100
f 102 109 101
f 103 108 102
f 104 107 103
f 105 106 104
f 106 107 104
f 108 103 107
f 109 102 108
f 110 101 109
f 85 110 120
f 111 120 110
f 112 118 111
f 113 117 112
f 114 116 113
f 115 116 114
f 117 113 116
f 118 112 117
f 119 111 118
f 120 111 119
f 85 120 121
f 85 121 122
f 85 122 123
f 85 123 124
f 85 124 125
f 85 125 135
f 126 134 125
f 127 133 126
f 128 132 127
f 129 131 128
f 130 131 129
f 132 128 131
f 133 127 132
f 134 126 133
f 135 125 134
f 85 135 136
f 85 136 137
f 85 137 138
f 85 138 139
f 85 139 149
f 140 149 139
f 141 148 140
f 142 147 141
f 143 146 142
f 144 145 143
f 145 146 143
f 147 142 146
f 148 141 147
f 148 149 140
f 85 149 150
f 85 150 151
f 85 151 152
f 85 152 153
f 85 153 154
f 85 154 164
f 155 164 154
f 156 163 155
f 157 162 156
f 158 161 157
f 159 160 158
f 160 161 158
f 162 157 161
f 163 156 162
f 164 155 163
f 85 164 165
f 85 165 91
f 91 165 90
f 166 90 165
f 167 89 166
f 86 87 169
f 251 86 250
f 173 174 86
f 252 172 251
f 175 176 86
f 86 251 173
f 88 87 176
f 174 175 86
f 89 88 177
f 87 86 176
f 91 90 177
f 176 177 88
f 92 91 178
f 90 89 177
f 93 92 178
f 177 178 91
f 94 93 179
f 178 179 93
f 94 179 95
f 95 179 96
f 180 96 179
f 96 180 97
f 97 180 98
f 181 98 180
f 98 181 99
f 99 181 100
f 100 181 101
f 182 101 181
f 101 182 102
f 102 182 103
f 183 103 182
f 103 183 104
f 104 183 105
f 184 105 183
f 185 105 184
f 186 105 185
f 186 187 192
f 191 192 187
f 190 191 188
f 189 190 188
f 106 105 192
f 187 188 191
f 107 106 193
f 105 186 192
f 108 107 193
f 192 193 106
f 108 193 109
f 109 193 110
f 110 193 111
f 194 111 193
f 111 194 112
f 112 194 113
f 113 194 114
f 114 194 115
f 195 115 194
f 196 115 195
f 201 202 196
f 197 201 196
f 198 200 197
f 199 200 198
f 202 203 115
f 200 201 197
f 204 205 115
f 115 196 202
f 117 116 205
f 203 204 115
f 118 117 206
f 116 115 205
f 120 119 206
f 205 206 117
f 121 120 207
f 119 118 206
f 122 121 207
f 206 207 120
f 122 207 123
f 123 207 208
f 123 208 124
f 124 208 125
f 125 208 126
f 126 208 127
f 209 127 208
f 127 209 128
f 128 209 129
f 129 209 130
f 210 130 209
f 211 130 210
f 216 217 211
f 212 216 211
f 213 215 212
f 214 215 213
f 217 218 130
f 215 216 212
f 131 130 219
f 130 211 217
f 133 132 219
f 218 219 130
f 134 133 220
f 132 131 219
f 135 134 220
f 219 220 133
f 135 220 136
f 136 220 221
f 136 221 137
f 137 221 138
f 138 221 139
f 222 139 221
f 139 222 140
f 140 222 141
f 141 222 142
f 223 142 222
f 142 223 143
f 143 223 144
f 224 144 223
f 225 144 224
f 225 226 231
f 230 231 226
f 229 230 227
f 228 229 227
f 231 232 144
f 226 227 230
f 145 144 233
f 144 225 231
f 147 146 233
f 232 233 144
f 148 147 234
f 146 145 233
f 149 148 234
f 233 234 147
f 149 234 150
f 150 234 235
f 150 235 151
f 151 235 152
f 152 235 153
f 153 235 154
f 236 154 235
f 154 236 155
f 155 236 156
f 156 236 157
f 237 157 236
f 157 237 158
f 158 237 159
f 238 159 237
f 239 159 238
f 240 159 239
f 240 241 246
f 245 246 241
f 244 245 242
f 243 244 242
f 246 247 159
f 241 242 245
f 160 159 248
f 159 240 246
f 248 249 161
f 247 248 159
f 163 162 249
f 161 160 248
f 164 163 249
f 162 161 249
f 164 249 165
f 165 249 166
f 250 166 249
f 166 250 167
f 167 250 168
f 168 250 169
f 169 250 86
f 172 173 251
f 171 172 252
f 253 171 252
f 170 171 253
f 336 170 335
f 257 258 170
f 255 256 336
f 258 259 171
f 256 257 170
f 173 172 259
f 171 170 258
f 174 173 260
f 172 171 259
f 175 174 261
f 259 260 173
f 176 175 261
f 260 261 174
f 177 176 262
f 261 262 176
f 177 262 178
f 178 262 263
f 178 263 179
f 179 263 180
f 264 180 263
f 180 264 181
f 265 181 264
f 181 265 182
f 182 265 183
f 266 183 265
f 183 266 184
f 184 266 185
f 267 185 266
f 185 267 186
f 268 186 267
f 186 268 187
f 187 268 188
f 269 188 268
f 188 269 189
f 270 189 269
f 271 189 270
f 189 271 275
f 274 275 272
f 273 274 272
f 190 189 276
f 271 272 275
f 191 190 276
f 275 276 189
f 191 276 192
f 192 276 277
f 192 277 193
f 193 277 194
f 278 194 277
f 194 278 195
f 195 278 196
f 279 196 278
f 196 279 197
f 197 279 198
f 280 198 279
f 198 280 199
f 281 199 280
f 199 281 285
f 282 284 281
f 283 284 282
f 286 287 199
f 284 285 281
f 287 288 200
f 285 286 199
f 202 201 288
f 200 199 287
f 203 202 289
f 201 200 288
f 204 203 289
f 288 289 202
f 205 204 290
f 289 290 204
f 205 290 206
f 206 290 291
f 206 291 207
f 207 291 292
f 207 292 208
f 208 292 209
f 293 209 292
f 209 293 210
f 210 293 211
f 294 211 293
f 211 294 212
f 212 294 213
f 295 213 294
f 213 295 214
f 296 214 295
f 214 296 300
f 297 299 296
f 298 299 297
f 215 214 301
f 299 300 296
f 216 215 302
f 300 301 214
f 217 216 303
f 301 302 215
f 218 217 303
f 302 303 216
f 219 218 304
f 303 304 218
f 219 304 220
f 220 304 305
f 220 305 221
f 221 305 222
f 306 222 305
f 222 306 223
f 223 306 224
f 307 224 306
f 224 307 225
f 225 307 226
f 308 226 307
f 226 308 227
f 309 227 308
f 227 309 228
f 310 228 309
f 228 310 314
f 313 314 311
f 312 313 311
f 229 228 315
f 310 311 314
f 230 229 316
f 314 315 228
f 231 230 316
f 315 316 229
f 232 231 317
f 316 317 231
f 232 317 233
f 233 317 318
f 233 318 234
f 234 318 319
f 234 319 235
f 235 319 236
f 320 236 319
f 236 320 237
f 237 320 238
f 321 238 320
f 238 321 239
f 239 321 240
f 322 240 321
f 240 322 241
f 241 322 242
f 323 242 322
f 242 323 243
f 324 243 323
f 325 243 324
f 243 325 329
f 328 329 326
f 327 328 326
f 330 331 243
f 325 326 329
f 245 244 331
f 329 330 243
f 246 245 332
f 244 243 331
f 247 246 332
f 331 332 245
f 248 247 333
f 332 333 247
f 248 333 249
f 249 333 250
f 334 250 333
f 250 334 251
f 251 334 252
f 335 252 334
f 252 335 253
f 253 335 170
f 170 336 256
f 337 255 336
f 254 255 337
f 337 420 254
f 255 254 341
f 339 340 254
f 256 255 342
f 340 341 254
f 257 256 343
f 341 342 255
f 258 257 343
f 342 343 256
f 259 258 344
f 343 344 258
f 260 259 345
f 344 345 259
f 260 345 261
f 261 345 346
f 261 346 262
f 262 346 347
f 262 347 263
f 263 347 264
f 348 264 347
f 264 348 265
f 349 265 348
f 265 349 266
f 350 266 349
f 266 350 267
f 267 350 268
f 351 268 350
f 268 351 269
f 352 269 351
f 269 352 270
f 270 352 271
f 353 271 352
f 271 353 272
f 354 272 353
f 272 354 273
f 355 273 354
f 356 273 355
f 273 356 359
f 357 358 356
f 274 273 359
f 358 359 356
f 275 274 360
f 359 360 274
f 275 360 276
f 276 360 361
f 276 361 277
f 277 361 278
f 362 278 361
f 278 362 279
f 363 279 362
f 279 363 280
f 280 363 281
f 364 281 363
f 281 364 282
f 282 364 283
f 365 283 364
f 283 365 369
f 366 368 365
f 367 368 366
f 284 283 370
f 368 369 365
f 285 284 371
f 369 370 283
f 286 285 372
f 370 371 284
f 287 286 372
f 371 372 285
f 288 287 373
f 372 373 287
f 289 288 374
f 373 374 288
f 289 374 290
f 290 374 375
f 290 375 291
f 291 375 376
f 291 376 292
f 292 376 293
f 377 293 376
f 293 377 294
f 294 377 295
f 378 295 377
f 295 378 296
f 379 296 378
f 296 379 297
f 297 379 298
f 380 298 379
f 381 298 380
f 298 381 383
f 382 383 381
f 299 298 385
f 383 384 298
f 300 299 385
f 384 385 298
f 301 300 386
f 385 386 300
f 302 301 387
f 386 387 301
f 302 387 303
f 303 387 388
f 303 388 304
f 304 388 389
f 304 389 305
f 305 389 306
f 390 306 389
f 306 390 307
f 391 307 390
f 307 391 308
f 308 391 309
f 392 309 391
f 309 392 310
f 393 310 392
f 310 393 311
f 311 393 312
f 394 312 393
f 395 312 394
f 312 395 397
f 396 397 395
f 313 312 399
f 397 398 312
f 314 313 399
f 398 399 312
f 315 314 400
f 399 400 314
f 316 315 401
f 400 401 315
f 316 401 317
f 317 401 402
f 317 402 318
f 318 402 403
f 318 403 319
f 319 403 320
f 404 320 403
f 320 404 321
f 321 404 322
f 405 322 404
f 322 405 323
f 406 323 405
f 323 406 324
f 324 406 325
f 407 325 406
f 325 407 326
f 408 326 407
f 326 408 327
f 409 327 408
f 327 409 413
f 412 413 410
f 411 412 410
f 328 327 414
f 409 410 413
f 329 328 415
f 413 414 327
f 330 329 415
f 414 415 328
f 331 330 416
f 415 416 330
f 331 416 332
f 332 416 417
f 332 417 333
f 333 417 334
f 418 334 417
f 334 418 335
f 419 335 418
f 335 419 336
f 336 419 337
f 420 337 419
f 339 254 420
f 421 339 420
f 338 339 421
f 505 338 504
f 339 338 425
f 423 424 338
f 340 339 425
f 424 425 338
f 341 340 426
f 425 426 340
f 342 341 427
f 426 427 341
f 343 342 428
f 427 428 342
f 343 428 344
f 344 428 429
f 344 429 345
f 345 429 430
f 345 430 346
f 346 430 431
f 346 431 347
f 347 431 348
f 432 348 431
f 348 432 349
f 433 349 432
f 349 433 350
f 434 350 433
f 350 434 351
f 351 434 352
f 435 352 434
f 352 435 353
f 436 353 435
f 353 436 354
f 437 354 436
f 354 437 355
f 438 355 437
f 355 438 356
f 356 438 357
f 439 357 438
f 440 357 439
f 357 440 442
f 441 442 440
f 358 357 443
f 442 443 357
f 358 443 359
f 359 443 444
f 359 444 360
f 360 444 445
f 360 445 361
f 361 445 362
f 446 362 445
f 362 446 363
f 447 363 446
f 363 447 364
f 364 447 365
f 448 365 447
f 365 448 366
f 449 366 448
f 366 449 367
f 450 367 449
f 367 450 452
f 451 452 450
f 368 367 454
f 452 453 367
f 369 368 454
f 453 454 367
f 370 369 455
f 454 455 369
f 371 370 456
f 455 456 370
f 372 371 457
f 456 457 371
f 372 457 373
f 373 457 458
f 373 458 374
f 374 458 459
f 374 459 375
f 375 459 460
f 375 460 376
f 376 460 377
f 461 377 460
f 377 461 378
f 462 378 461
f 378 462 379
f 379 462 380
f 463 380 462
f 380 463 381
f 464 381 463
f 381 464 382
f 465 382 464
f 382 465 467
f 466 467 465
f 383 382 468
f 467 468 382
f 384 383 469
f 468 469 383
f 385 384 470
f 469 470 384
f 385 470 386
f 386 470 471
f 386 471 387
f 387 471 472
f 387 472 388
f 388 472 473
f 388 473 389
f 389 473 390
f 474 390 473
f 390 474 391
f 475 391 474
f 391 475 392
f 392 475 393
f 476 393 475
f 393 476 394
f 477 394 476
f 394 477 395
f 478 395 477
f 395 478 396
f 479 396 478
f 396 479 481
f 480 481 479
f 397 396 482
f 481 482 396
f 398 397 483
f 482 483 397
f 399 398 484
f 483 484 398
f 399 484 400
f 400 484 485
f 400 485 401
f 401 485 486
f 401 486 402
f 402 486 487
f 402 487 403
f 403 487 404
f 488 404 487
f 404 488 405
f 489 405 488
f 405 489 406
f 406 489 407
f 490 407 489
f 407 490 408
f 491 408 490
f 408 491 409
f 492 409 491
f 409 492 410
f 410 492 411
f 493 411 492
f 494 411 493
f 411 494 496
f 495 496 494
f 412 411 497
f 496 497 411
f 413 412 498
f 497 498 412
f 414 413 499
f 498 499 413
f 414 499 415
f 415 499 500
f 415 500 416
f 416 500 501
f 416 501 417
f 417 501 418
f 502 418 501
f 418 502 419
f 503 419 502
f 419 503 420
f 420 503 421
f 504 421 503
f 421 504 338
f 423 338 505
f 422 423 505
f 422 589 507
f 423 422 508
f 507 508 422
f 424 423 509
f 508 509 423
f 425 424 510
f 509 510 424
f 426 425 511
f 510 511 425
f 427 426 512
f 511 512 426
f 427 512 428
f 428 512 513
f 428 513 429
f 429 513 514
f 429 514 430
f 430 514 515
f 430 515 431
f 431 515 432
f 516 432 515
f 432 516 433
f 517 433 516
f 433 517 434
f 518 434 517
f 434 518 435
f 519 435 518
f 435 519 436
f 436 519 437
f 520 437 519
f 437 520 438
f 521 438 520
f 438 521 439
f 522 439 521
f 439 522 440
f 523 440 522
f 440 523 441
f 524 441 523
f 441 524 526
f 525 526 524
f 442 441 527
f 526 527 441
f 442 527 443
f 443 527 528
f 443 528 444
f 444 528 529
f 444 529 445
f 445 529 446
f 530 446 529
f 446 530 447
f 531 447 530
f 447 531 448
f 532 448 531
f 448 532 449
f 449 532 450
f 533 450 532
f 450 533 451
f 534 451 533
f 451 534 536
f 535 536 534
f 452 451 537
f 536 537 451
f 453 452 538
f 537 538 452
f 454 453 539
f 538 539 453
f 455 454 540
f 539 540 454
f 455 540 456
f 456 540 541
f 456 541 457
f 457 541 542
f 457 542 458
f 458 542 543
f 458 543 459
f 459 543 544
f 459 544 460
f 460 544 461
f 545 461 544
f 461 545 462
f 546 462 545
f 462 546 463
f 547 463 546
f 463 547 464
f 464 547 465
f 548 465 547
f 465 548 466
f 549 466 548
f 466 549 551
f 550 551 549
f 467 466 552
f 551 552 466
f 468 467 553
f 552 553 467
f 469 468 554
f 553 554 468
f 469 554 470
f 470 554 555
f 470 555 471
f 471 555 556
f 471 556 472
f 472 556 557
f 472 557 473
f 473 557 474
f 558 474 557
f 474 558 475
f 559 475 558
f 475 559 476
f 560 476 559
f 476 560 477
f 477 560 478
f 561 478 560
f 478 561 479
f 562 479 561
f 479 562 480
f 563 480 562
f 480 563 565
f 564 565 563
f 481 480 566
f 565 566 480
f 482 481 567
f 566 567 481
f 482 567 483
f 483 567 568
f 483 568 484
f 484 568 569
f 484 569 485
f 485 569 570
f 485 570 486
f 486 570 571
f 486 571 487
f 487 571 488
f 572 488 571
f 488 572 489
f 573 489 572
f 489 573 490
f 574 490 573
f 490 574 491
f 491 574 492
f 575 492 574
f 492 575 493
f 576 493 575
f 493 576 494
f 577 494 576
f 494 577 495
f 578 495 577
f 495 578 580
f 579 580 578
f 496 495 581
f 580 581 495
f 497 496 582
f 581 582 496
f 498 497 583
f 582 583 497
f 498 583 499
f 499 583 584
f 499 584 500
f 500 584 585
f 500 585 501
f 501 585 502
f 586 502 585
f 502 586 503
f 587 503 586
f 503 587 504
f 588 504 587
f 504 588 505
f 505 588 422
f 589 422 588
f 506 507 589
f 506 673 591
f 507 506 592
f 591 592 506
f 508 507 593
f 592 593 507
f 509 508 594
f 593 594 508
f 510 509 595
f 594 595 509
f 510 595 511
f 511 595 596
f 511 596 512
f 512 596 597
f 512 597 513
f 513 597 598
f 513 598 514
f 514 598 599
f 514 599 515
f 515 599 516
f 600 516 599
f 516 600 517
f 601 517 600
f 517 601 518
f 602 518 601
f 518 602 519
f 603 519 602
f 519 603 520
f 604 520 603
f 520 604 521
f 521 604 522
f 605 522 604
f 522 605 523
f 606 523 605
f 523 606 524
f 607 524 606
f 524 607 525
f 608 525 607
f 525 608 610
f 609 610 608
f 525 610 526
f 526 610 611
f 526 611 527
f 527 611 612
f 527 612 528
f 528 612 613
f 528 613 529
f 529 613 530
f 614 530 613
f 530 614 531
f 615 531 614
f 531 615 532
f 616 532 615
f 532 616 533
f 533 616 534
f 617 534 616
f 534 617 535
f 618 535 617
f 535 618 620
f 619 620 618
f 536 535 621
f 620 621 535
f 537 536 622
f 621 622 536
f 538 537 623
f 622 623 537
f 539 538 624
f 623 624 538
f 539 624 540
f 540 624 625
f 540 625 541
f 541 625 626
f 541 626 542
f 542 626 627
f 542 627 543
f 543 627 628
f 543 628 544
f 544 628 545
f 629 545 628
f 545 629 546
f 630 546 629
f 546 630 547
f 631 547 630
f 547 631 548
f 548 631 549
f 632 549 631
f 549 632 550
f 633 550 632
f 550 633 635
f 634 635 633
f 551 550 636
f 635 636 550
f 552 551 637
f 636 637 551
f 552 637 553
f 553 637 638
f 553 638 554
f 554 638 639
f 554 639 555
f 555 639 640
f 555 640 556
f 556 640 641
f 556 641 557
f 557 641 558
f 642 558 641
f 558 642 559
f 643 559 642
f 559 643 560
f 644 560 643
f 560 644 561
f 645 561 644
f 561 645 562
f 562 645 563
f 646 563 645
f 563 646 564
f 647 564 646
f 564 647 649
f 648 649 647
f 565 564 650
f 649 650 564
f 566 565 651
f 650 651 565
f 566 651 567
f 567 651 652
f 567 652 568
f 568 652 653
f 568 653 569
f 569 653 654
f 569 654 570
f 570 654 655
f 570 655 571
f 571 655 572
f 656 572 655
f 572 656 573
f 657 573 656
f 573 657 574
f 658 574 657
f 574 658 575
f 575 658 576
f 659 576 658
f 576 659 577
f 660 577 659
f 577 660 578
f 661 578 660
f 578 661 579
f 662 579 661
f 579 662 664
f 663 664 662
f 580 579 665
f 664 665 579
f 581 580 666
f 665 666 580
f 581 666 582
f 582 666 667
f 582 667 583
f 583 667 668
f 583 668 584
f 584 668 669
f 584 669 585
f 585 669 586
f 670 586 669
f 586 670 587
f 671 587 670
f 587 671 588
f 672 588 671
f 588 672 589
f 673 589 672
f 589 673 506
f 590 591 673
f 590 757 675
f 591 590 676
f 675 676 590
f 592 591 677
f 676 677 591
f 593 592 678
f 677 678 592
f 593 678 594
f 594 678 679
f 594 679 595
f 595 679 680
f 595 680 596
f 596 680 681
f 596 681 597
f 597 681 682
f 597 682 598
f 598 682 683
f 598 683 599
f 599 683 600
f 684 600 683
f 600 684 601
f 685 601 684
f 601 685 602
f 686 602 685
f 602 686 603
f 687 603 686
f 603 687 604
f 688 604 687
f 604 688 605
f 689 605 688
f 605 689 606
f 606 689 607
f 690 607 689
f 607 690 608
f 691 608 690
f 608 691 609
f 692 609 691
f 609 692 694
f 693 694 692
f 609 694 610
f 610 694 695
f 610 695 611
f 611 695 696
f 611 696 612
f 612 696 697
f 612 697 613
f 613 697 614
f 698 614 697
f 614 698 615
f 699 615 698
f 615 699 616
f 700 616 699
f 616 700 617
f 701 617 700
f 617 701 618
f 618 701 619
f 702 619 701
f 619 702 704
f 703 704 702
f 620 619 705
f 704 705 619
f 621 620 706
f 705 706 620
f 622 621 707
f 706 707 621
f 622 707 623
f 623 707 708
f 623 708 624
f 624 708 709
f 624 709 625
f 625 709 710
f 625 710 626
f 626 710 711
f 626 711 627
f 627 711 712
f 627 712 628
f 628 712 629
f 713 629 712
f 629 713 630
f 714 630 713
f 630 714 631
f 715 631 714
f 631 715 632
f 716 632 715
f 632 716 633
f 633 716 634
f 717 634 716
f 634 717 719
f 718 719 717
f 635 634 720
f 719 720 634
f 635 720 636
f 636 720 721
f 636 721 637
f 637 721 722
f 637 722 638
f 638 722 723
f 638 723 639
f 639 723 724
f 639 724 640
f 640 724 725
f 640 725 641
f 641 725 642
f 726 642 725
f 642 726 643
f 727 643 726
f 643 727 644
f 728 644 727
f 644 728 645
f 729 645 728
f 645 729 646
f 730 646 729
f 646 730 647
f 647 730 648
f 731 648 730
f 648 731 733
f 732 733 731
f 649 648 734
f 733 734 648
f 649 734 650
f 650 734 735
f 650 735 651
f 651 735 736
f 651 736 652
f 652 736 737
f 652 737 653
f 653 737 738
f 653 738 654
f 654 738 739
f 654 739 655
f 655 739 656
f 740 656 739
f 656 740 657
f 741 657 740
f 657 741 658
f 742 658 741
f 658 742 659
f 743 659 742
f 659 743 660
f 660 743 661
f 744 661 743
f 661 744 662
f 745 662 744
f 662 745 663
f 746 663 745
f 663 746 748
f 747 748 746
f 664 663 749
f 748 749 663
f 664 749 665
f 665 749 750
f 665 750 666
f 666 750 751
f 666 751 667
f 667 751 752
f 667 752 668
f 668 752 753
f 668 753 669
f 669 753 670
f 754 670 753
f 670 754 671
f 755 671 754
f 671 755 672
f 756 672 755
f 672 756 673
f 757 673 756
f 673 757 590
f 674 675 757
f 674 841 759
f 675 674 760
f 759 760 674
f 676 675 761
f 760 761 675
f 676 761 677
f 677 761 762
f 677 762 678
f 678 762 763
f 678 763 679
f 679 763 764
f 679 764 680
f 680 764 765
f 680 765 681
f 681 765 766
f 681 766 682
f 682 766 767
f 682 767 683
f 683 767 684
f 768 684 767
f 684 768 685
f 769 685 768
f 685 769 686
f 770 686 769
f 686 770 687
f 771 687 770
f 687 771 688
f 772 688 771
f 688 772 689
f 773 689 772
f 689 773 690
f 774 690 773
f 690 774 691
f 691 774 692
f 775 692 774
f 692 775 693
f 776 693 775
f 693 776 778
f 777 778 776
f 693 778 694
f 694 778 779
f 694 779 695
f 695 779 780
f 695 780 696
f 696 780 781
f 696 781 697
f 697 781 698
f 782 698 781
f 698 782 699
f 783 699 782
f 699 783 700
f 784 700 783
f 700 784 701
f 785 701 784
f 701 785 702
f 786 702 785
f 702 786 703
f 703 786 788
f 787 788 786
f 704 703 789
f 788 789 703
f 705 704 790
f 789 790 704
f 705 790 706
f 706 790 791
f 706 791 707
f 707 791 792
f 707 792 708
f 708 792 793
f 708 793 709
f 709 793 794
f 709 794 710
f 710 794 795
f 710 795 711
f 711 795 796
f 711 796 712
f 712 796 713
f 797 713 796
f 713 797 714
f 798 714 797
f 714 798 715
f 799 715 798
f 715 799 716
f 800 716 799
f 716 800 717
f 801 717 800
f 717 801 718
f 802 718 801
f 718 802 803
f 718 803 719
f 719 803 804
f 719 804 720
f 720 804 805
f 720 805 721
f 721 805 806
f 721 806 722
f 722 806 807
f 722 807 723
f 723 807 808
f 723 808 724
f 724 808 809
f 724 809 725
f 725 809 726
f 810 726 809
f 726 810 727
f 811 727 810
f 727 811 728
f 812 728 811
f 728 812 729
f 813 729 812
f 729 813 730
f 814 730 813
f 730 814 731
f 815 731 814
f 731 815 732
f 732 815 817
f 816 817 815
f 732 817 733
f 733 817 818
f 733 818 734
f 734 818 819
f 734 819 735
f 735 819 820
f 735 820 736
f 736 820 821
f 736 821 737
f 737 821 822
f 737 822 738
f 738 822 823
f 738 823 739
f 739 823 740
f 824 740 823
f 740 824 741
f 825 741 824
f 741 825 742
f 826 742 825
f 742 826 743
f 827 743 826
f 743 827 744
f 828 744 827
f 744 828 745
f 745 828 746
f 829 746 828
f 746 829 747
f 830 747 829
f 747 830 832
f 831 832 830
f 748 747 833
f 832 833 747
f 748 833 749
f 749 833 834
f 749 834 750
f 750 834 835
f 750 835 751
f 751 835 836
f 751 836 752
f 752 836 837
f 752 837 753
f 753 837 754
f 838 754 837
f 754 838 755
f 839 755 838
f 755 839 756
f 840 756 839
f 756 840 757
f 841 757 840
f 757 841 674
f 758 759 841
f 758 842 843
f 759 758 844
f 843 844 758
f 759 844 760
f 760 844 845
f 760 845 761
f 761 845 846
f 761 846 762
f 762 846 847
f 762 847 763
f 763 847 848
f 763 848 764
f 764 848 849
f 764 849 765
f 765 849 850
f 765 850 766
f 766 850 851
f 766 851 767
f 767 851 768
f 852 768 851
f 768 852 769
f 853 769 852
f 769 853 770
f 854 770 853
f 770 854 771
f 855 771 854
f 771 855 772
f 856 772 855
f 772 856 773
f 857 773 856
f 773 857 774
f 858 774 857
f 774 858 775
f 859 775 858
f 775 859 776
f 776 859 777
f 860 777 859
f 861 777 860
f 777 861 862
f 777 862 778
f 778 862 863
f 778 863 779
f 779 863 864
f 779 864 780
f 780 864 865
f 780 865 781
f 781 865 782
f 866 782 865
f 782 866 783
f 867 783 866
f 783 867 784
f 868 784 867
f 784 868 785
f 869 785 868
f 785 869 786
f 870 786 869
f 786 870 787
f 787 870 872
f 871 872 870
f 788 787 873
f 872 873 787
f 788 873 789
f 789 873 874
f 789 874 790
f 790 874 875
f 790 875 791
f 791 875 876
f 791 876 792
f 792 876 877
f 792 877 793
f 793 877 878
f 793 878 794
f 794 878 879
f 794 879 795
f 795 879 880
f 795 880 796
f 796 880 797
f 881 797 880
f 797 881 798
f 882 798 881
f 798 882 799
f 883 799 882
f 799 883 800
f 884 800 883
f 800 884 801
f 885 801 884
f 801 885 802
f 886 802 885
f 802 886 887
f 802 887 803
f 803 887 888
f 803 888 804
f 804 888 889
f 804 889 805
f 805 889 890
f 805 890 806
f 806 890 891
f 806 891 807
f 807 891 892
f 807 892 808
f 808 892 893
f 808 893 809
f 809 893 810
f 894 810 893
f 810 894 811
f 895 811 894
f 811 895 812
f 896 812 895
f 812 896 813
f 897 813 896
f 813 897 814
f 898 814 897
f 814 898 815
f 899 815 898
f 815 899 816
f 900 816 899
f 816 900 901
f 816 901 817
f 817 901 902
f 817 902 818
f 818 902 903
f 818 903 819
f 819 903 904
f 819 904 820
f 820 904 905
f 820 905 821
f 821 905 906
f 821 906 822
f 822 906 907
f 822 907 823
f 823 907 824
f 908 824 907
f 824 908 825
f 909 825 908
f 825 909 826
f 910 826 909
f 826 910 827
f 911 827 910
f 827 911 828
f 912 828 911
f 828 912 829
f 913 829 912
f 829 913 830
f 830 913 831
f 914 831 913
f 831 914 916
f 915 916 914
f 831 916 832
f 832 916 917
f 832 917 833
f 833 917 918
f 833 918 834
f 834 918 919
f 834 919 835
f 835 919 920
f 835 920 836
f 836 920 921
f 836 921 837
f 837 921 838
f 922 838 921
f 838 922 839
f 923 839 922
f 839 923 840
f 924 840 923
f 840 924 841
f 925 841 924
f 841 925 758
f 842 758 925
f 842 926 927
f 842 927 843
f 843 927 928
f 843 928 844
f 844 928 929
f 844 929 845
f 845 929 930
f 845 930 846
f 846 930 931
f 846 931 847
f 847 931 932
f 847 932 848
f 848 932 933
f 848 933 849
f 849 933 934
f 849 934 850
f 850 934 935
f 850 935 851
f 851 935 852
f 936 852 935
f 852 936 853
f 937 853 936
f 853 937 854
f 938 854 937
f 854 938 855
f 939 855 938
f 855 939 856
f 940 856 939
f 856 940 857
f 941 857 940
f 857 941 858
f 942 858 941
f 858 942 859
f 943 859 942
f 859 943 860
f 944 860 943
f 860 944 861
f 945 861 944
f 861 945 946
f 861 946 862
f 862 946 947
f 862 947 863
f 863 947 948
f 863 948 864
f 864 948 949
f 864 949 865
f 865 949 866
f 950 866 949
f 866 950 867
f 951 867 950
f 867 951 868
f 952 868 951
f 868 952 869
f 953 869 952
f 869 953 870
f 954 870 953
f 870 954 871
f 955 871 954
f 871 955 956
f 871 956 872
f 872 956 957
f 872 957 873
f 873 957 958
f 873 958 874
f 874 958 959
f 874 959 875
f 875 959 960
f 875 960 876
f 876 960 961
f 876 961 877
f 877 961 962
f 877 962 878
f 878 962 963
f 878 963 879
f 879 963 964
f 879 964 880
f 880 964 881
f 965 881 964
f 881 965 882
f 966 882 965
f 882 966 883
f 967 883 966
f 883 967 884
f 968 884 967
f 884 968 885
f 969 885 968
f 885 969 886
f 970 886 969
f 886 970 971
f 886 971 887
f 887 971 972
f 887 972 888
f 888 972 973
f 888 973 889
f 889 973 974
f 889 974 890
f 890 974 975
f 890 975 891
f 891 975 976
f 891 976 892
f 892 976 977
f 892 977 893
f 893 977 894
f 978 894 977
f 894 978 895
f 979 895 978
f 895 979 896
f 980 896 979
f 896 980 897
f 981 897 980
f 897 981 898
f 982 898 981
f 898 982 899
f 983 899 982
f 899 983 900
f 984 900 983
f 900 984 985
f 900 985 901
f 901 985 986
f 901 986 902
f 902 986 987
f 902 987 903
f 903 987 988
f 903 988 904
f 904 988 989
f 904 989 905
f 905 989 990
f 905 990 906
f 906 990 991
f 906 991 907
f 907 991 908
f 992 908 991
f 908 992 909
f 993 909 992
f 909 993 910
f 994 910 993
f 910 994 911
f 995 911 994
f 911 995 912
f 996 912 995
f 912 996 913
f 997 913 996
f 913 997 914
f 998 914 997
f 914 998 915
f 999 915 998
f 915 999 1000
f 915 1000 916
f 916 1000 1001
f 916 1001 917
f 917 1001 1002
f 917 1002 918
f 918 1002 1003
f 918 1003 919
f 919 1003 1004
f 919 1004 920
f 920 1004 1005
f 920 1005 921
f 921 1005 922
f 1006 922 1005
f 922 1006 923
f 1007 923 1006
f 923 1007 924
f 1008 924 1007
f 924 1008 925
f 1009 925 1008
f 925 1009 842
f 926 842 1009
f 926 1010 1011
f 926 1011 927
f 927 1011 1012
f 927 1012 928
f 928 1012 1013
f 928 1013 929
f 929 1013 1014
f 929 1014 930
f 930 1014 1015
f 930 1015 931
f 931 1015 1016
f 931 1016 932
f 932 1016 1017
f 932 1017 933
f 933 1017 1018
f 933 1018 934
f 934 1018 1019
f 934 1019 935
f 935 1019 936
f 1020 936 1019
f 936 1020 937
f 1021 937 1020
f 937 1021 938
f 1022 938 1021
f 938 1022 939
f 1023 939 1022
f 939 1023 940
f 1024 940 1023
f 940 1024 941
f 1025 941 1024
f 941 1025 942
f 1026 942 1025
f 942 1026 943
f 1027 943 1026
f 943 1027 944
f 1028 944 1027
f 944 1028 945
f 1029 945 1028
f 945 1029 1030
f 945 1030 946
f 946 1030 1031
f 946 1031 947
f 947 1031 1032
f 947 1032 948
f 948 1032 1033
f 948 1033 949
f 949 1033 950
f 1034 950 1033
f 950 1034 951
f 1035 951 1034
f 951 1035 952
f 1036 952 1035
f 952 1036 953
f 1037 953 1036
f 953 1037 954
f 1038 954 1037
f 954 1038 955
f 1039 955 1038
f 955 1039 1040
f 955 1040 956
f 956 1040 1041
f 956 1041 957
f 957 1041 1042
f 957 1042 958
f 958 1042 1043
f 958 1043 959
f 959 1043 1044
f 959 1044 960
f 960 1044 1045
f 960 1045 961
f 961 1045 1046
f 961 1046 962
f 962 1046 1047
f 962 1047 963
f 963 1047 1048
f 963 1048 964
f 964 1048 965
f 1049 965 1048
f 965 1049 966
f 1050 966 1049
f 966 1050 967
f 1051 967 1050
f 967 1051 968
f 1052 968 1051
f 968 1052 969
f 1053 969 1052
f 969 1053 970
f 1054 970 1053
f 970 1054 1055
f 970 1055 971
f 971 1055 1056
f 971 1056 972
f 972 1056 1057
f 972 1057 973
f 973 1057 1058
f 973 1058 974
f 974 1058 1059
f 974 1059 975
f 975 1059 1060
f 975 1060 976
f 976 1060 1061
f 976 1061 977
f 977 1061 978
f 1062 978 1061
f 978 1062 979
f 1063 979 1062
f 979 1063 980
f 1064 980 1063
f 980 1064 981
f 1065 981 1064
f 981 1065 982
f 1066 982 1065
f 982 1066 983
f 1067 983 1066
f 983 1067 984
f 1068 984 1067
f 984 1068 1069
f 984 1069 985
f 985 1069 1070
f 985 1070 986
f 986 1070 1071
f 986 1071 987
f 987 1071 1072
f 987 1072 988
f 988 1072 1073
f 988 1073 989
f 989 1073 1074
f 989 1074 990
f 990 1074 1075
f 990 1075 991
f 991 1075 992
f 1076 992 1075
f 992 1076 993
f 1077 993 1076
f 993 1077 994
f 1078 994 1077
f 994 1078 995
f 1079 995 1078
f 995 1079 996
f 1080 996 1079
f 996 1080 997
f 1081 997 1080
f 997 1081 998
f 1082 998 1081
f 998 1082 999
f 1083 999 1082
f 999 1083 1084
f 999 1084 1000
f 1000 1084 1085
f 1000 1085 1001
f 1001 1085 1086
f 1001 1086 1002
f 1002 1086 1087
f 1002 1087 1003
f 1003 1087 1088
f 1003 1088 1004
f 1004 1088 1089
f 1004 1089 1005
f 1005 1089 1006
f 1090 1006 1089
f 1006 1090 1007
f 1091 1007 1090
f 1007 1091 1008
f 1092 1008 1091
f 1008 1092 1009
f 1093 1009 1092
f 1009 1093 926
f 1010 926 1093
f 1010 1 2
f 1010 2 1011
f 1011 2 3
f 1011 3 1012
f 1012 3 4
f 1012 4 1013
f 1013 4 5
f 1013 5 1014
f 1014 5 6
f 1014 6 1015
f 1015 6 7
f 1015 7 1016
f 1016 7 8
f 1016 8 1017
f 1017 8 9
f 1017 9 1018
f 1018 9 10
f 1018 10 1019
f 11 1020 10
f 1019 10 1020
f 12 1021 11
f 1020 11 1021
f 13 1022 12
f 1021 12 1022
f 14 1023 13
f 1022 13 1023
f 15 1024 14
f 1023 14 1024
f 16 1025 15
f 1024 15 1025
f 17 1026 16
f 1025 16 1026
f 18 1027 17
f 1026 17 1027
f 19 1028 18
f 1027 18 1028
f 20 1029 19
f 1028 19 1029
f 1029 20 21
f 1029 21 1030
f 1030 21 22
f 1030 22 1031
f 1031 22 23
f 1031 23 1032
f 1032 23 24
f 1032 24 1033
f 25 1034 24
f 1033 24 1034
f 26 1035 25
f 1034 25 1035
f 27 1036 26
f 1035 26 1036
f 28 1037 27
f 1036 27 1037
f 29 1038 28
f 1037 28 1038
f 30 1039 29
f 1038 29 1039
f 1039 30 31
f 1039 31 1040
f 1040 31 32
f 1040 32 1041
f 1041 32 33
f 1041 33 1042
f 1042 33 34
f 1042 34 1043
f 1043 34 35
f 1043 35 1044
f 1044 35 36
f 1044 36 1045
f 1045 36 37
f 1045 37 1046
f 1046 37 38
f 1046 38 1047
f 1047 38 39
f 1047 39 1048
f 40 1049 39
f 1048 39 1049
f 41 1050 40
f 1049 40 1050
f 42 1051 41
f 1050 41 1051
f 43 1052 42
f 1051 42 1052
f 44 1053 43
f 1052 43 1053
f 45 1054 44
f 1053 44 1054
f 1054 45 46
f 1054 46 1055
f 1055 46 47
f 1055 47 1056
f 1056 47 48
f 1056 48 1057
f 1057 48 49
f 1057 49 1058
f 1058 49 50
f 1058 50 1059
f 1059 50 51
f 1059 51 1060
f 1060 51 52
f 1060 52 1061
f 53 1062 52
f 1061 52 1062
f 54 1063 53
f 1062 53 1063
f 55 1064 54
f 1063 54 1064
f 56 1065 55
f 1064 55 1065
f 57 1066 56
f 1065 56 1066
f 58 1067 57
f 1066 57 1067
f 59 1068 58
f 1067 58 1068
f 1068 59 60
f 1068 60 1069
f 1069 60 61
f 1069 61 1070
f 1070 61 62
f 1070 62 1071
f 1071 62 63
f 1071 63 1072
f 1072 63 64
f 1072 64 1073
f 1073 64 65
f 1073 65 1074
f 1074 65 66
f 1074 66 1075
f 67 1076 66
f 1075 66 1076
f 68 1077 67
f 1076 67 1077
f 69 1078 68
f 1077 68 1078
f 70 1079 69
f 1078 69 1079
f 71 1080 70
f 1079 70 1080
f 72 1081 71
f 1080 71 1081
f 73 1082 72
f 1081 72 1082
f 74 1083 73
f 1082 73 1083
f 1083 74 75
f 1083 75 1084
f 1084 75 76
f 1084 76 1085
f 1085 76 77
f 1085 77 1086
f 1086 77 78
f 1086 78 1087
f 1087 78 79
f 1087 79 1088
f 1088 79 80
f 1088 80 1089
f 81 1090 80
f 1089 80 1090
f 82 1091 81
f 1090 81 1091
f 83 1092 82
f 1091 82 1092
f 84 1093 83
f 1092 83 1093
f 1 1010 84
f 1093 84 1010
f 1243 1162 1242
f 1244 1161 1243
f 1162 1243 1161
f 1163 1242 1162
f 1164 1241 1163
f 1159 1165 1166
f 1159 1166 1167
f 1159 1167 1168
f 1159 1168 1169
f 1159 1169 1170
f 1159 1170 1180
f 1171 1179 1170
f 1172 1178 1171
f 1173 1177 1172
f 1174 1176 1173
f 1175 1176 1174
f 1177 1173 1176
f 1178 1172 1177
f 1179 1171 1178
f 1180 1170 1179
f 1159 1180 1181
f 1159 1181 1182
f 1159 1182 1183
f 1159 1183 1184
f 1159 1184 1194
f 1185 1194 1184
f 1186 1193 1185
f 1187 1192 1186
f 1188 1191 1187
f 1189 1190 1188
f 1190 1191 1188
f 1192 1187 1191
f 1193 1186 1192
f 1193 1194 1185
f 1159 1194 1195
f 1159 1195 1196
f 1159 1196 1197
f 1159 1197 1198
f 1159 1198 1199
f 1159 1199 1210
f 1200 1209 1199
f 1201 1208 1200
f 1202 1207 1201
f 1203 1206 1202
f 1204 1205 1203
f 1205 1206 1203
f 1207 1202 1206
f 1208 1201 1207
f 1209 1200 1208
f 1209 1210 1199
f 1159 1210 1220
f 1211 1219 1210
f 1212 1218 1211
f 1213 1217 1212
f 1214 1216 1213
f 1215 1216 1214
f 1217 1213 1216
f 1218 1212 1217
f 1219 1211 1218
f 1220 1210 1219
f 1159 1220 1221
f 1159 1221 1222
f 1159 1222 1223
f 1159 1223 1224
f 1159 1224 1225
f 1159 1225 1226
f 1159 1226 1227
f 1159 1227 1228
f 1159 1228 1229
f 1159 1229 1239
f 1230 1239 1229
f 1231 1238 1230
f 1232 1237 1231
f 1233 1236 1232
f 1234 1235 1233
f 1235 1236 1233
f 1237 1232 1236
f 1238 1231 1237
f 1239 1230 1238
f 1159 1239 1240
f 1159 1240 1165
f 1165 1240 1164
f 1241 1164 1240
f 1242 1163 1241
f 1160 1161 1244
f 1160 1327 1248
f 1248 1249 1160
f 1246 1247 1328
f 1250 1251 1160
f 1248 1327 1247
f 1162 1161 1251
f 1249 1250 1160
f 1163 1162 1252
f 1161 1160 1251
f 1165 1164 1252
f 1251 1252 1162
f 1166 1165 1253
f 1164 1163 1252
f 1167 1166 1253
f 1252 1253 1165
f 1167 1253 1168
f 1168 1253 1169
f 1254 1169 1253
f 1169 1254 1170
f 1170 1254 1171
f 1171 1254 1172
f 1255 1172 1254
f 1172 1255 1173
f 1173 1255 1174
f 1174 1255 1175
f 1256 1175 1255
f 1257 1175 1256
f 1262 1263 1257
f 1258 1262 1257
f 1259 1261 1258
f 1260 1261 1259
f 1263 1264 1175
f 1261 1262 1258
f 1176 1175 1265
f 1175 1257 1263
f 1265 1266 1177
f 1264 1265 1175
f 1179 1178 1266
f 1177 1176 1265
f 1180 1179 1266
f 1178 1177 1266
f 1181 1180 1267
f 1266 1267 1180
f 1181 1267 1182
f 1182 1267 1183
f 1183 1267 1184
f 1268 1184 1267
f 1184 1268 1185
f 1185 1268 1186
f 1186 1268 1187
f 1269 1187 1268
f 1187 1269 1188
f 1188 1269 1189
f 1270 1189 1269
f 1271 1189 1270
f 1271 1272 1277
f 1276 1277 1272
f 1275 1276 1273
f 1274 1275 1273
f 1277 1278 1189
f 1272 1273 1276
f 1190 1189 1279
f 1189 1271 1277
f 1192 1191 1279
f 1278 1279 1189
f 1193 1192 1280
f 1191 1190 1279
f 1194 1193 1280
f 1279 1280 1192
f 1194 1280 1195
f 1195 1280 1281
f 1195 1281 1196
f 1196 1281 1197
f 1197 1281 1198
f 1198 1281 1199
f 1282 1199 1281
f 1199 1282 1200
f 1200 1282 1201
f 1201 1282 1202
f 1283 1202 1282
f 1202 1283 1203
f 1203 1283 1204
f 1284 1204 1283
f 1285 1204 1284
f 1286 1204 1285
f 1286 1287 1292
f 1291 1292 1287
f 1290 1291 1288
f 1289 1290 1288
f 1292 1293 1204
f 1287 1288 1291
f 1205 1204 1294
f 1204 1286 1292
f 1294 1295 1206
f 1293 1294 1204
f 1208 1207 1295
f 1206 1205 1294
f 1209 1208 1295
f 1207 1206 1295
f 1209 1295 1210
f 1210 1295 1211
f 1296 1211 1295
f 1211 1296 1212
f 1212 1296 1213
f 1213 1296 1214
f 1214 1296 1215
f 1297 1215 1296
f 1302 1303 1297
f 1298 1302 1297
f 1299 1301 1298
f 1300 1301 1299
f 1303 1304 1215
f 1301 1302 1298
f 1305 1306 1215
f 1215 1297 1303
f 1217 1216 1306
f 1304 1305 1215
f 1218 1217 1307
f 1216 1215 1306
f 1307 1308 1219
f 1306 1307 1217
f 1221 1220 1308
f 1219 1218 1307
f 1222 1221 1308
f 1220 1219 1308
f 1223 1222 1309
f 1308 1309 1222
f 1223 1309 1224
f 1224 1309 1310
f 1224 1310 1225
f 1225 1310 1226
f 1226 1310 1227
f 1311 1227 1310
f 1227 1311 1228
f 1228 1311 1229
f 1229 1311 1230
f 1312 1230 1311
f 1230 1312 1231
f 1231 1312 1232
f 1313 1232 1312
f 1232 1313 1233
f 1233 1313 1234
f 1314 1234 1313
f 1315 1234 1314
f 1316 1234 1315
f 1316 1317 1322
f 1321 1322 1317
f 1320 1321 1318
f 1319 1320 1318
f 1322 1323 1234
f 1317 1318 1321
f 1236 1235 1323
f 1234 1316 1322
f 1237 1236 1323
f 1235 1234 1323
f 1237 1323 1238
f 1238 1323 1324
f 1238 1324 1239
f 1239 1324 1240
f 1240 1324 1241
f 1241 1324 1242
f 1242 1324 1243
f 1325 1243 1324
f 1243 1325 1244
f 1244 1325 1160
f 1326 1160 1325
f 1327 1160 1326
f 1328 1247 1327
f 1329 1246 1328
f 1245 1246 1329
f 1413 1245 1412
f 1333 1334 1245
f 1331 1332 1413
f 1334 1335 1246
f 1332 1333 1245
f 1248 1247 1335
f 1246 1245 1334
f 1249 1248 1336
f 1247 1246 1335
f 1250 1249 1336
f 1335 1336 1248
f 1251 1250 1337
f 1336 1337 1250
f 1251 1337 1252
f 1252 1337 1338
f 1252 1338 1253
f 1253 1338 1254
f 1339 1254 1338
f 1254 1339 1255
f 1340 1255 1339
f 1255 1340 1256
f 1256 1340 1257
f 1341 1257 1340
f 1257 1341 1258
f 1258 1341 1259
f 1342 1259 1341
f 1259 1342 1260
f 1343 1260 1342
f 1260 1343 1347
f 1344 1346 1343
f 1345 1346 1344
f 1261 1260 1348
f 1346 1347 1343
f 1262 1261 1349
f 1347 1348 1260
f 1263 1262 1350
f 1348 1349 1261
f 1264 1263 1350
f 1349 1350 1262
f 1265 1264 1351
f 1350 1351 1264
f 1265 1351 1266
f 1266 1351 1352
f 1266 1352 1267
f 1267 1352 1268
f 1353 1268 1352
f 1268 1353 1269
f 1269 1353 1270
f 1354 1270 1353
f 1270 1354 1271
f 1271 1354 1272
f 1355 1272 1354
f 1272 1355 1273
f 1356 1273 1355
f 1273 1356 1274
f 1357 1274 1356
f 1274 1357 1361
f 1360 1361 1358
f 1359 1360 1358
f 1275 1274 1362
f 1357 1358 1361
f 1276 1275 1363
f 1361 1362 1274
f 1277 1276 1363
f 1362 1363 1275
f 1278 1277 1364
f 1363 1364 1277
f 1278 1364 1279
f 1279 1364 1365
f 1279 1365 1280
f 1280 1365 1366
f 1280 1366 1281
f 1281 1366 1282
f 1367 1282 1366
f 1282 1367 1283
f 1283 1367 1284
f 1368 1284 1367
f 1284 1368 1285
f 1285 1368 1286
f 1369 1286 1368
f 1286 1369 1287
f 1287 1369 1288
f 1370 1288 1369
f 1288 1370 1289
f 1371 1289 1370
f 1372 1289 1371
f 1289 1372 1376
f 1375 1376 1373
f 1374 1375 1373
f 1377 1378 1289
f 1372 1373 1376
f 1291 1290 1378
f 1376 1377 1289
f 1292 1291 1379
f 1290 1289 1378
f 1293 1292 1379
f 1378 1379 1291
f 1294 1293 1380
f 1379 1380 1293
f 1294 1380 1295
f 1295 1380 1296
f 1381 1296 1380
f 1296 1381 1297
f 1297 1381 1298
f 1382 1298 1381
f 1298 1382 1299
f 1299 1382 1300
f 1383 1300 1382
f 1300 1383 1387
f 1384 1386 1383
f 1385 1386 1384
f 1388 1389 1300
f 1386 1387 1383
f 1389 1390 1301
f 1387 1388 1300
f 1303 1302 1390
f 1301 1300 1389
f 1304 1303 1391
f 1302 1301 1390
f 1305 1304 1392
f 1390 1391 1303
f 1306 1305 1392
f 1391 1392 1304
f 1307 1306 1393
f 1392 1393 1306
f 1307 1393 1308
f 1308 1393 1394
f 1308 1394 1309
f 1309 1394 1395
f 1309 1395 1310
f 1310 1395 1311
f 1396 1311 1395
f 1311 1396 1312
f 1312 1396 1313
f 1397 1313 1396
f 1313 1397 1314
f 1314 1397 1315
f 1398 1315 1397
f 1315 1398 1316
f 1399 1316 1398
f 1316 1399 1317
f 1317 1399 1318
f 1400 1318 1399
f 1318 1400 1319
f 1401 1319 1400
f 1402 1319 1401
f 1319 1402 1406
f 1405 1406 1403
f 1404 1405 1403
f 1320 1319 1407
f 1402 1403 1406
f 1321 1320 1407
f 1406 1407 1319
f 1322 1321 1408
f 1407 1408 1321
f 1322 1408 1323
f 1323 1408 1409
f 1323 1409 1324
f 1324 1409 1325
f 1325 1409 1326
f 1410 1326 1409
f 1326 1410 1327
f 1327 1410 1328
f 1411 1328 1410
f 1328 1411 1329
f 1329 1411 1245
f 1412 1245 1411
f 1245 1413 1332
f 1414 1331 1413
f 1330 1331 1414
f 1417 1498 1416
f 1331 1330 1418
f 1499 1416 1498
f 1332 1331 1419
f 1417 1418 1330
f 1333 1332 1420
f 1418 1419 1331
f 1334 1333 1420
f 1419 1420 1332
f 1335 1334 1421
f 1420 1421 1334
f 1336 1335 1422
f 1421 1422 1335
f 1336 1422 1337
f 1337 1422 1423
f 1337 1423 1338
f 1338 1423 1339
f 1424 1339 1423
f 1339 1424 1340
f 1425 1340 1424
f 1340 1425 1341
f 1341 1425 1342
f 1426 1342 1425
f 1342 1426 1343
f 1427 1343 1426
f 1343 1427 1344
f 1344 1427 1345
f 1428 1345 1427
f 1429 1345 1428
f 1345 1429 1431
f 1430 1431 1429
f 1346 1345 1433
f 1431 1432 1345
f 1347 1346 1433
f 1432 1433 1345
f 1348 1347 1434
f 1433 1434 1347
f 1349 1348 1435
f 1434 1435 1348
f 1349 1435 1350
f 1350 1435 1436
f 1350 1436 1351
f 1351 1436 1437
f 1351 1437 1352
f 1352 1437 1353
f 1438 1353 1437
f 1353 1438 1354
f 1439 1354 1438
f 1354 1439 1355
f 1355 1439 1356
f 1440 1356 1439
f 1356 1440 1357
f 1441 1357 1440
f 1357 1441 1358
f 1358 1441 1359
f 1442 1359 1441
f 1443 1359 1442
f 1359 1443 1445
f 1444 1445 1443
f 1360 1359 1447
f 1445 1446 1359
f 1361 1360 1447
f 1446 1447 1359
f 1362 1361 1448
f 1447 1448 1361
f 1363 1362 1449
f 1448 1449 1362
f 1363 1449 1364
f 1364 1449 1450
f 1364 1450 1365
f 1365 1450 1451
f 1365 1451 1366
f 1366 1451 1367
f 1452 1367 1451
f 1367 1452 1368
f 1368 1452 1369
f 1453 1369 1452
f 1369 1453 1370
f 1454 1370 1453
f 1370 1454 1371
f 1371 1454 1372
f 1455 1372 1454
f 1372 1455 1373
f 1456 1373 1455
f 1373 1456 1374
f 1457 1374 1456
f 1374 1457 1461
f 1460 1461 1458
f 1459 1460 1458
f 1375 1374 1462
f 1457 1458 1461
f 1376 1375 1463
f 1461 1462 1374
f 1377 1376 1463
f 1462 1463 1375
f 1378 1377 1464
f 1463 1464 1377
f 1378 1464 1379
f 1379 1464 1465
f 1379 1465 1380
f 1380 1465 1381
f 1466 1381 1465
f 1381 1466 1382
f 1467 1382 1466
f 1382 1467 1383
f 1383 1467 1384
f 1468 1384 1467
f 1384 1468 1385
f 1385 1468 1471
f 1469 1471 1468
f 1470 1471 1469
f 1386 1385 1473
f 1471 1472 1385
f 1387 1386 1474
f 1472 1473 1385
f 1388 1387 1475
f 1473 1474 1386
f 1389 1388 1475
f 1474 1475 1387
f 1390 1389 1476
f 1475 1476 1389
f 1391 1390 1477
f 1476 1477 1390
f 1391 1477 1392
f 1392 1477 1478
f 1392 1478 1393
f 1393 1478 1479
f 1393 1479 1394
f 1394 1479 1480
f 1394 1480 1395
f 1395 1480 1396
f 1481 1396 1480
f 1396 1481 1397
f 1482 1397 1481
f 1397 1482 1398
f 1398 1482 1399
f 1483 1399 1482
f 1399 1483 1400
f 1484 1400 1483
f 1400 1484 1401
f 1401 1484 1402
f 1485 1402 1484
f 1402 1485 1403
f 1486 1403 1485
f 1403 1486 1404
f 1487 1404 1486
f 1488 1404 1487
f 1404 1488 1491
f 1489 1490 1488
f 1405 1404 1491
f 1490 1491 1488
f 1406 1405 1492
f 1491 1492 1405
f 1406 1492 1407
f 1407 1492 1493
f 1407 1493 1408
f 1408 1493 1494
f 1408 1494 1409
f 1409 1494 1410
f 1495 1410 1494
f 1410 1495 1411
f 1411 1495 1412
f 1496 1412 1495
f 1412 1496 1413
f 1413 1496 1414
f 1497 1414 1496
f 1414 1497 1330
f 1498 1330 1497
f 1330 1498 1417
f 1415 1416 1499
f 1415 1584 1501
f 1416 1415 1503
f 1501 1502 1415
f 1417 1416 1503
f 1502 1503 1415
f 1418 1417 1504
f 1503 1504 1417
f 1419 1418 1505
f 1504 1505 1418
f 1420 1419 1506
f 1505 1506 1419
f 1420 1506 1421
f 1421 1506 1507
f 1421 1507 1422
f 1422 1507 1508
f 1422 1508 1423
f 1423 1508 1424
f 1509 1424 1508
f 1424 1509 1425
f 1510 1425 1509
f 1425 1510 1426
f 1511 1426 1510
f 1426 1511 1427
f 1427 1511 1428
f 1512 1428 1511
f 1428 1512 1429
f 1513 1429 1512
f 1429 1513 1430
f 1514 1430 1513
f 1430 1514 1516
f 1515 1516 1514
f 1431 1430 1517
f 1516 1517 1430
f 1432 1431 1518
f 1517 1518 1431
f 1433 1432 1519
f 1518 1519 1432
f 1433 1519 1434
f 1434 1519 1520
f 1434 1520 1435
f 1435 1520 1521
f 1435 1521 1436
f 1436 1521 1522
f 1436 1522 1437
f 1437 1522 1438
f 1523 1438 1522
f 1438 1523 1439
f 1524 1439 1523
f 1439 1524 1440
f 1525 1440 1524
f 1440 1525 1441
f 1441 1525 1442
f 1526 1442 1525
f 1442 1526 1443
f 1527 1443 1526
f 1443 1527 1444
f 1528 1444 1527
f 1444 1528 1530
f 1529 1530 1528
f 1445 1444 1531
f 1530 1531 1444
f 1446 1445 1532
f 1531 1532 1445
f 1447 1446 1533
f 1532 1533 1446
f 1447 1533 1448
f 1448 1533 1534
f 1448 1534 1449
f 1449 1534 1535
f 1449 1535 1450
f 1450 1535 1536
f 1450 1536 1451
f 1451 1536 1452
f 1537 1452 1536
f 1452 1537 1453
f 1538 1453 1537
f 1453 1538 1454
f 1454 1538 1455
f 1539 1455 1538
f 1455 1539 1456
f 1540 1456 1539
f 1456 1540 1457
f 1541 1457 1540
f 1457 1541 1458
f 1458 1541 1459
f 1542 1459 1541
f 1543 1459 1542
f 1459 1543 1545
f 1544 1545 1543
f 1460 1459 1546
f 1545 1546 1459
f 1461 1460 1547
f 1546 1547 1460
f 1462 1461 1548
f 1547 1548 1461
f 1462 1548 1463
f 1463 1548 1549
f 1463 1549 1464
f 1464 1549 1550
f 1464 1550 1465
f 1465 1550 1466
f 1551 1466 1550
f 1466 1551 1467
f 1552 1467 1551
f 1467 1552 1468
f 1468 1552 1469
f 1553 1469 1552
f 1469 1553 1470
f 1554 1470 1553
f 1470 1554 1556
f 1555 1556 1554
f 1471 1470 1558
f 1556 1557 1470
f 1472 1471 1558
f 1557 1558 1470
f 1473 1472 1559
f 1558 1559 1472
f 1474 1473 1560
f 1559 1560 1473
f 1475 1474 1561
f 1560 1561 1474
f 1476 1475 1562
f 1561 1562 1475
f 1476 1562 1477
f 1477 1562 1563
f 1477 1563 1478
f 1478 1563 1564
f 1478 1564 1479
f 1479 1564 1565
f 1479 1565 1480
f 1480 1565 1481
f 1566 1481 1565
f 1481 1566 1482
f 1567 1482 1566
f 1482 1567 1483
f 1568 1483 1567
f 1483 1568 1484
f 1484 1568 1485
f 1569 1485 1568
f 1485 1569 1486
f 1570 1486 1569
f 1486 1570 1487
f 1571 1487 1570
f 1487 1571 1488
f 1488 1571 1489
f 1572 1489 1571
f 1573 1489 1572
f 1489 1573 1575
f 1574 1575 1573
f 1490 1489 1576
f 1575 1576 1489
f 1491 1490 1577
f 1576 1577 1490
f 1491 1577 1492
f 1492 1577 1578
f 1492 1578 1493
f 1493 1578 1579
f 1493 1579 1494
f 1494 1579 1495
f 1580 1495 1579
f 1495 1580 1496
f 1581 1496 1580
f 1496 1581 1497
f 1497 1581 1498
f 1582 1498 1581
f 1498 1582 1499
f 1583 1499 1582
f 1499 1583 1415
f 1584 1415 1583
f 1500 1501 1584
f 1500 1669 1586
f 1501 1500 1587
f 1586 1587 1500
f 1502 1501 1588
f 1587 1588 1501
f 1503 1502 1589
f 1588 1589 1502
f 1504 1503 1590
f 1589 1590 1503
f 1504 1590 1505
f 1505 1590 1591
f 1505 1591 1506
f 1506 1591 1592
f 1506 1592 1507
f 1507 1592 1593
f 1507 1593 1508
f 1508 1593 1509
f 1594 1509 1593
f 1509 1594 1510
f 1595 1510 1594
f 1510 1595 1511
f 1596 1511 1595
f 1511 1596 1512
f 1597 1512 1596
f 1512 1597 1513
f 1513 1597 1514
f 1598 1514 1597
f 1514 1598 1515
f 1599 1515 1598
f 1515 1599 1601
f 1600 1601 1599
f 1516 1515 1602
f 1601 1602 1515
f 1517 1516 1603
f 1602 1603 1516
f 1518 1517 1604
f 1603 1604 1517
f 1518 1604 1519
f 1519 1604 1605
f 1519 1605 1520
f 1520 1605 1606
f 1520 1606 1521
f 1521 1606 1607
f 1521 1607 1522
f 1522 1607 1523
f 1608 1523 1607
f 1523 1608 1524
f 1609 1524 1608
f 1524 1609 1525
f 1610 1525 1609
f 1525 1610 1526
f 1526 1610 1527
f 1611 1527 1610
f 1527 1611 1528
f 1612 1528 1611
f 1528 1612 1529
f 1613 1529 1612
f 1529 1613 1615
f 1614 1615 1613
f 1530 1529 1616
f 1615 1616 1529
f 1531 1530 1617
f 1616 1617 1530
f 1531 1617 1532
f 1532 1617 1618
f 1532 1618 1533
f 1533 1618 1619
f 1533 1619 1534
f 1534 1619 1620
f 1534 1620 1535
f 1535 1620 1621
f 1535 1621 1536
f 1536 1621 1537
f 1622 1537 1621
f 1537 1622 1538
f 1623 1538 1622
f 1538 1623 1539
f 1624 1539 1623
f 1539 1624 1540
f 1540 1624 1541
f 1625 1541 1624
f 1541 1625 1542
f 1626 1542 1625
f 1542 1626 1543
f 1627 1543 1626
f 1543 1627 1544
f 1628 1544 1627
f 1544 1628 1630
f 1629 1630 1628
f 1545 1544 1631
f 1630 1631 1544
f 1546 1545 1632
f 1631 1632 1545
f 1547 1546 1633
f 1632 1633 1546
f 1547 1633 1548
f 1548 1633 1634
f 1548 1634 1549
f 1549 1634 1635
f 1549 1635 1550
f 1550 1635 1551
f 1636 1551 1635
f 1551 1636 1552
f 1637 1552 1636
f 1552 1637 1553
f 1638 1553 1637
f 1553 1638 1554
f 1554 1638 1555
f 1639 1555 1638
f 1555 1639 1641
f 1640 1641 1639
f 1556 1555 1642
f 1641 1642 1555
f 1557 1556 1643
f 1642 1643 1556
f 1558 1557 1644
f 1643 1644 1557
f 1559 1558 1645
f 1644 1645 1558
f 1560 1559 1646
f 1645 1646 1559
f 1560 1646 1561
f 1561 1646 1647
f 1561 1647 1562
f 1562 1647 1648
f 1562 1648 1563
f 1563 1648 1649
f 1563 1649 1564
f 1564 1649 1650
f 1564 1650 1565
f 1565 1650 1566
f 1651 1566 1650
f 1566 1651 1567
f 1652 1567 1651
f 1567 1652 1568
f 1653 1568 1652
f 1568 1653 1569
f 1569 1653 1570
f 1654 1570 1653
f 1570 1654 1571
f 1655 1571 1654
f 1571 1655 1572
f 1656 1572 1655
f 1572 1656 1573
f 1657 1573 1656
f 1573 1657 1574
f 1658 1574 1657
f 1574 1658 1660
f 1659 1660 1658
f 1575 1574 1661
f 1660 1661 1574
f 1575 1661 1576
f 1576 1661 1662
f 1576 1662 1577
f 1577 1662 1663
f 1577 1663 1578
f 1578 1663 1664
f 1578 1664 1579
f 1579 1664 1580
f 1665 1580 1664
f 1580 1665 1581
f 1666 1581 1665
f 1581 1666 1582
f 1582 1666 1583
f 1667 1583 1666
f 1583 1667 1584
f 1668 1584 1667
f 1584 1668 1500
f 1669 1500 1668
f 1585 1586 1669
f 1585 1754 1671
f 1586 1585 1672
f 1671 1672 1585
f 1587 1586 1673
f 1672 1673 1586
f 1588 1587 1674
f 1673 1674 1587
f 1589 1588 1675
f 1674 1675 1588
f 1589 1675 1590
f 1590 1675 1676
f 1590 1676 1591
f 1591 1676 1677
f 1591 1677 1592
f 1592 1677 1678
f 1592 1678 1593
f 1593 1678 1594
f 1679 1594 1678
f 1594 1679 1595
f 1680 1595 1679
f 1595 1680 1596
f 1681 1596 1680
f 1596 1681 1597
f 1682 1597 1681
f 1597 1682 1598
f 1598 1682 1599
f 1683 1599 1682
f 1599 1683 1600
f 1684 1600 1683
f 1600 1684 1686
f 1685 1686 1684
f 1601 1600 1687
f 1686 1687 1600
f 1602 1601 1688
f 1687 1688 1601
f 1602 1688 1603
f 1603 1688 1689
f 1603 1689 1604
f 1604 1689 1690
f 1604 1690 1605
f 1605 1690 1691
f 1605 1691 1606
f 1606 1691 1692
f 1606 1692 1607
f 1607 1692 1608
f 1693 1608 1692
f 1608 1693 1609
f 1694 1609 1693
f 1609 1694 1610
f 1695 1610 1694
f 1610 1695 1611
f 1696 1611 1695
f 1611 1696 1612
f 1612 1696 1613
f 1697 1613 1696
f 1613 1697 1614
f 1698 1614 1697
f 1614 1698 1700
f 1699 1700 1698
f 1615 1614 1701
f 1700 1701 1614
f 1616 1615 1702
f 1701 1702 1615
f 1616 1702 1617
f 1617 1702 1703
f 1617 1703 1618
f 1618 1703 1704
f 1618 1704 1619
f 1619 1704 1705
f 1619 1705 1620
f 1620 1705 1706
f 1620 1706 1621
f 1621 1706 1622
f 1707 1622 1706
f 1622 1707 1623
f 1708 1623 1707
f 1623 1708 1624
f 1709 1624 1708
f 1624 1709 1625
f 1625 1709 1626
f 1710 1626 1709
f 1626 1710 1627
f 1711 1627 1710
f 1627 1711 1628
f 1712 1628 1711
f 1628 1712 1629
f 1713 1629 1712
f 1629 1713 1715
f 1714 1715 1713
f 1630 1629 1716
f 1715 1716 1629
f 1631 1630 1717
f 1716 1717 1630
f 1631 1717 1632
f 1632 1717 1718
f 1632 1718 1633
f 1633 1718 1719
f 1633 1719 1634
f 1634 1719 1720
f 1634 1720 1635
f 1635 1720 1636
f 1721 1636 1720
f 1636 1721 1637
f 1722 1637 1721
f 1637 1722 1638
f 1723 1638 1722
f 1638 1723 1639
f 1724 1639 1723
f 1639 1724 1640
f 1640 1724 1726
f 1725 1726 1724
f 1641 1640 1727
f 1726 1727 1640
f 1642 1641 1728
f 1727 1728 1641
f 1643 1642 1729
f 1728 1729 1642
f 1644 1643 1730
f 1729 1730 1643
f 1644 1730 1645
f 1645 1730 1731
f 1645 1731 1646
f 1646 1731 1732
f 1646 1732 1647
f 1647 1732 1733
f 1647 1733 1648
f 1648 1733 1734
f 1648 1734 1649
f 1649 1734 1735
f 1649 1735 1650
f 1650 1735 1651
f 1736 1651 1735
f 1651 1736 1652
f 1737 1652 1736
f 1652 1737 1653
f 1738 1653 1737
f 1653 1738 1654
f 1739 1654 1738
f 1654 1739 1655
f 1655 1739 1656
f 1740 1656 1739
f 1656 1740 1657
f 1741 1657 1740
f 1657 1741 1658
f 1742 1658 1741
f 1658 1742 1659
f 1743 1659 1742
f 1659 1743 1745
f 1744 1745 1743
f 1659 1745 1660
f 1660 1745 1746
f 1660 1746 1661
f 1661 1746 1747
f 1661 1747 1662
f 1662 1747 1748
f 1662 1748 1663
f 1663 1748 1749
f 1663 1749 1664
f 1664 1749 1665
f 1750 1665 1749
f 1665 1750 1666
f 1751 1666 1750
f 1666 1751 1667
f 1752 1667 1751
f 1667 1752 1668
f 1668 1752 1669
f 1753 1669 1752
f 1669 1753 1585
f 1754 1585 1753
f 1670 1671 1754
f 1670 1839 1756
f 1671 1670 1757
f 1756 1757 1670
f 1672 1671 1758
f 1757 1758 1671
f 1673 1672 1759
f 1758 1759 1672
f 1673 1759 1674
f 1674 1759 1760
f 1674 1760 1675
f 1675 1760 1761
f 1675 1761 1676
f 1676 1761 1762
f 1676 1762 1677
f 1677 1762 1763
f 1677 1763 1678
f 1678 1763 1679
f 1764 1679 1763
f 1679 1764 1680
f 1765 1680 1764
f 1680 1765 1681
f 1766 1681 1765
f 1681 1766 1682
f 1767 1682 1766
f 1682 1767 1683
f 1768 1683 1767
f 1683 1768 1684
f 1684 1768 1685
f 1769 1685 1768
f 1685 1769 1771
f 1770 1771 1769
f 1686 1685 1772
f 1771 1772 1685
f 1686 1772 1687
f 1687 1772 1773
f 1687 1773 1688
f 1688 1773 1774
f 1688 1774 1689
f 1689 1774 1775
f 1689 1775 1690
f 1690 1775 1776
f 1690 1776 1691
f 1691 1776 1777
f 1691 1777 1692
f 1692 1777 1693
f 1778 1693 1777
f 1693 1778 1694
f 1779 1694 1778
f 1694 1779 1695
f 1780 1695 1779
f 1695 1780 1696
f 1781 1696 1780
f 1696 1781 1697
f 1782 1697 1781
f 1697 1782 1698
f 1698 1782 1699
f 1783 1699 1782
f 1699 1783 1785
f 1784 1785 1783
f 1700 1699 1786
f 1785 1786 1699
f 1700 1786 1701
f 1701 1786 1787
f 1701 1787 1702
f 1702 1787 1788
f 1702 1788 1703
f 1703 1788 1789
f 1703 1789 1704
f 1704 1789 1790
f 1704 1790 1705
f 1705 1790 1791
f 1705 1791 1706
f 1706 1791 1707
f 1792 1707 1791
f 1707 1792 1708
f 1793 1708 1792
f 1708 1793 1709
f 1794 1709 1793
f 1709 1794 1710
f 1795 1710 1794
f 1710 1795 1711
f 1711 1795 1712
f 1796 1712 1795
f 1712 1796 1713
f 1797 1713 1796
f 1713 1797 1714
f 1798 1714 1797
f 1714 1798 1800
f 1799 1800 1798
f 1715 1714 1801
f 1800 1801 1714
f 1715 1801 1716
f 1716 1801 1802
f 1716 1802 1717
f 1717 1802 1803
f 1717 1803 1718
f 1718 1803 1804
f 1718 1804 1719
f 1719 1804 1805
f 1719 1805 1720
f 1720 1805 1721
f 1806 1721 1805
f 1721 1806 1722
f 1807 1722 1806
f 1722 1807 1723
f 1808 1723 1807
f 1723 1808 1724
f 1809 1724 1808
f 1724 1809 1725
f 1725 1809 1811
f 1810 1811 1809
f 1726 1725 1812
f 1811 1812 1725
f 1727 1726 1813
f 1812 1813 1726
f 1728 1727 1814
f 1813 1814 1727
f 1728 1814 1729
f 1729 1814 1815
f 1729 1815 1730
f 1730 1815 1816
f 1730 1816 1731
f 1731 1816 1817
f 1731 1817 1732
f 1732 1817 1818
f 1732 1818 1733
f 1733 1818 1819
f 1733 1819 1734
f 1734 1819 1820
f 1734 1820 1735
f 1735 1820 1736
f 1821 1736 1820
f 1736 1821 1737
f 1822 1737 1821
f 1737 1822 1738
f 1823 1738 1822
f 1738 1823 1739
f 1824 1739 1823
f 1739 1824 1740
f 1825 1740 1824
f 1740 1825 1741
f 1741 1825 1742
f 1826 1742 1825
f 1742 1826 1743
f 1827 1743 1826
f 1743 1827 1744
f 1828 1744 1827
f 1744 1828 1830
f 1829 1830 1828
f 1744 1830 1745
f 1745 1830 1831
f 1745 1831 1746
f 1746 1831 1832
f 1746 1832 1747
f 1747 1832 1833
f 1747 1833 1748
f 1748 1833 1834
f 1748 1834 1749
f 1749 1834 1750
f 1835 1750 1834
f 1750 1835 1751
f 1836 1751 1835
f 1751 1836 1752
f 1837 1752 1836
f 1752 1837 1753
f 1838 1753 1837
f 1753 1838 1754
f 1754 1838 1670
f 1839 1670 1838
f 1755 1756 1839
f 1755 1924 1841
f 1756 1755 1842
f 1841 1842 1755
f 1757 1756 1843
f 1842 1843 1756
f 1757 1843 1758
f 1758 1843 1844
f 1758 1844 1759
f 1759 1844 1845
f 1759 1845 1760
f 1760 1845 1846
f 1760 1846 1761
f 1761 1846 1847
f 1761 1847 1762
f 1762 1847 1848
f 1762 1848 1763
f 1763 1848 1764
f 1849 1764 1848
f 1764 1849 1765
f 1850 1765 1849
f 1765 1850 1766
f 1851 1766 1850
f 1766 1851 1767
f 1852 1767 1851
f 1767 1852 1768
f 1853 1768 1852
f 1768 1853 1769
f 1854 1769 1853
f 1769 1854 1770
f 1770 1854 1856
f 1855 1856 1854
f 1770 1856 1771
f 1771 1856 1857
f 1771 1857 1772
f 1772 1857 1858
f 1772 1858 1773
f 1773 1858 1859
f 1773 1859 1774
f 1774 1859 1860
f 1774 1860 1775
f 1775 1860 1861
f 1775 1861 1776
f 1776 1861 1862
f 1776 1862 1777
f 1777 1862 1778
f 1863 1778 1862
f 1778 1863 1779
f 1864 1779 1863
f 1779 1864 1780
f 1865 1780 1864
f 1780 1865 1781
f 1866 1781 1865
f 1781 1866 1782
f 1867 1782 1866
f 1782 1867 1783
f 1868 1783 1867
f 1783 1868 1784
f 1869 1784 1868
f 1784 1869 1870
f 1784 1870 1785
f 1785 1870 1871
f 1785 1871 1786
f 1786 1871 1872
f 1786 1872 1787
f 1787 1872 1873
f 1787 1873 1788
f 1788 1873 1874
f 1788 1874 1789
f 1789 1874 1875
f 1789 1875 1790
f 1790 1875 1876
f 1790 1876 1791
f 1791 1876 1792
f 1877 1792 1876
f 1792 1877 1793
f 1878 1793 1877
f 1793 1878 1794
f 1879 1794 1878
f 1794 1879 1795
f 1880 1795 1879
f 1795 1880 1796
f 1881 1796 1880
f 1796 1881 1797
f 1797 1881 1798
f 1882 1798 1881
f 1798 1882 1799
f 1883 1799 1882
f 1799 1883 1885
f 1884 1885 1883
f 1800 1799 1886
f 1885 1886 1799
f 1800 1886 1801
f 1801 1886 1887
f 1801 1887 1802
f 1802 1887 1888
f 1802 1888 1803
f 1803 1888 1889
f 1803 1889 1804
f 1804 1889 1890
f 1804 1890 1805
f 1805 1890 1806
f 1891 1806 1890
f 1806 1891 1807
f 1892 1807 1891
f 1807 1892 1808
f 1893 1808 1892
f 1808 1893 1809
f 1894 1809 1893
f 1809 1894 1810
f 1810 1894 1896
f 1895 1896 1894
f 1811 1810 1897
f 1896 1897 1810
f 1812 1811 1898
f 1897 1898 1811
f 1812 1898 1813
f 1813 1898 1899
f 1813 1899 1814
f 1814 1899 1900
f 1814 1900 1815
f 1815 1900 1901
f 1815 1901 1816
f 1816 1901 1902
f 1816 1902 1817
f 1817 1902 1903
f 1817 1903 1818
f 1818 1903 1904
f 1818 1904 1819
f 1819 1904 1905
f 1819 1905 1820
f 1820 1905 1821
f 1906 1821 1905
f 1821 1906 1822
f 1907 1822 1906
f 1822 1907 1823
f 1908 1823 1907
f 1823 1908 1824
f 1909 1824 1908
f 1824 1909 1825
f 1910 1825 1909
f 1825 1910 1826
f 1911 1826 1910
f 1826 1911 1827
f 1827 1911 1828
f 1912 1828 1911
f 1828 1912 1829
f 1913 1829 1912
f 1829 1913 1915
f 1914 1915 1913
f 1829 1915 1830
f 1830 1915 1916
f 1830 1916 1831
f 1831 1916 1917
f 1831 1917 1832
f 1832 1917 1918
f 1832 1918 1833
f 1833 1918 1919
f 1833 1919 1834
f 1834 1919 1835
f 1920 1835 1919
f 1835 1920 1836
f 1921 1836 1920
f 1836 1921 1837
f 1922 1837 1921
f 1837 1922 1838
f 1923 1838 1922
f 1838 1923 1839
f 1839 1923 1755
f 1924 1755 1923
f 1840 1841 1924
f 1840 2009 1926
f 1841 1840 1927
f 1926 1927 1840
f 1841 1927 1842
f 1842 1927 1928
f 1842 1928 1843
f 1843 1928 1929
f 1843 1929 1844
f 1844 1929 1930
f 1844 1930 1845
f 1845 1930 1931
f 1845 1931 1846
f 1846 1931 1932
f 1846 1932 1847
f 1847 1932 1933
f 1847 1933 1848
f 1848 1933 1849
f 1934 1849 1933
f 1849 1934 1850
f 1935 1850 1934
f 1850 1935 1851
f 1936 1851 1935
f 1851 1936 1852
f 1937 1852 1936
f 1852 1937 1853
f 1938 1853 1937
f 1853 1938 1854
f 1939 1854 1938
f 1854 1939 1855
f 1940 1855 1939
f 1855 1940 1941
f 1855 1941 1856
f 1856 1941 1942
f 1856 1942 1857
f 1857 1942 1943
f 1857 1943 1858
f 1858 1943 1944
f 1858 1944 1859
f 1859 1944 1945
f 1859 1945 1860
f 1860 1945 1946
f 1860 1946 1861
f 1861 1946 1947
f 1861 1947 1862
f 1862 1947 1863
f 1948 1863 1947
f 1863 1948 1864
f 1949 1864 1948
f 1864 1949 1865
f 1950 1865 1949
f 1865 1950 1866
f 1951 1866 1950
f 1866 1951 1867
f 1952 1867 1951
f 1867 1952 1868
f 1953 1868 1952
f 1868 1953 1869
f 1954 1869 1953
f 1869 1954 1955
f 1869 1955 1870
f 1870 1955 1956
f 1870 1956 1871
f 1871 1956 1957
f 1871 1957 1872
f 1872 1957 1958
f 1872 1958 1873
f 1873 1958 1959
f 1873 1959 1874
f 1874 1959 1960
f 1874 1960 1875
f 1875 1960 1961
f 1875 1961 1876
f 1876 1961 1877
f 1962 1877 1961
f 1877 1962 1878
f 1963 1878 1962
f 1878 1963 1879
f 1964 1879 1963
f 1879 1964 1880
f 1965 1880 1964
f 1880 1965 1881
f 1966 1881 1965
f 1881 1966 1882
f 1967 1882 1966
f 1882 1967 1883
f 1883 1967 1884
f 1968 1884 1967
f 1884 1968 1970
f 1969 1970 1968
f 1884 1970 1885
f 1885 1970 1971
f 1885 1971 1886
f 1886 1971 1972
f 1886 1972 1887
f 1887 1972 1973
f 1887 1973 1888
f 1888 1973 1974
f 1888 1974 1889
f 1889 1974 1975
f 1889 1975 1890
f 1890 1975 1891
f 1976 1891 1975
f 1891 1976 1892
f 1977 1892 1976
f 1892 1977 1893
f 1978 1893 1977
f 1893 1978 1894
f 1979 1894 1978
f 1894 1979 1895
f 1980 1895 1979
f 1895 1980 1981
f 1896 1895 1982
f 1981 1982 1895
f 1896 1982 1897
f 1897 1982 1983
f 1897 1983 1898
f 1898 1983 1984
f 1898 1984 1899
f 1899 1984 1985
f 1899 1985 1900
f 1900 1985 1986
f 1900 1986 1901
f 1901 1986 1987
f 1901 1987 1902
f 1902 1987 1988
f 1902 1988 1903
f 1903 1988 1989
f 1903 1989 1904
f 1904 1989 1990
f 1904 1990 1905
f 1905 1990 1906
f 1991 1906 1990
f 1906 1991 1907
f 1992 1907 1991
f 1907 1992 1908
f 1993 1908 1992
f 1908 1993 1909
f 1994 1909 1993
f 1909 1994 1910
f 1995 1910 1994
f 1910 1995 1911
f 1996 1911 1995
f 1911 1996 1912
f 1997 1912 1996
f 1912 1997 1913
f 1913 1997 1914
f 1998 1914 1997
f 1999 1914 1998
f 1914 1999 2000
f 1914 2000 1915
f 1915 2000 2001
f 1915 2001 1916
f 1916 2001 2002
f 1916 2002 1917
f 1917 2002 2003
f 1917 2003 1918
f 1918 2003 2004
f 1918 2004 1919
f 1919 2004 1920
f 2005 1920 2004
f 1920 2005 1921
f 2006 1921 2005
f 1921 2006 1922
f 2007 1922 2006
f 1922 2007 1923
f 2008 1923 2007
f 1923 2008 1924
f 2009 1924 2008
f 1924 2009 1840
f 1925 1926 2009
f 1925 2010 2011
f 1925 2011 1926
f 1926 2011 2012
f 1926 2012 1927
f 1927 2012 2013
f 1927 2013 1928
f 1928 2013 2014
f 1928 2014 1929
f 1929 2014 2015
f 1929 2015 1930
f 1930 2015 2016
f 1930 2016 1931
f 1931 2016 2017
f 1931 2017 1932
f 1932 2017 2018
f 1932 2018 1933
f 1933 2018 1934
f 2019 1934 2018
f 1934 2019 1935
f 2020 1935 2019
f 1935 2020 1936
f 2021 1936 2020
f 1936 2021 1937
f 2022 1937 2021
f 1937 2022 1938
f 2023 1938 2022
f 1938 2023 1939
f 2024 1939 2023
f 1939 2024 1940
f 2025 1940 2024
f 1940 2025 2026
f 1940 2026 1941
f 1941 2026 2027
f 1941 2027 1942
f 1942 2027 2028
f 1942 2028 1943
f 1943 2028 2029
f 1943 2029 1944
f 1944 2029 2030
f 1944 2030 1945
f 1945 2030 2031
f 1945 2031 1946
f 1946 2031 2032
f 1946 2032 1947
f 1947 2032 1948
f 2033 1948 2032
f 1948 2033 1949
f 2034 1949 2033
f 1949 2034 1950
f 2035 1950 2034
f 1950 2035 1951
f 2036 1951 2035
f 1951 2036 1952
f 2037 1952 2036
f 1952 2037 1953
f 2038 1953 2037
f 1953 2038 1954
f 2039 1954 2038
f 1954 2039 2040
f 1954 2040 1955
f 1955 2040 2041
f 1955 2041 1956
f 1956 2041 2042
f 1956 2042 1957
f 1957 2042 2043
f 1957 2043 1958
f 1958 2043 2044
f 1958 2044 1959
f 1959 2044 2045
f 1959 2045 1960
f 1960 2045 2046
f 1960 2046 1961
f 1961 2046 1962
f 2047 1962 2046
f 1962 2047 1963
f 2048 1963 2047
f 1963 2048 1964
f 2049 1964 2048
f 1964 2049 1965
f 2050 1965 2049
f 1965 2050 1966
f 2051 1966 2050
f 1966 2051 1967
f 2052 1967 2051
f 1967 2052 1968
f 2053 1968 2052
f 1968 2053 1969
f 2054 1969 2053
f 1969 2054 2055
f 1969 2055 1970
f 1970 2055 2056
f 1970 2056 1971
f 1971 2056 2057
f 1971 2057 1972
f 1972 2057 2058
f 1972 2058 1973
f 1973 2058 2059
f 1973 2059 1974
f 1974 2059 2060
f 1974 2060 1975
f 1975 2060 1976
f 2061 1976 2060
f 1976 2061 1977
f 2062 1977 2061
f 1977 2062 1978
f 2063 1978 2062
f 1978 2063 1979
f 2064 1979 2063
f 1979 2064 1980
f 2065 1980 2064
f 1980 2065 2066
f 1980 2066 1981
f 1981 2066 2067
f 1981 2067 1982
f 1982 2067 2068
f 1982 2068 1983
f 1983 2068 2069
f 1983 2069 1984
f 1984 2069 2070
f 1984 2070 1985
f 1985 2070 2071
f 1985 2071 1986
f 1986 2071 2072
f 1986 2072 1987
f 1987 2072 2073
f 1987 2073 1988
f 1988 2073 2074
f 1988 2074 1989
f 1989 2074 2075
f 1989 2075 1990
f 1990 2075 1991
f 2076 1991 2075
f 1991 2076 1992
f 2077 1992 2076
f 1992 2077 1993
f 2078 1993 2077
f 1993 2078 1994
f 2079 1994 2078
f 1994 2079 1995
f 2080 1995 2079
f 1995 2080 1996
f 2081 1996 2080
f 1996 2081 1997
f 2082 1997 2081
f 1997 2082 1998
f 2083 1998 2082
f 1998 2083 1999
f 2084 1999 2083
f 1999 2084 2085
f 1999 2085 2000
f 2000 2085 2086
f 2000 2086 2001
f 2001 2086 2087
f 2001 2087 2002
f 2002 2087 2088
f 2002 2088 2003
f 2003 2088 2089
f 2003 2089 2004
f 2004 2089 2005
f 2090 2005 2089
f 2005 2090 2006
f 2091 2006 2090
f 2006 2091 2007
f 2092 2007 2091
f 2007 2092 2008
f 2093 2008 2092
f 2008 2093 2009
f 2094 2009 2093
f 2009 2094 1925
f 2010 1925 2094
f 2010 2095 2096
f 2010 2096 2011
f 2011 2096 2097
f 2011 2097 2012
f 2012 2097 2098
f 2012 2098 2013
f 2013 2098 2099
f 2013 2099 2014
f 2014 2099 2100
f 2014 2100 2015
f 2015 2100 2101
f 2015 2101 2016
f 2016 2101 2102
f 2016 2102 2017
f 2017 2102 2103
f 2017 2103 2018
f 2018 2103 2019
f 2104 2019 2103
f 2019 2104 2020
f 2105 2020 2104
f 2020 2105 2021
f 2106 2021 2105
f 2021 2106 2022
f 2107 2022 2106
f 2022 2107 2023
f 2108 2023 2107
f 2023 2108 2024
f 2109 2024 2108
f 2024 2109 2025
f 2110 2025 2109
f 2025 2110 2111
f 2025 2111 2026
f 2026 2111 2112
f 2026 2112 2027
f 2027 2112 2113
f 2027 2113 2028
f 2028 2113 2114
f 2028 2114 2029
f 2029 2114 2115
f 2029 2115 2030
f 2030 2115 2116
f 2030 2116 2031
f 2031 2116 2117
f 2031 2117 2032
f 2032 2117 2033
f 2118 2033 2117
f 2033 2118 2034
f 2119 2034 2118
f 2034 2119 2035
f 2120 2035 2119
f 2035 2120 2036
f 2121 2036 2120
f 2036 2121 2037
f 2122 2037 2121
f 2037 2122 2038
f 2123 2038 2122
f 2038 2123 2039
f 2124 2039 2123
f 2039 2124 2125
f 2039 2125 2040
f 2040 2125 2126
f 2040 2126 2041
f 2041 2126 2127
f 2041 2127 2042
f 2042 2127 2128
f 2042 2128 2043
f 2043 2128 2129
f 2043 2129 2044
f 2044 2129 2130
f 2044 2130 2045
f 2045 2130 2131
f 2045 2131 2046
f 2046 2131 2047
f 2132 2047 2131
f 2047 2132 2048
f 2133 2048 2132
f 2048 2133 2049
f 2134 2049 2133
f 2049 2134 2050
f 2135 2050 2134
f 2050 2135 2051
f 2136 2051 2135
f 2051 2136 2052
f 2137 2052 2136
f 2052 2137 2053
f 2138 2053 2137
f 2053 2138 2054
f 2139 2054 2138
f 2054 2139 2140
f 2054 2140 2055
f 2055 2140 2141
f 2055 2141 2056
f 2056 2141 2142
f 2056 2142 2057
f 2057 2142 2143
f 2057 2143 2058
f 2058 2143 2144
f 2058 2144 2059
f 2059 2144 2145
f 2059 2145 2060
f 2060 2145 2061
f 2146 2061 2145
f 2061 2146 2062
f 2147 2062 2146
f 2062 2147 2063
f 2148 2063 2147
f 2063 2148 2064
f 2149 2064 2148
f 2064 2149 2065
f 2150 2065 2149
f 2065 2150 2151
f 2065 2151 2066
f 2066 2151 2152
f 2066 2152 2067
f 2067 2152 2153
f 2067 2153 2068
f 2068 2153 2154
f 2068 2154 2069
f 2069 2154 2155
f 2069 2155 2070
f 2070 2155 2156
f 2070 2156 2071
f 2071 2156 2157
f 2071 2157 2072
f 2072 2157 2158
f 2072 2158 2073
f 2073 2158 2159
f 2073 2159 2074
f 2074 2159 2160
f 2074 2160 2075
f 2075 2160 2076
f 2161 2076 2160
f 2076 2161 2077
f 2162 2077 2161
f 2077 2162 2078
f 2163 2078 2162
f 2078 2163 2079
f 2164 2079 2163
f 2079 2164 2080
f 2165 2080 2164
f 2080 2165 2081
f 2166 2081 2165
f 2081 2166 2082
f 2167 2082 2166
f 2082 2167 2083
f 2168 2083 2167
f 2083 2168 2084
f 2169 2084 2168
f 2084 2169 2170
f 2084 2170 2085
f 2085 2170 2171
f 2085 2171 2086
f 2086 2171 2172
f 2086 2172 2087
f 2087 2172 2173
f 2087 2173 2088
f 2088 2173 2174
f 2088 2174 2089
f 2089 2174 2090
f 2175 2090 2174
f 2090 2175 2091
f 2176 2091 2175
f 2091 2176 2092
f 2177 2092 2176
f 2092 2177 2093
f 2178 2093 2177
f 2093 2178 2094
f 2179 2094 2178
f 2094 2179 2010
f 2095 2010 2179
f 2095 1094 1095
f 2095 1095 2096
f 2096 1095 1096
f 2096 1096 2097
f 2097 1096 1097
f 2097 1097 2098
f 2098 1097 1098
f 2098 1098 2099
f 2099 1098 1099
f 2099 1099 2100
f 2100 1099 1100
f 2100 1100 2101
f 2101 1100 1101
f 2101 1101 2102
f 2102 1101 1102
f 2102 1102 2103
f 1103 2104 1102
f 2103 1102 2104
f 1104 2105 1103
f 2104 1103 2105
f 1105 2106 1104
f 2105 1104 2106
f 1106 2107 1105
f 2106 1105 2107
f 1107 2108 1106
f 2107 1106 2108
f 1108 2109 1107
f 2108 1107 2109
f 1109 2110 1108
f 2109 1108 2110
f 2110 1109 1110
f 2110 1110 2111
f 2111 1110 1111
f 2111 1111 2112
f 2112 1111 1112
f 2112 1112 2113
f 2113 1112 1113
f 2113 1113 2114
f 2114 1113 1114
f 2114 1114 2115
f 2115 1114 1115
f 2115 1115 2116
f 2116 1115 1116
f 2116 1116 2117
f 1117 2118 1116
f 2117 1116 2118
f 1118 2119 1117
f 2118 1117 2119
f 1119 2120 1118
f 2119 1118 2120
f 1120 2121 1119
f 2120 1119 2121
f 1121 2122 1120
f 2121 1120 2122
f 1122 2123 1121
f 2122 1121 2123
f 1123 2124 1122
f 2123 1122 2124
f 2124 1123 1124
f 2124 1124 2125
f 2125 1124 1125
f 2125 1125 2126
f 2126 1125 1126
f 2126 1126 2127
f 2127 1126 1127
f 2127 1127 2128
f 2128 1127 1128
f 2128 1128 2129
f 2129 1128 1129
f 2129 1129 2130
f 2130 1129 1130
f 2130 1130 2131
f 1131 2132 1130
f 2131 1130 2132
f 1132 2133 1131
f 2132 1131 2133
f 1133 2134 1132
f 2133 1132 2134
f 1134 2135 1133
f 2134 1133 2135
f 1135 2136 1134
f 2135 1134 2136
f 1136 2137 1135
f 2136 1135 2137
f 1137 2138 1136
f 2137 1136 2138
f 1138 2139 1137
f 2138 1137 2139
f 2139 1138 1139
f 2139 1139 2140
f 2140 1139 1140
f 2140 1140 2141
f 2141 1140 1141
f 2141 1141 2142
f 2142 1141 1142
f 2142 1142 2143
f 2143 1142 1143
f 2143 1143 2144
f 2144 1143 1144
f 2144 1144 2145
f 1145 2146 1144
f 2145 1144 2146
f 1146 2147 1145
f 2146 1145 2147
f 1147 2148 1146
f 2147 1146 2148
f 1148 2149 1147
f 2148 1147 2149
f 20 2150 1148
f 2149 1148 2150
f 2150 20 19
f 2150 19 2151
f 2151 19 18
f 2151 18 2152
f 2152 18 17
f 2152 17 2153
f 2153 17 16
f 2153 16 2154
f 2154 16 15
f 2154 15 2155
f 2155 15 14
f 2155 14 2156
f 2156 14 13
f 2156 13 2157
f 2157 13 12
f 2157 12 2158
f 2158 12 11
f 2158 11 2159
f 2159 11 10
f 2159 10 2160
f 9 2161 10
f 2160 10 2161
f 8 2162 9
f 2161 9 2162
f 7 2163 8
f 2162 8 2163
f 6 2164 7
f 2163 7 2164
f 5 2165 6
f 2164 6 2165
f 4 2166 5
f 2165 5 2166
f 3 2167 4
f 2166 4 2167
f 2 2168 3
f 2167 3 2168
f 1 2169 2
f 2168 2 2169
f 2169 1 1149
f 2169 1149 2170
f 2170 1149 1150
f 2170 1150 2171
f 2171 1150 1151
f 2171 1151 2172
f 2172 1151 1152
f 2172 1152 2173
f 2173 1152 1153
f 2173 1153 2174
f 1154 2175 1153
f 2174 1153 2175
f 1155 2176 1154
f 2175 1154 2176
f 1156 2177 1155
f 2176 1155 2177
f 1157 2178 1156
f 2177 1156 2178
f 1158 2179 1157
f 2178 1157 2179
f 1094 2095 1158
f 2179 1158 2095
f 2331 2251 2330
f 2332 2250 2331
f 2251 2331 2250
f 2252 2330 2251
f 2253 2329 2252
f 2248 2254 2255
f 2248 2255 2256
f 2248 2256 2257
f 2248 2257 2258
f 2248 2258 2259
f 2248 2259 2269
f 2260 2269 2259
f 2261 2268 2260
f 2262 2267 2261
f 2263 2266 2262
f 2264 2265 2263
f 2265 2266 2263
f 2267 2262 2266
f 2268 2261 2267
f 2268 2269 2260
f 2248 2269 2270
f 2248 2270 2271
f 2248 2271 2272
f 2248 2272 2273
f 2248 2273 2283
f 2274 2282 2273
f 2275 2281 2274
f 2276 2280 2275
f 2277 2279 2276
f 2278 2279 2277
f 2280 2276 2279
f 2281 2275 2280
f 2282 2274 2281
f 2283 2273 2282
f 2248 2283 2284
f 2248 2284 2285
f 2248 2285 2286
f 2248 2286 2287
f 2248 2287 2288
f 2248 2288 2298
f 2289 2298 2288
f 2290 2297 2289
f 2291 2296 2290
f 2292 2295 2291
f 2293 2294 2292
f 2294 2295 2292
f 2296 2291 2295
f 2297 2290 2296
f 2298 2289 2297
f 2248 2298 2299
f 2248 2299 2309
f 2300 2308 2299
f 2301 2307 2300
f 2302 2306 2301
f 2303 2305 2302
f 2304 2305 2303
f 2306 2302 2305
f 2307 2301 2306
f 2308 2300 2307
f 2309 2299 2308
f 2248 2309 2310
f 2248 2310 2311
f 2248 2311 2312
f 2248 2312 2313
f 2248 2313 2314
f 2248 2314 2315
f 2248 2315 2316
f 2248 2316 2317
f 2248 2317 2327
f 2318 2327 2317
f 2319 2326 2318
f 2320 2325 2319
f 2321 2324 2320
f 2322 2323 2321
f 2323 2324 2321
f 2325 2320 2324
f 2326 2319 2325
f 2327 2318 2326
f 2248 2327 2328
f 2248 2328 2254
f 2254 2328 2253
f 2329 2253 2328
f 2330 2252 2329
f 2249 2250 2332
f 2249 2414 2336
f 2336 2337 2249
f 2334 2335 2415
f 2338 2339 2249
f 2336 2414 2335
f 2251 2250 2339
f 2337 2338 2249
f 2339 2340 2252
f 2250 2249 2339
f 2254 2253 2340
f 2252 2251 2339
f 2255 2254 2340
f 2253 2252 2340
f 2256 2255 2341
f 2340 2341 2255
f 2256 2341 2257
f 2257 2341 2258
f 2342 2258 2341
f 2258 2342 2259
f 2259 2342 2260
f 2260 2342 2261
f 2343 2261 2342
f 2261 2343 2262
f 2262 2343 2263
f 2263 2343 2264
f 2344 2264 2343
f 2345 2264 2344
f 2345 2346 2351
f 2350 2351 2346
f 2349 2350 2347
f 2348 2349 2347
f 2351 2352 2264
f 2346 2347 2350
f 2265 2264 2353
f 2264 2345 2351
f 2353 2354 2266
f 2352 2353 2264
f 2268 2267 2354
f 2266 2265 2353
f 2269 2268 2354
f 2267 2266 2354
f 2270 2269 2355
f 2354 2355 2269
f 2270 2355 2271
f 2271 2355 2272
f 2272 2355 2273
f 2356 2273 2355
f 2273 2356 2274
f 2274 2356 2275
f 2275 2356 2276
f 2357 2276 2356
f 2276 2357 2277
f 2277 2357 2278
f 2358 2278 2357
f 2359 2278 2358
f 2364 2365 2359
f 2360 2364 2359
f 2361 2363 2360
f 2362 2363 2361
f 2365 2366 2278
f 2363 2364 2360
f 2279 2278 2367
f 2278 2359 2365
f 2281 2280 2367
f 2366 2367 2278
f 2282 2281 2368
f 2280 2279 2367
f 2283 2282 2368
f 2367 2368 2281
f 2283 2368 2284
f 2284 2368 2369
f 2284 2369 2285
f 2285 2369 2286
f 2286 2369 2287
f 2370 2287 2369
f 2287 2370 2288
f 2288 2370 2289
f 2289 2370 2290
f 2371 2290 2370
f 2290 2371 2291
f 2291 2371 2292
f 2292 2371 2293
f 2372 2293 2371
f 2373 2293 2372
f 2374 2293 2373
f 2374 2375 2380
f 2379 2380 2375
f 2378 2379 2376
f 2377 2378 2376
f 2380 2381 2293
f 2375 2376 2379
f 2294 2293 2382
f 2293 2374 2380
f 2296 2295 2382
f 2381 2382 2293
f 2297 2296 2383
f 2295 2294 2382
f 2298 2297 2383
f 2382 2383 2296
f 2298 2383 2299
f 2299 2383 2300
f 2384 2300 2383
f 2300 2384 2301
f 2301 2384 2302
f 2302 2384 2303
f 2303 2384 2304
f 2385 2304 2384
f 2390 2391 2385
f 2386 2390 2385
f 2387 2389 2386
f 2388 2389 2387
f 2391 2392 2304
f 2389 2390 2386
f 2393 2394 2304
f 2304 2385 2391
f 2306 2305 2394
f 2392 2393 2304
f 2394 2395 2307
f 2305 2304 2394
f 2309 2308 2395
f 2307 2306 2394
f 2310 2309 2396
f 2308 2307 2395
f 2311 2310 2396
f 2395 2396 2309
f 2311 2396 2312
f 2312 2396 2397
f 2312 2397 2313
f 2313 2397 2314
f 2398 2314 2397
f 2314 2398 2315
f 2315 2398 2316
f 2316 2398 2317
f 2399 2317 2398
f 2317 2399 2318
f 2318 2399 2319
f 2400 2319 2399
f 2319 2400 2320
f 2320 2400 2321
f 2321 2400 2322
f 2401 2322 2400
f 2402 2322 2401
f 2403 2322 2402
f 2403 2404 2409
f 2408 2409 2404
f 2407 2408 2405
f 2406 2407 2405
f 2409 2410 2322
f 2404 2405 2408
f 2324 2323 2410
f 2322 2403 2409
f 2325 2324 2410
f 2323 2322 2410
f 2325 2410 2326
f 2326 2410 2411
f 2326 2411 2327
f 2327 2411 2328
f 2328 2411 2329
f 2329 2411 2330
f 2412 2330 2411
f 2330 2412 2331
f 2331 2412 2332
f 2332 2412 2249
f 2413 2249 2412
f 2414 2249 2413
f 2415 2335 2414
f 2416 2334 2415
f 2333 2334 2416
f 2499 2333 2498
f 2420 2421 2333
f 2418 2419 2499
f 2421 2422 2334
f 2419 2420 2333
f 2336 2335 2422
f 2334 2333 2421
f 2337 2336 2423
f 2335 2334 2422
f 2338 2337 2423
f 2422 2423 2336
f 2339 2338 2424
f 2423 2424 2338
f 2339 2424 2340
f 2340 2424 2425
f 2340 2425 2341
f 2341 2425 2342
f 2426 2342 2425
f 2342 2426 2343
f 2343 2426 2344
f 2427 2344 2426
f 2344 2427 2345
f 2428 2345 2427
f 2345 2428 2346
f 2346 2428 2347
f 2429 2347 2428
f 2347 2429 2348
f 2430 2348 2429
f 2348 2430 2434
f 2433 2434 2431
f 2432 2433 2431
f 2349 2348 2435
f 2430 2431 2434
f 2350 2349 2436
f 2434 2435 2348
f 2351 2350 2437
f 2435 2436 2349
f 2352 2351 2437
f 2436 2437 2350
f 2353 2352 2438
f 2437 2438 2352
f 2353 2438 2354
f 2354 2438 2439
f 2354 2439 2355
f 2355 2439 2356
f 2440 2356 2439
f 2356 2440 2357
f 2357 2440 2358
f 2441 2358 2440
f 2358 2441 2359
f 2359 2441 2360
f 2442 2360 2441
f 2360 2442 2361
f 2443 2361 2442
f 2361 2443 2362
f 2444 2362 2443
f 2362 2444 2448
f 2445 2447 2444
f 2446 2447 2445
f 2363 2362 2449
f 2447 2448 2444
f 2364 2363 2450
f 2448 2449 2362
f 2365 2364 2450
f 2449 2450 2363
f 2366 2365 2451
f 2450 2451 2365
f 2367 2366 2452
f 2451 2452 2366
f 2367 2452 2368
f 2368 2452 2453
f 2368 2453 2369
f 2369 2453 2370
f 2454 2370 2453
f 2370 2454 2371
f 2371 2454 2372
f 2455 2372 2454
f 2372 2455 2373
f 2373 2455 2374
f 2456 2374 2455
f 2374 2456 2375
f 2375 2456 2376
f 2457 2376 2456
f 2376 2457 2377
f 2458 2377 2457
f 2459 2377 2458
f 2377 2459 2463
f 2462 2463 2460
f 2461 2462 2460
f 2464 2465 2377
f 2459 2460 2463
f 2379 2378 2465
f 2463 2464 2377
f 2380 2379 2466
f 2378 2377 2465
f 2381 2380 2466
f 2465 2466 2379
f 2381 2466 2382
f 2382 2466 2467
f 2382 2467 2383
f 2383 2467 2384
f 2468 2384 2467
f 2384 2468 2385
f 2385 2468 2386
f 2469 2386 2468
f 2386 2469 2387
f 2387 2469 2388
f 2470 2388 2469
f 2388 2470 2474
f 2471 2473 2470
f 2472 2473 2471
f 2475 2476 2388
f 2473 2474 2470
f 2476 2477 2389
f 2474 2475 2388
f 2391 2390 2477
f 2389 2388 2476
f 2392 2391 2478
f 2390 2389 2477
f 2393 2392 2478
f 2477 2478 2391
f 2394 2393 2479
f 2478 2479 2393
f 2395 2394 2480
f 2479 2480 2394
f 2395 2480 2396
f 2396 2480 2481
f 2396 2481 2397
f 2397 2481 2398
f 2482 2398 2481
f 2398 2482 2399
f 2399 2482 2400
f 2483 2400 2482
f 2400 2483 2401
f 2484 2401 2483
f 2401 2484 2402
f 2402 2484 2403
f 2485 2403 2484
f 2403 2485 2404
f 2404 2485 2405
f 2486 2405 2485
f 2405 2486 2406
f 2487 2406 2486
f 2488 2406 2487
f 2406 2488 2492
f 2491 2492 2489
f 2490 2491 2489
f 2407 2406 2493
f 2488 2489 2492
f 2408 2407 2493
f 2492 2493 2406
f 2409 2408 2494
f 2493 2494 2408
f 2409 2494 2410
f 2410 2494 2495
f 2410 2495 2411
f 2411 2495 2412
f 2496 2412 2495
f 2412 2496 2413
f 2413 2496 2414
f 2414 2496 2415
f 2497 2415 2496
f 2415 2497 2416
f 2416 2497 2333
f 2498 2333 2497
f 2333 2499 2419
f 2500 2418 2499
f 2417 2418 2500
f 2503 2583 2502
f 2418 2417 2504
f 2584 2502 2583
f 2419 2418 2505
f 2503 2504 2417
f 2420 2419 2506
f 2504 2505 2418
f 2421 2420 2506
f 2505 2506 2419
f 2422 2421 2507
f 2506 2507 2421
f 2423 2422 2508
f 2507 2508 2422
f 2423 2508 2424
f 2424 2508 2509
f 2424 2509 2425
f 2425 2509 2426
f 2510 2426 2509
f 2426 2510 2427
f 2511 2427 2510
f 2427 2511 2428
f 2428 2511 2429
f 2512 2429 2511
f 2429 2512 2430
f 2513 2430 2512
f 2430 2513 2431
f 2431 2513 2432
f 2514 2432 2513
f 2515 2432 2514
f 2432 2515 2517
f 2516 2517 2515
f 2433 2432 2519
f 2517 2518 2432
f 2434 2433 2519
f 2518 2519 2432
f 2435 2434 2520
f 2519 2520 2434
f 2436 2435 2521
f 2520 2521 2435
f 2436 2521 2437
f 2437 2521 2522
f 2437 2522 2438
f 2438 2522 2523
f 2438 2523 2439
f 2439 2523 2440
f 2524 2440 2523
f 2440 2524 2441
f 2525 2441 2524
f 2441 2525 2442
f 2442 2525 2443
f 2526 2443 2525
f 2443 2526 2444
f 2527 2444 2526
f 2444 2527 2445
f 2445 2527 2446
f 2528 2446 2527
f 2529 2446 2528
f 2446 2529 2531
f 2530 2531 2529
f 2447 2446 2533
f 2531 2532 2446
f 2448 2447 2533
f 2532 2533 2446
f 2449 2448 2534
f 2533 2534 2448
f 2450 2449 2535
f 2534 2535 2449
f 2450 2535 2451
f 2451 2535 2536
f 2451 2536 2452
f 2452 2536 2537
f 2452 2537 2453
f 2453 2537 2454
f 2538 2454 2537
f 2454 2538 2455
f 2455 2538 2456
f 2539 2456 2538
f 2456 2539 2457
f 2540 2457 2539
f 2457 2540 2458
f 2458 2540 2459
f 2541 2459 2540
f 2459 2541 2460
f 2542 2460 2541
f 2460 2542 2461
f 2543 2461 2542
f 2461 2543 2547
f 2546 2547 2544
f 2545 2546 2544
f 2462 2461 2548
f 2543 2544 2547
f 2463 2462 2548
f 2547 2548 2461
f 2464 2463 2549
f 2548 2549 2463
f 2465 2464 2550
f 2549 2550 2464
f 2465 2550 2466
f 2466 2550 2551
f 2466 2551 2467
f 2467 2551 2468
f 2552 2468 2551
f 2468 2552 2469
f 2553 2469 2552
f 2469 2553 2470
f 2470 2553 2471
f 2554 2471 2553
f 2471 2554 2472
f 2472 2554 2557
f 2555 2557 2554
f 2556 2557 2555
f 2473 2472 2559
f 2557 2558 2472
f 2474 2473 2560
f 2558 2559 2472
f 2475 2474 2561
f 2559 2560 2473
f 2476 2475 2561
f 2560 2561 2474
f 2477 2476 2562
f 2561 2562 2476
f 2478 2477 2563
f 2562 2563 2477
f 2478 2563 2479
f 2479 2563 2564
f 2479 2564 2480
f 2480 2564 2565
f 2480 2565 2481
f 2481 2565 2482
f 2566 2482 2565
f 2482 2566 2483
f 2567 2483 2566
f 2483 2567 2484
f 2484 2567 2485
f 2568 2485 2567
f 2485 2568 2486
f 2569 2486 2568
f 2486 2569 2487
f 2487 2569 2488
f 2570 2488 2569
f 2488 2570 2489
f 2571 2489 2570
f 2489 2571 2490
f 2572 2490 2571
f 2573 2490 2572
f 2490 2573 2576
f 2574 2575 2573
f 2491 2490 2576
f 2575 2576 2573
f 2492 2491 2577
f 2576 2577 2491
f 2492 2577 2493
f 2493 2577 2578
f 2493 2578 2494
f 2494 2578 2579
f 2494 2579 2495
f 2495 2579 2496
f 2580 2496 2579
f 2496 2580 2497
f 2497 2580 2498
f 2581 2498 2580
f 2498 2581 2499
f 2582 2499 2581
f 2499 2582 2500
f 2500 2582 2417
f 2583 2417 2582
f 2417 2583 2503
f 2501 2502 2584
f 2501 2668 2586
f 2502 2501 2588
f 2586 2587 2501
f 2503 2502 2588
f 2587 2588 2501
f 2504 2503 2589
f 2588 2589 2503
f 2505 2504 2590
f 2589 2590 2504
f 2506 2505 2591
f 2590 2591 2505
f 2506 2591 2507
f 2507 2591 2592
f 2507 2592 2508
f 2508 2592 2593
f 2508 2593 2509
f 2509 2593 2510
f 2594 2510 2593
f 2510 2594 2511
f 2595 2511 2594
f 2511 2595 2512
f 2596 2512 2595
f 2512 2596 2513
f 2513 2596 2514
f 2597 2514 2596
f 2514 2597 2515
f 2598 2515 2597
f 2515 2598 2516
f 2599 2516 2598
f 2516 2599 2601
f 2600 2601 2599
f 2517 2516 2602
f 2601 2602 2516
f 2518 2517 2603
f 2602 2603 2517
f 2519 2518 2604
f 2603 2604 2518
f 2520 2519 2605
f 2604 2605 2519
f 2520 2605 2521
f 2521 2605 2606
f 2521 2606 2522
f 2522 2606 2607
f 2522 2607 2523
f 2523 2607 2524
f 2608 2524 2607
f 2524 2608 2525
f 2609 2525 2608
f 2525 2609 2526
f 2610 2526 2609
f 2526 2610 2527
f 2527 2610 2528
f 2611 2528 2610
f 2528 2611 2529
f 2612 2529 2611
f 2529 2612 2530
f 2613 2530 2612
f 2530 2613 2615
f 2614 2615 2613
f 2531 2530 2616
f 2615 2616 2530
f 2532 2531 2617
f 2616 2617 2531
f 2533 2532 2618
f 2617 2618 2532
f 2533 2618 2534
f 2534 2618 2619
f 2534 2619 2535
f 2535 2619 2620
f 2535 2620 2536
f 2536 2620 2621
f 2536 2621 2537
f 2537 2621 2538
f 2622 2538 2621
f 2538 2622 2539
f 2623 2539 2622
f 2539 2623 2540
f 2540 2623 2541
f 2624 2541 2623
f 2541 2624 2542
f 2625 2542 2624
f 2542 2625 2543
f 2626 2543 2625
f 2543 2626 2544
f 2544 2626 2545
f 2627 2545 2626
f 2628 2545 2627
f 2545 2628 2630
f 2629 2630 2628
f 2546 2545 2631
f 2630 2631 2545
f 2547 2546 2632
f 2631 2632 2546
f 2548 2547 2633
f 2632 2633 2547
f 2548 2633 2549
f 2549 2633 2634
f 2549 2634 2550
f 2550 2634 2635
f 2550 2635 2551
f 2551 2635 2552
f 2636 2552 2635
f 2552 2636 2553
f 2637 2553 2636
f 2553 2637 2554
f 2554 2637 2555
f 2638 2555 2637
f 2555 2638 2556
f 2639 2556 2638
f 2556 2639 2641
f 2640 2641 2639
f 2557 2556 2643
f 2641 2642 2556
f 2558 2557 2643
f 2642 2643 2556
f 2559 2558 2644
f 2643 2644 2558
f 2560 2559 2645
f 2644 2645 2559
f 2561 2560 2646
f 2645 2646 2560
f 2561 2646 2562
f 2562 2646 2647
f 2562 2647 2563
f 2563 2647 2648
f 2563 2648 2564
f 2564 2648 2649
f 2564 2649 2565
f 2565 2649 2566
f 2650 2566 2649
f 2566 2650 2567
f 2651 2567 2650
f 2567 2651 2568
f 2652 2568 2651
f 2568 2652 2569
f 2569 2652 2570
f 2653 2570 2652
f 2570 2653 2571
f 2654 2571 2653
f 2571 2654 2572
f 2655 2572 2654
f 2572 2655 2573
f 2573 2655 2574
f 2656 2574 2655
f 2657 2574 2656
f 2574 2657 2659
f 2658 2659 2657
f 2575 2574 2660
f 2659 2660 2574
f 2576 2575 2661
f 2660 2661 2575
f 2576 2661 2577
f 2577 2661 2662
f 2577 2662 2578
f 2578 2662 2663
f 2578 2663 2579
f 2579 2663 2580
f 2664 2580 2663
f 2580 2664 2581
f 2665 2581 2664
f 2581 2665 2582
f 2582 2665 2583
f 2666 2583 2665
f 2583 2666 2584
f 2667 2584 2666
f 2584 2667 2501
f 2668 2501 2667
f 2585 2586 2668
f 2585 2752 2670
f 2586 2585 2671
f 2670 2671 2585
f 2587 2586 2672
f 2671 2672 2586
f 2588 2587 2673
f 2672 2673 2587
f 2589 2588 2674
f 2673 2674 2588
f 2589 2674 2590
f 2590 2674 2675
f 2590 2675 2591
f 2591 2675 2676
f 2591 2676 2592
f 2592 2676 2677
f 2592 2677 2593
f 2593 2677 2594
f 2678 2594 2677
f 2594 2678 2595
f 2679 2595 2678
f 2595 2679 2596
f 2680 2596 2679
f 2596 2680 2597
f 2681 2597 2680
f 2597 2681 2598
f 2598 2681 2599
f 2682 2599 2681
f 2599 2682 2600
f 2683 2600 2682
f 2600 2683 2685
f 2684 2685 2683
f 2601 2600 2686
f 2685 2686 2600
f 2602 2601 2687
f 2686 2687 2601
f 2603 2602 2688
f 2687 2688 2602
f 2603 2688 2604
f 2604 2688 2689
f 2604 2689 2605
f 2605 2689 2690
f 2605 2690 2606
f 2606 2690 2691
f 2606 2691 2607
f 2607 2691 2608
f 2692 2608 2691
f 2608 2692 2609
f 2693 2609 2692
f 2609 2693 2610
f 2694 2610 2693
f 2610 2694 2611
f 2611 2694 2612
f 2695 2612 2694
f 2612 2695 2613
f 2696 2613 2695
f 2613 2696 2614
f 2697 2614 2696
f 2614 2697 2699
f 2698 2699 2697
f 2615 2614 2700
f 2699 2700 2614
f 2616 2615 2701
f 2700 2701 2615
f 2616 2701 2617
f 2617 2701 2702
f 2617 2702 2618
f 2618 2702 2703
f 2618 2703 2619
f 2619 2703 2704
f 2619 2704 2620
f 2620 2704 2705
f 2620 2705 2621
f 2621 2705 2622
f 2706 2622 2705
f 2622 2706 2623
f 2707 2623 2706
f 2623 2707 2624
f 2708 2624 2707
f 2624 2708 2625
f 2625 2708 2626
f 2709 2626 2708
f 2626 2709 2627
f 2710 2627 2709
f 2627 2710 2628
f 2711 2628 2710
f 2628 2711 2629
f 2712 2629 2711
f 2629 2712 2714
f 2713 2714 2712
f 2630 2629 2715
f 2714 2715 2629
f 2631 2630 2716
f 2715 2716 2630
f 2632 2631 2717
f 2716 2717 2631
f 2632 2717 2633
f 2633 2717 2718
f 2633 2718 2634
f 2634 2718 2719
f 2634 2719 2635
f 2635 2719 2636
f 2720 2636 2719
f 2636 2720 2637
f 2721 2637 2720
f 2637 2721 2638
f 2722 2638 2721
f 2638 2722 2639
f 2639 2722 2640
f 2723 2640 2722
f 2640 2723 2725
f 2724 2725 2723
f 2641 2640 2726
f 2725 2726 2640
f 2642 2641 2727
f 2726 2727 2641
f 2643 2642 2728
f 2727 2728 2642
f 2644 2643 2729
f 2728 2729 2643
f 2644 2729 2645
f 2645 2729 2730
f 2645 2730 2646
f 2646 2730 2731
f 2646 2731 2647
f 2647 2731 2732
f 2647 2732 2648
f 2648 2732 2733
f 2648 2733 2649
f 2649 2733 2650
f 2734 2650 2733
f 2650 2734 2651
f 2735 2651 2734
f 2651 2735 2652
f 2736 2652 2735
f 2652 2736 2653
f 2737 2653 2736
f 2653 2737 2654
f 2654 2737 2655
f 2738 2655 2737
f 2655 2738 2656
f 2739 2656 2738
f 2656 2739 2657
f 2740 2657 2739
f 2657 2740 2658
f 2741 2658 2740
f 2658 2741 2743
f 2742 2743 2741
f 2659 2658 2744
f 2743 2744 2658
f 2659 2744 2660
f 2660 2744 2745
f 2660 2745 2661
f 2661 2745 2746
f 2661 2746 2662
f 2662 2746 2747
f 2662 2747 2663
f 2663 2747 2664
f 2748 2664 2747
f 2664 2748 2665
f 2749 2665 2748
f 2665 2749 2666
f 2666 2749 2667
f 2750 2667 2749
f 2667 2750 2668
f 2751 2668 2750
f 2668 2751 2585
f 2752 2585 2751
f 2669 2670 2752
f 2669 2836 2754
f 2670 2669 2755
f 2754 2755 2669
f 2671 2670 2756
f 2755 2756 2670
f 2672 2671 2757
f 2756 2757 2671
f 2672 2757 2673
f 2673 2757 2758
f 2673 2758 2674
f 2674 2758 2759
f 2674 2759 2675
f 2675 2759 2760
f 2675 2760 2676
f 2676 2760 2761
f 2676 2761 2677
f 2677 2761 2678
f 2762 2678 2761
f 2678 2762 2679
f 2763 2679 2762
f 2679 2763 2680
f 2764 2680 2763
f 2680 2764 2681
f 2765 2681 2764
f 2681 2765 2682
f 2682 2765 2683
f 2766 2683 2765
f 2683 2766 2684
f 2767 2684 2766
f 2684 2767 2769
f 2768 2769 2767
f 2685 2684 2770
f 2769 2770 2684
f 2686 2685 2771
f 2770 2771 2685
f 2686 2771 2687
f 2687 2771 2772
f 2687 2772 2688
f 2688 2772 2773
f 2688 2773 2689
f 2689 2773 2774
f 2689 2774 2690
f 2690 2774 2775
f 2690 2775 2691
f 2691 2775 2692
f 2776 2692 2775
f 2692 2776 2693
f 2777 2693 2776
f 2693 2777 2694
f 2778 2694 2777
f 2694 2778 2695
f 2779 2695 2778
f 2695 2779 2696
f 2696 2779 2697
f 2780 2697 2779
f 2697 2780 2698
f 2781 2698 2780
f 2698 2781 2783
f 2782 2783 2781
f 2699 2698 2784
f 2783 2784 2698
f 2700 2699 2785
f 2784 2785 2699
f 2700 2785 2701
f 2701 2785 2786
f 2701 2786 2702
f 2702 2786 2787
f 2702 2787 2703
f 2703 2787 2788
f 2703 2788 2704
f 2704 2788 2789
f 2704 2789 2705
f 2705 2789 2706
f 2790 2706 2789
f 2706 2790 2707
f 2791 2707 2790
f 2707 2791 2708
f 2792 2708 2791
f 2708 2792 2709
f 2793 2709 2792
f 2709 2793 2710
f 2710 2793 2711
f 2794 2711 2793
f 2711 2794 2712
f 2795 2712 2794
f 2712 2795 2713
f 2796 2713 2795
f 2713 2796 2798
f 2797 2798 2796
f 2714 2713 2799
f 2798 2799 2713
f 2715 2714 2800
f 2799 2800 2714
f 2715 2800 2716
f 2716 2800 2801
f 2716 2801 2717
f 2717 2801 2802
f 2717 2802 2718
f 2718 2802 2803
f 2718 2803 2719
f 2719 2803 2720
f 2804 2720 2803
f 2720 2804 2721
f 2805 2721 2804
f 2721 2805 2722
f 2806 2722 2805
f 2722 2806 2723
f 2807 2723 2806
f 2723 2807 2724
f 2724 2807 2809
f 2808 2809 2807
f 2725 2724 2810
f 2809 2810 2724
f 2726 2725 2811
f 2810 2811 2725
f 2727 2726 2812
f 2811 2812 2726
f 2727 2812 2728
f 2728 2812 2813
f 2728 2813 2729
f 2729 2813 2814
f 2729 2814 2730
f 2730 2814 2815
f 2730 2815 2731
f 2731 2815 2816
f 2731 2816 2732
f 2732 2816 2817
f 2732 2817 2733
f 2733 2817 2734
f 2818 2734 2817
f 2734 2818 2735
f 2819 2735 2818
f 2735 2819 2736
f 2820 2736 2819
f 2736 2820 2737
f 2821 2737 2820
f 2737 2821 2738
f 2822 2738 2821
f 2738 2822 2739
f 2739 2822 2740
f 2823 2740 2822
f 2740 2823 2741
f 2824 2741 2823
f 2741 2824 2742
f 2825 2742 2824
f 2742 2825 2827
f 2826 2827 2825
f 2742 2827 2743
f 2743 2827 2828
f 2743 2828 2744
f 2744 2828 2829
f 2744 2829 2745
f 2745 2829 2830
f 2745 2830 2746
f 2746 2830 2831
f 2746 2831 2747
f 2747 2831 2748
f 2832 2748 2831
f 2748 2832 2749
f 2833 2749 2832
f 2749 2833 2750
f 2834 2750 2833
f 2750 2834 2751
f 2751 2834 2752
f 2835 2752 2834
f 2752 2835 2669
f 2836 2669 2835
f 2753 2754 2836
f 2753 2920 2838
f 2754 2753 2839
f 2838 2839 2753
f 2755 2754 2840
f 2839 2840 2754
f 2756 2755 2841
f 2840 2841 2755
f 2756 2841 2757
f 2757 2841 2842
f 2757 2842 2758
f 2758 2842 2843
f 2758 2843 2759
f 2759 2843 2844
f 2759 2844 2760
f 2760 2844 2845
f 2760 2845 2761
f 2761 2845 2762
f 2846 2762 2845
f 2762 2846 2763
f 2847 2763 2846
f 2763 2847 2764
f 2848 2764 2847
f 2764 2848 2765
f 2849 2765 2848
f 2765 2849 2766
f 2850 2766 2849
f 2766 2850 2767
f 2767 2850 2768
f 2851 2768 2850
f 2768 2851 2853
f 2852 2853 2851
f 2769 2768 2854
f 2853 2854 2768
f 2769 2854 2770
f 2770 2854 2855
f 2770 2855 2771
f 2771 2855 2856
f 2771 2856 2772
f 2772 2856 2857
f 2772 2857 2773
f 2773 2857 2858
f 2773 2858 2774
f 2774 2858 2859
f 2774 2859 2775
f 2775 2859 2776
f 2860 2776 2859
f 2776 2860 2777
f 2861 2777 2860
f 2777 2861 2778
f 2862 2778 2861
f 2778 2862 2779
f 2863 2779 2862
f 2779 2863 2780
f 2864 2780 2863
f 2780 2864 2781
f 2781 2864 2782
f 2865 2782 2864
f 2782 2865 2867
f 2866 2867 2865
f 2783 2782 2868
f 2867 2868 2782
f 2783 2868 2784
f 2784 2868 2869
f 2784 2869 2785
f 2785 2869 2870
f 2785 2870 2786
f 2786 2870 2871
f 2786 2871 2787
f 2787 2871 2872
f 2787 2872 2788
f 2788 2872 2873
f 2788 2873 2789
f 2789 2873 2790
f 2874 2790 2873
f 2790 2874 2791
f 2875 2791 2874
f 2791 2875 2792
f 2876 2792 2875
f 2792 2876 2793
f 2877 2793 2876
f 2793 2877 2794
f 2794 2877 2795
f 2878 2795 2877
f 2795 2878 2796
f 2879 2796 2878
f 2796 2879 2797
f 2880 2797 2879
f 2797 2880 2882
f 2881 2882 2880
f 2798 2797 2883
f 2882 2883 2797
f 2798 2883 2799
f 2799 2883 2884
f 2799 2884 2800
f 2800 2884 2885
f 2800 2885 2801
f 2801 2885 2886
f 2801 2886 2802
f 2802 2886 2887
f 2802 2887 2803
f 2803 2887 2804
f 2888 2804 2887
f 2804 2888 2805
f 2889 2805 2888
f 2805 2889 2806
f 2890 2806 2889
f 2806 2890 2807
f 2891 2807 2890
f 2807 2891 2808
f 2808 2891 2893
f 2892 2893 2891
f 2809 2808 2894
f 2893 2894 2808
f 2810 2809 2895
f 2894 2895 2809
f 2810 2895 2811
f 2811 2895 2896
f 2811 2896 2812
f 2812 2896 2897
f 2812 2897 2813
f 2813 2897 2898
f 2813 2898 2814
f 2814 2898 2899
f 2814 2899 2815
f 2815 2899 2900
f 2815 2900 2816
f 2816 2900 2901
f 2816 2901 2817
f 2817 2901 2818
f 2902 2818 2901
f 2818 2902 2819
f 2903 2819 2902
f 2819 2903 2820
f 2904 2820 2903
f 2820 2904 2821
f 2905 2821 2904
f 2821 2905 2822
f 2906 2822 2905
f 2822 2906 2823
f 2907 2823 2906
f 2823 2907 2824
f 2824 2907 2825
f 2908 2825 2907
f 2825 2908 2826
f 2909 2826 2908
f 2826 2909 2911
f 2910 2911 2909
f 2826 2911 2827
f 2827 2911 2912
f 2827 2912 2828
f 2828 2912 2913
f 2828 2913 2829
f 2829 2913 2914
f 2829 2914 2830
f 2830 2914 2915
f 2830 2915 2831
f 2831 2915 2832
f 2916 2832 2915
f 2832 2916 2833
f 2917 2833 2916
f 2833 2917 2834
f 2918 2834 2917
f 2834 2918 2835
f 2919 2835 2918
f 2835 2919 2836
f 2836 2919 2753
f 2920 2753 2919
f 2837 2838 2920
f 2837 3004 2922
f 2838 2837 2923
f 2922 2923 2837
f 2839 2838 2924
f 2923 2924 2838
f 2839 2924 2840
f 2840 2924 2925
f 2840 2925 2841
f 2841 2925 2926
f 2841 2926 2842
f 2842 2926 2927
f 2842 2927 2843
f 2843 2927 2928
f 2843 2928 2844
f 2844 2928 2929
f 2844 2929 2845
f 2845 2929 2846
f 2930 2846 2929
f 2846 2930 2847
f 2931 2847 2930
f 2847 2931 2848
f 2932 2848 2931
f 2848 2932 2849
f 2933 2849 2932
f 2849 2933 2850
f 2934 2850 2933
f 2850 2934 2851
f 2935 2851 2934
f 2851 2935 2852
f 2852 2935 2937
f 2936 2937 2935
f 2852 2937 2853
f 2853 2937 2938
f 2853 2938 2854
f 2854 2938 2939
f 2854 2939 2855
f 2855 2939 2940
f 2855 2940 2856
f 2856 2940 2941
f 2856 2941 2857
f 2857 2941 2942
f 2857 2942 2858
f 2858 2942 2943
f 2858 2943 2859
f 2859 2943 2860
f 2944 2860 2943
f 2860 2944 2861
f 2945 2861 2944
f 2861 2945 2862
f 2946 2862 2945
f 2862 2946 2863
f 2947 2863 2946
f 2863 2947 2864
f 2948 2864 2947
f 2864 2948 2865
f 2949 2865 2948
f 2865 2949 2866
f 2866 2949 2951
f 2950 2951 2949
f 2866 2951 2867
f 2867 2951 2952
f 2867 2952 2868
f 2868 2952 2953
f 2868 2953 2869
f 2869 2953 2954
f 2869 2954 2870
f 2870 2954 2955
f 2870 2955 2871
f 2871 2955 2956
f 2871 2956 2872
f 2872 2956 2957
f 2872 2957 2873
f 2873 2957 2874
f 2958 2874 2957
f 2874 2958 2875
f 2959 2875 2958
f 2875 2959 2876
f 2960 2876 2959
f 2876 2960 2877
f 2961 2877 2960
f 2877 2961 2878
f 2962 2878 2961
f 2878 2962 2879
f 2879 2962 2880
f 2963 2880 2962
f 2880 2963 2881
f 2964 2881 2963
f 2881 2964 2966
f 2965 2966 2964
f 2881 2966 2882
f 2882 2966 2967
f 2882 2967 2883
f 2883 2967 2968
f 2883 2968 2884
f 2884 2968 2969
f 2884 2969 2885
f 2885 2969 2970
f 2885 2970 2886
f 2886 2970 2971
f 2886 2971 2887
f 2887 2971 2888
f 2972 2888 2971
f 2888 2972 2889
f 2973 2889 2972
f 2889 2973 2890
f 2974 2890 2973
f 2890 2974 2891
f 2975 2891 2974
f 2891 2975 2892
f 2892 2975 2977
f 2976 2977 2975
f 2893 2892 2978
f 2977 2978 2892
f 2894 2893 2979
f 2978 2979 2893
f 2894 2979 2895
f 2895 2979 2980
f 2895 2980 2896
f 2896 2980 2981
f 2896 2981 2897
f 2897 2981 2982
f 2897 2982 2898
f 2898 2982 2983
f 2898 2983 2899
f 2899 2983 2984
f 2899 2984 2900
f 2900 2984 2985
f 2900 2985 2901
f 2901 2985 2902
f 2986 2902 2985
f 2902 2986 2903
f 2987 2903 2986
f 2903 2987 2904
f 2988 2904 2987
f 2904 2988 2905
f 2989 2905 2988
f 2905 2989 2906
f 2990 2906 2989
f 2906 2990 2907
f 2991 2907 2990
f 2907 2991 2908
f 2908 2991 2909
f 2992 2909 2991
f 2909 2992 2910
f 2993 2910 2992
f 2910 2993 2995
f 2994 2995 2993
f 2910 2995 2911
f 2911 2995 2996
f 2911 2996 2912
f 2912 2996 2997
f 2912 2997 2913
f 2913 2997 2998
f 2913 2998 2914
f 2914 2998 2999
f 2914 2999 2915
f 2915 2999 2916
f 3000 2916 2999
f 2916 3000 2917
f 3001 2917 3000
f 2917 3001 2918
f 3002 2918 3001
f 2918 3002 2919
f 3003 2919 3002
f 2919 3003 2920
f 3004 2920 3003
f 2920 3004 2837
f 2921 2922 3004
f 2921 3088 3006
f 2922 2921 3007
f 3006 3007 2921
f 2922 3007 2923
f 2923 3007 3008
f 2923 3008 2924
f 2924 3008 3009
f 2924 3009 2925
f 2925 3009 3010
f 2925 3010 2926
f 2926 3010 3011
f 2926 3011 2927
f 2927 3011 3012
f 2927 3012 2928
f 2928 3012 3013
f 2928 3013 2929
f 2929 3013 2930
f 3014 2930 3013
f 2930 3014 2931
f 3015 2931 3014
f 2931 3015 2932
f 3016 2932 3015
f 2932 3016 2933
f 3017 2933 3016
f 2933 3017 2934
f 3018 2934 3017
f 2934 3018 2935
f 3019 2935 3018
f 2935 3019 2936
f 3020 2936 3019
f 2936 3020 3021
f 2936 3021 2937
f 2937 3021 3022
f 2937 3022 2938
f 2938 3022 3023
f 2938 3023 2939
f 2939 3023 3024
f 2939 3024 2940
f 2940 3024 3025
f 2940 3025 2941
f 2941 3025 3026
f 2941 3026 2942
f 2942 3026 3027
f 2942 3027 2943
f 2943 3027 2944
f 3028 2944 3027
f 2944 3028 2945
f 3029 2945 3028
f 2945 3029 2946
f 3030 2946 3029
f 2946 3030 2947
f 3031 2947 3030
f 2947 3031 2948
f 3032 2948 3031
f 2948 3032 2949
f 3033 2949 3032
f 2949 3033 2950
f 3034 2950 3033
f 2950 3034 3035
f 2950 3035 2951
f 2951 3035 3036
f 2951 3036 2952
f 2952 3036 3037
f 2952 3037 2953
f 2953 3037 3038
f 2953 3038 2954
f 2954 3038 3039
f 2954 3039 2955
f 2955 3039 3040
f 2955 3040 2956
f 2956 3040 3041
f 2956 3041 2957
f 2957 3041 2958
f 3042 2958 3041
f 2958 3042 2959
f 3043 2959 3042
f 2959 3043 2960
f 3044 2960 3043
f 2960 3044 2961
f 3045 2961 3044
f 2961 3045 2962
f 3046 2962 3045
f 2962 3046 2963
f 3047 2963 3046
f 2963 3047 2964
f 2964 3047 2965
f 3048 2965 3047
f 2965 3048 3050
f 3049 3050 3048
f 2965 3050 2966
f 2966 3050 3051
f 2966 3051 2967
f 2967 3051 3052
f 2967 3052 2968
f 2968 3052 3053
f 2968 3053 2969
f 2969 3053 3054
f 2969 3054 2970
f 2970 3054 3055
f 2970 3055 2971
f 2971 3055 2972
f 3056 2972 3055
f 2972 3056 2973
f 3057 2973 3056
f 2973 3057 2974
f 3058 2974 3057
f 2974 3058 2975
f 3059 2975 3058
f 2975 3059 2976
f 3060 2976 3059
f 2976 3060 3061
f 2977 2976 3062
f 3061 3062 2976
f 2977 3062 2978
f 2978 3062 3063
f 2978 3063 2979
f 2979 3063 3064
f 2979 3064 2980
f 2980 3064 3065
f 2980 3065 2981
f 2981 3065 3066
f 2981 3066 2982
f 2982 3066 3067
f 2982 3067 2983
f 2983 3067 3068
f 2983 3068 2984
f 2984 3068 3069
f 2984 3069 2985
f 2985 3069 2986
f 3070 2986 3069
f 2986 3070 2987
f 3071 2987 3070
f 2987 3071 2988
f 3072 2988 3071
f 2988 3072 2989
f 3073 2989 3072
f 2989 3073 2990
f 3074 2990 3073
f 2990 3074 2991
f 3075 2991 3074
f 2991 3075 2992
f 3076 2992 3075
f 2992 3076 2993
f 2993 3076 2994
f 3077 2994 3076
f 3078 2994 3077
f 2994 3078 3079
f 2994 3079 2995
f 2995 3079 3080
f 2995 3080 2996
f 2996 3080 3081
f 2996 3081 2997
f 2997 3081 3082
f 2997 3082 2998
f 2998 3082 3083
f 2998 3083 2999
f 2999 3083 3000
f 3084 3000 3083
f 3000 3084 3001
f 3085 3001 3084
f 3001 3085 3002
f 3086 3002 3085
f 3002 3086 3003
f 3087 3003 3086
f 3003 3087 3004
f 3088 3004 3087
f 3004 3088 2921
f 3005 3006 3088
f 3005 3089 3090
f 3005 3090 3006
f 3006 3090 3091
f 3006 3091 3007
f 3007 3091 3092
f 3007 3092 3008
f 3008 3092 3093
f 3008 3093 3009
f 3009 3093 3094
f 3009 3094 3010
f 3010 3094 3095
f 3010 3095 3011
f 3011 3095 3096
f 3011 3096 3012
f 3012 3096 3097
f 3012 3097 3013
f 3013 3097 3014
f 3098 3014 3097
f 3014 3098 3015
f 3099 3015 3098
f 3015 3099 3016
f 3100 3016 3099
f 3016 3100 3017
f 3101 3017 3100
f 3017 3101 3018
f 3102 3018 3101
f 3018 3102 3019
f 3103 3019 3102
f 3019 3103 3020
f 3104 3020 3103
f 3020 3104 3105
f 3020 3105 3021
f 3021 3105 3106
f 3021 3106 3022
f 3022 3106 3107
f 3022 3107 3023
f 3023 3107 3108
f 3023 3108 3024
f 3024 3108 3109
f 3024 3109 3025
f 3025 3109 3110
f 3025 3110 3026
f 3026 3110 3111
f 3026 3111 3027
f 3027 3111 3028
f 3112 3028 3111
f 3028 3112 3029
f 3113 3029 3112
f 3029 3113 3030
f 3114 3030 3113
f 3030 3114 3031
f 3115 3031 3114
f 3031 3115 3032
f 3116 3032 3115
f 3032 3116 3033
f 3117 3033 3116
f 3033 3117 3034
f 3118 3034 3117
f 3034 3118 3119
f 3034 3119 3035
f 3035 3119 3120
f 3035 3120 3036
f 3036 3120 3121
f 3036 3121 3037
f 3037 3121 3122
f 3037 3122 3038
f 3038 3122 3123
f 3038 3123 3039
f 3039 3123 3124
f 3039 3124 3040
f 3040 3124 3125
f 3040 3125 3041
f 3041 3125 3042
f 3126 3042 3125
f 3042 3126 3043
f 3127 3043 3126
f 3043 3127 3044
f 3128 3044 3127
f 3044 3128 3045
f 3129 3045 3128
f 3045 3129 3046
f 3130 3046 3129
f 3046 3130 3047
f 3131 3047 3130
f 3047 3131 3048
f 3132 3048 3131
f 3048 3132 3049
f 3133 3049 3132
f 3049 3133 3134
f 3049 3134 3050
f 3050 3134 3135
f 3050 3135 3051
f 3051 3135 3136
f 3051 3136 3052
f 3052 3136 3137
f 3052 3137 3053
f 3053 3137 3138
f 3053 3138 3054
f 3054 3138 3139
f 3054 3139 3055
f 3055 3139 3056
f 3140 3056 3139
f 3056 3140 3057
f 3141 3057 3140
f 3057 3141 3058
f 3142 3058 3141
f 3058 3142 3059
f 3143 3059 3142
f 3059 3143 3060
f 3144 3060 3143
f 3060 3144 3145
f 3060 3145 3061
f 3061 3145 3146
f 3061 3146 3062
f 3062 3146 3147
f 3062 3147 3063
f 3063 3147 3148
f 3063 3148 3064
f 3064 3148 3149
f 3064 3149 3065
f 3065 3149 3150
f 3065 3150 3066
f 3066 3150 3151
f 3066 3151 3067
f 3067 3151 3152
f 3067 3152 3068
f 3068 3152 3153
f 3068 3153 3069
f 3069 3153 3070
f 3154 3070 3153
f 3070 3154 3071
f 3155 3071 3154
f 3071 3155 3072
f 3156 3072 3155
f 3072 3156 3073
f 3157 3073 3156
f 3073 3157 3074
f 3158 3074 3157
f 3074 3158 3075
f 3159 3075 3158
f 3075 3159 3076
f 3160 3076 3159
f 3076 3160 3077
f 3161 3077 3160
f 3077 3161 3078
f 3162 3078 3161
f 3078 3162 3163
f 3078 3163 3079
f 3079 3163 3164
f 3079 3164 3080
f 3080 3164 3165
f 3080 3165 3081
f 3081 3165 3166
f 3081 3166 3082
f 3082 3166 3167
f 3082 3167 3083
f 3083 3167 3084
f 3168 3084 3167
f 3084 3168 3085
f 3169 3085 3168
f 3085 3169 3086
f 3170 3086 3169
f 3086 3170 3087
f 3171 3087 3170
f 3087 3171 3088
f 3172 3088 3171
f 3088 3172 3005
f 3089 3005 3172
f 3089 3173 3174
f 3089 3174 3090
f 3090 3174 3175
f 3090 3175 3091
f 3091 3175 3176
f 3091 3176 3092
f 3092 3176 3177
f 3092 3177 3093
f 3093 3177 3178
f 3093 3178 3094
f 3094 3178 3179
f 3094 3179 3095
f 3095 3179 3180
f 3095 3180 3096
f 3096 3180 3181
f 3096 3181 3097
f 3097 3181 3098
f 3182 3098 3181
f 3098 3182 3099
f 3183 3099 3182
f 3099 3183 3100
f 3184 3100 3183
f 3100 3184 3101
f 3185 3101 3184
f 3101 3185 3102
f 3186 3102 3185
f 3102 3186 3103
f 3187 3103 3186
f 3103 3187 3104
f 3188 3104 3187
f 3104 3188 3189
f 3104 3189 3105
f 3105 3189 3190
f 3105 3190 3106
f 3106 3190 3191
f 3106 3191 3107
f 3107 3191 3192
f 3107 3192 3108
f 3108 3192 3193
f 3108 3193 3109
f 3109 3193 3194
f 3109 3194 3110
f 3110 3194 3195
f 3110 3195 3111
f 3111 3195 3112
f 3196 3112 3195
f 3112 3196 3113
f 3197 3113 3196
f 3113 3197 3114
f 3198 3114 3197
f 3114 3198 3115
f 3199 3115 3198
f 3115 3199 3116
f 3200 3116 3199
f 3116 3200 3117
f 3201 3117 3200
f 3117 3201 3118
f 3202 3118 3201
f 3118 3202 3203
f 3118 3203 3119
f 3119 3203 3204
f 3119 3204 3120
f 3120 3204 3205
f 3120 3205 3121
f 3121 3205 3206
f 3121 3206 3122
f 3122 3206 3207
f 3122 3207 3123
f 3123 3207 3208
f 3123 3208 3124
f 3124 3208 3209
f 3124 3209 3125
f 3125 3209 3126
f 3210 3126 3209
f 3126 3210 3127
f 3211 3127 3210
f 3127 3211 3128
f 3212 3128 3211
f 3128 3212 3129
f 3213 3129 3212
f 3129 3213 3130
f 3214 3130 3213
f 3130 3214 3131
f 3215 3131 3214
f 3131 3215 3132
f 3216 3132 3215
f 3132 3216 3133
f 3217 3133 3216
f 3133 3217 3218
f 3133 3218 3134
f 3134 3218 3219
f 3134 3219 3135
f 3135 3219 3220
f 3135 3220 3136
f 3136 3220 3221
f 3136 3221 3137
f 3137 3221 3222
f 3137 3222 3138
f 3138 3222 3223
f 3138 3223 3139
f 3139 3223 3140
f 3224 3140 3223
f 3140 3224 3141
f 3225 3141 3224
f 3141 3225 3142
f 3226 3142 3225
f 3142 3226 3143
f 3227 3143 3226
f 3143 3227 3144
f 3228 3144 3227
f 3144 3228 3229
f 3144 3229 3145
f 3145 3229 3230
f 3145 3230 3146
f 3146 3230 3231
f 3146 3231 3147
f 3147 3231 3232
f 3147 3232 3148
f 3148 3232 3233
f 3148 3233 3149
f 3149 3233 3234
f 3149 3234 3150
f 3150 3234 3235
f 3150 3235 3151
f 3151 3235 3236
f 3151 3236 3152
f 3152 3236 3237
f 3152 3237 3153
f 3153 3237 3154
f 3238 3154 3237
f 3154 3238 3155
f 3239 3155 3238
f 3155 3239 3156
f 3240 3156 3239
f 3156 3240 3157
f 3241 3157 3240
f 3157 3241 3158
f 3242 3158 3241
f 3158 3242 3159
f 3243 3159 3242
f 3159 3243 3160
f 3244 3160 3243
f 3160 3244 3161
f 3245 3161 3244
f 3161 3245 3162
f 3246 3162 3245
f 3162 3246 3247
f 3162 3247 3163
f 3163 3247 3248
f 3163 3248 3164
f 3164 3248 3249
f 3164 3249 3165
f 3165 3249 3250
f 3165 3250 3166
f 3166 3250 3251
f 3166 3251 3167
f 3167 3251 3168
f 3252 3168 3251
f 3168 3252 3169
f 3253 3169 3252
f 3169 3253 3170
f 3254 3170 3253
f 3170 3254 3171
f 3255 3171 3254
f 3171 3255 3172
f 3256 3172 3255
f 3172 3256 3089
f 3173 3089 3256
f 3173 1138 1137
f 3173 1137 3174
f 3174 1137 1136
f 3174 1136 3175
f 3175 1136 1135
f 3175 1135 3176
f 3176 1135 1134
f 3176 1134 3177
f 3177 1134 1133
f 3177 1133 3178
f 3178 1133 1132
f 3178 1132 3179
f 3179 1132 1131
f 3179 1131 3180
f 3180 1131 1130
f 3180 1130 3181
f 1129 3182 1130
f 3181 1130 3182
f 1128 3183 1129
f 3182 1129 3183
f 1127 3184 1128
f 3183 1128 3184
f 1126 3185 1127
f 3184 1127 3185
f 1125 3186 1126
f 3185 1126 3186
f 1124 3187 1125
f 3186 1125 3187
f 1123 3188 1124
f 3187 1124 3188
f 3188 1123 2180
f 3188 2180 3189
f 3189 2180 2181
f 3189 2181 3190
f 3190 2181 2182
f 3190 2182 3191
f 3191 2182 2183
f 3191 2183 3192
f 3192 2183 2184
f 3192 2184 3193
f 3193 2184 2185
f 3193 2185 3194
f 3194 2185 2186
f 3194 2186 3195
f 2187 3196 2186
f 3195 2186 3196
f 2188 3197 2187
f 3196 2187 3197
f 2189 3198 2188
f 3197 2188 3198
f 2190 3199 2189
f 3198 2189 3199
f 2191 3200 2190
f 3199 2190 3200
f 2192 3201 2191
f 3200 2191 3201
f 2193 3202 2192
f 3201 2192 3202
f 3202 2193 2194
f 3202 2194 3203
f 3203 2194 2195
f 3203 2195 3204
f 3204 2195 2196
f 3204 2196 3205
f 3205 2196 2197
f 3205 2197 3206
f 3206 2197 2198
f 3206 2198 3207
f 3207 2198 2199
f 3207 2199 3208
f 3208 2199 2200
f 3208 2200 3209
f 2201 3210 2200
f 3209 2200 3210
f 2202 3211 2201
f 3210 2201 3211
f 2203 3212 2202
f 3211 2202 3212
f 2204 3213 2203
f 3212 2203 3213
f 2205 3214 2204
f 3213 2204 3214
f 2206 3215 2205
f 3214 2205 3215
f 2207 3216 2206
f 3215 2206 3216
f 2208 3217 2207
f 3216 2207 3217
f 3217 2208 2209
f 3217 2209 3218
f 3218 2209 2210
f 3218 2210 3219
f 3219 2210 2211
f 3219 2211 3220
f 3220 2211 2212
f 3220 2212 3221
f 3221 2212 2213
f 3221 2213 3222
f 3222 2213 2214
f 3222 2214 3223
f 2215 3224 2214
f 3223 2214 3224
f 2216 3225 2215
f 3224 2215 3225
f 2217 3226 2216
f 3225 2216 3226
f 2218 3227 2217
f 3226 2217 3227
f 2219 3228 2218
f 3227 2218 3228
f 3228 2219 2220
f 3228 2220 3229
f 3229 2220 2221
f 3229 2221 3230
f 3230 2221 2222
f 3230 2222 3231
f 3231 2222 2223
f 3231 2223 3232
f 3232 2223 2224
f 3232 2224 3233
f 3233 2224 2225
f 3233 2225 3234
f 3234 2225 2226
f 3234 2226 3235
f 3235 2226 2227
f 3235 2227 3236
f 3236 2227 2228
f 3236 2228 3237
f 2229 3238 2228
f 3237 2228 3238
f 2230 3239 2229
f 3238 2229 3239
f 2231 3240 2230
f 3239 2230 3240
f 2232 3241 2231
f 3240 2231 3241
f 2233 3242 2232
f 3241 2232 3242
f 2234 3243 2233
f 3242 2233 3243
f 2235 3244 2234
f 3243 2234 3244
f 2236 3245 2235
f 3244 2235 3245
f 2237 3246 2236
f 3245 2236 3246
f 3246 2237 2238
f 3246 2238 3247
f 3247 2238 2239
f 3247 2239 3248
f 3248 2239 2240
f 3248 2240 3249
f 3249 2240 2241
f 3249 2241 3250
f 3250 2241 2242
f 3250 2242 3251
f 2243 3252 2242
f 3251 2242 3252
f 2244 3253 2243
f 3252 2243 3253
f 2245 3254 2244
f 3253 2244 3254
f 2246 3255 2245
f 3254 2245 3255
f 2247 3256 2246
f 3255 2246 3256
f 1138 3173 2247
f 3256 2247 3173
f 3314 3394 3313
f 3312 3313 3395
f 3395 3313 3394
f 3394 3314 3393
f 3315 3316 3392
f 3310 3316 3317
f 3310 3317 3318
f 3310 3318 3319
f 3310 3319 3320
f 3310 3320 3321
f 3310 3321 3331
f 3322 3331 3321
f 3323 3330 3322
f 3324 3329 3323
f 3325 3328 3324
f 3326 3327 3325
f 3327 3328 3325
f 3329 3324 3328
f 3330 3323 3329
f 3331 3322 3330
f 3310 3331 3332
f 3310 3332 3342
f 3333 3341 3332
f 3334 3340 3333
f 3335 3339 3334
f 3336 3338 3335
f 3337 3338 3336
f 3339 3335 3338
f 3340 3334 3339
f 3341 3333 3340
f 3342 3332 3341
f 3310 3342 3343
f 3310 3343 3344
f 3310 3344 3345
f 3310 3345 3346
f 3310 3346 3347
f 3310 3347 3348
f 3310 3348 3349
f 3310 3349 3350
f 3310 3350 3351
f 3310 3351 3361
f 3352 3361 3351
f 3353 3360 3352
f 3354 3359 3353
f 3355 3358 3354
f 3356 3357 3355
f 3357 3358 3355
f 3359 3354 3358
f 3360 3353 3359
f 3361 3352 3360
f 3310 3361 3372
f 3362 3372 3361
f 3363 3371 3362
f 3364 3370 3363
f 3365 3369 3364
f 3366 3368 3365
f 3367 3368 3366
f 3369 3365 3368
f 3370 3364 3369
f 3371 3363 3370
f 3372 3362 3371
f 3310 3372 3373
f 3310 3373 3374
f 3310 3374 3375
f 3310 3375 3376
f 3310 3376 3377
f 3310 3377 3387
f 3378 3387 3377
f 3379 3385 3378
f 3380 3384 3379
f 3381 3383 3380
f 3382 3383 3381
f 3384 3380 3383
f 3385 3379 3384
f 3386 3378 3385
f 3386 3387 3378
f 3310 3387 3388
f 3310 3388 3389
f 3310 3389 3390
f 3310 3390 3391
f 3310 3391 3316
f 3392 3316 3391
f 3393 3315 3392
f 3315 3393 3314
f 3311 3312 3395
f 3480 3398 3479
f 3399 3400 3311
f 3397 3398 3480
f 3312 3311 3401
f 3479 3399 3478
f 3314 3313 3401
f 3400 3401 3311
f 3315 3314 3402
f 3313 3312 3401
f 3316 3315 3402
f 3401 3402 3314
f 3316 3402 3317
f 3317 3402 3403
f 3317 3403 3318
f 3318 3403 3319
f 3319 3403 3320
f 3320 3403 3321
f 3404 3321 3403
f 3321 3404 3322
f 3322 3404 3323
f 3323 3404 3324
f 3405 3324 3404
f 3324 3405 3325
f 3325 3405 3326
f 3406 3326 3405
f 3407 3326 3406
f 3408 3326 3407
f 3408 3409 3414
f 3413 3414 3409
f 3412 3413 3410
f 3411 3412 3410
f 3414 3415 3326
f 3409 3410 3413
f 3327 3326 3416
f 3326 3408 3414
f 3329 3328 3416
f 3415 3416 3326
f 3330 3329 3417
f 3328 3327 3416
f 3331 3330 3417
f 3416 3417 3329
f 3331 3417 3332
f 3332 3417 3333
f 3418 3333 3417
f 3333 3418 3334
f 3334 3418 3335
f 3335 3418 3336
f 3336 3418 3337
f 3419 3337 3418
f 3424 3425 3419
f 3420 3424 3419
f 3421 3423 3420
f 3422 3423 3421
f 3425 3426 3337
f 3423 3424 3420
f 3427 3428 3337
f 3337 3419 3425
f 3339 3338 3428
f 3426 3427 3337
f 3340 3339 3429
f 3338 3337 3428
f 3429 3430 3341
f 3428 3429 3339
f 3343 3342 3430
f 3341 3340 3429
f 3344 3343 3430
f 3342 3341 3430
f 3345 3344 3431
f 3430 3431 3344
f 3345 3431 3346
f 3346 3431 3347
f 3432 3347 3431
f 3347 3432 3348
f 3348 3432 3349
f 3433 3349 3432
f 3349 3433 3350
f 3350 3433 3351
f 3351 3433 3352
f 3434 3352 3433
f 3352 3434 3353
f 3353 3434 3354
f 3435 3354 3434
f 3354 3435 3355
f 3355 3435 3356
f 3436 3356 3435
f 3437 3356 3436
f 3438 3356 3437
f 3438 3439 3444
f 3443 3444 3439
f 3442 3443 3440
f 3441 3442 3440
f 3444 3445 3356
f 3439 3440 3443
f 3358 3357 3445
f 3356 3438 3444
f 3359 3358 3445
f 3357 3356 3445
f 3359 3445 3360
f 3360 3445 3446
f 3360 3446 3361
f 3361 3446 3362
f 3362 3446 3363
f 3363 3446 3364
f 3447 3364 3446
f 3364 3447 3365
f 3365 3447 3366
f 3366 3447 3367
f 3448 3367 3447
f 3449 3367 3448
f 3454 3455 3449
f 3450 3454 3449
f 3451 3453 3450
f 3452 3453 3451
f 3455 3456 3367
f 3453 3454 3450
f 3457 3458 3367
f 3367 3449 3455
f 3369 3368 3458
f 3456 3457 3367
f 3370 3369 3459
f 3368 3367 3458
f 3372 3371 3459
f 3458 3459 3369
f 3373 3372 3460
f 3371 3370 3459
f 3374 3373 3460
f 3459 3460 3372
f 3374 3460 3375
f 3375 3460 3376
f 3461 3376 3460
f 3376 3461 3377
f 3377 3461 3378
f 3378 3461 3379
f 3462 3379 3461
f 3379 3462 3380
f 3380 3462 3381
f 3381 3462 3382
f 3463 3382 3462
f 3464 3382 3463
f 3469 3470 3464
f 3465 3469 3464
f 3466 3468 3465
f 3467 3468 3466
f 3470 3471 3382
f 3468 3469 3465
f 3383 3382 3472
f 3382 3464 3470
f 3385 3384 3472
f 3471 3472 3382
f 3386 3385 3473
f 3384 3383 3472
f 3387 3386 3473
f 3472 3473 3385
f 3387 3473 3388
f 3388 3473 3474
f 3388 3474 3389
f 3389 3474 3390
f 3390 3474 3391
f 3475 3391 3474
f 3391 3475 3392
f 3392 3475 3393
f 3393 3475 3394
f 3476 3394 3475
f 3394 3476 3395
f 3395 3476 3311
f 3477 3311 3476
f 3478 3311 3477
f 3311 3478 3399
f 3398 3399 3479
f 3396 3397 3480
f 3565 3483 3564
f 3397 3396 3484
f 3482 3483 3565
f 3398 3397 3485
f 3483 3484 3396
f 3399 3398 3485
f 3484 3485 3397
f 3400 3399 3486
f 3485 3486 3399
f 3400 3486 3401
f 3401 3486 3487
f 3401 3487 3402
f 3402 3487 3488
f 3402 3488 3403
f 3403 3488 3404
f 3489 3404 3488
f 3404 3489 3405
f 3405 3489 3406
f 3490 3406 3489
f 3406 3490 3407
f 3407 3490 3408
f 3491 3408 3490
f 3408 3491 3409
f 3409 3491 3410
f 3492 3410 3491
f 3410 3492 3411
f 3493 3411 3492
f 3494 3411 3493
f 3411 3494 3498
f 3497 3498 3495
f 3496 3497 3495
f 3499 3500 3411
f 3494 3495 3498
f 3413 3412 3500
f 3498 3499 3411
f 3414 3413 3501
f 3412 3411 3500
f 3415 3414 3501
f 3500 3501 3413
f 3416 3415 3502
f 3501 3502 3415
f 3416 3502 3417
f 3417 3502 3418
f 3503 3418 3502
f 3418 3503 3419
f 3419 3503 3420
f 3504 3420 3503
f 3420 3504 3421
f 3421 3504 3422
f 3505 3422 3504
f 3422 3505 3509
f 3506 3508 3505
f 3507 3508 3506
f 3510 3511 3422
f 3508 3509 3505
f 3511 3512 3423
f 3509 3510 3422
f 3425 3424 3512
f 3423 3422 3511
f 3426 3425 3513
f 3424 3423 3512
f 3427 3426 3514
f 3512 3513 3425
f 3428 3427 3514
f 3513 3514 3426
f 3429 3428 3515
f 3514 3515 3428
f 3429 3515 3430
f 3430 3515 3516
f 3430 3516 3431
f 3431 3516 3432
f 3517 3432 3516
f 3432 3517 3433
f 3518 3433 3517
f 3433 3518 3434
f 3434 3518 3435
f 3519 3435 3518
f 3435 3519 3436
f 3436 3519 3437
f 3520 3437 3519
f 3437 3520 3438
f 3521 3438 3520
f 3438 3521 3439
f 3439 3521 3440
f 3522 3440 3521
f 3440 3522 3441
f 3523 3441 3522
f 3524 3441 3523
f 3441 3524 3528
f 3527 3528 3525
f 3526 3527 3525
f 3442 3441 3529
f 3524 3525 3528
f 3443 3442 3529
f 3528 3529 3441
f 3444 3443 3530
f 3529 3530 3443
f 3444 3530 3445
f 3445 3530 3531
f 3445 3531 3446
f 3446 3531 3447
f 3447 3531 3448
f 3532 3448 3531
f 3448 3532 3449
f 3449 3532 3450
f 3533 3450 3532
f 3450 3533 3451
f 3451 3533 3452
f 3534 3452 3533
f 3535 3452 3534
f 3452 3535 3539
f 3536 3538 3535
f 3537 3538 3536
f 3540 3541 3452
f 3538 3539 3535
f 3541 3542 3453
f 3539 3540 3452
f 3455 3454 3542
f 3453 3452 3541
f 3456 3455 3543
f 3454 3453 3542
f 3457 3456 3543
f 3542 3543 3455
f 3458 3457 3544
f 3543 3544 3457
f 3458 3544 3459
f 3459 3544 3545
f 3459 3545 3460
f 3460 3545 3461
f 3546 3461 3545
f 3461 3546 3462
f 3547 3462 3546
f 3462 3547 3463
f 3463 3547 3464
f 3548 3464 3547
f 3464 3548 3465
f 3465 3548 3466
f 3549 3466 3548
f 3466 3549 3467
f 3550 3467 3549
f 3467 3550 3554
f 3551 3553 3550
f 3552 3553 3551
f 3468 3467 3555
f 3553 3554 3550
f 3469 3468 3556
f 3554 3555 3467
f 3470 3469 3557
f 3555 3556 3468
f 3471 3470 3557
f 3556 3557 3469
f 3472 3471 3558
f 3557 3558 3471
f 3472 3558 3473
f 3473 3558 3559
f 3473 3559 3474
f 3474 3559 3475
f 3560 3475 3559
f 3475 3560 3476
f 3476 3560 3477
f 3561 3477 3560
f 3477 3561 3478
f 3478 3561 3479
f 3562 3479 3561
f 3479 3562 3480
f 3563 3480 3562
f 3480 3563 3396
f 3564 3396 3563
f 3396 3564 3483
f 3481 3482 3565
f 3481 3650 3567
f 3482 3481 3569
f 3567 3568 3481
f 3483 3482 3569
f 3568 3569 3481
f 3484 3483 3570
f 3569 3570 3483
f 3485 3484 3571
f 3570 3571 3484
f 3485 3571 3486
f 3486 3571 3572
f 3486 3572 3487
f 3487 3572 3573
f 3487 3573 3488
f 3488 3573 3489
f 3574 3489 3573
f 3489 3574 3490
f 3490 3574 3491
f 3575 3491 3574
f 3491 3575 3492
f 3576 3492 3575
f 3492 3576 3493
f 3493 3576 3494
f 3577 3494 3576
f 3494 3577 3495
f 3578 3495 3577
f 3495 3578 3496
f 3579 3496 3578
f 3496 3579 3583
f 3582 3583 3580
f 3581 3582 3580
f 3497 3496 3584
f 3579 3580 3583
f 3498 3497 3585
f 3583 3584 3496
f 3499 3498 3585
f 3584 3585 3497
f 3500 3499 3586
f 3585 3586 3499
f 3500 3586 3501
f 3501 3586 3587
f 3501 3587 3502
f 3502 3587 3503
f 3588 3503 3587
f 3503 3588 3504
f 3589 3504 3588
f 3504 3589 3505
f 3505 3589 3506
f 3590 3506 3589
f 3506 3590 3507
f 3507 3590 3593
f 3591 3593 3590
f 3592 3593 3591
f 3508 3507 3595
f 3593 3594 3507
f 3509 3508 3596
f 3594 3595 3507
f 3510 3509 3597
f 3595 3596 3508
f 3511 3510 3597
f 3596 3597 3509
f 3512 3511 3598
f 3597 3598 3511
f 3513 3512 3599
f 3598 3599 3512
f 3513 3599 3514
f 3514 3599 3600
f 3514 3600 3515
f 3515 3600 3601
f 3515 3601 3516
f 3516 3601 3517
f 3602 3517 3601
f 3517 3602 3518
f 3603 3518 3602
f 3518 3603 3519
f 3604 3519 3603
f 3519 3604 3520
f 3520 3604 3521
f 3605 3521 3604
f 3521 3605 3522
f 3606 3522 3605
f 3522 3606 3523
f 3523 3606 3524
f 3607 3524 3606
f 3524 3607 3525
f 3608 3525 3607
f 3525 3608 3526
f 3609 3526 3608
f 3610 3526 3609
f 3526 3610 3613
f 3611 3612 3610
f 3527 3526 3613
f 3612 3613 3610
f 3528 3527 3614
f 3613 3614 3527
f 3528 3614 3529
f 3529 3614 3615
f 3529 3615 3530
f 3530 3615 3616
f 3530 3616 3531
f 3531 3616 3532
f 3617 3532 3616
f 3532 3617 3533
f 3533 3617 3534
f 3618 3534 3617
f 3534 3618 3535
f 3535 3618 3536
f 3619 3536 3618
f 3536 3619 3537
f 3620 3537 3619
f 3537 3620 3624
f 3621 3623 3620
f 3622 3623 3621
f 3538 3537 3625
f 3623 3624 3620
f 3539 3538 3626
f 3624 3625 3537
f 3540 3539 3627
f 3625 3626 3538
f 3541 3540 3627
f 3626 3627 3539
f 3542 3541 3628
f 3627 3628 3541
f 3543 3542 3629
f 3628 3629 3542
f 3543 3629 3544
f 3544 3629 3630
f 3544 3630 3545
f 3545 3630 3546
f 3631 3546 3630
f 3546 3631 3547
f 3632 3547 3631
f 3547 3632 3548
f 3548 3632 3549
f 3633 3549 3632
f 3549 3633 3550
f 3634 3550 3633
f 3550 3634 3551
f 3551 3634 3552
f 3635 3552 3634
f 3636 3552 3635
f 3552 3636 3638
f 3637 3638 3636
f 3553 3552 3640
f 3638 3639 3552
f 3554 3553 3640
f 3639 3640 3552
f 3555 3554 3641
f 3640 3641 3554
f 3556 3555 3642
f 3641 3642 3555
f 3556 3642 3557
f 3557 3642 3643
f 3557 3643 3558
f 3558 3643 3644
f 3558 3644 3559
f 3559 3644 3560
f 3645 3560 3644
f 3560 3645 3561
f 3646 3561 3645
f 3561 3646 3562
f 3562 3646 3563
f 3647 3563 3646
f 3563 3647 3564
f 3648 3564 3647
f 3564 3648 3565
f 3565 3648 3481
f 3649 3481 3648
f 3650 3481 3649
f 3566 3567 3650
f 3566 3735 3652
f 3567 3566 3653
f 3652 3653 3566
f 3568 3567 3654
f 3653 3654 3567
f 3569 3568 3655
f 3654 3655 3568
f 3569 3655 3570
f 3570 3655 3656
f 3570 3656 3571
f 3571 3656 3657
f 3571 3657 3572
f 3572 3657 3658
f 3572 3658 3573
f 3573 3658 3574
f 3659 3574 3658
f 3574 3659 3575
f 3660 3575 3659
f 3575 3660 3576
f 3576 3660 3577
f 3661 3577 3660
f 3577 3661 3578
f 3662 3578 3661
f 3578 3662 3579
f 3663 3579 3662
f 3579 3663 3580
f 3580 3663 3581
f 3664 3581 3663
f 3665 3581 3664
f 3581 3665 3667
f 3666 3667 3665
f 3582 3581 3668
f 3667 3668 3581
f 3583 3582 3669
f 3668 3669 3582
f 3584 3583 3670
f 3669 3670 3583
f 3584 3670 3585
f 3585 3670 3671
f 3585 3671 3586
f 3586 3671 3672
f 3586 3672 3587
f 3587 3672 3588
f 3673 3588 3672
f 3588 3673 3589
f 3674 3589 3673
f 3589 3674 3590
f 3590 3674 3591
f 3675 3591 3674
f 3591 3675 3592
f 3676 3592 3675
f 3592 3676 3678
f 3677 3678 3676
f 3593 3592 3680
f 3678 3679 3592
f 3594 3593 3680
f 3679 3680 3592
f 3595 3594 3681
f 3680 3681 3594
f 3596 3595 3682
f 3681 3682 3595
f 3597 3596 3683
f 3682 3683 3596
f 3597 3683 3598
f 3598 3683 3684
f 3598 3684 3599
f 3599 3684 3685
f 3599 3685 3600
f 3600 3685 3686
f 3600 3686 3601
f 3601 3686 3602
f 3687 3602 3686
f 3602 3687 3603
f 3688 3603 3687
f 3603 3688 3604
f 3689 3604 3688
f 3604 3689 3605
f 3605 3689 3606
f 3690 3606 3689
f 3606 3690 3607
f 3691 3607 3690
f 3607 3691 3608
f 3692 3608 3691
f 3608 3692 3609
f 3693 3609 3692
f 3609 3693 3610
f 3610 3693 3611
f 3694 3611 3693
f 3695 3611 3694
f 3611 3695 3697
f 3696 3697 3695
f 3612 3611 3698
f 3697 3698 3611
f 3613 3612 3699
f 3698 3699 3612
f 3613 3699 3614
f 3614 3699 3700
f 3614 3700 3615
f 3615 3700 3701
f 3615 3701 3616
f 3616 3701 3617
f 3702 3617 3701
f 3617 3702 3618
f 3703 3618 3702
f 3618 3703 3619
f 3619 3703 3620
f 3704 3620 3703
f 3620 3704 3621
f 3705 3621 3704
f 3621 3705 3622
f 3706 3622 3705
f 3622 3706 3708
f 3707 3708 3706
f 3623 3622 3710
f 3708 3709 3622
f 3624 3623 3710
f 3709 3710 3622
f 3625 3624 3711
f 3710 3711 3624
f 3626 3625 3712
f 3711 3712 3625
f 3627 3626 3713
f 3712 3713 3626
f 3627 3713 3628
f 3628 3713 3714
f 3628 3714 3629
f 3629 3714 3715
f 3629 3715 3630
f 3630 3715 3631
f 3716 3631 3715
f 3631 3716 3632
f 3717 3632 3716
f 3632 3717 3633
f 3718 3633 3717
f 3633 3718 3634
f 3634 3718 3635
f 3719 3635 3718
f 3635 3719 3636
f 3720 3636 3719
f 3636 3720 3637
f 3721 3637 3720
f 3637 3721 3723
f 3722 3723 3721
f 3638 3637 3724
f 3723 3724 3637
f 3639 3638 3725
f 3724 3725 3638
f 3640 3639 3726
f 3725 3726 3639
f 3640 3726 3641
f 3641 3726 3727
f 3641 3727 3642
f 3642 3727 3728
f 3642 3728 3643
f 3643 3728 3729
f 3643 3729 3644
f 3644 3729 3645
f 3730 3645 3729
f 3645 3730 3646
f 3731 3646 3730
f 3646 3731 3647
f 3647 3731 3648
f 3732 3648 3731
f 3648 3732 3649
f 3733 3649 3732
f 3649 3733 3650
f 3734 3650 3733
f 3650 3734 3566
f 3735 3566 3734
f 3651 3652 3735
f 3651 3820 3737
f 3652 3651 3738
f 3737 3738 3651
f 3653 3652 3739
f 3738 3739 3652
f 3653 3739 3654
f 3654 3739 3740
f 3654 3740 3655
f 3655 3740 3741
f 3655 3741 3656
f 3656 3741 3742
f 3656 3742 3657
f 3657 3742 3743
f 3657 3743 3658
f 3658 3743 3659
f 3744 3659 3743
f 3659 3744 3660
f 3745 3660 3744
f 3660 3745 3661
f 3746 3661 3745
f 3661 3746 3662
f 3662 3746 3663
f 3747 3663 3746
f 3663 3747 3664
f 3748 3664 3747
f 3664 3748 3665
f 3749 3665 3748
f 3665 3749 3666
f 3750 3666 3749
f 3666 3750 3752
f 3751 3752 3750
f 3667 3666 3753
f 3752 3753 3666
f 3668 3667 3754
f 3753 3754 3667
f 3669 3668 3755
f 3754 3755 3668
f 3669 3755 3670
f 3670 3755 3756
f 3670 3756 3671
f 3671 3756 3757
f 3671 3757 3672
f 3672 3757 3673
f 3758 3673 3757
f 3673 3758 3674
f 3759 3674 3758
f 3674 3759 3675
f 3760 3675 3759
f 3675 3760 3676
f 3676 3760 3677
f 3761 3677 3760
f 3677 3761 3763
f 3762 3763 3761
f 3678 3677 3764
f 3763 3764 3677
f 3679 3678 3765
f 3764 3765 3678
f 3680 3679 3766
f 3765 3766 3679
f 3681 3680 3767
f 3766 3767 3680
f 3682 3681 3768
f 3767 3768 3681
f 3682 3768 3683
f 3683 3768 3769
f 3683 3769 3684
f 3684 3769 3770
f 3684 3770 3685
f 3685 3770 3771
f 3685 3771 3686
f 3686 3771 3687
f 3772 3687 3771
f 3687 3772 3688
f 3773 3688 3772
f 3688 3773 3689
f 3774 3689 3773
f 3689 3774 3690
f 3775 3690 3774
f 3690 3775 3691
f 3691 3775 3692
f 3776 3692 3775
f 3692 3776 3693
f 3777 3693 3776
f 3693 3777 3694
f 3778 3694 3777
f 3694 3778 3695
f 3779 3695 3778
f 3695 3779 3696
f 3780 3696 3779
f 3696 3780 3782
f 3781 3782 3780
f 3697 3696 3783
f 3782 3783 3696
f 3697 3783 3698
f 3698 3783 3784
f 3698 3784 3699
f 3699 3784 3785
f 3699 3785 3700
f 3700 3785 3786
f 3700 3786 3701
f 3701 3786 3702
f 3787 3702 3786
f 3702 3787 3703
f 3788 3703 3787
f 3703 3788 3704
f 3704 3788 3705
f 3789 3705 3788
f 3705 3789 3706
f 3790 3706 3789
f 3706 3790 3707
f 3791 3707 3790
f 3707 3791 3793
f 3792 3793 3791
f 3708 3707 3794
f 3793 3794 3707
f 3709 3708 3795
f 3794 3795 3708
f 3710 3709 3796
f 3795 3796 3709
f 3711 3710 3797
f 3796 3797 3710
f 3711 3797 3712
f 3712 3797 3798
f 3712 3798 3713
f 3713 3798 3799
f 3713 3799 3714
f 3714 3799 3800
f 3714 3800 3715
f 3715 3800 3716
f 3801 3716 3800
f 3716 3801 3717
f 3802 3717 3801
f 3717 3802 3718
f 3803 3718 3802
f 3718 3803 3719
f 3804 3719 3803
f 3719 3804 3720
f 3720 3804 3721
f 3805 3721 3804
f 3721 3805 3722
f 3806 3722 3805
f 3722 3806 3808
f 3807 3808 3806
f 3723 3722 3809
f 3808 3809 3722
f 3724 3723 3810
f 3809 3810 3723
f 3725 3724 3811
f 3810 3811 3724
f 3725 3811 3726
f 3726 3811 3812
f 3726 3812 3727
f 3727 3812 3813
f 3727 3813 3728
f 3728 3813 3814
f 3728 3814 3729
f 3729 3814 3730
f 3815 3730 3814
f 3730 3815 3731
f 3816 3731 3815
f 3731 3816 3732
f 3817 3732 3816
f 3732 3817 3733
f 3733 3817 3734
f 3818 3734 3817
f 3734 3818 3735
f 3819 3735 3818
f 3735 3819 3651
f 3820 3651 3819
f 3736 3737 3820
f 3736 3905 3822
f 3737 3736 3823
f 3822 3823 3736
f 3738 3737 3824
f 3823 3824 3737
f 3738 3824 3739
f 3739 3824 3825
f 3739 3825 3740
f 3740 3825 3826
f 3740 3826 3741
f 3741 3826 3827
f 3741 3827 3742
f 3742 3827 3828
f 3742 3828 3743
f 3743 3828 3744
f 3829 3744 3828
f 3744 3829 3745
f 3830 3745 3829
f 3745 3830 3746
f 3831 3746 3830
f 3746 3831 3747
f 3747 3831 3748
f 3832 3748 3831
f 3748 3832 3749
f 3833 3749 3832
f 3749 3833 3750
f 3834 3750 3833
f 3750 3834 3751
f 3835 3751 3834
f 3751 3835 3837
f 3836 3837 3835
f 3752 3751 3838
f 3837 3838 3751
f 3753 3752 3839
f 3838 3839 3752
f 3753 3839 3754
f 3754 3839 3840
f 3754 3840 3755
f 3755 3840 3841
f 3755 3841 3756
f 3756 3841 3842
f 3756 3842 3757
f 3757 3842 3758
f 3843 3758 3842
f 3758 3843 3759
f 3844 3759 3843
f 3759 3844 3760
f 3845 3760 3844
f 3760 3845 3761
f 3846 3761 3845
f 3761 3846 3762
f 3762 3846 3848
f 3847 3848 3846
f 3763 3762 3849
f 3848 3849 3762
f 3764 3763 3850
f 3849 3850 3763
f 3765 3764 3851
f 3850 3851 3764
f 3766 3765 3852
f 3851 3852 3765
f 3766 3852 3767
f 3767 3852 3853
f 3767 3853 3768
f 3768 3853 3854
f 3768 3854 3769
f 3769 3854 3855
f 3769 3855 3770
f 3770 3855 3856
f 3770 3856 3771
f 3771 3856 3772
f 3857 3772 3856
f 3772 3857 3773
f 3858 3773 3857
f 3773 3858 3774
f 3859 3774 3858
f 3774 3859 3775
f 3860 3775 3859
f 3775 3860 3776
f 3861 3776 3860
f 3776 3861 3777
f 3777 3861 3778
f 3862 3778 3861
f 3778 3862 3779
f 3863 3779 3862
f 3779 3863 3780
f 3864 3780 3863
f 3780 3864 3781
f 3865 3781 3864
f 3781 3865 3867
f 3866 3867 3865
f 3781 3867 3782
f 3782 3867 3868
f 3782 3868 3783
f 3783 3868 3869
f 3783 3869 3784
f 3784 3869 3870
f 3784 3870 3785
f 3785 3870 3871
f 3785 3871 3786
f 3786 3871 3787
f 3872 3787 3871
f 3787 3872 3788
f 3873 3788 3872
f 3788 3873 3789
f 3874 3789 3873
f 3789 3874 3790
f 3790 3874 3791
f 3875 3791 3874
f 3791 3875 3792
f 3876 3792 3875
f 3792 3876 3878
f 3877 3878 3876
f 3793 3792 3879
f 3878 3879 3792
f 3794 3793 3880
f 3879 3880 3793
f 3795 3794 3881
f 3880 3881 3794
f 3796 3795 3882
f 3881 3882 3795
f 3796 3882 3797
f 3797 3882 3883
f 3797 3883 3798
f 3798 3883 3884
f 3798 3884 3799
f 3799 3884 3885
f 3799 3885 3800
f 3800 3885 3801
f 3886 3801 3885
f 3801 3886 3802
f 3887 3802 3886
f 3802 3887 3803
f 3888 3803 3887
f 3803 3888 3804
f 3889 3804 3888
f 3804 3889 3805
f 3805 3889 3806
f 3890 3806 3889
f 3806 3890 3807
f 3891 3807 3890
f 3807 3891 3893
f 3892 3893 3891
f 3808 3807 3894
f 3893 3894 3807
f 3809 3808 3895
f 3894 3895 3808
f 3809 3895 3810
f 3810 3895 3896
f 3810 3896 3811
f 3811 3896 3897
f 3811 3897 3812
f 3812 3897 3898
f 3812 3898 3813
f 3813 3898 3899
f 3813 3899 3814
f 3814 3899 3815
f 3900 3815 3899
f 3815 3900 3816
f 3901 3816 3900
f 3816 3901 3817
f 3902 3817 3901
f 3817 3902 3818
f 3903 3818 3902
f 3818 3903 3819
f 3819 3903 3820
f 3904 3820 3903
f 3820 3904 3736
f 3905 3736 3904
f 3821 3822 3905
f 3821 3990 3907
f 3822 3821 3908
f 3907 3908 3821
f 3822 3908 3823
f 3823 3908 3909
f 3823 3909 3824
f 3824 3909 3910
f 3824 3910 3825
f 3825 3910 3911
f 3825 3911 3826
f 3826 3911 3912
f 3826 3912 3827
f 3827 3912 3913
f 3827 3913 3828
f 3828 3913 3829
f 3914 3829 3913
f 3829 3914 3830
f 3915 3830 3914
f 3830 3915 3831
f 3916 3831 3915
f 3831 3916 3832
f 3917 3832 3916
f 3832 3917 3833
f 3833 3917 3834
f 3918 3834 3917
f 3834 3918 3835
f 3919 3835 3918
f 3835 3919 3836
f 3920 3836 3919
f 3836 3920 3922
f 3921 3922 3920
f 3837 3836 3923
f 3922 3923 3836
f 3837 3923 3838
f 3838 3923 3924
f 3838 3924 3839
f 3839 3924 3925
f 3839 3925 3840
f 3840 3925 3926
f 3840 3926 3841
f 3841 3926 3927
f 3841 3927 3842
f 3842 3927 3843
f 3928 3843 3927
f 3843 3928 3844
f 3929 3844 3928
f 3844 3929 3845
f 3930 3845 3929
f 3845 3930 3846
f 3931 3846 3930
f 3846 3931 3847
f 3847 3931 3933
f 3932 3933 3931
f 3848 3847 3934
f 3933 3934 3847
f 3849 3848 3935
f 3934 3935 3848
f 3850 3849 3936
f 3935 3936 3849
f 3850 3936 3851
f 3851 3936 3937
f 3851 3937 3852
f 3852 3937 3938
f 3852 3938 3853
f 3853 3938 3939
f 3853 3939 3854
f 3854 3939 3940
f 3854 3940 3855
f 3855 3940 3941
f 3855 3941 3856
f 3856 3941 3857
f 3942 3857 3941
f 3857 3942 3858
f 3943 3858 3942
f 3858 3943 3859
f 3944 3859 3943
f 3859 3944 3860
f 3945 3860 3944
f 3860 3945 3861
f 3946 3861 3945
f 3861 3946 3862
f 3947 3862 3946
f 3862 3947 3863
f 3863 3947 3864
f 3948 3864 3947
f 3864 3948 3865
f 3949 3865 3948
f 3865 3949 3866
f 3950 3866 3949
f 3866 3950 3952
f 3951 3952 3950
f 3866 3952 3867
f 3867 3952 3953
f 3867 3953 3868
f 3868 3953 3954
f 3868 3954 3869
f 3869 3954 3955
f 3869 3955 3870
f 3870 3955 3956
f 3870 3956 3871
f 3871 3956 3872
f 3957 3872 3956
f 3872 3957 3873
f 3958 3873 3957
f 3873 3958 3874
f 3959 3874 3958
f 3874 3959 3875
f 3960 3875 3959
f 3875 3960 3876
f 3876 3960 3877
f 3961 3877 3960
f 3877 3961 3963
f 3962 3963 3961
f 3878 3877 3964
f 3963 3964 3877
f 3879 3878 3965
f 3964 3965 3878
f 3880 3879 3966
f 3965 3966 3879
f 3880 3966 3881
f 3881 3966 3967
f 3881 3967 3882
f 3882 3967 3968
f 3882 3968 3883
f 3883 3968 3969
f 3883 3969 3884
f 3884 3969 3970
f 3884 3970 3885
f 3885 3970 3886
f 3971 3886 3970
f 3886 3971 3887
f 3972 3887 3971
f 3887 3972 3888
f 3973 3888 3972
f 3888 3973 3889
f 3974 3889 3973
f 3889 3974 3890
f 3975 3890 3974
f 3890 3975 3891
f 3891 3975 3892
f 3976 3892 3975
f 3892 3976 3978
f 3977 3978 3976
f 3893 3892 3979
f 3978 3979 3892
f 3893 3979 3894
f 3894 3979 3980
f 3894 3980 3895
f 3895 3980 3981
f 3895 3981 3896
f 3896 3981 3982
f 3896 3982 3897
f 3897 3982 3983
f 3897 3983 3898
f 3898 3983 3984
f 3898 3984 3899
f 3899 3984 3900
f 3985 3900 3984
f 3900 3985 3901
f 3986 3901 3985
f 3901 3986 3902
f 3987 3902 3986
f 3902 3987 3903
f 3988 3903 3987
f 3903 3988 3904
f 3989 3904 3988
f 3904 3989 3905
f 3905 3989 3821
f 3990 3821 3989
f 3906 3907 3990
f 3906 4075 3992
f 3906 3992 3907
f 3907 3992 3993
f 3907 3993 3908
f 3908 3993 3994
f 3908 3994 3909
f 3909 3994 3995
f 3909 3995 3910
f 3910 3995 3996
f 3910 3996 3911
f 3911 3996 3997
f 3911 3997 3912
f 3912 3997 3998
f 3912 3998 3913
f 3913 3998 3914
f 3999 3914 3998
f 3914 3999 3915
f 4000 3915 3999
f 3915 4000 3916
f 4001 3916 4000
f 3916 4001 3917
f 4002 3917 4001
f 3917 4002 3918
f 4003 3918 4002
f 3918 4003 3919
f 3919 4003 3920
f 4004 3920 4003
f 3920 4004 3921
f 4005 3921 4004
f 3921 4005 4007
f 4006 4007 4005
f 3922 3921 4008
f 4007 4008 3921
f 3922 4008 3923
f 3923 4008 4009
f 3923 4009 3924
f 3924 4009 4010
f 3924 4010 3925
f 3925 4010 4011
f 3925 4011 3926
f 3926 4011 4012
f 3926 4012 3927
f 3927 4012 3928
f 4013 3928 4012
f 3928 4013 3929
f 4014 3929 4013
f 3929 4014 3930
f 4015 3930 4014
f 3930 4015 3931
f 4016 3931 4015
f 3931 4016 3932
f 3932 4016 4018
f 4017 4018 4016
f 3933 3932 4019
f 4018 4019 3932
f 3934 3933 4020
f 4019 4020 3933
f 3934 4020 3935
f 3935 4020 4021
f 3935 4021 3936
f 3936 4021 4022
f 3936 4022 3937
f 3937 4022 4023
f 3937 4023 3938
f 3938 4023 4024
f 3938 4024 3939
f 3939 4024 4025
f 3939 4025 3940
f 3940 4025 4026
f 3940 4026 3941
f 3941 4026 3942
f 4027 3942 4026
f 3942 4027 3943
f 4028 3943 4027
f 3943 4028 3944
f 4029 3944 4028
f 3944 4029 3945
f 4030 3945 4029
f 3945 4030 3946
f 4031 3946 4030
f 3946 4031 3947
f 4032 3947 4031
f 3947 4032 3948
f 4033 3948 4032
f 3948 4033 3949
f 3949 4033 3950
f 4034 3950 4033
f 3950 4034 3951
f 4035 3951 4034
f 3951 4035 4037
f 4036 4037 4035
f 3951 4037 3952
f 3952 4037 4038
f 3952 4038 3953
f 3953 4038 4039
f 3953 4039 3954
f 3954 4039 4040
f 3954 4040 3955
f 3955 4040 4041
f 3955 4041 3956
f 3956 4041 3957
f 4042 3957 4041
f 3957 4042 3958
f 4043 3958 4042
f 3958 4043 3959
f 4044 3959 4043
f 3959 4044 3960
f 4045 3960 4044
f 3960 4045 3961
f 3961 4045 3962
f 4046 3962 4045
f 3962 4046 4048
f 4047 4048 4046
f 3963 3962 4049
f 4048 4049 3962
f 3964 3963 4050
f 4049 4050 3963
f 3964 4050 3965
f 3965 4050 4051
f 3965 4051 3966
f 3966 4051 4052
f 3966 4052 3967
f 3967 4052 4053
f 3967 4053 3968
f 3968 4053 4054
f 3968 4054 3969
f 3969 4054 4055
f 3969 4055 3970
f 3970 4055 3971
f 4056 3971 4055
f 3971 4056 3972
f 4057 3972 4056
f 3972 4057 3973
f 4058 3973 4057
f 3973 4058 3974
f 4059 3974 4058
f 3974 4059 3975
f 4060 3975 4059
f 3975 4060 3976
f 4061 3976 4060
f 3976 4061 3977
f 4062 3977 4061
f 3977 4062 4063
f 3977 4063 3978
f 3978 4063 4064
f 3978 4064 3979
f 3979 4064 4065
f 3979 4065 3980
f 3980 4065 4066
f 3980 4066 3981
f 3981 4066 4067
f 3981 4067 3982
f 3982 4067 4068
f 3982 4068 3983
f 3983 4068 4069
f 3983 4069 3984
f 3984 4069 3985
f 4070 3985 4069
f 3985 4070 3986
f 4071 3986 4070
f 3986 4071 3987
f 4072 3987 4071
f 3987 4072 3988
f 4073 3988 4072
f 3988 4073 3989
f 4074 3989 4073
f 3989 4074 3990
f 4075 3990 4074
f 3990 4075 3906
f 3991 3992 4075
f 3991 4076 4077
f 3991 4077 3992
f 3992 4077 4078
f 3992 4078 3993
f 3993 4078 4079
f 3993 4079 3994
f 3994 4079 4080
f 3994 4080 3995
f 3995 4080 4081
f 3995 4081 3996
f 3996 4081 4082
f 3996 4082 3997
f 3997 4082 4083
f 3997 4083 3998
f 3998 4083 3999
f 4084 3999 4083
f 3999 4084 4000
f 4085 4000 4084
f 4000 4085 4001
f 4086 4001 4085
f 4001 4086 4002
f 4087 4002 4086
f 4002 4087 4003
f 4088 4003 4087
f 4003 4088 4004
f 4089 4004 4088
f 4004 4089 4005
f 4005 4089 4006
f 4090 4006 4089
f 4006 4090 4092
f 4091 4092 4090
f 4006 4092 4007
f 4007 4092 4093
f 4007 4093 4008
f 4008 4093 4094
f 4008 4094 4009
f 4009 4094 4095
f 4009 4095 4010
f 4010 4095 4096
f 4010 4096 4011
f 4011 4096 4097
f 4011 4097 4012
f 4012 4097 4013
f 4098 4013 4097
f 4013 4098 4014
f 4099 4014 4098
f 4014 4099 4015
f 4100 4015 4099
f 4015 4100 4016
f 4101 4016 4100
f 4016 4101 4017
f 4102 4017 4101
f 4017 4102 4103
f 4018 4017 4104
f 4103 4104 4017
f 4018 4104 4019
f 4019 4104 4105
f 4019 4105 4020
f 4020 4105 4106
f 4020 4106 4021
f 4021 4106 4107
f 4021 4107 4022
f 4022 4107 4108
f 4022 4108 4023
f 4023 4108 4109
f 4023 4109 4024
f 4024 4109 4110
f 4024 4110 4025
f 4025 4110 4111
f 4025 4111 4026
f 4026 4111 4027
f 4112 4027 4111
f 4027 4112 4028
f 4113 4028 4112
f 4028 4113 4029
f 4114 4029 4113
f 4029 4114 4030
f 4115 4030 4114
f 4030 4115 4031
f 4116 4031 4115
f 4031 4116 4032
f 4117 4032 4116
f 4032 4117 4033
f 4118 4033 4117
f 4033 4118 4034
f 4119 4034 4118
f 4034 4119 4035
f 4035 4119 4036
f 4120 4036 4119
f 4121 4036 4120
f 4036 4121 4122
f 4036 4122 4037
f 4037 4122 4123
f 4037 4123 4038
f 4038 4123 4124
f 4038 4124 4039
f 4039 4124 4125
f 4039 4125 4040
f 4040 4125 4126
f 4040 4126 4041
f 4041 4126 4042
f 4127 4042 4126
f 4042 4127 4043
f 4128 4043 4127
f 4043 4128 4044
f 4129 4044 4128
f 4044 4129 4045
f 4130 4045 4129
f 4045 4130 4046
f 4131 4046 4130
f 4046 4131 4047
f 4047 4131 4133
f 4132 4133 4131
f 4048 4047 4134
f 4133 4134 4047
f 4048 4134 4049
f 4049 4134 4135
f 4049 4135 4050
f 4050 4135 4136
f 4050 4136 4051
f 4051 4136 4137
f 4051 4137 4052
f 4052 4137 4138
f 4052 4138 4053
f 4053 4138 4139
f 4053 4139 4054
f 4054 4139 4140
f 4054 4140 4055
f 4055 4140 4056
f 4141 4056 4140
f 4056 4141 4057
f 4142 4057 4141
f 4057 4142 4058
f 4143 4058 4142
f 4058 4143 4059
f 4144 4059 4143
f 4059 4144 4060
f 4145 4060 4144
f 4060 4145 4061
f 4146 4061 4145
f 4061 4146 4062
f 4147 4062 4146
f 4062 4147 4148
f 4062 4148 4063
f 4063 4148 4149
f 4063 4149 4064
f 4064 4149 4150
f 4064 4150 4065
f 4065 4150 4151
f 4065 4151 4066
f 4066 4151 4152
f 4066 4152 4067
f 4067 4152 4153
f 4067 4153 4068
f 4068 4153 4154
f 4068 4154 4069
f 4069 4154 4070
f 4155 4070 4154
f 4070 4155 4071
f 4156 4071 4155
f 4071 4156 4072
f 4157 4072 4156
f 4072 4157 4073
f 4158 4073 4157
f 4073 4158 4074
f 4159 4074 4158
f 4074 4159 4075
f 4160 4075 4159
f 4075 4160 3991
f 4076 3991 4160
f 4076 4161 4162
f 4076 4162 4077
f 4077 4162 4163
f 4077 4163 4078
f 4078 4163 4164
f 4078 4164 4079
f 4079 4164 4165
f 4079 4165 4080
f 4080 4165 4166
f 4080 4166 4081
f 4081 4166 4167
f 4081 4167 4082
f 4082 4167 4168
f 4082 4168 4083
f 4083 4168 4084
f 4169 4084 4168
f 4084 4169 4085
f 4170 4085 4169
f 4085 4170 4086
f 4171 4086 4170
f 4086 4171 4087
f 4172 4087 4171
f 4087 4172 4088
f 4173 4088 4172
f 4088 4173 4089
f 4174 4089 4173
f 4089 4174 4090
f 4175 4090 4174
f 4090 4175 4091
f 4176 4091 4175
f 4091 4176 4177
f 4091 4177 4092
f 4092 4177 4178
f 4092 4178 4093
f 4093 4178 4179
f 4093 4179 4094
f 4094 4179 4180
f 4094 4180 4095
f 4095 4180 4181
f 4095 4181 4096
f 4096 4181 4182
f 4096 4182 4097
f 4097 4182 4098
f 4183 4098 4182
f 4098 4183 4099
f 4184 4099 4183
f 4099 4184 4100
f 4185 4100 4184
f 4100 4185 4101
f 4186 4101 4185
f 4101 4186 4102
f 4187 4102 4186
f 4102 4187 4188
f 4102 4188 4103
f 4103 4188 4189
f 4103 4189 4104
f 4104 4189 4190
f 4104 4190 4105
f 4105 4190 4191
f 4105 4191 4106
f 4106 4191 4192
f 4106 4192 4107
f 4107 4192 4193
f 4107 4193 4108
f 4108 4193 4194
f 4108 4194 4109
f 4109 4194 4195
f 4109 4195 4110
f 4110 4195 4196
f 4110 4196 4111
f 4111 4196 4112
f 4197 4112 4196
f 4112 4197 4113
f 4198 4113 4197
f 4113 4198 4114
f 4199 4114 4198
f 4114 4199 4115
f 4200 4115 4199
f 4115 4200 4116
f 4201 4116 4200
f 4116 4201 4117
f 4202 4117 4201
f 4117 4202 4118
f 4203 4118 4202
f 4118 4203 4119
f 4204 4119 4203
f 4119 4204 4120
f 4205 4120 4204
f 4120 4205 4121
f 4206 4121 4205
f 4121 4206 4207
f 4121 4207 4122
f 4122 4207 4208
f 4122 4208 4123
f 4123 4208 4209
f 4123 4209 4124
f 4124 4209 4210
f 4124 4210 4125
f 4125 4210 4211
f 4125 4211 4126
f 4126 4211 4127
f 4212 4127 4211
f 4127 4212 4128
f 4213 4128 4212
f 4128 4213 4129
f 4214 4129 4213
f 4129 4214 4130
f 4215 4130 4214
f 4130 4215 4131
f 4216 4131 4215
f 4131 4216 4132
f 4217 4132 4216
f 4132 4217 4218
f 4132 4218 4133
f 4133 4218 4219
f 4133 4219 4134
f 4134 4219 4220
f 4134 4220 4135
f 4135 4220 4221
f 4135 4221 4136
f 4136 4221 4222
f 4136 4222 4137
f 4137 4222 4223
f 4137 4223 4138
f 4138 4223 4224
f 4138 4224 4139
f 4139 4224 4225
f 4139 4225 4140
f 4140 4225 4141
f 4226 4141 4225
f 4141 4226 4142
f 4227 4142 4226
f 4142 4227 4143
f 4228 4143 4227
f 4143 4228 4144
f 4229 4144 4228
f 4144 4229 4145
f 4230 4145 4229
f 4145 4230 4146
f 4231 4146 4230
f 4146 4231 4147
f 4232 4147 4231
f 4147 4232 4233
f 4147 4233 4148
f 4148 4233 4234
f 4148 4234 4149
f 4149 4234 4235
f 4149 4235 4150
f 4150 4235 4236
f 4150 4236 4151
f 4151 4236 4237
f 4151 4237 4152
f 4152 4237 4238
f 4152 4238 4153
f 4153 4238 4239
f 4153 4239 4154
f 4154 4239 4155
f 4240 4155 4239
f 4155 4240 4156
f 4241 4156 4240
f 4156 4241 4157
f 4242 4157 4241
f 4157 4242 4158
f 4243 4158 4242
f 4158 4243 4159
f 4244 4159 4243
f 4159 4244 4160
f 4245 4160 4244
f 4160 4245 4076
f 4161 4076 4245
f 4161 4246 4247
f 4161 4247 4162
f 4162 4247 4248
f 4162 4248 4163
f 4163 4248 4249
f 4163 4249 4164
f 4164 4249 4250
f 4164 4250 4165
f 4165 4250 4251
f 4165 4251 4166
f 4166 4251 4252
f 4166 4252 4167
f 4167 4252 4253
f 4167 4253 4168
f 4168 4253 4169
f 4254 4169 4253
f 4169 4254 4170
f 4255 4170 4254
f 4170 4255 4171
f 4256 4171 4255
f 4171 4256 4172
f 4257 4172 4256
f 4172 4257 4173
f 4258 4173 4257
f 4173 4258 4174
f 4259 4174 4258
f 4174 4259 4175
f 4260 4175 4259
f 4175 4260 4176
f 4261 4176 4260
f 4176 4261 4262
f 4176 4262 4177
f 4177 4262 4263
f 4177 4263 4178
f 4178 4263 4264
f 4178 4264 4179
f 4179 4264 4265
f 4179 4265 4180
f 4180 4265 4266
f 4180 4266 4181
f 4181 4266 4267
f 4181 4267 4182
f 4182 4267 4183
f 4268 4183 4267
f 4183 4268 4184
f 4269 4184 4268
f 4184 4269 4185
f 4270 4185 4269
f 4185 4270 4186
f 4271 4186 4270
f 4186 4271 4187
f 4272 4187 4271
f 4187 4272 4273
f 4187 4273 4188
f 4188 4273 4274
f 4188 4274 4189
f 4189 4274 4275
f 4189 4275 4190
f 4190 4275 4276
f 4190 4276 4191
f 4191 4276 4277
f 4191 4277 4192
f 4192 4277 4278
f 4192 4278 4193
f 4193 4278 4279
f 4193 4279 4194
f 4194 4279 4280
f 4194 4280 4195
f 4195 4280 4281
f 4195 4281 4196
f 4196 4281 4197
f 4282 4197 4281
f 4197 4282 4198
f 4283 4198 4282
f 4198 4283 4199
f 4284 4199 4283
f 4199 4284 4200
f 4285 4200 4284
f 4200 4285 4201
f 4286 4201 4285
f 4201 4286 4202
f 4287 4202 4286
f 4202 4287 4203
f 4288 4203 4287
f 4203 4288 4204
f 4289 4204 4288
f 4204 4289 4205
f 4290 4205 4289
f 4205 4290 4206
f 4291 4206 4290
f 4206 4291 4292
f 4206 4292 4207
f 4207 4292 4293
f 4207 4293 4208
f 4208 4293 4294
f 4208 4294 4209
f 4209 4294 4295
f 4209 4295 4210
f 4210 4295 4296
f 4210 4296 4211
f 4211 4296 4212
f 4297 4212 4296
f 4212 4297 4213
f 4298 4213 4297
f 4213 4298 4214
f 4299 4214 4298
f 4214 4299 4215
f 4300 4215 4299
f 4215 4300 4216
f 4301 4216 4300
f 4216 4301 4217
f 4302 4217 4301
f 4217 4302 4303
f 4217 4303 4218
f 4218 4303 4304
f 4218 4304 4219
f 4219 4304 4305
f 4219 4305 4220
f 4220 4305 4306
f 4220 4306 4221
f 4221 4306 4307
f 4221 4307 4222
f 4222 4307 4308
f 4222 4308 4223
f 4223 4308 4309
f 4223 4309 4224
f 4224 4309 4310
f 4224 4310 4225
f 4225 4310 4226
f 4311 4226 4310
f 4226 4311 4227
f 4312 4227 4311
f 4227 4312 4228
f 4313 4228 4312
f 4228 4313 4229
f 4314 4229 4313
f 4229 4314 4230
f 4315 4230 4314
f 4230 4315 4231
f 4316 4231 4315
f 4231 4316 4232
f 4317 4232 4316
f 4232 4317 4318
f 4232 4318 4233
f 4233 4318 4319
f 4233 4319 4234
f 4234 4319 4320
f 4234 4320 4235
f 4235 4320 4321
f 4235 4321 4236
f 4236 4321 4322
f 4236 4322 4237
f 4237 4322 4323
f 4237 4323 4238
f 4238 4323 4324
f 4238 4324 4239
f 4239 4324 4240
f 4325 4240 4324
f 4240 4325 4241
f 4326 4241 4325
f 4241 4326 4242
f 4327 4242 4326
f 4242 4327 4243
f 4328 4243 4327
f 4243 4328 4244
f 4329 4244 4328
f 4244 4329 4245
f 4330 4245 4329
f 4245 4330 4161
f 4246 4161 4330
f 4246 1109 1108
f 4246 1108 4247
f 4247 1108 1107
f 4247 1107 4248
f 4248 1107 1106
f 4248 1106 4249
f 4249 1106 1105
f 4249 1105 4250
f 4250 1105 1104
f 4250 1104 4251
f 4251 1104 1103
f 4251 1103 4252
f 4252 1103 1102
f 4252 1102 4253
f 1101 4254 1102
f 4253 1102 4254
f 1100 4255 1101
f 4254 1101 4255
f 1099 4256 1100
f 4255 1100 4256
f 1098 4257 1099
f 4256 1099 4257
f 1097 4258 1098
f 4257 1098 4258
f 1096 4259 1097
f 4258 1097 4259
f 1095 4260 1096
f 4259 1096 4260
f 1094 4261 1095
f 4260 1095 4261
f 4261 1094 3257
f 4261 3257 4262
f 4262 3257 3258
f 4262 3258 4263
f 4263 3258 3259
f 4263 3259 4264
f 4264 3259 3260
f 4264 3260 4265
f 4265 3260 3261
f 4265 3261 4266
f 4266 3261 3262
f 4266 3262 4267
f 3263 4268 3262
f 4267 3262 4268
f 3264 4269 3263
f 4268 3263 4269
f 3265 4270 3264
f 4269 3264 4270
f 3266 4271 3265
f 4270 3265 4271
f 3267 4272 3266
f 4271 3266 4272
f 4272 3267 3268
f 4272 3268 4273
f 4273 3268 3269
f 4273 3269 4274
f 4274 3269 3270
f 4274 3270 4275
f 4275 3270 3271
f 4275 3271 4276
f 4276 3271 3272
f 4276 3272 4277
f 4277 3272 3273
f 4277 3273 4278
f 4278 3273 3274
f 4278 3274 4279
f 4279 3274 3275
f 4279 3275 4280
f 4280 3275 3276
f 4280 3276 4281
f 3277 4282 3276
f 4281 3276 4282
f 3278 4283 3277
f 4282 3277 4283
f 3279 4284 3278
f 4283 3278 4284
f 3280 4285 3279
f 4284 3279 4285
f 3281 4286 3280
f 4285 3280 4286
f 3282 4287 3281
f 4286 3281 4287
f 3283 4288 3282
f 4287 3282 4288
f 3284 4289 3283
f 4288 3283 4289
f 3285 4290 3284
f 4289 3284 4290
f 3286 4291 3285
f 4290 3285 4291
f 4291 3286 3287
f 4291 3287 4292
f 4292 3287 3288
f 4292 3288 4293
f 4293 3288 3289
f 4293 3289 4294
f 4294 3289 3290
f 4294 3290 4295
f 4295 3290 3291
f 4295 3291 4296
f 3292 4297 3291
f 4296 3291 4297
f 3293 4298 3292
f 4297 3292 4298
f 3294 4299 3293
f 4298 3293 4299
f 3295 4300 3294
f 4299 3294 4300
f 3296 4301 3295
f 4300 3295 4301
f 2208 4302 3296
f 4301 3296 4302
f 4302 2208 2207
f 4302 2207 4303
f 4303 2207 2206
f 4303 2206 4304
f 4304 2206 2205
f 4304 2205 4305
f 4305 2205 2204
f 4305 2204 4306
f 4306 2204 2203
f 4306 2203 4307
f 4307 2203 2202
f 4307 2202 4308
f 4308 2202 2201
f 4308 2201 4309
f 4309 2201 2200
f 4309 2200 4310
f 2199 4311 2200
f 4310 2200 4311
f 2198 4312 2199
f 4311 2199 4312
f 2197 4313 2198
f 4312 2198 4313
f 2196 4314 2197
f 4313 2197 4314
f 2195 4315 2196
f 4314 2196 4315
f 2194 4316 2195
f 4315 2195 4316
f 2193 4317 2194
f 4316 2194 4317
f 4317 2193 3297
f 4317 3297 4318
f 4318 3297 3298
f 4318 3298 4319
f 4319 3298 3299
f 4319 3299 4320
f 4320 3299 3300
f 4320 3300 4321
f 4321 3300 3301
f 4321 3301 4322
f 4322 3301 3302
f 4322 3302 4323
f 4323 3302 3303
f 4323 3303 4324
f 3304 4325 3303
f 4324 3303 4325
f 3305 4326 3304
f 4325 3304 4326
f 3306 4327 3305
f 4326 3305 4327
f 3307 4328 3306
f 4327 3306 4328
f 3308 4329 3307
f 4328 3307 4329
f 3309 4330 3308
f 4329 3308 4330
f 1109 4246 3309
f 4330 3309 4246
f 4463 4383 4462
f 4464 4382 4463
f 4383 4463 4382
f 4384 4462 4383
f 4461 4385 4460
f 4380 4386 4387
f 4380 4387 4388
f 4380 4388 4389
f 4380 4389 4390
f 4380 4390 4391
f 4380 4391 4392
f 4380 4392 4393
f 4380 4393 4394
f 4380 4394 4404
f 4395 4404 4394
f 4396 4403 4395
f 4397 4402 4396
f 4398 4401 4397
f 4399 4400 4398
f 4400 4401 4398
f 4402 4397 4401
f 4403 4396 4402
f 4404 4395 4403
f 4380 4404 4405
f 4380 4405 4415
f 4406 4414 4405
f 4407 4413 4406
f 4408 4412 4407
f 4409 4411 4408
f 4410 4411 4409
f 4412 4408 4411
f 4413 4407 4412
f 4414 4406 4413
f 4415 4405 4414
f 4380 4415 4416
f 4380 4416 4417
f 4380 4417 4418
f 4380 4418 4419
f 4380 4419 4420
f 4380 4420 4430
f 4421 4430 4420
f 4422 4429 4421
f 4423 4428 4422
f 4424 4427 4423
f 4425 4426 4424
f 4426 4427 4424
f 4428 4423 4427
f 4429 4422 4428
f 4429 4430 4421
f 4380 4430 4431
f 4380 4431 4432
f 4380 4432 4433
f 4380 4433 4434
f 4380 4434 4444
f 4435 4443 4434
f 4436 4442 4435
f 4437 4441 4436
f 4438 4440 4437
f 4439 4440 4438
f 4441 4437 4440
f 4442 4436 4441
f 4443 4435 4442
f 4444 4434 4443
f 4380 4444 4445
f 4380 4445 4446
f 4380 4446 4447
f 4380 4447 4448
f 4380 4448 4449
f 4380 4449 4459
f 4450 4459 4449
f 4451 4458 4450
f 4452 4457 4451
f 4453 4456 4452
f 4454 4455 4453
f 4455 4456 4453
f 4457 4452 4456
f 4458 4451 4457
f 4459 4450 4458
f 4380 4459 4460
f 4380 4460 4386
f 4386 4460 4385
f 4385 4461 4384
f 4462 4384 4461
f 4381 4382 4464
f 4546 4381 4545
f 4468 4469 4381
f 4547 4467 4546
f 4470 4471 4381
f 4381 4546 4468
f 4383 4382 4471
f 4469 4470 4381
f 4471 4472 4384
f 4382 4381 4471
f 4386 4385 4472
f 4384 4383 4471
f 4387 4386 4473
f 4385 4384 4472
f 4388 4387 4473
f 4472 4473 4386
f 4388 4473 4389
f 4389 4473 4474
f 4389 4474 4390
f 4390 4474 4391
f 4475 4391 4474
f 4391 4475 4392
f 4392 4475 4393
f 4393 4475 4394
f 4476 4394 4475
f 4394 4476 4395
f 4395 4476 4396
f 4477 4396 4476
f 4396 4477 4397
f 4397 4477 4398
f 4398 4477 4399
f 4478 4399 4477
f 4479 4399 4478
f 4480 4399 4479
f 4480 4481 4486
f 4485 4486 4481
f 4484 4485 4482
f 4483 4484 4482
f 4486 4487 4399
f 4481 4482 4485
f 4401 4400 4487
f 4399 4480 4486
f 4402 4401 4487
f 4400 4399 4487
f 4402 4487 4403
f 4403 4487 4488
f 4403 4488 4404
f 4404 4488 4405
f 4405 4488 4406
f 4406 4488 4407
f 4489 4407 4488
f 4407 4489 4408
f 4408 4489 4409
f 4409 4489 4410
f 4490 4410 4489
f 4491 4410 4490
f 4496 4497 4491
f 4492 4496 4491
f 4493 4495 4492
f 4494 4495 4493
f 4497 4498 4410
f 4495 4496 4492
f 4499 4500 4410
f 4410 4491 4497
f 4412 4411 4500
f 4498 4499 4410
f 4500 4501 4413
f 4411 4410 4500
f 4415 4414 4501
f 4413 4412 4500
f 4416 4415 4501
f 4414 4413 4501
f 4417 4416 4502
f 4501 4502 4416
f 4417 4502 4418
f 4418 4502 4419
f 4503 4419 4502
f 4419 4503 4420
f 4420 4503 4421
f 4421 4503 4422
f 4504 4422 4503
f 4422 4504 4423
f 4423 4504 4424
f 4424 4504 4425
f 4505 4425 4504
f 4506 4425 4505
f 4506 4507 4512
f 4511 4512 4507
f 4510 4511 4508
f 4509 4510 4508
f 4512 4513 4425
f 4507 4508 4511
f 4426 4425 4514
f 4425 4506 4512
f 4514 4515 4427
f 4513 4514 4425
f 4429 4428 4515
f 4427 4426 4514
f 4430 4429 4515
f 4428 4427 4515
f 4431 4430 4516
f 4515 4516 4430
f 4431 4516 4432
f 4432 4516 4433
f 4433 4516 4434
f 4517 4434 4516
f 4434 4517 4435
f 4435 4517 4436
f 4436 4517 4437
f 4518 4437 4517
f 4437 4518 4438
f 4438 4518 4439
f 4519 4439 4518
f 4520 4439 4519
f 4525 4526 4520
f 4521 4525 4520
f 4522 4524 4521
f 4523 4524 4522
f 4526 4527 4439
f 4524 4525 4521
f 4440 4439 4528
f 4439 4520 4526
f 4442 4441 4528
f 4527 4528 4439
f 4443 4442 4529
f 4441 4440 4528
f 4444 4443 4529
f 4528 4529 4442
f 4444 4529 4445
f 4445 4529 4530
f 4445 4530 4446
f 4446 4530 4447
f 4447 4530 4448
f 4531 4448 4530
f 4448 4531 4449
f 4449 4531 4450
f 4450 4531 4451
f 4532 4451 4531
f 4451 4532 4452
f 4452 4532 4453
f 4453 4532 4454
f 4533 4454 4532
f 4534 4454 4533
f 4535 4454 4534
f 4535 4536 4541
f 4540 4541 4536
f 4539 4540 4537
f 4538 4539 4537
f 4541 4542 4454
f 4536 4537 4540
f 4455 4454 4543
f 4454 4535 4541
f 4457 4456 4543
f 4542 4543 4454
f 4458 4457 4544
f 4456 4455 4543
f 4459 4458 4544
f 4543 4544 4457
f 4459 4544 4460
f 4460 4544 4461
f 4545 4461 4544
f 4461 4545 4462
f 4462 4545 4463
f 4463 4545 4464
f 4464 4545 4381
f 4467 4468 4546
f 4466 4467 4547
f 4548 4466 4547
f 4465 4466 4548
f 4631 4465 4630
f 4552 4553 4465
f 4550 4551 4631
f 4553 4554 4466
f 4551 4552 4465
f 4468 4467 4554
f 4466 4465 4553
f 4469 4468 4555
f 4467 4466 4554
f 4470 4469 4555
f 4554 4555 4468
f 4471 4470 4556
f 4555 4556 4470
f 4472 4471 4557
f 4556 4557 4471
f 4472 4557 4473
f 4473 4557 4558
f 4473 4558 4474
f 4474 4558 4475
f 4559 4475 4558
f 4475 4559 4476
f 4476 4559 4477
f 4560 4477 4559
f 4477 4560 4478
f 4561 4478 4560
f 4478 4561 4479
f 4479 4561 4480
f 4562 4480 4561
f 4480 4562 4481
f 4481 4562 4482
f 4563 4482 4562
f 4482 4563 4483
f 4564 4483 4563
f 4565 4483 4564
f 4483 4565 4569
f 4568 4569 4566
f 4567 4568 4566
f 4484 4483 4570
f 4565 4566 4569
f 4485 4484 4570
f 4569 4570 4483
f 4486 4485 4571
f 4570 4571 4485
f 4486 4571 4487
f 4487 4571 4572
f 4487 4572 4488
f 4488 4572 4489
f 4573 4489 4572
f 4489 4573 4490
f 4490 4573 4491
f 4491 4573 4492
f 4574 4492 4573
f 4492 4574 4493
f 4493 4574 4494
f 4575 4494 4574
f 4576 4494 4575
f 4494 4576 4580
f 4577 4579 4576
f 4578 4579 4577
f 4581 4582 4494
f 4579 4580 4576
f 4582 4583 4495
f 4580 4581 4494
f 4497 4496 4583
f 4495 4494 4582
f 4498 4497 4584
f 4496 4495 4583
f 4499 4498 4584
f 4583 4584 4497
f 4500 4499 4585
f 4584 4585 4499
f 4500 4585 4501
f 4501 4585 4586
f 4501 4586 4502
f 4502 4586 4503
f 4587 4503 4586
f 4503 4587 4504
f 4504 4587 4505
f 4588 4505 4587
f 4505 4588 4506
f 4589 4506 4588
f 4506 4589 4507
f 4507 4589 4508
f 4590 4508 4589
f 4508 4590 4509
f 4591 4509 4590
f 4509 4591 4595
f 4594 4595 4592
f 4593 4594 4592
f 4510 4509 4596
f 4591 4592 4595
f 4511 4510 4597
f 4595 4596 4509
f 4512 4511 4598
f 4596 4597 4510
f 4513 4512 4598
f 4597 4598 4511
f 4514 4513 4599
f 4598 4599 4513
f 4514 4599 4515
f 4515 4599 4600
f 4515 4600 4516
f 4516 4600 4517
f 4601 4517 4600
f 4517 4601 4518
f 4518 4601 4519
f 4602 4519 4601
f 4519 4602 4520
f 4520 4602 4521
f 4603 4521 4602
f 4521 4603 4522
f 4604 4522 4603
f 4522 4604 4523
f 4605 4523 4604
f 4523 4605 4609
f 4606 4608 4605
f 4607 4608 4606
f 4524 4523 4610
f 4608 4609 4605
f 4525 4524 4611
f 4609 4610 4523
f 4526 4525 4611
f 4610 4611 4524
f 4527 4526 4612
f 4611 4612 4526
f 4528 4527 4613
f 4612 4613 4527
f 4528 4613 4529
f 4529 4613 4614
f 4529 4614 4530
f 4530 4614 4531
f 4615 4531 4614
f 4531 4615 4532
f 4532 4615 4533
f 4616 4533 4615
f 4533 4616 4534
f 4534 4616 4535
f 4617 4535 4616
f 4535 4617 4536
f 4536 4617 4537
f 4618 4537 4617
f 4537 4618 4538
f 4619 4538 4618
f 4620 4538 4619
f 4538 4620 4624
f 4623 4624 4621
f 4622 4623 4621
f 4625 4626 4538
f 4620 4621 4624
f 4540 4539 4626
f 4624 4625 4538
f 4541 4540 4627
f 4539 4538 4626
f 4542 4541 4627
f 4626 4627 4540
f 4542 4627 4543
f 4543 4627 4628
f 4543 4628 4544
f 4544 4628 4545
f 4629 4545 4628
f 4545 4629 4546
f 4546 4629 4547
f 4630 4547 4629
f 4547 4630 4548
f 4548 4630 4465
f 4465 4631 4551
f 4632 4550 4631
f 4549 4550 4632
f 4632 4715 4549
f 4550 4549 4636
f 4634 4635 4549
f 4551 4550 4637
f 4635 4636 4549
f 4552 4551 4638
f 4636 4637 4550
f 4553 4552 4638
f 4637 4638 4551
f 4554 4553 4639
f 4638 4639 4553
f 4555 4554 4640
f 4639 4640 4554
f 4555 4640 4556
f 4556 4640 4641
f 4556 4641 4557
f 4557 4641 4642
f 4557 4642 4558
f 4558 4642 4559
f 4643 4559 4642
f 4559 4643 4560
f 4644 4560 4643
f 4560 4644 4561
f 4561 4644 4562
f 4645 4562 4644
f 4562 4645 4563
f 4646 4563 4645
f 4563 4646 4564
f 4564 4646 4565
f 4647 4565 4646
f 4565 4647 4566
f 4648 4566 4647
f 4566 4648 4567
f 4649 4567 4648
f 4650 4567 4649
f 4567 4650 4653
f 4651 4652 4650
f 4568 4567 4653
f 4652 4653 4650
f 4569 4568 4654
f 4653 4654 4568
f 4569 4654 4570
f 4570 4654 4655
f 4570 4655 4571
f 4571 4655 4656
f 4571 4656 4572
f 4572 4656 4573
f 4657 4573 4656
f 4573 4657 4574
f 4574 4657 4575
f 4658 4575 4657
f 4575 4658 4576
f 4659 4576 4658
f 4576 4659 4577
f 4577 4659 4578
f 4660 4578 4659
f 4578 4660 4664
f 4661 4663 4660
f 4662 4663 4661
f 4579 4578 4665
f 4663 4664 4660
f 4580 4579 4666
f 4664 4665 4578
f 4581 4580 4667
f 4665 4666 4579
f 4582 4581 4667
f 4666 4667 4580
f 4583 4582 4668
f 4667 4668 4582
f 4584 4583 4669
f 4668 4669 4583
f 4584 4669 4585
f 4585 4669 4670
f 4585 4670 4586
f 4586 4670 4587
f 4671 4587 4670
f 4587 4671 4588
f 4672 4588 4671
f 4588 4672 4589
f 4589 4672 4590
f 4673 4590 4672
f 4590 4673 4591
f 4674 4591 4673
f 4591 4674 4592
f 4592 4674 4593
f 4675 4593 4674
f 4676 4593 4675
f 4593 4676 4678
f 4677 4678 4676
f 4594 4593 4680
f 4678 4679 4593
f 4595 4594 4680
f 4679 4680 4593
f 4596 4595 4681
f 4680 4681 4595
f 4597 4596 4682
f 4681 4682 4596
f 4597 4682 4598
f 4598 4682 4683
f 4598 4683 4599
f 4599 4683 4684
f 4599 4684 4600
f 4600 4684 4601
f 4685 4601 4684
f 4601 4685 4602
f 4686 4602 4685
f 4602 4686 4603
f 4603 4686 4604
f 4687 4604 4686
f 4604 4687 4605
f 4688 4605 4687
f 4605 4688 4606
f 4606 4688 4607
f 4689 4607 4688
f 4690 4607 4689
f 4607 4690 4692
f 4691 4692 4690
f 4608 4607 4694
f 4692 4693 4607
f 4609 4608 4694
f 4693 4694 4607
f 4610 4609 4695
f 4694 4695 4609
f 4611 4610 4696
f 4695 4696 4610
f 4611 4696 4612
f 4612 4696 4697
f 4612 4697 4613
f 4613 4697 4698
f 4613 4698 4614
f 4614 4698 4615
f 4699 4615 4698
f 4615 4699 4616
f 4616 4699 4617
f 4700 4617 4699
f 4617 4700 4618
f 4701 4618 4700
f 4618 4701 4619
f 4619 4701 4620
f 4702 4620 4701
f 4620 4702 4621
f 4703 4621 4702
f 4621 4703 4622
f 4704 4622 4703
f 4622 4704 4708
f 4707 4708 4705
f 4706 4707 4705
f 4623 4622 4709
f 4704 4705 4708
f 4624 4623 4709
f 4708 4709 4622
f 4625 4624 4710
f 4709 4710 4624
f 4626 4625 4711
f 4710 4711 4625
f 4626 4711 4627
f 4627 4711 4712
f 4627 4712 4628
f 4628 4712 4629
f 4713 4629 4712
f 4629 4713 4630
f 4714 4630 4713
f 4630 4714 4631
f 4631 4714 4632
f 4715 4632 4714
f 4634 4549 4715
f 4716 4634 4715
f 4633 4634 4716
f 4800 4633 4799
f 4634 4633 4720
f 4718 4719 4633
f 4635 4634 4720
f 4719 4720 4633
f 4636 4635 4721
f 4720 4721 4635
f 4637 4636 4722
f 4721 4722 4636
f 4638 4637 4723
f 4722 4723 4637
f 4638 4723 4639
f 4639 4723 4724
f 4639 4724 4640
f 4640 4724 4725
f 4640 4725 4641
f 4641 4725 4726
f 4641 4726 4642
f 4642 4726 4643
f 4727 4643 4726
f 4643 4727 4644
f 4728 4644 4727
f 4644 4728 4645
f 4729 4645 4728
f 4645 4729 4646
f 4646 4729 4647
f 4730 4647 4729
f 4647 4730 4648
f 4731 4648 4730
f 4648 4731 4649
f 4732 4649 4731
f 4649 4732 4650
f 4650 4732 4651
f 4733 4651 4732
f 4734 4651 4733
f 4651 4734 4736
f 4735 4736 4734
f 4652 4651 4737
f 4736 4737 4651
f 4653 4652 4738
f 4737 4738 4652
f 4653 4738 4654
f 4654 4738 4739
f 4654 4739 4655
f 4655 4739 4740
f 4655 4740 4656
f 4656 4740 4657
f 4741 4657 4740
f 4657 4741 4658
f 4742 4658 4741
f 4658 4742 4659
f 4659 4742 4660
f 4743 4660 4742
f 4660 4743 4661
f 4744 4661 4743
f 4661 4744 4662
f 4745 4662 4744
f 4662 4745 4747
f 4746 4747 4745
f 4663 4662 4749
f 4747 4748 4662
f 4664 4663 4749
f 4748 4749 4662
f 4665 4664 4750
f 4749 4750 4664
f 4666 4665 4751
f 4750 4751 4665
f 4667 4666 4752
f 4751 4752 4666
f 4667 4752 4668
f 4668 4752 4753
f 4668 4753 4669
f 4669 4753 4754
f 4669 4754 4670
f 4670 4754 4671
f 4755 4671 4754
f 4671 4755 4672
f 4756 4672 4755
f 4672 4756 4673
f 4757 4673 4756
f 4673 4757 4674
f 4674 4757 4675
f 4758 4675 4757
f 4675 4758 4676
f 4759 4676 4758
f 4676 4759 4677
f 4760 4677 4759
f 4677 4760 4762
f 4761 4762 4760
f 4678 4677 4763
f 4762 4763 4677
f 4679 4678 4764
f 4763 4764 4678
f 4680 4679 4765
f 4764 4765 4679
f 4680 4765 4681
f 4681 4765 4766
f 4681 4766 4682
f 4682 4766 4767
f 4682 4767 4683
f 4683 4767 4768
f 4683 4768 4684
f 4684 4768 4685
f 4769 4685 4768
f 4685 4769 4686
f 4770 4686 4769
f 4686 4770 4687
f 4687 4770 4688
f 4771 4688 4770
f 4688 4771 4689
f 4772 4689 4771
f 4689 4772 4690
f 4773 4690 4772
f 4690 4773 4691
f 4774 4691 4773
f 4691 4774 4776
f 4775 4776 4774
f 4692 4691 4777
f 4776 4777 4691
f 4693 4692 4778
f 4777 4778 4692
f 4694 4693 4779
f 4778 4779 4693
f 4694 4779 4695
f 4695 4779 4780
f 4695 4780 4696
f 4696 4780 4781
f 4696 4781 4697
f 4697 4781 4782
f 4697 4782 4698
f 4698 4782 4699
f 4783 4699 4782
f 4699 4783 4700
f 4784 4700 4783
f 4700 4784 4701
f 4701 4784 4702
f 4785 4702 4784
f 4702 4785 4703
f 4786 4703 4785
f 4703 4786 4704
f 4787 4704 4786
f 4704 4787 4705
f 4705 4787 4706
f 4788 4706 4787
f 4789 4706 4788
f 4706 4789 4791
f 4790 4791 4789
f 4707 4706 4792
f 4791 4792 4706
f 4708 4707 4793
f 4792 4793 4707
f 4709 4708 4794
f 4793 4794 4708
f 4709 4794 4710
f 4710 4794 4795
f 4710 4795 4711
f 4711 4795 4796
f 4711 4796 4712
f 4712 4796 4713
f 4797 4713 4796
f 4713 4797 4714
f 4798 4714 4797
f 4714 4798 4715
f 4715 4798 4716
f 4799 4716 4798
f 4716 4799 4633
f 4718 4633 4800
f 4717 4718 4800
f 4717 4884 4802
f 4718 4717 4803
f 4802 4803 4717
f 4719 4718 4804
f 4803 4804 4718
f 4720 4719 4805
f 4804 4805 4719
f 4721 4720 4806
f 4805 4806 4720
f 4721 4806 4722
f 4722 4806 4807
f 4722 4807 4723
f 4723 4807 4808
f 4723 4808 4724
f 4724 4808 4809
f 4724 4809 4725
f 4725 4809 4810
f 4725 4810 4726
f 4726 4810 4727
f 4811 4727 4810
f 4727 4811 4728
f 4812 4728 4811
f 4728 4812 4729
f 4813 4729 4812
f 4729 4813 4730
f 4814 4730 4813
f 4730 4814 4731
f 4731 4814 4732
f 4815 4732 4814
f 4732 4815 4733
f 4816 4733 4815
f 4733 4816 4734
f 4817 4734 4816
f 4734 4817 4735
f 4818 4735 4817
f 4735 4818 4820
f 4819 4820 4818
f 4736 4735 4821
f 4820 4821 4735
f 4736 4821 4737
f 4737 4821 4822
f 4737 4822 4738
f 4738 4822 4823
f 4738 4823 4739
f 4739 4823 4824
f 4739 4824 4740
f 4740 4824 4741
f 4825 4741 4824
f 4741 4825 4742
f 4826 4742 4825
f 4742 4826 4743
f 4743 4826 4744
f 4827 4744 4826
f 4744 4827 4745
f 4828 4745 4827
f 4745 4828 4746
f 4829 4746 4828
f 4746 4829 4831
f 4830 4831 4829
f 4747 4746 4832
f 4831 4832 4746
f 4748 4747 4833
f 4832 4833 4747
f 4749 4748 4834
f 4833 4834 4748
f 4750 4749 4835
f 4834 4835 4749
f 4750 4835 4751
f 4751 4835 4836
f 4751 4836 4752
f 4752 4836 4837
f 4752 4837 4753
f 4753 4837 4838
f 4753 4838 4754
f 4754 4838 4755
f 4839 4755 4838
f 4755 4839 4756
f 4840 4756 4839
f 4756 4840 4757
f 4841 4757 4840
f 4757 4841 4758
f 4842 4758 4841
f 4758 4842 4759
f 4759 4842 4760
f 4843 4760 4842
f 4760 4843 4761
f 4844 4761 4843
f 4761 4844 4846
f 4845 4846 4844
f 4762 4761 4847
f 4846 4847 4761
f 4763 4762 4848
f 4847 4848 4762
f 4764 4763 4849
f 4848 4849 4763
f 4764 4849 4765
f 4765 4849 4850
f 4765 4850 4766
f 4766 4850 4851
f 4766 4851 4767
f 4767 4851 4852
f 4767 4852 4768
f 4768 4852 4769
f 4853 4769 4852
f 4769 4853 4770
f 4854 4770 4853
f 4770 4854 4771
f 4855 4771 4854
f 4771 4855 4772
f 4772 4855 4773
f 4856 4773 4855
f 4773 4856 4774
f 4857 4774 4856
f 4774 4857 4775
f 4858 4775 4857
f 4775 4858 4860
f 4859 4860 4858
f 4776 4775 4861
f 4860 4861 4775
f 4777 4776 4862
f 4861 4862 4776
f 4777 4862 4778
f 4778 4862 4863
f 4778 4863 4779
f 4779 4863 4864
f 4779 4864 4780
f 4780 4864 4865
f 4780 4865 4781
f 4781 4865 4866
f 4781 4866 4782
f 4782 4866 4783
f 4867 4783 4866
f 4783 4867 4784
f 4868 4784 4867
f 4784 4868 4785
f 4869 4785 4868
f 4785 4869 4786
f 4786 4869 4787
f 4870 4787 4869
f 4787 4870 4788
f 4871 4788 4870
f 4788 4871 4789
f 4872 4789 4871
f 4789 4872 4790
f 4873 4790 4872
f 4790 4873 4875
f 4874 4875 4873
f 4791 4790 4876
f 4875 4876 4790
f 4792 4791 4877
f 4876 4877 4791
f 4793 4792 4878
f 4877 4878 4792
f 4793 4878 4794
f 4794 4878 4879
f 4794 4879 4795
f 4795 4879 4880
f 4795 4880 4796
f 4796 4880 4797
f 4881 4797 4880
f 4797 4881 4798
f 4882 4798 4881
f 4798 4882 4799
f 4883 4799 4882
f 4799 4883 4800
f 4800 4883 4717
f 4884 4717 4883
f 4801 4802 4884
f 4801 4968 4886
f 4802 4801 4887
f 4886 4887 4801
f 4803 4802 4888
f 4887 4888 4802
f 4804 4803 4889
f 4888 4889 4803
f 4804 4889 4805
f 4805 4889 4890
f 4805 4890 4806
f 4806 4890 4891
f 4806 4891 4807
f 4807 4891 4892
f 4807 4892 4808
f 4808 4892 4893
f 4808 4893 4809
f 4809 4893 4894
f 4809 4894 4810
f 4810 4894 4811
f 4895 4811 4894
f 4811 4895 4812
f 4896 4812 4895
f 4812 4896 4813
f 4897 4813 4896
f 4813 4897 4814
f 4898 4814 4897
f 4814 4898 4815
f 4899 4815 4898
f 4815 4899 4816
f 4816 4899 4817
f 4900 4817 4899
f 4817 4900 4818
f 4901 4818 4900
f 4818 4901 4819
f 4902 4819 4901
f 4819 4902 4904
f 4903 4904 4902
f 4819 4904 4820
f 4820 4904 4905
f 4820 4905 4821
f 4821 4905 4906
f 4821 4906 4822
f 4822 4906 4907
f 4822 4907 4823
f 4823 4907 4908
f 4823 4908 4824
f 4824 4908 4825
f 4909 4825 4908
f 4825 4909 4826
f 4910 4826 4909
f 4826 4910 4827
f 4911 4827 4910
f 4827 4911 4828
f 4828 4911 4829
f 4912 4829 4911
f 4829 4912 4830
f 4913 4830 4912
f 4830 4913 4915
f 4914 4915 4913
f 4831 4830 4916
f 4915 4916 4830
f 4832 4831 4917
f 4916 4917 4831
f 4833 4832 4918
f 4917 4918 4832
f 4833 4918 4834
f 4834 4918 4919
f 4834 4919 4835
f 4835 4919 4920
f 4835 4920 4836
f 4836 4920 4921
f 4836 4921 4837
f 4837 4921 4922
f 4837 4922 4838
f 4838 4922 4839
f 4923 4839 4922
f 4839 4923 4840
f 4924 4840 4923
f 4840 4924 4841
f 4925 4841 4924
f 4841 4925 4842
f 4926 4842 4925
f 4842 4926 4843
f 4843 4926 4844
f 4927 4844 4926
f 4844 4927 4845
f 4928 4845 4927
f 4845 4928 4930
f 4929 4930 4928
f 4846 4845 4931
f 4930 4931 4845
f 4847 4846 4932
f 4931 4932 4846
f 4847 4932 4848
f 4848 4932 4933
f 4848 4933 4849
f 4849 4933 4934
f 4849 4934 4850
f 4850 4934 4935
f 4850 4935 4851
f 4851 4935 4936
f 4851 4936 4852
f 4852 4936 4853
f 4937 4853 4936
f 4853 4937 4854
f 4938 4854 4937
f 4854 4938 4855
f 4939 4855 4938
f 4855 4939 4856
f 4940 4856 4939
f 4856 4940 4857
f 4857 4940 4858
f 4941 4858 4940
f 4858 4941 4859
f 4942 4859 4941
f 4859 4942 4944
f 4943 4944 4942
f 4860 4859 4945
f 4944 4945 4859
f 4861 4860 4946
f 4945 4946 4860
f 4861 4946 4862
f 4862 4946 4947
f 4862 4947 4863
f 4863 4947 4948
f 4863 4948 4864
f 4864 4948 4949
f 4864 4949 4865
f 4865 4949 4950
f 4865 4950 4866
f 4866 4950 4867
f 4951 4867 4950
f 4867 4951 4868
f 4952 4868 4951
f 4868 4952 4869
f 4953 4869 4952
f 4869 4953 4870
f 4954 4870 4953
f 4870 4954 4871
f 4871 4954 4872
f 4955 4872 4954
f 4872 4955 4873
f 4956 4873 4955
f 4873 4956 4874
f 4957 4874 4956
f 4874 4957 4959
f 4958 4959 4957
f 4875 4874 4960
f 4959 4960 4874
f 4876 4875 4961
f 4960 4961 4875
f 4876 4961 4877
f 4877 4961 4962
f 4877 4962 4878
f 4878 4962 4963
f 4878 4963 4879
f 4879 4963 4964
f 4879 4964 4880
f 4880 4964 4881
f 4965 4881 4964
f 4881 4965 4882
f 4966 4882 4965
f 4882 4966 4883
f 4967 4883 4966
f 4883 4967 4884
f 4968 4884 4967
f 4884 4968 4801
f 4885 4886 4968
f 4885 5052 4970
f 4886 4885 4971
f 4970 4971 4885
f 4887 4886 4972
f 4971 4972 4886
f 4887 4972 4888
f 4888 4972 4973
f 4888 4973 4889
f 4889 4973 4974
f 4889 4974 4890
f 4890 4974 4975
f 4890 4975 4891
f 4891 4975 4976
f 4891 4976 4892
f 4892 4976 4977
f 4892 4977 4893
f 4893 4977 4978
f 4893 4978 4894
f 4894 4978 4895
f 4979 4895 4978
f 4895 4979 4896
f 4980 4896 4979
f 4896 4980 4897
f 4981 4897 4980
f 4897 4981 4898
f 4982 4898 4981
f 4898 4982 4899
f 4983 4899 4982
f 4899 4983 4900
f 4984 4900 4983
f 4900 4984 4901
f 4901 4984 4902
f 4985 4902 4984
f 4902 4985 4903
f 4986 4903 4985
f 4903 4986 4988
f 4987 4988 4986
f 4903 4988 4904
f 4904 4988 4989
f 4904 4989 4905
f 4905 4989 4990
f 4905 4990 4906
f 4906 4990 4991
f 4906 4991 4907
f 4907 4991 4992
f 4907 4992 4908
f 4908 4992 4909
f 4993 4909 4992
f 4909 4993 4910
f 4994 4910 4993
f 4910 4994 4911
f 4995 4911 4994
f 4911 4995 4912
f 4996 4912 4995
f 4912 4996 4913
f 4913 4996 4914
f 4997 4914 4996
f 4914 4997 4999
f 4998 4999 4997
f 4915 4914 5000
f 4999 5000 4914
f 4916 4915 5001
f 5000 5001 4915
f 4917 4916 5002
f 5001 5002 4916
f 4917 5002 4918
f 4918 5002 5003
f 4918 5003 4919
f 4919 5003 5004
f 4919 5004 4920
f 4920 5004 5005
f 4920 5005 4921
f 4921 5005 5006
f 4921 5006 4922
f 4922 5006 4923
f 5007 4923 5006
f 4923 5007 4924
f 5008 4924 5007
f 4924 5008 4925
f 5009 4925 5008
f 4925 5009 4926
f 5010 4926 5009
f 4926 5010 4927
f 5011 4927 5010
f 4927 5011 4928
f 4928 5011 4929
f 5012 4929 5011
f 4929 5012 5014
f 5013 5014 5012
f 4930 4929 5015
f 5014 5015 4929
f 4930 5015 4931
f 4931 5015 5016
f 4931 5016 4932
f 4932 5016 5017
f 4932 5017 4933
f 4933 5017 5018
f 4933 5018 4934
f 4934 5018 5019
f 4934 5019 4935
f 4935 5019 5020
f 4935 5020 4936
f 4936 5020 4937
f 5021 4937 5020
f 4937 5021 4938
f 5022 4938 5021
f 4938 5022 4939
f 5023 4939 5022
f 4939 5023 4940
f 5024 4940 5023
f 4940 5024 4941
f 5025 4941 5024
f 4941 5025 4942
f 4942 5025 4943
f 5026 4943 5025
f 4943 5026 5028
f 5027 5028 5026
f 4944 4943 5029
f 5028 5029 4943
f 4944 5029 4945
f 4945 5029 5030
f 4945 5030 4946
f 4946 5030 5031
f 4946 5031 4947
f 4947 5031 5032
f 4947 5032 4948
f 4948 5032 5033
f 4948 5033 4949
f 4949 5033 5034
f 4949 5034 4950
f 4950 5034 4951
f 5035 4951 5034
f 4951 5035 4952
f 5036 4952 5035
f 4952 5036 4953
f 5037 4953 5036
f 4953 5037 4954
f 5038 4954 5037
f 4954 5038 4955
f 4955 5038 4956
f 5039 4956 5038
f 4956 5039 4957
f 5040 4957 5039
f 4957 5040 4958
f 5041 4958 5040
f 4958 5041 5043
f 5042 5043 5041
f 4959 4958 5044
f 5043 5044 4958
f 4959 5044 4960
f 4960 5044 5045
f 4960 5045 4961
f 4961 5045 5046
f 4961 5046 4962
f 4962 5046 5047
f 4962 5047 4963
f 4963 5047 5048
f 4963 5048 4964
f 4964 5048 4965
f 5049 4965 5048
f 4965 5049 4966
f 5050 4966 5049
f 4966 5050 4967
f 5051 4967 5050
f 4967 5051 4968
f 5052 4968 5051
f 4968 5052 4885
f 4969 4970 5052
f 4969 5136 5054
f 4970 4969 5055
f 5054 5055 4969
f 4971 4970 5056
f 5055 5056 4970
f 4971 5056 4972
f 4972 5056 5057
f 4972 5057 4973
f 4973 5057 5058
f 4973 5058 4974
f 4974 5058 5059
f 4974 5059 4975
f 4975 5059 5060
f 4975 5060 4976
f 4976 5060 5061
f 4976 5061 4977
f 4977 5061 5062
f 4977 5062 4978
f 4978 5062 4979
f 5063 4979 5062
f 4979 5063 4980
f 5064 4980 5063
f 4980 5064 4981
f 5065 4981 5064
f 4981 5065 4982
f 5066 4982 5065
f 4982 5066 4983
f 5067 4983 5066
f 4983 5067 4984
f 5068 4984 5067
f 4984 5068 4985
f 4985 5068 4986
f 5069 4986 5068
f 4986 5069 4987
f 5070 4987 5069
f 4987 5070 5072
f 5071 5072 5070
f 4987 5072 4988
f 4988 5072 5073
f 4988 5073 4989
f 4989 5073 5074
f 4989 5074 4990
f 4990 5074 5075
f 4990 5075 4991
f 4991 5075 5076
f 4991 5076 4992
f 4992 5076 4993
f 5077 4993 5076
f 4993 5077 4994
f 5078 4994 5077
f 4994 5078 4995
f 5079 4995 5078
f 4995 5079 4996
f 5080 4996 5079
f 4996 5080 4997
f 5081 4997 5080
f 4997 5081 4998
f 4998 5081 5083
f 5082 5083 5081
f 4999 4998 5084
f 5083 5084 4998
f 5000 4999 5085
f 5084 5085 4999
f 5000 5085 5001
f 5001 5085 5086
f 5001 5086 5002
f 5002 5086 5087
f 5002 5087 5003
f 5003 5087 5088
f 5003 5088 5004
f 5004 5088 5089
f 5004 5089 5005
f 5005 5089 5090
f 5005 5090 5006
f 5006 5090 5007
f 5091 5007 5090
f 5007 5091 5008
f 5092 5008 5091
f 5008 5092 5009
f 5093 5009 5092
f 5009 5093 5010
f 5094 5010 5093
f 5010 5094 5011
f 5095 5011 5094
f 5011 5095 5012
f 5096 5012 5095
f 5012 5096 5013
f 5013 5096 5098
f 5097 5098 5096
f 5013 5098 5014
f 5014 5098 5099
f 5014 5099 5015
f 5015 5099 5100
f 5015 5100 5016
f 5016 5100 5101
f 5016 5101 5017
f 5017 5101 5102
f 5017 5102 5018
f 5018 5102 5103
f 5018 5103 5019
f 5019 5103 5104
f 5019 5104 5020
f 5020 5104 5021
f 5105 5021 5104
f 5021 5105 5022
f 5106 5022 5105
f 5022 5106 5023
f 5107 5023 5106
f 5023 5107 5024
f 5108 5024 5107
f 5024 5108 5025
f 5109 5025 5108
f 5025 5109 5026
f 5110 5026 5109
f 5026 5110 5027
f 5027 5110 5112
f 5111 5112 5110
f 5027 5112 5028
f 5028 5112 5113
f 5028 5113 5029
f 5029 5113 5114
f 5029 5114 5030
f 5030 5114 5115
f 5030 5115 5031
f 5031 5115 5116
f 5031 5116 5032
f 5032 5116 5117
f 5032 5117 5033
f 5033 5117 5118
f 5033 5118 5034
f 5034 5118 5035
f 5119 5035 5118
f 5035 5119 5036
f 5120 5036 5119
f 5036 5120 5037
f 5121 5037 5120
f 5037 5121 5038
f 5122 5038 5121
f 5038 5122 5039
f 5123 5039 5122
f 5039 5123 5040
f 5040 5123 5041
f 5124 5041 5123
f 5041 5124 5042
f 5125 5042 5124
f 5042 5125 5127
f 5126 5127 5125
f 5042 5127 5043
f 5043 5127 5128
f 5043 5128 5044
f 5044 5128 5129
f 5044 5129 5045
f 5045 5129 5130
f 5045 5130 5046
f 5046 5130 5131
f 5046 5131 5047
f 5047 5131 5132
f 5047 5132 5048
f 5048 5132 5049
f 5133 5049 5132
f 5049 5133 5050
f 5134 5050 5133
f 5050 5134 5051
f 5135 5051 5134
f 5051 5135 5052
f 5136 5052 5135
f 5052 5136 4969
f 5053 5054 5136
f 5053 5137 5138
f 5054 5053 5139
f 5138 5139 5053
f 5054 5139 5055
f 5055 5139 5140
f 5055 5140 5056
f 5056 5140 5141
f 5056 5141 5057
f 5057 5141 5142
f 5057 5142 5058
f 5058 5142 5143
f 5058 5143 5059
f 5059 5143 5144
f 5059 5144 5060
f 5060 5144 5145
f 5060 5145 5061
f 5061 5145 5146
f 5061 5146 5062
f 5062 5146 5063
f 5147 5063 5146
f 5063 5147 5064
f 5148 5064 5147
f 5064 5148 5065
f 5149 5065 5148
f 5065 5149 5066
f 5150 5066 5149
f 5066 5150 5067
f 5151 5067 5150
f 5067 5151 5068
f 5152 5068 5151
f 5068 5152 5069
f 5153 5069 5152
f 5069 5153 5070
f 5070 5153 5071
f 5154 5071 5153
f 5155 5071 5154
f 5071 5155 5156
f 5071 5156 5072
f 5072 5156 5157
f 5072 5157 5073
f 5073 5157 5158
f 5073 5158 5074
f 5074 5158 5159
f 5074 5159 5075
f 5075 5159 5160
f 5075 5160 5076
f 5076 5160 5077
f 5161 5077 5160
f 5077 5161 5078
f 5162 5078 5161
f 5078 5162 5079
f 5163 5079 5162
f 5079 5163 5080
f 5164 5080 5163
f 5080 5164 5081
f 5165 5081 5164
f 5081 5165 5082
f 5082 5165 5167
f 5166 5167 5165
f 5083 5082 5168
f 5167 5168 5082
f 5083 5168 5084
f 5084 5168 5169
f 5084 5169 5085
f 5085 5169 5170
f 5085 5170 5086
f 5086 5170 5171
f 5086 5171 5087
f 5087 5171 5172
f 5087 5172 5088
f 5088 5172 5173
f 5088 5173 5089
f 5089 5173 5174
f 5089 5174 5090
f 5090 5174 5091
f 5175 5091 5174
f 5091 5175 5092
f 5176 5092 5175
f 5092 5176 5093
f 5177 5093 5176
f 5093 5177 5094
f 5178 5094 5177
f 5094 5178 5095
f 5179 5095 5178
f 5095 5179 5096
f 5180 5096 5179
f 5096 5180 5097
f 5181 5097 5180
f 5097 5181 5182
f 5097 5182 5098
f 5098 5182 5183
f 5098 5183 5099
f 5099 5183 5184
f 5099 5184 5100
f 5100 5184 5185
f 5100 5185 5101
f 5101 5185 5186
f 5101 5186 5102
f 5102 5186 5187
f 5102 5187 5103
f 5103 5187 5188
f 5103 5188 5104
f 5104 5188 5105
f 5189 5105 5188
f 5105 5189 5106
f 5190 5106 5189
f 5106 5190 5107
f 5191 5107 5190
f 5107 5191 5108
f 5192 5108 5191
f 5108 5192 5109
f 5193 5109 5192
f 5109 5193 5110
f 5194 5110 5193
f 5110 5194 5111
f 5195 5111 5194
f 5111 5195 5196
f 5111 5196 5112
f 5112 5196 5197
f 5112 5197 5113
f 5113 5197 5198
f 5113 5198 5114
f 5114 5198 5199
f 5114 5199 5115
f 5115 5199 5200
f 5115 5200 5116
f 5116 5200 5201
f 5116 5201 5117
f 5117 5201 5202
f 5117 5202 5118
f 5118 5202 5119
f 5203 5119 5202
f 5119 5203 5120
f 5204 5120 5203
f 5120 5204 5121
f 5205 5121 5204
f 5121 5205 5122
f 5206 5122 5205
f 5122 5206 5123
f 5207 5123 5206
f 5123 5207 5124
f 5208 5124 5207
f 5124 5208 5125
f 5125 5208 5126
f 5209 5126 5208
f 5126 5209 5211
f 5210 5211 5209
f 5126 5211 5127
f 5127 5211 5212
f 5127 5212 5128
f 5128 5212 5213
f 5128 5213 5129
f 5129 5213 5214
f 5129 5214 5130
f 5130 5214 5215
f 5130 5215 5131
f 5131 5215 5216
f 5131 5216 5132
f 5132 5216 5133
f 5217 5133 5216
f 5133 5217 5134
f 5218 5134 5217
f 5134 5218 5135
f 5219 5135 5218
f 5135 5219 5136
f 5220 5136 5219
f 5136 5220 5053
f 5137 5053 5220
f 5137 5221 5222
f 5137 5222 5138
f 5138 5222 5223
f 5138 5223 5139
f 5139 5223 5224
f 5139 5224 5140
f 5140 5224 5225
f 5140 5225 5141
f 5141 5225 5226
f 5141 5226 5142
f 5142 5226 5227
f 5142 5227 5143
f 5143 5227 5228
f 5143 5228 5144
f 5144 5228 5229
f 5144 5229 5145
f 5145 5229 5230
f 5145 5230 5146
f 5146 5230 5147
f 5231 5147 5230
f 5147 5231 5148
f 5232 5148 5231
f 5148 5232 5149
f 5233 5149 5232
f 5149 5233 5150
f 5234 5150 5233
f 5150 5234 5151
f 5235 5151 5234
f 5151 5235 5152
f 5236 5152 5235
f 5152 5236 5153
f 5237 5153 5236
f 5153 5237 5154
f 5238 5154 5237
f 5154 5238 5155
f 5239 5155 5238
f 5155 5239 5240
f 5155 5240 5156
f 5156 5240 5241
f 5156 5241 5157
f 5157 5241 5242
f 5157 5242 5158
f 5158 5242 5243
f 5158 5243 5159
f 5159 5243 5244
f 5159 5244 5160
f 5160 5244 5161
f 5245 5161 5244
f 5161 5245 5162
f 5246 5162 5245
f 5162 5246 5163
f 5247 5163 5246
f 5163 5247 5164
f 5248 5164 5247
f 5164 5248 5165
f 5249 5165 5248
f 5165 5249 5166
f 5250 5166 5249
f 5166 5250 5251
f 5166 5251 5167
f 5167 5251 5252
f 5167 5252 5168
f 5168 5252 5253
f 5168 5253 5169
f 5169 5253 5254
f 5169 5254 5170
f 5170 5254 5255
f 5170 5255 5171
f 5171 5255 5256
f 5171 5256 5172
f 5172 5256 5257
f 5172 5257 5173
f 5173 5257 5258
f 5173 5258 5174
f 5174 5258 5175
f 5259 5175 5258
f 5175 5259 5176
f 5260 5176 5259
f 5176 5260 5177
f 5261 5177 5260
f 5177 5261 5178
f 5262 5178 5261
f 5178 5262 5179
f 5263 5179 5262
f 5179 5263 5180
f 5264 5180 5263
f 5180 5264 5181
f 5265 5181 5264
f 5181 5265 5266
f 5181 5266 5182
f 5182 5266 5267
f 5182 5267 5183
f 5183 5267 5268
f 5183 5268 5184
f 5184 5268 5269
f 5184 5269 5185
f 5185 5269 5270
f 5185 5270 5186
f 5186 5270 5271
f 5186 5271 5187
f 5187 5271 5272
f 5187 5272 5188
f 5188 5272 5189
f 5273 5189 5272
f 5189 5273 5190
f 5274 5190 5273
f 5190 5274 5191
f 5275 5191 5274
f 5191 5275 5192
f 5276 5192 5275
f 5192 5276 5193
f 5277 5193 5276
f 5193 5277 5194
f 5278 5194 5277
f 5194 5278 5195
f 5279 5195 5278
f 5195 5279 5280
f 5195 5280 5196
f 5196 5280 5281
f 5196 5281 5197
f 5197 5281 5282
f 5197 5282 5198
f 5198 5282 5283
f 5198 5283 5199
f 5199 5283 5284
f 5199 5284 5200
f 5200 5284 5285
f 5200 5285 5201
f 5201 5285 5286
f 5201 5286 5202
f 5202 5286 5203
f 5287 5203 5286
f 5203 5287 5204
f 5288 5204 5287
f 5204 5288 5205
f 5289 5205 5288
f 5205 5289 5206
f 5290 5206 5289
f 5206 5290 5207
f 5291 5207 5290
f 5207 5291 5208
f 5292 5208 5291
f 5208 5292 5209
f 5293 5209 5292
f 5209 5293 5210
f 5294 5210 5293
f 5210 5294 5295
f 5210 5295 5211
f 5211 5295 5296
f 5211 5296 5212
f 5212 5296 5297
f 5212 5297 5213
f 5213 5297 5298
f 5213 5298 5214
f 5214 5298 5299
f 5214 5299 5215
f 5215 5299 5300
f 5215 5300 5216
f 5216 5300 5217
f 5301 5217 5300
f 5217 5301 5218
f 5302 5218 5301
f 5218 5302 5219
f 5303 5219 5302
f 5219 5303 5220
f 5304 5220 5303
f 5220 5304 5137
f 5221 5137 5304
f 5221 5305 5306
f 5221 5306 5222
f 5222 5306 5307
f 5222 5307 5223
f 5223 5307 5308
f 5223 5308 5224
f 5224 5308 5309
f 5224 5309 5225
f 5225 5309 5310
f 5225 5310 5226
f 5226 5310 5311
f 5226 5311 5227
f 5227 5311 5312
f 5227 5312 5228
f 5228 5312 5313
f 5228 5313 5229
f 5229 5313 5314
f 5229 5314 5230
f 5230 5314 5231
f 5315 5231 5314
f 5231 5315 5232
f 5316 5232 5315
f 5232 5316 5233
f 5317 5233 5316
f 5233 5317 5234
f 5318 5234 5317
f 5234 5318 5235
f 5319 5235 5318
f 5235 5319 5236
f 5320 5236 5319
f 5236 5320 5237
f 5321 5237 5320
f 5237 5321 5238
f 5322 5238 5321
f 5238 5322 5239
f 5323 5239 5322
f 5239 5323 5324
f 5239 5324 5240
f 5240 5324 5325
f 5240 5325 5241
f 5241 5325 5326
f 5241 5326 5242
f 5242 5326 5327
f 5242 5327 5243
f 5243 5327 5328
f 5243 5328 5244
f 5244 5328 5245
f 5329 5245 5328
f 5245 5329 5246
f 5330 5246 5329
f 5246 5330 5247
f 5331 5247 5330
f 5247 5331 5248
f 5332 5248 5331
f 5248 5332 5249
f 5333 5249 5332
f 5249 5333 5250
f 5334 5250 5333
f 5250 5334 5335
f 5250 5335 5251
f 5251 5335 5336
f 5251 5336 5252
f 5252 5336 5337
f 5252 5337 5253
f 5253 5337 5338
f 5253 5338 5254
f 5254 5338 5339
f 5254 5339 5255
f 5255 5339 5340
f 5255 5340 5256
f 5256 5340 5341
f 5256 5341 5257
f 5257 5341 5342
f 5257 5342 5258
f 5258 5342 5259
f 5343 5259 5342
f 5259 5343 5260
f 5344 5260 5343
f 5260 5344 5261
f 5345 5261 5344
f 5261 5345 5262
f 5346 5262 5345
f 5262 5346 5263
f 5347 5263 5346
f 5263 5347 5264
f 5348 5264 5347
f 5264 5348 5265
f 5349 5265 5348
f 5265 5349 5350
f 5265 5350 5266
f 5266 5350 5351
f 5266 5351 5267
f 5267 5351 5352
f 5267 5352 5268
f 5268 5352 5353
f 5268 5353 5269
f 5269 5353 5354
f 5269 5354 5270
f 5270 5354 5355
f 5270 5355 5271
f 5271 5355 5356
f 5271 5356 5272
f 5272 5356 5273
f 5357 5273 5356
f 5273 5357 5274
f 5358 5274 5357
f 5274 5358 5275
f 5359 5275 5358
f 5275 5359 5276
f 5360 5276 5359
f 5276 5360 5277
f 5361 5277 5360
f 5277 5361 5278
f 5362 5278 5361
f 5278 5362 5279
f 5363 5279 5362
f 5279 5363 5364
f 5279 5364 5280
f 5280 5364 5365
f 5280 5365 5281
f 5281 5365 5366
f 5281 5366 5282
f 5282 5366 5367
f 5282 5367 5283
f 5283 5367 5368
f 5283 5368 5284
f 5284 5368 5369
f 5284 5369 5285
f 5285 5369 5370
f 5285 5370 5286
f 5286 5370 5287
f 5371 5287 5370
f 5287 5371 5288
f 5372 5288 5371
f 5288 5372 5289
f 5373 5289 5372
f 5289 5373 5290
f 5374 5290 5373
f 5290 5374 5291
f 5375 5291 5374
f 5291 5375 5292
f 5376 5292 5375
f 5292 5376 5293
f 5377 5293 5376
f 5293 5377 5294
f 5378 5294 5377
f 5294 5378 5379
f 5294 5379 5295
f 5295 5379 5380
f 5295 5380 5296
f 5296 5380 5381
f 5296 5381 5297
f 5297 5381 5382
f 5297 5382 5298
f 5298 5382 5383
f 5298 5383 5299
f 5299 5383 5384
f 5299 5384 5300
f 5300 5384 5301
f 5385 5301 5384
f 5301 5385 5302
f 5386 5302 5385
f 5302 5386 5303
f 5387 5303 5386
f 5303 5387 5304
f 5388 5304 5387
f 5304 5388 5221
f 5305 5221 5388
f 5305 2237 2236
f 5305 2236 5306
f 5306 2236 2235
f 5306 2235 5307
f 5307 2235 2234
f 5307 2234 5308
f 5308 2234 2233
f 5308 2233 5309
f 5309 2233 2232
f 5309 2232 5310
f 5310 2232 2231
f 5310 2231 5311
f 5311 2231 2230
f 5311 2230 5312
f 5312 2230 2229
f 5312 2229 5313
f 5313 2229 2228
f 5313 2228 5314
f 2227 5315 2228
f 5314 2228 5315
f 2226 5316 2227
f 5315 2227 5316
f 2225 5317 2226
f 5316 2226 5317
f 2224 5318 2225
f 5317 2225 5318
f 2223 5319 2224
f 5318 2224 5319
f 2222 5320 2223
f 5319 2223 5320
f 2221 5321 2222
f 5320 2222 5321
f 2220 5322 2221
f 5321 2221 5322
f 2219 5323 2220
f 5322 2220 5323
f 5323 2219 4331
f 5323 4331 5324
f 5324 4331 4332
f 5324 4332 5325
f 5325 4332 4333
f 5325 4333 5326
f 5326 4333 4334
f 5326 4334 5327
f 5327 4334 4335
f 5327 4335 5328
f 4336 5329 4335
f 5328 4335 5329
f 4337 5330 4336
f 5329 4336 5330
f 4338 5331 4337
f 5330 4337 5331
f 4339 5332 4338
f 5331 4338 5332
f 4340 5333 4339
f 5332 4339 5333
f 4341 5334 4340
f 5333 4340 5334
f 5334 4341 4342
f 5334 4342 5335
f 5335 4342 4343
f 5335 4343 5336
f 5336 4343 4344
f 5336 4344 5337
f 5337 4344 4345
f 5337 4345 5338
f 5338 4345 4346
f 5338 4346 5339
f 5339 4346 4347
f 5339 4347 5340
f 5340 4347 4348
f 5340 4348 5341
f 5341 4348 4349
f 5341 4349 5342
f 4350 5343 4349
f 5342 4349 5343
f 4351 5344 4350
f 5343 4350 5344
f 4352 5345 4351
f 5344 4351 5345
f 4353 5346 4352
f 5345 4352 5346
f 4354 5347 4353
f 5346 4353 5347
f 4355 5348 4354
f 5347 4354 5348
f 4356 5349 4355
f 5348 4355 5349
f 5349 4356 4357
f 5349 4357 5350
f 5350 4357 4358
f 5350 4358 5351
f 5351 4358 4359
f 5351 4359 5352
f 5352 4359 4360
f 5352 4360 5353
f 5353 4360 4361
f 5353 4361 5354
f 5354 4361 4362
f 5354 4362 5355
f 5355 4362 4363
f 5355 4363 5356
f 4364 5357 4363
f 5356 4363 5357
f 4365 5358 4364
f 5357 4364 5358
f 4366 5359 4365
f 5358 4365 5359
f 4367 5360 4366
f 5359 4366 5360
f 4368 5361 4367
f 5360 4367 5361
f 4369 5362 4368
f 5361 4368 5362
f 45 5363 4369
f 5362 4369 5363
f 5363 45 44
f 5363 44 5364
f 5364 44 43
f 5364 43 5365
f 5365 43 42
f 5365 42 5366
f 5366 42 41
f 5366 41 5367
f 5367 41 40
f 5367 40 5368
f 5368 40 39
f 5368 39 5369
f 5369 39 38
f 5369 38 5370
f 37 5371 38
f 5370 38 5371
f 36 5372 37
f 5371 37 5372
f 35 5373 36
f 5372 36 5373
f 34 5374 35
f 5373 35 5374
f 33 5375 34
f 5374 34 5375
f 32 5376 33
f 5375 33 5376
f 31 5377 32
f 5376 32 5377
f 30 5378 31
f 5377 31 5378
f 5378 30 4370
f 5378 4370 5379
f 5379 4370 4371
f 5379 4371 5380
f 5380 4371 4372
f 5380 4372 5381
f 5381 4372 4373
f 5381 4373 5382
f 5382 4373 4374
f 5382 4374 5383
f 5383 4374 4375
f 5383 4375 5384
f 4376 5385 4375
f 5384 4375 5385
f 4377 5386 4376
f 5385 4376 5386
f 4378 5387 4377
f 5386 4377 5387
f 4379 5388 4378
f 5387 4378 5388
f 2237 5305 4379
f 5388 4379 5305
f 5504 5424 5503
f 5505 5423 5504
f 5424 5504 5423
f 5425 5503 5424
f 5426 5502 5425
f 5421 5427 5428
f 5421 5428 5429
f 5421 5429 5430
f 5421 5430 5431
f 5421 5431 5432
f 5421 5432 5433
f 5421 5433 5434
f 5421 5434 5435
f 5421 5435 5436
f 5421 5436 5446
f 5437 5446 5436
f 5438 5445 5437
f 5439 5444 5438
f 5440 5443 5439
f 5441 5442 5440
f 5442 5443 5440
f 5444 5439 5443
f 5445 5438 5444
f 5446 5437 5445
f 5421 5446 5447
f 5421 5447 5457
f 5448 5456 5447
f 5449 5455 5448
f 5450 5454 5449
f 5451 5453 5450
f 5452 5453 5451
f 5454 5450 5453
f 5455 5449 5454
f 5456 5448 5455
f 5457 5447 5456
f 5421 5457 5458
f 5421 5458 5459
f 5421 5459 5460
f 5421 5460 5461
f 5421 5461 5462
f 5421 5462 5472
f 5463 5471 5462
f 5464 5470 5463
f 5465 5469 5464
f 5466 5468 5465
f 5467 5468 5466
f 5469 5465 5468
f 5470 5464 5469
f 5471 5463 5470
f 5472 5462 5471
f 5421 5472 5473
f 5421 5473 5474
f 5421 5474 5475
f 5421 5475 5476
f 5421 5476 5486
f 5477 5486 5476
f 5478 5485 5477
f 5479 5484 5478
f 5480 5483 5479
f 5481 5482 5480
f 5482 5483 5480
f 5484 5479 5483
f 5485 5478 5484
f 5485 5486 5477
f 5421 5486 5487
f 5421 5487 5488
f 5421 5488 5489
f 5421 5489 5490
f 5421 5490 5491
f 5421 5491 5501
f 5492 5500 5491
f 5493 5499 5492
f 5494 5499 5493
f 5495 5498 5494
f 5496 5497 5495
f 5497 5498 5495
f 5499 5494 5498
f 5500 5492 5499
f 5501 5491 5500
f 5421 5501 5427
f 5502 5427 5501
f 5427 5502 5426
f 5503 5425 5502
f 5422 5423 5505
f 5505 5587 5422
f 5509 5510 5422
f 5588 5508 5587
f 5511 5512 5422
f 5422 5587 5509
f 5424 5423 5512
f 5510 5511 5422
f 5425 5424 5513
f 5423 5422 5512
f 5513 5514 5426
f 5512 5513 5424
f 5428 5427 5514
f 5426 5425 5513
f 5429 5428 5514
f 5427 5426 5514
f 5430 5429 5515
f 5514 5515 5429
f 5430 5515 5431
f 5431 5515 5516
f 5431 5516 5432
f 5432 5516 5433
f 5433 5516 5434
f 5517 5434 5516
f 5434 5517 5435
f 5435 5517 5436
f 5518 5436 5517
f 5436 5518 5437
f 5437 5518 5438
f 5438 5518 5439
f 5519 5439 5518
f 5439 5519 5440
f 5440 5519 5441
f 5520 5441 5519
f 5521 5441 5520
f 5522 5441 5521
f 5522 5523 5528
f 5527 5528 5523
f 5526 5527 5524
f 5525 5526 5524
f 5528 5529 5441
f 5523 5524 5527
f 5443 5442 5529
f 5441 5522 5528
f 5444 5443 5529
f 5442 5441 5529
f 5444 5529 5445
f 5445 5529 5530
f 5445 5530 5446
f 5446 5530 5447
f 5447 5530 5448
f 5448 5530 5449
f 5531 5449 5530
f 5449 5531 5450
f 5450 5531 5451
f 5451 5531 5452
f 5532 5452 5531
f 5533 5452 5532
f 5538 5539 5533
f 5534 5538 5533
f 5535 5537 5534
f 5536 5537 5535
f 5539 5540 5452
f 5537 5538 5534
f 5541 5542 5452
f 5452 5533 5539
f 5454 5453 5542
f 5540 5541 5452
f 5455 5454 5543
f 5453 5452 5542
f 5457 5456 5543
f 5542 5543 5454
f 5458 5457 5544
f 5456 5455 5543
f 5459 5458 5544
f 5543 5544 5457
f 5459 5544 5460
f 5460 5544 5461
f 5545 5461 5544
f 5461 5545 5462
f 5462 5545 5463
f 5463 5545 5464
f 5546 5464 5545
f 5464 5546 5465
f 5465 5546 5466
f 5466 5546 5467
f 5547 5467 5546
f 5548 5467 5547
f 5553 5554 5548
f 5549 5553 5548
f 5550 5552 5549
f 5551 5552 5550
f 5554 5555 5467
f 5552 5553 5549
f 5468 5467 5556
f 5467 5548 5554
f 5556 5557 5469
f 5555 5556 5467
f 5471 5470 5557
f 5469 5468 5556
f 5472 5471 5557
f 5470 5469 5557
f 5473 5472 5558
f 5557 5558 5472
f 5473 5558 5474
f 5474 5558 5475
f 5559 5475 5558
f 5475 5559 5476
f 5476 5559 5477
f 5477 5559 5478
f 5560 5478 5559
f 5478 5560 5479
f 5479 5560 5480
f 5480 5560 5481
f 5561 5481 5560
f 5562 5481 5561
f 5562 5563 5568
f 5567 5568 5563
f 5566 5567 5564
f 5565 5566 5564
f 5568 5569 5481
f 5563 5564 5567
f 5482 5481 5570
f 5481 5562 5568
f 5484 5483 5570
f 5569 5570 5481
f 5485 5484 5571
f 5483 5482 5570
f 5486 5485 5571
f 5570 5571 5484
f 5486 5571 5487
f 5487 5571 5572
f 5487 5572 5488
f 5488 5572 5489
f 5489 5572 5490
f 5490 5572 5491
f 5573 5491 5572
f 5491 5573 5492
f 5492 5573 5493
f 5493 5573 5494
f 5574 5494 5573
f 5494 5574 5495
f 5495 5574 5496
f 5575 5496 5574
f 5576 5496 5575
f 5577 5496 5576
f 5577 5578 5583
f 5582 5583 5578
f 5581 5582 5579
f 5580 5581 5579
f 5583 5584 5496
f 5578 5579 5582
f 5497 5496 5585
f 5496 5577 5583
f 5499 5498 5585
f 5584 5585 5496
f 5500 5499 5585
f 5498 5497 5585
f 5500 5585 5501
f 5501 5585 5586
f 5501 5586 5502
f 5502 5586 5503
f 5503 5586 5504
f 5504 5586 5505
f 5587 5505 5586
f 5508 5509 5587
f 5507 5508 5588
f 5589 5507 5588
f 5506 5507 5589
f 5672 5506 5671
f 5593 5594 5506
f 5591 5592 5672
f 5594 5595 5507
f 5592 5593 5506
f 5509 5508 5595
f 5507 5506 5594
f 5510 5509 5596
f 5508 5507 5595
f 5511 5510 5597
f 5595 5596 5509
f 5512 5511 5597
f 5596 5597 5510
f 5513 5512 5598
f 5597 5598 5512
f 5513 5598 5514
f 5514 5598 5599
f 5514 5599 5515
f 5515 5599 5600
f 5515 5600 5516
f 5516 5600 5517
f 5601 5517 5600
f 5517 5601 5518
f 5518 5601 5519
f 5602 5519 5601
f 5519 5602 5520
f 5520 5602 5521
f 5603 5521 5602
f 5521 5603 5522
f 5604 5522 5603
f 5522 5604 5523
f 5523 5604 5524
f 5605 5524 5604
f 5524 5605 5525
f 5606 5525 5605
f 5607 5525 5606
f 5525 5607 5611
f 5610 5611 5608
f 5609 5610 5608
f 5526 5525 5612
f 5607 5608 5611
f 5527 5526 5612
f 5611 5612 5525
f 5528 5527 5613
f 5612 5613 5527
f 5528 5613 5529
f 5529 5613 5614
f 5529 5614 5530
f 5530 5614 5531
f 5531 5614 5532
f 5615 5532 5614
f 5532 5615 5533
f 5533 5615 5534
f 5616 5534 5615
f 5534 5616 5535
f 5535 5616 5536
f 5617 5536 5616
f 5618 5536 5617
f 5536 5618 5622
f 5619 5621 5618
f 5620 5621 5619
f 5623 5624 5536
f 5621 5622 5618
f 5624 5625 5537
f 5622 5623 5536
f 5539 5538 5625
f 5537 5536 5624
f 5540 5539 5626
f 5538 5537 5625
f 5541 5540 5626
f 5625 5626 5539
f 5542 5541 5627
f 5626 5627 5541
f 5542 5627 5543
f 5543 5627 5628
f 5543 5628 5544
f 5544 5628 5545
f 5629 5545 5628
f 5545 5629 5546
f 5630 5546 5629
f 5546 5630 5547
f 5547 5630 5548
f 5631 5548 5630
f 5548 5631 5549
f 5549 5631 5550
f 5632 5550 5631
f 5550 5632 5551
f 5633 5551 5632
f 5551 5633 5637
f 5634 5636 5633
f 5635 5636 5634
f 5552 5551 5638
f 5636 5637 5633
f 5553 5552 5639
f 5637 5638 5551
f 5554 5553 5640
f 5638 5639 5552
f 5555 5554 5640
f 5639 5640 5553
f 5556 5555 5641
f 5640 5641 5555
f 5556 5641 5557
f 5557 5641 5642
f 5557 5642 5558
f 5558 5642 5559
f 5643 5559 5642
f 5559 5643 5560
f 5560 5643 5561
f 5644 5561 5643
f 5561 5644 5562
f 5562 5644 5563
f 5645 5563 5644
f 5563 5645 5564
f 5646 5564 5645
f 5564 5646 5565
f 5647 5565 5646
f 5565 5647 5651
f 5650 5651 5648
f 5649 5650 5648
f 5566 5565 5652
f 5647 5648 5651
f 5567 5566 5653
f 5651 5652 5565
f 5568 5567 5653
f 5652 5653 5566
f 5569 5568 5654
f 5653 5654 5568
f 5569 5654 5570
f 5570 5654 5655
f 5570 5655 5571
f 5571 5655 5656
f 5571 5656 5572
f 5572 5656 5573
f 5657 5573 5656
f 5573 5657 5574
f 5574 5657 5575
f 5658 5575 5657
f 5575 5658 5576
f 5576 5658 5577
f 5659 5577 5658
f 5577 5659 5578
f 5578 5659 5579
f 5660 5579 5659
f 5579 5660 5580
f 5661 5580 5660
f 5662 5580 5661
f 5580 5662 5666
f 5665 5666 5663
f 5664 5665 5663
f 5581 5580 5667
f 5662 5663 5666
f 5582 5581 5668
f 5666 5667 5580
f 5583 5582 5668
f 5667 5668 5581
f 5584 5583 5669
f 5668 5669 5583
f 5584 5669 5585
f 5585 5669 5670
f 5585 5670 5586
f 5586 5670 5587
f 5671 5587 5670
f 5587 5671 5588
f 5588 5671 5589
f 5589 5671 5506
f 5506 5672 5592
f 5673 5591 5672
f 5590 5591 5673
f 5673 5756 5590
f 5591 5590 5677
f 5675 5676 5590
f 5592 5591 5678
f 5676 5677 5590
f 5593 5592 5679
f 5677 5678 5591
f 5594 5593 5679
f 5678 5679 5592
f 5595 5594 5680
f 5679 5680 5594
f 5596 5595 5681
f 5680 5681 5595
f 5596 5681 5597
f 5597 5681 5682
f 5597 5682 5598
f 5598 5682 5683
f 5598 5683 5599
f 5599 5683 5684
f 5599 5684 5600
f 5600 5684 5601
f 5685 5601 5684
f 5601 5685 5602
f 5686 5602 5685
f 5602 5686 5603
f 5603 5686 5604
f 5687 5604 5686
f 5604 5687 5605
f 5688 5605 5687
f 5605 5688 5606
f 5606 5688 5607
f 5689 5607 5688
f 5607 5689 5608
f 5690 5608 5689
f 5608 5690 5609
f 5691 5609 5690
f 5692 5609 5691
f 5609 5692 5695
f 5693 5694 5692
f 5610 5609 5695
f 5694 5695 5692
f 5611 5610 5696
f 5695 5696 5610
f 5611 5696 5612
f 5612 5696 5697
f 5612 5697 5613
f 5613 5697 5698
f 5613 5698 5614
f 5614 5698 5615
f 5699 5615 5698
f 5615 5699 5616
f 5616 5699 5617
f 5700 5617 5699
f 5617 5700 5618
f 5618 5700 5619
f 5701 5619 5700
f 5619 5701 5620
f 5702 5620 5701
f 5620 5702 5706
f 5703 5705 5702
f 5704 5705 5703
f 5621 5620 5707
f 5705 5706 5702
f 5622 5621 5708
f 5706 5707 5620
f 5623 5622 5709
f 5707 5708 5621
f 5624 5623 5709
f 5708 5709 5622
f 5625 5624 5710
f 5709 5710 5624
f 5626 5625 5711
f 5710 5711 5625
f 5626 5711 5627
f 5627 5711 5712
f 5627 5712 5628
f 5628 5712 5629
f 5713 5629 5712
f 5629 5713 5630
f 5714 5630 5713
f 5630 5714 5631
f 5631 5714 5632
f 5715 5632 5714
f 5632 5715 5633
f 5716 5633 5715
f 5633 5716 5634
f 5634 5716 5635
f 5717 5635 5716
f 5718 5635 5717
f 5635 5718 5720
f 5719 5720 5718
f 5636 5635 5722
f 5720 5721 5635
f 5637 5636 5722
f 5721 5722 5635
f 5638 5637 5723
f 5722 5723 5637
f 5639 5638 5724
f 5723 5724 5638
f 5639 5724 5640
f 5640 5724 5725
f 5640 5725 5641
f 5641 5725 5726
f 5641 5726 5642
f 5642 5726 5643
f 5727 5643 5726
f 5643 5727 5644
f 5728 5644 5727
f 5644 5728 5645
f 5645 5728 5646
f 5729 5646 5728
f 5646 5729 5647
f 5730 5647 5729
f 5647 5730 5648
f 5648 5730 5649
f 5731 5649 5730
f 5732 5649 5731
f 5649 5732 5734
f 5733 5734 5732
f 5650 5649 5736
f 5734 5735 5649
f 5651 5650 5736
f 5735 5736 5649
f 5652 5651 5737
f 5736 5737 5651
f 5653 5652 5738
f 5737 5738 5652
f 5653 5738 5654
f 5654 5738 5739
f 5654 5739 5655
f 5655 5739 5740
f 5655 5740 5656
f 5656 5740 5657
f 5741 5657 5740
f 5657 5741 5658
f 5658 5741 5659
f 5742 5659 5741
f 5659 5742 5660
f 5743 5660 5742
f 5660 5743 5661
f 5661 5743 5662
f 5744 5662 5743
f 5662 5744 5663
f 5745 5663 5744
f 5663 5745 5664
f 5746 5664 5745
f 5664 5746 5750
f 5749 5750 5747
f 5748 5749 5747
f 5665 5664 5751
f 5746 5747 5750
f 5666 5665 5751
f 5750 5751 5664
f 5667 5666 5752
f 5751 5752 5666
f 5667 5752 5668
f 5668 5752 5753
f 5668 5753 5669
f 5669 5753 5754
f 5669 5754 5670
f 5670 5754 5671
f 5755 5671 5754
f 5671 5755 5672
f 5672 5755 5673
f 5756 5673 5755
f 5675 5590 5756
f 5757 5675 5756
f 5674 5675 5757
f 5841 5674 5840
f 5675 5674 5761
f 5759 5760 5674
f 5676 5675 5761
f 5760 5761 5674
f 5677 5676 5762
f 5761 5762 5676
f 5678 5677 5763
f 5762 5763 5677
f 5679 5678 5764
f 5763 5764 5678
f 5680 5679 5765
f 5764 5765 5679
f 5680 5765 5681
f 5681 5765 5766
f 5681 5766 5682
f 5682 5766 5767
f 5682 5767 5683
f 5683 5767 5768
f 5683 5768 5684
f 5684 5768 5685
f 5769 5685 5768
f 5685 5769 5686
f 5770 5686 5769
f 5686 5770 5687
f 5771 5687 5770
f 5687 5771 5688
f 5688 5771 5689
f 5772 5689 5771
f 5689 5772 5690
f 5773 5690 5772
f 5690 5773 5691
f 5774 5691 5773
f 5691 5774 5692
f 5692 5774 5693
f 5775 5693 5774
f 5776 5693 5775
f 5693 5776 5778
f 5777 5778 5776
f 5694 5693 5779
f 5778 5779 5693
f 5695 5694 5780
f 5779 5780 5694
f 5695 5780 5696
f 5696 5780 5781
f 5696 5781 5697
f 5697 5781 5782
f 5697 5782 5698
f 5698 5782 5699
f 5783 5699 5782
f 5699 5783 5700
f 5784 5700 5783
f 5700 5784 5701
f 5701 5784 5702
f 5785 5702 5784
f 5702 5785 5703
f 5786 5703 5785
f 5703 5786 5704
f 5787 5704 5786
f 5704 5787 5789
f 5788 5789 5787
f 5705 5704 5791
f 5789 5790 5704
f 5706 5705 5791
f 5790 5791 5704
f 5707 5706 5792
f 5791 5792 5706
f 5708 5707 5793
f 5792 5793 5707
f 5709 5708 5794
f 5793 5794 5708
f 5709 5794 5710
f 5710 5794 5795
f 5710 5795 5711
f 5711 5795 5796
f 5711 5796 5712
f 5712 5796 5713
f 5797 5713 5796
f 5713 5797 5714
f 5798 5714 5797
f 5714 5798 5715
f 5799 5715 5798
f 5715 5799 5716
f 5716 5799 5717
f 5800 5717 5799
f 5717 5800 5718
f 5801 5718 5800
f 5718 5801 5719
f 5802 5719 5801
f 5719 5802 5804
f 5803 5804 5802
f 5720 5719 5805
f 5804 5805 5719
f 5721 5720 5806
f 5805 5806 5720
f 5722 5721 5807
f 5806 5807 5721
f 5723 5722 5808
f 5807 5808 5722
f 5723 5808 5724
f 5724 5808 5809
f 5724 5809 5725
f 5725 5809 5810
f 5725 5810 5726
f 5726 5810 5727
f 5811 5727 5810
f 5727 5811 5728
f 5812 5728 5811
f 5728 5812 5729
f 5813 5729 5812
f 5729 5813 5730
f 5730 5813 5731
f 5814 5731 5813
f 5731 5814 5732
f 5815 5732 5814
f 5732 5815 5733
f 5816 5733 5815
f 5733 5816 5818
f 5817 5818 5816
f 5734 5733 5819
f 5818 5819 5733
f 5735 5734 5820
f 5819 5820 5734
f 5736 5735 5821
f 5820 5821 5735
f 5736 5821 5737
f 5737 5821 5822
f 5737 5822 5738
f 5738 5822 5823
f 5738 5823 5739
f 5739 5823 5824
f 5739 5824 5740
f 5740 5824 5741
f 5825 5741 5824
f 5741 5825 5742
f 5826 5742 5825
f 5742 5826 5743
f 5743 5826 5744
f 5827 5744 5826
f 5744 5827 5745
f 5828 5745 5827
f 5745 5828 5746
f 5829 5746 5828
f 5746 5829 5747
f 5747 5829 5748
f 5830 5748 5829
f 5831 5748 5830
f 5748 5831 5833
f 5832 5833 5831
f 5749 5748 5834
f 5833 5834 5748
f 5750 5749 5835
f 5834 5835 5749
f 5751 5750 5836
f 5835 5836 5750
f 5751 5836 5752
f 5752 5836 5837
f 5752 5837 5753
f 5753 5837 5838
f 5753 5838 5754
f 5754 5838 5755
f 5839 5755 5838
f 5755 5839 5756
f 5840 5756 5839
f 5756 5840 5757
f 5757 5840 5674
f 5759 5674 5841
f 5758 5759 5841
f 5758 5925 5843
f 5759 5758 5844
f 5843 5844 5758
f 5760 5759 5845
f 5844 5845 5759
f 5761 5760 5846
f 5845 5846 5760
f 5762 5761 5847
f 5846 5847 5761
f 5763 5762 5848
f 5847 5848 5762
f 5763 5848 5764
f 5764 5848 5849
f 5764 5849 5765
f 5765 5849 5850
f 5765 5850 5766
f 5766 5850 5851
f 5766 5851 5767
f 5767 5851 5852
f 5767 5852 5768
f 5768 5852 5769
f 5853 5769 5852
f 5769 5853 5770
f 5854 5770 5853
f 5770 5854 5771
f 5855 5771 5854
f 5771 5855 5772
f 5772 5855 5773
f 5856 5773 5855
f 5773 5856 5774
f 5857 5774 5856
f 5774 5857 5775
f 5858 5775 5857
f 5775 5858 5776
f 5859 5776 5858
f 5776 5859 5777
f 5860 5777 5859
f 5777 5860 5862
f 5861 5862 5860
f 5778 5777 5863
f 5862 5863 5777
f 5778 5863 5779
f 5779 5863 5864
f 5779 5864 5780
f 5780 5864 5865
f 5780 5865 5781
f 5781 5865 5866
f 5781 5866 5782
f 5782 5866 5783
f 5867 5783 5866
f 5783 5867 5784
f 5868 5784 5867
f 5784 5868 5785
f 5785 5868 5786
f 5869 5786 5868
f 5786 5869 5787
f 5870 5787 5869
f 5787 5870 5788
f 5871 5788 5870
f 5788 5871 5873
f 5872 5873 5871
f 5789 5788 5874
f 5873 5874 5788
f 5790 5789 5875
f 5874 5875 5789
f 5791 5790 5876
f 5875 5876 5790
f 5792 5791 5877
f 5876 5877 5791
f 5792 5877 5793
f 5793 5877 5878
f 5793 5878 5794
f 5794 5878 5879
f 5794 5879 5795
f 5795 5879 5880
f 5795 5880 5796
f 5796 5880 5797
f 5881 5797 5880
f 5797 5881 5798
f 5882 5798 5881
f 5798 5882 5799
f 5883 5799 5882
f 5799 5883 5800
f 5884 5800 5883
f 5800 5884 5801
f 5801 5884 5802
f 5885 5802 5884
f 5802 5885 5803
f 5886 5803 5885
f 5803 5886 5888
f 5887 5888 5886
f 5804 5803 5889
f 5888 5889 5803
f 5805 5804 5890
f 5889 5890 5804
f 5806 5805 5891
f 5890 5891 5805
f 5806 5891 5807
f 5807 5891 5892
f 5807 5892 5808
f 5808 5892 5893
f 5808 5893 5809
f 5809 5893 5894
f 5809 5894 5810
f 5810 5894 5811
f 5895 5811 5894
f 5811 5895 5812
f 5896 5812 5895
f 5812 5896 5813
f 5897 5813 5896
f 5813 5897 5814
f 5814 5897 5815
f 5898 5815 5897
f 5815 5898 5816
f 5899 5816 5898
f 5816 5899 5817
f 5900 5817 5899
f 5817 5900 5902
f 5901 5902 5900
f 5818 5817 5903
f 5902 5903 5817
f 5819 5818 5904
f 5903 5904 5818
f 5819 5904 5820
f 5820 5904 5905
f 5820 5905 5821
f 5821 5905 5906
f 5821 5906 5822
f 5822 5906 5907
f 5822 5907 5823
f 5823 5907 5908
f 5823 5908 5824
f 5824 5908 5825
f 5909 5825 5908
f 5825 5909 5826
f 5910 5826 5909
f 5826 5910 5827
f 5911 5827 5910
f 5827 5911 5828
f 5828 5911 5829
f 5912 5829 5911
f 5829 5912 5830
f 5913 5830 5912
f 5830 5913 5831
f 5914 5831 5913
f 5831 5914 5832
f 5915 5832 5914
f 5832 5915 5917
f 5916 5917 5915
f 5833 5832 5918
f 5917 5918 5832
f 5834 5833 5919
f 5918 5919 5833
f 5834 5919 5835
f 5835 5919 5920
f 5835 5920 5836
f 5836 5920 5921
f 5836 5921 5837
f 5837 5921 5922
f 5837 5922 5838
f 5838 5922 5839
f 5923 5839 5922
f 5839 5923 5840
f 5924 5840 5923
f 5840 5924 5841
f 5841 5924 5758
f 5925 5758 5924
f 5842 5843 5925
f 5842 6009 5927
f 5843 5842 5928
f 5927 5928 5842
f 5844 5843 5929
f 5928 5929 5843
f 5845 5844 5930
f 5929 5930 5844
f 5846 5845 5931
f 5930 5931 5845
f 5846 5931 5847
f 5847 5931 5932
f 5847 5932 5848
f 5848 5932 5933
f 5848 5933 5849
f 5849 5933 5934
f 5849 5934 5850
f 5850 5934 5935
f 5850 5935 5851
f 5851 5935 5936
f 5851 5936 5852
f 5852 5936 5853
f 5937 5853 5936
f 5853 5937 5854
f 5938 5854 5937
f 5854 5938 5855
f 5939 5855 5938
f 5855 5939 5856
f 5940 5856 5939
f 5856 5940 5857
f 5857 5940 5858
f 5941 5858 5940
f 5858 5941 5859
f 5942 5859 5941
f 5859 5942 5860
f 5943 5860 5942
f 5860 5943 5861
f 5944 5861 5943
f 5861 5944 5946
f 5945 5946 5944
f 5861 5946 5862
f 5862 5946 5947
f 5862 5947 5863
f 5863 5947 5948
f 5863 5948 5864
f 5864 5948 5949
f 5864 5949 5865
f 5865 5949 5950
f 5865 5950 5866
f 5866 5950 5867
f 5951 5867 5950
f 5867 5951 5868
f 5952 5868 5951
f 5868 5952 5869
f 5953 5869 5952
f 5869 5953 5870
f 5870 5953 5871
f 5954 5871 5953
f 5871 5954 5872
f 5955 5872 5954
f 5872 5955 5957
f 5956 5957 5955
f 5873 5872 5958
f 5957 5958 5872
f 5874 5873 5959
f 5958 5959 5873
f 5875 5874 5960
f 5959 5960 5874
f 5876 5875 5961
f 5960 5961 5875
f 5876 5961 5877
f 5877 5961 5962
f 5877 5962 5878
f 5878 5962 5963
f 5878 5963 5879
f 5879 5963 5964
f 5879 5964 5880
f 5880 5964 5881
f 5965 5881 5964
f 5881 5965 5882
f 5966 5882 5965
f 5882 5966 5883
f 5967 5883 5966
f 5883 5967 5884
f 5968 5884 5967
f 5884 5968 5885
f 5885 5968 5886
f 5969 5886 5968
f 5886 5969 5887
f 5970 5887 5969
f 5887 5970 5972
f 5971 5972 5970
f 5888 5887 5973
f 5972 5973 5887
f 5889 5888 5974
f 5973 5974 5888
f 5889 5974 5890
f 5890 5974 5975
f 5890 5975 5891
f 5891 5975 5976
f 5891 5976 5892
f 5892 5976 5977
f 5892 5977 5893
f 5893 5977 5978
f 5893 5978 5894
f 5894 5978 5895
f 5979 5895 5978
f 5895 5979 5896
f 5980 5896 5979
f 5896 5980 5897
f 5981 5897 5980
f 5897 5981 5898
f 5982 5898 5981
f 5898 5982 5899
f 5899 5982 5900
f 5983 5900 5982
f 5900 5983 5901
f 5984 5901 5983
f 5901 5984 5986
f 5985 5986 5984
f 5902 5901 5987
f 5986 5987 5901
f 5903 5902 5988
f 5987 5988 5902
f 5903 5988 5904
f 5904 5988 5989
f 5904 5989 5905
f 5905 5989 5990
f 5905 5990 5906
f 5906 5990 5991
f 5906 5991 5907
f 5907 5991 5992
f 5907 5992 5908
f 5908 5992 5909
f 5993 5909 5992
f 5909 5993 5910
f 5994 5910 5993
f 5910 5994 5911
f 5995 5911 5994
f 5911 5995 5912
f 5912 5995 5913
f 5996 5913 5995
f 5913 5996 5914
f 5997 5914 5996
f 5914 5997 5915
f 5998 5915 5997
f 5915 5998 5916
f 5999 5916 5998
f 5916 5999 6001
f 6000 6001 5999
f 5917 5916 6002
f 6001 6002 5916
f 5917 6002 5918
f 5918 6002 6003
f 5918 6003 5919
f 5919 6003 6004
f 5919 6004 5920
f 5920 6004 6005
f 5920 6005 5921
f 5921 6005 6006
f 5921 6006 5922
f 5922 6006 5923
f 6007 5923 6006
f 5923 6007 5924
f 6008 5924 6007
f 5924 6008 5925
f 6009 5925 6008
f 5925 6009 5842
f 5926 5927 6009
f 5926 6093 6011
f 5927 5926 6012
f 6011 6012 5926
f 5928 5927 6013
f 6012 6013 5927
f 5929 5928 6014
f 6013 6014 5928
f 5929 6014 5930
f 5930 6014 6015
f 5930 6015 5931
f 5931 6015 6016
f 5931 6016 5932
f 5932 6016 6017
f 5932 6017 5933
f 5933 6017 6018
f 5933 6018 5934
f 5934 6018 6019
f 5934 6019 5935
f 5935 6019 6020
f 5935 6020 5936
f 5936 6020 5937
f 6021 5937 6020
f 5937 6021 5938
f 6022 5938 6021
f 5938 6022 5939
f 6023 5939 6022
f 5939 6023 5940
f 6024 5940 6023
f 5940 6024 5941
f 6025 5941 6024
f 5941 6025 5942
f 5942 6025 5943
f 6026 5943 6025
f 5943 6026 5944
f 6027 5944 6026
f 5944 6027 5945
f 6028 5945 6027
f 5945 6028 6030
f 6029 6030 6028
f 5945 6030 5946
f 5946 6030 6031
f 5946 6031 5947
f 5947 6031 6032
f 5947 6032 5948
f 5948 6032 6033
f 5948 6033 5949
f 5949 6033 6034
f 5949 6034 5950
f 5950 6034 5951
f 6035 5951 6034
f 5951 6035 5952
f 6036 5952 6035
f 5952 6036 5953
f 6037 5953 6036
f 5953 6037 5954
f 6038 5954 6037
f 5954 6038 5955
f 5955 6038 5956
f 6039 5956 6038
f 5956 6039 6041
f 6040 6041 6039
f 5957 5956 6042
f 6041 6042 5956
f 5958 5957 6043
f 6042 6043 5957
f 5959 5958 6044
f 6043 6044 5958
f 5959 6044 5960
f 5960 6044 6045
f 5960 6045 5961
f 5961 6045 6046
f 5961 6046 5962
f 5962 6046 6047
f 5962 6047 5963
f 5963 6047 6048
f 5963 6048 5964
f 5964 6048 5965
f 6049 5965 6048
f 5965 6049 5966
f 6050 5966 6049
f 5966 6050 5967
f 6051 5967 6050
f 5967 6051 5968
f 6052 5968 6051
f 5968 6052 5969
f 6053 5969 6052
f 5969 6053 5970
f 5970 6053 5971
f 6054 5971 6053
f 5971 6054 6056
f 6055 6056 6054
f 5972 5971 6057
f 6056 6057 5971
f 5972 6057 5973
f 5973 6057 6058
f 5973 6058 5974
f 5974 6058 6059
f 5974 6059 5975
f 5975 6059 6060
f 5975 6060 5976
f 5976 6060 6061
f 5976 6061 5977
f 5977 6061 6062
f 5977 6062 5978
f 5978 6062 5979
f 6063 5979 6062
f 5979 6063 5980
f 6064 5980 6063
f 5980 6064 5981
f 6065 5981 6064
f 5981 6065 5982
f 6066 5982 6065
f 5982 6066 5983
f 6067 5983 6066
f 5983 6067 5984
f 5984 6067 5985
f 6068 5985 6067
f 5985 6068 6070
f 6069 6070 6068
f 5986 5985 6071
f 6070 6071 5985
f 5986 6071 5987
f 5987 6071 6072
f 5987 6072 5988
f 5988 6072 6073
f 5988 6073 5989
f 5989 6073 6074
f 5989 6074 5990
f 5990 6074 6075
f 5990 6075 5991
f 5991 6075 6076
f 5991 6076 5992
f 5992 6076 5993
f 6077 5993 6076
f 5993 6077 5994
f 6078 5994 6077
f 5994 6078 5995
f 6079 5995 6078
f 5995 6079 5996
f 6080 5996 6079
f 5996 6080 5997
f 5997 6080 5998
f 6081 5998 6080
f 5998 6081 5999
f 6082 5999 6081
f 5999 6082 6000
f 6083 6000 6082
f 6000 6083 6085
f 6084 6085 6083
f 6001 6000 6086
f 6085 6086 6000
f 6001 6086 6002
f 6002 6086 6087
f 6002 6087 6003
f 6003 6087 6088
f 6003 6088 6004
f 6004 6088 6089
f 6004 6089 6005
f 6005 6089 6090
f 6005 6090 6006
f 6006 6090 6007
f 6091 6007 6090
f 6007 6091 6008
f 6092 6008 6091
f 6008 6092 6009
f 6093 6009 6092
f 6009 6093 5926
f 6010 6011 6093
f 6010 6177 6095
f 6011 6010 6096
f 6095 6096 6010
f 6012 6011 6097
f 6096 6097 6011
f 6012 6097 6013
f 6013 6097 6098
f 6013 6098 6014
f 6014 6098 6099
f 6014 6099 6015
f 6015 6099 6100
f 6015 6100 6016
f 6016 6100 6101
f 6016 6101 6017
f 6017 6101 6102
f 6017 6102 6018
f 6018 6102 6103
f 6018 6103 6019
f 6019 6103 6104
f 6019 6104 6020
f 6020 6104 6021
f 6105 6021 6104
f 6021 6105 6022
f 6106 6022 6105
f 6022 6106 6023
f 6107 6023 6106
f 6023 6107 6024
f 6108 6024 6107
f 6024 6108 6025
f 6109 6025 6108
f 6025 6109 6026
f 6110 6026 6109
f 6026 6110 6027
f 6027 6110 6028
f 6111 6028 6110
f 6028 6111 6029
f 6112 6029 6111
f 6029 6112 6114
f 6113 6114 6112
f 6029 6114 6030
f 6030 6114 6115
f 6030 6115 6031
f 6031 6115 6116
f 6031 6116 6032
f 6032 6116 6117
f 6032 6117 6033
f 6033 6117 6118
f 6033 6118 6034
f 6034 6118 6035
f 6119 6035 6118
f 6035 6119 6036
f 6120 6036 6119
f 6036 6120 6037
f 6121 6037 6120
f 6037 6121 6038
f 6122 6038 6121
f 6038 6122 6039
f 6039 6122 6040
f 6123 6040 6122
f 6040 6123 6125
f 6124 6125 6123
f 6041 6040 6126
f 6125 6126 6040
f 6042 6041 6127
f 6126 6127 6041
f 6042 6127 6043
f 6043 6127 6128
f 6043 6128 6044
f 6044 6128 6129
f 6044 6129 6045
f 6045 6129 6130
f 6045 6130 6046
f 6046 6130 6131
f 6046 6131 6047
f 6047 6131 6132
f 6047 6132 6048
f 6048 6132 6049
f 6133 6049 6132
f 6049 6133 6050
f 6134 6050 6133
f 6050 6134 6051
f 6135 6051 6134
f 6051 6135 6052
f 6136 6052 6135
f 6052 6136 6053
f 6137 6053 6136
f 6053 6137 6054
f 6138 6054 6137
f 6054 6138 6055
f 6055 6138 6140
f 6139 6140 6138
f 6055 6140 6056
f 6056 6140 6141
f 6056 6141 6057
f 6057 6141 6142
f 6057 6142 6058
f 6058 6142 6143
f 6058 6143 6059
f 6059 6143 6144
f 6059 6144 6060
f 6060 6144 6145
f 6060 6145 6061
f 6061 6145 6146
f 6061 6146 6062
f 6062 6146 6063
f 6147 6063 6146
f 6063 6147 6064
f 6148 6064 6147
f 6064 6148 6065
f 6149 6065 6148
f 6065 6149 6066
f 6150 6066 6149
f 6066 6150 6067
f 6151 6067 6150
f 6067 6151 6068
f 6152 6068 6151
f 6068 6152 6069
f 6153 6069 6152
f 6069 6153 6154
f 6069 6154 6070
f 6070 6154 6155
f 6070 6155 6071
f 6071 6155 6156
f 6071 6156 6072
f 6072 6156 6157
f 6072 6157 6073
f 6073 6157 6158
f 6073 6158 6074
f 6074 6158 6159
f 6074 6159 6075
f 6075 6159 6160
f 6075 6160 6076
f 6076 6160 6077
f 6161 6077 6160
f 6077 6161 6078
f 6162 6078 6161
f 6078 6162 6079
f 6163 6079 6162
f 6079 6163 6080
f 6164 6080 6163
f 6080 6164 6081
f 6165 6081 6164
f 6081 6165 6082
f 6082 6165 6083
f 6166 6083 6165
f 6083 6166 6084
f 6167 6084 6166
f 6084 6167 6169
f 6168 6169 6167
f 6084 6169 6085
f 6085 6169 6170
f 6085 6170 6086
f 6086 6170 6171
f 6086 6171 6087
f 6087 6171 6172
f 6087 6172 6088
f 6088 6172 6173
f 6088 6173 6089
f 6089 6173 6174
f 6089 6174 6090
f 6090 6174 6091
f 6175 6091 6174
f 6091 6175 6092
f 6176 6092 6175
f 6092 6176 6093
f 6177 6093 6176
f 6093 6177 6010
f 6094 6095 6177
f 6094 6178 6179
f 6095 6094 6180
f 6179 6180 6094
f 6095 6180 6096
f 6096 6180 6181
f 6096 6181 6097
f 6097 6181 6182
f 6097 6182 6098
f 6098 6182 6183
f 6098 6183 6099
f 6099 6183 6184
f 6099 6184 6100
f 6100 6184 6185
f 6100 6185 6101
f 6101 6185 6186
f 6101 6186 6102
f 6102 6186 6187
f 6102 6187 6103
f 6103 6187 6188
f 6103 6188 6104
f 6104 6188 6105
f 6189 6105 6188
f 6105 6189 6106
f 6190 6106 6189
f 6106 6190 6107
f 6191 6107 6190
f 6107 6191 6108
f 6192 6108 6191
f 6108 6192 6109
f 6193 6109 6192
f 6109 6193 6110
f 6194 6110 6193
f 6110 6194 6111
f 6195 6111 6194
f 6111 6195 6112
f 6112 6195 6113
f 6196 6113 6195
f 6197 6113 6196
f 6113 6197 6198
f 6113 6198 6114
f 6114 6198 6199
f 6114 6199 6115
f 6115 6199 6200
f 6115 6200 6116
f 6116 6200 6201
f 6116 6201 6117
f 6117 6201 6202
f 6117 6202 6118
f 6118 6202 6119
f 6203 6119 6202
f 6119 6203 6120
f 6204 6120 6203
f 6120 6204 6121
f 6205 6121 6204
f 6121 6205 6122
f 6206 6122 6205
f 6122 6206 6123
f 6207 6123 6206
f 6123 6207 6124
f 6124 6207 6209
f 6208 6209 6207
f 6125 6124 6210
f 6209 6210 6124
f 6125 6210 6126
f 6126 6210 6211
f 6126 6211 6127
f 6127 6211 6212
f 6127 6212 6128
f 6128 6212 6213
f 6128 6213 6129
f 6129 6213 6214
f 6129 6214 6130
f 6130 6214 6215
f 6130 6215 6131
f 6131 6215 6216
f 6131 6216 6132
f 6132 6216 6133
f 6217 6133 6216
f 6133 6217 6134
f 6218 6134 6217
f 6134 6218 6135
f 6219 6135 6218
f 6135 6219 6136
f 6220 6136 6219
f 6136 6220 6137
f 6221 6137 6220
f 6137 6221 6138
f 6222 6138 6221
f 6138 6222 6139
f 6223 6139 6222
f 6139 6223 6224
f 6139 6224 6140
f 6140 6224 6225
f 6140 6225 6141
f 6141 6225 6226
f 6141 6226 6142
f 6142 6226 6227
f 6142 6227 6143
f 6143 6227 6228
f 6143 6228 6144
f 6144 6228 6229
f 6144 6229 6145
f 6145 6229 6230
f 6145 6230 6146
f 6146 6230 6147
f 6231 6147 6230
f 6147 6231 6148
f 6232 6148 6231
f 6148 6232 6149
f 6233 6149 6232
f 6149 6233 6150
f 6234 6150 6233
f 6150 6234 6151
f 6235 6151 6234
f 6151 6235 6152
f 6236 6152 6235
f 6152 6236 6153
f 6237 6153 6236
f 6153 6237 6238
f 6153 6238 6154
f 6154 6238 6239
f 6154 6239 6155
f 6155 6239 6240
f 6155 6240 6156
f 6156 6240 6241
f 6156 6241 6157
f 6157 6241 6242
f 6157 6242 6158
f 6158 6242 6243
f 6158 6243 6159
f 6159 6243 6244
f 6159 6244 6160
f 6160 6244 6161
f 6245 6161 6244
f 6161 6245 6162
f 6246 6162 6245
f 6162 6246 6163
f 6247 6163 6246
f 6163 6247 6164
f 6248 6164 6247
f 6164 6248 6165
f 6249 6165 6248
f 6165 6249 6166
f 6250 6166 6249
f 6166 6250 6167
f 6167 6250 6168
f 6251 6168 6250
f 6252 6168 6251
f 6168 6252 6253
f 6168 6253 6169
f 6169 6253 6254
f 6169 6254 6170
f 6170 6254 6255
f 6170 6255 6171
f 6171 6255 6256
f 6171 6256 6172
f 6172 6256 6257
f 6172 6257 6173
f 6173 6257 6258
f 6173 6258 6174
f 6174 6258 6175
f 6259 6175 6258
f 6175 6259 6176
f 6260 6176 6259
f 6176 6260 6177
f 6261 6177 6260
f 6177 6261 6094
f 6178 6094 6261
f 6178 6262 6263
f 6178 6263 6179
f 6179 6263 6264
f 6179 6264 6180
f 6180 6264 6265
f 6180 6265 6181
f 6181 6265 6266
f 6181 6266 6182
f 6182 6266 6267
f 6182 6267 6183
f 6183 6267 6268
f 6183 6268 6184
f 6184 6268 6269
f 6184 6269 6185
f 6185 6269 6270
f 6185 6270 6186
f 6186 6270 6271
f 6186 6271 6187
f 6187 6271 6272
f 6187 6272 6188
f 6188 6272 6189
f 6273 6189 6272
f 6189 6273 6190
f 6274 6190 6273
f 6190 6274 6191
f 6275 6191 6274
f 6191 6275 6192
f 6276 6192 6275
f 6192 6276 6193
f 6277 6193 6276
f 6193 6277 6194
f 6278 6194 6277
f 6194 6278 6195
f 6279 6195 6278
f 6195 6279 6196
f 6280 6196 6279
f 6196 6280 6197
f 6281 6197 6280
f 6197 6281 6282
f 6197 6282 6198
f 6198 6282 6283
f 6198 6283 6199
f 6199 6283 6284
f 6199 6284 6200
f 6200 6284 6285
f 6200 6285 6201
f 6201 6285 6286
f 6201 6286 6202
f 6202 6286 6203
f 6287 6203 6286
f 6203 6287 6204
f 6288 6204 6287
f 6204 6288 6205
f 6289 6205 6288
f 6205 6289 6206
f 6290 6206 6289
f 6206 6290 6207
f 6291 6207 6290
f 6207 6291 6208
f 6292 6208 6291
f 6208 6292 6293
f 6208 6293 6209
f 6209 6293 6294
f 6209 6294 6210
f 6210 6294 6295
f 6210 6295 6211
f 6211 6295 6296
f 6211 6296 6212
f 6212 6296 6297
f 6212 6297 6213
f 6213 6297 6298
f 6213 6298 6214
f 6214 6298 6299
f 6214 6299 6215
f 6215 6299 6300
f 6215 6300 6216
f 6216 6300 6217
f 6301 6217 6300
f 6217 6301 6218
f 6302 6218 6301
f 6218 6302 6219
f 6303 6219 6302
f 6219 6303 6220
f 6304 6220 6303
f 6220 6304 6221
f 6305 6221 6304
f 6221 6305 6222
f 6306 6222 6305
f 6222 6306 6223
f 6307 6223 6306
f 6223 6307 6308
f 6223 6308 6224
f 6224 6308 6309
f 6224 6309 6225
f 6225 6309 6310
f 6225 6310 6226
f 6226 6310 6311
f 6226 6311 6227
f 6227 6311 6312
f 6227 6312 6228
f 6228 6312 6313
f 6228 6313 6229
f 6229 6313 6314
f 6229 6314 6230
f 6230 6314 6231
f 6315 6231 6314
f 6231 6315 6232
f 6316 6232 6315
f 6232 6316 6233
f 6317 6233 6316
f 6233 6317 6234
f 6318 6234 6317
f 6234 6318 6235
f 6319 6235 6318
f 6235 6319 6236
f 6320 6236 6319
f 6236 6320 6237
f 6321 6237 6320
f 6237 6321 6322
f 6237 6322 6238
f 6238 6322 6323
f 6238 6323 6239
f 6239 6323 6324
f 6239 6324 6240
f 6240 6324 6325
f 6240 6325 6241
f 6241 6325 6326
f 6241 6326 6242
f 6242 6326 6327
f 6242 6327 6243
f 6243 6327 6328
f 6243 6328 6244
f 6244 6328 6245
f 6329 6245 6328
f 6245 6329 6246
f 6330 6246 6329
f 6246 6330 6247
f 6331 6247 6330
f 6247 6331 6248
f 6332 6248 6331
f 6248 6332 6249
f 6333 6249 6332
f 6249 6333 6250
f 6334 6250 6333
f 6250 6334 6251
f 6335 6251 6334
f 6251 6335 6252
f 6336 6252 6335
f 6252 6336 6337
f 6252 6337 6253
f 6253 6337 6338
f 6253 6338 6254
f 6254 6338 6339
f 6254 6339 6255
f 6255 6339 6340
f 6255 6340 6256
f 6256 6340 6341
f 6256 6341 6257
f 6257 6341 6342
f 6257 6342 6258
f 6258 6342 6259
f 6343 6259 6342
f 6259 6343 6260
f 6344 6260 6343
f 6260 6344 6261
f 6345 6261 6344
f 6261 6345 6178
f 6262 6178 6345
f 6262 6346 6347
f 6262 6347 6263
f 6263 6347 6348
f 6263 6348 6264
f 6264 6348 6349
f 6264 6349 6265
f 6265 6349 6350
f 6265 6350 6266
f 6266 6350 6351
f 6266 6351 6267
f 6267 6351 6352
f 6267 6352 6268
f 6268 6352 6353
f 6268 6353 6269
f 6269 6353 6354
f 6269 6354 6270
f 6270 6354 6355
f 6270 6355 6271
f 6271 6355 6356
f 6271 6356 6272
f 6272 6356 6273
f 6357 6273 6356
f 6273 6357 6274
f 6358 6274 6357
f 6274 6358 6275
f 6359 6275 6358
f 6275 6359 6276
f 6360 6276 6359
f 6276 6360 6277
f 6361 6277 6360
f 6277 6361 6278
f 6362 6278 6361
f 6278 6362 6279
f 6363 6279 6362
f 6279 6363 6280
f 6364 6280 6363
f 6280 6364 6281
f 6365 6281 6364
f 6281 6365 6366
f 6281 6366 6282
f 6282 6366 6367
f 6282 6367 6283
f 6283 6367 6368
f 6283 6368 6284
f 6284 6368 6369
f 6284 6369 6285
f 6285 6369 6370
f 6285 6370 6286
f 6286 6370 6287
f 6371 6287 6370
f 6287 6371 6288
f 6372 6288 6371
f 6288 6372 6289
f 6373 6289 6372
f 6289 6373 6290
f 6374 6290 6373
f 6290 6374 6291
f 6375 6291 6374
f 6291 6375 6292
f 6376 6292 6375
f 6292 6376 6377
f 6292 6377 6293
f 6293 6377 6378
f 6293 6378 6294
f 6294 6378 6379
f 6294 6379 6295
f 6295 6379 6380
f 6295 6380 6296
f 6296 6380 6381
f 6296 6381 6297
f 6297 6381 6382
f 6297 6382 6298
f 6298 6382 6383
f 6298 6383 6299
f 6299 6383 6384
f 6299 6384 6300
f 6300 6384 6301
f 6385 6301 6384
f 6301 6385 6302
f 6386 6302 6385
f 6302 6386 6303
f 6387 6303 6386
f 6303 6387 6304
f 6388 6304 6387
f 6304 6388 6305
f 6389 6305 6388
f 6305 6389 6306
f 6390 6306 6389
f 6306 6390 6307
f 6391 6307 6390
f 6307 6391 6392
f 6307 6392 6308
f 6308 6392 6393
f 6308 6393 6309
f 6309 6393 6394
f 6309 6394 6310
f 6310 6394 6395
f 6310 6395 6311
f 6311 6395 6396
f 6311 6396 6312
f 6312 6396 6397
f 6312 6397 6313
f 6313 6397 6398
f 6313 6398 6314
f 6314 6398 6315
f 6399 6315 6398
f 6315 6399 6316
f 6400 6316 6399
f 6316 6400 6317
f 6401 6317 6400
f 6317 6401 6318
f 6402 6318 6401
f 6318 6402 6319
f 6403 6319 6402
f 6319 6403 6320
f 6404 6320 6403
f 6320 6404 6321
f 6405 6321 6404
f 6321 6405 6406
f 6321 6406 6322
f 6322 6406 6407
f 6322 6407 6323
f 6323 6407 6408
f 6323 6408 6324
f 6324 6408 6409
f 6324 6409 6325
f 6325 6409 6410
f 6325 6410 6326
f 6326 6410 6411
f 6326 6411 6327
f 6327 6411 6412
f 6327 6412 6328
f 6328 6412 6329
f 6413 6329 6412
f 6329 6413 6330
f 6414 6330 6413
f 6330 6414 6331
f 6415 6331 6414
f 6331 6415 6332
f 6416 6332 6415
f 6332 6416 6333
f 6417 6333 6416
f 6333 6417 6334
f 6418 6334 6417
f 6334 6418 6335
f 6419 6335 6418
f 6335 6419 6336
f 6420 6336 6419
f 6336 6420 6421
f 6336 6421 6337
f 6337 6421 6422
f 6337 6422 6338
f 6338 6422 6423
f 6338 6423 6339
f 6339 6423 6424
f 6339 6424 6340
f 6340 6424 6425
f 6340 6425 6341
f 6341 6425 6426
f 6341 6426 6342
f 6342 6426 6343
f 6427 6343 6426
f 6343 6427 6344
f 6428 6344 6427
f 6344 6428 6345
f 6429 6345 6428
f 6345 6429 6262
f 6346 6262 6429
f 6346 3286 3285
f 6346 3285 6347
f 6347 3285 3284
f 6347 3284 6348
f 6348 3284 3283
f 6348 3283 6349
f 6349 3283 3282
f 6349 3282 6350
f 6350 3282 3281
f 6350 3281 6351
f 6351 3281 3280
f 6351 3280 6352
f 6352 3280 3279
f 6352 3279 6353
f 6353 3279 3278
f 6353 3278 6354
f 6354 3278 3277
f 6354 3277 6355
f 6355 3277 3276
f 6355 3276 6356
f 3275 6357 3276
f 6356 3276 6357
f 3274 6358 3275
f 6357 3275 6358
f 3273 6359 3274
f 6358 3274 6359
f 3272 6360 3273
f 6359 3273 6360
f 3271 6361 3272
f 6360 3272 6361
f 3270 6362 3271
f 6361 3271 6362
f 3269 6363 3270
f 6362 3270 6363
f 3268 6364 3269
f 6363 3269 6364
f 3267 6365 3268
f 6364 3268 6365
f 6365 3267 5389
f 6365 5389 6366
f 6366 5389 5390
f 6366 5390 6367
f 6367 5390 5391
f 6367 5391 6368
f 6368 5391 5392
f 6368 5392 6369
f 6369 5392 5393
f 6369 5393 6370
f 5394 6371 5393
f 6370 5393 6371
f 5395 6372 5394
f 6371 5394 6372
f 5396 6373 5395
f 6372 5395 6373
f 5397 6374 5396
f 6373 5396 6374
f 5398 6375 5397
f 6374 5397 6375
f 74 6376 5398
f 6375 5398 6376
f 6376 74 73
f 6376 73 6377
f 6377 73 72
f 6377 72 6378
f 6378 72 71
f 6378 71 6379
f 6379 71 70
f 6379 70 6380
f 6380 70 69
f 6380 69 6381
f 6381 69 68
f 6381 68 6382
f 6382 68 67
f 6382 67 6383
f 6383 67 66
f 6383 66 6384
f 65 6385 66
f 6384 66 6385
f 64 6386 65
f 6385 65 6386
f 63 6387 64
f 6386 64 6387
f 62 6388 63
f 6387 63 6388
f 61 6389 62
f 6388 62 6389
f 60 6390 61
f 6389 61 6390
f 59 6391 60
f 6390 60 6391
f 6391 59 5399
f 6391 5399 6392
f 6392 5399 5400
f 6392 5400 6393
f 6393 5400 5401
f 6393 5401 6394
f 6394 5401 5402
f 6394 5402 6395
f 6395 5402 5403
f 6395 5403 6396
f 6396 5403 5404
f 6396 5404 6397
f 6397 5404 5405
f 6397 5405 6398
f 5406 6399 5405
f 6398 5405 6399
f 5407 6400 5406
f 6399 5406 6400
f 5408 6401 5407
f 6400 5407 6401
f 5409 6402 5408
f 6401 5408 6402
f 5410 6403 5409
f 6402 5409 6403
f 5411 6404 5410
f 6403 5410 6404
f 4356 6405 5411
f 6404 5411 6405
f 6405 4356 4355
f 6405 4355 6406
f 6406 4355 4354
f 6406 4354 6407
f 6407 4354 4353
f 6407 4353 6408
f 6408 4353 4352
f 6408 4352 6409
f 6409 4352 4351
f 6409 4351 6410
f 6410 4351 4350
f 6410 4350 6411
f 6411 4350 4349
f 6411 4349 6412
f 4348 6413 4349
f 6412 4349 6413
f 4347 6414 4348
f 6413 4348 6414
f 4346 6415 4347
f 6414 4347 6415
f 4345 6416 4346
f 6415 4346 6416
f 4344 6417 4345
f 6416 4345 6417
f 4343 6418 4344
f 6417 4344 6418
f 4342 6419 4343
f 6418 4343 6419
f 4341 6420 4342
f 6419 4342 6420
f 6420 4341 5412
f 6420 5412 6421
f 6421 5412 5413
f 6421 5413 6422
f 6422 5413 5414
f 6422 5414 6423
f 6423 5414 5415
f 6423 5415 6424
f 6424 5415 5416
f 6424 5416 6425
f 6425 5416 5417
f 6425 5417 6426
f 5418 6427 5417
f 6426 5417 6427
f 5419 6428 5418
f 6427 5418 6428
f 5420 6429 5419
f 6428 5419 6429
f 3286 6346 5420
f 6429 5420 6346
