# Generated by the TriMeshRef class
# Number of vertices: 5563
# Number of faces: 11160
v -0.41074392026486639 -0.098046667652126773 0.13350126095532716
v -0.41074392026486639 -0.098046667652126773 0.15587024231566093
v -0.41074392026486639 -0.075677686291793 0.11113227959499336
v -0.41074392026486639 -0.075677686291793 0.13350126095532716
v -0.41074392026486639 -0.075677686291793 0.15587024231566093
v -0.41074392026486639 -0.053308704931459228 0.11113227959499336
v -0.41074392026486639 -0.053308704931459228 0.13350126095532716
v -0.41074392026486639 -0.053308704931459228 0.15587024231566093
v -0.41074392026486639 -0.030939723571125455 0.11113227959499336
v -0.41074392026486639 -0.030939723571125455 0.13350126095532716
v -0.41074392026486639 -0.030939723571125455 0.15587024231566093
v -0.41074392026486639 0.080905183230543465 0.088763298234659588
v -0.41074392026486639 0.080905183230543465 0.11113227959499336
v -0.41074392026486639 0.10327416459087724 0.088763298234659588
v -0.41074392026486639 0.10327416459087724 0.11113227959499336
v -0.41074392026486639 0.12564314595121107 0.088763298234659588
v -0.41074392026486639 0.12564314595121107 0.11113227959499336
v -0.38837493890453262 -0.098046667652126773 0.13350126095532716
v -0.38837493890453262 -0.098046667652126773 0.15587024231566093
v -0.38837493890453262 -0.098046667652126773 0.17823922367599471
v -0.38837493890453262 -0.075677686291793 0.11113227959499336
v -0.38837493890453262 -0.075677686291793 0.13350126095532716
v -0.38837493890453262 -0.075677686291793 0.15587024231566093
v -0.38837493890453262 -0.075677686291793 0.17823922367599471
v -0.38837493890453262 -0.053308704931459228 0.11113227959499336
v -0.38837493890453262 -0.053308704931459228 0.13350126095532716
v -0.38837493890453262 -0.053308704931459228 0.15587024231566093
v -0.38837493890453262 -0.053308704931459228 0.17823922367599471
v -0.38837493890453262 -0.030939723571125455 0.11113227959499336
v -0.38837493890453262 -0.030939723571125455 0.13350126095532716
v -0.38837493890453262 -0.030939723571125455 0.15587024231566093
v -0.38837493890453262 0.013798239149542091 0.088763298234659588
v -0.38837493890453262 0.013798239149542091 0.11113227959499336
v -0.38837493890453262 0.013798239149542091 0.13350126095532716
v -0.38837493890453262 0.036167220509875864 0.088763298234659588
v -0.38837493890453262 0.036167220509875864 0.11113227959499336
v -0.38837493890453262 0.036167220509875864 0.13350126095532716
v -0.38837493890453262 0.058536201870209692 0.088763298234659588
v -0.38837493890453262 0.058536201870209692 0.11113227959499336
v -0.38837493890453262 0.058536201870209692 0.13350126095532716
v -0.38837493890453262 0.080905183230543465 0.088763298234659588
v -0.38837493890453262 0.080905183230543465 0.11113227959499336
v -0.38837493890453262 0.080905183230543465 0.13350126095532716
v -0.38837493890453262 0.10327416459087724 0.088763298234659588
v -0.38837493890453262 0.10327416459087724 0.11113227959499336
v -0.38837493890453262 0.12564314595121107 0.088763298234659588
v -0.38837493890453262 0.12564314595121107 0.11113227959499336
v -0.36600595754419885 -0.12041564901246055 0.13350126095532716
v -0.36600595754419885 -0.12041564901246055 0.15587024231566093
v -0.36600595754419885 -0.12041564901246055 0.17823922367599471
v -0.36600595754419885 -0.098046667652126773 0.044025335513992028
v -0.36600595754419885 -0.098046667652126773 0.066394316874325815
v -0.36600595754419885 -0.098046667652126773 0.088763298234659588
v -0.36600595754419885 -0.098046667652126773 0.11113227959499336
v -0.36600595754419885 -0.098046667652126773 0.13350126095532716
v -0.36600595754419885 -0.098046667652126773 0.15587024231566093
v -0.36600595754419885 -0.098046667652126773 0.17823922367599471
v -0.36600595754419885 -0.075677686291793 0.044025335513992028
v -0.36600595754419885 -0.075677686291793 0.066394316874325815
v -0.36600595754419885 -0.075677686291793 0.088763298234659588
v -0.36600595754419885 -0.075677686291793 0.11113227959499336
v -0.36600595754419885 -0.075677686291793 0.13350126095532716
v -0.36600595754419885 -0.075677686291793 0.17823922367599471
v -0.36600595754419885 -0.053308704931459228 0.11113227959499336
v -0.36600595754419885 -0.053308704931459228 0.13350126095532716
v -0.36600595754419885 -0.053308704931459228 0.15587024231566093
v -0.36600595754419885 -0.053308704931459228 0.17823922367599471
v -0.36600595754419885 -0.053308704931459228 0.20060820503632848
v -0.36600595754419885 -0.053308704931459228 0.22297718639666225
v -0.36600595754419885 -0.053308704931459228 0.24534616775699605
v -0.36600595754419885 -0.030939723571125455 0.11113227959499336
v -0.36600595754419885 -0.030939723571125455 0.13350126095532716
v -0.36600595754419885 -0.030939723571125455 0.15587024231566093
v -0.36600595754419885 -0.030939723571125455 0.17823922367599471
v -0.36600595754419885 -0.030939723571125455 0.20060820503632848
v -0.36600595754419885 -0.030939723571125455 0.22297718639666225
v -0.36600595754419885 -0.030939723571125455 0.24534616775699605
v -0.36600595754419885 -0.008570742210791682 0.088763298234659588
v -0.36600595754419885 -0.008570742210791682 0.11113227959499336
v -0.36600595754419885 -0.008570742210791682 0.13350126095532716
v -0.36600595754419885 -0.008570742210791682 0.15587024231566093
v -0.36600595754419885 -0.008570742210791682 0.17823922367599471
v -0.36600595754419885 -0.008570742210791682 0.20060820503632848
v -0.36600595754419885 -0.008570742210791682 0.22297718639666225
v -0.36600595754419885 -0.008570742210791682 0.24534616775699605
v -0.36600595754419885 0.013798239149542091 0.088763298234659588
v -0.36600595754419885 0.013798239149542091 0.11113227959499336
v -0.36600595754419885 0.013798239149542091 0.13350126095532716
v -0.36600595754419885 0.013798239149542091 0.15587024231566093
v -0.36600595754419885 0.036167220509875864 0.088763298234659588
v -0.36600595754419885 0.036167220509875864 0.13350126095532716
v -0.36600595754419885 0.036167220509875864 0.15587024231566093
v -0.36600595754419885 0.058536201870209692 0.088763298234659588
v -0.36600595754419885 0.058536201870209692 0.13350126095532716
v -0.36600595754419885 0.080905183230543465 0.088763298234659588
v -0.36600595754419885 0.080905183230543465 0.11113227959499336
v -0.36600595754419885 0.080905183230543465 0.13350126095532716
v -0.36600595754419885 0.10327416459087724 0.088763298234659588
v -0.36600595754419885 0.10327416459087724 0.11113227959499336
v -0.34363697618386502 -0.36647444397613216 0.24534616775699605
v -0.34363697618386502 -0.36647444397613216 0.26771514911732985
v -0.34363697618386502 -0.34410546261579833 0.22297718639666225
v -0.34363697618386502 -0.34410546261579833 0.24534616775699605
v -0.34363697618386502 -0.34410546261579833 0.26771514911732985
v -0.34363697618386502 -0.34410546261579833 0.29008413047766363
v -0.34363697618386502 -0.34410546261579833 0.3124531118379974
v -0.34363697618386502 -0.32173648125546461 0.22297718639666225
v -0.34363697618386502 -0.32173648125546461 0.24534616775699605
v -0.34363697618386502 -0.32173648125546461 0.26771514911732985
v -0.34363697618386502 -0.32173648125546461 0.29008413047766363
v -0.34363697618386502 -0.32173648125546461 0.3124531118379974
v -0.34363697618386502 -0.29936749989513078 0.22297718639666225
v -0.34363697618386502 -0.29936749989513078 0.24534616775699605
v -0.34363697618386502 -0.29936749989513078 0.26771514911732985
v -0.34363697618386502 -0.29936749989513078 0.29008413047766363
v -0.34363697618386502 -0.29936749989513078 0.3124531118379974
v -0.34363697618386502 -0.27699851853479701 0.22297718639666225
v -0.34363697618386502 -0.27699851853479701 0.24534616775699605
v -0.34363697618386502 -0.27699851853479701 0.26771514911732985
v -0.34363697618386502 -0.27699851853479701 0.29008413047766363
v -0.34363697618386502 -0.23226055581412947 0.17823922367599471
v -0.34363697618386502 -0.23226055581412947 0.20060820503632848
v -0.34363697618386502 -0.23226055581412947 0.22297718639666225
v -0.34363697618386502 -0.23226055581412947 0.24534616775699605
v -0.34363697618386502 -0.20989157445379569 0.15587024231566093
v -0.34363697618386502 -0.20989157445379569 0.17823922367599471
v -0.34363697618386502 -0.20989157445379569 0.20060820503632848
v -0.34363697618386502 -0.20989157445379569 0.22297718639666225
v -0.34363697618386502 -0.20989157445379569 0.24534616775699605
v -0.34363697618386502 -0.18752259309346192 0.13350126095532716
v -0.34363697618386502 -0.18752259309346192 0.15587024231566093
v -0.34363697618386502 -0.18752259309346192 0.17823922367599471
v -0.34363697618386502 -0.18752259309346192 0.20060820503632848
v -0.34363697618386502 -0.18752259309346192 0.22297718639666225
v -0.34363697618386502 -0.18752259309346192 0.24534616775699605
v -0.34363697618386502 -0.16515361173312812 0.13350126095532716
v -0.34363697618386502 -0.16515361173312812 0.15587024231566093
v -0.34363697618386502 -0.16515361173312812 0.17823922367599471
v -0.34363697618386502 -0.16515361173312812 0.20060820503632848
v -0.34363697618386502 -0.16515361173312812 0.22297718639666225
v -0.34363697618386502 -0.16515361173312812 0.24534616775699605
v -0.34363697618386502 -0.14278463037279432 0.066394316874325815
v -0.34363697618386502 -0.14278463037279432 0.088763298234659588
v -0.34363697618386502 -0.14278463037279432 0.13350126095532716
v -0.34363697618386502 -0.14278463037279432 0.15587024231566093
v -0.34363697618386502 -0.14278463037279432 0.17823922367599471
v -0.34363697618386502 -0.14278463037279432 0.20060820503632848
v -0.34363697618386502 -0.14278463037279432 0.22297718639666225
v -0.34363697618386502 -0.14278463037279432 0.24534616775699605
v -0.34363697618386502 -0.12041564901246055 0.044025335513992028
v -0.34363697618386502 -0.12041564901246055 0.066394316874325815
v -0.34363697618386502 -0.12041564901246055 0.088763298234659588
v -0.34363697618386502 -0.12041564901246055 0.11113227959499336
v -0.34363697618386502 -0.12041564901246055 0.13350126095532716
v -0.34363697618386502 -0.12041564901246055 0.15587024231566093
v -0.34363697618386502 -0.12041564901246055 0.17823922367599471
v -0.34363697618386502 -0.12041564901246055 0.20060820503632848
v -0.34363697618386502 -0.12041564901246055 0.22297718639666225
v -0.34363697618386502 -0.12041564901246055 0.24534616775699605
v -0.34363697618386502 -0.098046667652126773 0.044025335513992028
v -0.34363697618386502 -0.098046667652126773 0.066394316874325815
v -0.34363697618386502 -0.098046667652126773 0.088763298234659588
v -0.34363697618386502 -0.098046667652126773 0.11113227959499336
v -0.34363697618386502 -0.098046667652126773 0.13350126095532716
v -0.34363697618386502 -0.098046667652126773 0.17823922367599471
v -0.34363697618386502 -0.098046667652126773 0.20060820503632848
v -0.34363697618386502 -0.098046667652126773 0.22297718639666225
v -0.34363697618386502 -0.098046667652126773 0.24534616775699605
v -0.34363697618386502 -0.098046667652126773 0.26771514911732985
v -0.34363697618386502 -0.075677686291793 0.044025335513992028
v -0.34363697618386502 -0.075677686291793 0.066394316874325815
v -0.34363697618386502 -0.075677686291793 0.088763298234659588
v -0.34363697618386502 -0.075677686291793 0.11113227959499336
v -0.34363697618386502 -0.075677686291793 0.17823922367599471
v -0.34363697618386502 -0.075677686291793 0.20060820503632848
v -0.34363697618386502 -0.075677686291793 0.22297718639666225
v -0.34363697618386502 -0.075677686291793 0.24534616775699605
v -0.34363697618386502 -0.075677686291793 0.26771514911732985
v -0.34363697618386502 -0.053308704931459228 0.11113227959499336
v -0.34363697618386502 -0.053308704931459228 0.17823922367599471
v -0.34363697618386502 -0.053308704931459228 0.20060820503632848
v -0.34363697618386502 -0.053308704931459228 0.22297718639666225
v -0.34363697618386502 -0.053308704931459228 0.24534616775699605
v -0.34363697618386502 -0.053308704931459228 0.26771514911732985
v -0.34363697618386502 -0.030939723571125455 0.11113227959499336
v -0.34363697618386502 -0.030939723571125455 0.17823922367599471
v -0.34363697618386502 -0.030939723571125455 0.20060820503632848
v -0.34363697618386502 -0.030939723571125455 0.24534616775699605
v -0.34363697618386502 -0.008570742210791682 0.088763298234659588
v -0.34363697618386502 -0.008570742210791682 0.11113227959499336
v -0.34363697618386502 -0.008570742210791682 0.15587024231566093
v -0.34363697618386502 -0.008570742210791682 0.17823922367599471
v -0.34363697618386502 -0.008570742210791682 0.20060820503632848
v -0.34363697618386502 -0.008570742210791682 0.22297718639666225
v -0.34363697618386502 -0.008570742210791682 0.24534616775699605
v -0.34363697618386502 0.013798239149542091 0.088763298234659588
v -0.34363697618386502 0.013798239149542091 0.15587024231566093
v -0.34363697618386502 0.036167220509875864 0.088763298234659588
v -0.34363697618386502 0.036167220509875864 0.11113227959499336
v -0.34363697618386502 0.036167220509875864 0.13350126095532716
v -0.34363697618386502 0.036167220509875864 0.15587024231566093
v -0.34363697618386502 0.058536201870209692 0.088763298234659588
v -0.34363697618386502 0.058536201870209692 0.11113227959499336
v -0.34363697618386502 0.058536201870209692 0.13350126095532716
v -0.34363697618386502 0.080905183230543465 0.088763298234659588
v -0.34363697618386502 0.080905183230543465 0.11113227959499336
v -0.34363697618386502 0.080905183230543465 0.13350126095532716
v -0.3212679948235313 -0.38884342533646593 0.20060820503632848
v -0.3212679948235313 -0.38884342533646593 0.22297718639666225
v -0.3212679948235313 -0.38884342533646593 0.24534616775699605
v -0.3212679948235313 -0.36647444397613216 0.20060820503632848
v -0.3212679948235313 -0.36647444397613216 0.22297718639666225
v -0.3212679948235313 -0.36647444397613216 0.24534616775699605
v -0.3212679948235313 -0.36647444397613216 0.26771514911732985
v -0.3212679948235313 -0.36647444397613216 0.29008413047766363
v -0.3212679948235313 -0.34410546261579833 0.20060820503632848
v -0.3212679948235313 -0.34410546261579833 0.22297718639666225
v -0.3212679948235313 -0.34410546261579833 0.24534616775699605
v -0.3212679948235313 -0.34410546261579833 0.26771514911732985
v -0.3212679948235313 -0.34410546261579833 0.29008413047766363
v -0.3212679948235313 -0.34410546261579833 0.3124531118379974
v -0.3212679948235313 -0.34410546261579833 0.33482209319833117
v -0.3212679948235313 -0.32173648125546461 0.20060820503632848
v -0.3212679948235313 -0.32173648125546461 0.22297718639666225
v -0.3212679948235313 -0.32173648125546461 0.3124531118379974
v -0.3212679948235313 -0.32173648125546461 0.33482209319833117
v -0.3212679948235313 -0.29936749989513078 0.20060820503632848
v -0.3212679948235313 -0.29936749989513078 0.22297718639666225
v -0.3212679948235313 -0.29936749989513078 0.29008413047766363
v -0.3212679948235313 -0.29936749989513078 0.3124531118379974
v -0.3212679948235313 -0.29936749989513078 0.33482209319833117
v -0.3212679948235313 -0.27699851853479701 0.20060820503632848
v -0.3212679948235313 -0.27699851853479701 0.22297718639666225
v -0.3212679948235313 -0.27699851853479701 0.24534616775699605
v -0.3212679948235313 -0.27699851853479701 0.26771514911732985
v -0.3212679948235313 -0.27699851853479701 0.29008413047766363
v -0.3212679948235313 -0.27699851853479701 0.3124531118379974
v -0.3212679948235313 -0.25462953717446324 0.13350126095532716
v -0.3212679948235313 -0.25462953717446324 0.15587024231566093
v -0.3212679948235313 -0.25462953717446324 0.17823922367599471
v -0.3212679948235313 -0.25462953717446324 0.20060820503632848
v -0.3212679948235313 -0.25462953717446324 0.22297718639666225
v -0.3212679948235313 -0.25462953717446324 0.24534616775699605
v -0.3212679948235313 -0.25462953717446324 0.26771514911732985
v -0.3212679948235313 -0.25462953717446324 0.29008413047766363
v -0.3212679948235313 -0.23226055581412947 0.13350126095532716
v -0.3212679948235313 -0.23226055581412947 0.15587024231566093
v -0.3212679948235313 -0.23226055581412947 0.17823922367599471
v -0.3212679948235313 -0.23226055581412947 0.20060820503632848
v -0.3212679948235313 -0.23226055581412947 0.22297718639666225
v -0.3212679948235313 -0.23226055581412947 0.24534616775699605
v -0.3212679948235313 -0.23226055581412947 0.26771514911732985
v -0.3212679948235313 -0.20989157445379569 0.11113227959499336
v -0.3212679948235313 -0.20989157445379569 0.13350126095532716
v -0.3212679948235313 -0.20989157445379569 0.15587024231566093
v -0.3212679948235313 -0.20989157445379569 0.17823922367599471
v -0.3212679948235313 -0.20989157445379569 0.24534616775699605
v -0.3212679948235313 -0.20989157445379569 0.26771514911732985
v -0.3212679948235313 -0.20989157445379569 0.29008413047766363
v -0.3212679948235313 -0.18752259309346192 0.11113227959499336
v -0.3212679948235313 -0.18752259309346192 0.13350126095532716
v -0.3212679948235313 -0.18752259309346192 0.15587024231566093
v -0.3212679948235313 -0.18752259309346192 0.24534616775699605
v -0.3212679948235313 -0.18752259309346192 0.26771514911732985
v -0.3212679948235313 -0.18752259309346192 0.29008413047766363
v -0.3212679948235313 -0.16515361173312812 0.066394316874325815
v -0.3212679948235313 -0.16515361173312812 0.088763298234659588
v -0.3212679948235313 -0.16515361173312812 0.11113227959499336
v -0.3212679948235313 -0.16515361173312812 0.13350126095532716
v -0.3212679948235313 -0.16515361173312812 0.24534616775699605
v -0.3212679948235313 -0.16515361173312812 0.26771514911732985
v -0.3212679948235313 -0.16515361173312812 0.29008413047766363
v -0.3212679948235313 -0.14278463037279432 0.066394316874325815
v -0.3212679948235313 -0.14278463037279432 0.088763298234659588
v -0.3212679948235313 -0.14278463037279432 0.11113227959499336
v -0.3212679948235313 -0.14278463037279432 0.13350126095532716
v -0.3212679948235313 -0.14278463037279432 0.24534616775699605
v -0.3212679948235313 -0.14278463037279432 0.26771514911732985
v -0.3212679948235313 -0.14278463037279432 0.29008413047766363
v -0.3212679948235313 -0.12041564901246055 0.044025335513992028
v -0.3212679948235313 -0.12041564901246055 0.066394316874325815
v -0.3212679948235313 -0.12041564901246055 0.088763298234659588
v -0.3212679948235313 -0.12041564901246055 0.11113227959499336
v -0.3212679948235313 -0.12041564901246055 0.13350126095532716
v -0.3212679948235313 -0.12041564901246055 0.22297718639666225
v -0.3212679948235313 -0.12041564901246055 0.24534616775699605
v -0.3212679948235313 -0.12041564901246055 0.26771514911732985
v -0.3212679948235313 -0.098046667652126773 0.044025335513992028
v -0.3212679948235313 -0.098046667652126773 0.066394316874325815
v -0.3212679948235313 -0.098046667652126773 0.11113227959499336
v -0.3212679948235313 -0.098046667652126773 0.13350126095532716
v -0.3212679948235313 -0.098046667652126773 0.22297718639666225
v -0.3212679948235313 -0.098046667652126773 0.24534616775699605
v -0.3212679948235313 -0.098046667652126773 0.26771514911732985
v -0.3212679948235313 -0.075677686291793 0.044025335513992028
v -0.3212679948235313 -0.075677686291793 0.066394316874325815
v -0.3212679948235313 -0.075677686291793 0.088763298234659588
v -0.3212679948235313 -0.075677686291793 0.11113227959499336
v -0.3212679948235313 -0.075677686291793 0.26771514911732985
v -0.3212679948235313 -0.053308704931459228 0.11113227959499336
v -0.3212679948235313 -0.053308704931459228 0.17823922367599471
v -0.3212679948235313 -0.053308704931459228 0.20060820503632848
v -0.3212679948235313 -0.053308704931459228 0.24534616775699605
v -0.3212679948235313 -0.053308704931459228 0.26771514911732985
v -0.3212679948235313 -0.030939723571125455 0.021656354153658249
v -0.3212679948235313 -0.030939723571125455 0.044025335513992028
v -0.3212679948235313 -0.030939723571125455 0.066394316874325815
v -0.3212679948235313 -0.030939723571125455 0.11113227959499336
v -0.3212679948235313 -0.030939723571125455 0.15587024231566093
v -0.3212679948235313 -0.030939723571125455 0.17823922367599471
v -0.3212679948235313 -0.030939723571125455 0.20060820503632848
v -0.3212679948235313 -0.030939723571125455 0.24534616775699605
v -0.3212679948235313 -0.008570742210791682 0.021656354153658249
v -0.3212679948235313 -0.008570742210791682 0.044025335513992028
v -0.3212679948235313 -0.008570742210791682 0.066394316874325815
v -0.3212679948235313 -0.008570742210791682 0.088763298234659588
v -0.3212679948235313 -0.008570742210791682 0.11113227959499336
v -0.3212679948235313 -0.008570742210791682 0.13350126095532716
v -0.3212679948235313 -0.008570742210791682 0.15587024231566093
v -0.3212679948235313 -0.008570742210791682 0.17823922367599471
v -0.3212679948235313 -0.008570742210791682 0.20060820503632848
v -0.3212679948235313 -0.008570742210791682 0.22297718639666225
v -0.3212679948235313 -0.008570742210791682 0.24534616775699605
v -0.3212679948235313 0.013798239149542091 0.021656354153658249
v -0.3212679948235313 0.013798239149542091 0.044025335513992028
v -0.3212679948235313 0.013798239149542091 0.088763298234659588
v -0.3212679948235313 0.013798239149542091 0.11113227959499336
v -0.3212679948235313 0.013798239149542091 0.13350126095532716
v -0.3212679948235313 0.013798239149542091 0.15587024231566093
v -0.3212679948235313 0.013798239149542091 0.20060820503632848
v -0.3212679948235313 0.013798239149542091 0.22297718639666225
v -0.3212679948235313 0.013798239149542091 0.24534616775699605
v -0.3212679948235313 0.036167220509875864 0.088763298234659588
v -0.3212679948235313 0.036167220509875864 0.11113227959499336
v -0.3212679948235313 0.036167220509875864 0.13350126095532716
v -0.3212679948235313 0.036167220509875864 0.15587024231566093
v -0.3212679948235313 0.036167220509875864 0.17823922367599471
v -0.3212679948235313 0.036167220509875864 0.20060820503632848
v -0.3212679948235313 0.036167220509875864 0.22297718639666225
v -0.3212679948235313 0.058536201870209692 0.17823922367599471
v -0.3212679948235313 0.058536201870209692 0.20060820503632848
v -0.3212679948235313 0.058536201870209692 0.22297718639666225
v -0.3212679948235313 0.080905183230543465 0.17823922367599471
v -0.3212679948235313 0.080905183230543465 0.20060820503632848
v -0.29889901346319747 -0.38884342533646593 0.20060820503632848
v -0.29889901346319747 -0.38884342533646593 0.22297718639666225
v -0.29889901346319747 -0.38884342533646593 0.24534616775699605
v -0.29889901346319747 -0.36647444397613216 0.20060820503632848
v -0.29889901346319747 -0.36647444397613216 0.24534616775699605
v -0.29889901346319747 -0.36647444397613216 0.26771514911732985
v -0.29889901346319747 -0.36647444397613216 0.29008413047766363
v -0.29889901346319747 -0.34410546261579833 0.17823922367599471
v -0.29889901346319747 -0.34410546261579833 0.20060820503632848
v -0.29889901346319747 -0.34410546261579833 0.26771514911732985
v -0.29889901346319747 -0.34410546261579833 0.29008413047766363
v -0.29889901346319747 -0.34410546261579833 0.3124531118379974
v -0.29889901346319747 -0.34410546261579833 0.33482209319833117
v -0.29889901346319747 -0.32173648125546461 0.17823922367599471
v -0.29889901346319747 -0.32173648125546461 0.20060820503632848
v -0.29889901346319747 -0.32173648125546461 0.33482209319833117
v -0.29889901346319747 -0.29936749989513078 0.17823922367599471
v -0.29889901346319747 -0.29936749989513078 0.20060820503632848
v -0.29889901346319747 -0.29936749989513078 0.3124531118379974
v -0.29889901346319747 -0.29936749989513078 0.33482209319833117
v -0.29889901346319747 -0.27699851853479701 0.20060820503632848
v -0.29889901346319747 -0.27699851853479701 0.29008413047766363
v -0.29889901346319747 -0.27699851853479701 0.3124531118379974
v -0.29889901346319747 -0.27699851853479701 0.33482209319833117
v -0.29889901346319747 -0.25462953717446324 0.13350126095532716
v -0.29889901346319747 -0.25462953717446324 0.15587024231566093
v -0.29889901346319747 -0.25462953717446324 0.17823922367599471
v -0.29889901346319747 -0.25462953717446324 0.20060820503632848
v -0.29889901346319747 -0.25462953717446324 0.24534616775699605
v -0.29889901346319747 -0.25462953717446324 0.26771514911732985
v -0.29889901346319747 -0.25462953717446324 0.29008413047766363
v -0.29889901346319747 -0.25462953717446324 0.3124531118379974
v -0.29889901346319747 -0.25462953717446324 0.33482209319833117
v -0.29889901346319747 -0.23226055581412947 0.11113227959499336
v -0.29889901346319747 -0.23226055581412947 0.13350126095532716
v -0.29889901346319747 -0.23226055581412947 0.24534616775699605
v -0.29889901346319747 -0.23226055581412947 0.26771514911732985
v -0.29889901346319747 -0.23226055581412947 0.29008413047766363
v -0.29889901346319747 -0.23226055581412947 0.3124531118379974
v -0.29889901346319747 -0.23226055581412947 0.33482209319833117
v -0.29889901346319747 -0.20989157445379569 0.11113227959499336
v -0.29889901346319747 -0.20989157445379569 0.13350126095532716
v -0.29889901346319747 -0.20989157445379569 0.26771514911732985
v -0.29889901346319747 -0.20989157445379569 0.29008413047766363
v -0.29889901346319747 -0.18752259309346192 0.088763298234659588
v -0.29889901346319747 -0.18752259309346192 0.11113227959499336
v -0.29889901346319747 -0.18752259309346192 0.29008413047766363
v -0.29889901346319747 -0.16515361173312812 0.066394316874325815
v -0.29889901346319747 -0.16515361173312812 0.088763298234659588
v -0.29889901346319747 -0.16515361173312812 0.11113227959499336
v -0.29889901346319747 -0.16515361173312812 0.29008413047766363
v -0.29889901346319747 -0.14278463037279432 0.066394316874325815
v -0.29889901346319747 -0.14278463037279432 0.26771514911732985
v -0.29889901346319747 -0.14278463037279432 0.29008413047766363
v -0.29889901346319747 -0.12041564901246055 0.044025335513992028
v -0.29889901346319747 -0.12041564901246055 0.066394316874325815
v -0.29889901346319747 -0.12041564901246055 0.26771514911732985
v -0.29889901346319747 -0.12041564901246055 0.29008413047766363
v -0.29889901346319747 -0.098046667652126773 0.044025335513992028
v -0.29889901346319747 -0.098046667652126773 0.066394316874325815
v -0.29889901346319747 -0.098046667652126773 0.26771514911732985
v -0.29889901346319747 -0.075677686291793 0.044025335513992028
v -0.29889901346319747 -0.075677686291793 0.066394316874325815
v -0.29889901346319747 -0.075677686291793 0.088763298234659588
v -0.29889901346319747 -0.075677686291793 0.11113227959499336
v -0.29889901346319747 -0.075677686291793 0.26771514911732985
v -0.29889901346319747 -0.053308704931459228 0.021656354153658249
v -0.29889901346319747 -0.053308704931459228 0.044025335513992028
v -0.29889901346319747 -0.053308704931459228 0.066394316874325815
v -0.29889901346319747 -0.053308704931459228 0.088763298234659588
v -0.29889901346319747 -0.053308704931459228 0.11113227959499336
v -0.29889901346319747 -0.053308704931459228 0.24534616775699605
v -0.29889901346319747 -0.053308704931459228 0.26771514911732985
v -0.29889901346319747 -0.030939723571125455 0.021656354153658249
v -0.29889901346319747 -0.030939723571125455 0.044025335513992028
v -0.29889901346319747 -0.030939723571125455 0.066394316874325815
v -0.29889901346319747 -0.030939723571125455 0.088763298234659588
v -0.29889901346319747 -0.030939723571125455 0.11113227959499336
v -0.29889901346319747 -0.030939723571125455 0.15587024231566093
v -0.29889901346319747 -0.030939723571125455 0.17823922367599471
v -0.29889901346319747 -0.030939723571125455 0.20060820503632848
v -0.29889901346319747 -0.030939723571125455 0.24534616775699605
v -0.29889901346319747 -0.008570742210791682 0.021656354153658249
v -0.29889901346319747 -0.008570742210791682 0.044025335513992028
v -0.29889901346319747 -0.008570742210791682 0.066394316874325815
v -0.29889901346319747 -0.008570742210791682 0.088763298234659588
v -0.29889901346319747 -0.008570742210791682 0.11113227959499336
v -0.29889901346319747 -0.008570742210791682 0.13350126095532716
v -0.29889901346319747 -0.008570742210791682 0.15587024231566093
v -0.29889901346319747 -0.008570742210791682 0.17823922367599471
v -0.29889901346319747 -0.008570742210791682 0.20060820503632848
v -0.29889901346319747 -0.008570742210791682 0.24534616775699605
v -0.29889901346319747 0.013798239149542091 0.021656354153658249
v -0.29889901346319747 0.013798239149542091 0.044025335513992028
v -0.29889901346319747 0.013798239149542091 0.066394316874325815
v -0.29889901346319747 0.013798239149542091 0.17823922367599471
v -0.29889901346319747 0.013798239149542091 0.20060820503632848
v -0.29889901346319747 0.013798239149542091 0.22297718639666225
v -0.29889901346319747 0.013798239149542091 0.24534616775699605
v -0.29889901346319747 0.036167220509875864 0.17823922367599471
v -0.29889901346319747 0.036167220509875864 0.20060820503632848
v -0.29889901346319747 0.036167220509875864 0.22297718639666225
v -0.29889901346319747 0.058536201870209692 0.17823922367599471
v -0.29889901346319747 0.058536201870209692 0.20060820503632848
v -0.29889901346319747 0.058536201870209692 0.22297718639666225
v -0.29889901346319747 0.080905183230543465 0.17823922367599471
v -0.29889901346319747 0.080905183230543465 0.20060820503632848
v -0.29889901346319747 0.080905183230543465 0.22297718639666225
v -0.2765300321028637 -0.38884342533646593 0.20060820503632848
v -0.2765300321028637 -0.38884342533646593 0.22297718639666225
v -0.2765300321028637 -0.38884342533646593 0.24534616775699605
v -0.2765300321028637 -0.36647444397613216 0.17823922367599471
v -0.2765300321028637 -0.36647444397613216 0.20060820503632848
v -0.2765300321028637 -0.36647444397613216 0.22297718639666225
v -0.2765300321028637 -0.36647444397613216 0.24534616775699605
v -0.2765300321028637 -0.36647444397613216 0.26771514911732985
v -0.2765300321028637 -0.34410546261579833 0.15587024231566093
v -0.2765300321028637 -0.34410546261579833 0.17823922367599471
v -0.2765300321028637 -0.34410546261579833 0.20060820503632848
v -0.2765300321028637 -0.34410546261579833 0.24534616775699605
v -0.2765300321028637 -0.34410546261579833 0.26771514911732985
v -0.2765300321028637 -0.34410546261579833 0.29008413047766363
v -0.2765300321028637 -0.34410546261579833 0.3124531118379974
v -0.2765300321028637 -0.34410546261579833 0.33482209319833117
v -0.2765300321028637 -0.32173648125546461 0.15587024231566093
v -0.2765300321028637 -0.32173648125546461 0.17823922367599471
v -0.2765300321028637 -0.32173648125546461 0.24534616775699605
v -0.2765300321028637 -0.32173648125546461 0.26771514911732985
v -0.2765300321028637 -0.32173648125546461 0.29008413047766363
v -0.2765300321028637 -0.32173648125546461 0.3124531118379974
v -0.2765300321028637 -0.32173648125546461 0.33482209319833117
v -0.2765300321028637 -0.29936749989513078 0.15587024231566093
v -0.2765300321028637 -0.29936749989513078 0.17823922367599471
v -0.2765300321028637 -0.29936749989513078 0.20060820503632848
v -0.2765300321028637 -0.29936749989513078 0.24534616775699605
v -0.2765300321028637 -0.29936749989513078 0.26771514911732985
v -0.2765300321028637 -0.29936749989513078 0.33482209319833117
v -0.2765300321028637 -0.27699851853479701 0.15587024231566093
v -0.2765300321028637 -0.27699851853479701 0.17823922367599471
v -0.2765300321028637 -0.27699851853479701 0.20060820503632848
v -0.2765300321028637 -0.27699851853479701 0.33482209319833117
v -0.2765300321028637 -0.25462953717446324 0.13350126095532716
v -0.2765300321028637 -0.25462953717446324 0.15587024231566093
v -0.2765300321028637 -0.25462953717446324 0.17823922367599471
v -0.2765300321028637 -0.25462953717446324 0.20060820503632848
v -0.2765300321028637 -0.25462953717446324 0.33482209319833117
v -0.2765300321028637 -0.23226055581412947 0.11113227959499336
v -0.2765300321028637 -0.23226055581412947 0.13350126095532716
v -0.2765300321028637 -0.23226055581412947 0.15587024231566093
v -0.2765300321028637 -0.23226055581412947 0.29008413047766363
v -0.2765300321028637 -0.23226055581412947 0.3124531118379974
v -0.2765300321028637 -0.23226055581412947 0.33482209319833117
v -0.2765300321028637 -0.20989157445379569 0.11113227959499336
v -0.2765300321028637 -0.20989157445379569 0.29008413047766363
v -0.2765300321028637 -0.20989157445379569 0.3124531118379974
v -0.2765300321028637 -0.20989157445379569 0.33482209319833117
v -0.2765300321028637 -0.18752259309346192 0.088763298234659588
v -0.2765300321028637 -0.18752259309346192 0.11113227959499336
v -0.2765300321028637 -0.18752259309346192 0.29008413047766363
v -0.2765300321028637 -0.18752259309346192 0.3124531118379974
v -0.2765300321028637 -0.16515361173312812 0.066394316874325815
v -0.2765300321028637 -0.16515361173312812 0.088763298234659588
v -0.2765300321028637 -0.16515361173312812 0.29008413047766363
v -0.2765300321028637 -0.16515361173312812 0.3124531118379974
v -0.2765300321028637 -0.14278463037279432 0.066394316874325815
v -0.2765300321028637 -0.14278463037279432 0.088763298234659588
v -0.2765300321028637 -0.14278463037279432 0.29008413047766363
v -0.2765300321028637 -0.12041564901246055 0.044025335513992028
v -0.2765300321028637 -0.12041564901246055 0.066394316874325815
v -0.2765300321028637 -0.12041564901246055 0.26771514911732985
v -0.2765300321028637 -0.12041564901246055 0.29008413047766363
v -0.2765300321028637 -0.098046667652126773 0.044025335513992028
v -0.2765300321028637 -0.098046667652126773 0.26771514911732985
v -0.2765300321028637 -0.098046667652126773 0.29008413047766363
v -0.2765300321028637 -0.075677686291793 0.044025335513992028
v -0.2765300321028637 -0.075677686291793 0.26771514911732985
v -0.2765300321028637 -0.053308704931459228 0.021656354153658249
v -0.2765300321028637 -0.053308704931459228 0.044025335513992028
v -0.2765300321028637 -0.053308704931459228 0.24534616775699605
v -0.2765300321028637 -0.053308704931459228 0.26771514911732985
v -0.2765300321028637 -0.030939723571125455 0.021656354153658249
v -0.2765300321028637 -0.030939723571125455 0.088763298234659588
v -0.2765300321028637 -0.030939723571125455 0.11113227959499336
v -0.2765300321028637 -0.030939723571125455 0.24534616775699605
v -0.2765300321028637 -0.008570742210791682 0.021656354153658249
v -0.2765300321028637 -0.008570742210791682 0.066394316874325815
v -0.2765300321028637 -0.008570742210791682 0.088763298234659588
v -0.2765300321028637 -0.008570742210791682 0.11113227959499336
v -0.2765300321028637 -0.008570742210791682 0.13350126095532716
v -0.2765300321028637 -0.008570742210791682 0.15587024231566093
v -0.2765300321028637 -0.008570742210791682 0.17823922367599471
v -0.2765300321028637 -0.008570742210791682 0.24534616775699605
v -0.2765300321028637 0.013798239149542091 0.021656354153658249
v -0.2765300321028637 0.013798239149542091 0.044025335513992028
v -0.2765300321028637 0.013798239149542091 0.066394316874325815
v -0.2765300321028637 0.013798239149542091 0.11113227959499336
v -0.2765300321028637 0.013798239149542091 0.13350126095532716
v -0.2765300321028637 0.013798239149542091 0.15587024231566093
v -0.2765300321028637 0.013798239149542091 0.17823922367599471
v -0.2765300321028637 0.013798239149542091 0.22297718639666225
v -0.2765300321028637 0.013798239149542091 0.24534616775699605
v -0.2765300321028637 0.036167220509875864 0.17823922367599471
v -0.2765300321028637 0.036167220509875864 0.22297718639666225
v -0.2765300321028637 0.058536201870209692 0.17823922367599471
v -0.2765300321028637 0.058536201870209692 0.20060820503632848
v -0.2765300321028637 0.058536201870209692 0.22297718639666225
v -0.2765300321028637 0.080905183230543465 0.17823922367599471
v -0.2765300321028637 0.080905183230543465 0.20060820503632848
v -0.2765300321028637 0.080905183230543465 0.22297718639666225
v -0.25416105074252993 -0.36647444397613216 0.17823922367599471
v -0.25416105074252993 -0.36647444397613216 0.20060820503632848
v -0.25416105074252993 -0.36647444397613216 0.22297718639666225
v -0.25416105074252993 -0.36647444397613216 0.24534616775699605
v -0.25416105074252993 -0.34410546261579833 0.15587024231566093
v -0.25416105074252993 -0.34410546261579833 0.17823922367599471
v -0.25416105074252993 -0.34410546261579833 0.20060820503632848
v -0.25416105074252993 -0.34410546261579833 0.22297718639666225
v -0.25416105074252993 -0.34410546261579833 0.24534616775699605
v -0.25416105074252993 -0.32173648125546461 0.15587024231566093
v -0.25416105074252993 -0.32173648125546461 0.22297718639666225
v -0.25416105074252993 -0.32173648125546461 0.24534616775699605
v -0.25416105074252993 -0.32173648125546461 0.26771514911732985
v -0.25416105074252993 -0.32173648125546461 0.29008413047766363
v -0.25416105074252993 -0.32173648125546461 0.3124531118379974
v -0.25416105074252993 -0.32173648125546461 0.33482209319833117
v -0.25416105074252993 -0.29936749989513078 0.15587024231566093
v -0.25416105074252993 -0.29936749989513078 0.22297718639666225
v -0.25416105074252993 -0.29936749989513078 0.24534616775699605
v -0.25416105074252993 -0.29936749989513078 0.26771514911732985
v -0.25416105074252993 -0.29936749989513078 0.29008413047766363
v -0.25416105074252993 -0.29936749989513078 0.3124531118379974
v -0.25416105074252993 -0.29936749989513078 0.33482209319833117
v -0.25416105074252993 -0.27699851853479701 0.13350126095532716
v -0.25416105074252993 -0.27699851853479701 0.15587024231566093
v -0.25416105074252993 -0.27699851853479701 0.22297718639666225
v -0.25416105074252993 -0.27699851853479701 0.24534616775699605
v -0.25416105074252993 -0.27699851853479701 0.26771514911732985
v -0.25416105074252993 -0.27699851853479701 0.3124531118379974
v -0.25416105074252993 -0.27699851853479701 0.33482209319833117
v -0.25416105074252993 -0.25462953717446324 0.13350126095532716
v -0.25416105074252993 -0.25462953717446324 0.15587024231566093
v -0.25416105074252993 -0.25462953717446324 0.24534616775699605
v -0.25416105074252993 -0.25462953717446324 0.26771514911732985
v -0.25416105074252993 -0.25462953717446324 0.33482209319833117
v -0.25416105074252993 -0.23226055581412947 0.11113227959499336
v -0.25416105074252993 -0.23226055581412947 0.13350126095532716
v -0.25416105074252993 -0.23226055581412947 0.15587024231566093
v -0.25416105074252993 -0.23226055581412947 0.3124531118379974
v -0.25416105074252993 -0.23226055581412947 0.33482209319833117
v -0.25416105074252993 -0.20989157445379569 0.11113227959499336
v -0.25416105074252993 -0.20989157445379569 0.3124531118379974
v -0.25416105074252993 -0.20989157445379569 0.33482209319833117
v -0.25416105074252993 -0.18752259309346192 0.088763298234659588
v -0.25416105074252993 -0.18752259309346192 0.11113227959499336
v -0.25416105074252993 -0.18752259309346192 0.3124531118379974
v -0.25416105074252993 -0.16515361173312812 0.088763298234659588
v -0.25416105074252993 -0.16515361173312812 0.29008413047766363
v -0.25416105074252993 -0.16515361173312812 0.3124531118379974
v -0.25416105074252993 -0.14278463037279432 0.066394316874325815
v -0.25416105074252993 -0.14278463037279432 0.088763298234659588
v -0.25416105074252993 -0.14278463037279432 0.29008413047766363
v -0.25416105074252993 -0.12041564901246055 0.044025335513992028
v -0.25416105074252993 -0.12041564901246055 0.066394316874325815
v -0.25416105074252993 -0.12041564901246055 0.29008413047766363
v -0.25416105074252993 -0.098046667652126773 0.044025335513992028
v -0.25416105074252993 -0.098046667652126773 0.066394316874325815
v -0.25416105074252993 -0.098046667652126773 0.26771514911732985
v -0.25416105074252993 -0.098046667652126773 0.29008413047766363
v -0.25416105074252993 -0.075677686291793 0.044025335513992028
v -0.25416105074252993 -0.075677686291793 0.26771514911732985
v -0.25416105074252993 -0.053308704931459228 0.021656354153658249
v -0.25416105074252993 -0.053308704931459228 0.044025335513992028
v -0.25416105074252993 -0.053308704931459228 0.24534616775699605
v -0.25416105074252993 -0.053308704931459228 0.26771514911732985
v -0.25416105074252993 -0.030939723571125455 0.021656354153658249
v -0.25416105074252993 -0.030939723571125455 0.044025335513992028
v -0.25416105074252993 -0.030939723571125455 0.088763298234659588
v -0.25416105074252993 -0.030939723571125455 0.11113227959499336
v -0.25416105074252993 -0.030939723571125455 0.24534616775699605
v -0.25416105074252993 -0.008570742210791682 0.021656354153658249
v -0.25416105074252993 -0.008570742210791682 0.066394316874325815
v -0.25416105074252993 -0.008570742210791682 0.088763298234659588
v -0.25416105074252993 -0.008570742210791682 0.11113227959499336
v -0.25416105074252993 -0.008570742210791682 0.15587024231566093
v -0.25416105074252993 -0.008570742210791682 0.17823922367599471
v -0.25416105074252993 -0.008570742210791682 0.24534616775699605
v -0.25416105074252993 0.013798239149542091 0.021656354153658249
v -0.25416105074252993 0.013798239149542091 0.044025335513992028
v -0.25416105074252993 0.013798239149542091 0.066394316874325815
v -0.25416105074252993 0.013798239149542091 0.11113227959499336
v -0.25416105074252993 0.013798239149542091 0.13350126095532716
v -0.25416105074252993 0.013798239149542091 0.15587024231566093
v -0.25416105074252993 0.013798239149542091 0.17823922367599471
v -0.25416105074252993 0.013798239149542091 0.22297718639666225
v -0.25416105074252993 0.013798239149542091 0.24534616775699605
v -0.25416105074252993 0.036167220509875864 0.11113227959499336
v -0.25416105074252993 0.036167220509875864 0.13350126095532716
v -0.25416105074252993 0.036167220509875864 0.17823922367599471
v -0.25416105074252993 0.036167220509875864 0.22297718639666225
v -0.25416105074252993 0.058536201870209692 0.17823922367599471
v -0.25416105074252993 0.058536201870209692 0.20060820503632848
v -0.25416105074252993 0.058536201870209692 0.22297718639666225
v -0.25416105074252993 0.080905183230543465 0.17823922367599471
v -0.25416105074252993 0.080905183230543465 0.20060820503632848
v -0.25416105074252993 0.080905183230543465 0.22297718639666225
v -0.25416105074252993 0.21511907139254616 0.13350126095532716
v -0.25416105074252993 0.21511907139254616 0.15587024231566093
v -0.25416105074252993 0.23748805275287987 0.13350126095532716
v -0.25416105074252993 0.23748805275287987 0.15587024231566093
v -0.25416105074252993 0.2598570341132137 0.11113227959499336
v -0.25416105074252993 0.2598570341132137 0.13350126095532716
v -0.25416105074252993 0.2598570341132137 0.15587024231566093
v -0.25416105074252993 0.28222601547354742 0.11113227959499336
v -0.25416105074252993 0.28222601547354742 0.13350126095532716
v -0.25416105074252993 0.28222601547354742 0.15587024231566093
v -0.25416105074252993 0.30459499683388125 0.13350126095532716
v -0.25416105074252993 0.30459499683388125 0.15587024231566093
v -0.25416105074252993 0.32696397819421508 0.13350126095532716
v -0.25416105074252993 0.32696397819421508 0.15587024231566093
v -0.23179206938219615 -0.4112124066967997 0.26771514911732985
v -0.23179206938219615 -0.4112124066967997 0.29008413047766363
v -0.23179206938219615 -0.4112124066967997 0.3124531118379974
v -0.23179206938219615 -0.38884342533646593 0.26771514911732985
v -0.23179206938219615 -0.38884342533646593 0.29008413047766363
v -0.23179206938219615 -0.38884342533646593 0.3124531118379974
v -0.23179206938219615 -0.36647444397613216 0.26771514911732985
v -0.23179206938219615 -0.36647444397613216 0.29008413047766363
v -0.23179206938219615 -0.36647444397613216 0.3124531118379974
v -0.23179206938219615 -0.34410546261579833 0.15587024231566093
v -0.23179206938219615 -0.34410546261579833 0.17823922367599471
v -0.23179206938219615 -0.34410546261579833 0.20060820503632848
v -0.23179206938219615 -0.34410546261579833 0.22297718639666225
v -0.23179206938219615 -0.34410546261579833 0.24534616775699605
v -0.23179206938219615 -0.34410546261579833 0.26771514911732985
v -0.23179206938219615 -0.34410546261579833 0.29008413047766363
v -0.23179206938219615 -0.34410546261579833 0.3124531118379974
v -0.23179206938219615 -0.32173648125546461 0.15587024231566093
v -0.23179206938219615 -0.32173648125546461 0.17823922367599471
v -0.23179206938219615 -0.32173648125546461 0.20060820503632848
v -0.23179206938219615 -0.32173648125546461 0.22297718639666225
v -0.23179206938219615 -0.32173648125546461 0.24534616775699605
v -0.23179206938219615 -0.29936749989513078 0.15587024231566093
v -0.23179206938219615 -0.29936749989513078 0.17823922367599471
v -0.23179206938219615 -0.29936749989513078 0.22297718639666225
v -0.23179206938219615 -0.29936749989513078 0.26771514911732985
v -0.23179206938219615 -0.29936749989513078 0.29008413047766363
v -0.23179206938219615 -0.29936749989513078 0.3124531118379974
v -0.23179206938219615 -0.27699851853479701 0.13350126095532716
v -0.23179206938219615 -0.27699851853479701 0.15587024231566093
v -0.23179206938219615 -0.27699851853479701 0.20060820503632848
v -0.23179206938219615 -0.27699851853479701 0.22297718639666225
v -0.23179206938219615 -0.27699851853479701 0.24534616775699605
v -0.23179206938219615 -0.27699851853479701 0.26771514911732985
v -0.23179206938219615 -0.27699851853479701 0.29008413047766363
v -0.23179206938219615 -0.27699851853479701 0.3124531118379974
v -0.23179206938219615 -0.27699851853479701 0.33482209319833117
v -0.23179206938219615 -0.25462953717446324 0.13350126095532716
v -0.23179206938219615 -0.25462953717446324 0.20060820503632848
v -0.23179206938219615 -0.25462953717446324 0.22297718639666225
v -0.23179206938219615 -0.25462953717446324 0.24534616775699605
v -0.23179206938219615 -0.25462953717446324 0.26771514911732985
v -0.23179206938219615 -0.25462953717446324 0.29008413047766363
v -0.23179206938219615 -0.25462953717446324 0.3124531118379974
v -0.23179206938219615 -0.25462953717446324 0.33482209319833117
v -0.23179206938219615 -0.23226055581412947 0.11113227959499336
v -0.23179206938219615 -0.23226055581412947 0.13350126095532716
v -0.23179206938219615 -0.23226055581412947 0.20060820503632848
v -0.23179206938219615 -0.23226055581412947 0.22297718639666225
v -0.23179206938219615 -0.23226055581412947 0.24534616775699605
v -0.23179206938219615 -0.23226055581412947 0.26771514911732985
v -0.23179206938219615 -0.23226055581412947 0.29008413047766363
v -0.23179206938219615 -0.23226055581412947 0.3124531118379974
v -0.23179206938219615 -0.23226055581412947 0.33482209319833117
v -0.23179206938219615 -0.20989157445379569 0.11113227959499336
v -0.23179206938219615 -0.20989157445379569 0.17823922367599471
v -0.23179206938219615 -0.20989157445379569 0.20060820503632848
v -0.23179206938219615 -0.20989157445379569 0.22297718639666225
v -0.23179206938219615 -0.20989157445379569 0.24534616775699605
v -0.23179206938219615 -0.20989157445379569 0.26771514911732985
v -0.23179206938219615 -0.20989157445379569 0.29008413047766363
v -0.23179206938219615 -0.20989157445379569 0.3124531118379974
v -0.23179206938219615 -0.18752259309346192 0.088763298234659588
v -0.23179206938219615 -0.18752259309346192 0.11113227959499336
v -0.23179206938219615 -0.18752259309346192 0.17823922367599471
v -0.23179206938219615 -0.18752259309346192 0.20060820503632848
v -0.23179206938219615 -0.18752259309346192 0.22297718639666225
v -0.23179206938219615 -0.18752259309346192 0.24534616775699605
v -0.23179206938219615 -0.18752259309346192 0.26771514911732985
v -0.23179206938219615 -0.18752259309346192 0.29008413047766363
v -0.23179206938219615 -0.18752259309346192 0.3124531118379974
v -0.23179206938219615 -0.16515361173312812 0.088763298234659588
v -0.23179206938219615 -0.16515361173312812 0.17823922367599471
v -0.23179206938219615 -0.16515361173312812 0.20060820503632848
v -0.23179206938219615 -0.16515361173312812 0.22297718639666225
v -0.23179206938219615 -0.16515361173312812 0.24534616775699605
v -0.23179206938219615 -0.16515361173312812 0.26771514911732985
v -0.23179206938219615 -0.16515361173312812 0.29008413047766363
v -0.23179206938219615 -0.16515361173312812 0.3124531118379974
v -0.23179206938219615 -0.14278463037279432 0.066394316874325815
v -0.23179206938219615 -0.14278463037279432 0.088763298234659588
v -0.23179206938219615 -0.14278463037279432 0.26771514911732985
v -0.23179206938219615 -0.14278463037279432 0.29008413047766363
v -0.23179206938219615 -0.12041564901246055 0.066394316874325815
v -0.23179206938219615 -0.12041564901246055 0.26771514911732985
v -0.23179206938219615 -0.12041564901246055 0.29008413047766363
v -0.23179206938219615 -0.098046667652126773 0.044025335513992028
v -0.23179206938219615 -0.098046667652126773 0.066394316874325815
v -0.23179206938219615 -0.098046667652126773 0.26771514911732985
v -0.23179206938219615 -0.098046667652126773 0.29008413047766363
v -0.23179206938219615 -0.075677686291793 0.044025335513992028
v -0.23179206938219615 -0.075677686291793 0.26771514911732985
v -0.23179206938219615 -0.053308704931459228 0.021656354153658249
v -0.23179206938219615 -0.053308704931459228 0.044025335513992028
v -0.23179206938219615 -0.053308704931459228 0.24534616775699605
v -0.23179206938219615 -0.053308704931459228 0.26771514911732985
v -0.23179206938219615 -0.030939723571125455 0.021656354153658249
v -0.23179206938219615 -0.030939723571125455 0.044025335513992028
v -0.23179206938219615 -0.030939723571125455 0.24534616775699605
v -0.23179206938219615 -0.008570742210791682 0.021656354153658249
v -0.23179206938219615 -0.008570742210791682 0.066394316874325815
v -0.23179206938219615 -0.008570742210791682 0.088763298234659588
v -0.23179206938219615 -0.008570742210791682 0.11113227959499336
v -0.23179206938219615 -0.008570742210791682 0.24534616775699605
v -0.23179206938219615 0.013798239149542091 0.021656354153658249
v -0.23179206938219615 0.013798239149542091 0.044025335513992028
v -0.23179206938219615 0.013798239149542091 0.066394316874325815
v -0.23179206938219615 0.013798239149542091 0.11113227959499336
v -0.23179206938219615 0.013798239149542091 0.13350126095532716
v -0.23179206938219615 0.013798239149542091 0.15587024231566093
v -0.23179206938219615 0.013798239149542091 0.17823922367599471
v -0.23179206938219615 0.013798239149542091 0.22297718639666225
v -0.23179206938219615 0.013798239149542091 0.24534616775699605
v -0.23179206938219615 0.036167220509875864 0.11113227959499336
v -0.23179206938219615 0.036167220509875864 0.13350126095532716
v -0.23179206938219615 0.036167220509875864 0.17823922367599471
v -0.23179206938219615 0.036167220509875864 0.22297718639666225
v -0.23179206938219615 0.036167220509875864 0.24534616775699605
v -0.23179206938219615 0.058536201870209692 0.17823922367599471
v -0.23179206938219615 0.058536201870209692 0.20060820503632848
v -0.23179206938219615 0.058536201870209692 0.22297718639666225
v -0.23179206938219615 0.080905183230543465 0.17823922367599471
v -0.23179206938219615 0.080905183230543465 0.20060820503632848
v -0.23179206938219615 0.080905183230543465 0.22297718639666225
v -0.23179206938219615 0.14801212731154478 0.13350126095532716
v -0.23179206938219615 0.14801212731154478 0.15587024231566093
v -0.23179206938219615 0.17038110867187861 0.11113227959499336
v -0.23179206938219615 0.17038110867187861 0.13350126095532716
v -0.23179206938219615 0.17038110867187861 0.15587024231566093
v -0.23179206938219615 0.19275009003221233 0.11113227959499336
v -0.23179206938219615 0.19275009003221233 0.13350126095532716
v -0.23179206938219615 0.19275009003221233 0.15587024231566093
v -0.23179206938219615 0.19275009003221233 0.17823922367599471
v -0.23179206938219615 0.21511907139254616 0.11113227959499336
v -0.23179206938219615 0.21511907139254616 0.13350126095532716
v -0.23179206938219615 0.21511907139254616 0.15587024231566093
v -0.23179206938219615 0.21511907139254616 0.17823922367599471
v -0.23179206938219615 0.23748805275287987 0.11113227959499336
v -0.23179206938219615 0.23748805275287987 0.13350126095532716
v -0.23179206938219615 0.23748805275287987 0.15587024231566093
v -0.23179206938219615 0.23748805275287987 0.17823922367599471
v -0.23179206938219615 0.2598570341132137 0.11113227959499336
v -0.23179206938219615 0.2598570341132137 0.13350126095532716
v -0.23179206938219615 0.2598570341132137 0.15587024231566093
v -0.23179206938219615 0.2598570341132137 0.17823922367599471
v -0.23179206938219615 0.28222601547354742 0.11113227959499336
v -0.23179206938219615 0.28222601547354742 0.13350126095532716
v -0.23179206938219615 0.28222601547354742 0.15587024231566093
v -0.23179206938219615 0.28222601547354742 0.17823922367599471
v -0.23179206938219615 0.30459499683388125 0.11113227959499336
v -0.23179206938219615 0.30459499683388125 0.13350126095532716
v -0.23179206938219615 0.30459499683388125 0.15587024231566093
v -0.23179206938219615 0.30459499683388125 0.17823922367599471
v -0.23179206938219615 0.32696397819421508 0.11113227959499336
v -0.23179206938219615 0.32696397819421508 0.13350126095532716
v -0.23179206938219615 0.32696397819421508 0.15587024231566093
v -0.23179206938219615 0.32696397819421508 0.17823922367599471
v -0.23179206938219615 0.34933295955454879 0.11113227959499336
v -0.23179206938219615 0.34933295955454879 0.13350126095532716
v -0.23179206938219615 0.34933295955454879 0.15587024231566093
v -0.23179206938219615 0.34933295955454879 0.17823922367599471
v -0.23179206938219615 0.37170194091488262 0.13350126095532716
v -0.23179206938219615 0.37170194091488262 0.15587024231566093
v -0.20942308802186238 -0.4112124066967997 0.26771514911732985
v -0.20942308802186238 -0.4112124066967997 0.29008413047766363
v -0.20942308802186238 -0.4112124066967997 0.3124531118379974
v -0.20942308802186238 -0.38884342533646593 0.24534616775699605
v -0.20942308802186238 -0.38884342533646593 0.26771514911732985
v -0.20942308802186238 -0.38884342533646593 0.3124531118379974
v -0.20942308802186238 -0.36647444397613216 0.22297718639666225
v -0.20942308802186238 -0.36647444397613216 0.24534616775699605
v -0.20942308802186238 -0.36647444397613216 0.26771514911732985
v -0.20942308802186238 -0.36647444397613216 0.3124531118379974
v -0.20942308802186238 -0.36647444397613216 0.33482209319833117
v -0.20942308802186238 -0.34410546261579833 0.22297718639666225
v -0.20942308802186238 -0.34410546261579833 0.24534616775699605
v -0.20942308802186238 -0.34410546261579833 0.26771514911732985
v -0.20942308802186238 -0.34410546261579833 0.29008413047766363
v -0.20942308802186238 -0.34410546261579833 0.3124531118379974
v -0.20942308802186238 -0.34410546261579833 0.33482209319833117
v -0.20942308802186238 -0.32173648125546461 0.17823922367599471
v -0.20942308802186238 -0.32173648125546461 0.20060820503632848
v -0.20942308802186238 -0.32173648125546461 0.22297718639666225
v -0.20942308802186238 -0.32173648125546461 0.24534616775699605
v -0.20942308802186238 -0.32173648125546461 0.26771514911732985
v -0.20942308802186238 -0.32173648125546461 0.29008413047766363
v -0.20942308802186238 -0.32173648125546461 0.3124531118379974
v -0.20942308802186238 -0.32173648125546461 0.33482209319833117
v -0.20942308802186238 -0.29936749989513078 0.15587024231566093
v -0.20942308802186238 -0.29936749989513078 0.17823922367599471
v -0.20942308802186238 -0.29936749989513078 0.20060820503632848
v -0.20942308802186238 -0.29936749989513078 0.22297718639666225
v -0.20942308802186238 -0.29936749989513078 0.24534616775699605
v -0.20942308802186238 -0.29936749989513078 0.26771514911732985
v -0.20942308802186238 -0.29936749989513078 0.29008413047766363
v -0.20942308802186238 -0.29936749989513078 0.3124531118379974
v -0.20942308802186238 -0.29936749989513078 0.33482209319833117
v -0.20942308802186238 -0.27699851853479701 0.13350126095532716
v -0.20942308802186238 -0.27699851853479701 0.15587024231566093
v -0.20942308802186238 -0.27699851853479701 0.17823922367599471
v -0.20942308802186238 -0.27699851853479701 0.20060820503632848
v -0.20942308802186238 -0.27699851853479701 0.22297718639666225
v -0.20942308802186238 -0.27699851853479701 0.24534616775699605
v -0.20942308802186238 -0.27699851853479701 0.26771514911732985
v -0.20942308802186238 -0.27699851853479701 0.29008413047766363
v -0.20942308802186238 -0.27699851853479701 0.3124531118379974
v -0.20942308802186238 -0.25462953717446324 0.13350126095532716
v -0.20942308802186238 -0.25462953717446324 0.15587024231566093
v -0.20942308802186238 -0.25462953717446324 0.17823922367599471
v -0.20942308802186238 -0.25462953717446324 0.20060820503632848
v -0.20942308802186238 -0.25462953717446324 0.22297718639666225
v -0.20942308802186238 -0.25462953717446324 0.24534616775699605
v -0.20942308802186238 -0.25462953717446324 0.26771514911732985
v -0.20942308802186238 -0.25462953717446324 0.29008413047766363
v -0.20942308802186238 -0.25462953717446324 0.3124531118379974
v -0.20942308802186238 -0.23226055581412947 0.11113227959499336
v -0.20942308802186238 -0.23226055581412947 0.13350126095532716
v -0.20942308802186238 -0.23226055581412947 0.15587024231566093
v -0.20942308802186238 -0.23226055581412947 0.17823922367599471
v -0.20942308802186238 -0.23226055581412947 0.20060820503632848
v -0.20942308802186238 -0.23226055581412947 0.22297718639666225
v -0.20942308802186238 -0.23226055581412947 0.24534616775699605
v -0.20942308802186238 -0.23226055581412947 0.26771514911732985
v -0.20942308802186238 -0.20989157445379569 0.11113227959499336
v -0.20942308802186238 -0.20989157445379569 0.13350126095532716
v -0.20942308802186238 -0.20989157445379569 0.15587024231566093
v -0.20942308802186238 -0.20989157445379569 0.17823922367599471
v -0.20942308802186238 -0.20989157445379569 0.20060820503632848
v -0.20942308802186238 -0.20989157445379569 0.22297718639666225
v -0.20942308802186238 -0.20989157445379569 0.24534616775699605
v -0.20942308802186238 -0.20989157445379569 0.26771514911732985
v -0.20942308802186238 -0.20989157445379569 0.29008413047766363
v -0.20942308802186238 -0.18752259309346192 0.088763298234659588
v -0.20942308802186238 -0.18752259309346192 0.11113227959499336
v -0.20942308802186238 -0.18752259309346192 0.17823922367599471
v -0.20942308802186238 -0.18752259309346192 0.20060820503632848
v -0.20942308802186238 -0.18752259309346192 0.22297718639666225
v -0.20942308802186238 -0.18752259309346192 0.24534616775699605
v -0.20942308802186238 -0.18752259309346192 0.26771514911732985
v -0.20942308802186238 -0.18752259309346192 0.29008413047766363
v -0.20942308802186238 -0.16515361173312812 0.088763298234659588
v -0.20942308802186238 -0.16515361173312812 0.11113227959499336
v -0.20942308802186238 -0.16515361173312812 0.17823922367599471
v -0.20942308802186238 -0.16515361173312812 0.20060820503632848
v -0.20942308802186238 -0.16515361173312812 0.22297718639666225
v -0.20942308802186238 -0.16515361173312812 0.24534616775699605
v -0.20942308802186238 -0.16515361173312812 0.26771514911732985
v -0.20942308802186238 -0.16515361173312812 0.29008413047766363
v -0.20942308802186238 -0.14278463037279432 0.066394316874325815
v -0.20942308802186238 -0.14278463037279432 0.088763298234659588
v -0.20942308802186238 -0.14278463037279432 0.26771514911732985
v -0.20942308802186238 -0.14278463037279432 0.29008413047766363
v -0.20942308802186238 -0.12041564901246055 0.066394316874325815
v -0.20942308802186238 -0.12041564901246055 0.088763298234659588
v -0.20942308802186238 -0.12041564901246055 0.26771514911732985
v -0.20942308802186238 -0.12041564901246055 0.29008413047766363
v -0.20942308802186238 -0.098046667652126773 0.044025335513992028
v -0.20942308802186238 -0.098046667652126773 0.066394316874325815
v -0.20942308802186238 -0.098046667652126773 0.26771514911732985
v -0.20942308802186238 -0.075677686291793 0.044025335513992028
v -0.20942308802186238 -0.075677686291793 0.26771514911732985
v -0.20942308802186238 -0.053308704931459228 0.021656354153658249
v -0.20942308802186238 -0.053308704931459228 0.044025335513992028
v -0.20942308802186238 -0.053308704931459228 0.24534616775699605
v -0.20942308802186238 -0.053308704931459228 0.26771514911732985
v -0.20942308802186238 -0.030939723571125455 0.021656354153658249
v -0.20942308802186238 -0.030939723571125455 0.044025335513992028
v -0.20942308802186238 -0.030939723571125455 0.24534616775699605
v -0.20942308802186238 -0.008570742210791682 0.021656354153658249
v -0.20942308802186238 -0.008570742210791682 0.066394316874325815
v -0.20942308802186238 -0.008570742210791682 0.088763298234659588
v -0.20942308802186238 -0.008570742210791682 0.11113227959499336
v -0.20942308802186238 -0.008570742210791682 0.24534616775699605
v -0.20942308802186238 0.013798239149542091 0.021656354153658249
v -0.20942308802186238 0.013798239149542091 0.044025335513992028
v -0.20942308802186238 0.013798239149542091 0.066394316874325815
v -0.20942308802186238 0.013798239149542091 0.11113227959499336
v -0.20942308802186238 0.013798239149542091 0.13350126095532716
v -0.20942308802186238 0.013798239149542091 0.15587024231566093
v -0.20942308802186238 0.013798239149542091 0.17823922367599471
v -0.20942308802186238 0.013798239149542091 0.22297718639666225
v -0.20942308802186238 0.013798239149542091 0.24534616775699605
v -0.20942308802186238 0.036167220509875864 0.11113227959499336
v -0.20942308802186238 0.036167220509875864 0.13350126095532716
v -0.20942308802186238 0.036167220509875864 0.15587024231566093
v -0.20942308802186238 0.036167220509875864 0.17823922367599471
v -0.20942308802186238 0.036167220509875864 0.22297718639666225
v -0.20942308802186238 0.036167220509875864 0.24534616775699605
v -0.20942308802186238 0.058536201870209692 0.17823922367599471
v -0.20942308802186238 0.058536201870209692 0.20060820503632848
v -0.20942308802186238 0.058536201870209692 0.22297718639666225
v -0.20942308802186238 0.080905183230543465 0.17823922367599471
v -0.20942308802186238 0.080905183230543465 0.20060820503632848
v -0.20942308802186238 0.10327416459087724 0.13350126095532716
v -0.20942308802186238 0.10327416459087724 0.15587024231566093
v -0.20942308802186238 0.12564314595121107 0.11113227959499336
v -0.20942308802186238 0.12564314595121107 0.13350126095532716
v -0.20942308802186238 0.12564314595121107 0.15587024231566093
v -0.20942308802186238 0.12564314595121107 0.17823922367599471
v -0.20942308802186238 0.14801212731154478 0.11113227959499336
v -0.20942308802186238 0.14801212731154478 0.13350126095532716
v -0.20942308802186238 0.14801212731154478 0.15587024231566093
v -0.20942308802186238 0.14801212731154478 0.17823922367599471
v -0.20942308802186238 0.14801212731154478 0.20060820503632848
v -0.20942308802186238 0.17038110867187861 0.088763298234659588
v -0.20942308802186238 0.17038110867187861 0.11113227959499336
v -0.20942308802186238 0.17038110867187861 0.13350126095532716
v -0.20942308802186238 0.17038110867187861 0.15587024231566093
v -0.20942308802186238 0.17038110867187861 0.17823922367599471
v -0.20942308802186238 0.17038110867187861 0.20060820503632848
v -0.20942308802186238 0.17038110867187861 0.22297718639666225
v -0.20942308802186238 0.19275009003221233 0.088763298234659588
v -0.20942308802186238 0.19275009003221233 0.11113227959499336
v -0.20942308802186238 0.19275009003221233 0.15587024231566093
v -0.20942308802186238 0.19275009003221233 0.17823922367599471
v -0.20942308802186238 0.19275009003221233 0.20060820503632848
v -0.20942308802186238 0.19275009003221233 0.22297718639666225
v -0.20942308802186238 0.21511907139254616 0.088763298234659588
v -0.20942308802186238 0.21511907139254616 0.11113227959499336
v -0.20942308802186238 0.21511907139254616 0.17823922367599471
v -0.20942308802186238 0.21511907139254616 0.20060820503632848
v -0.20942308802186238 0.21511907139254616 0.22297718639666225
v -0.20942308802186238 0.23748805275287987 0.066394316874325815
v -0.20942308802186238 0.23748805275287987 0.088763298234659588
v -0.20942308802186238 0.23748805275287987 0.11113227959499336
v -0.20942308802186238 0.23748805275287987 0.17823922367599471
v -0.20942308802186238 0.23748805275287987 0.20060820503632848
v -0.20942308802186238 0.23748805275287987 0.22297718639666225
v -0.20942308802186238 0.2598570341132137 0.066394316874325815
v -0.20942308802186238 0.2598570341132137 0.088763298234659588
v -0.20942308802186238 0.2598570341132137 0.11113227959499336
v -0.20942308802186238 0.2598570341132137 0.17823922367599471
v -0.20942308802186238 0.2598570341132137 0.20060820503632848
v -0.20942308802186238 0.2598570341132137 0.22297718639666225
v -0.20942308802186238 0.28222601547354742 0.066394316874325815
v -0.20942308802186238 0.28222601547354742 0.088763298234659588
v -0.20942308802186238 0.28222601547354742 0.11113227959499336
v -0.20942308802186238 0.28222601547354742 0.17823922367599471
v -0.20942308802186238 0.28222601547354742 0.20060820503632848
v -0.20942308802186238 0.28222601547354742 0.22297718639666225
v -0.20942308802186238 0.30459499683388125 0.088763298234659588
v -0.20942308802186238 0.30459499683388125 0.11113227959499336
v -0.20942308802186238 0.30459499683388125 0.17823922367599471
v -0.20942308802186238 0.30459499683388125 0.20060820503632848
v -0.20942308802186238 0.30459499683388125 0.22297718639666225
v -0.20942308802186238 0.32696397819421508 0.088763298234659588
v -0.20942308802186238 0.32696397819421508 0.11113227959499336
v -0.20942308802186238 0.32696397819421508 0.17823922367599471
v -0.20942308802186238 0.32696397819421508 0.20060820503632848
v -0.20942308802186238 0.32696397819421508 0.22297718639666225
v -0.20942308802186238 0.34933295955454879 0.088763298234659588
v -0.20942308802186238 0.34933295955454879 0.11113227959499336
v -0.20942308802186238 0.34933295955454879 0.13350126095532716
v -0.20942308802186238 0.34933295955454879 0.15587024231566093
v -0.20942308802186238 0.34933295955454879 0.17823922367599471
v -0.20942308802186238 0.34933295955454879 0.20060820503632848
v -0.20942308802186238 0.37170194091488262 0.11113227959499336
v -0.20942308802186238 0.37170194091488262 0.13350126095532716
v -0.20942308802186238 0.37170194091488262 0.15587024231566093
v -0.20942308802186238 0.37170194091488262 0.17823922367599471
v -0.20942308802186238 0.39407092227521634 0.13350126095532716
v -0.20942308802186238 0.39407092227521634 0.15587024231566093
v -0.20942308802186238 0.39407092227521634 0.17823922367599471
v -0.20942308802186238 0.41643990363555017 0.13350126095532716
v -0.20942308802186238 0.41643990363555017 0.15587024231566093
v -0.18705410666152861 -0.4112124066967997 0.24534616775699605
v -0.18705410666152861 -0.4112124066967997 0.26771514911732985
v -0.18705410666152861 -0.4112124066967997 0.29008413047766363
v -0.18705410666152861 -0.4112124066967997 0.3124531118379974
v -0.18705410666152861 -0.38884342533646593 0.22297718639666225
v -0.18705410666152861 -0.38884342533646593 0.24534616775699605
v -0.18705410666152861 -0.38884342533646593 0.26771514911732985
v -0.18705410666152861 -0.38884342533646593 0.29008413047766363
v -0.18705410666152861 -0.38884342533646593 0.3124531118379974
v -0.18705410666152861 -0.38884342533646593 0.33482209319833117
v -0.18705410666152861 -0.36647444397613216 0.20060820503632848
v -0.18705410666152861 -0.36647444397613216 0.22297718639666225
v -0.18705410666152861 -0.36647444397613216 0.24534616775699605
v -0.18705410666152861 -0.36647444397613216 0.3124531118379974
v -0.18705410666152861 -0.36647444397613216 0.33482209319833117
v -0.18705410666152861 -0.36647444397613216 0.35719107455866494
v -0.18705410666152861 -0.34410546261579833 0.20060820503632848
v -0.18705410666152861 -0.34410546261579833 0.22297718639666225
v -0.18705410666152861 -0.34410546261579833 0.24534616775699605
v -0.18705410666152861 -0.34410546261579833 0.33482209319833117
v -0.18705410666152861 -0.34410546261579833 0.35719107455866494
v -0.18705410666152861 -0.32173648125546461 0.20060820503632848
v -0.18705410666152861 -0.32173648125546461 0.22297718639666225
v -0.18705410666152861 -0.32173648125546461 0.24534616775699605
v -0.18705410666152861 -0.32173648125546461 0.33482209319833117
v -0.18705410666152861 -0.32173648125546461 0.35719107455866494
v -0.18705410666152861 -0.29936749989513078 0.17823922367599471
v -0.18705410666152861 -0.29936749989513078 0.20060820503632848
v -0.18705410666152861 -0.29936749989513078 0.22297718639666225
v -0.18705410666152861 -0.29936749989513078 0.24534616775699605
v -0.18705410666152861 -0.29936749989513078 0.26771514911732985
v -0.18705410666152861 -0.29936749989513078 0.3124531118379974
v -0.18705410666152861 -0.29936749989513078 0.33482209319833117
v -0.18705410666152861 -0.29936749989513078 0.35719107455866494
v -0.18705410666152861 -0.27699851853479701 0.17823922367599471
v -0.18705410666152861 -0.27699851853479701 0.20060820503632848
v -0.18705410666152861 -0.27699851853479701 0.22297718639666225
v -0.18705410666152861 -0.27699851853479701 0.24534616775699605
v -0.18705410666152861 -0.27699851853479701 0.26771514911732985
v -0.18705410666152861 -0.27699851853479701 0.29008413047766363
v -0.18705410666152861 -0.27699851853479701 0.3124531118379974
v -0.18705410666152861 -0.27699851853479701 0.33482209319833117
v -0.18705410666152861 -0.25462953717446324 0.15587024231566093
v -0.18705410666152861 -0.25462953717446324 0.17823922367599471
v -0.18705410666152861 -0.25462953717446324 0.20060820503632848
v -0.18705410666152861 -0.25462953717446324 0.22297718639666225
v -0.18705410666152861 -0.25462953717446324 0.24534616775699605
v -0.18705410666152861 -0.25462953717446324 0.26771514911732985
v -0.18705410666152861 -0.25462953717446324 0.29008413047766363
v -0.18705410666152861 -0.25462953717446324 0.3124531118379974
v -0.18705410666152861 -0.25462953717446324 0.33482209319833117
v -0.18705410666152861 -0.23226055581412947 0.13350126095532716
v -0.18705410666152861 -0.23226055581412947 0.15587024231566093
v -0.18705410666152861 -0.23226055581412947 0.17823922367599471
v -0.18705410666152861 -0.23226055581412947 0.20060820503632848
v -0.18705410666152861 -0.23226055581412947 0.26771514911732985
v -0.18705410666152861 -0.23226055581412947 0.29008413047766363
v -0.18705410666152861 -0.23226055581412947 0.3124531118379974
v -0.18705410666152861 -0.20989157445379569 0.11113227959499336
v -0.18705410666152861 -0.20989157445379569 0.13350126095532716
v -0.18705410666152861 -0.20989157445379569 0.15587024231566093
v -0.18705410666152861 -0.20989157445379569 0.17823922367599471
v -0.18705410666152861 -0.20989157445379569 0.26771514911732985
v -0.18705410666152861 -0.20989157445379569 0.29008413047766363
v -0.18705410666152861 -0.20989157445379569 0.3124531118379974
v -0.18705410666152861 -0.18752259309346192 0.11113227959499336
v -0.18705410666152861 -0.18752259309346192 0.29008413047766363
v -0.18705410666152861 -0.18752259309346192 0.3124531118379974
v -0.18705410666152861 -0.16515361173312812 0.088763298234659588
v -0.18705410666152861 -0.16515361173312812 0.11113227959499336
v -0.18705410666152861 -0.16515361173312812 0.29008413047766363
v -0.18705410666152861 -0.16515361173312812 0.3124531118379974
v -0.18705410666152861 -0.14278463037279432 0.088763298234659588
v -0.18705410666152861 -0.14278463037279432 0.29008413047766363
v -0.18705410666152861 -0.14278463037279432 0.3124531118379974
v -0.18705410666152861 -0.12041564901246055 0.066394316874325815
v -0.18705410666152861 -0.12041564901246055 0.088763298234659588
v -0.18705410666152861 -0.12041564901246055 0.26771514911732985
v -0.18705410666152861 -0.12041564901246055 0.29008413047766363
v -0.18705410666152861 -0.098046667652126773 0.044025335513992028
v -0.18705410666152861 -0.098046667652126773 0.066394316874325815
v -0.18705410666152861 -0.098046667652126773 0.26771514911732985
v -0.18705410666152861 -0.098046667652126773 0.29008413047766363
v -0.18705410666152861 -0.075677686291793 0.044025335513992028
v -0.18705410666152861 -0.075677686291793 0.26771514911732985
v -0.18705410666152861 -0.053308704931459228 0.044025335513992028
v -0.18705410666152861 -0.053308704931459228 0.24534616775699605
v -0.18705410666152861 -0.053308704931459228 0.26771514911732985
v -0.18705410666152861 -0.030939723571125455 0.021656354153658249
v -0.18705410666152861 -0.030939723571125455 0.044025335513992028
v -0.18705410666152861 -0.030939723571125455 0.24534616775699605
v -0.18705410666152861 -0.008570742210791682 0.021656354153658249
v -0.18705410666152861 -0.008570742210791682 0.066394316874325815
v -0.18705410666152861 -0.008570742210791682 0.088763298234659588
v -0.18705410666152861 -0.008570742210791682 0.11113227959499336
v -0.18705410666152861 -0.008570742210791682 0.24534616775699605
v -0.18705410666152861 0.013798239149542091 0.021656354153658249
v -0.18705410666152861 0.013798239149542091 0.044025335513992028
v -0.18705410666152861 0.013798239149542091 0.066394316874325815
v -0.18705410666152861 0.013798239149542091 0.11113227959499336
v -0.18705410666152861 0.013798239149542091 0.15587024231566093
v -0.18705410666152861 0.013798239149542091 0.17823922367599471
v -0.18705410666152861 0.013798239149542091 0.22297718639666225
v -0.18705410666152861 0.013798239149542091 0.24534616775699605
v -0.18705410666152861 0.036167220509875864 0.11113227959499336
v -0.18705410666152861 0.036167220509875864 0.13350126095532716
v -0.18705410666152861 0.036167220509875864 0.15587024231566093
v -0.18705410666152861 0.036167220509875864 0.17823922367599471
v -0.18705410666152861 0.036167220509875864 0.22297718639666225
v -0.18705410666152861 0.058536201870209692 0.17823922367599471
v -0.18705410666152861 0.058536201870209692 0.20060820503632848
v -0.18705410666152861 0.058536201870209692 0.22297718639666225
v -0.18705410666152861 0.080905183230543465 0.13350126095532716
v -0.18705410666152861 0.080905183230543465 0.15587024231566093
v -0.18705410666152861 0.10327416459087724 0.11113227959499336
v -0.18705410666152861 0.10327416459087724 0.13350126095532716
v -0.18705410666152861 0.10327416459087724 0.15587024231566093
v -0.18705410666152861 0.10327416459087724 0.17823922367599471
v -0.18705410666152861 0.12564314595121107 0.088763298234659588
v -0.18705410666152861 0.12564314595121107 0.11113227959499336
v -0.18705410666152861 0.12564314595121107 0.13350126095532716
v -0.18705410666152861 0.12564314595121107 0.15587024231566093
v -0.18705410666152861 0.12564314595121107 0.17823922367599471
v -0.18705410666152861 0.12564314595121107 0.20060820503632848
v -0.18705410666152861 0.12564314595121107 0.22297718639666225
v -0.18705410666152861 0.14801212731154478 0.088763298234659588
v -0.18705410666152861 0.14801212731154478 0.11113227959499336
v -0.18705410666152861 0.14801212731154478 0.17823922367599471
v -0.18705410666152861 0.14801212731154478 0.20060820503632848
v -0.18705410666152861 0.14801212731154478 0.22297718639666225
v -0.18705410666152861 0.17038110867187861 0.066394316874325815
v -0.18705410666152861 0.17038110867187861 0.088763298234659588
v -0.18705410666152861 0.17038110867187861 0.11113227959499336
v -0.18705410666152861 0.17038110867187861 0.20060820503632848
v -0.18705410666152861 0.17038110867187861 0.22297718639666225
v -0.18705410666152861 0.19275009003221233 0.066394316874325815
v -0.18705410666152861 0.19275009003221233 0.088763298234659588
v -0.18705410666152861 0.19275009003221233 0.22297718639666225
v -0.18705410666152861 0.21511907139254616 0.066394316874325815
v -0.18705410666152861 0.21511907139254616 0.088763298234659588
v -0.18705410666152861 0.21511907139254616 0.22297718639666225
v -0.18705410666152861 0.21511907139254616 0.24534616775699605
v -0.18705410666152861 0.23748805275287987 0.066394316874325815
v -0.18705410666152861 0.23748805275287987 0.088763298234659588
v -0.18705410666152861 0.23748805275287987 0.22297718639666225
v -0.18705410666152861 0.23748805275287987 0.24534616775699605
v -0.18705410666152861 0.2598570341132137 0.066394316874325815
v -0.18705410666152861 0.2598570341132137 0.22297718639666225
v -0.18705410666152861 0.2598570341132137 0.24534616775699605
v -0.18705410666152861 0.28222601547354742 0.066394316874325815
v -0.18705410666152861 0.28222601547354742 0.088763298234659588
v -0.18705410666152861 0.28222601547354742 0.22297718639666225
v -0.18705410666152861 0.28222601547354742 0.24534616775699605
v -0.18705410666152861 0.30459499683388125 0.066394316874325815
v -0.18705410666152861 0.30459499683388125 0.088763298234659588
v -0.18705410666152861 0.30459499683388125 0.22297718639666225
v -0.18705410666152861 0.30459499683388125 0.24534616775699605
v -0.18705410666152861 0.32696397819421508 0.066394316874325815
v -0.18705410666152861 0.32696397819421508 0.088763298234659588
v -0.18705410666152861 0.32696397819421508 0.20060820503632848
v -0.18705410666152861 0.32696397819421508 0.22297718639666225
v -0.18705410666152861 0.34933295955454879 0.066394316874325815
v -0.18705410666152861 0.34933295955454879 0.088763298234659588
v -0.18705410666152861 0.34933295955454879 0.11113227959499336
v -0.18705410666152861 0.34933295955454879 0.17823922367599471
v -0.18705410666152861 0.34933295955454879 0.20060820503632848
v -0.18705410666152861 0.34933295955454879 0.22297718639666225
v -0.18705410666152861 0.37170194091488262 0.088763298234659588
v -0.18705410666152861 0.37170194091488262 0.11113227959499336
v -0.18705410666152861 0.37170194091488262 0.13350126095532716
v -0.18705410666152861 0.37170194091488262 0.17823922367599471
v -0.18705410666152861 0.37170194091488262 0.20060820503632848
v -0.18705410666152861 0.37170194091488262 0.22297718639666225
v -0.18705410666152861 0.39407092227521634 0.11113227959499336
v -0.18705410666152861 0.39407092227521634 0.13350126095532716
v -0.18705410666152861 0.39407092227521634 0.15587024231566093
v -0.18705410666152861 0.39407092227521634 0.17823922367599471
v -0.18705410666152861 0.39407092227521634 0.20060820503632848
v -0.18705410666152861 0.41643990363555017 0.13350126095532716
v -0.18705410666152861 0.41643990363555017 0.15587024231566093
v -0.18705410666152861 0.41643990363555017 0.17823922367599471
v -0.18705410666152861 0.46117786635621771 0.17823922367599471
v -0.18705410666152861 0.46117786635621771 0.20060820503632848
v -0.18705410666152861 0.48354684771655143 0.17823922367599471
v -0.18705410666152861 0.48354684771655143 0.20060820503632848
v -0.18705410666152861 0.50591582907688526 0.17823922367599471
v -0.18705410666152861 0.50591582907688526 0.20060820503632848
v -0.18705410666152861 0.50591582907688526 0.22297718639666225
v -0.18705410666152861 0.52828481043721909 0.17823922367599471
v -0.18705410666152861 0.52828481043721909 0.20060820503632848
v -0.18705410666152861 0.52828481043721909 0.22297718639666225
v -0.18705410666152861 0.55065379179755281 0.17823922367599471
v -0.18705410666152861 0.55065379179755281 0.20060820503632848
v -0.18705410666152861 0.55065379179755281 0.22297718639666225
v -0.18705410666152861 0.57302277315788663 0.20060820503632848
v -0.18705410666152861 0.57302277315788663 0.22297718639666225
v -0.18705410666152861 0.59539175451822035 0.20060820503632848
v -0.18705410666152861 0.59539175451822035 0.22297718639666225
v -0.16468512530119481 -0.4112124066967997 0.22297718639666225
v -0.16468512530119481 -0.4112124066967997 0.24534616775699605
v -0.16468512530119481 -0.4112124066967997 0.26771514911732985
v -0.16468512530119481 -0.4112124066967997 0.29008413047766363
v -0.16468512530119481 -0.38884342533646593 0.20060820503632848
v -0.16468512530119481 -0.38884342533646593 0.22297718639666225
v -0.16468512530119481 -0.38884342533646593 0.24534616775699605
v -0.16468512530119481 -0.38884342533646593 0.29008413047766363
v -0.16468512530119481 -0.38884342533646593 0.3124531118379974
v -0.16468512530119481 -0.38884342533646593 0.33482209319833117
v -0.16468512530119481 -0.36647444397613216 0.20060820503632848
v -0.16468512530119481 -0.36647444397613216 0.22297718639666225
v -0.16468512530119481 -0.36647444397613216 0.33482209319833117
v -0.16468512530119481 -0.36647444397613216 0.35719107455866494
v -0.16468512530119481 -0.34410546261579833 0.20060820503632848
v -0.16468512530119481 -0.34410546261579833 0.35719107455866494
v -0.16468512530119481 -0.34410546261579833 0.37956005591899872
v -0.16468512530119481 -0.32173648125546461 0.17823922367599471
v -0.16468512530119481 -0.32173648125546461 0.20060820503632848
v -0.16468512530119481 -0.32173648125546461 0.35719107455866494
v -0.16468512530119481 -0.32173648125546461 0.37956005591899872
v -0.16468512530119481 -0.29936749989513078 0.17823922367599471
v -0.16468512530119481 -0.29936749989513078 0.20060820503632848
v -0.16468512530119481 -0.29936749989513078 0.33482209319833117
v -0.16468512530119481 -0.29936749989513078 0.35719107455866494
v -0.16468512530119481 -0.27699851853479701 0.15587024231566093
v -0.16468512530119481 -0.27699851853479701 0.17823922367599471
v -0.16468512530119481 -0.27699851853479701 0.33482209319833117
v -0.16468512530119481 -0.27699851853479701 0.35719107455866494
v -0.16468512530119481 -0.25462953717446324 0.13350126095532716
v -0.16468512530119481 -0.25462953717446324 0.15587024231566093
v -0.16468512530119481 -0.25462953717446324 0.17823922367599471
v -0.16468512530119481 -0.25462953717446324 0.3124531118379974
v -0.16468512530119481 -0.25462953717446324 0.33482209319833117
v -0.16468512530119481 -0.23226055581412947 0.13350126095532716
v -0.16468512530119481 -0.23226055581412947 0.15587024231566093
v -0.16468512530119481 -0.23226055581412947 0.3124531118379974
v -0.16468512530119481 -0.23226055581412947 0.33482209319833117
v -0.16468512530119481 -0.20989157445379569 0.11113227959499336
v -0.16468512530119481 -0.20989157445379569 0.13350126095532716
v -0.16468512530119481 -0.20989157445379569 0.3124531118379974
v -0.16468512530119481 -0.20989157445379569 0.33482209319833117
v -0.16468512530119481 -0.18752259309346192 0.11113227959499336
v -0.16468512530119481 -0.18752259309346192 0.3124531118379974
v -0.16468512530119481 -0.16515361173312812 0.088763298234659588
v -0.16468512530119481 -0.16515361173312812 0.11113227959499336
v -0.16468512530119481 -0.16515361173312812 0.3124531118379974
v -0.16468512530119481 -0.14278463037279432 0.088763298234659588
v -0.16468512530119481 -0.14278463037279432 0.29008413047766363
v -0.16468512530119481 -0.14278463037279432 0.3124531118379974
v -0.16468512530119481 -0.12041564901246055 0.066394316874325815
v -0.16468512530119481 -0.12041564901246055 0.088763298234659588
v -0.16468512530119481 -0.12041564901246055 0.29008413047766363
v -0.16468512530119481 -0.098046667652126773 0.044025335513992028
v -0.16468512530119481 -0.098046667652126773 0.066394316874325815
v -0.16468512530119481 -0.098046667652126773 0.088763298234659588
v -0.16468512530119481 -0.098046667652126773 0.26771514911732985
v -0.16468512530119481 -0.098046667652126773 0.29008413047766363
v -0.16468512530119481 -0.075677686291793 0.044025335513992028
v -0.16468512530119481 -0.075677686291793 0.066394316874325815
v -0.16468512530119481 -0.075677686291793 0.26771514911732985
v -0.16468512530119481 -0.053308704931459228 0.044025335513992028
v -0.16468512530119481 -0.053308704931459228 0.066394316874325815
v -0.16468512530119481 -0.053308704931459228 0.24534616775699605
v -0.16468512530119481 -0.053308704931459228 0.26771514911732985
v -0.16468512530119481 -0.030939723571125455 0.021656354153658249
v -0.16468512530119481 -0.030939723571125455 0.044025335513992028
v -0.16468512530119481 -0.030939723571125455 0.066394316874325815
v -0.16468512530119481 -0.030939723571125455 0.088763298234659588
v -0.16468512530119481 -0.030939723571125455 0.24534616775699605
v -0.16468512530119481 -0.008570742210791682 0.021656354153658249
v -0.16468512530119481 -0.008570742210791682 0.044025335513992028
v -0.16468512530119481 -0.008570742210791682 0.066394316874325815
v -0.16468512530119481 -0.008570742210791682 0.088763298234659588
v -0.16468512530119481 -0.008570742210791682 0.11113227959499336
v -0.16468512530119481 -0.008570742210791682 0.22297718639666225
v -0.16468512530119481 -0.008570742210791682 0.24534616775699605
v -0.16468512530119481 0.013798239149542091 0.021656354153658249
v -0.16468512530119481 0.013798239149542091 0.044025335513992028
v -0.16468512530119481 0.013798239149542091 0.066394316874325815
v -0.16468512530119481 0.013798239149542091 0.11113227959499336
v -0.16468512530119481 0.013798239149542091 0.15587024231566093
v -0.16468512530119481 0.013798239149542091 0.17823922367599471
v -0.16468512530119481 0.013798239149542091 0.20060820503632848
v -0.16468512530119481 0.013798239149542091 0.22297718639666225
v -0.16468512530119481 0.013798239149542091 0.24534616775699605
v -0.16468512530119481 0.036167220509875864 0.11113227959499336
v -0.16468512530119481 0.036167220509875864 0.13350126095532716
v -0.16468512530119481 0.036167220509875864 0.15587024231566093
v -0.16468512530119481 0.036167220509875864 0.17823922367599471
v -0.16468512530119481 0.036167220509875864 0.20060820503632848
v -0.16468512530119481 0.036167220509875864 0.22297718639666225
v -0.16468512530119481 0.058536201870209692 0.13350126095532716
v -0.16468512530119481 0.058536201870209692 0.15587024231566093
v -0.16468512530119481 0.058536201870209692 0.17823922367599471
v -0.16468512530119481 0.058536201870209692 0.20060820503632848
v -0.16468512530119481 0.058536201870209692 0.22297718639666225
v -0.16468512530119481 0.080905183230543465 0.11113227959499336
v -0.16468512530119481 0.080905183230543465 0.13350126095532716
v -0.16468512530119481 0.080905183230543465 0.15587024231566093
v -0.16468512530119481 0.080905183230543465 0.17823922367599471
v -0.16468512530119481 0.080905183230543465 0.20060820503632848
v -0.16468512530119481 0.10327416459087724 0.088763298234659588
v -0.16468512530119481 0.10327416459087724 0.11113227959499336
v -0.16468512530119481 0.10327416459087724 0.13350126095532716
v -0.16468512530119481 0.10327416459087724 0.15587024231566093
v -0.16468512530119481 0.10327416459087724 0.17823922367599471
v -0.16468512530119481 0.10327416459087724 0.20060820503632848
v -0.16468512530119481 0.10327416459087724 0.22297718639666225
v -0.16468512530119481 0.12564314595121107 0.066394316874325815
v -0.16468512530119481 0.12564314595121107 0.088763298234659588
v -0.16468512530119481 0.12564314595121107 0.11113227959499336
v -0.16468512530119481 0.12564314595121107 0.17823922367599471
v -0.16468512530119481 0.12564314595121107 0.20060820503632848
v -0.16468512530119481 0.12564314595121107 0.22297718639666225
v -0.16468512530119481 0.14801212731154478 0.066394316874325815
v -0.16468512530119481 0.14801212731154478 0.088763298234659588
v -0.16468512530119481 0.14801212731154478 0.22297718639666225
v -0.16468512530119481 0.14801212731154478 0.24534616775699605
v -0.16468512530119481 0.17038110867187861 0.066394316874325815
v -0.16468512530119481 0.17038110867187861 0.088763298234659588
v -0.16468512530119481 0.17038110867187861 0.22297718639666225
v -0.16468512530119481 0.17038110867187861 0.24534616775699605
v -0.16468512530119481 0.19275009003221233 0.066394316874325815
v -0.16468512530119481 0.19275009003221233 0.22297718639666225
v -0.16468512530119481 0.19275009003221233 0.24534616775699605
v -0.16468512530119481 0.21511907139254616 0.066394316874325815
v -0.16468512530119481 0.21511907139254616 0.22297718639666225
v -0.16468512530119481 0.21511907139254616 0.24534616775699605
v -0.16468512530119481 0.23748805275287987 0.066394316874325815
v -0.16468512530119481 0.23748805275287987 0.24534616775699605
v -0.16468512530119481 0.2598570341132137 0.066394316874325815
v -0.16468512530119481 0.2598570341132137 0.24534616775699605
v -0.16468512530119481 0.28222601547354742 0.066394316874325815
v -0.16468512530119481 0.28222601547354742 0.24534616775699605
v -0.16468512530119481 0.30459499683388125 0.066394316874325815
v -0.16468512530119481 0.30459499683388125 0.22297718639666225
v -0.16468512530119481 0.30459499683388125 0.24534616775699605
v -0.16468512530119481 0.32696397819421508 0.066394316874325815
v -0.16468512530119481 0.32696397819421508 0.22297718639666225
v -0.16468512530119481 0.32696397819421508 0.24534616775699605
v -0.16468512530119481 0.34933295955454879 0.066394316874325815
v -0.16468512530119481 0.34933295955454879 0.088763298234659588
v -0.16468512530119481 0.34933295955454879 0.22297718639666225
v -0.16468512530119481 0.34933295955454879 0.24534616775699605
v -0.16468512530119481 0.37170194091488262 0.066394316874325815
v -0.16468512530119481 0.37170194091488262 0.088763298234659588
v -0.16468512530119481 0.37170194091488262 0.11113227959499336
v -0.16468512530119481 0.37170194091488262 0.20060820503632848
v -0.16468512530119481 0.37170194091488262 0.22297718639666225
v -0.16468512530119481 0.39407092227521634 0.088763298234659588
v -0.16468512530119481 0.39407092227521634 0.11113227959499336
v -0.16468512530119481 0.39407092227521634 0.13350126095532716
v -0.16468512530119481 0.39407092227521634 0.17823922367599471
v -0.16468512530119481 0.39407092227521634 0.20060820503632848
v -0.16468512530119481 0.39407092227521634 0.22297718639666225
v -0.16468512530119481 0.41643990363555017 0.11113227959499336
v -0.16468512530119481 0.41643990363555017 0.13350126095532716
v -0.16468512530119481 0.41643990363555017 0.15587024231566093
v -0.16468512530119481 0.41643990363555017 0.17823922367599471
v -0.16468512530119481 0.41643990363555017 0.20060820503632848
v -0.16468512530119481 0.43880888499588389 0.13350126095532716
v -0.16468512530119481 0.43880888499588389 0.15587024231566093
v -0.16468512530119481 0.43880888499588389 0.17823922367599471
v -0.16468512530119481 0.46117786635621771 0.15587024231566093
v -0.16468512530119481 0.46117786635621771 0.17823922367599471
v -0.16468512530119481 0.46117786635621771 0.20060820503632848
v -0.16468512530119481 0.46117786635621771 0.22297718639666225
v -0.16468512530119481 0.48354684771655143 0.15587024231566093
v -0.16468512530119481 0.48354684771655143 0.17823922367599471
v -0.16468512530119481 0.48354684771655143 0.20060820503632848
v -0.16468512530119481 0.48354684771655143 0.22297718639666225
v -0.16468512530119481 0.50591582907688526 0.15587024231566093
v -0.16468512530119481 0.50591582907688526 0.17823922367599471
v -0.16468512530119481 0.50591582907688526 0.20060820503632848
v -0.16468512530119481 0.50591582907688526 0.22297718639666225
v -0.16468512530119481 0.52828481043721909 0.15587024231566093
v -0.16468512530119481 0.52828481043721909 0.17823922367599471
v -0.16468512530119481 0.52828481043721909 0.22297718639666225
v -0.16468512530119481 0.55065379179755281 0.15587024231566093
v -0.16468512530119481 0.55065379179755281 0.17823922367599471
v -0.16468512530119481 0.55065379179755281 0.20060820503632848
v -0.16468512530119481 0.55065379179755281 0.22297718639666225
v -0.16468512530119481 0.57302277315788663 0.17823922367599471
v -0.16468512530119481 0.57302277315788663 0.20060820503632848
v -0.16468512530119481 0.57302277315788663 0.22297718639666225
v -0.16468512530119481 0.59539175451822035 0.17823922367599471
v -0.16468512530119481 0.59539175451822035 0.20060820503632848
v -0.16468512530119481 0.59539175451822035 0.22297718639666225
v -0.14231614394086101 -0.4112124066967997 0.22297718639666225
v -0.14231614394086101 -0.4112124066967997 0.24534616775699605
v -0.14231614394086101 -0.4112124066967997 0.26771514911732985
v -0.14231614394086101 -0.4112124066967997 0.29008413047766363
v -0.14231614394086101 -0.38884342533646593 0.20060820503632848
v -0.14231614394086101 -0.38884342533646593 0.22297718639666225
v -0.14231614394086101 -0.38884342533646593 0.26771514911732985
v -0.14231614394086101 -0.38884342533646593 0.29008413047766363
v -0.14231614394086101 -0.38884342533646593 0.3124531118379974
v -0.14231614394086101 -0.38884342533646593 0.33482209319833117
v -0.14231614394086101 -0.36647444397613216 0.20060820503632848
v -0.14231614394086101 -0.36647444397613216 0.24534616775699605
v -0.14231614394086101 -0.36647444397613216 0.26771514911732985
v -0.14231614394086101 -0.36647444397613216 0.29008413047766363
v -0.14231614394086101 -0.36647444397613216 0.3124531118379974
v -0.14231614394086101 -0.36647444397613216 0.33482209319833117
v -0.14231614394086101 -0.36647444397613216 0.35719107455866494
v -0.14231614394086101 -0.34410546261579833 0.20060820503632848
v -0.14231614394086101 -0.34410546261579833 0.24534616775699605
v -0.14231614394086101 -0.34410546261579833 0.26771514911732985
v -0.14231614394086101 -0.34410546261579833 0.29008413047766363
v -0.14231614394086101 -0.34410546261579833 0.3124531118379974
v -0.14231614394086101 -0.34410546261579833 0.33482209319833117
v -0.14231614394086101 -0.34410546261579833 0.35719107455866494
v -0.14231614394086101 -0.34410546261579833 0.37956005591899872
v -0.14231614394086101 -0.32173648125546461 0.17823922367599471
v -0.14231614394086101 -0.32173648125546461 0.20060820503632848
v -0.14231614394086101 -0.32173648125546461 0.29008413047766363
v -0.14231614394086101 -0.32173648125546461 0.3124531118379974
v -0.14231614394086101 -0.32173648125546461 0.33482209319833117
v -0.14231614394086101 -0.32173648125546461 0.35719107455866494
v -0.14231614394086101 -0.32173648125546461 0.37956005591899872
v -0.14231614394086101 -0.29936749989513078 0.17823922367599471
v -0.14231614394086101 -0.29936749989513078 0.35719107455866494
v -0.14231614394086101 -0.27699851853479701 0.15587024231566093
v -0.14231614394086101 -0.27699851853479701 0.17823922367599471
v -0.14231614394086101 -0.27699851853479701 0.33482209319833117
v -0.14231614394086101 -0.27699851853479701 0.35719107455866494
v -0.14231614394086101 -0.25462953717446324 0.13350126095532716
v -0.14231614394086101 -0.25462953717446324 0.15587024231566093
v -0.14231614394086101 -0.25462953717446324 0.29008413047766363
v -0.14231614394086101 -0.25462953717446324 0.3124531118379974
v -0.14231614394086101 -0.25462953717446324 0.33482209319833117
v -0.14231614394086101 -0.23226055581412947 0.13350126095532716
v -0.14231614394086101 -0.23226055581412947 0.17823922367599471
v -0.14231614394086101 -0.23226055581412947 0.20060820503632848
v -0.14231614394086101 -0.23226055581412947 0.26771514911732985
v -0.14231614394086101 -0.23226055581412947 0.29008413047766363
v -0.14231614394086101 -0.23226055581412947 0.3124531118379974
v -0.14231614394086101 -0.23226055581412947 0.33482209319833117
v -0.14231614394086101 -0.20989157445379569 0.11113227959499336
v -0.14231614394086101 -0.20989157445379569 0.13350126095532716
v -0.14231614394086101 -0.20989157445379569 0.17823922367599471
v -0.14231614394086101 -0.20989157445379569 0.20060820503632848
v -0.14231614394086101 -0.20989157445379569 0.22297718639666225
v -0.14231614394086101 -0.20989157445379569 0.24534616775699605
v -0.14231614394086101 -0.20989157445379569 0.26771514911732985
v -0.14231614394086101 -0.20989157445379569 0.29008413047766363
v -0.14231614394086101 -0.20989157445379569 0.3124531118379974
v -0.14231614394086101 -0.20989157445379569 0.33482209319833117
v -0.14231614394086101 -0.18752259309346192 0.11113227959499336
v -0.14231614394086101 -0.18752259309346192 0.15587024231566093
v -0.14231614394086101 -0.18752259309346192 0.17823922367599471
v -0.14231614394086101 -0.18752259309346192 0.20060820503632848
v -0.14231614394086101 -0.18752259309346192 0.22297718639666225
v -0.14231614394086101 -0.18752259309346192 0.24534616775699605
v -0.14231614394086101 -0.18752259309346192 0.26771514911732985
v -0.14231614394086101 -0.18752259309346192 0.29008413047766363
v -0.14231614394086101 -0.18752259309346192 0.3124531118379974
v -0.14231614394086101 -0.16515361173312812 0.088763298234659588
v -0.14231614394086101 -0.16515361173312812 0.11113227959499336
v -0.14231614394086101 -0.16515361173312812 0.15587024231566093
v -0.14231614394086101 -0.16515361173312812 0.17823922367599471
v -0.14231614394086101 -0.16515361173312812 0.20060820503632848
v -0.14231614394086101 -0.16515361173312812 0.22297718639666225
v -0.14231614394086101 -0.16515361173312812 0.24534616775699605
v -0.14231614394086101 -0.16515361173312812 0.26771514911732985
v -0.14231614394086101 -0.16515361173312812 0.29008413047766363
v -0.14231614394086101 -0.16515361173312812 0.3124531118379974
v -0.14231614394086101 -0.14278463037279432 0.088763298234659588
v -0.14231614394086101 -0.14278463037279432 0.11113227959499336
v -0.14231614394086101 -0.14278463037279432 0.22297718639666225
v -0.14231614394086101 -0.14278463037279432 0.24534616775699605
v -0.14231614394086101 -0.14278463037279432 0.26771514911732985
v -0.14231614394086101 -0.14278463037279432 0.29008413047766363
v -0.14231614394086101 -0.14278463037279432 0.3124531118379974
v -0.14231614394086101 -0.12041564901246055 0.088763298234659588
v -0.14231614394086101 -0.12041564901246055 0.24534616775699605
v -0.14231614394086101 -0.12041564901246055 0.26771514911732985
v -0.14231614394086101 -0.12041564901246055 0.29008413047766363
v -0.14231614394086101 -0.098046667652126773 0.066394316874325815
v -0.14231614394086101 -0.098046667652126773 0.088763298234659588
v -0.14231614394086101 -0.098046667652126773 0.24534616775699605
v -0.14231614394086101 -0.098046667652126773 0.26771514911732985
v -0.14231614394086101 -0.098046667652126773 0.29008413047766363
v -0.14231614394086101 -0.075677686291793 0.044025335513992028
v -0.14231614394086101 -0.075677686291793 0.066394316874325815
v -0.14231614394086101 -0.075677686291793 0.088763298234659588
v -0.14231614394086101 -0.075677686291793 0.26771514911732985
v -0.14231614394086101 -0.053308704931459228 0.044025335513992028
v -0.14231614394086101 -0.053308704931459228 0.066394316874325815
v -0.14231614394086101 -0.053308704931459228 0.088763298234659588
v -0.14231614394086101 -0.053308704931459228 0.24534616775699605
v -0.14231614394086101 -0.053308704931459228 0.26771514911732985
v -0.14231614394086101 -0.030939723571125455 0.066394316874325815
v -0.14231614394086101 -0.030939723571125455 0.088763298234659588
v -0.14231614394086101 -0.030939723571125455 0.22297718639666225
v -0.14231614394086101 -0.030939723571125455 0.24534616775699605
v -0.14231614394086101 -0.008570742210791682 0.088763298234659588
v -0.14231614394086101 -0.008570742210791682 0.11113227959499336
v -0.14231614394086101 -0.008570742210791682 0.20060820503632848
v -0.14231614394086101 -0.008570742210791682 0.22297718639666225
v -0.14231614394086101 -0.008570742210791682 0.24534616775699605
v -0.14231614394086101 0.013798239149542091 0.11113227959499336
v -0.14231614394086101 0.013798239149542091 0.15587024231566093
v -0.14231614394086101 0.013798239149542091 0.17823922367599471
v -0.14231614394086101 0.013798239149542091 0.20060820503632848
v -0.14231614394086101 0.013798239149542091 0.22297718639666225
v -0.14231614394086101 0.036167220509875864 0.11113227959499336
v -0.14231614394086101 0.036167220509875864 0.13350126095532716
v -0.14231614394086101 0.036167220509875864 0.15587024231566093
v -0.14231614394086101 0.058536201870209692 0.11113227959499336
v -0.14231614394086101 0.058536201870209692 0.13350126095532716
v -0.14231614394086101 0.058536201870209692 0.15587024231566093
v -0.14231614394086101 0.058536201870209692 0.17823922367599471
v -0.14231614394086101 0.080905183230543465 0.088763298234659588
v -0.14231614394086101 0.080905183230543465 0.11113227959499336
v -0.14231614394086101 0.080905183230543465 0.13350126095532716
v -0.14231614394086101 0.080905183230543465 0.15587024231566093
v -0.14231614394086101 0.080905183230543465 0.17823922367599471
v -0.14231614394086101 0.080905183230543465 0.20060820503632848
v -0.14231614394086101 0.080905183230543465 0.22297718639666225
v -0.14231614394086101 0.10327416459087724 0.088763298234659588
v -0.14231614394086101 0.10327416459087724 0.11113227959499336
v -0.14231614394086101 0.10327416459087724 0.20060820503632848
v -0.14231614394086101 0.10327416459087724 0.22297718639666225
v -0.14231614394086101 0.10327416459087724 0.24534616775699605
v -0.14231614394086101 0.12564314595121107 0.066394316874325815
v -0.14231614394086101 0.12564314595121107 0.088763298234659588
v -0.14231614394086101 0.12564314595121107 0.22297718639666225
v -0.14231614394086101 0.12564314595121107 0.24534616775699605
v -0.14231614394086101 0.14801212731154478 0.066394316874325815
v -0.14231614394086101 0.14801212731154478 0.22297718639666225
v -0.14231614394086101 0.14801212731154478 0.24534616775699605
v -0.14231614394086101 0.17038110867187861 0.066394316874325815
v -0.14231614394086101 0.17038110867187861 0.24534616775699605
v -0.14231614394086101 0.19275009003221233 0.066394316874325815
v -0.14231614394086101 0.19275009003221233 0.24534616775699605
v -0.14231614394086101 0.21511907139254616 0.066394316874325815
v -0.14231614394086101 0.21511907139254616 0.24534616775699605
v -0.14231614394086101 0.23748805275287987 0.066394316874325815
v -0.14231614394086101 0.23748805275287987 0.24534616775699605
v -0.14231614394086101 0.2598570341132137 0.066394316874325815
v -0.14231614394086101 0.2598570341132137 0.24534616775699605
v -0.14231614394086101 0.28222601547354742 0.066394316874325815
v -0.14231614394086101 0.28222601547354742 0.24534616775699605
v -0.14231614394086101 0.30459499683388125 0.066394316874325815
v -0.14231614394086101 0.30459499683388125 0.24534616775699605
v -0.14231614394086101 0.32696397819421508 0.066394316874325815
v -0.14231614394086101 0.32696397819421508 0.24534616775699605
v -0.14231614394086101 0.34933295955454879 0.066394316874325815
v -0.14231614394086101 0.34933295955454879 0.22297718639666225
v -0.14231614394086101 0.34933295955454879 0.24534616775699605
v -0.14231614394086101 0.37170194091488262 0.066394316874325815
v -0.14231614394086101 0.37170194091488262 0.088763298234659588
v -0.14231614394086101 0.37170194091488262 0.22297718639666225
v -0.14231614394086101 0.37170194091488262 0.24534616775699605
v -0.14231614394086101 0.39407092227521634 0.088763298234659588
v -0.14231614394086101 0.39407092227521634 0.11113227959499336
v -0.14231614394086101 0.39407092227521634 0.20060820503632848
v -0.14231614394086101 0.39407092227521634 0.22297718639666225
v -0.14231614394086101 0.41643990363555017 0.088763298234659588
v -0.14231614394086101 0.41643990363555017 0.11113227959499336
v -0.14231614394086101 0.41643990363555017 0.13350126095532716
v -0.14231614394086101 0.41643990363555017 0.17823922367599471
v -0.14231614394086101 0.41643990363555017 0.20060820503632848
v -0.14231614394086101 0.41643990363555017 0.22297718639666225
v -0.14231614394086101 0.43880888499588389 0.11113227959499336
v -0.14231614394086101 0.43880888499588389 0.13350126095532716
v -0.14231614394086101 0.43880888499588389 0.15587024231566093
v -0.14231614394086101 0.43880888499588389 0.17823922367599471
v -0.14231614394086101 0.46117786635621771 0.13350126095532716
v -0.14231614394086101 0.46117786635621771 0.15587024231566093
v -0.14231614394086101 0.46117786635621771 0.17823922367599471
v -0.14231614394086101 0.46117786635621771 0.20060820503632848
v -0.14231614394086101 0.46117786635621771 0.22297718639666225
v -0.14231614394086101 0.48354684771655143 0.15587024231566093
v -0.14231614394086101 0.48354684771655143 0.22297718639666225
v -0.14231614394086101 0.50591582907688526 0.15587024231566093
v -0.14231614394086101 0.50591582907688526 0.22297718639666225
v -0.14231614394086101 0.52828481043721909 0.15587024231566093
v -0.14231614394086101 0.52828481043721909 0.22297718639666225
v -0.14231614394086101 0.55065379179755281 0.15587024231566093
v -0.14231614394086101 0.55065379179755281 0.17823922367599471
v -0.14231614394086101 0.55065379179755281 0.22297718639666225
v -0.14231614394086101 0.57302277315788663 0.15587024231566093
v -0.14231614394086101 0.57302277315788663 0.17823922367599471
v -0.14231614394086101 0.57302277315788663 0.22297718639666225
v -0.14231614394086101 0.59539175451822035 0.17823922367599471
v -0.14231614394086101 0.59539175451822035 0.20060820503632848
v -0.14231614394086101 0.59539175451822035 0.22297718639666225
v -0.11994716258052723 -0.4112124066967997 0.22297718639666225
v -0.11994716258052723 -0.4112124066967997 0.24534616775699605
v -0.11994716258052723 -0.4112124066967997 0.26771514911732985
v -0.11994716258052723 -0.38884342533646593 0.20060820503632848
v -0.11994716258052723 -0.38884342533646593 0.22297718639666225
v -0.11994716258052723 -0.38884342533646593 0.24534616775699605
v -0.11994716258052723 -0.38884342533646593 0.26771514911732985
v -0.11994716258052723 -0.36647444397613216 0.20060820503632848
v -0.11994716258052723 -0.36647444397613216 0.22297718639666225
v -0.11994716258052723 -0.36647444397613216 0.24534616775699605
v -0.11994716258052723 -0.36647444397613216 0.26771514911732985
v -0.11994716258052723 -0.34410546261579833 0.20060820503632848
v -0.11994716258052723 -0.34410546261579833 0.22297718639666225
v -0.11994716258052723 -0.34410546261579833 0.24534616775699605
v -0.11994716258052723 -0.34410546261579833 0.26771514911732985
v -0.11994716258052723 -0.34410546261579833 0.29008413047766363
v -0.11994716258052723 -0.34410546261579833 0.33482209319833117
v -0.11994716258052723 -0.34410546261579833 0.35719107455866494
v -0.11994716258052723 -0.32173648125546461 0.17823922367599471
v -0.11994716258052723 -0.32173648125546461 0.20060820503632848
v -0.11994716258052723 -0.32173648125546461 0.22297718639666225
v -0.11994716258052723 -0.32173648125546461 0.24534616775699605
v -0.11994716258052723 -0.32173648125546461 0.26771514911732985
v -0.11994716258052723 -0.32173648125546461 0.29008413047766363
v -0.11994716258052723 -0.32173648125546461 0.3124531118379974
v -0.11994716258052723 -0.32173648125546461 0.33482209319833117
v -0.11994716258052723 -0.32173648125546461 0.35719107455866494
v -0.11994716258052723 -0.29936749989513078 0.17823922367599471
v -0.11994716258052723 -0.29936749989513078 0.20060820503632848
v -0.11994716258052723 -0.29936749989513078 0.22297718639666225
v -0.11994716258052723 -0.29936749989513078 0.24534616775699605
v -0.11994716258052723 -0.29936749989513078 0.26771514911732985
v -0.11994716258052723 -0.29936749989513078 0.29008413047766363
v -0.11994716258052723 -0.29936749989513078 0.3124531118379974
v -0.11994716258052723 -0.29936749989513078 0.33482209319833117
v -0.11994716258052723 -0.29936749989513078 0.35719107455866494
v -0.11994716258052723 -0.27699851853479701 0.15587024231566093
v -0.11994716258052723 -0.27699851853479701 0.17823922367599471
v -0.11994716258052723 -0.27699851853479701 0.20060820503632848
v -0.11994716258052723 -0.27699851853479701 0.22297718639666225
v -0.11994716258052723 -0.27699851853479701 0.24534616775699605
v -0.11994716258052723 -0.27699851853479701 0.26771514911732985
v -0.11994716258052723 -0.27699851853479701 0.29008413047766363
v -0.11994716258052723 -0.27699851853479701 0.3124531118379974
v -0.11994716258052723 -0.27699851853479701 0.33482209319833117
v -0.11994716258052723 -0.27699851853479701 0.35719107455866494
v -0.11994716258052723 -0.25462953717446324 0.13350126095532716
v -0.11994716258052723 -0.25462953717446324 0.15587024231566093
v -0.11994716258052723 -0.25462953717446324 0.17823922367599471
v -0.11994716258052723 -0.25462953717446324 0.20060820503632848
v -0.11994716258052723 -0.25462953717446324 0.22297718639666225
v -0.11994716258052723 -0.25462953717446324 0.24534616775699605
v -0.11994716258052723 -0.25462953717446324 0.26771514911732985
v -0.11994716258052723 -0.25462953717446324 0.29008413047766363
v -0.11994716258052723 -0.25462953717446324 0.3124531118379974
v -0.11994716258052723 -0.25462953717446324 0.33482209319833117
v -0.11994716258052723 -0.23226055581412947 0.13350126095532716
v -0.11994716258052723 -0.23226055581412947 0.15587024231566093
v -0.11994716258052723 -0.23226055581412947 0.17823922367599471
v -0.11994716258052723 -0.23226055581412947 0.20060820503632848
v -0.11994716258052723 -0.23226055581412947 0.22297718639666225
v -0.11994716258052723 -0.23226055581412947 0.24534616775699605
v -0.11994716258052723 -0.23226055581412947 0.26771514911732985
v -0.11994716258052723 -0.23226055581412947 0.29008413047766363
v -0.11994716258052723 -0.23226055581412947 0.3124531118379974
v -0.11994716258052723 -0.23226055581412947 0.33482209319833117
v -0.11994716258052723 -0.20989157445379569 0.11113227959499336
v -0.11994716258052723 -0.20989157445379569 0.13350126095532716
v -0.11994716258052723 -0.20989157445379569 0.15587024231566093
v -0.11994716258052723 -0.20989157445379569 0.17823922367599471
v -0.11994716258052723 -0.20989157445379569 0.20060820503632848
v -0.11994716258052723 -0.20989157445379569 0.22297718639666225
v -0.11994716258052723 -0.20989157445379569 0.24534616775699605
v -0.11994716258052723 -0.20989157445379569 0.26771514911732985
v -0.11994716258052723 -0.18752259309346192 0.11113227959499336
v -0.11994716258052723 -0.18752259309346192 0.13350126095532716
v -0.11994716258052723 -0.18752259309346192 0.15587024231566093
v -0.11994716258052723 -0.18752259309346192 0.17823922367599471
v -0.11994716258052723 -0.18752259309346192 0.20060820503632848
v -0.11994716258052723 -0.18752259309346192 0.22297718639666225
v -0.11994716258052723 -0.16515361173312812 0.11113227959499336
v -0.11994716258052723 -0.16515361173312812 0.13350126095532716
v -0.11994716258052723 -0.16515361173312812 0.15587024231566093
v -0.11994716258052723 -0.16515361173312812 0.17823922367599471
v -0.11994716258052723 -0.16515361173312812 0.20060820503632848
v -0.11994716258052723 -0.16515361173312812 0.22297718639666225
v -0.11994716258052723 -0.16515361173312812 0.24534616775699605
v -0.11994716258052723 -0.14278463037279432 0.088763298234659588
v -0.11994716258052723 -0.14278463037279432 0.11113227959499336
v -0.11994716258052723 -0.14278463037279432 0.22297718639666225
v -0.11994716258052723 -0.14278463037279432 0.24534616775699605
v -0.11994716258052723 -0.12041564901246055 0.088763298234659588
v -0.11994716258052723 -0.12041564901246055 0.11113227959499336
v -0.11994716258052723 -0.12041564901246055 0.24534616775699605
v -0.11994716258052723 -0.098046667652126773 0.066394316874325815
v -0.11994716258052723 -0.098046667652126773 0.088763298234659588
v -0.11994716258052723 -0.098046667652126773 0.24534616775699605
v -0.11994716258052723 -0.098046667652126773 0.26771514911732985
v -0.11994716258052723 -0.075677686291793 0.066394316874325815
v -0.11994716258052723 -0.075677686291793 0.088763298234659588
v -0.11994716258052723 -0.075677686291793 0.24534616775699605
v -0.11994716258052723 -0.075677686291793 0.26771514911732985
v -0.11994716258052723 -0.053308704931459228 0.088763298234659588
v -0.11994716258052723 -0.053308704931459228 0.24534616775699605
v -0.11994716258052723 -0.053308704931459228 0.26771514911732985
v -0.11994716258052723 -0.030939723571125455 0.088763298234659588
v -0.11994716258052723 -0.030939723571125455 0.22297718639666225
v -0.11994716258052723 -0.030939723571125455 0.24534616775699605
v -0.11994716258052723 -0.008570742210791682 0.088763298234659588
v -0.11994716258052723 -0.008570742210791682 0.11113227959499336
v -0.11994716258052723 -0.008570742210791682 0.20060820503632848
v -0.11994716258052723 -0.008570742210791682 0.22297718639666225
v -0.11994716258052723 0.013798239149542091 0.11113227959499336
v -0.11994716258052723 0.013798239149542091 0.15587024231566093
v -0.11994716258052723 0.013798239149542091 0.17823922367599471
v -0.11994716258052723 0.013798239149542091 0.20060820503632848
v -0.11994716258052723 0.036167220509875864 0.11113227959499336
v -0.11994716258052723 0.036167220509875864 0.13350126095532716
v -0.11994716258052723 0.036167220509875864 0.15587024231566093
v -0.11994716258052723 0.036167220509875864 0.17823922367599471
v -0.11994716258052723 0.058536201870209692 0.11113227959499336
v -0.11994716258052723 0.058536201870209692 0.13350126095532716
v -0.11994716258052723 0.058536201870209692 0.15587024231566093
v -0.11994716258052723 0.058536201870209692 0.17823922367599471
v -0.11994716258052723 0.058536201870209692 0.20060820503632848
v -0.11994716258052723 0.058536201870209692 0.22297718639666225
v -0.11994716258052723 0.080905183230543465 0.088763298234659588
v -0.11994716258052723 0.080905183230543465 0.11113227959499336
v -0.11994716258052723 0.080905183230543465 0.17823922367599471
v -0.11994716258052723 0.080905183230543465 0.20060820503632848
v -0.11994716258052723 0.080905183230543465 0.22297718639666225
v -0.11994716258052723 0.080905183230543465 0.24534616775699605
v -0.11994716258052723 0.10327416459087724 0.066394316874325815
v -0.11994716258052723 0.10327416459087724 0.088763298234659588
v -0.11994716258052723 0.10327416459087724 0.22297718639666225
v -0.11994716258052723 0.10327416459087724 0.24534616775699605
v -0.11994716258052723 0.12564314595121107 0.066394316874325815
v -0.11994716258052723 0.12564314595121107 0.088763298234659588
v -0.11994716258052723 0.12564314595121107 0.24534616775699605
v -0.11994716258052723 0.14801212731154478 0.066394316874325815
v -0.11994716258052723 0.14801212731154478 0.24534616775699605
v -0.11994716258052723 0.17038110867187861 0.066394316874325815
v -0.11994716258052723 0.17038110867187861 0.24534616775699605
v -0.11994716258052723 0.19275009003221233 0.066394316874325815
v -0.11994716258052723 0.19275009003221233 0.24534616775699605
v -0.11994716258052723 0.21511907139254616 0.066394316874325815
v -0.11994716258052723 0.21511907139254616 0.24534616775699605
v -0.11994716258052723 0.23748805275287987 0.066394316874325815
v -0.11994716258052723 0.23748805275287987 0.24534616775699605
v -0.11994716258052723 0.2598570341132137 0.066394316874325815
v -0.11994716258052723 0.2598570341132137 0.24534616775699605
v -0.11994716258052723 0.28222601547354742 0.066394316874325815
v -0.11994716258052723 0.28222601547354742 0.24534616775699605
v -0.11994716258052723 0.30459499683388125 0.066394316874325815
v -0.11994716258052723 0.30459499683388125 0.24534616775699605
v -0.11994716258052723 0.32696397819421508 0.066394316874325815
v -0.11994716258052723 0.32696397819421508 0.24534616775699605
v -0.11994716258052723 0.34933295955454879 0.066394316874325815
v -0.11994716258052723 0.34933295955454879 0.24534616775699605
v -0.11994716258052723 0.37170194091488262 0.066394316874325815
v -0.11994716258052723 0.37170194091488262 0.088763298234659588
v -0.11994716258052723 0.37170194091488262 0.22297718639666225
v -0.11994716258052723 0.37170194091488262 0.24534616775699605
v -0.11994716258052723 0.39407092227521634 0.066394316874325815
v -0.11994716258052723 0.39407092227521634 0.088763298234659588
v -0.11994716258052723 0.39407092227521634 0.22297718639666225
v -0.11994716258052723 0.39407092227521634 0.24534616775699605
v -0.11994716258052723 0.41643990363555017 0.088763298234659588
v -0.11994716258052723 0.41643990363555017 0.11113227959499336
v -0.11994716258052723 0.41643990363555017 0.17823922367599471
v -0.11994716258052723 0.41643990363555017 0.20060820503632848
v -0.11994716258052723 0.41643990363555017 0.22297718639666225
v -0.11994716258052723 0.43880888499588389 0.11113227959499336
v -0.11994716258052723 0.43880888499588389 0.13350126095532716
v -0.11994716258052723 0.43880888499588389 0.17823922367599471
v -0.11994716258052723 0.43880888499588389 0.20060820503632848
v -0.11994716258052723 0.46117786635621771 0.13350126095532716
v -0.11994716258052723 0.46117786635621771 0.15587024231566093
v -0.11994716258052723 0.46117786635621771 0.17823922367599471
v -0.11994716258052723 0.46117786635621771 0.20060820503632848
v -0.11994716258052723 0.46117786635621771 0.22297718639666225
v -0.11994716258052723 0.48354684771655143 0.13350126095532716
v -0.11994716258052723 0.48354684771655143 0.15587024231566093
v -0.11994716258052723 0.48354684771655143 0.20060820503632848
v -0.11994716258052723 0.48354684771655143 0.22297718639666225
v -0.11994716258052723 0.50591582907688526 0.13350126095532716
v -0.11994716258052723 0.50591582907688526 0.15587024231566093
v -0.11994716258052723 0.50591582907688526 0.22297718639666225
v -0.11994716258052723 0.52828481043721909 0.13350126095532716
v -0.11994716258052723 0.52828481043721909 0.15587024231566093
v -0.11994716258052723 0.52828481043721909 0.22297718639666225
v -0.11994716258052723 0.55065379179755281 0.15587024231566093
v -0.11994716258052723 0.55065379179755281 0.22297718639666225
v -0.11994716258052723 0.57302277315788663 0.15587024231566093
v -0.11994716258052723 0.57302277315788663 0.17823922367599471
v -0.11994716258052723 0.57302277315788663 0.22297718639666225
v -0.11994716258052723 0.59539175451822035 0.17823922367599471
v -0.11994716258052723 0.59539175451822035 0.20060820503632848
v -0.11994716258052723 0.59539175451822035 0.22297718639666225
v -0.097578181220193461 -0.20989157445379569 0.17823922367599471
v -0.097578181220193461 -0.20989157445379569 0.20060820503632848
v -0.097578181220193461 -0.20989157445379569 0.22297718639666225
v -0.097578181220193461 -0.18752259309346192 0.13350126095532716
v -0.097578181220193461 -0.18752259309346192 0.15587024231566093
v -0.097578181220193461 -0.18752259309346192 0.17823922367599471
v -0.097578181220193461 -0.18752259309346192 0.20060820503632848
v -0.097578181220193461 -0.18752259309346192 0.22297718639666225
v -0.097578181220193461 -0.18752259309346192 0.24534616775699605
v -0.097578181220193461 -0.16515361173312812 0.11113227959499336
v -0.097578181220193461 -0.16515361173312812 0.13350126095532716
v -0.097578181220193461 -0.16515361173312812 0.15587024231566093
v -0.097578181220193461 -0.16515361173312812 0.22297718639666225
v -0.097578181220193461 -0.16515361173312812 0.24534616775699605
v -0.097578181220193461 -0.16515361173312812 0.26771514911732985
v -0.097578181220193461 -0.14278463037279432 0.11113227959499336
v -0.097578181220193461 -0.14278463037279432 0.24534616775699605
v -0.097578181220193461 -0.14278463037279432 0.26771514911732985
v -0.097578181220193461 -0.12041564901246055 0.088763298234659588
v -0.097578181220193461 -0.12041564901246055 0.11113227959499336
v -0.097578181220193461 -0.12041564901246055 0.24534616775699605
v -0.097578181220193461 -0.12041564901246055 0.26771514911732985
v -0.097578181220193461 -0.098046667652126773 0.088763298234659588
v -0.097578181220193461 -0.098046667652126773 0.24534616775699605
v -0.097578181220193461 -0.098046667652126773 0.26771514911732985
v -0.097578181220193461 -0.075677686291793 0.088763298234659588
v -0.097578181220193461 -0.075677686291793 0.24534616775699605
v -0.097578181220193461 -0.075677686291793 0.26771514911732985
v -0.097578181220193461 -0.053308704931459228 0.088763298234659588
v -0.097578181220193461 -0.053308704931459228 0.24534616775699605
v -0.097578181220193461 -0.030939723571125455 0.088763298234659588
v -0.097578181220193461 -0.030939723571125455 0.11113227959499336
v -0.097578181220193461 -0.030939723571125455 0.22297718639666225
v -0.097578181220193461 -0.030939723571125455 0.24534616775699605
v -0.097578181220193461 -0.008570742210791682 0.088763298234659588
v -0.097578181220193461 -0.008570742210791682 0.11113227959499336
v -0.097578181220193461 -0.008570742210791682 0.17823922367599471
v -0.097578181220193461 -0.008570742210791682 0.20060820503632848
v -0.097578181220193461 -0.008570742210791682 0.22297718639666225
v -0.097578181220193461 0.013798239149542091 0.11113227959499336
v -0.097578181220193461 0.013798239149542091 0.13350126095532716
v -0.097578181220193461 0.013798239149542091 0.15587024231566093
v -0.097578181220193461 0.013798239149542091 0.17823922367599471
v -0.097578181220193461 0.013798239149542091 0.20060820503632848
v -0.097578181220193461 0.036167220509875864 0.11113227959499336
v -0.097578181220193461 0.036167220509875864 0.13350126095532716
v -0.097578181220193461 0.036167220509875864 0.15587024231566093
v -0.097578181220193461 0.036167220509875864 0.17823922367599471
v -0.097578181220193461 0.036167220509875864 0.20060820503632848
v -0.097578181220193461 0.058536201870209692 0.088763298234659588
v -0.097578181220193461 0.058536201870209692 0.11113227959499336
v -0.097578181220193461 0.058536201870209692 0.13350126095532716
v -0.097578181220193461 0.058536201870209692 0.17823922367599471
v -0.097578181220193461 0.058536201870209692 0.20060820503632848
v -0.097578181220193461 0.058536201870209692 0.22297718639666225
v -0.097578181220193461 0.080905183230543465 0.066394316874325815
v -0.097578181220193461 0.080905183230543465 0.088763298234659588
v -0.097578181220193461 0.080905183230543465 0.11113227959499336
v -0.097578181220193461 0.080905183230543465 0.22297718639666225
v -0.097578181220193461 0.080905183230543465 0.24534616775699605
v -0.097578181220193461 0.10327416459087724 0.066394316874325815
v -0.097578181220193461 0.10327416459087724 0.088763298234659588
v -0.097578181220193461 0.10327416459087724 0.24534616775699605
v -0.097578181220193461 0.12564314595121107 0.066394316874325815
v -0.097578181220193461 0.12564314595121107 0.24534616775699605
v -0.097578181220193461 0.14801212731154478 0.066394316874325815
v -0.097578181220193461 0.14801212731154478 0.24534616775699605
v -0.097578181220193461 0.17038110867187861 0.066394316874325815
v -0.097578181220193461 0.17038110867187861 0.24534616775699605
v -0.097578181220193461 0.19275009003221233 0.066394316874325815
v -0.097578181220193461 0.19275009003221233 0.24534616775699605
v -0.097578181220193461 0.21511907139254616 0.066394316874325815
v -0.097578181220193461 0.21511907139254616 0.24534616775699605
v -0.097578181220193461 0.23748805275287987 0.066394316874325815
v -0.097578181220193461 0.23748805275287987 0.22297718639666225
v -0.097578181220193461 0.23748805275287987 0.24534616775699605
v -0.097578181220193461 0.2598570341132137 0.066394316874325815
v -0.097578181220193461 0.2598570341132137 0.22297718639666225
v -0.097578181220193461 0.2598570341132137 0.24534616775699605
v -0.097578181220193461 0.28222601547354742 0.066394316874325815
v -0.097578181220193461 0.28222601547354742 0.24534616775699605
v -0.097578181220193461 0.30459499683388125 0.066394316874325815
v -0.097578181220193461 0.30459499683388125 0.24534616775699605
v -0.097578181220193461 0.32696397819421508 0.066394316874325815
v -0.097578181220193461 0.32696397819421508 0.24534616775699605
v -0.097578181220193461 0.34933295955454879 0.066394316874325815
v -0.097578181220193461 0.34933295955454879 0.24534616775699605
v -0.097578181220193461 0.37170194091488262 0.066394316874325815
v -0.097578181220193461 0.37170194091488262 0.24534616775699605
v -0.097578181220193461 0.39407092227521634 0.066394316874325815
v -0.097578181220193461 0.39407092227521634 0.088763298234659588
v -0.097578181220193461 0.39407092227521634 0.22297718639666225
v -0.097578181220193461 0.39407092227521634 0.24534616775699605
v -0.097578181220193461 0.41643990363555017 0.088763298234659588
v -0.097578181220193461 0.41643990363555017 0.11113227959499336
v -0.097578181220193461 0.41643990363555017 0.20060820503632848
v -0.097578181220193461 0.41643990363555017 0.22297718639666225
v -0.097578181220193461 0.43880888499588389 0.11113227959499336
v -0.097578181220193461 0.43880888499588389 0.13350126095532716
v -0.097578181220193461 0.43880888499588389 0.20060820503632848
v -0.097578181220193461 0.46117786635621771 0.13350126095532716
v -0.097578181220193461 0.46117786635621771 0.20060820503632848
v -0.097578181220193461 0.48354684771655143 0.13350126095532716
v -0.097578181220193461 0.48354684771655143 0.20060820503632848
v -0.097578181220193461 0.48354684771655143 0.22297718639666225
v -0.097578181220193461 0.50591582907688526 0.13350126095532716
v -0.097578181220193461 0.50591582907688526 0.20060820503632848
v -0.097578181220193461 0.50591582907688526 0.22297718639666225
v -0.097578181220193461 0.52828481043721909 0.13350126095532716
v -0.097578181220193461 0.52828481043721909 0.15587024231566093
v -0.097578181220193461 0.52828481043721909 0.20060820503632848
v -0.097578181220193461 0.52828481043721909 0.22297718639666225
v -0.097578181220193461 0.55065379179755281 0.15587024231566093
v -0.097578181220193461 0.55065379179755281 0.20060820503632848
v -0.097578181220193461 0.55065379179755281 0.22297718639666225
v -0.097578181220193461 0.57302277315788663 0.15587024231566093
v -0.097578181220193461 0.57302277315788663 0.17823922367599471
v -0.097578181220193461 0.57302277315788663 0.20060820503632848
v -0.097578181220193461 0.57302277315788663 0.22297718639666225
v -0.097578181220193461 0.59539175451822035 0.17823922367599471
v -0.097578181220193461 0.59539175451822035 0.20060820503632848
v -0.097578181220193461 0.59539175451822035 0.22297718639666225
v -0.075209199859859688 -0.23226055581412947 0.15587024231566093
v -0.075209199859859688 -0.23226055581412947 0.17823922367599471
v -0.075209199859859688 -0.23226055581412947 0.20060820503632848
v -0.075209199859859688 -0.23226055581412947 0.22297718639666225
v -0.075209199859859688 -0.23226055581412947 0.24534616775699605
v -0.075209199859859688 -0.20989157445379569 0.13350126095532716
v -0.075209199859859688 -0.20989157445379569 0.15587024231566093
v -0.075209199859859688 -0.20989157445379569 0.17823922367599471
v -0.075209199859859688 -0.20989157445379569 0.20060820503632848
v -0.075209199859859688 -0.20989157445379569 0.22297718639666225
v -0.075209199859859688 -0.20989157445379569 0.24534616775699605
v -0.075209199859859688 -0.20989157445379569 0.26771514911732985
v -0.075209199859859688 -0.18752259309346192 0.11113227959499336
v -0.075209199859859688 -0.18752259309346192 0.13350126095532716
v -0.075209199859859688 -0.18752259309346192 0.15587024231566093
v -0.075209199859859688 -0.18752259309346192 0.17823922367599471
v -0.075209199859859688 -0.18752259309346192 0.22297718639666225
v -0.075209199859859688 -0.18752259309346192 0.24534616775699605
v -0.075209199859859688 -0.18752259309346192 0.26771514911732985
v -0.075209199859859688 -0.16515361173312812 0.11113227959499336
v -0.075209199859859688 -0.16515361173312812 0.13350126095532716
v -0.075209199859859688 -0.16515361173312812 0.24534616775699605
v -0.075209199859859688 -0.16515361173312812 0.26771514911732985
v -0.075209199859859688 -0.14278463037279432 0.11113227959499336
v -0.075209199859859688 -0.14278463037279432 0.26771514911732985
v -0.075209199859859688 -0.12041564901246055 0.088763298234659588
v -0.075209199859859688 -0.12041564901246055 0.11113227959499336
v -0.075209199859859688 -0.12041564901246055 0.26771514911732985
v -0.075209199859859688 -0.098046667652126773 0.088763298234659588
v -0.075209199859859688 -0.098046667652126773 0.26771514911732985
v -0.075209199859859688 -0.075677686291793 0.088763298234659588
v -0.075209199859859688 -0.075677686291793 0.24534616775699605
v -0.075209199859859688 -0.075677686291793 0.26771514911732985
v -0.075209199859859688 -0.053308704931459228 0.088763298234659588
v -0.075209199859859688 -0.053308704931459228 0.11113227959499336
v -0.075209199859859688 -0.053308704931459228 0.24534616775699605
v -0.075209199859859688 -0.030939723571125455 0.088763298234659588
v -0.075209199859859688 -0.030939723571125455 0.11113227959499336
v -0.075209199859859688 -0.030939723571125455 0.20060820503632848
v -0.075209199859859688 -0.030939723571125455 0.22297718639666225
v -0.075209199859859688 -0.030939723571125455 0.24534616775699605
v -0.075209199859859688 -0.008570742210791682 0.11113227959499336
v -0.075209199859859688 -0.008570742210791682 0.13350126095532716
v -0.075209199859859688 -0.008570742210791682 0.15587024231566093
v -0.075209199859859688 -0.008570742210791682 0.17823922367599471
v -0.075209199859859688 -0.008570742210791682 0.20060820503632848
v -0.075209199859859688 -0.008570742210791682 0.22297718639666225
v -0.075209199859859688 0.013798239149542091 0.11113227959499336
v -0.075209199859859688 0.013798239149542091 0.13350126095532716
v -0.075209199859859688 0.013798239149542091 0.15587024231566093
v -0.075209199859859688 0.013798239149542091 0.17823922367599471
v -0.075209199859859688 0.013798239149542091 0.20060820503632848
v -0.075209199859859688 0.036167220509875864 0.11113227959499336
v -0.075209199859859688 0.036167220509875864 0.13350126095532716
v -0.075209199859859688 0.036167220509875864 0.17823922367599471
v -0.075209199859859688 0.036167220509875864 0.20060820503632848
v -0.075209199859859688 0.036167220509875864 0.22297718639666225
v -0.075209199859859688 0.058536201870209692 0.088763298234659588
v -0.075209199859859688 0.058536201870209692 0.11113227959499336
v -0.075209199859859688 0.058536201870209692 0.20060820503632848
v -0.075209199859859688 0.058536201870209692 0.22297718639666225
v -0.075209199859859688 0.058536201870209692 0.24534616775699605
v -0.075209199859859688 0.080905183230543465 0.066394316874325815
v -0.075209199859859688 0.080905183230543465 0.088763298234659588
v -0.075209199859859688 0.080905183230543465 0.22297718639666225
v -0.075209199859859688 0.080905183230543465 0.24534616775699605
v -0.075209199859859688 0.10327416459087724 0.066394316874325815
v -0.075209199859859688 0.10327416459087724 0.24534616775699605
v -0.075209199859859688 0.12564314595121107 0.066394316874325815
v -0.075209199859859688 0.12564314595121107 0.24534616775699605
v -0.075209199859859688 0.14801212731154478 0.066394316874325815
v -0.075209199859859688 0.14801212731154478 0.24534616775699605
v -0.075209199859859688 0.17038110867187861 0.066394316874325815
v -0.075209199859859688 0.17038110867187861 0.24534616775699605
v -0.075209199859859688 0.19275009003221233 0.066394316874325815
v -0.075209199859859688 0.19275009003221233 0.24534616775699605
v -0.075209199859859688 0.21511907139254616 0.066394316874325815
v -0.075209199859859688 0.21511907139254616 0.22297718639666225
v -0.075209199859859688 0.21511907139254616 0.24534616775699605
v -0.075209199859859688 0.23748805275287987 0.066394316874325815
v -0.075209199859859688 0.23748805275287987 0.088763298234659588
v -0.075209199859859688 0.23748805275287987 0.22297718639666225
v -0.075209199859859688 0.23748805275287987 0.24534616775699605
v -0.075209199859859688 0.2598570341132137 0.066394316874325815
v -0.075209199859859688 0.2598570341132137 0.088763298234659588
v -0.075209199859859688 0.2598570341132137 0.22297718639666225
v -0.075209199859859688 0.2598570341132137 0.24534616775699605
v -0.075209199859859688 0.28222601547354742 0.066394316874325815
v -0.075209199859859688 0.28222601547354742 0.088763298234659588
v -0.075209199859859688 0.28222601547354742 0.22297718639666225
v -0.075209199859859688 0.28222601547354742 0.24534616775699605
v -0.075209199859859688 0.30459499683388125 0.066394316874325815
v -0.075209199859859688 0.30459499683388125 0.24534616775699605
v -0.075209199859859688 0.32696397819421508 0.066394316874325815
v -0.075209199859859688 0.32696397819421508 0.24534616775699605
v -0.075209199859859688 0.34933295955454879 0.066394316874325815
v -0.075209199859859688 0.34933295955454879 0.24534616775699605
v -0.075209199859859688 0.37170194091488262 0.066394316874325815
v -0.075209199859859688 0.37170194091488262 0.24534616775699605
v -0.075209199859859688 0.39407092227521634 0.066394316874325815
v -0.075209199859859688 0.39407092227521634 0.088763298234659588
v -0.075209199859859688 0.39407092227521634 0.22297718639666225
v -0.075209199859859688 0.39407092227521634 0.24534616775699605
v -0.075209199859859688 0.41643990363555017 0.088763298234659588
v -0.075209199859859688 0.41643990363555017 0.11113227959499336
v -0.075209199859859688 0.41643990363555017 0.20060820503632848
v -0.075209199859859688 0.41643990363555017 0.22297718639666225
v -0.075209199859859688 0.43880888499588389 0.11113227959499336
v -0.075209199859859688 0.43880888499588389 0.13350126095532716
v -0.075209199859859688 0.43880888499588389 0.20060820503632848
v -0.075209199859859688 0.46117786635621771 0.13350126095532716
v -0.075209199859859688 0.46117786635621771 0.20060820503632848
v -0.075209199859859688 0.46117786635621771 0.22297718639666225
v -0.075209199859859688 0.48354684771655143 0.13350126095532716
v -0.075209199859859688 0.48354684771655143 0.20060820503632848
v -0.075209199859859688 0.48354684771655143 0.22297718639666225
v -0.075209199859859688 0.50591582907688526 0.13350126095532716
v -0.075209199859859688 0.50591582907688526 0.20060820503632848
v -0.075209199859859688 0.52828481043721909 0.13350126095532716
v -0.075209199859859688 0.52828481043721909 0.15587024231566093
v -0.075209199859859688 0.52828481043721909 0.20060820503632848
v -0.075209199859859688 0.55065379179755281 0.15587024231566093
v -0.075209199859859688 0.55065379179755281 0.17823922367599471
v -0.075209199859859688 0.55065379179755281 0.20060820503632848
v -0.075209199859859688 0.57302277315788663 0.15587024231566093
v -0.075209199859859688 0.57302277315788663 0.17823922367599471
v -0.075209199859859688 0.57302277315788663 0.20060820503632848
v -0.075209199859859688 0.59539175451822035 0.17823922367599471
v -0.075209199859859688 0.59539175451822035 0.20060820503632848
v -0.052840218499525915 -0.25462953717446324 0.17823922367599471
v -0.052840218499525915 -0.25462953717446324 0.20060820503632848
v -0.052840218499525915 -0.25462953717446324 0.22297718639666225
v -0.052840218499525915 -0.25462953717446324 0.24534616775699605
v -0.052840218499525915 -0.23226055581412947 0.13350126095532716
v -0.052840218499525915 -0.23226055581412947 0.15587024231566093
v -0.052840218499525915 -0.23226055581412947 0.17823922367599471
v -0.052840218499525915 -0.23226055581412947 0.20060820503632848
v -0.052840218499525915 -0.23226055581412947 0.22297718639666225
v -0.052840218499525915 -0.23226055581412947 0.24534616775699605
v -0.052840218499525915 -0.23226055581412947 0.26771514911732985
v -0.052840218499525915 -0.20989157445379569 0.13350126095532716
v -0.052840218499525915 -0.20989157445379569 0.15587024231566093
v -0.052840218499525915 -0.20989157445379569 0.24534616775699605
v -0.052840218499525915 -0.20989157445379569 0.26771514911732985
v -0.052840218499525915 -0.20989157445379569 0.29008413047766363
v -0.052840218499525915 -0.18752259309346192 0.11113227959499336
v -0.052840218499525915 -0.18752259309346192 0.13350126095532716
v -0.052840218499525915 -0.18752259309346192 0.26771514911732985
v -0.052840218499525915 -0.18752259309346192 0.29008413047766363
v -0.052840218499525915 -0.16515361173312812 0.11113227959499336
v -0.052840218499525915 -0.16515361173312812 0.26771514911732985
v -0.052840218499525915 -0.16515361173312812 0.29008413047766363
v -0.052840218499525915 -0.14278463037279432 0.11113227959499336
v -0.052840218499525915 -0.14278463037279432 0.26771514911732985
v -0.052840218499525915 -0.14278463037279432 0.29008413047766363
v -0.052840218499525915 -0.12041564901246055 0.088763298234659588
v -0.052840218499525915 -0.12041564901246055 0.11113227959499336
v -0.052840218499525915 -0.12041564901246055 0.26771514911732985
v -0.052840218499525915 -0.12041564901246055 0.29008413047766363
v -0.052840218499525915 -0.098046667652126773 0.088763298234659588
v -0.052840218499525915 -0.098046667652126773 0.11113227959499336
v -0.052840218499525915 -0.098046667652126773 0.26771514911732985
v -0.052840218499525915 -0.075677686291793 0.088763298234659588
v -0.052840218499525915 -0.075677686291793 0.11113227959499336
v -0.052840218499525915 -0.075677686291793 0.24534616775699605
v -0.052840218499525915 -0.075677686291793 0.26771514911732985
v -0.052840218499525915 -0.053308704931459228 0.088763298234659588
v -0.052840218499525915 -0.053308704931459228 0.11113227959499336
v -0.052840218499525915 -0.053308704931459228 0.22297718639666225
v -0.052840218499525915 -0.053308704931459228 0.24534616775699605
v -0.052840218499525915 -0.030939723571125455 0.11113227959499336
v -0.052840218499525915 -0.030939723571125455 0.13350126095532716
v -0.052840218499525915 -0.030939723571125455 0.17823922367599471
v -0.052840218499525915 -0.030939723571125455 0.20060820503632848
v -0.052840218499525915 -0.030939723571125455 0.22297718639666225
v -0.052840218499525915 -0.030939723571125455 0.24534616775699605
v -0.052840218499525915 -0.008570742210791682 0.11113227959499336
v -0.052840218499525915 -0.008570742210791682 0.13350126095532716
v -0.052840218499525915 -0.008570742210791682 0.15587024231566093
v -0.052840218499525915 -0.008570742210791682 0.17823922367599471
v -0.052840218499525915 -0.008570742210791682 0.20060820503632848
v -0.052840218499525915 0.013798239149542091 0.13350126095532716
v -0.052840218499525915 0.013798239149542091 0.15587024231566093
v -0.052840218499525915 0.013798239149542091 0.17823922367599471
v -0.052840218499525915 0.013798239149542091 0.20060820503632848
v -0.052840218499525915 0.036167220509875864 0.088763298234659588
v -0.052840218499525915 0.036167220509875864 0.11113227959499336
v -0.052840218499525915 0.036167220509875864 0.13350126095532716
v -0.052840218499525915 0.036167220509875864 0.20060820503632848
v -0.052840218499525915 0.036167220509875864 0.22297718639666225
v -0.052840218499525915 0.036167220509875864 0.24534616775699605
v -0.052840218499525915 0.058536201870209692 0.066394316874325815
v -0.052840218499525915 0.058536201870209692 0.088763298234659588
v -0.052840218499525915 0.058536201870209692 0.11113227959499336
v -0.052840218499525915 0.058536201870209692 0.22297718639666225
v -0.052840218499525915 0.058536201870209692 0.24534616775699605
v -0.052840218499525915 0.080905183230543465 0.066394316874325815
v -0.052840218499525915 0.080905183230543465 0.088763298234659588
v -0.052840218499525915 0.080905183230543465 0.24534616775699605
v -0.052840218499525915 0.10327416459087724 0.066394316874325815
v -0.052840218499525915 0.10327416459087724 0.24534616775699605
v -0.052840218499525915 0.12564314595121107 0.066394316874325815
v -0.052840218499525915 0.12564314595121107 0.24534616775699605
v -0.052840218499525915 0.14801212731154478 0.066394316874325815
v -0.052840218499525915 0.14801212731154478 0.24534616775699605
v -0.052840218499525915 0.17038110867187861 0.066394316874325815
v -0.052840218499525915 0.17038110867187861 0.24534616775699605
v -0.052840218499525915 0.19275009003221233 0.066394316874325815
v -0.052840218499525915 0.19275009003221233 0.22297718639666225
v -0.052840218499525915 0.19275009003221233 0.24534616775699605
v -0.052840218499525915 0.21511907139254616 0.066394316874325815
v -0.052840218499525915 0.21511907139254616 0.088763298234659588
v -0.052840218499525915 0.21511907139254616 0.20060820503632848
v -0.052840218499525915 0.21511907139254616 0.22297718639666225
v -0.052840218499525915 0.21511907139254616 0.24534616775699605
v -0.052840218499525915 0.23748805275287987 0.066394316874325815
v -0.052840218499525915 0.23748805275287987 0.088763298234659588
v -0.052840218499525915 0.23748805275287987 0.11113227959499336
v -0.052840218499525915 0.23748805275287987 0.17823922367599471
v -0.052840218499525915 0.23748805275287987 0.20060820503632848
v -0.052840218499525915 0.23748805275287987 0.22297718639666225
v -0.052840218499525915 0.2598570341132137 0.088763298234659588
v -0.052840218499525915 0.2598570341132137 0.11113227959499336
v -0.052840218499525915 0.2598570341132137 0.17823922367599471
v -0.052840218499525915 0.2598570341132137 0.20060820503632848
v -0.052840218499525915 0.2598570341132137 0.22297718639666225
v -0.052840218499525915 0.28222601547354742 0.066394316874325815
v -0.052840218499525915 0.28222601547354742 0.088763298234659588
v -0.052840218499525915 0.28222601547354742 0.20060820503632848
v -0.052840218499525915 0.28222601547354742 0.22297718639666225
v -0.052840218499525915 0.28222601547354742 0.24534616775699605
v -0.052840218499525915 0.28222601547354742 0.26771514911732985
v -0.052840218499525915 0.28222601547354742 0.29008413047766363
v -0.052840218499525915 0.30459499683388125 0.066394316874325815
v -0.052840218499525915 0.30459499683388125 0.088763298234659588
v -0.052840218499525915 0.30459499683388125 0.24534616775699605
v -0.052840218499525915 0.30459499683388125 0.26771514911732985
v -0.052840218499525915 0.30459499683388125 0.29008413047766363
v -0.052840218499525915 0.30459499683388125 0.3124531118379974
v -0.052840218499525915 0.32696397819421508 0.066394316874325815
v -0.052840218499525915 0.32696397819421508 0.24534616775699605
v -0.052840218499525915 0.32696397819421508 0.26771514911732985
v -0.052840218499525915 0.32696397819421508 0.29008413047766363
v -0.052840218499525915 0.32696397819421508 0.3124531118379974
v -0.052840218499525915 0.34933295955454879 0.066394316874325815
v -0.052840218499525915 0.34933295955454879 0.24534616775699605
v -0.052840218499525915 0.37170194091488262 0.066394316874325815
v -0.052840218499525915 0.37170194091488262 0.24534616775699605
v -0.052840218499525915 0.39407092227521634 0.066394316874325815
v -0.052840218499525915 0.39407092227521634 0.088763298234659588
v -0.052840218499525915 0.39407092227521634 0.22297718639666225
v -0.052840218499525915 0.39407092227521634 0.24534616775699605
v -0.052840218499525915 0.41643990363555017 0.088763298234659588
v -0.052840218499525915 0.41643990363555017 0.11113227959499336
v -0.052840218499525915 0.41643990363555017 0.20060820503632848
v -0.052840218499525915 0.41643990363555017 0.22297718639666225
v -0.052840218499525915 0.41643990363555017 0.24534616775699605
v -0.052840218499525915 0.43880888499588389 0.11113227959499336
v -0.052840218499525915 0.43880888499588389 0.13350126095532716
v -0.052840218499525915 0.43880888499588389 0.20060820503632848
v -0.052840218499525915 0.43880888499588389 0.22297718639666225
v -0.052840218499525915 0.46117786635621771 0.13350126095532716
v -0.052840218499525915 0.46117786635621771 0.20060820503632848
v -0.052840218499525915 0.46117786635621771 0.22297718639666225
v -0.052840218499525915 0.48354684771655143 0.13350126095532716
v -0.052840218499525915 0.48354684771655143 0.20060820503632848
v -0.052840218499525915 0.48354684771655143 0.22297718639666225
v -0.052840218499525915 0.50591582907688526 0.13350126095532716
v -0.052840218499525915 0.50591582907688526 0.15587024231566093
v -0.052840218499525915 0.50591582907688526 0.17823922367599471
v -0.052840218499525915 0.50591582907688526 0.20060820503632848
v -0.052840218499525915 0.50591582907688526 0.22297718639666225
v -0.052840218499525915 0.52828481043721909 0.13350126095532716
v -0.052840218499525915 0.52828481043721909 0.15587024231566093
v -0.052840218499525915 0.52828481043721909 0.17823922367599471
v -0.052840218499525915 0.52828481043721909 0.20060820503632848
v -0.052840218499525915 0.55065379179755281 0.15587024231566093
v -0.052840218499525915 0.55065379179755281 0.17823922367599471
v -0.052840218499525915 0.55065379179755281 0.20060820503632848
v -0.052840218499525915 0.57302277315788663 0.17823922367599471
v -0.052840218499525915 0.57302277315788663 0.20060820503632848
v -0.030471237139192142 -0.27699851853479701 0.20060820503632848
v -0.030471237139192142 -0.27699851853479701 0.22297718639666225
v -0.030471237139192142 -0.27699851853479701 0.24534616775699605
v -0.030471237139192142 -0.25462953717446324 0.15587024231566093
v -0.030471237139192142 -0.25462953717446324 0.17823922367599471
v -0.030471237139192142 -0.25462953717446324 0.20060820503632848
v -0.030471237139192142 -0.25462953717446324 0.22297718639666225
v -0.030471237139192142 -0.25462953717446324 0.24534616775699605
v -0.030471237139192142 -0.25462953717446324 0.26771514911732985
v -0.030471237139192142 -0.23226055581412947 0.13350126095532716
v -0.030471237139192142 -0.23226055581412947 0.15587024231566093
v -0.030471237139192142 -0.23226055581412947 0.17823922367599471
v -0.030471237139192142 -0.23226055581412947 0.24534616775699605
v -0.030471237139192142 -0.23226055581412947 0.26771514911732985
v -0.030471237139192142 -0.23226055581412947 0.29008413047766363
v -0.030471237139192142 -0.20989157445379569 0.13350126095532716
v -0.030471237139192142 -0.20989157445379569 0.26771514911732985
v -0.030471237139192142 -0.20989157445379569 0.29008413047766363
v -0.030471237139192142 -0.18752259309346192 0.11113227959499336
v -0.030471237139192142 -0.18752259309346192 0.13350126095532716
v -0.030471237139192142 -0.18752259309346192 0.29008413047766363
v -0.030471237139192142 -0.16515361173312812 0.11113227959499336
v -0.030471237139192142 -0.16515361173312812 0.29008413047766363
v -0.030471237139192142 -0.14278463037279432 0.11113227959499336
v -0.030471237139192142 -0.14278463037279432 0.29008413047766363
v -0.030471237139192142 -0.12041564901246055 0.11113227959499336
v -0.030471237139192142 -0.12041564901246055 0.26771514911732985
v -0.030471237139192142 -0.12041564901246055 0.29008413047766363
v -0.030471237139192142 -0.098046667652126773 0.11113227959499336
v -0.030471237139192142 -0.098046667652126773 0.26771514911732985
v -0.030471237139192142 -0.075677686291793 0.11113227959499336
v -0.030471237139192142 -0.075677686291793 0.24534616775699605
v -0.030471237139192142 -0.075677686291793 0.26771514911732985
v -0.030471237139192142 -0.053308704931459228 0.11113227959499336
v -0.030471237139192142 -0.053308704931459228 0.13350126095532716
v -0.030471237139192142 -0.053308704931459228 0.20060820503632848
v -0.030471237139192142 -0.053308704931459228 0.22297718639666225
v -0.030471237139192142 -0.053308704931459228 0.24534616775699605
v -0.030471237139192142 -0.030939723571125455 0.11113227959499336
v -0.030471237139192142 -0.030939723571125455 0.13350126095532716
v -0.030471237139192142 -0.030939723571125455 0.15587024231566093
v -0.030471237139192142 -0.030939723571125455 0.17823922367599471
v -0.030471237139192142 -0.030939723571125455 0.20060820503632848
v -0.030471237139192142 -0.030939723571125455 0.22297718639666225
v -0.030471237139192142 -0.008570742210791682 0.13350126095532716
v -0.030471237139192142 -0.008570742210791682 0.15587024231566093
v -0.030471237139192142 -0.008570742210791682 0.17823922367599471
v -0.030471237139192142 -0.008570742210791682 0.20060820503632848
v -0.030471237139192142 0.013798239149542091 0.11113227959499336
v -0.030471237139192142 0.013798239149542091 0.13350126095532716
v -0.030471237139192142 0.013798239149542091 0.15587024231566093
v -0.030471237139192142 0.013798239149542091 0.17823922367599471
v -0.030471237139192142 0.013798239149542091 0.20060820503632848
v -0.030471237139192142 0.013798239149542091 0.22297718639666225
v -0.030471237139192142 0.036167220509875864 0.088763298234659588
v -0.030471237139192142 0.036167220509875864 0.11113227959499336
v -0.030471237139192142 0.036167220509875864 0.13350126095532716
v -0.030471237139192142 0.036167220509875864 0.20060820503632848
v -0.030471237139192142 0.036167220509875864 0.22297718639666225
v -0.030471237139192142 0.036167220509875864 0.24534616775699605
v -0.030471237139192142 0.058536201870209692 0.066394316874325815
v -0.030471237139192142 0.058536201870209692 0.088763298234659588
v -0.030471237139192142 0.058536201870209692 0.24534616775699605
v -0.030471237139192142 0.080905183230543465 0.066394316874325815
v -0.030471237139192142 0.080905183230543465 0.24534616775699605
v -0.030471237139192142 0.080905183230543465 0.26771514911732985
v -0.030471237139192142 0.10327416459087724 0.066394316874325815
v -0.030471237139192142 0.10327416459087724 0.24534616775699605
v -0.030471237139192142 0.10327416459087724 0.26771514911732985
v -0.030471237139192142 0.12564314595121107 0.066394316874325815
v -0.030471237139192142 0.12564314595121107 0.24534616775699605
v -0.030471237139192142 0.12564314595121107 0.26771514911732985
v -0.030471237139192142 0.14801212731154478 0.066394316874325815
v -0.030471237139192142 0.14801212731154478 0.24534616775699605
v -0.030471237139192142 0.17038110867187861 0.066394316874325815
v -0.030471237139192142 0.17038110867187861 0.22297718639666225
v -0.030471237139192142 0.17038110867187861 0.24534616775699605
v -0.030471237139192142 0.19275009003221233 0.066394316874325815
v -0.030471237139192142 0.19275009003221233 0.088763298234659588
v -0.030471237139192142 0.19275009003221233 0.20060820503632848
v -0.030471237139192142 0.19275009003221233 0.22297718639666225
v -0.030471237139192142 0.19275009003221233 0.24534616775699605
v -0.030471237139192142 0.21511907139254616 0.066394316874325815
v -0.030471237139192142 0.21511907139254616 0.088763298234659588
v -0.030471237139192142 0.21511907139254616 0.11113227959499336
v -0.030471237139192142 0.21511907139254616 0.13350126095532716
v -0.030471237139192142 0.21511907139254616 0.15587024231566093
v -0.030471237139192142 0.21511907139254616 0.17823922367599471
v -0.030471237139192142 0.21511907139254616 0.20060820503632848
v -0.030471237139192142 0.21511907139254616 0.22297718639666225
v -0.030471237139192142 0.23748805275287987 0.088763298234659588
v -0.030471237139192142 0.23748805275287987 0.11113227959499336
v -0.030471237139192142 0.23748805275287987 0.13350126095532716
v -0.030471237139192142 0.23748805275287987 0.15587024231566093
v -0.030471237139192142 0.23748805275287987 0.17823922367599471
v -0.030471237139192142 0.23748805275287987 0.20060820503632848
v -0.030471237139192142 0.2598570341132137 0.088763298234659588
v -0.030471237139192142 0.2598570341132137 0.11113227959499336
v -0.030471237139192142 0.2598570341132137 0.13350126095532716
v -0.030471237139192142 0.2598570341132137 0.15587024231566093
v -0.030471237139192142 0.2598570341132137 0.17823922367599471
v -0.030471237139192142 0.2598570341132137 0.20060820503632848
v -0.030471237139192142 0.2598570341132137 0.22297718639666225
v -0.030471237139192142 0.28222601547354742 0.088763298234659588
v -0.030471237139192142 0.28222601547354742 0.11113227959499336
v -0.030471237139192142 0.28222601547354742 0.20060820503632848
v -0.030471237139192142 0.28222601547354742 0.22297718639666225
v -0.030471237139192142 0.28222601547354742 0.24534616775699605
v -0.030471237139192142 0.28222601547354742 0.26771514911732985
v -0.030471237139192142 0.28222601547354742 0.29008413047766363
v -0.030471237139192142 0.28222601547354742 0.3124531118379974
v -0.030471237139192142 0.30459499683388125 0.066394316874325815
v -0.030471237139192142 0.30459499683388125 0.088763298234659588
v -0.030471237139192142 0.30459499683388125 0.24534616775699605
v -0.030471237139192142 0.30459499683388125 0.26771514911732985
v -0.030471237139192142 0.30459499683388125 0.29008413047766363
v -0.030471237139192142 0.30459499683388125 0.3124531118379974
v -0.030471237139192142 0.32696397819421508 0.066394316874325815
v -0.030471237139192142 0.32696397819421508 0.24534616775699605
v -0.030471237139192142 0.32696397819421508 0.26771514911732985
v -0.030471237139192142 0.32696397819421508 0.29008413047766363
v -0.030471237139192142 0.32696397819421508 0.3124531118379974
v -0.030471237139192142 0.34933295955454879 0.066394316874325815
v -0.030471237139192142 0.34933295955454879 0.24534616775699605
v -0.030471237139192142 0.37170194091488262 0.066394316874325815
v -0.030471237139192142 0.37170194091488262 0.24534616775699605
v -0.030471237139192142 0.39407092227521634 0.066394316874325815
v -0.030471237139192142 0.39407092227521634 0.088763298234659588
v -0.030471237139192142 0.39407092227521634 0.24534616775699605
v -0.030471237139192142 0.41643990363555017 0.088763298234659588
v -0.030471237139192142 0.41643990363555017 0.11113227959499336
v -0.030471237139192142 0.41643990363555017 0.22297718639666225
v -0.030471237139192142 0.41643990363555017 0.24534616775699605
v -0.030471237139192142 0.43880888499588389 0.11113227959499336
v -0.030471237139192142 0.43880888499588389 0.13350126095532716
v -0.030471237139192142 0.43880888499588389 0.22297718639666225
v -0.030471237139192142 0.43880888499588389 0.24534616775699605
v -0.030471237139192142 0.46117786635621771 0.13350126095532716
v -0.030471237139192142 0.46117786635621771 0.22297718639666225
v -0.030471237139192142 0.46117786635621771 0.24534616775699605
v -0.030471237139192142 0.48354684771655143 0.13350126095532716
v -0.030471237139192142 0.48354684771655143 0.15587024231566093
v -0.030471237139192142 0.48354684771655143 0.22297718639666225
v -0.030471237139192142 0.48354684771655143 0.24534616775699605
v -0.030471237139192142 0.50591582907688526 0.13350126095532716
v -0.030471237139192142 0.50591582907688526 0.15587024231566093
v -0.030471237139192142 0.50591582907688526 0.17823922367599471
v -0.030471237139192142 0.50591582907688526 0.20060820503632848
v -0.030471237139192142 0.50591582907688526 0.22297718639666225
v -0.030471237139192142 0.50591582907688526 0.24534616775699605
v -0.030471237139192142 0.52828481043721909 0.17823922367599471
v -0.030471237139192142 0.52828481043721909 0.20060820503632848
v -0.030471237139192142 0.52828481043721909 0.22297718639666225
v -0.0081022557788583693 -0.27699851853479701 0.15587024231566093
v -0.0081022557788583693 -0.27699851853479701 0.17823922367599471
v -0.0081022557788583693 -0.27699851853479701 0.20060820503632848
v -0.0081022557788583693 -0.27699851853479701 0.22297718639666225
v -0.0081022557788583693 -0.27699851853479701 0.24534616775699605
v -0.0081022557788583693 -0.27699851853479701 0.26771514911732985
v -0.0081022557788583693 -0.25462953717446324 0.13350126095532716
v -0.0081022557788583693 -0.25462953717446324 0.15587024231566093
v -0.0081022557788583693 -0.25462953717446324 0.17823922367599471
v -0.0081022557788583693 -0.25462953717446324 0.20060820503632848
v -0.0081022557788583693 -0.25462953717446324 0.24534616775699605
v -0.0081022557788583693 -0.25462953717446324 0.26771514911732985
v -0.0081022557788583693 -0.25462953717446324 0.29008413047766363
v -0.0081022557788583693 -0.23226055581412947 0.13350126095532716
v -0.0081022557788583693 -0.23226055581412947 0.15587024231566093
v -0.0081022557788583693 -0.23226055581412947 0.26771514911732985
v -0.0081022557788583693 -0.23226055581412947 0.29008413047766363
v -0.0081022557788583693 -0.20989157445379569 0.13350126095532716
v -0.0081022557788583693 -0.20989157445379569 0.29008413047766363
v -0.0081022557788583693 -0.18752259309346192 0.11113227959499336
v -0.0081022557788583693 -0.18752259309346192 0.13350126095532716
v -0.0081022557788583693 -0.18752259309346192 0.29008413047766363
v -0.0081022557788583693 -0.16515361173312812 0.11113227959499336
v -0.0081022557788583693 -0.16515361173312812 0.29008413047766363
v -0.0081022557788583693 -0.14278463037279432 0.11113227959499336
v -0.0081022557788583693 -0.14278463037279432 0.29008413047766363
v -0.0081022557788583693 -0.12041564901246055 0.11113227959499336
v -0.0081022557788583693 -0.12041564901246055 0.26771514911732985
v -0.0081022557788583693 -0.12041564901246055 0.29008413047766363
v -0.0081022557788583693 -0.098046667652126773 0.11113227959499336
v -0.0081022557788583693 -0.098046667652126773 0.24534616775699605
v -0.0081022557788583693 -0.098046667652126773 0.26771514911732985
v -0.0081022557788583693 -0.075677686291793 0.11113227959499336
v -0.0081022557788583693 -0.075677686291793 0.13350126095532716
v -0.0081022557788583693 -0.075677686291793 0.22297718639666225
v -0.0081022557788583693 -0.075677686291793 0.24534616775699605
v -0.0081022557788583693 -0.075677686291793 0.26771514911732985
v -0.0081022557788583693 -0.053308704931459228 0.11113227959499336
v -0.0081022557788583693 -0.053308704931459228 0.13350126095532716
v -0.0081022557788583693 -0.053308704931459228 0.15587024231566093
v -0.0081022557788583693 -0.053308704931459228 0.17823922367599471
v -0.0081022557788583693 -0.053308704931459228 0.20060820503632848
v -0.0081022557788583693 -0.053308704931459228 0.22297718639666225
v -0.0081022557788583693 -0.053308704931459228 0.24534616775699605
v -0.0081022557788583693 -0.030939723571125455 0.13350126095532716
v -0.0081022557788583693 -0.030939723571125455 0.15587024231566093
v -0.0081022557788583693 -0.030939723571125455 0.17823922367599471
v -0.0081022557788583693 -0.030939723571125455 0.20060820503632848
v -0.0081022557788583693 -0.008570742210791682 0.13350126095532716
v -0.0081022557788583693 -0.008570742210791682 0.15587024231566093
v -0.0081022557788583693 -0.008570742210791682 0.17823922367599471
v -0.0081022557788583693 -0.008570742210791682 0.20060820503632848
v -0.0081022557788583693 0.013798239149542091 0.088763298234659588
v -0.0081022557788583693 0.013798239149542091 0.11113227959499336
v -0.0081022557788583693 0.013798239149542091 0.13350126095532716
v -0.0081022557788583693 0.013798239149542091 0.20060820503632848
v -0.0081022557788583693 0.013798239149542091 0.22297718639666225
v -0.0081022557788583693 0.013798239149542091 0.24534616775699605
v -0.0081022557788583693 0.036167220509875864 0.066394316874325815
v -0.0081022557788583693 0.036167220509875864 0.088763298234659588
v -0.0081022557788583693 0.036167220509875864 0.11113227959499336
v -0.0081022557788583693 0.036167220509875864 0.22297718639666225
v -0.0081022557788583693 0.036167220509875864 0.24534616775699605
v -0.0081022557788583693 0.036167220509875864 0.26771514911732985
v -0.0081022557788583693 0.058536201870209692 0.066394316874325815
v -0.0081022557788583693 0.058536201870209692 0.088763298234659588
v -0.0081022557788583693 0.058536201870209692 0.24534616775699605
v -0.0081022557788583693 0.058536201870209692 0.26771514911732985
v -0.0081022557788583693 0.080905183230543465 0.066394316874325815
v -0.0081022557788583693 0.080905183230543465 0.24534616775699605
v -0.0081022557788583693 0.080905183230543465 0.26771514911732985
v -0.0081022557788583693 0.10327416459087724 0.066394316874325815
v -0.0081022557788583693 0.10327416459087724 0.26771514911732985
v -0.0081022557788583693 0.12564314595121107 0.066394316874325815
v -0.0081022557788583693 0.12564314595121107 0.24534616775699605
v -0.0081022557788583693 0.12564314595121107 0.26771514911732985
v -0.0081022557788583693 0.14801212731154478 0.066394316874325815
v -0.0081022557788583693 0.14801212731154478 0.24534616775699605
v -0.0081022557788583693 0.17038110867187861 0.066394316874325815
v -0.0081022557788583693 0.17038110867187861 0.088763298234659588
v -0.0081022557788583693 0.17038110867187861 0.22297718639666225
v -0.0081022557788583693 0.17038110867187861 0.24534616775699605
v -0.0081022557788583693 0.19275009003221233 0.066394316874325815
v -0.0081022557788583693 0.19275009003221233 0.088763298234659588
v -0.0081022557788583693 0.19275009003221233 0.11113227959499336
v -0.0081022557788583693 0.19275009003221233 0.13350126095532716
v -0.0081022557788583693 0.19275009003221233 0.17823922367599471
v -0.0081022557788583693 0.19275009003221233 0.20060820503632848
v -0.0081022557788583693 0.19275009003221233 0.22297718639666225
v -0.0081022557788583693 0.21511907139254616 0.088763298234659588
v -0.0081022557788583693 0.21511907139254616 0.11113227959499336
v -0.0081022557788583693 0.21511907139254616 0.13350126095532716
v -0.0081022557788583693 0.21511907139254616 0.15587024231566093
v -0.0081022557788583693 0.21511907139254616 0.17823922367599471
v -0.0081022557788583693 0.21511907139254616 0.20060820503632848
v -0.0081022557788583693 0.23748805275287987 0.13350126095532716
v -0.0081022557788583693 0.23748805275287987 0.15587024231566093
v -0.0081022557788583693 0.23748805275287987 0.17823922367599471
v -0.0081022557788583693 0.2598570341132137 0.088763298234659588
v -0.0081022557788583693 0.2598570341132137 0.11113227959499336
v -0.0081022557788583693 0.2598570341132137 0.13350126095532716
v -0.0081022557788583693 0.2598570341132137 0.15587024231566093
v -0.0081022557788583693 0.2598570341132137 0.17823922367599471
v -0.0081022557788583693 0.2598570341132137 0.20060820503632848
v -0.0081022557788583693 0.2598570341132137 0.22297718639666225
v -0.0081022557788583693 0.28222601547354742 0.066394316874325815
v -0.0081022557788583693 0.28222601547354742 0.088763298234659588
v -0.0081022557788583693 0.28222601547354742 0.11113227959499336
v -0.0081022557788583693 0.28222601547354742 0.22297718639666225
v -0.0081022557788583693 0.28222601547354742 0.24534616775699605
v -0.0081022557788583693 0.28222601547354742 0.26771514911732985
v -0.0081022557788583693 0.28222601547354742 0.29008413047766363
v -0.0081022557788583693 0.28222601547354742 0.3124531118379974
v -0.0081022557788583693 0.30459499683388125 0.066394316874325815
v -0.0081022557788583693 0.30459499683388125 0.088763298234659588
v -0.0081022557788583693 0.30459499683388125 0.24534616775699605
v -0.0081022557788583693 0.30459499683388125 0.26771514911732985
v -0.0081022557788583693 0.30459499683388125 0.3124531118379974
v -0.0081022557788583693 0.30459499683388125 0.33482209319833117
v -0.0081022557788583693 0.32696397819421508 0.066394316874325815
v -0.0081022557788583693 0.32696397819421508 0.24534616775699605
v -0.0081022557788583693 0.32696397819421508 0.26771514911732985
v -0.0081022557788583693 0.32696397819421508 0.29008413047766363
v -0.0081022557788583693 0.32696397819421508 0.3124531118379974
v -0.0081022557788583693 0.32696397819421508 0.33482209319833117
v -0.0081022557788583693 0.34933295955454879 0.066394316874325815
v -0.0081022557788583693 0.34933295955454879 0.24534616775699605
v -0.0081022557788583693 0.34933295955454879 0.29008413047766363
v -0.0081022557788583693 0.34933295955454879 0.3124531118379974
v -0.0081022557788583693 0.34933295955454879 0.33482209319833117
v -0.0081022557788583693 0.37170194091488262 0.066394316874325815
v -0.0081022557788583693 0.37170194091488262 0.24534616775699605
v -0.0081022557788583693 0.39407092227521634 0.066394316874325815
v -0.0081022557788583693 0.39407092227521634 0.088763298234659588
v -0.0081022557788583693 0.39407092227521634 0.22297718639666225
v -0.0081022557788583693 0.39407092227521634 0.24534616775699605
v -0.0081022557788583693 0.41643990363555017 0.088763298234659588
v -0.0081022557788583693 0.41643990363555017 0.11113227959499336
v -0.0081022557788583693 0.41643990363555017 0.20060820503632848
v -0.0081022557788583693 0.41643990363555017 0.22297718639666225
v -0.0081022557788583693 0.41643990363555017 0.24534616775699605
v -0.0081022557788583693 0.43880888499588389 0.11113227959499336
v -0.0081022557788583693 0.43880888499588389 0.13350126095532716
v -0.0081022557788583693 0.43880888499588389 0.15587024231566093
v -0.0081022557788583693 0.43880888499588389 0.20060820503632848
v -0.0081022557788583693 0.43880888499588389 0.22297718639666225
v -0.0081022557788583693 0.43880888499588389 0.24534616775699605
v -0.0081022557788583693 0.43880888499588389 0.26771514911732985
v -0.0081022557788583693 0.46117786635621771 0.13350126095532716
v -0.0081022557788583693 0.46117786635621771 0.15587024231566093
v -0.0081022557788583693 0.46117786635621771 0.24534616775699605
v -0.0081022557788583693 0.46117786635621771 0.26771514911732985
v -0.0081022557788583693 0.48354684771655143 0.13350126095532716
v -0.0081022557788583693 0.48354684771655143 0.15587024231566093
v -0.0081022557788583693 0.48354684771655143 0.24534616775699605
v -0.0081022557788583693 0.48354684771655143 0.26771514911732985
v -0.0081022557788583693 0.50591582907688526 0.15587024231566093
v -0.0081022557788583693 0.50591582907688526 0.17823922367599471
v -0.0081022557788583693 0.50591582907688526 0.22297718639666225
v -0.0081022557788583693 0.50591582907688526 0.24534616775699605
v -0.0081022557788583693 0.50591582907688526 0.26771514911732985
v -0.0081022557788583693 0.52828481043721909 0.17823922367599471
v -0.0081022557788583693 0.52828481043721909 0.20060820503632848
v -0.0081022557788583693 0.52828481043721909 0.22297718639666225
v -0.0081022557788583693 0.52828481043721909 0.24534616775699605
v -0.0081022557788583693 0.52828481043721909 0.26771514911732985
v 0.014266725581475403 -0.29936749989513078 0.17823922367599471
v 0.014266725581475403 -0.29936749989513078 0.20060820503632848
v 0.014266725581475403 -0.29936749989513078 0.22297718639666225
v 0.014266725581475403 -0.29936749989513078 0.24534616775699605
v 0.014266725581475403 -0.29936749989513078 0.26771514911732985
v 0.014266725581475403 -0.27699851853479701 0.15587024231566093
v 0.014266725581475403 -0.27699851853479701 0.17823922367599471
v 0.014266725581475403 -0.27699851853479701 0.20060820503632848
v 0.014266725581475403 -0.27699851853479701 0.22297718639666225
v 0.014266725581475403 -0.27699851853479701 0.24534616775699605
v 0.014266725581475403 -0.27699851853479701 0.26771514911732985
v 0.014266725581475403 -0.27699851853479701 0.29008413047766363
v 0.014266725581475403 -0.25462953717446324 0.13350126095532716
v 0.014266725581475403 -0.25462953717446324 0.15587024231566093
v 0.014266725581475403 -0.25462953717446324 0.26771514911732985
v 0.014266725581475403 -0.25462953717446324 0.29008413047766363
v 0.014266725581475403 -0.25462953717446324 0.3124531118379974
v 0.014266725581475403 -0.23226055581412947 0.13350126095532716
v 0.014266725581475403 -0.23226055581412947 0.29008413047766363
v 0.014266725581475403 -0.23226055581412947 0.3124531118379974
v 0.014266725581475403 -0.20989157445379569 0.13350126095532716
v 0.014266725581475403 -0.20989157445379569 0.29008413047766363
v 0.014266725581475403 -0.20989157445379569 0.3124531118379974
v 0.014266725581475403 -0.18752259309346192 0.11113227959499336
v 0.014266725581475403 -0.18752259309346192 0.13350126095532716
v 0.014266725581475403 -0.18752259309346192 0.29008413047766363
v 0.014266725581475403 -0.18752259309346192 0.3124531118379974
v 0.014266725581475403 -0.16515361173312812 0.11113227959499336
v 0.014266725581475403 -0.16515361173312812 0.29008413047766363
v 0.014266725581475403 -0.16515361173312812 0.3124531118379974
v 0.014266725581475403 -0.14278463037279432 0.11113227959499336
v 0.014266725581475403 -0.14278463037279432 0.29008413047766363
v 0.014266725581475403 -0.14278463037279432 0.3124531118379974
v 0.014266725581475403 -0.12041564901246055 0.11113227959499336
v 0.014266725581475403 -0.12041564901246055 0.13350126095532716
v 0.014266725581475403 -0.12041564901246055 0.26771514911732985
v 0.014266725581475403 -0.12041564901246055 0.29008413047766363
v 0.014266725581475403 -0.098046667652126773 0.11113227959499336
v 0.014266725581475403 -0.098046667652126773 0.13350126095532716
v 0.014266725581475403 -0.098046667652126773 0.24534616775699605
v 0.014266725581475403 -0.098046667652126773 0.26771514911732985
v 0.014266725581475403 -0.075677686291793 0.11113227959499336
v 0.014266725581475403 -0.075677686291793 0.13350126095532716
v 0.014266725581475403 -0.075677686291793 0.15587024231566093
v 0.014266725581475403 -0.075677686291793 0.20060820503632848
v 0.014266725581475403 -0.075677686291793 0.22297718639666225
v 0.014266725581475403 -0.075677686291793 0.24534616775699605
v 0.014266725581475403 -0.053308704931459228 0.13350126095532716
v 0.014266725581475403 -0.053308704931459228 0.15587024231566093
v 0.014266725581475403 -0.053308704931459228 0.17823922367599471
v 0.014266725581475403 -0.053308704931459228 0.20060820503632848
v 0.014266725581475403 -0.053308704931459228 0.22297718639666225
v 0.014266725581475403 -0.030939723571125455 0.15587024231566093
v 0.014266725581475403 -0.030939723571125455 0.17823922367599471
v 0.014266725581475403 -0.030939723571125455 0.20060820503632848
v 0.014266725581475403 -0.008570742210791682 0.11113227959499336
v 0.014266725581475403 -0.008570742210791682 0.13350126095532716
v 0.014266725581475403 -0.008570742210791682 0.15587024231566093
v 0.014266725581475403 -0.008570742210791682 0.17823922367599471
v 0.014266725581475403 -0.008570742210791682 0.20060820503632848
v 0.014266725581475403 -0.008570742210791682 0.22297718639666225
v 0.014266725581475403 0.013798239149542091 0.088763298234659588
v 0.014266725581475403 0.013798239149542091 0.11113227959499336
v 0.014266725581475403 0.013798239149542091 0.13350126095532716
v 0.014266725581475403 0.013798239149542091 0.20060820503632848
v 0.014266725581475403 0.013798239149542091 0.22297718639666225
v 0.014266725581475403 0.013798239149542091 0.24534616775699605
v 0.014266725581475403 0.036167220509875864 0.066394316874325815
v 0.014266725581475403 0.036167220509875864 0.088763298234659588
v 0.014266725581475403 0.036167220509875864 0.24534616775699605
v 0.014266725581475403 0.036167220509875864 0.26771514911732985
v 0.014266725581475403 0.058536201870209692 0.066394316874325815
v 0.014266725581475403 0.058536201870209692 0.26771514911732985
v 0.014266725581475403 0.080905183230543465 0.066394316874325815
v 0.014266725581475403 0.080905183230543465 0.26771514911732985
v 0.014266725581475403 0.10327416459087724 0.066394316874325815
v 0.014266725581475403 0.10327416459087724 0.26771514911732985
v 0.014266725581475403 0.12564314595121107 0.066394316874325815
v 0.014266725581475403 0.12564314595121107 0.24534616775699605
v 0.014266725581475403 0.12564314595121107 0.26771514911732985
v 0.014266725581475403 0.14801212731154478 0.066394316874325815
v 0.014266725581475403 0.14801212731154478 0.088763298234659588
v 0.014266725581475403 0.14801212731154478 0.24534616775699605
v 0.014266725581475403 0.17038110867187861 0.066394316874325815
v 0.014266725581475403 0.17038110867187861 0.088763298234659588
v 0.014266725581475403 0.17038110867187861 0.11113227959499336
v 0.014266725581475403 0.17038110867187861 0.20060820503632848
v 0.014266725581475403 0.17038110867187861 0.22297718639666225
v 0.014266725581475403 0.17038110867187861 0.24534616775699605
v 0.014266725581475403 0.19275009003221233 0.088763298234659588
v 0.014266725581475403 0.19275009003221233 0.11113227959499336
v 0.014266725581475403 0.19275009003221233 0.13350126095532716
v 0.014266725581475403 0.19275009003221233 0.15587024231566093
v 0.014266725581475403 0.19275009003221233 0.17823922367599471
v 0.014266725581475403 0.19275009003221233 0.20060820503632848
v 0.014266725581475403 0.19275009003221233 0.22297718639666225
v 0.014266725581475403 0.21511907139254616 0.13350126095532716
v 0.014266725581475403 0.21511907139254616 0.15587024231566093
v 0.014266725581475403 0.21511907139254616 0.17823922367599471
v 0.014266725581475403 0.23748805275287987 0.11113227959499336
v 0.014266725581475403 0.23748805275287987 0.13350126095532716
v 0.014266725581475403 0.23748805275287987 0.15587024231566093
v 0.014266725581475403 0.23748805275287987 0.17823922367599471
v 0.014266725581475403 0.23748805275287987 0.20060820503632848
v 0.014266725581475403 0.2598570341132137 0.088763298234659588
v 0.014266725581475403 0.2598570341132137 0.11113227959499336
v 0.014266725581475403 0.2598570341132137 0.13350126095532716
v 0.014266725581475403 0.2598570341132137 0.17823922367599471
v 0.014266725581475403 0.2598570341132137 0.20060820503632848
v 0.014266725581475403 0.2598570341132137 0.22297718639666225
v 0.014266725581475403 0.28222601547354742 0.066394316874325815
v 0.014266725581475403 0.28222601547354742 0.088763298234659588
v 0.014266725581475403 0.28222601547354742 0.22297718639666225
v 0.014266725581475403 0.28222601547354742 0.24534616775699605
v 0.014266725581475403 0.28222601547354742 0.26771514911732985
v 0.014266725581475403 0.28222601547354742 0.29008413047766363
v 0.014266725581475403 0.28222601547354742 0.3124531118379974
v 0.014266725581475403 0.28222601547354742 0.33482209319833117
v 0.014266725581475403 0.30459499683388125 0.066394316874325815
v 0.014266725581475403 0.30459499683388125 0.24534616775699605
v 0.014266725581475403 0.30459499683388125 0.26771514911732985
v 0.014266725581475403 0.30459499683388125 0.3124531118379974
v 0.014266725581475403 0.30459499683388125 0.33482209319833117
v 0.014266725581475403 0.30459499683388125 0.35719107455866494
v 0.014266725581475403 0.32696397819421508 0.066394316874325815
v 0.014266725581475403 0.32696397819421508 0.24534616775699605
v 0.014266725581475403 0.32696397819421508 0.26771514911732985
v 0.014266725581475403 0.32696397819421508 0.29008413047766363
v 0.014266725581475403 0.32696397819421508 0.33482209319833117
v 0.014266725581475403 0.32696397819421508 0.35719107455866494
v 0.014266725581475403 0.34933295955454879 0.066394316874325815
v 0.014266725581475403 0.34933295955454879 0.24534616775699605
v 0.014266725581475403 0.34933295955454879 0.29008413047766363
v 0.014266725581475403 0.34933295955454879 0.3124531118379974
v 0.014266725581475403 0.34933295955454879 0.33482209319833117
v 0.014266725581475403 0.34933295955454879 0.35719107455866494
v 0.014266725581475403 0.37170194091488262 0.066394316874325815
v 0.014266725581475403 0.37170194091488262 0.24534616775699605
v 0.014266725581475403 0.39407092227521634 0.066394316874325815
v 0.014266725581475403 0.39407092227521634 0.088763298234659588
v 0.014266725581475403 0.39407092227521634 0.22297718639666225
v 0.014266725581475403 0.39407092227521634 0.24534616775699605
v 0.014266725581475403 0.41643990363555017 0.088763298234659588
v 0.014266725581475403 0.41643990363555017 0.11113227959499336
v 0.014266725581475403 0.41643990363555017 0.13350126095532716
v 0.014266725581475403 0.41643990363555017 0.20060820503632848
v 0.014266725581475403 0.41643990363555017 0.22297718639666225
v 0.014266725581475403 0.43880888499588389 0.11113227959499336
v 0.014266725581475403 0.43880888499588389 0.13350126095532716
v 0.014266725581475403 0.43880888499588389 0.15587024231566093
v 0.014266725581475403 0.43880888499588389 0.20060820503632848
v 0.014266725581475403 0.43880888499588389 0.22297718639666225
v 0.014266725581475403 0.43880888499588389 0.24534616775699605
v 0.014266725581475403 0.43880888499588389 0.26771514911732985
v 0.014266725581475403 0.46117786635621771 0.15587024231566093
v 0.014266725581475403 0.46117786635621771 0.26771514911732985
v 0.014266725581475403 0.46117786635621771 0.29008413047766363
v 0.014266725581475403 0.48354684771655143 0.15587024231566093
v 0.014266725581475403 0.48354684771655143 0.26771514911732985
v 0.014266725581475403 0.48354684771655143 0.29008413047766363
v 0.014266725581475403 0.50591582907688526 0.15587024231566093
v 0.014266725581475403 0.50591582907688526 0.17823922367599471
v 0.014266725581475403 0.50591582907688526 0.26771514911732985
v 0.014266725581475403 0.50591582907688526 0.29008413047766363
v 0.014266725581475403 0.52828481043721909 0.17823922367599471
v 0.014266725581475403 0.52828481043721909 0.20060820503632848
v 0.014266725581475403 0.52828481043721909 0.22297718639666225
v 0.014266725581475403 0.52828481043721909 0.24534616775699605
v 0.014266725581475403 0.52828481043721909 0.26771514911732985
v 0.014266725581475403 0.52828481043721909 0.29008413047766363
v 0.036635706941809176 -0.29936749989513078 0.15587024231566093
v 0.036635706941809176 -0.29936749989513078 0.17823922367599471
v 0.036635706941809176 -0.29936749989513078 0.20060820503632848
v 0.036635706941809176 -0.29936749989513078 0.22297718639666225
v 0.036635706941809176 -0.29936749989513078 0.24534616775699605
v 0.036635706941809176 -0.29936749989513078 0.26771514911732985
v 0.036635706941809176 -0.29936749989513078 0.29008413047766363
v 0.036635706941809176 -0.27699851853479701 0.13350126095532716
v 0.036635706941809176 -0.27699851853479701 0.15587024231566093
v 0.036635706941809176 -0.27699851853479701 0.17823922367599471
v 0.036635706941809176 -0.27699851853479701 0.26771514911732985
v 0.036635706941809176 -0.27699851853479701 0.29008413047766363
v 0.036635706941809176 -0.27699851853479701 0.3124531118379974
v 0.036635706941809176 -0.25462953717446324 0.13350126095532716
v 0.036635706941809176 -0.25462953717446324 0.15587024231566093
v 0.036635706941809176 -0.25462953717446324 0.29008413047766363
v 0.036635706941809176 -0.25462953717446324 0.3124531118379974
v 0.036635706941809176 -0.23226055581412947 0.13350126095532716
v 0.036635706941809176 -0.23226055581412947 0.3124531118379974
v 0.036635706941809176 -0.20989157445379569 0.13350126095532716
v 0.036635706941809176 -0.20989157445379569 0.3124531118379974
v 0.036635706941809176 -0.18752259309346192 0.11113227959499336
v 0.036635706941809176 -0.18752259309346192 0.13350126095532716
v 0.036635706941809176 -0.18752259309346192 0.3124531118379974
v 0.036635706941809176 -0.16515361173312812 0.11113227959499336
v 0.036635706941809176 -0.16515361173312812 0.13350126095532716
v 0.036635706941809176 -0.16515361173312812 0.3124531118379974
v 0.036635706941809176 -0.14278463037279432 0.11113227959499336
v 0.036635706941809176 -0.14278463037279432 0.13350126095532716
v 0.036635706941809176 -0.14278463037279432 0.29008413047766363
v 0.036635706941809176 -0.14278463037279432 0.3124531118379974
v 0.036635706941809176 -0.12041564901246055 0.11113227959499336
v 0.036635706941809176 -0.12041564901246055 0.13350126095532716
v 0.036635706941809176 -0.12041564901246055 0.26771514911732985
v 0.036635706941809176 -0.12041564901246055 0.29008413047766363
v 0.036635706941809176 -0.098046667652126773 0.13350126095532716
v 0.036635706941809176 -0.098046667652126773 0.15587024231566093
v 0.036635706941809176 -0.098046667652126773 0.22297718639666225
v 0.036635706941809176 -0.098046667652126773 0.24534616775699605
v 0.036635706941809176 -0.098046667652126773 0.26771514911732985
v 0.036635706941809176 -0.075677686291793 0.13350126095532716
v 0.036635706941809176 -0.075677686291793 0.15587024231566093
v 0.036635706941809176 -0.075677686291793 0.17823922367599471
v 0.036635706941809176 -0.075677686291793 0.20060820503632848
v 0.036635706941809176 -0.075677686291793 0.22297718639666225
v 0.036635706941809176 -0.075677686291793 0.24534616775699605
v 0.036635706941809176 -0.053308704931459228 0.15587024231566093
v 0.036635706941809176 -0.053308704931459228 0.17823922367599471
v 0.036635706941809176 -0.053308704931459228 0.20060820503632848
v 0.036635706941809176 -0.030939723571125455 0.13350126095532716
v 0.036635706941809176 -0.030939723571125455 0.15587024231566093
v 0.036635706941809176 -0.030939723571125455 0.17823922367599471
v 0.036635706941809176 -0.030939723571125455 0.20060820503632848
v 0.036635706941809176 -0.008570742210791682 0.088763298234659588
v 0.036635706941809176 -0.008570742210791682 0.11113227959499336
v 0.036635706941809176 -0.008570742210791682 0.13350126095532716
v 0.036635706941809176 -0.008570742210791682 0.15587024231566093
v 0.036635706941809176 -0.008570742210791682 0.20060820503632848
v 0.036635706941809176 -0.008570742210791682 0.22297718639666225
v 0.036635706941809176 -0.008570742210791682 0.24534616775699605
v 0.036635706941809176 0.013798239149542091 0.088763298234659588
v 0.036635706941809176 0.013798239149542091 0.11113227959499336
v 0.036635706941809176 0.013798239149542091 0.22297718639666225
v 0.036635706941809176 0.013798239149542091 0.24534616775699605
v 0.036635706941809176 0.013798239149542091 0.26771514911732985
v 0.036635706941809176 0.036167220509875864 0.066394316874325815
v 0.036635706941809176 0.036167220509875864 0.088763298234659588
v 0.036635706941809176 0.036167220509875864 0.24534616775699605
v 0.036635706941809176 0.036167220509875864 0.26771514911732985
v 0.036635706941809176 0.058536201870209692 0.066394316874325815
v 0.036635706941809176 0.058536201870209692 0.26771514911732985
v 0.036635706941809176 0.080905183230543465 0.066394316874325815
v 0.036635706941809176 0.080905183230543465 0.26771514911732985
v 0.036635706941809176 0.10327416459087724 0.066394316874325815
v 0.036635706941809176 0.10327416459087724 0.26771514911732985
v 0.036635706941809176 0.12564314595121107 0.066394316874325815
v 0.036635706941809176 0.12564314595121107 0.24534616775699605
v 0.036635706941809176 0.12564314595121107 0.26771514911732985
v 0.036635706941809176 0.14801212731154478 0.066394316874325815
v 0.036635706941809176 0.14801212731154478 0.088763298234659588
v 0.036635706941809176 0.14801212731154478 0.22297718639666225
v 0.036635706941809176 0.14801212731154478 0.24534616775699605
v 0.036635706941809176 0.17038110867187861 0.088763298234659588
v 0.036635706941809176 0.17038110867187861 0.11113227959499336
v 0.036635706941809176 0.17038110867187861 0.13350126095532716
v 0.036635706941809176 0.17038110867187861 0.17823922367599471
v 0.036635706941809176 0.17038110867187861 0.20060820503632848
v 0.036635706941809176 0.17038110867187861 0.22297718639666225
v 0.036635706941809176 0.17038110867187861 0.24534616775699605
v 0.036635706941809176 0.19275009003221233 0.11113227959499336
v 0.036635706941809176 0.19275009003221233 0.13350126095532716
v 0.036635706941809176 0.19275009003221233 0.15587024231566093
v 0.036635706941809176 0.19275009003221233 0.17823922367599471
v 0.036635706941809176 0.19275009003221233 0.20060820503632848
v 0.036635706941809176 0.21511907139254616 0.11113227959499336
v 0.036635706941809176 0.21511907139254616 0.13350126095532716
v 0.036635706941809176 0.21511907139254616 0.15587024231566093
v 0.036635706941809176 0.21511907139254616 0.17823922367599471
v 0.036635706941809176 0.21511907139254616 0.20060820503632848
v 0.036635706941809176 0.23748805275287987 0.088763298234659588
v 0.036635706941809176 0.23748805275287987 0.11113227959499336
v 0.036635706941809176 0.23748805275287987 0.13350126095532716
v 0.036635706941809176 0.23748805275287987 0.15587024231566093
v 0.036635706941809176 0.23748805275287987 0.17823922367599471
v 0.036635706941809176 0.23748805275287987 0.20060820503632848
v 0.036635706941809176 0.23748805275287987 0.22297718639666225
v 0.036635706941809176 0.2598570341132137 0.066394316874325815
v 0.036635706941809176 0.2598570341132137 0.088763298234659588
v 0.036635706941809176 0.2598570341132137 0.11113227959499336
v 0.036635706941809176 0.2598570341132137 0.20060820503632848
v 0.036635706941809176 0.2598570341132137 0.22297718639666225
v 0.036635706941809176 0.28222601547354742 0.066394316874325815
v 0.036635706941809176 0.28222601547354742 0.088763298234659588
v 0.036635706941809176 0.28222601547354742 0.22297718639666225
v 0.036635706941809176 0.28222601547354742 0.24534616775699605
v 0.036635706941809176 0.28222601547354742 0.26771514911732985
v 0.036635706941809176 0.28222601547354742 0.29008413047766363
v 0.036635706941809176 0.28222601547354742 0.3124531118379974
v 0.036635706941809176 0.28222601547354742 0.33482209319833117
v 0.036635706941809176 0.28222601547354742 0.35719107455866494
v 0.036635706941809176 0.30459499683388125 0.066394316874325815
v 0.036635706941809176 0.30459499683388125 0.24534616775699605
v 0.036635706941809176 0.30459499683388125 0.26771514911732985
v 0.036635706941809176 0.30459499683388125 0.33482209319833117
v 0.036635706941809176 0.30459499683388125 0.35719107455866494
v 0.036635706941809176 0.30459499683388125 0.37956005591899872
v 0.036635706941809176 0.32696397819421508 0.066394316874325815
v 0.036635706941809176 0.32696397819421508 0.24534616775699605
v 0.036635706941809176 0.32696397819421508 0.26771514911732985
v 0.036635706941809176 0.32696397819421508 0.29008413047766363
v 0.036635706941809176 0.32696397819421508 0.35719107455866494
v 0.036635706941809176 0.32696397819421508 0.37956005591899872
v 0.036635706941809176 0.34933295955454879 0.066394316874325815
v 0.036635706941809176 0.34933295955454879 0.24534616775699605
v 0.036635706941809176 0.34933295955454879 0.29008413047766363
v 0.036635706941809176 0.34933295955454879 0.3124531118379974
v 0.036635706941809176 0.34933295955454879 0.33482209319833117
v 0.036635706941809176 0.34933295955454879 0.35719107455866494
v 0.036635706941809176 0.34933295955454879 0.37956005591899872
v 0.036635706941809176 0.37170194091488262 0.066394316874325815
v 0.036635706941809176 0.37170194091488262 0.088763298234659588
v 0.036635706941809176 0.37170194091488262 0.22297718639666225
v 0.036635706941809176 0.37170194091488262 0.24534616775699605
v 0.036635706941809176 0.37170194091488262 0.3124531118379974
v 0.036635706941809176 0.37170194091488262 0.33482209319833117
v 0.036635706941809176 0.37170194091488262 0.35719107455866494
v 0.036635706941809176 0.39407092227521634 0.066394316874325815
v 0.036635706941809176 0.39407092227521634 0.088763298234659588
v 0.036635706941809176 0.39407092227521634 0.11113227959499336
v 0.036635706941809176 0.39407092227521634 0.22297718639666225
v 0.036635706941809176 0.39407092227521634 0.24534616775699605
v 0.036635706941809176 0.41643990363555017 0.088763298234659588
v 0.036635706941809176 0.41643990363555017 0.11113227959499336
v 0.036635706941809176 0.41643990363555017 0.13350126095532716
v 0.036635706941809176 0.41643990363555017 0.15587024231566093
v 0.036635706941809176 0.41643990363555017 0.22297718639666225
v 0.036635706941809176 0.43880888499588389 0.13350126095532716
v 0.036635706941809176 0.43880888499588389 0.15587024231566093
v 0.036635706941809176 0.43880888499588389 0.17823922367599471
v 0.036635706941809176 0.43880888499588389 0.22297718639666225
v 0.036635706941809176 0.43880888499588389 0.24534616775699605
v 0.036635706941809176 0.43880888499588389 0.26771514911732985
v 0.036635706941809176 0.43880888499588389 0.29008413047766363
v 0.036635706941809176 0.46117786635621771 0.15587024231566093
v 0.036635706941809176 0.46117786635621771 0.17823922367599471
v 0.036635706941809176 0.46117786635621771 0.26771514911732985
v 0.036635706941809176 0.46117786635621771 0.29008413047766363
v 0.036635706941809176 0.46117786635621771 0.3124531118379974
v 0.036635706941809176 0.48354684771655143 0.15587024231566093
v 0.036635706941809176 0.48354684771655143 0.17823922367599471
v 0.036635706941809176 0.48354684771655143 0.29008413047766363
v 0.036635706941809176 0.48354684771655143 0.3124531118379974
v 0.036635706941809176 0.50591582907688526 0.15587024231566093
v 0.036635706941809176 0.50591582907688526 0.17823922367599471
v 0.036635706941809176 0.50591582907688526 0.29008413047766363
v 0.036635706941809176 0.50591582907688526 0.3124531118379974
v 0.036635706941809176 0.52828481043721909 0.17823922367599471
v 0.036635706941809176 0.52828481043721909 0.20060820503632848
v 0.036635706941809176 0.52828481043721909 0.22297718639666225
v 0.036635706941809176 0.52828481043721909 0.24534616775699605
v 0.036635706941809176 0.52828481043721909 0.26771514911732985
v 0.036635706941809176 0.52828481043721909 0.29008413047766363
v 0.036635706941809176 0.52828481043721909 0.3124531118379974
v 0.036635706941809176 0.55065379179755281 0.22297718639666225
v 0.036635706941809176 0.55065379179755281 0.24534616775699605
v 0.036635706941809176 0.55065379179755281 0.26771514911732985
v 0.036635706941809176 0.55065379179755281 0.29008413047766363
v 0.059004688302143005 -0.32173648125546461 0.17823922367599471
v 0.059004688302143005 -0.32173648125546461 0.20060820503632848
v 0.059004688302143005 -0.32173648125546461 0.22297718639666225
v 0.059004688302143005 -0.32173648125546461 0.24534616775699605
v 0.059004688302143005 -0.29936749989513078 0.15587024231566093
v 0.059004688302143005 -0.29936749989513078 0.17823922367599471
v 0.059004688302143005 -0.29936749989513078 0.20060820503632848
v 0.059004688302143005 -0.29936749989513078 0.22297718639666225
v 0.059004688302143005 -0.29936749989513078 0.24534616775699605
v 0.059004688302143005 -0.29936749989513078 0.26771514911732985
v 0.059004688302143005 -0.29936749989513078 0.29008413047766363
v 0.059004688302143005 -0.27699851853479701 0.13350126095532716
v 0.059004688302143005 -0.27699851853479701 0.15587024231566093
v 0.059004688302143005 -0.27699851853479701 0.29008413047766363
v 0.059004688302143005 -0.27699851853479701 0.3124531118379974
v 0.059004688302143005 -0.25462953717446324 0.13350126095532716
v 0.059004688302143005 -0.25462953717446324 0.3124531118379974
v 0.059004688302143005 -0.23226055581412947 0.11113227959499336
v 0.059004688302143005 -0.23226055581412947 0.13350126095532716
v 0.059004688302143005 -0.23226055581412947 0.3124531118379974
v 0.059004688302143005 -0.20989157445379569 0.11113227959499336
v 0.059004688302143005 -0.20989157445379569 0.13350126095532716
v 0.059004688302143005 -0.20989157445379569 0.3124531118379974
v 0.059004688302143005 -0.18752259309346192 0.11113227959499336
v 0.059004688302143005 -0.18752259309346192 0.13350126095532716
v 0.059004688302143005 -0.18752259309346192 0.3124531118379974
v 0.059004688302143005 -0.16515361173312812 0.13350126095532716
v 0.059004688302143005 -0.16515361173312812 0.3124531118379974
v 0.059004688302143005 -0.14278463037279432 0.13350126095532716
v 0.059004688302143005 -0.14278463037279432 0.29008413047766363
v 0.059004688302143005 -0.14278463037279432 0.3124531118379974
v 0.059004688302143005 -0.12041564901246055 0.13350126095532716
v 0.059004688302143005 -0.12041564901246055 0.15587024231566093
v 0.059004688302143005 -0.12041564901246055 0.26771514911732985
v 0.059004688302143005 -0.12041564901246055 0.29008413047766363
v 0.059004688302143005 -0.12041564901246055 0.3124531118379974
v 0.059004688302143005 -0.098046667652126773 0.13350126095532716
v 0.059004688302143005 -0.098046667652126773 0.15587024231566093
v 0.059004688302143005 -0.098046667652126773 0.22297718639666225
v 0.059004688302143005 -0.098046667652126773 0.24534616775699605
v 0.059004688302143005 -0.098046667652126773 0.26771514911732985
v 0.059004688302143005 -0.098046667652126773 0.29008413047766363
v 0.059004688302143005 -0.075677686291793 0.15587024231566093
v 0.059004688302143005 -0.075677686291793 0.17823922367599471
v 0.059004688302143005 -0.075677686291793 0.20060820503632848
v 0.059004688302143005 -0.075677686291793 0.22297718639666225
v 0.059004688302143005 -0.053308704931459228 0.15587024231566093
v 0.059004688302143005 -0.053308704931459228 0.17823922367599471
v 0.059004688302143005 -0.053308704931459228 0.20060820503632848
v 0.059004688302143005 -0.030939723571125455 0.11113227959499336
v 0.059004688302143005 -0.030939723571125455 0.13350126095532716
v 0.059004688302143005 -0.030939723571125455 0.15587024231566093
v 0.059004688302143005 -0.030939723571125455 0.20060820503632848
v 0.059004688302143005 -0.030939723571125455 0.22297718639666225
v 0.059004688302143005 -0.030939723571125455 0.24534616775699605
v 0.059004688302143005 -0.008570742210791682 0.088763298234659588
v 0.059004688302143005 -0.008570742210791682 0.11113227959499336
v 0.059004688302143005 -0.008570742210791682 0.13350126095532716
v 0.059004688302143005 -0.008570742210791682 0.20060820503632848
v 0.059004688302143005 -0.008570742210791682 0.22297718639666225
v 0.059004688302143005 -0.008570742210791682 0.24534616775699605
v 0.059004688302143005 -0.008570742210791682 0.26771514911732985
v 0.059004688302143005 0.013798239149542091 0.066394316874325815
v 0.059004688302143005 0.013798239149542091 0.088763298234659588
v 0.059004688302143005 0.013798239149542091 0.24534616775699605
v 0.059004688302143005 0.013798239149542091 0.26771514911732985
v 0.059004688302143005 0.036167220509875864 0.066394316874325815
v 0.059004688302143005 0.036167220509875864 0.088763298234659588
v 0.059004688302143005 0.036167220509875864 0.26771514911732985
v 0.059004688302143005 0.058536201870209692 0.066394316874325815
v 0.059004688302143005 0.058536201870209692 0.26771514911732985
v 0.059004688302143005 0.080905183230543465 0.066394316874325815
v 0.059004688302143005 0.080905183230543465 0.26771514911732985
v 0.059004688302143005 0.10327416459087724 0.066394316874325815
v 0.059004688302143005 0.10327416459087724 0.26771514911732985
v 0.059004688302143005 0.12564314595121107 0.066394316874325815
v 0.059004688302143005 0.12564314595121107 0.088763298234659588
v 0.059004688302143005 0.12564314595121107 0.24534616775699605
v 0.059004688302143005 0.12564314595121107 0.26771514911732985
v 0.059004688302143005 0.14801212731154478 0.066394316874325815
v 0.059004688302143005 0.14801212731154478 0.088763298234659588
v 0.059004688302143005 0.14801212731154478 0.11113227959499336
v 0.059004688302143005 0.14801212731154478 0.22297718639666225
v 0.059004688302143005 0.14801212731154478 0.24534616775699605
v 0.059004688302143005 0.17038110867187861 0.088763298234659588
v 0.059004688302143005 0.17038110867187861 0.11113227959499336
v 0.059004688302143005 0.17038110867187861 0.13350126095532716
v 0.059004688302143005 0.17038110867187861 0.15587024231566093
v 0.059004688302143005 0.17038110867187861 0.17823922367599471
v 0.059004688302143005 0.17038110867187861 0.20060820503632848
v 0.059004688302143005 0.17038110867187861 0.22297718639666225
v 0.059004688302143005 0.19275009003221233 0.13350126095532716
v 0.059004688302143005 0.19275009003221233 0.15587024231566093
v 0.059004688302143005 0.19275009003221233 0.17823922367599471
v 0.059004688302143005 0.21511907139254616 0.088763298234659588
v 0.059004688302143005 0.21511907139254616 0.11113227959499336
v 0.059004688302143005 0.21511907139254616 0.13350126095532716
v 0.059004688302143005 0.21511907139254616 0.15587024231566093
v 0.059004688302143005 0.21511907139254616 0.17823922367599471
v 0.059004688302143005 0.21511907139254616 0.20060820503632848
v 0.059004688302143005 0.23748805275287987 0.066394316874325815
v 0.059004688302143005 0.23748805275287987 0.088763298234659588
v 0.059004688302143005 0.23748805275287987 0.11113227959499336
v 0.059004688302143005 0.23748805275287987 0.20060820503632848
v 0.059004688302143005 0.23748805275287987 0.22297718639666225
v 0.059004688302143005 0.2598570341132137 0.066394316874325815
v 0.059004688302143005 0.2598570341132137 0.088763298234659588
v 0.059004688302143005 0.2598570341132137 0.22297718639666225
v 0.059004688302143005 0.2598570341132137 0.24534616775699605
v 0.059004688302143005 0.28222601547354742 0.066394316874325815
v 0.059004688302143005 0.28222601547354742 0.22297718639666225
v 0.059004688302143005 0.28222601547354742 0.24534616775699605
v 0.059004688302143005 0.28222601547354742 0.26771514911732985
v 0.059004688302143005 0.28222601547354742 0.29008413047766363
v 0.059004688302143005 0.28222601547354742 0.3124531118379974
v 0.059004688302143005 0.28222601547354742 0.33482209319833117
v 0.059004688302143005 0.28222601547354742 0.35719107455866494
v 0.059004688302143005 0.28222601547354742 0.37956005591899872
v 0.059004688302143005 0.30459499683388125 0.066394316874325815
v 0.059004688302143005 0.30459499683388125 0.24534616775699605
v 0.059004688302143005 0.30459499683388125 0.26771514911732985
v 0.059004688302143005 0.30459499683388125 0.29008413047766363
v 0.059004688302143005 0.30459499683388125 0.35719107455866494
v 0.059004688302143005 0.30459499683388125 0.37956005591899872
v 0.059004688302143005 0.30459499683388125 0.40192903727933249
v 0.059004688302143005 0.32696397819421508 0.066394316874325815
v 0.059004688302143005 0.32696397819421508 0.24534616775699605
v 0.059004688302143005 0.32696397819421508 0.26771514911732985
v 0.059004688302143005 0.32696397819421508 0.29008413047766363
v 0.059004688302143005 0.32696397819421508 0.37956005591899872
v 0.059004688302143005 0.32696397819421508 0.40192903727933249
v 0.059004688302143005 0.34933295955454879 0.066394316874325815
v 0.059004688302143005 0.34933295955454879 0.22297718639666225
v 0.059004688302143005 0.34933295955454879 0.24534616775699605
v 0.059004688302143005 0.34933295955454879 0.29008413047766363
v 0.059004688302143005 0.34933295955454879 0.3124531118379974
v 0.059004688302143005 0.34933295955454879 0.35719107455866494
v 0.059004688302143005 0.34933295955454879 0.37956005591899872
v 0.059004688302143005 0.34933295955454879 0.40192903727933249
v 0.059004688302143005 0.37170194091488262 0.066394316874325815
v 0.059004688302143005 0.37170194091488262 0.088763298234659588
v 0.059004688302143005 0.37170194091488262 0.22297718639666225
v 0.059004688302143005 0.37170194091488262 0.24534616775699605
v 0.059004688302143005 0.37170194091488262 0.3124531118379974
v 0.059004688302143005 0.37170194091488262 0.33482209319833117
v 0.059004688302143005 0.37170194091488262 0.35719107455866494
v 0.059004688302143005 0.37170194091488262 0.37956005591899872
v 0.059004688302143005 0.39407092227521634 0.088763298234659588
v 0.059004688302143005 0.39407092227521634 0.11113227959499336
v 0.059004688302143005 0.39407092227521634 0.13350126095532716
v 0.059004688302143005 0.39407092227521634 0.20060820503632848
v 0.059004688302143005 0.39407092227521634 0.22297718639666225
v 0.059004688302143005 0.41643990363555017 0.11113227959499336
v 0.059004688302143005 0.41643990363555017 0.13350126095532716
v 0.059004688302143005 0.41643990363555017 0.15587024231566093
v 0.059004688302143005 0.41643990363555017 0.17823922367599471
v 0.059004688302143005 0.41643990363555017 0.20060820503632848
v 0.059004688302143005 0.41643990363555017 0.22297718639666225
v 0.059004688302143005 0.43880888499588389 0.15587024231566093
v 0.059004688302143005 0.43880888499588389 0.17823922367599471
v 0.059004688302143005 0.43880888499588389 0.20060820503632848
v 0.059004688302143005 0.43880888499588389 0.22297718639666225
v 0.059004688302143005 0.43880888499588389 0.24534616775699605
v 0.059004688302143005 0.43880888499588389 0.26771514911732985
v 0.059004688302143005 0.43880888499588389 0.29008413047766363
v 0.059004688302143005 0.43880888499588389 0.3124531118379974
v 0.059004688302143005 0.46117786635621771 0.17823922367599471
v 0.059004688302143005 0.46117786635621771 0.20060820503632848
v 0.059004688302143005 0.46117786635621771 0.29008413047766363
v 0.059004688302143005 0.46117786635621771 0.3124531118379974
v 0.059004688302143005 0.46117786635621771 0.33482209319833117
v 0.059004688302143005 0.48354684771655143 0.17823922367599471
v 0.059004688302143005 0.48354684771655143 0.3124531118379974
v 0.059004688302143005 0.48354684771655143 0.33482209319833117
v 0.059004688302143005 0.50591582907688526 0.17823922367599471
v 0.059004688302143005 0.50591582907688526 0.20060820503632848
v 0.059004688302143005 0.50591582907688526 0.3124531118379974
v 0.059004688302143005 0.50591582907688526 0.33482209319833117
v 0.059004688302143005 0.52828481043721909 0.17823922367599471
v 0.059004688302143005 0.52828481043721909 0.20060820503632848
v 0.059004688302143005 0.52828481043721909 0.22297718639666225
v 0.059004688302143005 0.52828481043721909 0.29008413047766363
v 0.059004688302143005 0.52828481043721909 0.3124531118379974
v 0.059004688302143005 0.52828481043721909 0.33482209319833117
v 0.059004688302143005 0.55065379179755281 0.22297718639666225
v 0.059004688302143005 0.55065379179755281 0.24534616775699605
v 0.059004688302143005 0.55065379179755281 0.26771514911732985
v 0.059004688302143005 0.55065379179755281 0.29008413047766363
v 0.059004688302143005 0.55065379179755281 0.3124531118379974
v 0.081373669662476777 -0.32173648125546461 0.17823922367599471
v 0.081373669662476777 -0.32173648125546461 0.20060820503632848
v 0.081373669662476777 -0.32173648125546461 0.22297718639666225
v 0.081373669662476777 -0.32173648125546461 0.24534616775699605
v 0.081373669662476777 -0.32173648125546461 0.26771514911732985
v 0.081373669662476777 -0.29936749989513078 0.15587024231566093
v 0.081373669662476777 -0.29936749989513078 0.17823922367599471
v 0.081373669662476777 -0.29936749989513078 0.24534616775699605
v 0.081373669662476777 -0.29936749989513078 0.26771514911732985
v 0.081373669662476777 -0.29936749989513078 0.29008413047766363
v 0.081373669662476777 -0.29936749989513078 0.3124531118379974
v 0.081373669662476777 -0.27699851853479701 0.13350126095532716
v 0.081373669662476777 -0.27699851853479701 0.15587024231566093
v 0.081373669662476777 -0.27699851853479701 0.29008413047766363
v 0.081373669662476777 -0.27699851853479701 0.3124531118379974
v 0.081373669662476777 -0.25462953717446324 0.11113227959499336
v 0.081373669662476777 -0.25462953717446324 0.13350126095532716
v 0.081373669662476777 -0.25462953717446324 0.3124531118379974
v 0.081373669662476777 -0.23226055581412947 0.088763298234659588
v 0.081373669662476777 -0.23226055581412947 0.11113227959499336
v 0.081373669662476777 -0.23226055581412947 0.13350126095532716
v 0.081373669662476777 -0.23226055581412947 0.3124531118379974
v 0.081373669662476777 -0.23226055581412947 0.33482209319833117
v 0.081373669662476777 -0.20989157445379569 0.088763298234659588
v 0.081373669662476777 -0.20989157445379569 0.11113227959499336
v 0.081373669662476777 -0.20989157445379569 0.3124531118379974
v 0.081373669662476777 -0.20989157445379569 0.33482209319833117
v 0.081373669662476777 -0.18752259309346192 0.088763298234659588
v 0.081373669662476777 -0.18752259309346192 0.11113227959499336
v 0.081373669662476777 -0.18752259309346192 0.13350126095532716
v 0.081373669662476777 -0.18752259309346192 0.3124531118379974
v 0.081373669662476777 -0.18752259309346192 0.33482209319833117
v 0.081373669662476777 -0.16515361173312812 0.088763298234659588
v 0.081373669662476777 -0.16515361173312812 0.11113227959499336
v 0.081373669662476777 -0.16515361173312812 0.13350126095532716
v 0.081373669662476777 -0.16515361173312812 0.3124531118379974
v 0.081373669662476777 -0.16515361173312812 0.33482209319833117
v 0.081373669662476777 -0.14278463037279432 0.13350126095532716
v 0.081373669662476777 -0.14278463037279432 0.3124531118379974
v 0.081373669662476777 -0.14278463037279432 0.33482209319833117
v 0.081373669662476777 -0.12041564901246055 0.13350126095532716
v 0.081373669662476777 -0.12041564901246055 0.15587024231566093
v 0.081373669662476777 -0.12041564901246055 0.29008413047766363
v 0.081373669662476777 -0.12041564901246055 0.3124531118379974
v 0.081373669662476777 -0.12041564901246055 0.33482209319833117
v 0.081373669662476777 -0.098046667652126773 0.15587024231566093
v 0.081373669662476777 -0.098046667652126773 0.22297718639666225
v 0.081373669662476777 -0.098046667652126773 0.24534616775699605
v 0.081373669662476777 -0.098046667652126773 0.26771514911732985
v 0.081373669662476777 -0.098046667652126773 0.29008413047766363
v 0.081373669662476777 -0.098046667652126773 0.3124531118379974
v 0.081373669662476777 -0.098046667652126773 0.33482209319833117
v 0.081373669662476777 -0.075677686291793 0.15587024231566093
v 0.081373669662476777 -0.075677686291793 0.17823922367599471
v 0.081373669662476777 -0.075677686291793 0.20060820503632848
v 0.081373669662476777 -0.075677686291793 0.22297718639666225
v 0.081373669662476777 -0.075677686291793 0.24534616775699605
v 0.081373669662476777 -0.075677686291793 0.26771514911732985
v 0.081373669662476777 -0.075677686291793 0.29008413047766363
v 0.081373669662476777 -0.053308704931459228 0.11113227959499336
v 0.081373669662476777 -0.053308704931459228 0.13350126095532716
v 0.081373669662476777 -0.053308704931459228 0.15587024231566093
v 0.081373669662476777 -0.053308704931459228 0.17823922367599471
v 0.081373669662476777 -0.053308704931459228 0.20060820503632848
v 0.081373669662476777 -0.053308704931459228 0.22297718639666225
v 0.081373669662476777 -0.053308704931459228 0.24534616775699605
v 0.081373669662476777 -0.053308704931459228 0.26771514911732985
v 0.081373669662476777 -0.030939723571125455 0.088763298234659588
v 0.081373669662476777 -0.030939723571125455 0.11113227959499336
v 0.081373669662476777 -0.030939723571125455 0.13350126095532716
v 0.081373669662476777 -0.030939723571125455 0.15587024231566093
v 0.081373669662476777 -0.030939723571125455 0.20060820503632848
v 0.081373669662476777 -0.030939723571125455 0.22297718639666225
v 0.081373669662476777 -0.030939723571125455 0.24534616775699605
v 0.081373669662476777 -0.030939723571125455 0.26771514911732985
v 0.081373669662476777 -0.008570742210791682 0.088763298234659588
v 0.081373669662476777 -0.008570742210791682 0.11113227959499336
v 0.081373669662476777 -0.008570742210791682 0.24534616775699605
v 0.081373669662476777 -0.008570742210791682 0.26771514911732985
v 0.081373669662476777 -0.008570742210791682 0.29008413047766363
v 0.081373669662476777 0.013798239149542091 0.066394316874325815
v 0.081373669662476777 0.013798239149542091 0.088763298234659588
v 0.081373669662476777 0.013798239149542091 0.26771514911732985
v 0.081373669662476777 0.013798239149542091 0.29008413047766363
v 0.081373669662476777 0.036167220509875864 0.066394316874325815
v 0.081373669662476777 0.036167220509875864 0.26771514911732985
v 0.081373669662476777 0.036167220509875864 0.29008413047766363
v 0.081373669662476777 0.058536201870209692 0.066394316874325815
v 0.081373669662476777 0.058536201870209692 0.26771514911732985
v 0.081373669662476777 0.058536201870209692 0.29008413047766363
v 0.081373669662476777 0.080905183230543465 0.066394316874325815
v 0.081373669662476777 0.080905183230543465 0.26771514911732985
v 0.081373669662476777 0.080905183230543465 0.29008413047766363
v 0.081373669662476777 0.10327416459087724 0.066394316874325815
v 0.081373669662476777 0.10327416459087724 0.26771514911732985
v 0.081373669662476777 0.12564314595121107 0.066394316874325815
v 0.081373669662476777 0.12564314595121107 0.088763298234659588
v 0.081373669662476777 0.12564314595121107 0.24534616775699605
v 0.081373669662476777 0.12564314595121107 0.26771514911732985
v 0.081373669662476777 0.14801212731154478 0.088763298234659588
v 0.081373669662476777 0.14801212731154478 0.11113227959499336
v 0.081373669662476777 0.14801212731154478 0.22297718639666225
v 0.081373669662476777 0.14801212731154478 0.24534616775699605
v 0.081373669662476777 0.17038110867187861 0.11113227959499336
v 0.081373669662476777 0.17038110867187861 0.13350126095532716
v 0.081373669662476777 0.17038110867187861 0.15587024231566093
v 0.081373669662476777 0.17038110867187861 0.17823922367599471
v 0.081373669662476777 0.17038110867187861 0.20060820503632848
v 0.081373669662476777 0.17038110867187861 0.22297718639666225
v 0.081373669662476777 0.19275009003221233 0.11113227959499336
v 0.081373669662476777 0.19275009003221233 0.13350126095532716
v 0.081373669662476777 0.19275009003221233 0.15587024231566093
v 0.081373669662476777 0.19275009003221233 0.17823922367599471
v 0.081373669662476777 0.19275009003221233 0.20060820503632848
v 0.081373669662476777 0.21511907139254616 0.088763298234659588
v 0.081373669662476777 0.21511907139254616 0.11113227959499336
v 0.081373669662476777 0.21511907139254616 0.13350126095532716
v 0.081373669662476777 0.21511907139254616 0.15587024231566093
v 0.081373669662476777 0.21511907139254616 0.17823922367599471
v 0.081373669662476777 0.21511907139254616 0.20060820503632848
v 0.081373669662476777 0.21511907139254616 0.22297718639666225
v 0.081373669662476777 0.23748805275287987 0.066394316874325815
v 0.081373669662476777 0.23748805275287987 0.088763298234659588
v 0.081373669662476777 0.23748805275287987 0.20060820503632848
v 0.081373669662476777 0.23748805275287987 0.22297718639666225
v 0.081373669662476777 0.2598570341132137 0.066394316874325815
v 0.081373669662476777 0.2598570341132137 0.22297718639666225
v 0.081373669662476777 0.2598570341132137 0.24534616775699605
v 0.081373669662476777 0.28222601547354742 0.066394316874325815
v 0.081373669662476777 0.28222601547354742 0.24534616775699605
v 0.081373669662476777 0.28222601547354742 0.29008413047766363
v 0.081373669662476777 0.28222601547354742 0.3124531118379974
v 0.081373669662476777 0.28222601547354742 0.33482209319833117
v 0.081373669662476777 0.28222601547354742 0.35719107455866494
v 0.081373669662476777 0.28222601547354742 0.37956005591899872
v 0.081373669662476777 0.30459499683388125 0.066394316874325815
v 0.081373669662476777 0.30459499683388125 0.24534616775699605
v 0.081373669662476777 0.30459499683388125 0.29008413047766363
v 0.081373669662476777 0.30459499683388125 0.3124531118379974
v 0.081373669662476777 0.30459499683388125 0.37956005591899872
v 0.081373669662476777 0.30459499683388125 0.40192903727933249
v 0.081373669662476777 0.32696397819421508 0.066394316874325815
v 0.081373669662476777 0.32696397819421508 0.24534616775699605
v 0.081373669662476777 0.32696397819421508 0.29008413047766363
v 0.081373669662476777 0.32696397819421508 0.3124531118379974
v 0.081373669662476777 0.32696397819421508 0.40192903727933249
v 0.081373669662476777 0.34933295955454879 0.066394316874325815
v 0.081373669662476777 0.34933295955454879 0.088763298234659588
v 0.081373669662476777 0.34933295955454879 0.22297718639666225
v 0.081373669662476777 0.34933295955454879 0.24534616775699605
v 0.081373669662476777 0.34933295955454879 0.29008413047766363
v 0.081373669662476777 0.34933295955454879 0.3124531118379974
v 0.081373669662476777 0.34933295955454879 0.37956005591899872
v 0.081373669662476777 0.34933295955454879 0.40192903727933249
v 0.081373669662476777 0.37170194091488262 0.066394316874325815
v 0.081373669662476777 0.37170194091488262 0.088763298234659588
v 0.081373669662476777 0.37170194091488262 0.11113227959499336
v 0.081373669662476777 0.37170194091488262 0.20060820503632848
v 0.081373669662476777 0.37170194091488262 0.22297718639666225
v 0.081373669662476777 0.37170194091488262 0.3124531118379974
v 0.081373669662476777 0.37170194091488262 0.33482209319833117
v 0.081373669662476777 0.37170194091488262 0.35719107455866494
v 0.081373669662476777 0.37170194091488262 0.37956005591899872
v 0.081373669662476777 0.37170194091488262 0.40192903727933249
v 0.081373669662476777 0.39407092227521634 0.088763298234659588
v 0.081373669662476777 0.39407092227521634 0.11113227959499336
v 0.081373669662476777 0.39407092227521634 0.13350126095532716
v 0.081373669662476777 0.39407092227521634 0.15587024231566093
v 0.081373669662476777 0.39407092227521634 0.17823922367599471
v 0.081373669662476777 0.39407092227521634 0.20060820503632848
v 0.081373669662476777 0.39407092227521634 0.22297718639666225
v 0.081373669662476777 0.41643990363555017 0.13350126095532716
v 0.081373669662476777 0.41643990363555017 0.15587024231566093
v 0.081373669662476777 0.41643990363555017 0.17823922367599471
v 0.081373669662476777 0.41643990363555017 0.20060820503632848
v 0.081373669662476777 0.43880888499588389 0.17823922367599471
v 0.081373669662476777 0.43880888499588389 0.20060820503632848
v 0.081373669662476777 0.43880888499588389 0.22297718639666225
v 0.081373669662476777 0.43880888499588389 0.24534616775699605
v 0.081373669662476777 0.43880888499588389 0.26771514911732985
v 0.081373669662476777 0.43880888499588389 0.29008413047766363
v 0.081373669662476777 0.43880888499588389 0.3124531118379974
v 0.081373669662476777 0.43880888499588389 0.33482209319833117
v 0.081373669662476777 0.46117786635621771 0.17823922367599471
v 0.081373669662476777 0.46117786635621771 0.20060820503632848
v 0.081373669662476777 0.46117786635621771 0.22297718639666225
v 0.081373669662476777 0.46117786635621771 0.3124531118379974
v 0.081373669662476777 0.46117786635621771 0.33482209319833117
v 0.081373669662476777 0.48354684771655143 0.17823922367599471
v 0.081373669662476777 0.48354684771655143 0.20060820503632848
v 0.081373669662476777 0.48354684771655143 0.33482209319833117
v 0.081373669662476777 0.50591582907688526 0.17823922367599471
v 0.081373669662476777 0.50591582907688526 0.20060820503632848
v 0.081373669662476777 0.50591582907688526 0.33482209319833117
v 0.081373669662476777 0.52828481043721909 0.20060820503632848
v 0.081373669662476777 0.52828481043721909 0.22297718639666225
v 0.081373669662476777 0.52828481043721909 0.3124531118379974
v 0.081373669662476777 0.52828481043721909 0.33482209319833117
v 0.081373669662476777 0.55065379179755281 0.22297718639666225
v 0.081373669662476777 0.55065379179755281 0.24534616775699605
v 0.081373669662476777 0.55065379179755281 0.26771514911732985
v 0.081373669662476777 0.55065379179755281 0.29008413047766363
v 0.081373669662476777 0.55065379179755281 0.3124531118379974
v 0.10374265102281055 -0.32173648125546461 0.17823922367599471
v 0.10374265102281055 -0.32173648125546461 0.20060820503632848
v 0.10374265102281055 -0.32173648125546461 0.22297718639666225
v 0.10374265102281055 -0.32173648125546461 0.24534616775699605
v 0.10374265102281055 -0.32173648125546461 0.26771514911732985
v 0.10374265102281055 -0.29936749989513078 0.13350126095532716
v 0.10374265102281055 -0.29936749989513078 0.15587024231566093
v 0.10374265102281055 -0.29936749989513078 0.17823922367599471
v 0.10374265102281055 -0.29936749989513078 0.26771514911732985
v 0.10374265102281055 -0.29936749989513078 0.29008413047766363
v 0.10374265102281055 -0.29936749989513078 0.3124531118379974
v 0.10374265102281055 -0.27699851853479701 0.13350126095532716
v 0.10374265102281055 -0.27699851853479701 0.15587024231566093
v 0.10374265102281055 -0.27699851853479701 0.3124531118379974
v 0.10374265102281055 -0.25462953717446324 0.088763298234659588
v 0.10374265102281055 -0.25462953717446324 0.11113227959499336
v 0.10374265102281055 -0.25462953717446324 0.13350126095532716
v 0.10374265102281055 -0.25462953717446324 0.3124531118379974
v 0.10374265102281055 -0.25462953717446324 0.33482209319833117
v 0.10374265102281055 -0.23226055581412947 0.066394316874325815
v 0.10374265102281055 -0.23226055581412947 0.088763298234659588
v 0.10374265102281055 -0.23226055581412947 0.11113227959499336
v 0.10374265102281055 -0.23226055581412947 0.3124531118379974
v 0.10374265102281055 -0.23226055581412947 0.33482209319833117
v 0.10374265102281055 -0.20989157445379569 0.066394316874325815
v 0.10374265102281055 -0.20989157445379569 0.088763298234659588
v 0.10374265102281055 -0.20989157445379569 0.33482209319833117
v 0.10374265102281055 -0.18752259309346192 0.066394316874325815
v 0.10374265102281055 -0.18752259309346192 0.088763298234659588
v 0.10374265102281055 -0.18752259309346192 0.33482209319833117
v 0.10374265102281055 -0.18752259309346192 0.35719107455866494
v 0.10374265102281055 -0.16515361173312812 0.066394316874325815
v 0.10374265102281055 -0.16515361173312812 0.088763298234659588
v 0.10374265102281055 -0.16515361173312812 0.11113227959499336
v 0.10374265102281055 -0.16515361173312812 0.13350126095532716
v 0.10374265102281055 -0.16515361173312812 0.33482209319833117
v 0.10374265102281055 -0.16515361173312812 0.35719107455866494
v 0.10374265102281055 -0.14278463037279432 0.088763298234659588
v 0.10374265102281055 -0.14278463037279432 0.11113227959499336
v 0.10374265102281055 -0.14278463037279432 0.13350126095532716
v 0.10374265102281055 -0.14278463037279432 0.33482209319833117
v 0.10374265102281055 -0.14278463037279432 0.35719107455866494
v 0.10374265102281055 -0.12041564901246055 0.11113227959499336
v 0.10374265102281055 -0.12041564901246055 0.13350126095532716
v 0.10374265102281055 -0.12041564901246055 0.15587024231566093
v 0.10374265102281055 -0.12041564901246055 0.33482209319833117
v 0.10374265102281055 -0.12041564901246055 0.35719107455866494
v 0.10374265102281055 -0.098046667652126773 0.13350126095532716
v 0.10374265102281055 -0.098046667652126773 0.15587024231566093
v 0.10374265102281055 -0.098046667652126773 0.29008413047766363
v 0.10374265102281055 -0.098046667652126773 0.3124531118379974
v 0.10374265102281055 -0.098046667652126773 0.33482209319833117
v 0.10374265102281055 -0.098046667652126773 0.35719107455866494
v 0.10374265102281055 -0.075677686291793 0.11113227959499336
v 0.10374265102281055 -0.075677686291793 0.13350126095532716
v 0.10374265102281055 -0.075677686291793 0.15587024231566093
v 0.10374265102281055 -0.075677686291793 0.26771514911732985
v 0.10374265102281055 -0.075677686291793 0.29008413047766363
v 0.10374265102281055 -0.075677686291793 0.3124531118379974
v 0.10374265102281055 -0.075677686291793 0.33482209319833117
v 0.10374265102281055 -0.075677686291793 0.35719107455866494
v 0.10374265102281055 -0.053308704931459228 0.088763298234659588
v 0.10374265102281055 -0.053308704931459228 0.11113227959499336
v 0.10374265102281055 -0.053308704931459228 0.13350126095532716
v 0.10374265102281055 -0.053308704931459228 0.15587024231566093
v 0.10374265102281055 -0.053308704931459228 0.26771514911732985
v 0.10374265102281055 -0.053308704931459228 0.29008413047766363
v 0.10374265102281055 -0.053308704931459228 0.3124531118379974
v 0.10374265102281055 -0.030939723571125455 0.088763298234659588
v 0.10374265102281055 -0.030939723571125455 0.11113227959499336
v 0.10374265102281055 -0.030939723571125455 0.26771514911732985
v 0.10374265102281055 -0.030939723571125455 0.29008413047766363
v 0.10374265102281055 -0.008570742210791682 0.066394316874325815
v 0.10374265102281055 -0.008570742210791682 0.088763298234659588
v 0.10374265102281055 -0.008570742210791682 0.26771514911732985
v 0.10374265102281055 -0.008570742210791682 0.29008413047766363
v 0.10374265102281055 0.013798239149542091 0.066394316874325815
v 0.10374265102281055 0.013798239149542091 0.088763298234659588
v 0.10374265102281055 0.013798239149542091 0.29008413047766363
v 0.10374265102281055 0.036167220509875864 0.066394316874325815
v 0.10374265102281055 0.036167220509875864 0.29008413047766363
v 0.10374265102281055 0.036167220509875864 0.3124531118379974
v 0.10374265102281055 0.058536201870209692 0.066394316874325815
v 0.10374265102281055 0.058536201870209692 0.29008413047766363
v 0.10374265102281055 0.058536201870209692 0.3124531118379974
v 0.10374265102281055 0.080905183230543465 0.066394316874325815
v 0.10374265102281055 0.080905183230543465 0.26771514911732985
v 0.10374265102281055 0.080905183230543465 0.29008413047766363
v 0.10374265102281055 0.10327416459087724 0.066394316874325815
v 0.10374265102281055 0.10327416459087724 0.088763298234659588
v 0.10374265102281055 0.10327416459087724 0.26771514911732985
v 0.10374265102281055 0.12564314595121107 0.066394316874325815
v 0.10374265102281055 0.12564314595121107 0.088763298234659588
v 0.10374265102281055 0.12564314595121107 0.11113227959499336
v 0.10374265102281055 0.12564314595121107 0.24534616775699605
v 0.10374265102281055 0.12564314595121107 0.26771514911732985
v 0.10374265102281055 0.14801212731154478 0.088763298234659588
v 0.10374265102281055 0.14801212731154478 0.11113227959499336
v 0.10374265102281055 0.14801212731154478 0.13350126095532716
v 0.10374265102281055 0.14801212731154478 0.15587024231566093
v 0.10374265102281055 0.14801212731154478 0.17823922367599471
v 0.10374265102281055 0.14801212731154478 0.20060820503632848
v 0.10374265102281055 0.14801212731154478 0.22297718639666225
v 0.10374265102281055 0.14801212731154478 0.24534616775699605
v 0.10374265102281055 0.17038110867187861 0.11113227959499336
v 0.10374265102281055 0.17038110867187861 0.13350126095532716
v 0.10374265102281055 0.17038110867187861 0.15587024231566093
v 0.10374265102281055 0.17038110867187861 0.17823922367599471
v 0.10374265102281055 0.17038110867187861 0.20060820503632848
v 0.10374265102281055 0.17038110867187861 0.22297718639666225
v 0.10374265102281055 0.19275009003221233 0.088763298234659588
v 0.10374265102281055 0.19275009003221233 0.11113227959499336
v 0.10374265102281055 0.19275009003221233 0.13350126095532716
v 0.10374265102281055 0.19275009003221233 0.15587024231566093
v 0.10374265102281055 0.19275009003221233 0.17823922367599471
v 0.10374265102281055 0.19275009003221233 0.20060820503632848
v 0.10374265102281055 0.19275009003221233 0.22297718639666225
v 0.10374265102281055 0.21511907139254616 0.066394316874325815
v 0.10374265102281055 0.21511907139254616 0.088763298234659588
v 0.10374265102281055 0.21511907139254616 0.11113227959499336
v 0.10374265102281055 0.21511907139254616 0.20060820503632848
v 0.10374265102281055 0.21511907139254616 0.22297718639666225
v 0.10374265102281055 0.23748805275287987 0.066394316874325815
v 0.10374265102281055 0.23748805275287987 0.088763298234659588
v 0.10374265102281055 0.23748805275287987 0.22297718639666225
v 0.10374265102281055 0.23748805275287987 0.24534616775699605
v 0.10374265102281055 0.2598570341132137 0.066394316874325815
v 0.10374265102281055 0.2598570341132137 0.22297718639666225
v 0.10374265102281055 0.2598570341132137 0.24534616775699605
v 0.10374265102281055 0.2598570341132137 0.29008413047766363
v 0.10374265102281055 0.2598570341132137 0.3124531118379974
v 0.10374265102281055 0.2598570341132137 0.33482209319833117
v 0.10374265102281055 0.2598570341132137 0.35719107455866494
v 0.10374265102281055 0.28222601547354742 0.066394316874325815
v 0.10374265102281055 0.28222601547354742 0.24534616775699605
v 0.10374265102281055 0.28222601547354742 0.29008413047766363
v 0.10374265102281055 0.28222601547354742 0.3124531118379974
v 0.10374265102281055 0.28222601547354742 0.33482209319833117
v 0.10374265102281055 0.28222601547354742 0.35719107455866494
v 0.10374265102281055 0.28222601547354742 0.37956005591899872
v 0.10374265102281055 0.28222601547354742 0.40192903727933249
v 0.10374265102281055 0.30459499683388125 0.066394316874325815
v 0.10374265102281055 0.30459499683388125 0.24534616775699605
v 0.10374265102281055 0.30459499683388125 0.29008413047766363
v 0.10374265102281055 0.30459499683388125 0.3124531118379974
v 0.10374265102281055 0.30459499683388125 0.37956005591899872
v 0.10374265102281055 0.30459499683388125 0.40192903727933249
v 0.10374265102281055 0.32696397819421508 0.066394316874325815
v 0.10374265102281055 0.32696397819421508 0.22297718639666225
v 0.10374265102281055 0.32696397819421508 0.24534616775699605
v 0.10374265102281055 0.32696397819421508 0.29008413047766363
v 0.10374265102281055 0.32696397819421508 0.3124531118379974
v 0.10374265102281055 0.32696397819421508 0.40192903727933249
v 0.10374265102281055 0.34933295955454879 0.066394316874325815
v 0.10374265102281055 0.34933295955454879 0.088763298234659588
v 0.10374265102281055 0.34933295955454879 0.22297718639666225
v 0.10374265102281055 0.34933295955454879 0.24534616775699605
v 0.10374265102281055 0.34933295955454879 0.3124531118379974
v 0.10374265102281055 0.34933295955454879 0.33482209319833117
v 0.10374265102281055 0.34933295955454879 0.40192903727933249
v 0.10374265102281055 0.37170194091488262 0.088763298234659588
v 0.10374265102281055 0.37170194091488262 0.11113227959499336
v 0.10374265102281055 0.37170194091488262 0.13350126095532716
v 0.10374265102281055 0.37170194091488262 0.15587024231566093
v 0.10374265102281055 0.37170194091488262 0.20060820503632848
v 0.10374265102281055 0.37170194091488262 0.22297718639666225
v 0.10374265102281055 0.37170194091488262 0.3124531118379974
v 0.10374265102281055 0.37170194091488262 0.33482209319833117
v 0.10374265102281055 0.37170194091488262 0.35719107455866494
v 0.10374265102281055 0.37170194091488262 0.37956005591899872
v 0.10374265102281055 0.37170194091488262 0.40192903727933249
v 0.10374265102281055 0.39407092227521634 0.11113227959499336
v 0.10374265102281055 0.39407092227521634 0.13350126095532716
v 0.10374265102281055 0.39407092227521634 0.15587024231566093
v 0.10374265102281055 0.39407092227521634 0.17823922367599471
v 0.10374265102281055 0.39407092227521634 0.20060820503632848
v 0.10374265102281055 0.41643990363555017 0.17823922367599471
v 0.10374265102281055 0.41643990363555017 0.20060820503632848
v 0.10374265102281055 0.41643990363555017 0.24534616775699605
v 0.10374265102281055 0.41643990363555017 0.26771514911732985
v 0.10374265102281055 0.41643990363555017 0.29008413047766363
v 0.10374265102281055 0.41643990363555017 0.3124531118379974
v 0.10374265102281055 0.41643990363555017 0.33482209319833117
v 0.10374265102281055 0.43880888499588389 0.22297718639666225
v 0.10374265102281055 0.43880888499588389 0.24534616775699605
v 0.10374265102281055 0.43880888499588389 0.26771514911732985
v 0.10374265102281055 0.43880888499588389 0.29008413047766363
v 0.10374265102281055 0.43880888499588389 0.3124531118379974
v 0.10374265102281055 0.43880888499588389 0.33482209319833117
v 0.10374265102281055 0.43880888499588389 0.35719107455866494
v 0.10374265102281055 0.46117786635621771 0.20060820503632848
v 0.10374265102281055 0.46117786635621771 0.22297718639666225
v 0.10374265102281055 0.46117786635621771 0.33482209319833117
v 0.10374265102281055 0.46117786635621771 0.35719107455866494
v 0.10374265102281055 0.48354684771655143 0.20060820503632848
v 0.10374265102281055 0.48354684771655143 0.22297718639666225
v 0.10374265102281055 0.48354684771655143 0.33482209319833117
v 0.10374265102281055 0.48354684771655143 0.35719107455866494
v 0.10374265102281055 0.50591582907688526 0.20060820503632848
v 0.10374265102281055 0.50591582907688526 0.22297718639666225
v 0.10374265102281055 0.50591582907688526 0.33482209319833117
v 0.10374265102281055 0.50591582907688526 0.35719107455866494
v 0.10374265102281055 0.52828481043721909 0.20060820503632848
v 0.10374265102281055 0.52828481043721909 0.22297718639666225
v 0.10374265102281055 0.52828481043721909 0.3124531118379974
v 0.10374265102281055 0.52828481043721909 0.33482209319833117
v 0.10374265102281055 0.52828481043721909 0.35719107455866494
v 0.10374265102281055 0.55065379179755281 0.22297718639666225
v 0.10374265102281055 0.55065379179755281 0.24534616775699605
v 0.10374265102281055 0.55065379179755281 0.26771514911732985
v 0.10374265102281055 0.55065379179755281 0.29008413047766363
v 0.10374265102281055 0.55065379179755281 0.3124531118379974
v 0.12611163238314438 -0.32173648125546461 0.17823922367599471
v 0.12611163238314438 -0.32173648125546461 0.20060820503632848
v 0.12611163238314438 -0.32173648125546461 0.22297718639666225
v 0.12611163238314438 -0.32173648125546461 0.24534616775699605
v 0.12611163238314438 -0.32173648125546461 0.26771514911732985
v 0.12611163238314438 -0.32173648125546461 0.29008413047766363
v 0.12611163238314438 -0.29936749989513078 0.13350126095532716
v 0.12611163238314438 -0.29936749989513078 0.15587024231566093
v 0.12611163238314438 -0.29936749989513078 0.17823922367599471
v 0.12611163238314438 -0.29936749989513078 0.26771514911732985
v 0.12611163238314438 -0.29936749989513078 0.29008413047766363
v 0.12611163238314438 -0.29936749989513078 0.3124531118379974
v 0.12611163238314438 -0.27699851853479701 0.11113227959499336
v 0.12611163238314438 -0.27699851853479701 0.13350126095532716
v 0.12611163238314438 -0.27699851853479701 0.3124531118379974
v 0.12611163238314438 -0.25462953717446324 0.088763298234659588
v 0.12611163238314438 -0.25462953717446324 0.11113227959499336
v 0.12611163238314438 -0.25462953717446324 0.13350126095532716
v 0.12611163238314438 -0.25462953717446324 0.3124531118379974
v 0.12611163238314438 -0.25462953717446324 0.33482209319833117
v 0.12611163238314438 -0.23226055581412947 0.066394316874325815
v 0.12611163238314438 -0.23226055581412947 0.088763298234659588
v 0.12611163238314438 -0.23226055581412947 0.33482209319833117
v 0.12611163238314438 -0.20989157445379569 0.066394316874325815
v 0.12611163238314438 -0.20989157445379569 0.33482209319833117
v 0.12611163238314438 -0.18752259309346192 0.066394316874325815
v 0.12611163238314438 -0.18752259309346192 0.33482209319833117
v 0.12611163238314438 -0.18752259309346192 0.35719107455866494
v 0.12611163238314438 -0.16515361173312812 0.066394316874325815
v 0.12611163238314438 -0.16515361173312812 0.088763298234659588
v 0.12611163238314438 -0.16515361173312812 0.35719107455866494
v 0.12611163238314438 -0.14278463037279432 0.066394316874325815
v 0.12611163238314438 -0.14278463037279432 0.088763298234659588
v 0.12611163238314438 -0.14278463037279432 0.11113227959499336
v 0.12611163238314438 -0.14278463037279432 0.35719107455866494
v 0.12611163238314438 -0.12041564901246055 0.066394316874325815
v 0.12611163238314438 -0.12041564901246055 0.088763298234659588
v 0.12611163238314438 -0.12041564901246055 0.11113227959499336
v 0.12611163238314438 -0.12041564901246055 0.13350126095532716
v 0.12611163238314438 -0.12041564901246055 0.35719107455866494
v 0.12611163238314438 -0.098046667652126773 0.11113227959499336
v 0.12611163238314438 -0.098046667652126773 0.13350126095532716
v 0.12611163238314438 -0.098046667652126773 0.35719107455866494
v 0.12611163238314438 -0.075677686291793 0.088763298234659588
v 0.12611163238314438 -0.075677686291793 0.11113227959499336
v 0.12611163238314438 -0.075677686291793 0.13350126095532716
v 0.12611163238314438 -0.075677686291793 0.3124531118379974
v 0.12611163238314438 -0.075677686291793 0.33482209319833117
v 0.12611163238314438 -0.075677686291793 0.35719107455866494
v 0.12611163238314438 -0.053308704931459228 0.088763298234659588
v 0.12611163238314438 -0.053308704931459228 0.11113227959499336
v 0.12611163238314438 -0.053308704931459228 0.29008413047766363
v 0.12611163238314438 -0.053308704931459228 0.3124531118379974
v 0.12611163238314438 -0.053308704931459228 0.33482209319833117
v 0.12611163238314438 -0.053308704931459228 0.35719107455866494
v 0.12611163238314438 -0.030939723571125455 0.066394316874325815
v 0.12611163238314438 -0.030939723571125455 0.088763298234659588
v 0.12611163238314438 -0.030939723571125455 0.29008413047766363
v 0.12611163238314438 -0.030939723571125455 0.3124531118379974
v 0.12611163238314438 -0.030939723571125455 0.33482209319833117
v 0.12611163238314438 -0.008570742210791682 0.066394316874325815
v 0.12611163238314438 -0.008570742210791682 0.088763298234659588
v 0.12611163238314438 -0.008570742210791682 0.29008413047766363
v 0.12611163238314438 -0.008570742210791682 0.3124531118379974
v 0.12611163238314438 0.013798239149542091 0.066394316874325815
v 0.12611163238314438 0.013798239149542091 0.29008413047766363
v 0.12611163238314438 0.013798239149542091 0.3124531118379974
v 0.12611163238314438 0.036167220509875864 0.066394316874325815
v 0.12611163238314438 0.036167220509875864 0.29008413047766363
v 0.12611163238314438 0.036167220509875864 0.3124531118379974
v 0.12611163238314438 0.058536201870209692 0.066394316874325815
v 0.12611163238314438 0.058536201870209692 0.29008413047766363
v 0.12611163238314438 0.058536201870209692 0.3124531118379974
v 0.12611163238314438 0.080905183230543465 0.066394316874325815
v 0.12611163238314438 0.080905183230543465 0.088763298234659588
v 0.12611163238314438 0.080905183230543465 0.26771514911732985
v 0.12611163238314438 0.080905183230543465 0.29008413047766363
v 0.12611163238314438 0.10327416459087724 0.066394316874325815
v 0.12611163238314438 0.10327416459087724 0.088763298234659588
v 0.12611163238314438 0.10327416459087724 0.26771514911732985
v 0.12611163238314438 0.12564314595121107 0.088763298234659588
v 0.12611163238314438 0.12564314595121107 0.11113227959499336
v 0.12611163238314438 0.12564314595121107 0.22297718639666225
v 0.12611163238314438 0.12564314595121107 0.24534616775699605
v 0.12611163238314438 0.12564314595121107 0.26771514911732985
v 0.12611163238314438 0.14801212731154478 0.11113227959499336
v 0.12611163238314438 0.14801212731154478 0.13350126095532716
v 0.12611163238314438 0.14801212731154478 0.15587024231566093
v 0.12611163238314438 0.14801212731154478 0.17823922367599471
v 0.12611163238314438 0.14801212731154478 0.20060820503632848
v 0.12611163238314438 0.14801212731154478 0.22297718639666225
v 0.12611163238314438 0.14801212731154478 0.24534616775699605
v 0.12611163238314438 0.17038110867187861 0.13350126095532716
v 0.12611163238314438 0.17038110867187861 0.15587024231566093
v 0.12611163238314438 0.17038110867187861 0.17823922367599471
v 0.12611163238314438 0.17038110867187861 0.20060820503632848
v 0.12611163238314438 0.19275009003221233 0.088763298234659588
v 0.12611163238314438 0.19275009003221233 0.11113227959499336
v 0.12611163238314438 0.19275009003221233 0.13350126095532716
v 0.12611163238314438 0.19275009003221233 0.15587024231566093
v 0.12611163238314438 0.19275009003221233 0.17823922367599471
v 0.12611163238314438 0.19275009003221233 0.20060820503632848
v 0.12611163238314438 0.19275009003221233 0.22297718639666225
v 0.12611163238314438 0.21511907139254616 0.066394316874325815
v 0.12611163238314438 0.21511907139254616 0.088763298234659588
v 0.12611163238314438 0.21511907139254616 0.22297718639666225
v 0.12611163238314438 0.21511907139254616 0.24534616775699605
v 0.12611163238314438 0.21511907139254616 0.26771514911732985
v 0.12611163238314438 0.21511907139254616 0.29008413047766363
v 0.12611163238314438 0.21511907139254616 0.3124531118379974
v 0.12611163238314438 0.23748805275287987 0.066394316874325815
v 0.12611163238314438 0.23748805275287987 0.22297718639666225
v 0.12611163238314438 0.23748805275287987 0.24534616775699605
v 0.12611163238314438 0.23748805275287987 0.26771514911732985
v 0.12611163238314438 0.23748805275287987 0.29008413047766363
v 0.12611163238314438 0.23748805275287987 0.3124531118379974
v 0.12611163238314438 0.23748805275287987 0.33482209319833117
v 0.12611163238314438 0.2598570341132137 0.066394316874325815
v 0.12611163238314438 0.2598570341132137 0.24534616775699605
v 0.12611163238314438 0.2598570341132137 0.26771514911732985
v 0.12611163238314438 0.2598570341132137 0.29008413047766363
v 0.12611163238314438 0.2598570341132137 0.3124531118379974
v 0.12611163238314438 0.2598570341132137 0.33482209319833117
v 0.12611163238314438 0.2598570341132137 0.35719107455866494
v 0.12611163238314438 0.28222601547354742 0.066394316874325815
v 0.12611163238314438 0.28222601547354742 0.24534616775699605
v 0.12611163238314438 0.28222601547354742 0.26771514911732985
v 0.12611163238314438 0.28222601547354742 0.29008413047766363
v 0.12611163238314438 0.28222601547354742 0.35719107455866494
v 0.12611163238314438 0.28222601547354742 0.37956005591899872
v 0.12611163238314438 0.28222601547354742 0.40192903727933249
v 0.12611163238314438 0.30459499683388125 0.066394316874325815
v 0.12611163238314438 0.30459499683388125 0.24534616775699605
v 0.12611163238314438 0.30459499683388125 0.26771514911732985
v 0.12611163238314438 0.30459499683388125 0.29008413047766363
v 0.12611163238314438 0.30459499683388125 0.40192903727933249
v 0.12611163238314438 0.32696397819421508 0.066394316874325815
v 0.12611163238314438 0.32696397819421508 0.22297718639666225
v 0.12611163238314438 0.32696397819421508 0.24534616775699605
v 0.12611163238314438 0.32696397819421508 0.29008413047766363
v 0.12611163238314438 0.32696397819421508 0.3124531118379974
v 0.12611163238314438 0.32696397819421508 0.40192903727933249
v 0.12611163238314438 0.34933295955454879 0.066394316874325815
v 0.12611163238314438 0.34933295955454879 0.088763298234659588
v 0.12611163238314438 0.34933295955454879 0.22297718639666225
v 0.12611163238314438 0.34933295955454879 0.3124531118379974
v 0.12611163238314438 0.34933295955454879 0.33482209319833117
v 0.12611163238314438 0.34933295955454879 0.40192903727933249
v 0.12611163238314438 0.37170194091488262 0.088763298234659588
v 0.12611163238314438 0.37170194091488262 0.11113227959499336
v 0.12611163238314438 0.37170194091488262 0.13350126095532716
v 0.12611163238314438 0.37170194091488262 0.15587024231566093
v 0.12611163238314438 0.37170194091488262 0.17823922367599471
v 0.12611163238314438 0.37170194091488262 0.20060820503632848
v 0.12611163238314438 0.37170194091488262 0.22297718639666225
v 0.12611163238314438 0.37170194091488262 0.33482209319833117
v 0.12611163238314438 0.37170194091488262 0.35719107455866494
v 0.12611163238314438 0.37170194091488262 0.37956005591899872
v 0.12611163238314438 0.37170194091488262 0.40192903727933249
v 0.12611163238314438 0.39407092227521634 0.15587024231566093
v 0.12611163238314438 0.39407092227521634 0.17823922367599471
v 0.12611163238314438 0.39407092227521634 0.20060820503632848
v 0.12611163238314438 0.41643990363555017 0.24534616775699605
v 0.12611163238314438 0.41643990363555017 0.26771514911732985
v 0.12611163238314438 0.41643990363555017 0.29008413047766363
v 0.12611163238314438 0.41643990363555017 0.3124531118379974
v 0.12611163238314438 0.41643990363555017 0.33482209319833117
v 0.12611163238314438 0.41643990363555017 0.35719107455866494
v 0.12611163238314438 0.43880888499588389 0.22297718639666225
v 0.12611163238314438 0.43880888499588389 0.24534616775699605
v 0.12611163238314438 0.43880888499588389 0.33482209319833117
v 0.12611163238314438 0.43880888499588389 0.35719107455866494
v 0.12611163238314438 0.46117786635621771 0.22297718639666225
v 0.12611163238314438 0.46117786635621771 0.24534616775699605
v 0.12611163238314438 0.46117786635621771 0.35719107455866494
v 0.12611163238314438 0.48354684771655143 0.22297718639666225
v 0.12611163238314438 0.48354684771655143 0.35719107455866494
v 0.12611163238314438 0.50591582907688526 0.22297718639666225
v 0.12611163238314438 0.50591582907688526 0.35719107455866494
v 0.12611163238314438 0.52828481043721909 0.22297718639666225
v 0.12611163238314438 0.52828481043721909 0.24534616775699605
v 0.12611163238314438 0.52828481043721909 0.3124531118379974
v 0.12611163238314438 0.52828481043721909 0.33482209319833117
v 0.12611163238314438 0.52828481043721909 0.35719107455866494
v 0.12611163238314438 0.55065379179755281 0.22297718639666225
v 0.12611163238314438 0.55065379179755281 0.24534616775699605
v 0.12611163238314438 0.55065379179755281 0.26771514911732985
v 0.12611163238314438 0.55065379179755281 0.29008413047766363
v 0.12611163238314438 0.55065379179755281 0.3124531118379974
v 0.12611163238314438 0.55065379179755281 0.33482209319833117
v 0.1484806137434781 -0.32173648125546461 0.17823922367599471
v 0.1484806137434781 -0.32173648125546461 0.20060820503632848
v 0.1484806137434781 -0.32173648125546461 0.22297718639666225
v 0.1484806137434781 -0.32173648125546461 0.24534616775699605
v 0.1484806137434781 -0.32173648125546461 0.26771514911732985
v 0.1484806137434781 -0.32173648125546461 0.29008413047766363
v 0.1484806137434781 -0.29936749989513078 0.13350126095532716
v 0.1484806137434781 -0.29936749989513078 0.15587024231566093
v 0.1484806137434781 -0.29936749989513078 0.17823922367599471
v 0.1484806137434781 -0.29936749989513078 0.29008413047766363
v 0.1484806137434781 -0.29936749989513078 0.3124531118379974
v 0.1484806137434781 -0.27699851853479701 0.11113227959499336
v 0.1484806137434781 -0.27699851853479701 0.13350126095532716
v 0.1484806137434781 -0.27699851853479701 0.3124531118379974
v 0.1484806137434781 -0.25462953717446324 0.088763298234659588
v 0.1484806137434781 -0.25462953717446324 0.11113227959499336
v 0.1484806137434781 -0.25462953717446324 0.13350126095532716
v 0.1484806137434781 -0.25462953717446324 0.3124531118379974
v 0.1484806137434781 -0.25462953717446324 0.33482209319833117
v 0.1484806137434781 -0.23226055581412947 0.066394316874325815
v 0.1484806137434781 -0.23226055581412947 0.088763298234659588
v 0.1484806137434781 -0.23226055581412947 0.33482209319833117
v 0.1484806137434781 -0.20989157445379569 0.066394316874325815
v 0.1484806137434781 -0.20989157445379569 0.33482209319833117
v 0.1484806137434781 -0.18752259309346192 0.066394316874325815
v 0.1484806137434781 -0.18752259309346192 0.33482209319833117
v 0.1484806137434781 -0.18752259309346192 0.35719107455866494
v 0.1484806137434781 -0.16515361173312812 0.066394316874325815
v 0.1484806137434781 -0.16515361173312812 0.35719107455866494
v 0.1484806137434781 -0.14278463037279432 0.066394316874325815
v 0.1484806137434781 -0.14278463037279432 0.35719107455866494
v 0.1484806137434781 -0.12041564901246055 0.066394316874325815
v 0.1484806137434781 -0.12041564901246055 0.088763298234659588
v 0.1484806137434781 -0.12041564901246055 0.11113227959499336
v 0.1484806137434781 -0.12041564901246055 0.35719107455866494
v 0.1484806137434781 -0.098046667652126773 0.066394316874325815
v 0.1484806137434781 -0.098046667652126773 0.088763298234659588
v 0.1484806137434781 -0.098046667652126773 0.11113227959499336
v 0.1484806137434781 -0.098046667652126773 0.35719107455866494
v 0.1484806137434781 -0.075677686291793 0.088763298234659588
v 0.1484806137434781 -0.075677686291793 0.11113227959499336
v 0.1484806137434781 -0.075677686291793 0.35719107455866494
v 0.1484806137434781 -0.053308704931459228 0.088763298234659588
v 0.1484806137434781 -0.053308704931459228 0.33482209319833117
v 0.1484806137434781 -0.053308704931459228 0.35719107455866494
v 0.1484806137434781 -0.030939723571125455 0.066394316874325815
v 0.1484806137434781 -0.030939723571125455 0.088763298234659588
v 0.1484806137434781 -0.030939723571125455 0.3124531118379974
v 0.1484806137434781 -0.030939723571125455 0.33482209319833117
v 0.1484806137434781 -0.030939723571125455 0.35719107455866494
v 0.1484806137434781 -0.008570742210791682 0.066394316874325815
v 0.1484806137434781 -0.008570742210791682 0.3124531118379974
v 0.1484806137434781 -0.008570742210791682 0.33482209319833117
v 0.1484806137434781 0.013798239149542091 0.066394316874325815
v 0.1484806137434781 0.013798239149542091 0.3124531118379974
v 0.1484806137434781 0.036167220509875864 0.066394316874325815
v 0.1484806137434781 0.036167220509875864 0.088763298234659588
v 0.1484806137434781 0.036167220509875864 0.3124531118379974
v 0.1484806137434781 0.036167220509875864 0.33482209319833117
v 0.1484806137434781 0.058536201870209692 0.066394316874325815
v 0.1484806137434781 0.058536201870209692 0.088763298234659588
v 0.1484806137434781 0.058536201870209692 0.29008413047766363
v 0.1484806137434781 0.058536201870209692 0.3124531118379974
v 0.1484806137434781 0.058536201870209692 0.33482209319833117
v 0.1484806137434781 0.080905183230543465 0.066394316874325815
v 0.1484806137434781 0.080905183230543465 0.088763298234659588
v 0.1484806137434781 0.080905183230543465 0.26771514911732985
v 0.1484806137434781 0.080905183230543465 0.29008413047766363
v 0.1484806137434781 0.080905183230543465 0.3124531118379974
v 0.1484806137434781 0.10327416459087724 0.088763298234659588
v 0.1484806137434781 0.10327416459087724 0.11113227959499336
v 0.1484806137434781 0.10327416459087724 0.24534616775699605
v 0.1484806137434781 0.10327416459087724 0.26771514911732985
v 0.1484806137434781 0.12564314595121107 0.088763298234659588
v 0.1484806137434781 0.12564314595121107 0.11113227959499336
v 0.1484806137434781 0.12564314595121107 0.13350126095532716
v 0.1484806137434781 0.12564314595121107 0.15587024231566093
v 0.1484806137434781 0.12564314595121107 0.20060820503632848
v 0.1484806137434781 0.12564314595121107 0.22297718639666225
v 0.1484806137434781 0.12564314595121107 0.24534616775699605
v 0.1484806137434781 0.12564314595121107 0.26771514911732985
v 0.1484806137434781 0.14801212731154478 0.11113227959499336
v 0.1484806137434781 0.14801212731154478 0.13350126095532716
v 0.1484806137434781 0.14801212731154478 0.15587024231566093
v 0.1484806137434781 0.14801212731154478 0.17823922367599471
v 0.1484806137434781 0.14801212731154478 0.20060820503632848
v 0.1484806137434781 0.14801212731154478 0.22297718639666225
v 0.1484806137434781 0.17038110867187861 0.11113227959499336
v 0.1484806137434781 0.17038110867187861 0.13350126095532716
v 0.1484806137434781 0.17038110867187861 0.15587024231566093
v 0.1484806137434781 0.17038110867187861 0.17823922367599471
v 0.1484806137434781 0.17038110867187861 0.20060820503632848
v 0.1484806137434781 0.19275009003221233 0.088763298234659588
v 0.1484806137434781 0.19275009003221233 0.11113227959499336
v 0.1484806137434781 0.19275009003221233 0.13350126095532716
v 0.1484806137434781 0.19275009003221233 0.20060820503632848
v 0.1484806137434781 0.19275009003221233 0.22297718639666225
v 0.1484806137434781 0.19275009003221233 0.24534616775699605
v 0.1484806137434781 0.19275009003221233 0.26771514911732985
v 0.1484806137434781 0.19275009003221233 0.29008413047766363
v 0.1484806137434781 0.21511907139254616 0.066394316874325815
v 0.1484806137434781 0.21511907139254616 0.088763298234659588
v 0.1484806137434781 0.21511907139254616 0.22297718639666225
v 0.1484806137434781 0.21511907139254616 0.24534616775699605
v 0.1484806137434781 0.21511907139254616 0.26771514911732985
v 0.1484806137434781 0.21511907139254616 0.29008413047766363
v 0.1484806137434781 0.21511907139254616 0.3124531118379974
v 0.1484806137434781 0.23748805275287987 0.066394316874325815
v 0.1484806137434781 0.23748805275287987 0.3124531118379974
v 0.1484806137434781 0.23748805275287987 0.33482209319833117
v 0.1484806137434781 0.2598570341132137 0.066394316874325815
v 0.1484806137434781 0.2598570341132137 0.33482209319833117
v 0.1484806137434781 0.2598570341132137 0.35719107455866494
v 0.1484806137434781 0.2598570341132137 0.37956005591899872
v 0.1484806137434781 0.28222601547354742 0.066394316874325815
v 0.1484806137434781 0.28222601547354742 0.24534616775699605
v 0.1484806137434781 0.28222601547354742 0.26771514911732985
v 0.1484806137434781 0.28222601547354742 0.35719107455866494
v 0.1484806137434781 0.28222601547354742 0.37956005591899872
v 0.1484806137434781 0.28222601547354742 0.40192903727933249
v 0.1484806137434781 0.30459499683388125 0.066394316874325815
v 0.1484806137434781 0.30459499683388125 0.24534616775699605
v 0.1484806137434781 0.30459499683388125 0.26771514911732985
v 0.1484806137434781 0.30459499683388125 0.29008413047766363
v 0.1484806137434781 0.30459499683388125 0.40192903727933249
v 0.1484806137434781 0.32696397819421508 0.066394316874325815
v 0.1484806137434781 0.32696397819421508 0.22297718639666225
v 0.1484806137434781 0.32696397819421508 0.24534616775699605
v 0.1484806137434781 0.32696397819421508 0.26771514911732985
v 0.1484806137434781 0.32696397819421508 0.29008413047766363
v 0.1484806137434781 0.32696397819421508 0.3124531118379974
v 0.1484806137434781 0.32696397819421508 0.40192903727933249
v 0.1484806137434781 0.34933295955454879 0.066394316874325815
v 0.1484806137434781 0.34933295955454879 0.088763298234659588
v 0.1484806137434781 0.34933295955454879 0.15587024231566093
v 0.1484806137434781 0.34933295955454879 0.17823922367599471
v 0.1484806137434781 0.34933295955454879 0.22297718639666225
v 0.1484806137434781 0.34933295955454879 0.24534616775699605
v 0.1484806137434781 0.34933295955454879 0.3124531118379974
v 0.1484806137434781 0.34933295955454879 0.33482209319833117
v 0.1484806137434781 0.34933295955454879 0.35719107455866494
v 0.1484806137434781 0.34933295955454879 0.37956005591899872
v 0.1484806137434781 0.34933295955454879 0.40192903727933249
v 0.1484806137434781 0.37170194091488262 0.088763298234659588
v 0.1484806137434781 0.37170194091488262 0.11113227959499336
v 0.1484806137434781 0.37170194091488262 0.13350126095532716
v 0.1484806137434781 0.37170194091488262 0.15587024231566093
v 0.1484806137434781 0.37170194091488262 0.17823922367599471
v 0.1484806137434781 0.37170194091488262 0.20060820503632848
v 0.1484806137434781 0.37170194091488262 0.22297718639666225
v 0.1484806137434781 0.37170194091488262 0.24534616775699605
v 0.1484806137434781 0.37170194091488262 0.26771514911732985
v 0.1484806137434781 0.37170194091488262 0.29008413047766363
v 0.1484806137434781 0.37170194091488262 0.33482209319833117
v 0.1484806137434781 0.37170194091488262 0.35719107455866494
v 0.1484806137434781 0.37170194091488262 0.37956005591899872
v 0.1484806137434781 0.37170194091488262 0.40192903727933249
v 0.1484806137434781 0.39407092227521634 0.24534616775699605
v 0.1484806137434781 0.39407092227521634 0.26771514911732985
v 0.1484806137434781 0.39407092227521634 0.29008413047766363
v 0.1484806137434781 0.39407092227521634 0.3124531118379974
v 0.1484806137434781 0.39407092227521634 0.33482209319833117
v 0.1484806137434781 0.39407092227521634 0.35719107455866494
v 0.1484806137434781 0.41643990363555017 0.24534616775699605
v 0.1484806137434781 0.41643990363555017 0.26771514911732985
v 0.1484806137434781 0.41643990363555017 0.29008413047766363
v 0.1484806137434781 0.41643990363555017 0.3124531118379974
v 0.1484806137434781 0.41643990363555017 0.33482209319833117
v 0.1484806137434781 0.41643990363555017 0.35719107455866494
v 0.1484806137434781 0.41643990363555017 0.37956005591899872
v 0.1484806137434781 0.43880888499588389 0.24534616775699605
v 0.1484806137434781 0.43880888499588389 0.35719107455866494
v 0.1484806137434781 0.43880888499588389 0.37956005591899872
v 0.1484806137434781 0.46117786635621771 0.22297718639666225
v 0.1484806137434781 0.46117786635621771 0.24534616775699605
v 0.1484806137434781 0.46117786635621771 0.35719107455866494
v 0.1484806137434781 0.46117786635621771 0.37956005591899872
v 0.1484806137434781 0.48354684771655143 0.22297718639666225
v 0.1484806137434781 0.48354684771655143 0.35719107455866494
v 0.1484806137434781 0.48354684771655143 0.37956005591899872
v 0.1484806137434781 0.50591582907688526 0.22297718639666225
v 0.1484806137434781 0.50591582907688526 0.35719107455866494
v 0.1484806137434781 0.50591582907688526 0.37956005591899872
v 0.1484806137434781 0.52828481043721909 0.22297718639666225
v 0.1484806137434781 0.52828481043721909 0.24534616775699605
v 0.1484806137434781 0.52828481043721909 0.26771514911732985
v 0.1484806137434781 0.52828481043721909 0.33482209319833117
v 0.1484806137434781 0.52828481043721909 0.35719107455866494
v 0.1484806137434781 0.55065379179755281 0.24534616775699605
v 0.1484806137434781 0.55065379179755281 0.26771514911732985
v 0.1484806137434781 0.55065379179755281 0.29008413047766363
v 0.1484806137434781 0.55065379179755281 0.3124531118379974
v 0.1484806137434781 0.55065379179755281 0.33482209319833117
v 0.17084959510381192 -0.32173648125546461 0.17823922367599471
v 0.17084959510381192 -0.32173648125546461 0.20060820503632848
v 0.17084959510381192 -0.32173648125546461 0.22297718639666225
v 0.17084959510381192 -0.32173648125546461 0.24534616775699605
v 0.17084959510381192 -0.32173648125546461 0.26771514911732985
v 0.17084959510381192 -0.32173648125546461 0.29008413047766363
v 0.17084959510381192 -0.29936749989513078 0.13350126095532716
v 0.17084959510381192 -0.29936749989513078 0.15587024231566093
v 0.17084959510381192 -0.29936749989513078 0.17823922367599471
v 0.17084959510381192 -0.29936749989513078 0.26771514911732985
v 0.17084959510381192 -0.29936749989513078 0.29008413047766363
v 0.17084959510381192 -0.29936749989513078 0.3124531118379974
v 0.17084959510381192 -0.27699851853479701 0.13350126095532716
v 0.17084959510381192 -0.27699851853479701 0.15587024231566093
v 0.17084959510381192 -0.27699851853479701 0.3124531118379974
v 0.17084959510381192 -0.25462953717446324 0.088763298234659588
v 0.17084959510381192 -0.25462953717446324 0.11113227959499336
v 0.17084959510381192 -0.25462953717446324 0.13350126095532716
v 0.17084959510381192 -0.25462953717446324 0.3124531118379974
v 0.17084959510381192 -0.25462953717446324 0.33482209319833117
v 0.17084959510381192 -0.23226055581412947 0.066394316874325815
v 0.17084959510381192 -0.23226055581412947 0.088763298234659588
v 0.17084959510381192 -0.23226055581412947 0.33482209319833117
v 0.17084959510381192 -0.23226055581412947 0.35719107455866494
v 0.17084959510381192 -0.20989157445379569 0.066394316874325815
v 0.17084959510381192 -0.20989157445379569 0.33482209319833117
v 0.17084959510381192 -0.20989157445379569 0.35719107455866494
v 0.17084959510381192 -0.18752259309346192 0.066394316874325815
v 0.17084959510381192 -0.18752259309346192 0.33482209319833117
v 0.17084959510381192 -0.18752259309346192 0.35719107455866494
v 0.17084959510381192 -0.18752259309346192 0.37956005591899872
v 0.17084959510381192 -0.16515361173312812 0.066394316874325815
v 0.17084959510381192 -0.16515361173312812 0.35719107455866494
v 0.17084959510381192 -0.16515361173312812 0.37956005591899872
v 0.17084959510381192 -0.16515361173312812 0.40192903727933249
v 0.17084959510381192 -0.16515361173312812 0.42429801863966626
v 0.17084959510381192 -0.14278463037279432 0.066394316874325815
v 0.17084959510381192 -0.14278463037279432 0.35719107455866494
v 0.17084959510381192 -0.14278463037279432 0.37956005591899872
v 0.17084959510381192 -0.14278463037279432 0.40192903727933249
v 0.17084959510381192 -0.14278463037279432 0.42429801863966626
v 0.17084959510381192 -0.12041564901246055 0.066394316874325815
v 0.17084959510381192 -0.12041564901246055 0.35719107455866494
v 0.17084959510381192 -0.12041564901246055 0.37956005591899872
v 0.17084959510381192 -0.12041564901246055 0.40192903727933249
v 0.17084959510381192 -0.12041564901246055 0.42429801863966626
v 0.17084959510381192 -0.098046667652126773 0.066394316874325815
v 0.17084959510381192 -0.098046667652126773 0.088763298234659588
v 0.17084959510381192 -0.098046667652126773 0.35719107455866494
v 0.17084959510381192 -0.098046667652126773 0.37956005591899872
v 0.17084959510381192 -0.098046667652126773 0.40192903727933249
v 0.17084959510381192 -0.075677686291793 0.066394316874325815
v 0.17084959510381192 -0.075677686291793 0.088763298234659588
v 0.17084959510381192 -0.075677686291793 0.35719107455866494
v 0.17084959510381192 -0.075677686291793 0.37956005591899872
v 0.17084959510381192 -0.075677686291793 0.40192903727933249
v 0.17084959510381192 -0.053308704931459228 0.088763298234659588
v 0.17084959510381192 -0.053308704931459228 0.35719107455866494
v 0.17084959510381192 -0.053308704931459228 0.37956005591899872
v 0.17084959510381192 -0.030939723571125455 0.066394316874325815
v 0.17084959510381192 -0.030939723571125455 0.088763298234659588
v 0.17084959510381192 -0.030939723571125455 0.33482209319833117
v 0.17084959510381192 -0.030939723571125455 0.35719107455866494
v 0.17084959510381192 -0.008570742210791682 0.066394316874325815
v 0.17084959510381192 -0.008570742210791682 0.3124531118379974
v 0.17084959510381192 -0.008570742210791682 0.33482209319833117
v 0.17084959510381192 -0.008570742210791682 0.35719107455866494
v 0.17084959510381192 0.013798239149542091 0.066394316874325815
v 0.17084959510381192 0.013798239149542091 0.3124531118379974
v 0.17084959510381192 0.013798239149542091 0.33482209319833117
v 0.17084959510381192 0.036167220509875864 0.066394316874325815
v 0.17084959510381192 0.036167220509875864 0.088763298234659588
v 0.17084959510381192 0.036167220509875864 0.3124531118379974
v 0.17084959510381192 0.036167220509875864 0.33482209319833117
v 0.17084959510381192 0.058536201870209692 0.088763298234659588
v 0.17084959510381192 0.058536201870209692 0.3124531118379974
v 0.17084959510381192 0.058536201870209692 0.33482209319833117
v 0.17084959510381192 0.080905183230543465 0.088763298234659588
v 0.17084959510381192 0.080905183230543465 0.26771514911732985
v 0.17084959510381192 0.080905183230543465 0.29008413047766363
v 0.17084959510381192 0.080905183230543465 0.3124531118379974
v 0.17084959510381192 0.080905183230543465 0.33482209319833117
v 0.17084959510381192 0.10327416459087724 0.088763298234659588
v 0.17084959510381192 0.10327416459087724 0.11113227959499336
v 0.17084959510381192 0.10327416459087724 0.24534616775699605
v 0.17084959510381192 0.10327416459087724 0.26771514911732985
v 0.17084959510381192 0.12564314595121107 0.11113227959499336
v 0.17084959510381192 0.12564314595121107 0.13350126095532716
v 0.17084959510381192 0.12564314595121107 0.15587024231566093
v 0.17084959510381192 0.12564314595121107 0.17823922367599471
v 0.17084959510381192 0.12564314595121107 0.20060820503632848
v 0.17084959510381192 0.12564314595121107 0.22297718639666225
v 0.17084959510381192 0.12564314595121107 0.24534616775699605
v 0.17084959510381192 0.14801212731154478 0.15587024231566093
v 0.17084959510381192 0.14801212731154478 0.17823922367599471
v 0.17084959510381192 0.14801212731154478 0.20060820503632848
v 0.17084959510381192 0.17038110867187861 0.11113227959499336
v 0.17084959510381192 0.17038110867187861 0.13350126095532716
v 0.17084959510381192 0.17038110867187861 0.15587024231566093
v 0.17084959510381192 0.17038110867187861 0.17823922367599471
v 0.17084959510381192 0.17038110867187861 0.20060820503632848
v 0.17084959510381192 0.19275009003221233 0.088763298234659588
v 0.17084959510381192 0.19275009003221233 0.11113227959499336
v 0.17084959510381192 0.19275009003221233 0.20060820503632848
v 0.17084959510381192 0.19275009003221233 0.22297718639666225
v 0.17084959510381192 0.19275009003221233 0.24534616775699605
v 0.17084959510381192 0.19275009003221233 0.26771514911732985
v 0.17084959510381192 0.19275009003221233 0.29008413047766363
v 0.17084959510381192 0.19275009003221233 0.3124531118379974
v 0.17084959510381192 0.21511907139254616 0.044025335513992028
v 0.17084959510381192 0.21511907139254616 0.066394316874325815
v 0.17084959510381192 0.21511907139254616 0.088763298234659588
v 0.17084959510381192 0.21511907139254616 0.29008413047766363
v 0.17084959510381192 0.21511907139254616 0.3124531118379974
v 0.17084959510381192 0.21511907139254616 0.33482209319833117
v 0.17084959510381192 0.23748805275287987 0.021656354153658249
v 0.17084959510381192 0.23748805275287987 0.044025335513992028
v 0.17084959510381192 0.23748805275287987 0.066394316874325815
v 0.17084959510381192 0.23748805275287987 0.3124531118379974
v 0.17084959510381192 0.23748805275287987 0.33482209319833117
v 0.17084959510381192 0.2598570341132137 0.021656354153658249
v 0.17084959510381192 0.2598570341132137 0.044025335513992028
v 0.17084959510381192 0.2598570341132137 0.066394316874325815
v 0.17084959510381192 0.2598570341132137 0.33482209319833117
v 0.17084959510381192 0.2598570341132137 0.35719107455866494
v 0.17084959510381192 0.2598570341132137 0.37956005591899872
v 0.17084959510381192 0.28222601547354742 0.021656354153658249
v 0.17084959510381192 0.28222601547354742 0.044025335513992028
v 0.17084959510381192 0.28222601547354742 0.066394316874325815
v 0.17084959510381192 0.28222601547354742 0.37956005591899872
v 0.17084959510381192 0.28222601547354742 0.40192903727933249
v 0.17084959510381192 0.30459499683388125 0.066394316874325815
v 0.17084959510381192 0.30459499683388125 0.26771514911732985
v 0.17084959510381192 0.30459499683388125 0.29008413047766363
v 0.17084959510381192 0.30459499683388125 0.40192903727933249
v 0.17084959510381192 0.32696397819421508 0.066394316874325815
v 0.17084959510381192 0.32696397819421508 0.24534616775699605
v 0.17084959510381192 0.32696397819421508 0.26771514911732985
v 0.17084959510381192 0.32696397819421508 0.29008413047766363
v 0.17084959510381192 0.32696397819421508 0.3124531118379974
v 0.17084959510381192 0.32696397819421508 0.40192903727933249
v 0.17084959510381192 0.34933295955454879 0.066394316874325815
v 0.17084959510381192 0.34933295955454879 0.088763298234659588
v 0.17084959510381192 0.34933295955454879 0.15587024231566093
v 0.17084959510381192 0.34933295955454879 0.17823922367599471
v 0.17084959510381192 0.34933295955454879 0.22297718639666225
v 0.17084959510381192 0.34933295955454879 0.24534616775699605
v 0.17084959510381192 0.34933295955454879 0.26771514911732985
v 0.17084959510381192 0.34933295955454879 0.29008413047766363
v 0.17084959510381192 0.34933295955454879 0.3124531118379974
v 0.17084959510381192 0.34933295955454879 0.33482209319833117
v 0.17084959510381192 0.34933295955454879 0.35719107455866494
v 0.17084959510381192 0.34933295955454879 0.37956005591899872
v 0.17084959510381192 0.34933295955454879 0.40192903727933249
v 0.17084959510381192 0.37170194091488262 0.088763298234659588
v 0.17084959510381192 0.37170194091488262 0.11113227959499336
v 0.17084959510381192 0.37170194091488262 0.13350126095532716
v 0.17084959510381192 0.37170194091488262 0.15587024231566093
v 0.17084959510381192 0.37170194091488262 0.17823922367599471
v 0.17084959510381192 0.37170194091488262 0.20060820503632848
v 0.17084959510381192 0.37170194091488262 0.22297718639666225
v 0.17084959510381192 0.37170194091488262 0.24534616775699605
v 0.17084959510381192 0.37170194091488262 0.26771514911732985
v 0.17084959510381192 0.37170194091488262 0.29008413047766363
v 0.17084959510381192 0.37170194091488262 0.3124531118379974
v 0.17084959510381192 0.37170194091488262 0.33482209319833117
v 0.17084959510381192 0.37170194091488262 0.35719107455866494
v 0.17084959510381192 0.39407092227521634 0.11113227959499336
v 0.17084959510381192 0.39407092227521634 0.13350126095532716
v 0.17084959510381192 0.39407092227521634 0.15587024231566093
v 0.17084959510381192 0.39407092227521634 0.17823922367599471
v 0.17084959510381192 0.39407092227521634 0.20060820503632848
v 0.17084959510381192 0.39407092227521634 0.22297718639666225
v 0.17084959510381192 0.39407092227521634 0.24534616775699605
v 0.17084959510381192 0.39407092227521634 0.29008413047766363
v 0.17084959510381192 0.39407092227521634 0.3124531118379974
v 0.17084959510381192 0.39407092227521634 0.33482209319833117
v 0.17084959510381192 0.39407092227521634 0.35719107455866494
v 0.17084959510381192 0.39407092227521634 0.37956005591899872
v 0.17084959510381192 0.41643990363555017 0.22297718639666225
v 0.17084959510381192 0.41643990363555017 0.24534616775699605
v 0.17084959510381192 0.41643990363555017 0.35719107455866494
v 0.17084959510381192 0.41643990363555017 0.37956005591899872
v 0.17084959510381192 0.43880888499588389 0.24534616775699605
v 0.17084959510381192 0.43880888499588389 0.37956005591899872
v 0.17084959510381192 0.46117786635621771 0.22297718639666225
v 0.17084959510381192 0.46117786635621771 0.24534616775699605
v 0.17084959510381192 0.46117786635621771 0.37956005591899872
v 0.17084959510381192 0.48354684771655143 0.22297718639666225
v 0.17084959510381192 0.48354684771655143 0.37956005591899872
v 0.17084959510381192 0.50591582907688526 0.22297718639666225
v 0.17084959510381192 0.50591582907688526 0.35719107455866494
v 0.17084959510381192 0.50591582907688526 0.37956005591899872
v 0.17084959510381192 0.52828481043721909 0.22297718639666225
v 0.17084959510381192 0.52828481043721909 0.24534616775699605
v 0.17084959510381192 0.52828481043721909 0.26771514911732985
v 0.17084959510381192 0.52828481043721909 0.29008413047766363
v 0.17084959510381192 0.52828481043721909 0.3124531118379974
v 0.17084959510381192 0.52828481043721909 0.33482209319833117
v 0.17084959510381192 0.52828481043721909 0.35719107455866494
v 0.17084959510381192 0.55065379179755281 0.26771514911732985
v 0.17084959510381192 0.55065379179755281 0.29008413047766363
v 0.17084959510381192 0.55065379179755281 0.3124531118379974
v 0.17084959510381192 0.55065379179755281 0.33482209319833117
v 0.19321857646414564 -0.32173648125546461 0.17823922367599471
v 0.19321857646414564 -0.32173648125546461 0.20060820503632848
v 0.19321857646414564 -0.32173648125546461 0.22297718639666225
v 0.19321857646414564 -0.32173648125546461 0.24534616775699605
v 0.19321857646414564 -0.32173648125546461 0.26771514911732985
v 0.19321857646414564 -0.29936749989513078 0.15587024231566093
v 0.19321857646414564 -0.29936749989513078 0.17823922367599471
v 0.19321857646414564 -0.29936749989513078 0.26771514911732985
v 0.19321857646414564 -0.29936749989513078 0.29008413047766363
v 0.19321857646414564 -0.29936749989513078 0.3124531118379974
v 0.19321857646414564 -0.27699851853479701 0.13350126095532716
v 0.19321857646414564 -0.27699851853479701 0.15587024231566093
v 0.19321857646414564 -0.27699851853479701 0.3124531118379974
v 0.19321857646414564 -0.25462953717446324 0.088763298234659588
v 0.19321857646414564 -0.25462953717446324 0.11113227959499336
v 0.19321857646414564 -0.25462953717446324 0.13350126095532716
v 0.19321857646414564 -0.25462953717446324 0.3124531118379974
v 0.19321857646414564 -0.25462953717446324 0.33482209319833117
v 0.19321857646414564 -0.23226055581412947 0.066394316874325815
v 0.19321857646414564 -0.23226055581412947 0.088763298234659588
v 0.19321857646414564 -0.23226055581412947 0.11113227959499336
v 0.19321857646414564 -0.23226055581412947 0.13350126095532716
v 0.19321857646414564 -0.23226055581412947 0.33482209319833117
v 0.19321857646414564 -0.23226055581412947 0.35719107455866494
v 0.19321857646414564 -0.20989157445379569 0.066394316874325815
v 0.19321857646414564 -0.20989157445379569 0.088763298234659588
v 0.19321857646414564 -0.20989157445379569 0.35719107455866494
v 0.19321857646414564 -0.20989157445379569 0.37956005591899872
v 0.19321857646414564 -0.20989157445379569 0.40192903727933249
v 0.19321857646414564 -0.20989157445379569 0.42429801863966626
v 0.19321857646414564 -0.20989157445379569 0.44666700000000004
v 0.19321857646414564 -0.18752259309346192 0.066394316874325815
v 0.19321857646414564 -0.18752259309346192 0.35719107455866494
v 0.19321857646414564 -0.18752259309346192 0.37956005591899872
v 0.19321857646414564 -0.18752259309346192 0.40192903727933249
v 0.19321857646414564 -0.18752259309346192 0.42429801863966626
v 0.19321857646414564 -0.18752259309346192 0.44666700000000004
v 0.19321857646414564 -0.16515361173312812 0.066394316874325815
v 0.19321857646414564 -0.16515361173312812 0.37956005591899872
v 0.19321857646414564 -0.16515361173312812 0.40192903727933249
v 0.19321857646414564 -0.16515361173312812 0.42429801863966626
v 0.19321857646414564 -0.16515361173312812 0.44666700000000004
v 0.19321857646414564 -0.14278463037279432 0.066394316874325815
v 0.19321857646414564 -0.14278463037279432 0.42429801863966626
v 0.19321857646414564 -0.14278463037279432 0.44666700000000004
v 0.19321857646414564 -0.12041564901246055 0.066394316874325815
v 0.19321857646414564 -0.12041564901246055 0.40192903727933249
v 0.19321857646414564 -0.12041564901246055 0.42429801863966626
v 0.19321857646414564 -0.098046667652126773 0.066394316874325815
v 0.19321857646414564 -0.098046667652126773 0.40192903727933249
v 0.19321857646414564 -0.098046667652126773 0.42429801863966626
v 0.19321857646414564 -0.075677686291793 0.066394316874325815
v 0.19321857646414564 -0.075677686291793 0.088763298234659588
v 0.19321857646414564 -0.075677686291793 0.37956005591899872
v 0.19321857646414564 -0.075677686291793 0.40192903727933249
v 0.19321857646414564 -0.053308704931459228 0.044025335513992028
v 0.19321857646414564 -0.053308704931459228 0.066394316874325815
v 0.19321857646414564 -0.053308704931459228 0.088763298234659588
v 0.19321857646414564 -0.053308704931459228 0.35719107455866494
v 0.19321857646414564 -0.053308704931459228 0.37956005591899872
v 0.19321857646414564 -0.053308704931459228 0.40192903727933249
v 0.19321857646414564 -0.030939723571125455 0.044025335513992028
v 0.19321857646414564 -0.030939723571125455 0.066394316874325815
v 0.19321857646414564 -0.030939723571125455 0.088763298234659588
v 0.19321857646414564 -0.030939723571125455 0.35719107455866494
v 0.19321857646414564 -0.030939723571125455 0.37956005591899872
v 0.19321857646414564 -0.008570742210791682 0.044025335513992028
v 0.19321857646414564 -0.008570742210791682 0.066394316874325815
v 0.19321857646414564 -0.008570742210791682 0.33482209319833117
v 0.19321857646414564 -0.008570742210791682 0.35719107455866494
v 0.19321857646414564 0.013798239149542091 0.044025335513992028
v 0.19321857646414564 0.013798239149542091 0.066394316874325815
v 0.19321857646414564 0.013798239149542091 0.33482209319833117
v 0.19321857646414564 0.013798239149542091 0.35719107455866494
v 0.19321857646414564 0.036167220509875864 0.066394316874325815
v 0.19321857646414564 0.036167220509875864 0.088763298234659588
v 0.19321857646414564 0.036167220509875864 0.33482209319833117
v 0.19321857646414564 0.036167220509875864 0.35719107455866494
v 0.19321857646414564 0.058536201870209692 0.088763298234659588
v 0.19321857646414564 0.058536201870209692 0.33482209319833117
v 0.19321857646414564 0.058536201870209692 0.35719107455866494
v 0.19321857646414564 0.080905183230543465 0.088763298234659588
v 0.19321857646414564 0.080905183230543465 0.11113227959499336
v 0.19321857646414564 0.080905183230543465 0.26771514911732985
v 0.19321857646414564 0.080905183230543465 0.29008413047766363
v 0.19321857646414564 0.080905183230543465 0.3124531118379974
v 0.19321857646414564 0.080905183230543465 0.33482209319833117
v 0.19321857646414564 0.080905183230543465 0.35719107455866494
v 0.19321857646414564 0.10327416459087724 0.088763298234659588
v 0.19321857646414564 0.10327416459087724 0.11113227959499336
v 0.19321857646414564 0.10327416459087724 0.13350126095532716
v 0.19321857646414564 0.10327416459087724 0.15587024231566093
v 0.19321857646414564 0.10327416459087724 0.22297718639666225
v 0.19321857646414564 0.10327416459087724 0.24534616775699605
v 0.19321857646414564 0.10327416459087724 0.26771514911732985
v 0.19321857646414564 0.12564314595121107 0.11113227959499336
v 0.19321857646414564 0.12564314595121107 0.13350126095532716
v 0.19321857646414564 0.12564314595121107 0.15587024231566093
v 0.19321857646414564 0.12564314595121107 0.17823922367599471
v 0.19321857646414564 0.12564314595121107 0.20060820503632848
v 0.19321857646414564 0.12564314595121107 0.22297718639666225
v 0.19321857646414564 0.12564314595121107 0.24534616775699605
v 0.19321857646414564 0.17038110867187861 0.11113227959499336
v 0.19321857646414564 0.17038110867187861 0.13350126095532716
v 0.19321857646414564 0.17038110867187861 0.15587024231566093
v 0.19321857646414564 0.17038110867187861 0.17823922367599471
v 0.19321857646414564 0.17038110867187861 0.20060820503632848
v 0.19321857646414564 0.19275009003221233 0.088763298234659588
v 0.19321857646414564 0.19275009003221233 0.11113227959499336
v 0.19321857646414564 0.19275009003221233 0.20060820503632848
v 0.19321857646414564 0.19275009003221233 0.22297718639666225
v 0.19321857646414564 0.19275009003221233 0.24534616775699605
v 0.19321857646414564 0.19275009003221233 0.26771514911732985
v 0.19321857646414564 0.19275009003221233 0.29008413047766363
v 0.19321857646414564 0.19275009003221233 0.3124531118379974
v 0.19321857646414564 0.21511907139254616 0.044025335513992028
v 0.19321857646414564 0.21511907139254616 0.066394316874325815
v 0.19321857646414564 0.21511907139254616 0.088763298234659588
v 0.19321857646414564 0.21511907139254616 0.3124531118379974
v 0.19321857646414564 0.21511907139254616 0.33482209319833117
v 0.19321857646414564 0.23748805275287987 0.021656354153658249
v 0.19321857646414564 0.23748805275287987 0.044025335513992028
v 0.19321857646414564 0.23748805275287987 0.33482209319833117
v 0.19321857646414564 0.2598570341132137 0.021656354153658249
v 0.19321857646414564 0.2598570341132137 0.33482209319833117
v 0.19321857646414564 0.2598570341132137 0.35719107455866494
v 0.19321857646414564 0.2598570341132137 0.37956005591899872
v 0.19321857646414564 0.28222601547354742 0.021656354153658249
v 0.19321857646414564 0.28222601547354742 0.044025335513992028
v 0.19321857646414564 0.28222601547354742 0.066394316874325815
v 0.19321857646414564 0.28222601547354742 0.37956005591899872
v 0.19321857646414564 0.28222601547354742 0.40192903727933249
v 0.19321857646414564 0.30459499683388125 0.044025335513992028
v 0.19321857646414564 0.30459499683388125 0.066394316874325815
v 0.19321857646414564 0.30459499683388125 0.37956005591899872
v 0.19321857646414564 0.30459499683388125 0.40192903727933249
v 0.19321857646414564 0.32696397819421508 0.044025335513992028
v 0.19321857646414564 0.32696397819421508 0.066394316874325815
v 0.19321857646414564 0.32696397819421508 0.35719107455866494
v 0.19321857646414564 0.32696397819421508 0.37956005591899872
v 0.19321857646414564 0.32696397819421508 0.40192903727933249
v 0.19321857646414564 0.34933295955454879 0.044025335513992028
v 0.19321857646414564 0.34933295955454879 0.066394316874325815
v 0.19321857646414564 0.34933295955454879 0.088763298234659588
v 0.19321857646414564 0.34933295955454879 0.35719107455866494
v 0.19321857646414564 0.34933295955454879 0.37956005591899872
v 0.19321857646414564 0.34933295955454879 0.40192903727933249
v 0.19321857646414564 0.37170194091488262 0.066394316874325815
v 0.19321857646414564 0.37170194091488262 0.088763298234659588
v 0.19321857646414564 0.37170194091488262 0.11113227959499336
v 0.19321857646414564 0.37170194091488262 0.17823922367599471
v 0.19321857646414564 0.37170194091488262 0.20060820503632848
v 0.19321857646414564 0.37170194091488262 0.35719107455866494
v 0.19321857646414564 0.37170194091488262 0.37956005591899872
v 0.19321857646414564 0.39407092227521634 0.11113227959499336
v 0.19321857646414564 0.39407092227521634 0.13350126095532716
v 0.19321857646414564 0.39407092227521634 0.15587024231566093
v 0.19321857646414564 0.39407092227521634 0.17823922367599471
v 0.19321857646414564 0.39407092227521634 0.20060820503632848
v 0.19321857646414564 0.39407092227521634 0.22297718639666225
v 0.19321857646414564 0.39407092227521634 0.35719107455866494
v 0.19321857646414564 0.39407092227521634 0.37956005591899872
v 0.19321857646414564 0.41643990363555017 0.13350126095532716
v 0.19321857646414564 0.41643990363555017 0.15587024231566093
v 0.19321857646414564 0.41643990363555017 0.17823922367599471
v 0.19321857646414564 0.41643990363555017 0.20060820503632848
v 0.19321857646414564 0.41643990363555017 0.22297718639666225
v 0.19321857646414564 0.41643990363555017 0.24534616775699605
v 0.19321857646414564 0.41643990363555017 0.37956005591899872
v 0.19321857646414564 0.43880888499588389 0.20060820503632848
v 0.19321857646414564 0.43880888499588389 0.22297718639666225
v 0.19321857646414564 0.43880888499588389 0.24534616775699605
v 0.19321857646414564 0.43880888499588389 0.37956005591899872
v 0.19321857646414564 0.46117786635621771 0.20060820503632848
v 0.19321857646414564 0.46117786635621771 0.22297718639666225
v 0.19321857646414564 0.46117786635621771 0.24534616775699605
v 0.19321857646414564 0.46117786635621771 0.37956005591899872
v 0.19321857646414564 0.48354684771655143 0.20060820503632848
v 0.19321857646414564 0.48354684771655143 0.22297718639666225
v 0.19321857646414564 0.48354684771655143 0.37956005591899872
v 0.19321857646414564 0.50591582907688526 0.22297718639666225
v 0.19321857646414564 0.50591582907688526 0.24534616775699605
v 0.19321857646414564 0.50591582907688526 0.35719107455866494
v 0.19321857646414564 0.50591582907688526 0.37956005591899872
v 0.19321857646414564 0.52828481043721909 0.22297718639666225
v 0.19321857646414564 0.52828481043721909 0.24534616775699605
v 0.19321857646414564 0.52828481043721909 0.26771514911732985
v 0.19321857646414564 0.52828481043721909 0.29008413047766363
v 0.19321857646414564 0.52828481043721909 0.3124531118379974
v 0.19321857646414564 0.52828481043721909 0.33482209319833117
v 0.19321857646414564 0.52828481043721909 0.35719107455866494
v 0.21558755782447947 -0.32173648125546461 0.088763298234659588
v 0.21558755782447947 -0.32173648125546461 0.11113227959499336
v 0.21558755782447947 -0.32173648125546461 0.13350126095532716
v 0.21558755782447947 -0.32173648125546461 0.17823922367599471
v 0.21558755782447947 -0.32173648125546461 0.20060820503632848
v 0.21558755782447947 -0.32173648125546461 0.22297718639666225
v 0.21558755782447947 -0.32173648125546461 0.24534616775699605
v 0.21558755782447947 -0.32173648125546461 0.26771514911732985
v 0.21558755782447947 -0.29936749989513078 0.044025335513992028
v 0.21558755782447947 -0.29936749989513078 0.066394316874325815
v 0.21558755782447947 -0.29936749989513078 0.088763298234659588
v 0.21558755782447947 -0.29936749989513078 0.11113227959499336
v 0.21558755782447947 -0.29936749989513078 0.13350126095532716
v 0.21558755782447947 -0.29936749989513078 0.15587024231566093
v 0.21558755782447947 -0.29936749989513078 0.17823922367599471
v 0.21558755782447947 -0.29936749989513078 0.20060820503632848
v 0.21558755782447947 -0.29936749989513078 0.22297718639666225
v 0.21558755782447947 -0.29936749989513078 0.24534616775699605
v 0.21558755782447947 -0.29936749989513078 0.26771514911732985
v 0.21558755782447947 -0.29936749989513078 0.29008413047766363
v 0.21558755782447947 -0.29936749989513078 0.3124531118379974
v 0.21558755782447947 -0.27699851853479701 0.044025335513992028
v 0.21558755782447947 -0.27699851853479701 0.066394316874325815
v 0.21558755782447947 -0.27699851853479701 0.088763298234659588
v 0.21558755782447947 -0.27699851853479701 0.11113227959499336
v 0.21558755782447947 -0.27699851853479701 0.13350126095532716
v 0.21558755782447947 -0.27699851853479701 0.15587024231566093
v 0.21558755782447947 -0.27699851853479701 0.29008413047766363
v 0.21558755782447947 -0.27699851853479701 0.3124531118379974
v 0.21558755782447947 -0.25462953717446324 0.044025335513992028
v 0.21558755782447947 -0.25462953717446324 0.066394316874325815
v 0.21558755782447947 -0.25462953717446324 0.088763298234659588
v 0.21558755782447947 -0.25462953717446324 0.11113227959499336
v 0.21558755782447947 -0.25462953717446324 0.13350126095532716
v 0.21558755782447947 -0.25462953717446324 0.3124531118379974
v 0.21558755782447947 -0.25462953717446324 0.33482209319833117
v 0.21558755782447947 -0.23226055581412947 0.044025335513992028
v 0.21558755782447947 -0.23226055581412947 0.066394316874325815
v 0.21558755782447947 -0.23226055581412947 0.088763298234659588
v 0.21558755782447947 -0.23226055581412947 0.11113227959499336
v 0.21558755782447947 -0.23226055581412947 0.13350126095532716
v 0.21558755782447947 -0.23226055581412947 0.33482209319833117
v 0.21558755782447947 -0.23226055581412947 0.35719107455866494
v 0.21558755782447947 -0.23226055581412947 0.37956005591899872
v 0.21558755782447947 -0.23226055581412947 0.40192903727933249
v 0.21558755782447947 -0.20989157445379569 0.066394316874325815
v 0.21558755782447947 -0.20989157445379569 0.088763298234659588
v 0.21558755782447947 -0.20989157445379569 0.35719107455866494
v 0.21558755782447947 -0.20989157445379569 0.37956005591899872
v 0.21558755782447947 -0.20989157445379569 0.40192903727933249
v 0.21558755782447947 -0.20989157445379569 0.42429801863966626
v 0.21558755782447947 -0.20989157445379569 0.44666700000000004
v 0.21558755782447947 -0.18752259309346192 0.066394316874325815
v 0.21558755782447947 -0.18752259309346192 0.44666700000000004
v 0.21558755782447947 -0.16515361173312812 0.066394316874325815
v 0.21558755782447947 -0.16515361173312812 0.44666700000000004
v 0.21558755782447947 -0.14278463037279432 0.044025335513992028
v 0.21558755782447947 -0.14278463037279432 0.066394316874325815
v 0.21558755782447947 -0.14278463037279432 0.42429801863966626
v 0.21558755782447947 -0.14278463037279432 0.44666700000000004
v 0.21558755782447947 -0.12041564901246055 0.044025335513992028
v 0.21558755782447947 -0.12041564901246055 0.066394316874325815
v 0.21558755782447947 -0.12041564901246055 0.42429801863966626
v 0.21558755782447947 -0.098046667652126773 0.044025335513992028
v 0.21558755782447947 -0.098046667652126773 0.066394316874325815
v 0.21558755782447947 -0.098046667652126773 0.40192903727933249
v 0.21558755782447947 -0.098046667652126773 0.42429801863966626
v 0.21558755782447947 -0.075677686291793 0.044025335513992028
v 0.21558755782447947 -0.075677686291793 0.066394316874325815
v 0.21558755782447947 -0.075677686291793 0.37956005591899872
v 0.21558755782447947 -0.075677686291793 0.40192903727933249
v 0.21558755782447947 -0.075677686291793 0.42429801863966626
v 0.21558755782447947 -0.053308704931459228 0.044025335513992028
v 0.21558755782447947 -0.053308704931459228 0.066394316874325815
v 0.21558755782447947 -0.053308704931459228 0.37956005591899872
v 0.21558755782447947 -0.053308704931459228 0.40192903727933249
v 0.21558755782447947 -0.030939723571125455 0.044025335513992028
v 0.21558755782447947 -0.030939723571125455 0.35719107455866494
v 0.21558755782447947 -0.030939723571125455 0.37956005591899872
v 0.21558755782447947 -0.008570742210791682 0.044025335513992028
v 0.21558755782447947 -0.008570742210791682 0.35719107455866494
v 0.21558755782447947 -0.008570742210791682 0.37956005591899872
v 0.21558755782447947 0.013798239149542091 0.044025335513992028
v 0.21558755782447947 0.013798239149542091 0.066394316874325815
v 0.21558755782447947 0.013798239149542091 0.35719107455866494
v 0.21558755782447947 0.013798239149542091 0.37956005591899872
v 0.21558755782447947 0.036167220509875864 0.066394316874325815
v 0.21558755782447947 0.036167220509875864 0.088763298234659588
v 0.21558755782447947 0.036167220509875864 0.35719107455866494
v 0.21558755782447947 0.058536201870209692 0.088763298234659588
v 0.21558755782447947 0.058536201870209692 0.11113227959499336
v 0.21558755782447947 0.058536201870209692 0.35719107455866494
v 0.21558755782447947 0.080905183230543465 0.088763298234659588
v 0.21558755782447947 0.080905183230543465 0.11113227959499336
v 0.21558755782447947 0.080905183230543465 0.13350126095532716
v 0.21558755782447947 0.080905183230543465 0.24534616775699605
v 0.21558755782447947 0.080905183230543465 0.26771514911732985
v 0.21558755782447947 0.080905183230543465 0.29008413047766363
v 0.21558755782447947 0.080905183230543465 0.3124531118379974
v 0.21558755782447947 0.080905183230543465 0.33482209319833117
v 0.21558755782447947 0.080905183230543465 0.35719107455866494
v 0.21558755782447947 0.10327416459087724 0.11113227959499336
v 0.21558755782447947 0.10327416459087724 0.13350126095532716
v 0.21558755782447947 0.10327416459087724 0.15587024231566093
v 0.21558755782447947 0.10327416459087724 0.17823922367599471
v 0.21558755782447947 0.10327416459087724 0.20060820503632848
v 0.21558755782447947 0.10327416459087724 0.22297718639666225
v 0.21558755782447947 0.10327416459087724 0.24534616775699605
v 0.21558755782447947 0.10327416459087724 0.26771514911732985
v 0.21558755782447947 0.12564314595121107 0.15587024231566093
v 0.21558755782447947 0.12564314595121107 0.17823922367599471
v 0.21558755782447947 0.12564314595121107 0.20060820503632848
v 0.21558755782447947 0.12564314595121107 0.22297718639666225
v 0.21558755782447947 0.17038110867187861 0.11113227959499336
v 0.21558755782447947 0.17038110867187861 0.13350126095532716
v 0.21558755782447947 0.17038110867187861 0.15587024231566093
v 0.21558755782447947 0.17038110867187861 0.17823922367599471
v 0.21558755782447947 0.17038110867187861 0.20060820503632848
v 0.21558755782447947 0.17038110867187861 0.26771514911732985
v 0.21558755782447947 0.17038110867187861 0.29008413047766363
v 0.21558755782447947 0.19275009003221233 0.088763298234659588
v 0.21558755782447947 0.19275009003221233 0.11113227959499336
v 0.21558755782447947 0.19275009003221233 0.20060820503632848
v 0.21558755782447947 0.19275009003221233 0.22297718639666225
v 0.21558755782447947 0.19275009003221233 0.24534616775699605
v 0.21558755782447947 0.19275009003221233 0.26771514911732985
v 0.21558755782447947 0.19275009003221233 0.29008413047766363
v 0.21558755782447947 0.19275009003221233 0.3124531118379974
v 0.21558755782447947 0.21511907139254616 0.044025335513992028
v 0.21558755782447947 0.21511907139254616 0.066394316874325815
v 0.21558755782447947 0.21511907139254616 0.088763298234659588
v 0.21558755782447947 0.21511907139254616 0.3124531118379974
v 0.21558755782447947 0.21511907139254616 0.33482209319833117
v 0.21558755782447947 0.23748805275287987 -0.00071262720667553126
v 0.21558755782447947 0.23748805275287987 0.021656354153658249
v 0.21558755782447947 0.23748805275287987 0.044025335513992028
v 0.21558755782447947 0.23748805275287987 0.066394316874325815
v 0.21558755782447947 0.23748805275287987 0.3124531118379974
v 0.21558755782447947 0.23748805275287987 0.33482209319833117
v 0.21558755782447947 0.23748805275287987 0.35719107455866494
v 0.21558755782447947 0.2598570341132137 -0.00071262720667553126
v 0.21558755782447947 0.2598570341132137 0.021656354153658249
v 0.21558755782447947 0.2598570341132137 0.33482209319833117
v 0.21558755782447947 0.2598570341132137 0.35719107455866494
v 0.21558755782447947 0.2598570341132137 0.37956005591899872
v 0.21558755782447947 0.28222601547354742 -0.00071262720667553126
v 0.21558755782447947 0.28222601547354742 0.021656354153658249
v 0.21558755782447947 0.28222601547354742 0.044025335513992028
v 0.21558755782447947 0.28222601547354742 0.37956005591899872
v 0.21558755782447947 0.28222601547354742 0.40192903727933249
v 0.21558755782447947 0.30459499683388125 -0.00071262720667553126
v 0.21558755782447947 0.30459499683388125 0.021656354153658249
v 0.21558755782447947 0.30459499683388125 0.044025335513992028
v 0.21558755782447947 0.30459499683388125 0.37956005591899872
v 0.21558755782447947 0.30459499683388125 0.40192903727933249
v 0.21558755782447947 0.32696397819421508 0.021656354153658249
v 0.21558755782447947 0.32696397819421508 0.044025335513992028
v 0.21558755782447947 0.32696397819421508 0.35719107455866494
v 0.21558755782447947 0.32696397819421508 0.37956005591899872
v 0.21558755782447947 0.34933295955454879 0.044025335513992028
v 0.21558755782447947 0.34933295955454879 0.066394316874325815
v 0.21558755782447947 0.34933295955454879 0.35719107455866494
v 0.21558755782447947 0.34933295955454879 0.37956005591899872
v 0.21558755782447947 0.37170194091488262 0.044025335513992028
v 0.21558755782447947 0.37170194091488262 0.066394316874325815
v 0.21558755782447947 0.37170194091488262 0.088763298234659588
v 0.21558755782447947 0.37170194091488262 0.11113227959499336
v 0.21558755782447947 0.37170194091488262 0.35719107455866494
v 0.21558755782447947 0.37170194091488262 0.37956005591899872
v 0.21558755782447947 0.39407092227521634 0.088763298234659588
v 0.21558755782447947 0.39407092227521634 0.11113227959499336
v 0.21558755782447947 0.39407092227521634 0.13350126095532716
v 0.21558755782447947 0.39407092227521634 0.17823922367599471
v 0.21558755782447947 0.39407092227521634 0.20060820503632848
v 0.21558755782447947 0.39407092227521634 0.37956005591899872
v 0.21558755782447947 0.41643990363555017 0.11113227959499336
v 0.21558755782447947 0.41643990363555017 0.13350126095532716
v 0.21558755782447947 0.41643990363555017 0.15587024231566093
v 0.21558755782447947 0.41643990363555017 0.17823922367599471
v 0.21558755782447947 0.41643990363555017 0.20060820503632848
v 0.21558755782447947 0.41643990363555017 0.37956005591899872
v 0.21558755782447947 0.43880888499588389 0.13350126095532716
v 0.21558755782447947 0.43880888499588389 0.15587024231566093
v 0.21558755782447947 0.43880888499588389 0.17823922367599471
v 0.21558755782447947 0.43880888499588389 0.20060820503632848
v 0.21558755782447947 0.43880888499588389 0.37956005591899872
v 0.21558755782447947 0.46117786635621771 0.17823922367599471
v 0.21558755782447947 0.46117786635621771 0.20060820503632848
v 0.21558755782447947 0.46117786635621771 0.37956005591899872
v 0.21558755782447947 0.48354684771655143 0.17823922367599471
v 0.21558755782447947 0.48354684771655143 0.20060820503632848
v 0.21558755782447947 0.48354684771655143 0.22297718639666225
v 0.21558755782447947 0.48354684771655143 0.37956005591899872
v 0.21558755782447947 0.50591582907688526 0.22297718639666225
v 0.21558755782447947 0.50591582907688526 0.24534616775699605
v 0.21558755782447947 0.50591582907688526 0.26771514911732985
v 0.21558755782447947 0.50591582907688526 0.33482209319833117
v 0.21558755782447947 0.50591582907688526 0.35719107455866494
v 0.21558755782447947 0.50591582907688526 0.37956005591899872
v 0.21558755782447947 0.52828481043721909 0.24534616775699605
v 0.21558755782447947 0.52828481043721909 0.26771514911732985
v 0.21558755782447947 0.52828481043721909 0.29008413047766363
v 0.21558755782447947 0.52828481043721909 0.3124531118379974
v 0.21558755782447947 0.52828481043721909 0.33482209319833117
v 0.21558755782447947 0.52828481043721909 0.35719107455866494
v 0.23795653918481319 -0.32173648125546461 0.044025335513992028
v 0.23795653918481319 -0.32173648125546461 0.066394316874325815
v 0.23795653918481319 -0.32173648125546461 0.088763298234659588
v 0.23795653918481319 -0.32173648125546461 0.11113227959499336
v 0.23795653918481319 -0.32173648125546461 0.13350126095532716
v 0.23795653918481319 -0.32173648125546461 0.15587024231566093
v 0.23795653918481319 -0.29936749989513078 0.044025335513992028
v 0.23795653918481319 -0.29936749989513078 0.066394316874325815
v 0.23795653918481319 -0.29936749989513078 0.088763298234659588
v 0.23795653918481319 -0.29936749989513078 0.13350126095532716
v 0.23795653918481319 -0.29936749989513078 0.15587024231566093
v 0.23795653918481319 -0.29936749989513078 0.17823922367599471
v 0.23795653918481319 -0.29936749989513078 0.20060820503632848
v 0.23795653918481319 -0.29936749989513078 0.22297718639666225
v 0.23795653918481319 -0.29936749989513078 0.24534616775699605
v 0.23795653918481319 -0.29936749989513078 0.26771514911732985
v 0.23795653918481319 -0.29936749989513078 0.29008413047766363
v 0.23795653918481319 -0.27699851853479701 0.044025335513992028
v 0.23795653918481319 -0.27699851853479701 0.15587024231566093
v 0.23795653918481319 -0.27699851853479701 0.17823922367599471
v 0.23795653918481319 -0.27699851853479701 0.26771514911732985
v 0.23795653918481319 -0.27699851853479701 0.29008413047766363
v 0.23795653918481319 -0.27699851853479701 0.3124531118379974
v 0.23795653918481319 -0.25462953717446324 0.044025335513992028
v 0.23795653918481319 -0.25462953717446324 0.3124531118379974
v 0.23795653918481319 -0.25462953717446324 0.33482209319833117
v 0.23795653918481319 -0.23226055581412947 0.044025335513992028
v 0.23795653918481319 -0.23226055581412947 0.066394316874325815
v 0.23795653918481319 -0.23226055581412947 0.3124531118379974
v 0.23795653918481319 -0.23226055581412947 0.33482209319833117
v 0.23795653918481319 -0.23226055581412947 0.35719107455866494
v 0.23795653918481319 -0.23226055581412947 0.37956005591899872
v 0.23795653918481319 -0.23226055581412947 0.40192903727933249
v 0.23795653918481319 -0.20989157445379569 0.066394316874325815
v 0.23795653918481319 -0.20989157445379569 0.40192903727933249
v 0.23795653918481319 -0.20989157445379569 0.42429801863966626
v 0.23795653918481319 -0.20989157445379569 0.44666700000000004
v 0.23795653918481319 -0.18752259309346192 0.066394316874325815
v 0.23795653918481319 -0.18752259309346192 0.44666700000000004
v 0.23795653918481319 -0.16515361173312812 0.044025335513992028
v 0.23795653918481319 -0.16515361173312812 0.066394316874325815
v 0.23795653918481319 -0.16515361173312812 0.44666700000000004
v 0.23795653918481319 -0.14278463037279432 0.044025335513992028
v 0.23795653918481319 -0.14278463037279432 0.066394316874325815
v 0.23795653918481319 -0.14278463037279432 0.42429801863966626
v 0.23795653918481319 -0.14278463037279432 0.44666700000000004
v 0.23795653918481319 -0.12041564901246055 0.044025335513992028
v 0.23795653918481319 -0.12041564901246055 0.42429801863966626
v 0.23795653918481319 -0.12041564901246055 0.44666700000000004
v 0.23795653918481319 -0.098046667652126773 0.044025335513992028
v 0.23795653918481319 -0.098046667652126773 0.42429801863966626
v 0.23795653918481319 -0.075677686291793 0.044025335513992028
v 0.23795653918481319 -0.075677686291793 0.37956005591899872
v 0.23795653918481319 -0.075677686291793 0.40192903727933249
v 0.23795653918481319 -0.075677686291793 0.42429801863966626
v 0.23795653918481319 -0.053308704931459228 0.044025335513992028
v 0.23795653918481319 -0.053308704931459228 0.37956005591899872
v 0.23795653918481319 -0.030939723571125455 0.044025335513992028
v 0.23795653918481319 -0.030939723571125455 0.37956005591899872
v 0.23795653918481319 -0.008570742210791682 0.044025335513992028
v 0.23795653918481319 -0.008570742210791682 0.37956005591899872
v 0.23795653918481319 0.013798239149542091 0.044025335513992028
v 0.23795653918481319 0.013798239149542091 0.066394316874325815
v 0.23795653918481319 0.013798239149542091 0.35719107455866494
v 0.23795653918481319 0.013798239149542091 0.37956005591899872
v 0.23795653918481319 0.036167220509875864 0.066394316874325815
v 0.23795653918481319 0.036167220509875864 0.088763298234659588
v 0.23795653918481319 0.036167220509875864 0.11113227959499336
v 0.23795653918481319 0.036167220509875864 0.35719107455866494
v 0.23795653918481319 0.036167220509875864 0.37956005591899872
v 0.23795653918481319 0.058536201870209692 0.088763298234659588
v 0.23795653918481319 0.058536201870209692 0.11113227959499336
v 0.23795653918481319 0.058536201870209692 0.13350126095532716
v 0.23795653918481319 0.058536201870209692 0.35719107455866494
v 0.23795653918481319 0.058536201870209692 0.37956005591899872
v 0.23795653918481319 0.080905183230543465 0.11113227959499336
v 0.23795653918481319 0.080905183230543465 0.13350126095532716
v 0.23795653918481319 0.080905183230543465 0.15587024231566093
v 0.23795653918481319 0.080905183230543465 0.17823922367599471
v 0.23795653918481319 0.080905183230543465 0.20060820503632848
v 0.23795653918481319 0.080905183230543465 0.22297718639666225
v 0.23795653918481319 0.080905183230543465 0.24534616775699605
v 0.23795653918481319 0.080905183230543465 0.26771514911732985
v 0.23795653918481319 0.080905183230543465 0.29008413047766363
v 0.23795653918481319 0.080905183230543465 0.3124531118379974
v 0.23795653918481319 0.080905183230543465 0.33482209319833117
v 0.23795653918481319 0.080905183230543465 0.35719107455866494
v 0.23795653918481319 0.10327416459087724 0.13350126095532716
v 0.23795653918481319 0.10327416459087724 0.15587024231566093
v 0.23795653918481319 0.10327416459087724 0.17823922367599471
v 0.23795653918481319 0.10327416459087724 0.20060820503632848
v 0.23795653918481319 0.10327416459087724 0.22297718639666225
v 0.23795653918481319 0.10327416459087724 0.24534616775699605
v 0.23795653918481319 0.14801212731154478 0.24534616775699605
v 0.23795653918481319 0.14801212731154478 0.26771514911732985
v 0.23795653918481319 0.14801212731154478 0.29008413047766363
v 0.23795653918481319 0.14801212731154478 0.3124531118379974
v 0.23795653918481319 0.14801212731154478 0.33482209319833117
v 0.23795653918481319 0.14801212731154478 0.35719107455866494
v 0.23795653918481319 0.14801212731154478 0.37956005591899872
v 0.23795653918481319 0.17038110867187861 0.11113227959499336
v 0.23795653918481319 0.17038110867187861 0.13350126095532716
v 0.23795653918481319 0.17038110867187861 0.15587024231566093
v 0.23795653918481319 0.17038110867187861 0.17823922367599471
v 0.23795653918481319 0.17038110867187861 0.20060820503632848
v 0.23795653918481319 0.17038110867187861 0.24534616775699605
v 0.23795653918481319 0.17038110867187861 0.26771514911732985
v 0.23795653918481319 0.17038110867187861 0.29008413047766363
v 0.23795653918481319 0.17038110867187861 0.3124531118379974
v 0.23795653918481319 0.17038110867187861 0.33482209319833117
v 0.23795653918481319 0.17038110867187861 0.35719107455866494
v 0.23795653918481319 0.17038110867187861 0.37956005591899872
v 0.23795653918481319 0.19275009003221233 0.088763298234659588
v 0.23795653918481319 0.19275009003221233 0.11113227959499336
v 0.23795653918481319 0.19275009003221233 0.13350126095532716
v 0.23795653918481319 0.19275009003221233 0.20060820503632848
v 0.23795653918481319 0.19275009003221233 0.22297718639666225
v 0.23795653918481319 0.19275009003221233 0.24534616775699605
v 0.23795653918481319 0.19275009003221233 0.26771514911732985
v 0.23795653918481319 0.19275009003221233 0.29008413047766363
v 0.23795653918481319 0.19275009003221233 0.3124531118379974
v 0.23795653918481319 0.19275009003221233 0.33482209319833117
v 0.23795653918481319 0.19275009003221233 0.35719107455866494
v 0.23795653918481319 0.19275009003221233 0.37956005591899872
v 0.23795653918481319 0.21511907139254616 -0.00071262720667553126
v 0.23795653918481319 0.21511907139254616 0.021656354153658249
v 0.23795653918481319 0.21511907139254616 0.044025335513992028
v 0.23795653918481319 0.21511907139254616 0.066394316874325815
v 0.23795653918481319 0.21511907139254616 0.088763298234659588
v 0.23795653918481319 0.21511907139254616 0.11113227959499336
v 0.23795653918481319 0.21511907139254616 0.3124531118379974
v 0.23795653918481319 0.21511907139254616 0.33482209319833117
v 0.23795653918481319 0.21511907139254616 0.35719107455866494
v 0.23795653918481319 0.21511907139254616 0.37956005591899872
v 0.23795653918481319 0.23748805275287987 -0.00071262720667553126
v 0.23795653918481319 0.23748805275287987 0.021656354153658249
v 0.23795653918481319 0.23748805275287987 0.044025335513992028
v 0.23795653918481319 0.23748805275287987 0.066394316874325815
v 0.23795653918481319 0.23748805275287987 0.088763298234659588
v 0.23795653918481319 0.23748805275287987 0.3124531118379974
v 0.23795653918481319 0.23748805275287987 0.33482209319833117
v 0.23795653918481319 0.23748805275287987 0.35719107455866494
v 0.23795653918481319 0.23748805275287987 0.37956005591899872
v 0.23795653918481319 0.2598570341132137 -0.00071262720667553126
v 0.23795653918481319 0.2598570341132137 0.066394316874325815
v 0.23795653918481319 0.2598570341132137 0.088763298234659588
v 0.23795653918481319 0.2598570341132137 0.35719107455866494
v 0.23795653918481319 0.2598570341132137 0.37956005591899872
v 0.23795653918481319 0.28222601547354742 -0.00071262720667553126
v 0.23795653918481319 0.28222601547354742 0.37956005591899872
v 0.23795653918481319 0.30459499683388125 -0.00071262720667553126
v 0.23795653918481319 0.30459499683388125 0.021656354153658249
v 0.23795653918481319 0.30459499683388125 0.35719107455866494
v 0.23795653918481319 0.30459499683388125 0.37956005591899872
v 0.23795653918481319 0.32696397819421508 -0.00071262720667553126
v 0.23795653918481319 0.32696397819421508 0.021656354153658249
v 0.23795653918481319 0.32696397819421508 0.044025335513992028
v 0.23795653918481319 0.32696397819421508 0.35719107455866494
v 0.23795653918481319 0.32696397819421508 0.37956005591899872
v 0.23795653918481319 0.34933295955454879 0.021656354153658249
v 0.23795653918481319 0.34933295955454879 0.044025335513992028
v 0.23795653918481319 0.34933295955454879 0.35719107455866494
v 0.23795653918481319 0.34933295955454879 0.37956005591899872
v 0.23795653918481319 0.37170194091488262 0.044025335513992028
v 0.23795653918481319 0.37170194091488262 0.066394316874325815
v 0.23795653918481319 0.37170194091488262 0.088763298234659588
v 0.23795653918481319 0.37170194091488262 0.37956005591899872
v 0.23795653918481319 0.39407092227521634 0.066394316874325815
v 0.23795653918481319 0.39407092227521634 0.088763298234659588
v 0.23795653918481319 0.39407092227521634 0.11113227959499336
v 0.23795653918481319 0.39407092227521634 0.37956005591899872
v 0.23795653918481319 0.41643990363555017 0.088763298234659588
v 0.23795653918481319 0.41643990363555017 0.11113227959499336
v 0.23795653918481319 0.41643990363555017 0.13350126095532716
v 0.23795653918481319 0.41643990363555017 0.37956005591899872
v 0.23795653918481319 0.43880888499588389 0.11113227959499336
v 0.23795653918481319 0.43880888499588389 0.13350126095532716
v 0.23795653918481319 0.43880888499588389 0.15587024231566093
v 0.23795653918481319 0.43880888499588389 0.17823922367599471
v 0.23795653918481319 0.43880888499588389 0.37956005591899872
v 0.23795653918481319 0.46117786635621771 0.15587024231566093
v 0.23795653918481319 0.46117786635621771 0.17823922367599471
v 0.23795653918481319 0.46117786635621771 0.37956005591899872
v 0.23795653918481319 0.48354684771655143 0.17823922367599471
v 0.23795653918481319 0.48354684771655143 0.20060820503632848
v 0.23795653918481319 0.48354684771655143 0.22297718639666225
v 0.23795653918481319 0.48354684771655143 0.35719107455866494
v 0.23795653918481319 0.48354684771655143 0.37956005591899872
v 0.23795653918481319 0.50591582907688526 0.20060820503632848
v 0.23795653918481319 0.50591582907688526 0.22297718639666225
v 0.23795653918481319 0.50591582907688526 0.24534616775699605
v 0.23795653918481319 0.50591582907688526 0.26771514911732985
v 0.23795653918481319 0.50591582907688526 0.29008413047766363
v 0.23795653918481319 0.50591582907688526 0.3124531118379974
v 0.23795653918481319 0.50591582907688526 0.33482209319833117
v 0.23795653918481319 0.50591582907688526 0.35719107455866494
v 0.23795653918481319 0.50591582907688526 0.37956005591899872
v 0.23795653918481319 0.52828481043721909 0.26771514911732985
v 0.23795653918481319 0.52828481043721909 0.29008413047766363
v 0.23795653918481319 0.52828481043721909 0.3124531118379974
v 0.23795653918481319 0.52828481043721909 0.33482209319833117
v 0.26032552054514702 -0.32173648125546461 0.044025335513992028
v 0.26032552054514702 -0.32173648125546461 0.066394316874325815
v 0.26032552054514702 -0.32173648125546461 0.088763298234659588
v 0.26032552054514702 -0.32173648125546461 0.11113227959499336
v 0.26032552054514702 -0.32173648125546461 0.13350126095532716
v 0.26032552054514702 -0.32173648125546461 0.15587024231566093
v 0.26032552054514702 -0.29936749989513078 0.044025335513992028
v 0.26032552054514702 -0.29936749989513078 0.15587024231566093
v 0.26032552054514702 -0.29936749989513078 0.17823922367599471
v 0.26032552054514702 -0.29936749989513078 0.20060820503632848
v 0.26032552054514702 -0.29936749989513078 0.22297718639666225
v 0.26032552054514702 -0.29936749989513078 0.24534616775699605
v 0.26032552054514702 -0.29936749989513078 0.26771514911732985
v 0.26032552054514702 -0.27699851853479701 0.044025335513992028
v 0.26032552054514702 -0.27699851853479701 0.15587024231566093
v 0.26032552054514702 -0.27699851853479701 0.17823922367599471
v 0.26032552054514702 -0.27699851853479701 0.20060820503632848
v 0.26032552054514702 -0.27699851853479701 0.22297718639666225
v 0.26032552054514702 -0.27699851853479701 0.24534616775699605
v 0.26032552054514702 -0.27699851853479701 0.26771514911732985
v 0.26032552054514702 -0.27699851853479701 0.29008413047766363
v 0.26032552054514702 -0.27699851853479701 0.3124531118379974
v 0.26032552054514702 -0.25462953717446324 0.044025335513992028
v 0.26032552054514702 -0.25462953717446324 0.29008413047766363
v 0.26032552054514702 -0.25462953717446324 0.3124531118379974
v 0.26032552054514702 -0.23226055581412947 0.044025335513992028
v 0.26032552054514702 -0.23226055581412947 0.066394316874325815
v 0.26032552054514702 -0.23226055581412947 0.088763298234659588
v 0.26032552054514702 -0.23226055581412947 0.3124531118379974
v 0.26032552054514702 -0.23226055581412947 0.33482209319833117
v 0.26032552054514702 -0.23226055581412947 0.35719107455866494
v 0.26032552054514702 -0.23226055581412947 0.37956005591899872
v 0.26032552054514702 -0.23226055581412947 0.40192903727933249
v 0.26032552054514702 -0.20989157445379569 0.066394316874325815
v 0.26032552054514702 -0.20989157445379569 0.088763298234659588
v 0.26032552054514702 -0.20989157445379569 0.11113227959499336
v 0.26032552054514702 -0.20989157445379569 0.13350126095532716
v 0.26032552054514702 -0.20989157445379569 0.3124531118379974
v 0.26032552054514702 -0.20989157445379569 0.33482209319833117
v 0.26032552054514702 -0.20989157445379569 0.35719107455866494
v 0.26032552054514702 -0.20989157445379569 0.40192903727933249
v 0.26032552054514702 -0.20989157445379569 0.42429801863966626
v 0.26032552054514702 -0.20989157445379569 0.44666700000000004
v 0.26032552054514702 -0.18752259309346192 0.066394316874325815
v 0.26032552054514702 -0.18752259309346192 0.088763298234659588
v 0.26032552054514702 -0.18752259309346192 0.11113227959499336
v 0.26032552054514702 -0.18752259309346192 0.13350126095532716
v 0.26032552054514702 -0.18752259309346192 0.42429801863966626
v 0.26032552054514702 -0.18752259309346192 0.44666700000000004
v 0.26032552054514702 -0.16515361173312812 0.044025335513992028
v 0.26032552054514702 -0.16515361173312812 0.066394316874325815
v 0.26032552054514702 -0.16515361173312812 0.44666700000000004
v 0.26032552054514702 -0.14278463037279432 0.044025335513992028
v 0.26032552054514702 -0.14278463037279432 0.44666700000000004
v 0.26032552054514702 -0.12041564901246055 0.044025335513992028
v 0.26032552054514702 -0.12041564901246055 0.42429801863966626
v 0.26032552054514702 -0.12041564901246055 0.44666700000000004
v 0.26032552054514702 -0.098046667652126773 0.044025335513992028
v 0.26032552054514702 -0.098046667652126773 0.33482209319833117
v 0.26032552054514702 -0.098046667652126773 0.35719107455866494
v 0.26032552054514702 -0.098046667652126773 0.37956005591899872
v 0.26032552054514702 -0.098046667652126773 0.42429801863966626
v 0.26032552054514702 -0.075677686291793 0.021656354153658249
v 0.26032552054514702 -0.075677686291793 0.044025335513992028
v 0.26032552054514702 -0.075677686291793 0.33482209319833117
v 0.26032552054514702 -0.075677686291793 0.35719107455866494
v 0.26032552054514702 -0.075677686291793 0.37956005591899872
v 0.26032552054514702 -0.075677686291793 0.40192903727933249
v 0.26032552054514702 -0.075677686291793 0.42429801863966626
v 0.26032552054514702 -0.053308704931459228 0.021656354153658249
v 0.26032552054514702 -0.053308704931459228 0.044025335513992028
v 0.26032552054514702 -0.053308704931459228 0.35719107455866494
v 0.26032552054514702 -0.053308704931459228 0.37956005591899872
v 0.26032552054514702 -0.030939723571125455 0.021656354153658249
v 0.26032552054514702 -0.030939723571125455 0.044025335513992028
v 0.26032552054514702 -0.030939723571125455 0.37956005591899872
v 0.26032552054514702 -0.008570742210791682 0.021656354153658249
v 0.26032552054514702 -0.008570742210791682 0.044025335513992028
v 0.26032552054514702 -0.008570742210791682 0.37956005591899872
v 0.26032552054514702 0.013798239149542091 0.044025335513992028
v 0.26032552054514702 0.013798239149542091 0.066394316874325815
v 0.26032552054514702 0.013798239149542091 0.088763298234659588
v 0.26032552054514702 0.013798239149542091 0.11113227959499336
v 0.26032552054514702 0.013798239149542091 0.37956005591899872
v 0.26032552054514702 0.036167220509875864 0.066394316874325815
v 0.26032552054514702 0.036167220509875864 0.088763298234659588
v 0.26032552054514702 0.036167220509875864 0.11113227959499336
v 0.26032552054514702 0.036167220509875864 0.13350126095532716
v 0.26032552054514702 0.036167220509875864 0.37956005591899872
v 0.26032552054514702 0.058536201870209692 0.11113227959499336
v 0.26032552054514702 0.058536201870209692 0.13350126095532716
v 0.26032552054514702 0.058536201870209692 0.15587024231566093
v 0.26032552054514702 0.058536201870209692 0.17823922367599471
v 0.26032552054514702 0.058536201870209692 0.24534616775699605
v 0.26032552054514702 0.058536201870209692 0.26771514911732985
v 0.26032552054514702 0.058536201870209692 0.35719107455866494
v 0.26032552054514702 0.058536201870209692 0.37956005591899872
v 0.26032552054514702 0.080905183230543465 0.13350126095532716
v 0.26032552054514702 0.080905183230543465 0.15587024231566093
v 0.26032552054514702 0.080905183230543465 0.17823922367599471
v 0.26032552054514702 0.080905183230543465 0.20060820503632848
v 0.26032552054514702 0.080905183230543465 0.22297718639666225
v 0.26032552054514702 0.080905183230543465 0.24534616775699605
v 0.26032552054514702 0.080905183230543465 0.26771514911732985
v 0.26032552054514702 0.080905183230543465 0.29008413047766363
v 0.26032552054514702 0.080905183230543465 0.3124531118379974
v 0.26032552054514702 0.080905183230543465 0.33482209319833117
v 0.26032552054514702 0.080905183230543465 0.35719107455866494
v 0.26032552054514702 0.080905183230543465 0.37956005591899872
v 0.26032552054514702 0.12564314595121107 0.29008413047766363
v 0.26032552054514702 0.12564314595121107 0.3124531118379974
v 0.26032552054514702 0.12564314595121107 0.33482209319833117
v 0.26032552054514702 0.12564314595121107 0.35719107455866494
v 0.26032552054514702 0.12564314595121107 0.37956005591899872
v 0.26032552054514702 0.14801212731154478 0.24534616775699605
v 0.26032552054514702 0.14801212731154478 0.26771514911732985
v 0.26032552054514702 0.14801212731154478 0.29008413047766363
v 0.26032552054514702 0.14801212731154478 0.3124531118379974
v 0.26032552054514702 0.14801212731154478 0.33482209319833117
v 0.26032552054514702 0.14801212731154478 0.35719107455866494
v 0.26032552054514702 0.14801212731154478 0.37956005591899872
v 0.26032552054514702 0.17038110867187861 0.13350126095532716
v 0.26032552054514702 0.17038110867187861 0.15587024231566093
v 0.26032552054514702 0.17038110867187861 0.17823922367599471
v 0.26032552054514702 0.17038110867187861 0.20060820503632848
v 0.26032552054514702 0.17038110867187861 0.24534616775699605
v 0.26032552054514702 0.17038110867187861 0.37956005591899872
v 0.26032552054514702 0.19275009003221233 0.11113227959499336
v 0.26032552054514702 0.19275009003221233 0.13350126095532716
v 0.26032552054514702 0.19275009003221233 0.15587024231566093
v 0.26032552054514702 0.19275009003221233 0.17823922367599471
v 0.26032552054514702 0.19275009003221233 0.20060820503632848
v 0.26032552054514702 0.19275009003221233 0.22297718639666225
v 0.26032552054514702 0.19275009003221233 0.24534616775699605
v 0.26032552054514702 0.19275009003221233 0.37956005591899872
v 0.26032552054514702 0.21511907139254616 -0.00071262720667553126
v 0.26032552054514702 0.21511907139254616 0.021656354153658249
v 0.26032552054514702 0.21511907139254616 0.044025335513992028
v 0.26032552054514702 0.21511907139254616 0.088763298234659588
v 0.26032552054514702 0.21511907139254616 0.11113227959499336
v 0.26032552054514702 0.21511907139254616 0.37956005591899872
v 0.26032552054514702 0.23748805275287987 -0.00071262720667553126
v 0.26032552054514702 0.23748805275287987 0.021656354153658249
v 0.26032552054514702 0.23748805275287987 0.044025335513992028
v 0.26032552054514702 0.23748805275287987 0.066394316874325815
v 0.26032552054514702 0.23748805275287987 0.088763298234659588
v 0.26032552054514702 0.23748805275287987 0.11113227959499336
v 0.26032552054514702 0.23748805275287987 0.35719107455866494
v 0.26032552054514702 0.23748805275287987 0.37956005591899872
v 0.26032552054514702 0.2598570341132137 -0.00071262720667553126
v 0.26032552054514702 0.2598570341132137 0.021656354153658249
v 0.26032552054514702 0.2598570341132137 0.044025335513992028
v 0.26032552054514702 0.2598570341132137 0.066394316874325815
v 0.26032552054514702 0.2598570341132137 0.088763298234659588
v 0.26032552054514702 0.2598570341132137 0.35719107455866494
v 0.26032552054514702 0.2598570341132137 0.37956005591899872
v 0.26032552054514702 0.28222601547354742 -0.00071262720667553126
v 0.26032552054514702 0.28222601547354742 0.044025335513992028
v 0.26032552054514702 0.28222601547354742 0.066394316874325815
v 0.26032552054514702 0.28222601547354742 0.088763298234659588
v 0.26032552054514702 0.28222601547354742 0.11113227959499336
v 0.26032552054514702 0.28222601547354742 0.37956005591899872
v 0.26032552054514702 0.30459499683388125 -0.00071262720667553126
v 0.26032552054514702 0.30459499683388125 0.066394316874325815
v 0.26032552054514702 0.30459499683388125 0.088763298234659588
v 0.26032552054514702 0.30459499683388125 0.11113227959499336
v 0.26032552054514702 0.30459499683388125 0.35719107455866494
v 0.26032552054514702 0.30459499683388125 0.37956005591899872
v 0.26032552054514702 0.32696397819421508 -0.00071262720667553126
v 0.26032552054514702 0.32696397819421508 0.021656354153658249
v 0.26032552054514702 0.32696397819421508 0.044025335513992028
v 0.26032552054514702 0.32696397819421508 0.066394316874325815
v 0.26032552054514702 0.32696397819421508 0.088763298234659588
v 0.26032552054514702 0.32696397819421508 0.11113227959499336
v 0.26032552054514702 0.32696397819421508 0.35719107455866494
v 0.26032552054514702 0.34933295955454879 0.021656354153658249
v 0.26032552054514702 0.34933295955454879 0.044025335513992028
v 0.26032552054514702 0.34933295955454879 0.066394316874325815
v 0.26032552054514702 0.34933295955454879 0.088763298234659588
v 0.26032552054514702 0.34933295955454879 0.11113227959499336
v 0.26032552054514702 0.34933295955454879 0.35719107455866494
v 0.26032552054514702 0.34933295955454879 0.37956005591899872
v 0.26032552054514702 0.37170194091488262 0.044025335513992028
v 0.26032552054514702 0.37170194091488262 0.066394316874325815
v 0.26032552054514702 0.37170194091488262 0.088763298234659588
v 0.26032552054514702 0.37170194091488262 0.37956005591899872
v 0.26032552054514702 0.39407092227521634 0.066394316874325815
v 0.26032552054514702 0.39407092227521634 0.088763298234659588
v 0.26032552054514702 0.39407092227521634 0.37956005591899872
v 0.26032552054514702 0.41643990363555017 0.088763298234659588
v 0.26032552054514702 0.41643990363555017 0.11113227959499336
v 0.26032552054514702 0.41643990363555017 0.37956005591899872
v 0.26032552054514702 0.43880888499588389 0.11113227959499336
v 0.26032552054514702 0.43880888499588389 0.13350126095532716
v 0.26032552054514702 0.43880888499588389 0.15587024231566093
v 0.26032552054514702 0.43880888499588389 0.37956005591899872
v 0.26032552054514702 0.46117786635621771 0.13350126095532716
v 0.26032552054514702 0.46117786635621771 0.15587024231566093
v 0.26032552054514702 0.46117786635621771 0.17823922367599471
v 0.26032552054514702 0.46117786635621771 0.35719107455866494
v 0.26032552054514702 0.46117786635621771 0.37956005591899872
v 0.26032552054514702 0.48354684771655143 0.15587024231566093
v 0.26032552054514702 0.48354684771655143 0.17823922367599471
v 0.26032552054514702 0.48354684771655143 0.20060820503632848
v 0.26032552054514702 0.48354684771655143 0.24534616775699605
v 0.26032552054514702 0.48354684771655143 0.26771514911732985
v 0.26032552054514702 0.48354684771655143 0.29008413047766363
v 0.26032552054514702 0.48354684771655143 0.3124531118379974
v 0.26032552054514702 0.48354684771655143 0.33482209319833117
v 0.26032552054514702 0.48354684771655143 0.35719107455866494
v 0.26032552054514702 0.48354684771655143 0.37956005591899872
v 0.26032552054514702 0.50591582907688526 0.20060820503632848
v 0.26032552054514702 0.50591582907688526 0.22297718639666225
v 0.26032552054514702 0.50591582907688526 0.24534616775699605
v 0.26032552054514702 0.50591582907688526 0.26771514911732985
v 0.26032552054514702 0.50591582907688526 0.29008413047766363
v 0.26032552054514702 0.50591582907688526 0.3124531118379974
v 0.26032552054514702 0.50591582907688526 0.33482209319833117
v 0.26032552054514702 0.50591582907688526 0.35719107455866494
v 0.28269450190548073 -0.32173648125546461 0.044025335513992028
v 0.28269450190548073 -0.32173648125546461 0.066394316874325815
v 0.28269450190548073 -0.32173648125546461 0.088763298234659588
v 0.28269450190548073 -0.32173648125546461 0.11113227959499336
v 0.28269450190548073 -0.32173648125546461 0.13350126095532716
v 0.28269450190548073 -0.32173648125546461 0.15587024231566093
v 0.28269450190548073 -0.29936749989513078 0.044025335513992028
v 0.28269450190548073 -0.29936749989513078 0.066394316874325815
v 0.28269450190548073 -0.29936749989513078 0.088763298234659588
v 0.28269450190548073 -0.29936749989513078 0.11113227959499336
v 0.28269450190548073 -0.29936749989513078 0.13350126095532716
v 0.28269450190548073 -0.29936749989513078 0.15587024231566093
v 0.28269450190548073 -0.27699851853479701 0.044025335513992028
v 0.28269450190548073 -0.27699851853479701 0.066394316874325815
v 0.28269450190548073 -0.27699851853479701 0.088763298234659588
v 0.28269450190548073 -0.27699851853479701 0.11113227959499336
v 0.28269450190548073 -0.27699851853479701 0.13350126095532716
v 0.28269450190548073 -0.27699851853479701 0.15587024231566093
v 0.28269450190548073 -0.27699851853479701 0.17823922367599471
v 0.28269450190548073 -0.27699851853479701 0.20060820503632848
v 0.28269450190548073 -0.27699851853479701 0.22297718639666225
v 0.28269450190548073 -0.27699851853479701 0.24534616775699605
v 0.28269450190548073 -0.27699851853479701 0.26771514911732985
v 0.28269450190548073 -0.27699851853479701 0.29008413047766363
v 0.28269450190548073 -0.25462953717446324 0.044025335513992028
v 0.28269450190548073 -0.25462953717446324 0.066394316874325815
v 0.28269450190548073 -0.25462953717446324 0.088763298234659588
v 0.28269450190548073 -0.25462953717446324 0.11113227959499336
v 0.28269450190548073 -0.25462953717446324 0.13350126095532716
v 0.28269450190548073 -0.25462953717446324 0.15587024231566093
v 0.28269450190548073 -0.25462953717446324 0.17823922367599471
v 0.28269450190548073 -0.25462953717446324 0.20060820503632848
v 0.28269450190548073 -0.25462953717446324 0.22297718639666225
v 0.28269450190548073 -0.25462953717446324 0.24534616775699605
v 0.28269450190548073 -0.25462953717446324 0.26771514911732985
v 0.28269450190548073 -0.25462953717446324 0.29008413047766363
v 0.28269450190548073 -0.25462953717446324 0.3124531118379974
v 0.28269450190548073 -0.23226055581412947 0.044025335513992028
v 0.28269450190548073 -0.23226055581412947 0.066394316874325815
v 0.28269450190548073 -0.23226055581412947 0.088763298234659588
v 0.28269450190548073 -0.23226055581412947 0.11113227959499336
v 0.28269450190548073 -0.23226055581412947 0.13350126095532716
v 0.28269450190548073 -0.23226055581412947 0.15587024231566093
v 0.28269450190548073 -0.23226055581412947 0.17823922367599471
v 0.28269450190548073 -0.23226055581412947 0.26771514911732985
v 0.28269450190548073 -0.23226055581412947 0.29008413047766363
v 0.28269450190548073 -0.23226055581412947 0.3124531118379974
v 0.28269450190548073 -0.23226055581412947 0.35719107455866494
v 0.28269450190548073 -0.23226055581412947 0.37956005591899872
v 0.28269450190548073 -0.23226055581412947 0.40192903727933249
v 0.28269450190548073 -0.20989157445379569 0.088763298234659588
v 0.28269450190548073 -0.20989157445379569 0.11113227959499336
v 0.28269450190548073 -0.20989157445379569 0.13350126095532716
v 0.28269450190548073 -0.20989157445379569 0.15587024231566093
v 0.28269450190548073 -0.20989157445379569 0.29008413047766363
v 0.28269450190548073 -0.20989157445379569 0.3124531118379974
v 0.28269450190548073 -0.20989157445379569 0.33482209319833117
v 0.28269450190548073 -0.20989157445379569 0.35719107455866494
v 0.28269450190548073 -0.20989157445379569 0.37956005591899872
v 0.28269450190548073 -0.20989157445379569 0.40192903727933249
v 0.28269450190548073 -0.20989157445379569 0.42429801863966626
v 0.28269450190548073 -0.18752259309346192 0.066394316874325815
v 0.28269450190548073 -0.18752259309346192 0.088763298234659588
v 0.28269450190548073 -0.18752259309346192 0.11113227959499336
v 0.28269450190548073 -0.18752259309346192 0.13350126095532716
v 0.28269450190548073 -0.18752259309346192 0.3124531118379974
v 0.28269450190548073 -0.18752259309346192 0.33482209319833117
v 0.28269450190548073 -0.18752259309346192 0.42429801863966626
v 0.28269450190548073 -0.18752259309346192 0.44666700000000004
v 0.28269450190548073 -0.16515361173312812 0.044025335513992028
v 0.28269450190548073 -0.16515361173312812 0.066394316874325815
v 0.28269450190548073 -0.16515361173312812 0.088763298234659588
v 0.28269450190548073 -0.16515361173312812 0.11113227959499336
v 0.28269450190548073 -0.16515361173312812 0.13350126095532716
v 0.28269450190548073 -0.16515361173312812 0.42429801863966626
v 0.28269450190548073 -0.16515361173312812 0.44666700000000004
v 0.28269450190548073 -0.14278463037279432 0.044025335513992028
v 0.28269450190548073 -0.14278463037279432 0.066394316874325815
v 0.28269450190548073 -0.14278463037279432 0.088763298234659588
v 0.28269450190548073 -0.14278463037279432 0.11113227959499336
v 0.28269450190548073 -0.14278463037279432 0.13350126095532716
v 0.28269450190548073 -0.14278463037279432 0.42429801863966626
v 0.28269450190548073 -0.14278463037279432 0.44666700000000004
v 0.28269450190548073 -0.12041564901246055 0.044025335513992028
v 0.28269450190548073 -0.12041564901246055 0.3124531118379974
v 0.28269450190548073 -0.12041564901246055 0.33482209319833117
v 0.28269450190548073 -0.12041564901246055 0.35719107455866494
v 0.28269450190548073 -0.12041564901246055 0.42429801863966626
v 0.28269450190548073 -0.12041564901246055 0.44666700000000004
v 0.28269450190548073 -0.098046667652126773 0.044025335513992028
v 0.28269450190548073 -0.098046667652126773 0.3124531118379974
v 0.28269450190548073 -0.098046667652126773 0.33482209319833117
v 0.28269450190548073 -0.098046667652126773 0.35719107455866494
v 0.28269450190548073 -0.098046667652126773 0.37956005591899872
v 0.28269450190548073 -0.098046667652126773 0.42429801863966626
v 0.28269450190548073 -0.075677686291793 0.021656354153658249
v 0.28269450190548073 -0.075677686291793 0.044025335513992028
v 0.28269450190548073 -0.075677686291793 0.3124531118379974
v 0.28269450190548073 -0.075677686291793 0.33482209319833117
v 0.28269450190548073 -0.075677686291793 0.35719107455866494
v 0.28269450190548073 -0.075677686291793 0.37956005591899872
v 0.28269450190548073 -0.075677686291793 0.40192903727933249
v 0.28269450190548073 -0.075677686291793 0.42429801863966626
v 0.28269450190548073 -0.053308704931459228 0.021656354153658249
v 0.28269450190548073 -0.053308704931459228 0.3124531118379974
v 0.28269450190548073 -0.053308704931459228 0.33482209319833117
v 0.28269450190548073 -0.053308704931459228 0.35719107455866494
v 0.28269450190548073 -0.053308704931459228 0.37956005591899872
v 0.28269450190548073 -0.030939723571125455 0.021656354153658249
v 0.28269450190548073 -0.030939723571125455 0.35719107455866494
v 0.28269450190548073 -0.030939723571125455 0.37956005591899872
v 0.28269450190548073 -0.008570742210791682 0.021656354153658249
v 0.28269450190548073 -0.008570742210791682 0.044025335513992028
v 0.28269450190548073 -0.008570742210791682 0.066394316874325815
v 0.28269450190548073 -0.008570742210791682 0.088763298234659588
v 0.28269450190548073 -0.008570742210791682 0.11113227959499336
v 0.28269450190548073 -0.008570742210791682 0.37956005591899872
v 0.28269450190548073 0.013798239149542091 0.044025335513992028
v 0.28269450190548073 0.013798239149542091 0.066394316874325815
v 0.28269450190548073 0.013798239149542091 0.088763298234659588
v 0.28269450190548073 0.013798239149542091 0.11113227959499336
v 0.28269450190548073 0.013798239149542091 0.13350126095532716
v 0.28269450190548073 0.013798239149542091 0.37956005591899872
v 0.28269450190548073 0.036167220509875864 0.11113227959499336
v 0.28269450190548073 0.036167220509875864 0.13350126095532716
v 0.28269450190548073 0.036167220509875864 0.15587024231566093
v 0.28269450190548073 0.036167220509875864 0.17823922367599471
v 0.28269450190548073 0.036167220509875864 0.24534616775699605
v 0.28269450190548073 0.036167220509875864 0.26771514911732985
v 0.28269450190548073 0.036167220509875864 0.29008413047766363
v 0.28269450190548073 0.036167220509875864 0.37956005591899872
v 0.28269450190548073 0.058536201870209692 0.13350126095532716
v 0.28269450190548073 0.058536201870209692 0.15587024231566093
v 0.28269450190548073 0.058536201870209692 0.17823922367599471
v 0.28269450190548073 0.058536201870209692 0.20060820503632848
v 0.28269450190548073 0.058536201870209692 0.22297718639666225
v 0.28269450190548073 0.058536201870209692 0.24534616775699605
v 0.28269450190548073 0.058536201870209692 0.26771514911732985
v 0.28269450190548073 0.058536201870209692 0.29008413047766363
v 0.28269450190548073 0.058536201870209692 0.35719107455866494
v 0.28269450190548073 0.058536201870209692 0.37956005591899872
v 0.28269450190548073 0.080905183230543465 0.17823922367599471
v 0.28269450190548073 0.080905183230543465 0.20060820503632848
v 0.28269450190548073 0.080905183230543465 0.22297718639666225
v 0.28269450190548073 0.080905183230543465 0.24534616775699605
v 0.28269450190548073 0.080905183230543465 0.26771514911732985
v 0.28269450190548073 0.080905183230543465 0.29008413047766363
v 0.28269450190548073 0.080905183230543465 0.3124531118379974
v 0.28269450190548073 0.080905183230543465 0.33482209319833117
v 0.28269450190548073 0.080905183230543465 0.35719107455866494
v 0.28269450190548073 0.080905183230543465 0.37956005591899872
v 0.28269450190548073 0.12564314595121107 0.29008413047766363
v 0.28269450190548073 0.12564314595121107 0.3124531118379974
v 0.28269450190548073 0.12564314595121107 0.33482209319833117
v 0.28269450190548073 0.12564314595121107 0.35719107455866494
v 0.28269450190548073 0.12564314595121107 0.37956005591899872
v 0.28269450190548073 0.14801212731154478 0.24534616775699605
v 0.28269450190548073 0.14801212731154478 0.26771514911732985
v 0.28269450190548073 0.14801212731154478 0.29008413047766363
v 0.28269450190548073 0.14801212731154478 0.3124531118379974
v 0.28269450190548073 0.14801212731154478 0.33482209319833117
v 0.28269450190548073 0.14801212731154478 0.35719107455866494
v 0.28269450190548073 0.14801212731154478 0.37956005591899872
v 0.28269450190548073 0.17038110867187861 0.24534616775699605
v 0.28269450190548073 0.17038110867187861 0.26771514911732985
v 0.28269450190548073 0.17038110867187861 0.29008413047766363
v 0.28269450190548073 0.17038110867187861 0.3124531118379974
v 0.28269450190548073 0.17038110867187861 0.33482209319833117
v 0.28269450190548073 0.17038110867187861 0.35719107455866494
v 0.28269450190548073 0.17038110867187861 0.37956005591899872
v 0.28269450190548073 0.19275009003221233 0.11113227959499336
v 0.28269450190548073 0.19275009003221233 0.13350126095532716
v 0.28269450190548073 0.19275009003221233 0.15587024231566093
v 0.28269450190548073 0.19275009003221233 0.17823922367599471
v 0.28269450190548073 0.19275009003221233 0.20060820503632848
v 0.28269450190548073 0.19275009003221233 0.22297718639666225
v 0.28269450190548073 0.19275009003221233 0.24534616775699605
v 0.28269450190548073 0.19275009003221233 0.26771514911732985
v 0.28269450190548073 0.19275009003221233 0.29008413047766363
v 0.28269450190548073 0.19275009003221233 0.3124531118379974
v 0.28269450190548073 0.19275009003221233 0.33482209319833117
v 0.28269450190548073 0.19275009003221233 0.35719107455866494
v 0.28269450190548073 0.19275009003221233 0.37956005591899872
v 0.28269450190548073 0.21511907139254616 0.11113227959499336
v 0.28269450190548073 0.21511907139254616 0.13350126095532716
v 0.28269450190548073 0.21511907139254616 0.15587024231566093
v 0.28269450190548073 0.21511907139254616 0.17823922367599471
v 0.28269450190548073 0.21511907139254616 0.20060820503632848
v 0.28269450190548073 0.21511907139254616 0.22297718639666225
v 0.28269450190548073 0.21511907139254616 0.24534616775699605
v 0.28269450190548073 0.21511907139254616 0.26771514911732985
v 0.28269450190548073 0.21511907139254616 0.29008413047766363
v 0.28269450190548073 0.21511907139254616 0.3124531118379974
v 0.28269450190548073 0.21511907139254616 0.33482209319833117
v 0.28269450190548073 0.21511907139254616 0.35719107455866494
v 0.28269450190548073 0.21511907139254616 0.37956005591899872
v 0.28269450190548073 0.23748805275287987 0.088763298234659588
v 0.28269450190548073 0.23748805275287987 0.11113227959499336
v 0.28269450190548073 0.23748805275287987 0.13350126095532716
v 0.28269450190548073 0.23748805275287987 0.26771514911732985
v 0.28269450190548073 0.23748805275287987 0.29008413047766363
v 0.28269450190548073 0.23748805275287987 0.3124531118379974
v 0.28269450190548073 0.23748805275287987 0.35719107455866494
v 0.28269450190548073 0.23748805275287987 0.37956005591899872
v 0.28269450190548073 0.2598570341132137 -0.00071262720667553126
v 0.28269450190548073 0.2598570341132137 0.021656354153658249
v 0.28269450190548073 0.2598570341132137 0.044025335513992028
v 0.28269450190548073 0.2598570341132137 0.088763298234659588
v 0.28269450190548073 0.2598570341132137 0.11113227959499336
v 0.28269450190548073 0.2598570341132137 0.35719107455866494
v 0.28269450190548073 0.2598570341132137 0.37956005591899872
v 0.28269450190548073 0.28222601547354742 -0.00071262720667553126
v 0.28269450190548073 0.28222601547354742 0.021656354153658249
v 0.28269450190548073 0.28222601547354742 0.044025335513992028
v 0.28269450190548073 0.28222601547354742 0.066394316874325815
v 0.28269450190548073 0.28222601547354742 0.088763298234659588
v 0.28269450190548073 0.28222601547354742 0.11113227959499336
v 0.28269450190548073 0.28222601547354742 0.37956005591899872
v 0.28269450190548073 0.28222601547354742 0.40192903727933249
v 0.28269450190548073 0.30459499683388125 -0.00071262720667553126
v 0.28269450190548073 0.30459499683388125 0.021656354153658249
v 0.28269450190548073 0.30459499683388125 0.044025335513992028
v 0.28269450190548073 0.30459499683388125 0.066394316874325815
v 0.28269450190548073 0.30459499683388125 0.11113227959499336
v 0.28269450190548073 0.30459499683388125 0.13350126095532716
v 0.28269450190548073 0.30459499683388125 0.33482209319833117
v 0.28269450190548073 0.30459499683388125 0.35719107455866494
v 0.28269450190548073 0.30459499683388125 0.37956005591899872
v 0.28269450190548073 0.30459499683388125 0.40192903727933249
v 0.28269450190548073 0.32696397819421508 -0.00071262720667553126
v 0.28269450190548073 0.32696397819421508 0.021656354153658249
v 0.28269450190548073 0.32696397819421508 0.044025335513992028
v 0.28269450190548073 0.32696397819421508 0.066394316874325815
v 0.28269450190548073 0.32696397819421508 0.11113227959499336
v 0.28269450190548073 0.32696397819421508 0.13350126095532716
v 0.28269450190548073 0.32696397819421508 0.33482209319833117
v 0.28269450190548073 0.32696397819421508 0.35719107455866494
v 0.28269450190548073 0.34933295955454879 0.088763298234659588
v 0.28269450190548073 0.34933295955454879 0.11113227959499336
v 0.28269450190548073 0.34933295955454879 0.13350126095532716
v 0.28269450190548073 0.34933295955454879 0.15587024231566093
v 0.28269450190548073 0.34933295955454879 0.35719107455866494
v 0.28269450190548073 0.34933295955454879 0.37956005591899872
v 0.28269450190548073 0.37170194091488262 0.088763298234659588
v 0.28269450190548073 0.37170194091488262 0.11113227959499336
v 0.28269450190548073 0.37170194091488262 0.13350126095532716
v 0.28269450190548073 0.37170194091488262 0.15587024231566093
v 0.28269450190548073 0.37170194091488262 0.35719107455866494
v 0.28269450190548073 0.37170194091488262 0.37956005591899872
v 0.28269450190548073 0.39407092227521634 0.088763298234659588
v 0.28269450190548073 0.39407092227521634 0.11113227959499336
v 0.28269450190548073 0.39407092227521634 0.35719107455866494
v 0.28269450190548073 0.39407092227521634 0.37956005591899872
v 0.28269450190548073 0.41643990363555017 0.088763298234659588
v 0.28269450190548073 0.41643990363555017 0.11113227959499336
v 0.28269450190548073 0.41643990363555017 0.35719107455866494
v 0.28269450190548073 0.41643990363555017 0.37956005591899872
v 0.28269450190548073 0.43880888499588389 0.11113227959499336
v 0.28269450190548073 0.43880888499588389 0.13350126095532716
v 0.28269450190548073 0.43880888499588389 0.35719107455866494
v 0.28269450190548073 0.43880888499588389 0.37956005591899872
v 0.28269450190548073 0.46117786635621771 0.13350126095532716
v 0.28269450190548073 0.46117786635621771 0.15587024231566093
v 0.28269450190548073 0.46117786635621771 0.26771514911732985
v 0.28269450190548073 0.46117786635621771 0.29008413047766363
v 0.28269450190548073 0.46117786635621771 0.3124531118379974
v 0.28269450190548073 0.46117786635621771 0.33482209319833117
v 0.28269450190548073 0.46117786635621771 0.35719107455866494
v 0.28269450190548073 0.46117786635621771 0.37956005591899872
v 0.28269450190548073 0.48354684771655143 0.15587024231566093
v 0.28269450190548073 0.48354684771655143 0.17823922367599471
v 0.28269450190548073 0.48354684771655143 0.20060820503632848
v 0.28269450190548073 0.48354684771655143 0.22297718639666225
v 0.28269450190548073 0.48354684771655143 0.24534616775699605
v 0.28269450190548073 0.48354684771655143 0.26771514911732985
v 0.28269450190548073 0.48354684771655143 0.29008413047766363
v 0.28269450190548073 0.48354684771655143 0.3124531118379974
v 0.28269450190548073 0.48354684771655143 0.33482209319833117
v 0.28269450190548073 0.48354684771655143 0.35719107455866494
v 0.28269450190548073 0.50591582907688526 0.20060820503632848
v 0.28269450190548073 0.50591582907688526 0.22297718639666225
v 0.28269450190548073 0.50591582907688526 0.24534616775699605
v 0.30506348326581456 -0.25462953717446324 0.17823922367599471
v 0.30506348326581456 -0.25462953717446324 0.20060820503632848
v 0.30506348326581456 -0.25462953717446324 0.22297718639666225
v 0.30506348326581456 -0.25462953717446324 0.24534616775699605
v 0.30506348326581456 -0.25462953717446324 0.26771514911732985
v 0.30506348326581456 -0.23226055581412947 0.15587024231566093
v 0.30506348326581456 -0.23226055581412947 0.17823922367599471
v 0.30506348326581456 -0.23226055581412947 0.20060820503632848
v 0.30506348326581456 -0.23226055581412947 0.22297718639666225
v 0.30506348326581456 -0.23226055581412947 0.24534616775699605
v 0.30506348326581456 -0.23226055581412947 0.26771514911732985
v 0.30506348326581456 -0.23226055581412947 0.29008413047766363
v 0.30506348326581456 -0.20989157445379569 0.13350126095532716
v 0.30506348326581456 -0.20989157445379569 0.15587024231566093
v 0.30506348326581456 -0.20989157445379569 0.17823922367599471
v 0.30506348326581456 -0.20989157445379569 0.20060820503632848
v 0.30506348326581456 -0.20989157445379569 0.22297718639666225
v 0.30506348326581456 -0.20989157445379569 0.24534616775699605
v 0.30506348326581456 -0.20989157445379569 0.26771514911732985
v 0.30506348326581456 -0.20989157445379569 0.29008413047766363
v 0.30506348326581456 -0.20989157445379569 0.3124531118379974
v 0.30506348326581456 -0.20989157445379569 0.33482209319833117
v 0.30506348326581456 -0.20989157445379569 0.35719107455866494
v 0.30506348326581456 -0.20989157445379569 0.37956005591899872
v 0.30506348326581456 -0.20989157445379569 0.40192903727933249
v 0.30506348326581456 -0.20989157445379569 0.42429801863966626
v 0.30506348326581456 -0.18752259309346192 0.13350126095532716
v 0.30506348326581456 -0.18752259309346192 0.15587024231566093
v 0.30506348326581456 -0.18752259309346192 0.17823922367599471
v 0.30506348326581456 -0.18752259309346192 0.20060820503632848
v 0.30506348326581456 -0.18752259309346192 0.22297718639666225
v 0.30506348326581456 -0.18752259309346192 0.24534616775699605
v 0.30506348326581456 -0.18752259309346192 0.26771514911732985
v 0.30506348326581456 -0.18752259309346192 0.29008413047766363
v 0.30506348326581456 -0.18752259309346192 0.3124531118379974
v 0.30506348326581456 -0.18752259309346192 0.33482209319833117
v 0.30506348326581456 -0.18752259309346192 0.35719107455866494
v 0.30506348326581456 -0.18752259309346192 0.37956005591899872
v 0.30506348326581456 -0.18752259309346192 0.40192903727933249
v 0.30506348326581456 -0.18752259309346192 0.42429801863966626
v 0.30506348326581456 -0.16515361173312812 0.13350126095532716
v 0.30506348326581456 -0.16515361173312812 0.15587024231566093
v 0.30506348326581456 -0.16515361173312812 0.17823922367599471
v 0.30506348326581456 -0.16515361173312812 0.20060820503632848
v 0.30506348326581456 -0.16515361173312812 0.22297718639666225
v 0.30506348326581456 -0.16515361173312812 0.24534616775699605
v 0.30506348326581456 -0.16515361173312812 0.26771514911732985
v 0.30506348326581456 -0.16515361173312812 0.29008413047766363
v 0.30506348326581456 -0.16515361173312812 0.3124531118379974
v 0.30506348326581456 -0.16515361173312812 0.33482209319833117
v 0.30506348326581456 -0.16515361173312812 0.35719107455866494
v 0.30506348326581456 -0.16515361173312812 0.37956005591899872
v 0.30506348326581456 -0.16515361173312812 0.40192903727933249
v 0.30506348326581456 -0.16515361173312812 0.42429801863966626
v 0.30506348326581456 -0.14278463037279432 0.044025335513992028
v 0.30506348326581456 -0.14278463037279432 0.066394316874325815
v 0.30506348326581456 -0.14278463037279432 0.088763298234659588
v 0.30506348326581456 -0.14278463037279432 0.11113227959499336
v 0.30506348326581456 -0.14278463037279432 0.13350126095532716
v 0.30506348326581456 -0.14278463037279432 0.15587024231566093
v 0.30506348326581456 -0.14278463037279432 0.17823922367599471
v 0.30506348326581456 -0.14278463037279432 0.20060820503632848
v 0.30506348326581456 -0.14278463037279432 0.22297718639666225
v 0.30506348326581456 -0.14278463037279432 0.24534616775699605
v 0.30506348326581456 -0.14278463037279432 0.26771514911732985
v 0.30506348326581456 -0.14278463037279432 0.29008413047766363
v 0.30506348326581456 -0.14278463037279432 0.3124531118379974
v 0.30506348326581456 -0.14278463037279432 0.33482209319833117
v 0.30506348326581456 -0.14278463037279432 0.35719107455866494
v 0.30506348326581456 -0.14278463037279432 0.37956005591899872
v 0.30506348326581456 -0.14278463037279432 0.40192903727933249
v 0.30506348326581456 -0.14278463037279432 0.42429801863966626
v 0.30506348326581456 -0.12041564901246055 0.044025335513992028
v 0.30506348326581456 -0.12041564901246055 0.066394316874325815
v 0.30506348326581456 -0.12041564901246055 0.088763298234659588
v 0.30506348326581456 -0.12041564901246055 0.11113227959499336
v 0.30506348326581456 -0.12041564901246055 0.13350126095532716
v 0.30506348326581456 -0.12041564901246055 0.15587024231566093
v 0.30506348326581456 -0.12041564901246055 0.17823922367599471
v 0.30506348326581456 -0.12041564901246055 0.20060820503632848
v 0.30506348326581456 -0.12041564901246055 0.22297718639666225
v 0.30506348326581456 -0.12041564901246055 0.24534616775699605
v 0.30506348326581456 -0.12041564901246055 0.26771514911732985
v 0.30506348326581456 -0.12041564901246055 0.29008413047766363
v 0.30506348326581456 -0.12041564901246055 0.3124531118379974
v 0.30506348326581456 -0.12041564901246055 0.33482209319833117
v 0.30506348326581456 -0.12041564901246055 0.35719107455866494
v 0.30506348326581456 -0.12041564901246055 0.37956005591899872
v 0.30506348326581456 -0.12041564901246055 0.40192903727933249
v 0.30506348326581456 -0.12041564901246055 0.42429801863966626
v 0.30506348326581456 -0.098046667652126773 0.044025335513992028
v 0.30506348326581456 -0.098046667652126773 0.066394316874325815
v 0.30506348326581456 -0.098046667652126773 0.088763298234659588
v 0.30506348326581456 -0.098046667652126773 0.11113227959499336
v 0.30506348326581456 -0.098046667652126773 0.13350126095532716
v 0.30506348326581456 -0.098046667652126773 0.15587024231566093
v 0.30506348326581456 -0.098046667652126773 0.17823922367599471
v 0.30506348326581456 -0.098046667652126773 0.20060820503632848
v 0.30506348326581456 -0.098046667652126773 0.22297718639666225
v 0.30506348326581456 -0.098046667652126773 0.24534616775699605
v 0.30506348326581456 -0.098046667652126773 0.26771514911732985
v 0.30506348326581456 -0.098046667652126773 0.29008413047766363
v 0.30506348326581456 -0.098046667652126773 0.3124531118379974
v 0.30506348326581456 -0.098046667652126773 0.35719107455866494
v 0.30506348326581456 -0.098046667652126773 0.37956005591899872
v 0.30506348326581456 -0.098046667652126773 0.40192903727933249
v 0.30506348326581456 -0.098046667652126773 0.42429801863966626
v 0.30506348326581456 -0.075677686291793 0.021656354153658249
v 0.30506348326581456 -0.075677686291793 0.044025335513992028
v 0.30506348326581456 -0.075677686291793 0.066394316874325815
v 0.30506348326581456 -0.075677686291793 0.088763298234659588
v 0.30506348326581456 -0.075677686291793 0.11113227959499336
v 0.30506348326581456 -0.075677686291793 0.13350126095532716
v 0.30506348326581456 -0.075677686291793 0.15587024231566093
v 0.30506348326581456 -0.075677686291793 0.17823922367599471
v 0.30506348326581456 -0.075677686291793 0.20060820503632848
v 0.30506348326581456 -0.075677686291793 0.22297718639666225
v 0.30506348326581456 -0.075677686291793 0.24534616775699605
v 0.30506348326581456 -0.075677686291793 0.26771514911732985
v 0.30506348326581456 -0.075677686291793 0.29008413047766363
v 0.30506348326581456 -0.075677686291793 0.3124531118379974
v 0.30506348326581456 -0.075677686291793 0.37956005591899872
v 0.30506348326581456 -0.075677686291793 0.40192903727933249
v 0.30506348326581456 -0.075677686291793 0.42429801863966626
v 0.30506348326581456 -0.053308704931459228 0.021656354153658249
v 0.30506348326581456 -0.053308704931459228 0.044025335513992028
v 0.30506348326581456 -0.053308704931459228 0.066394316874325815
v 0.30506348326581456 -0.053308704931459228 0.088763298234659588
v 0.30506348326581456 -0.053308704931459228 0.11113227959499336
v 0.30506348326581456 -0.053308704931459228 0.13350126095532716
v 0.30506348326581456 -0.053308704931459228 0.15587024231566093
v 0.30506348326581456 -0.053308704931459228 0.17823922367599471
v 0.30506348326581456 -0.053308704931459228 0.20060820503632848
v 0.30506348326581456 -0.053308704931459228 0.22297718639666225
v 0.30506348326581456 -0.053308704931459228 0.24534616775699605
v 0.30506348326581456 -0.053308704931459228 0.26771514911732985
v 0.30506348326581456 -0.053308704931459228 0.29008413047766363
v 0.30506348326581456 -0.053308704931459228 0.3124531118379974
v 0.30506348326581456 -0.053308704931459228 0.33482209319833117
v 0.30506348326581456 -0.053308704931459228 0.35719107455866494
v 0.30506348326581456 -0.030939723571125455 0.021656354153658249
v 0.30506348326581456 -0.030939723571125455 0.044025335513992028
v 0.30506348326581456 -0.030939723571125455 0.066394316874325815
v 0.30506348326581456 -0.030939723571125455 0.088763298234659588
v 0.30506348326581456 -0.030939723571125455 0.11113227959499336
v 0.30506348326581456 -0.030939723571125455 0.13350126095532716
v 0.30506348326581456 -0.030939723571125455 0.15587024231566093
v 0.30506348326581456 -0.030939723571125455 0.17823922367599471
v 0.30506348326581456 -0.030939723571125455 0.20060820503632848
v 0.30506348326581456 -0.030939723571125455 0.22297718639666225
v 0.30506348326581456 -0.030939723571125455 0.24534616775699605
v 0.30506348326581456 -0.030939723571125455 0.26771514911732985
v 0.30506348326581456 -0.030939723571125455 0.29008413047766363
v 0.30506348326581456 -0.030939723571125455 0.3124531118379974
v 0.30506348326581456 -0.030939723571125455 0.33482209319833117
v 0.30506348326581456 -0.030939723571125455 0.35719107455866494
v 0.30506348326581456 -0.030939723571125455 0.37956005591899872
v 0.30506348326581456 -0.008570742210791682 0.021656354153658249
v 0.30506348326581456 -0.008570742210791682 0.044025335513992028
v 0.30506348326581456 -0.008570742210791682 0.066394316874325815
v 0.30506348326581456 -0.008570742210791682 0.088763298234659588
v 0.30506348326581456 -0.008570742210791682 0.11113227959499336
v 0.30506348326581456 -0.008570742210791682 0.13350126095532716
v 0.30506348326581456 -0.008570742210791682 0.15587024231566093
v 0.30506348326581456 -0.008570742210791682 0.17823922367599471
v 0.30506348326581456 -0.008570742210791682 0.20060820503632848
v 0.30506348326581456 -0.008570742210791682 0.22297718639666225
v 0.30506348326581456 -0.008570742210791682 0.24534616775699605
v 0.30506348326581456 -0.008570742210791682 0.26771514911732985
v 0.30506348326581456 -0.008570742210791682 0.29008413047766363
v 0.30506348326581456 -0.008570742210791682 0.3124531118379974
v 0.30506348326581456 -0.008570742210791682 0.33482209319833117
v 0.30506348326581456 -0.008570742210791682 0.35719107455866494
v 0.30506348326581456 -0.008570742210791682 0.37956005591899872
v 0.30506348326581456 0.013798239149542091 0.066394316874325815
v 0.30506348326581456 0.013798239149542091 0.088763298234659588
v 0.30506348326581456 0.013798239149542091 0.11113227959499336
v 0.30506348326581456 0.013798239149542091 0.13350126095532716
v 0.30506348326581456 0.013798239149542091 0.15587024231566093
v 0.30506348326581456 0.013798239149542091 0.17823922367599471
v 0.30506348326581456 0.013798239149542091 0.20060820503632848
v 0.30506348326581456 0.013798239149542091 0.22297718639666225
v 0.30506348326581456 0.013798239149542091 0.24534616775699605
v 0.30506348326581456 0.013798239149542091 0.26771514911732985
v 0.30506348326581456 0.013798239149542091 0.29008413047766363
v 0.30506348326581456 0.013798239149542091 0.3124531118379974
v 0.30506348326581456 0.013798239149542091 0.33482209319833117
v 0.30506348326581456 0.013798239149542091 0.35719107455866494
v 0.30506348326581456 0.013798239149542091 0.37956005591899872
v 0.30506348326581456 0.036167220509875864 0.13350126095532716
v 0.30506348326581456 0.036167220509875864 0.15587024231566093
v 0.30506348326581456 0.036167220509875864 0.17823922367599471
v 0.30506348326581456 0.036167220509875864 0.20060820503632848
v 0.30506348326581456 0.036167220509875864 0.22297718639666225
v 0.30506348326581456 0.036167220509875864 0.24534616775699605
v 0.30506348326581456 0.036167220509875864 0.26771514911732985
v 0.30506348326581456 0.036167220509875864 0.29008413047766363
v 0.30506348326581456 0.036167220509875864 0.3124531118379974
v 0.30506348326581456 0.036167220509875864 0.33482209319833117
v 0.30506348326581456 0.036167220509875864 0.35719107455866494
v 0.30506348326581456 0.036167220509875864 0.37956005591899872
v 0.30506348326581456 0.058536201870209692 0.17823922367599471
v 0.30506348326581456 0.058536201870209692 0.20060820503632848
v 0.30506348326581456 0.058536201870209692 0.22297718639666225
v 0.30506348326581456 0.058536201870209692 0.24534616775699605
v 0.30506348326581456 0.058536201870209692 0.29008413047766363
v 0.30506348326581456 0.058536201870209692 0.3124531118379974
v 0.30506348326581456 0.058536201870209692 0.33482209319833117
v 0.30506348326581456 0.058536201870209692 0.35719107455866494
v 0.30506348326581456 0.058536201870209692 0.37956005591899872
v 0.30506348326581456 0.080905183230543465 0.29008413047766363
v 0.30506348326581456 0.080905183230543465 0.3124531118379974
v 0.30506348326581456 0.080905183230543465 0.33482209319833117
v 0.30506348326581456 0.080905183230543465 0.35719107455866494
v 0.30506348326581456 0.12564314595121107 0.35719107455866494
v 0.30506348326581456 0.12564314595121107 0.37956005591899872
v 0.30506348326581456 0.14801212731154478 0.35719107455866494
v 0.30506348326581456 0.14801212731154478 0.37956005591899872
v 0.30506348326581456 0.17038110867187861 0.35719107455866494
v 0.30506348326581456 0.17038110867187861 0.37956005591899872
v 0.30506348326581456 0.21511907139254616 0.13350126095532716
v 0.30506348326581456 0.21511907139254616 0.15587024231566093
v 0.30506348326581456 0.21511907139254616 0.17823922367599471
v 0.30506348326581456 0.21511907139254616 0.20060820503632848
v 0.30506348326581456 0.21511907139254616 0.22297718639666225
v 0.30506348326581456 0.21511907139254616 0.24534616775699605
v 0.30506348326581456 0.21511907139254616 0.26771514911732985
v 0.30506348326581456 0.21511907139254616 0.3124531118379974
v 0.30506348326581456 0.21511907139254616 0.33482209319833117
v 0.30506348326581456 0.21511907139254616 0.35719107455866494
v 0.30506348326581456 0.23748805275287987 0.11113227959499336
v 0.30506348326581456 0.23748805275287987 0.13350126095532716
v 0.30506348326581456 0.23748805275287987 0.15587024231566093
v 0.30506348326581456 0.23748805275287987 0.17823922367599471
v 0.30506348326581456 0.23748805275287987 0.20060820503632848
v 0.30506348326581456 0.23748805275287987 0.22297718639666225
v 0.30506348326581456 0.23748805275287987 0.24534616775699605
v 0.30506348326581456 0.23748805275287987 0.26771514911732985
v 0.30506348326581456 0.23748805275287987 0.29008413047766363
v 0.30506348326581456 0.23748805275287987 0.3124531118379974
v 0.30506348326581456 0.23748805275287987 0.33482209319833117
v 0.30506348326581456 0.23748805275287987 0.35719107455866494
v 0.30506348326581456 0.2598570341132137 -0.00071262720667553126
v 0.30506348326581456 0.2598570341132137 0.021656354153658249
v 0.30506348326581456 0.2598570341132137 0.11113227959499336
v 0.30506348326581456 0.2598570341132137 0.13350126095532716
v 0.30506348326581456 0.2598570341132137 0.15587024231566093
v 0.30506348326581456 0.2598570341132137 0.17823922367599471
v 0.30506348326581456 0.2598570341132137 0.20060820503632848
v 0.30506348326581456 0.2598570341132137 0.22297718639666225
v 0.30506348326581456 0.2598570341132137 0.24534616775699605
v 0.30506348326581456 0.2598570341132137 0.26771514911732985
v 0.30506348326581456 0.2598570341132137 0.29008413047766363
v 0.30506348326581456 0.2598570341132137 0.3124531118379974
v 0.30506348326581456 0.2598570341132137 0.33482209319833117
v 0.30506348326581456 0.2598570341132137 0.35719107455866494
v 0.30506348326581456 0.2598570341132137 0.37956005591899872
v 0.30506348326581456 0.28222601547354742 -0.00071262720667553126
v 0.30506348326581456 0.28222601547354742 0.021656354153658249
v 0.30506348326581456 0.28222601547354742 0.11113227959499336
v 0.30506348326581456 0.28222601547354742 0.13350126095532716
v 0.30506348326581456 0.28222601547354742 0.15587024231566093
v 0.30506348326581456 0.28222601547354742 0.17823922367599471
v 0.30506348326581456 0.28222601547354742 0.20060820503632848
v 0.30506348326581456 0.28222601547354742 0.22297718639666225
v 0.30506348326581456 0.28222601547354742 0.24534616775699605
v 0.30506348326581456 0.28222601547354742 0.26771514911732985
v 0.30506348326581456 0.28222601547354742 0.29008413047766363
v 0.30506348326581456 0.28222601547354742 0.3124531118379974
v 0.30506348326581456 0.28222601547354742 0.33482209319833117
v 0.30506348326581456 0.28222601547354742 0.35719107455866494
v 0.30506348326581456 0.28222601547354742 0.37956005591899872
v 0.30506348326581456 0.28222601547354742 0.40192903727933249
v 0.30506348326581456 0.30459499683388125 -0.00071262720667553126
v 0.30506348326581456 0.30459499683388125 0.021656354153658249
v 0.30506348326581456 0.30459499683388125 0.11113227959499336
v 0.30506348326581456 0.30459499683388125 0.13350126095532716
v 0.30506348326581456 0.30459499683388125 0.15587024231566093
v 0.30506348326581456 0.30459499683388125 0.17823922367599471
v 0.30506348326581456 0.30459499683388125 0.20060820503632848
v 0.30506348326581456 0.30459499683388125 0.22297718639666225
v 0.30506348326581456 0.30459499683388125 0.24534616775699605
v 0.30506348326581456 0.30459499683388125 0.26771514911732985
v 0.30506348326581456 0.30459499683388125 0.29008413047766363
v 0.30506348326581456 0.30459499683388125 0.3124531118379974
v 0.30506348326581456 0.30459499683388125 0.33482209319833117
v 0.30506348326581456 0.30459499683388125 0.35719107455866494
v 0.30506348326581456 0.30459499683388125 0.37956005591899872
v 0.30506348326581456 0.30459499683388125 0.40192903727933249
v 0.30506348326581456 0.32696397819421508 -0.00071262720667553126
v 0.30506348326581456 0.32696397819421508 0.021656354153658249
v 0.30506348326581456 0.32696397819421508 0.13350126095532716
v 0.30506348326581456 0.32696397819421508 0.15587024231566093
v 0.30506348326581456 0.32696397819421508 0.17823922367599471
v 0.30506348326581456 0.32696397819421508 0.20060820503632848
v 0.30506348326581456 0.32696397819421508 0.22297718639666225
v 0.30506348326581456 0.32696397819421508 0.24534616775699605
v 0.30506348326581456 0.32696397819421508 0.26771514911732985
v 0.30506348326581456 0.32696397819421508 0.29008413047766363
v 0.30506348326581456 0.32696397819421508 0.3124531118379974
v 0.30506348326581456 0.32696397819421508 0.33482209319833117
v 0.30506348326581456 0.32696397819421508 0.35719107455866494
v 0.30506348326581456 0.34933295955454879 0.13350126095532716
v 0.30506348326581456 0.34933295955454879 0.15587024231566093
v 0.30506348326581456 0.34933295955454879 0.17823922367599471
v 0.30506348326581456 0.34933295955454879 0.20060820503632848
v 0.30506348326581456 0.34933295955454879 0.22297718639666225
v 0.30506348326581456 0.34933295955454879 0.24534616775699605
v 0.30506348326581456 0.34933295955454879 0.26771514911732985
v 0.30506348326581456 0.34933295955454879 0.29008413047766363
v 0.30506348326581456 0.34933295955454879 0.3124531118379974
v 0.30506348326581456 0.34933295955454879 0.33482209319833117
v 0.30506348326581456 0.34933295955454879 0.35719107455866494
v 0.30506348326581456 0.37170194091488262 0.11113227959499336
v 0.30506348326581456 0.37170194091488262 0.13350126095532716
v 0.30506348326581456 0.37170194091488262 0.15587024231566093
v 0.30506348326581456 0.37170194091488262 0.17823922367599471
v 0.30506348326581456 0.37170194091488262 0.20060820503632848
v 0.30506348326581456 0.37170194091488262 0.22297718639666225
v 0.30506348326581456 0.37170194091488262 0.24534616775699605
v 0.30506348326581456 0.37170194091488262 0.26771514911732985
v 0.30506348326581456 0.37170194091488262 0.29008413047766363
v 0.30506348326581456 0.37170194091488262 0.3124531118379974
v 0.30506348326581456 0.37170194091488262 0.33482209319833117
v 0.30506348326581456 0.37170194091488262 0.35719107455866494
v 0.30506348326581456 0.39407092227521634 0.11113227959499336
v 0.30506348326581456 0.39407092227521634 0.13350126095532716
v 0.30506348326581456 0.39407092227521634 0.15587024231566093
v 0.30506348326581456 0.39407092227521634 0.17823922367599471
v 0.30506348326581456 0.39407092227521634 0.20060820503632848
v 0.30506348326581456 0.39407092227521634 0.22297718639666225
v 0.30506348326581456 0.39407092227521634 0.24534616775699605
v 0.30506348326581456 0.39407092227521634 0.26771514911732985
v 0.30506348326581456 0.39407092227521634 0.29008413047766363
v 0.30506348326581456 0.39407092227521634 0.3124531118379974
v 0.30506348326581456 0.39407092227521634 0.33482209319833117
v 0.30506348326581456 0.39407092227521634 0.35719107455866494
v 0.30506348326581456 0.41643990363555017 0.11113227959499336
v 0.30506348326581456 0.41643990363555017 0.13350126095532716
v 0.30506348326581456 0.41643990363555017 0.15587024231566093
v 0.30506348326581456 0.41643990363555017 0.17823922367599471
v 0.30506348326581456 0.41643990363555017 0.20060820503632848
v 0.30506348326581456 0.41643990363555017 0.22297718639666225
v 0.30506348326581456 0.41643990363555017 0.24534616775699605
v 0.30506348326581456 0.41643990363555017 0.26771514911732985
v 0.30506348326581456 0.41643990363555017 0.29008413047766363
v 0.30506348326581456 0.41643990363555017 0.3124531118379974
v 0.30506348326581456 0.41643990363555017 0.33482209319833117
v 0.30506348326581456 0.41643990363555017 0.35719107455866494
v 0.30506348326581456 0.43880888499588389 0.11113227959499336
v 0.30506348326581456 0.43880888499588389 0.13350126095532716
v 0.30506348326581456 0.43880888499588389 0.15587024231566093
v 0.30506348326581456 0.43880888499588389 0.17823922367599471
v 0.30506348326581456 0.43880888499588389 0.20060820503632848
v 0.30506348326581456 0.43880888499588389 0.22297718639666225
v 0.30506348326581456 0.43880888499588389 0.24534616775699605
v 0.30506348326581456 0.43880888499588389 0.26771514911732985
v 0.30506348326581456 0.43880888499588389 0.29008413047766363
v 0.30506348326581456 0.43880888499588389 0.3124531118379974
v 0.30506348326581456 0.43880888499588389 0.33482209319833117
v 0.30506348326581456 0.43880888499588389 0.35719107455866494
v 0.30506348326581456 0.46117786635621771 0.13350126095532716
v 0.30506348326581456 0.46117786635621771 0.15587024231566093
v 0.30506348326581456 0.46117786635621771 0.17823922367599471
v 0.30506348326581456 0.46117786635621771 0.20060820503632848
v 0.30506348326581456 0.46117786635621771 0.22297718639666225
v 0.30506348326581456 0.46117786635621771 0.24534616775699605
v 0.30506348326581456 0.46117786635621771 0.26771514911732985
v 0.30506348326581456 0.46117786635621771 0.29008413047766363
v 0.30506348326581456 0.46117786635621771 0.3124531118379974
v 0.30506348326581456 0.46117786635621771 0.33482209319833117
v 0.30506348326581456 0.46117786635621771 0.35719107455866494
v 0.30506348326581456 0.48354684771655143 0.15587024231566093
v 0.30506348326581456 0.48354684771655143 0.17823922367599471
v 0.30506348326581456 0.48354684771655143 0.20060820503632848
v 0.30506348326581456 0.48354684771655143 0.22297718639666225
v 0.30506348326581456 0.48354684771655143 0.24534616775699605
v 0.30506348326581456 0.48354684771655143 0.26771514911732985
v 0.30506348326581456 0.50591582907688526 0.20060820503632848
v 0.30506348326581456 0.50591582907688526 0.22297718639666225
f 5558 5562 5563
f 5563 5559 5558
f 5174 5175 5560
f 5560 5559 5174
f 5548 5558 5559
f 5559 5549 5548
f 5547 5557 5558
f 5558 5548 5547
f 5171 5172 5557
f 5557 5556 5171
f 5164 5171 5556
f 5556 5546 5164
f 5531 5543 5544
f 5544 5532 5531
f 5157 5532 5544
f 5544 5161 5157
f 5530 5542 5543
f 5543 5531 5530
f 5528 5540 5541
f 5541 5529 5528
f 5525 5537 5538
f 5538 5526 5525
f 5523 5535 5536
f 5536 5524 5523
f 5521 5533 5534
f 5534 5522 5521
f 5156 5159 5533
f 5533 5521 5156
f 5519 5531 5532
f 5532 5520 5519
f 5516 5528 5529
f 5529 5517 5516
f 5515 5527 5528
f 5528 5516 5515
f 5510 5522 5523
f 5523 5511 5510
f 5503 5515 5516
f 5516 5504 5503
f 5502 5514 5515
f 5515 5503 5502
f 5499 5511 5512
f 5512 5500 5499
f 5498 5510 5511
f 5511 5499 5498
f 5143 5496 5508
f 5508 5149 5143
f 5493 5505 5506
f 5506 5494 5493
f 5491 5503 5504
f 5504 5492 5491
f 5489 5501 5502
f 5502 5490 5489
f 5138 5485 5496
f 5496 5143 5138
f 5477 5488 5489
f 5489 5478 5477
f 5476 5487 5488
f 5488 5477 5476
f 5475 5486 5487
f 5487 5476 5475
f 5141 5142 5487
f 5487 5486 5141
f 5136 5141 5486
f 5486 5475 5136
f 5467 5482 5483
f 5483 5468 5467
f 5465 5480 5481
f 5481 5466 5465
f 5463 5478 5479
f 5479 5464 5463
f 5462 5477 5478
f 5478 5463 5462
f 5126 5136 5475
f 5475 5460 5126
f 5457 5473 5474
f 5474 5458 5457
f 5119 5120 5130
f 5130 5129 5119
f 5455 5471 5472
f 5472 5456 5455
f 5129 5130 5472
f 5472 5471 5129
f 5128 5129 5471
f 5471 5470 5128
f 5452 5468 5469
f 5469 5453 5452
f 5449 5465 5466
f 5466 5450 5449
f 5448 5464 5465
f 5465 5449 5448
f 5447 5463 5464
f 5464 5448 5447
f 5444 5460 5461
f 5461 5445 5444
f 5125 5126 5460
f 5460 5459 5125
f 5114 5442 5458
f 5458 5122 5114
f 5113 5121 5457
f 5457 5441 5113
f 5439 5454 5455
f 5455 5440 5439
f 5111 5439 5440
f 5440 5112 5111
f 5437 5452 5453
f 5453 5438 5437
f 5435 5450 5451
f 5451 5436 5435
f 5434 5449 5450
f 5450 5435 5434
f 5432 5447 5448
f 5448 5433 5432
f 5428 5443 5444
f 5444 5429 5428
f 5110 5118 5443
f 5443 5428 5110
f 5106 5426 5427
f 5427 5107 5106
f 5424 5438 5439
f 5439 5425 5424
f 5104 5425 5439
f 5439 5111 5104
f 5423 5437 5438
f 5438 5424 5423
f 5102 5422 5423
f 5423 5103 5102
f 5421 5435 5436
f 5436 5422 5421
f 5420 5434 5435
f 5435 5421 5420
f 5417 5431 5432
f 5432 5418 5417
f 5096 5413 5425
f 5425 5104 5096
f 5411 5423 5424
f 5424 5412 5411
f 5094 5103 5423
f 5423 5411 5094
f 5092 5410 5421
f 5421 5101 5092
f 5406 5417 5418
f 5418 5407 5406
f 5088 5406 5407
f 5407 5089 5088
f 5086 5100 5415
f 5415 5404 5086
f 5070 5071 5403
f 5403 5402 5070
f 5398 5400 5401
f 5401 5399 5398
f 5050 5051 5397
f 5397 5396 5050
f 5389 5394 5395
f 5395 5390 5389
f 5048 5049 5395
f 5395 5394 5048
f 5040 5048 5394
f 5394 5389 5040
f 5383 5392 5393
f 5393 5384 5383
f 5032 5384 5393
f 5393 5042 5032
f 5382 5391 5392
f 5392 5383 5382
f 5381 5390 5391
f 5391 5382 5381
f 5380 5389 5390
f 5390 5381 5380
f 5031 5040 5389
f 5389 5380 5031
f 5037 5038 5388
f 5388 5387 5037
f 5029 5378 5388
f 5388 5038 5029
f 5375 5385 5386
f 5386 5376 5375
f 5024 5372 5384
f 5384 5032 5024
f 5368 5380 5381
f 5381 5369 5368
f 5366 5378 5379
f 5379 5367 5366
f 5027 5028 5375
f 5375 5374 5027
f 5026 5027 5374
f 5374 5373 5026
f 5353 5368 5369
f 5369 5354 5353
f 5350 5365 5366
f 5366 5351 5350
f 5347 5362 5363
f 5363 5348 5347
f 5011 5339 5340
f 5340 5012 5011
f 5337 5354 5355
f 5355 5338 5337
f 5335 5352 5353
f 5353 5336 5335
f 5334 5351 5352
f 5352 5335 5334
f 5333 5350 5351
f 5351 5334 5333
f 5331 5348 5349
f 5349 5332 5331
f 5328 5345 5346
f 5346 5329 5328
f 5064 5401 5403
f 5403 5071 5064
f 5327 5344 5345
f 5345 5328 5327
f 5326 5343 5344
f 5344 5327 5326
f 5325 5342 5343
f 5343 5326 5325
f 5014 5015 5343
f 5343 5342 5014
f 5322 5338 5339
f 5339 5323 5322
f 5007 5322 5323
f 5323 5008 5007
f 5006 5321 5322
f 5322 5007 5006
f 5320 5336 5337
f 5337 5321 5320
f 5317 5333 5334
f 5334 5318 5317
f 5315 5331 5332
f 5332 5316 5315
f 5312 5328 5329
f 5329 5313 5312
f 5311 5327 5328
f 5328 5312 5311
f 5310 5326 5327
f 5327 5311 5310
f 5309 5325 5326
f 5326 5310 5309
f 5308 5324 5325
f 5325 5309 5308
f 5303 5320 5321
f 5321 5304 5303
f 5302 5319 5320
f 5320 5303 5302
f 5301 5318 5319
f 5319 5302 5301
f 5300 5317 5318
f 5318 5301 5300
f 5298 5315 5316
f 5316 5299 5298
f 5297 5314 5315
f 5315 5298 5297
f 5295 5312 5313
f 5313 5296 5295
f 5292 5309 5310
f 5310 5293 5292
f 5291 5308 5309
f 5309 5292 5291
f 4997 5291 5292
f 5292 4998 4997
f 4992 5286 5304
f 5304 4999 4992
f 5284 5302 5303
f 5303 5285 5284
f 5283 5301 5302
f 5302 5284 5283
f 5281 5299 5300
f 5300 5282 5281
f 5280 5298 5299
f 5299 5281 5280
f 5277 5295 5296
f 5296 5278 5277
f 5275 5293 5294
f 5294 5276 5275
f 5271 5288 5289
f 5289 5272 5271
f 4988 4994 5287
f 5287 5270 4988
f 5266 5284 5285
f 5285 5267 5266
f 5265 5283 5284
f 5284 5266 5265
f 5500 5512 5513
f 5513 5501 5500
f 5256 5274 5275
f 5275 5257 5256
f 4985 4991 5274
f 5274 5256 4985
f 5254 5272 5273
f 5273 5255 5254
f 4983 5255 5273
f 5273 4989 4983
f 4987 4988 5270
f 5270 5269 4987
f 4986 4987 5269
f 5269 5268 4986
f 5244 5262 5263
f 5263 5245 5244
f 5242 5260 5261
f 5261 5243 5242
f 5241 5259 5260
f 5260 5242 5241
f 4979 5239 5240
f 5240 4980 4979
f 4978 5238 5239
f 5239 4979 4978
f 4978 4985 5256
f 5256 5238 4978
f 4976 5237 5255
f 5255 4983 4976
f 5234 5252 5253
f 5253 5235 5234
f 5232 5250 5251
f 5251 5233 5232
f 5231 5249 5250
f 5250 5232 5231
f 5230 5248 5249
f 5249 5231 5230
f 5227 5245 5246
f 5246 5228 5227
f 5225 5243 5244
f 5244 5226 5225
f 5224 5242 5243
f 5243 5225 5224
f 4969 5223 5237
f 5237 4976 4969
f 5219 5233 5234
f 5234 5220 5219
f 4967 5218 5219
f 5219 4968 4967
f 5217 5231 5232
f 5232 5218 5217
f 5213 5227 5228
f 5228 5214 5213
f 5212 5226 5227
f 5227 5213 5212
f 5211 5225 5226
f 5226 5212 5211
f 4961 5208 5209
f 5209 4962 4961
f 4962 5209 5223
f 5223 4969 4962
f 5205 5219 5220
f 5220 5206 5205
f 4956 5203 5204
f 5204 4957 4956
f 4957 5204 5218
f 5218 4967 4957
f 5201 5215 5216
f 5216 5202 5201
f 5197 5211 5212
f 5212 5198 5197
f 4946 5194 5195
f 5195 4947 4946
f 4947 5195 5203
f 5203 4956 4947
f 5193 5201 5202
f 5202 5194 5193
f 5189 5197 5198
f 5198 5190 5189
f 4944 4955 5197
f 5197 5189 4944
f 4933 5185 5186
f 5186 4934 4933
f 5174 5182 5183
f 5183 5175 5174
f 4887 5175 5183
f 5183 4896 4887
f 4894 4895 5182
f 5182 5181 4894
f 4882 5169 5180
f 5180 4892 4882
f 5167 5178 5179
f 5179 5168 5167
f 4890 4891 5179
f 5179 5178 4890
f 4887 4888 5176
f 5176 5175 4887
f 4884 4885 5172
f 5172 5171 4884
f 4880 4884 5171
f 5171 5164 4880
f 4882 4883 5170
f 5170 5169 4882
f 4878 5162 5170
f 5170 4883 4878
f 5161 5544 5555
f 5555 5169 5161
f 4876 4877 4880
f 4880 4879 4876
f 4875 4876 5160
f 5160 5159 4875
f 4872 4873 5156
f 5156 5155 4872
f 5149 5153 5154
f 5154 5150 5149
f 5145 5151 5152
f 5152 5146 5145
f 4867 4870 5151
f 5151 5145 4867
f 5143 5149 5150
f 5150 5144 5143
f 5251 5269 5270
f 5270 5252 5251
f 4861 5139 5140
f 5140 4862 4861
f 5289 5306 5307
f 5307 5290 5289
f 4975 4982 5242
f 5242 5224 4975
f 4856 4862 5140
f 5140 5135 4856
f 5127 5137 5138
f 5138 5128 5127
f 4844 5119 5129
f 5129 4850 4844
f 4840 5115 5116
f 5116 4841 4840
f 5114 5122 5123
f 5123 5115 5114
f 4837 5111 5112
f 5112 4838 4837
f 4842 4843 5118
f 5118 5117 4842
f 5107 5114 5115
f 5115 5108 5107
f 4832 4839 5113
f 5113 5106 4832
f 5041 5042 5393
f 5393 5392 5041
f 4828 5098 5099
f 5099 4829 4828
f 4823 5097 5105
f 5105 4831 4823
f 4817 5084 5097
f 5097 4823 4817
f 5082 5095 5096
f 5096 5083 5082
f 5081 5094 5095
f 5095 5082 5081
f 4815 5077 5078
f 5078 4816 4815
f 5075 5088 5089
f 5089 5076 5075
f 5068 5081 5082
f 5082 5069 5068
f 4808 4816 5078
f 5078 5065 4808
f 4803 5064 5071
f 5071 4809 4803
f 5061 5068 5069
f 5069 5062 5061
f 5059 5066 5067
f 5067 5060 5059
f 5058 5065 5066
f 5066 5059 5058
f 4797 5058 5059
f 5059 4798 4797
f 4795 4796 4803
f 4803 4802 4795
f 4795 5056 5057
f 5057 4796 4795
f 4796 5057 5064
f 5064 4803 4796
f 4793 4794 4801
f 4801 4800 4793
f 4792 4799 5060
f 5060 5053 4792
f 4778 4779 4791
f 4791 4790 4778
f 4790 4791 5052
f 5052 5051 4790
f 4789 4790 5051
f 5051 5050 4789
f 4788 4789 5050
f 5050 5049 4788
f 4784 4785 5046
f 5046 5045 4784
f 4776 5038 5046
f 5046 4785 4776
f 4782 4783 5044
f 5044 5043 4782
f 4775 4782 5043
f 5043 5035 4775
f 4771 5032 5042
f 5042 4779 4771
f 5029 5038 5039
f 5039 5030 5029
f 4776 4777 5039
f 5039 5038 4776
f 4774 4775 5035
f 5035 5034 4774
f 4773 4774 5034
f 5034 5033 4773
f 4761 5018 5024
f 5024 4766 4761
f 5016 5021 5022
f 5022 5017 5016
f 4763 4764 5021
f 5021 5020 4763
f 4936 5188 5194
f 5194 4946 4936
f 4756 4757 4760
f 4760 4759 4756
f 4756 4759 5013
f 5013 5010 4756
f 4754 5008 5009
f 5009 4755 4754
f 4755 5009 5012
f 5012 4758 4755
f 4999 5006 5007
f 5007 5000 4999
f 5107 5427 5442
f 5442 5114 5107
f 4745 4746 4753
f 4753 4752 4745
f 4745 4997 4998
f 4998 4746 4745
f 4745 4752 5005
f 5005 4997 4745
f 4744 4996 5004
f 5004 4751 4744
f 4741 4993 5000
f 5000 4747 4741
f 4783 4784 5045
f 5045 5044 4783
f 4740 4746 4998
f 4998 4991 4740
f 4738 4989 4996
f 4996 4744 4738
f 4742 4743 4995
f 4995 4994 4742
f 4986 4992 4993
f 4993 4987 4986
f 5233 5251 5252
f 5252 5234 5233
f 4737 4740 4991
f 4991 4985 4737
f 4738 4739 4990
f 4990 4989 4738
f 4735 4737 4985
f 4985 4978 4735
f 5192 5200 5201
f 5201 5193 5192
f 4972 4979 4980
f 4980 4973 4972
f 5433 5448 5449
f 5449 5434 5433
f 4732 4971 4972
f 4972 4733 4732
f 4730 4969 4970
f 4970 4731 4730
f 4726 4963 4964
f 4964 4727 4726
f 4726 4733 4972
f 4972 4963 4726
f 4724 4962 4969
f 4969 4730 4724
f 4721 4958 4959
f 4959 4722 4721
f 4957 4967 4968
f 4968 4958 4957
f 4720 4957 4958
f 4958 4721 4720
f 4714 4950 4951
f 4951 4715 4714
f 4713 4949 4950
f 4950 4714 4713
f 4947 4956 4957
f 4957 4948 4947
f 4942 4953 4954
f 4954 4943 4942
f 4718 4719 4954
f 4954 4953 4718
f 4941 4952 4953
f 4953 4942 4941
f 4706 4937 4938
f 4938 4707 4706
f 4707 4938 4948
f 4948 4711 4707
f 4936 4946 4947
f 4947 4937 4936
f 4927 4940 4941
f 4941 4928 4927
f 4708 4709 4940
f 4940 4939 4708
f 4924 4936 4937
f 4937 4925 4924
f 4702 4924 4925
f 4925 4703 4702
f 4703 4925 4937
f 4937 4706 4703
f 4921 4933 4934
f 4934 4922 4921
f 4699 4921 4922
f 4922 4700 4699
f 4916 4928 4929
f 4929 4917 4916
f 4689 4696 4914
f 4914 4908 4689
f 4688 4907 4913
f 4913 4690 4688
f 4904 4910 4911
f 4911 4905 4904
f 4685 4904 4905
f 4905 4686 4685
f 4684 4903 4904
f 4904 4685 4684
f 4902 4908 4909
f 4909 4903 4902
f 4683 4902 4903
f 4903 4684 4683
f 4683 4689 4908
f 4908 4902 4683
f 4891 4900 4901
f 4901 4892 4891
f 4676 4677 4901
f 4901 4900 4676
f 4668 4892 4901
f 4901 4677 4668
f 4675 4676 4900
f 4900 4899 4675
f 4888 4897 4898
f 4898 4889 4888
f 4887 4896 4897
f 4897 4888 4887
f 4671 4672 4896
f 4896 4895 4671
f 4882 4892 4893
f 4893 4883 4882
f 5203 5217 5218
f 5218 5204 5203
f 4665 4666 4886
f 4886 4885 4665
f 4663 4665 4885
f 4885 4881 4663
f 4659 4660 4663
f 4663 4662 4659
f 4656 4874 4878
f 4878 4661 4656
f 4654 4657 4875
f 4875 4873 4654
f 4652 4871 4874
f 4874 4656 4652
f 5343 5358 5359
f 5359 5344 5343
f 4653 4654 4873
f 4873 4872 4653
f 4650 4653 4872
f 4872 4870 4650
f 4649 4650 4870
f 4870 4869 4649
f 4644 4864 4868
f 4868 4648 4644
f 4700 4922 4923
f 4923 4701 4700
f 4859 4865 4866
f 4866 4860 4859
f 4642 4645 4865
f 4865 4859 4642
f 4855 4861 4862
f 4862 4856 4855
f 4853 4859 4860
f 4860 4854 4853
f 4847 4855 4856
f 4856 4848 4847
f 4846 4854 4855
f 4855 4847 4846
f 4632 4636 4851
f 4851 4845 4632
f 4631 4844 4850
f 4850 4635 4631
f 5355 5370 5371
f 5371 5356 5355
f 4630 4632 4845
f 4845 4839 4630
f 4628 4837 4838
f 4838 4629 4628
f 4835 4841 4842
f 4842 4836 4835
f 4626 4835 4836
f 4836 4627 4626
f 5482 5493 5494
f 5494 5483 5482
f 4943 4954 4955
f 4955 4944 4943
f 5085 5099 5100
f 5100 5086 5085
f 4623 4830 4837
f 4837 4628 4623
f 4971 4978 4979
f 4979 4972 4971
f 4620 4627 4836
f 4836 4828 4620
f 4826 4834 4835
f 4835 4827 4826
f 4618 4826 4827
f 4827 4619 4618
f 4619 4827 4835
f 4835 4626 4619
f 4824 4832 4833
f 4833 4825 4824
f 4616 4625 4832
f 4832 4824 4616
f 4614 4615 4624
f 4624 4623 4614
f 4623 4624 4831
f 4831 4830 4623
f 4615 4823 4831
f 4831 4624 4615
f 5418 5432 5433
f 5433 5419 5418
f 4821 4828 4829
f 4829 4822 4821
f 4606 4607 4617
f 4617 4616 4606
f 4606 4818 4819
f 4819 4607 4606
f 4606 4616 4824
f 4824 4818 4606
f 4604 4605 4615
f 4615 4614 4604
f 4605 4817 4823
f 4823 4615 4605
f 4595 4810 4811
f 4811 4596 4595
f 4592 4593 4605
f 4605 4604 4592
f 4589 4590 4602
f 4602 4601 4589
f 4806 4813 4814
f 4814 4807 4806
f 4585 4806 4807
f 4807 4586 4585
f 4805 4812 4813
f 4813 4806 4805
f 4583 4804 4805
f 4805 4584 4583
f 4581 4803 4809
f 4809 4593 4581
f 4579 4801 4802
f 4802 4580 4579
f 4578 4800 4801
f 4801 4579 4578
f 4577 4578 4590
f 4590 4589 4577
f 4576 4577 4589
f 4589 4588 4576
f 4576 4798 4799
f 4799 4577 4576
f 4741 4742 4994
f 4994 4993 4741
f 4575 4576 4588
f 4588 4587 4575
f 4575 4797 4798
f 4798 4576 4575
f 4575 4587 4808
f 4808 4797 4575
f 4934 5186 5187
f 5187 4935 4934
f 4567 4568 4790
f 4790 4789 4567
f 4555 4778 4790
f 4790 4568 4555
f 4566 4567 4789
f 4789 4788 4566
f 4565 4566 4788
f 4788 4787 4565
f 4564 4565 4787
f 4787 4786 4564
f 4560 4561 4783
f 4783 4782 4560
f 4774 4781 4782
f 4782 4775 4774
f 4558 4559 4781
f 4781 4780 4558
f 4554 4558 4780
f 4780 4773 4554
f 4550 4551 4556
f 4556 4555 4550
f 4555 4556 4779
f 4779 4778 4555
f 4553 4554 4773
f 4773 4772 4553
f 4549 4553 4772
f 4772 4769 4549
f 4546 4766 4771
f 4771 4551 4546
f 4763 4767 4768
f 4768 4764 4763
f 4540 4758 4761
f 4761 4542 4540
f 5250 5268 5269
f 5269 5251 5250
f 5012 5340 5357
f 5357 5018 5012
f 5264 5282 5283
f 5283 5265 5264
f 4539 4541 4760
f 4760 4757 4539
f 4674 4675 4899
f 4899 4898 4674
f 4534 4749 4755
f 4755 4538 4534
f 4879 4880 5164
f 5164 5163 4879
f 4534 4535 4750
f 4750 4749 4534
f 4742 4748 4749
f 4749 4743 4742
f 4741 4747 4748
f 4748 4742 4741
f 4528 4531 4740
f 4740 4737 4528
f 4526 4527 4530
f 4530 4529 4526
f 4524 4528 4737
f 4737 4735 4524
f 4523 4734 4736
f 4736 4527 4523
f 4521 4522 4525
f 4525 4524 4521
f 4918 4930 4931
f 4931 4919 4918
f 5135 5140 5141
f 5141 5136 5135
f 4987 4993 4994
f 4994 4988 4987
f 4517 4724 4725
f 4725 4518 4517
f 4716 4726 4727
f 4727 4717 4716
f 4511 4712 4713
f 4713 4512 4511
f 4509 4515 4716
f 4716 4709 4509
f 4508 4509 4709
f 4709 4708 4508
f 4504 4704 4707
f 4707 4506 4504
f 5339 5356 5357
f 5357 5340 5339
f 4959 5206 5207
f 5207 4960 4959
f 4495 4693 4694
f 4694 4496 4495
f 4493 4501 4698
f 4698 4691 4493
f 4492 4690 4697
f 4697 4500 4492
f 4486 4487 4492
f 4492 4491 4486
f 4487 4688 4690
f 4690 4492 4487
f 4483 4684 4685
f 4685 4484 4483
f 4479 4480 4682
f 4682 4681 4479
f 4674 4680 4681
f 4681 4675 4674
f 4477 4478 4680
f 4680 4679 4477
f 4668 4677 4678
f 4678 4669 4668
f 4474 4475 4678
f 4678 4677 4474
f 4471 4472 4673
f 4673 4672 4471
f 4463 4466 4665
f 4665 4663 4463
f 4462 4661 4664
f 4664 4465 4462
f 4453 4454 4459
f 4459 4458 4453
f 4458 4459 4659
f 4659 4658 4458
f 4453 4458 4658
f 4658 4655 4453
f 4447 4448 4453
f 4453 4452 4447
f 4452 4453 4655
f 4655 4654 4452
f 4447 4452 4654
f 4654 4651 4447
f 4625 4630 4839
f 4839 4832 4625
f 5408 5419 5420
f 5420 5409 5408
f 4439 4644 4648
f 4648 4445 4439
f 4440 4441 4646
f 4646 4645 4440
f 4505 4508 4708
f 4708 4705 4505
f 4436 4440 4645
f 4645 4642 4436
f 4434 4639 4643
f 4643 4438 4434
f 4811 5073 5074
f 5074 4812 4811
f 4516 4723 4724
f 4724 4517 4516
f 4562 4563 4785
f 4785 4784 4562
f 4634 4639 4640
f 4640 4635 4634
f 4434 4435 4640
f 4640 4639 4434
f 4430 4635 4640
f 4640 4435 4430
f 4693 4700 4701
f 4701 4694 4693
f 4428 4429 4433
f 4433 4432 4428
f 4425 4631 4635
f 4635 4430 4425
f 5282 5300 5301
f 5301 5283 5282
f 5263 5281 5282
f 5282 5264 5263
f 4422 4427 4632
f 4632 4630 4422
f 4421 4629 4631
f 4631 4425 4421
f 4417 4422 4630
f 4630 4625 4417
f 4414 4621 4622
f 4622 4415 4414
f 4412 4618 4619
f 4619 4413 4412
f 4410 4411 4418
f 4418 4417 4410
f 4926 4939 4940
f 4940 4927 4926
f 4410 4417 4625
f 4625 4616 4410
f 4408 4612 4621
f 4621 4414 4408
f 5027 5034 5035
f 5035 5028 5027
f 4406 4609 4610
f 4610 4407 4406
f 4406 4413 4619
f 4619 4609 4406
f 4404 4602 4612
f 4612 4408 4404
f 4400 4598 4599
f 4599 4401 4400
f 4397 4594 4595
f 4595 4398 4397
f 4395 4396 4403
f 4403 4402 4395
f 4395 4588 4589
f 4589 4396 4395
f 4396 4589 4601
f 4601 4403 4396
f 4395 4402 4600
f 4600 4588 4395
f 4393 4585 4586
f 4586 4394 4393
f 4394 4586 4597
f 4597 4399 4394
f 4390 4398 4595
f 4595 4582 4390
f 4562 4573 4574
f 4574 4563 4562
f 4382 4383 4573
f 4573 4572 4382
f 4560 4571 4572
f 4572 4561 4560
f 4380 4381 4571
f 4571 4570 4380
f 4376 4377 4568
f 4568 4567 4376
f 4368 4555 4568
f 4568 4377 4368
f 4375 4376 4567
f 4567 4566 4375
f 4485 4686 4687
f 4687 4486 4485
f 4374 4375 4566
f 4566 4565 4374
f 4553 4557 4558
f 4558 4554 4553
f 4370 4371 4558
f 4558 4557 4370
f 4367 4370 4557
f 4557 4553 4367
f 5095 5412 5413
f 5413 5096 5095
f 4548 4552 4553
f 4553 4549 4548
f 5173 5181 5562
f 5562 5558 5173
f 4717 4727 4728
f 4728 4718 4717
f 4762 4763 5020
f 5020 5019 4762
f 4361 4362 4546
f 4546 4545 4361
f 4359 4360 4544
f 4544 4543 4359
f 4354 4355 4358
f 4358 4357 4354
f 5487 5499 5500
f 5500 5488 5487
f 4353 4356 4541
f 4541 4539 4353
f 4351 4538 4540
f 4540 4355 4351
f 4349 4353 4539
f 4539 4537 4349
f 4532 4744 4751
f 4751 4536 4532
f 4849 5128 5138
f 5138 4857 4849
f 4344 4345 4350
f 4350 4349 4344
f 5542 5553 5554
f 5554 5543 5542
f 4343 4532 4536
f 4536 4348 4343
f 4340 4344 4533
f 4533 4531 4340
f 4339 4529 4532
f 4532 4343 4339
f 4997 5005 5308
f 5308 5291 4997
f 5160 5163 5545
f 5545 5534 5160
f 4337 4340 4531
f 4531 4528 4337
f 4335 4526 4529
f 4529 4339 4335
f 4919 4931 4932
f 4932 4920 4919
f 4333 4524 4525
f 4525 4334 4333
f 4333 4337 4528
f 4528 4524 4333
f 4335 4336 4527
f 4527 4526 4335
f 4329 4331 4522
f 4522 4519 4329
f 4327 4517 4518
f 4518 4328 4327
f 4328 4518 4520
f 4520 4330 4328
f 4322 4329 4519
f 4519 4515 4322
f 4320 4513 4514
f 4514 4321 4320
f 4319 4512 4513
f 4513 4320 4319
f 4314 4315 4323
f 4323 4322 4314
f 4506 4510 4511
f 4511 4507 4506
f 4311 4506 4507
f 4507 4312 4311
f 4309 4310 4317
f 4317 4316 4309
f 4306 4307 4314
f 4314 4313 4306
f 4313 4314 4509
f 4509 4508 4313
f 4306 4313 4508
f 4508 4505 4306
f 4301 4302 4310
f 4310 4309 4301
f 4299 4300 4308
f 4308 4307 4299
f 4497 4502 4503
f 4503 4498 4497
f 4294 4496 4497
f 4497 4295 4294
f 4289 4491 4492
f 4492 4290 4289
f 4818 4824 4825
f 4825 4819 4818
f 4287 4288 4301
f 4301 4300 4287
f 4285 4286 4299
f 4299 4298 4285
f 4285 4488 4489
f 4489 4286 4285
f 4285 4298 4499
f 4499 4488 4285
f 4277 4278 4288
f 4288 4287 4277
f 4473 4480 4481
f 4481 4474 4473
f 4275 4276 4481
f 4481 4480 4275
f 4471 4476 4477
f 4477 4472 4471
f 4268 4269 4475
f 4475 4474 4268
f 4266 4267 4471
f 4471 4470 4266
f 4254 4457 4462
f 4462 4258 4254
f 4252 4253 4257
f 4257 4256 4252
f 4251 4252 4256
f 4256 4255 4251
f 4769 4772 4773
f 4773 4770 4769
f 5017 5022 5360
f 5360 5345 5017
f 5478 5489 5490
f 5490 5479 5478
f 4244 4245 4252
f 4252 4251 4244
f 4243 4449 4455
f 4455 4250 4243
f 4241 4242 4249
f 4249 4248 4241
f 4238 4239 4247
f 4247 4246 4238
f 5086 5404 5405
f 5405 5087 5086
f 4239 4445 4451
f 4451 4247 4239
f 4320 4321 4326
f 4326 4325 4320
f 4929 4942 4943
f 4943 4930 4929
f 4236 4237 4244
f 4244 4243 4236
f 4240 4241 4448
f 4448 4447 4240
f 4230 4438 4444
f 4444 4238 4230
f 5329 5346 5347
f 5347 5330 5329
f 4234 4235 4443
f 4443 4442 4234
f 4228 4229 4234
f 4234 4233 4228
f 4314 4322 4515
f 4515 4509 4314
f 4233 4234 4442
f 4442 4441 4233
f 5527 5539 5540
f 5540 5528 5527
f 4222 4223 4228
f 4228 4227 4222
f 4222 4227 4436
f 4436 4433 4222
f 4224 4225 4435
f 4435 4434 4224
f 5512 5524 5525
f 5525 5513 5512
f 4241 4248 4453
f 4453 4448 4241
f 4425 4430 4431
f 4431 4426 4425
f 4220 4221 4431
f 4431 4430 4220
f 4527 4736 4739
f 4739 4530 4527
f 4214 4218 4429
f 4429 4424 4214
f 4209 4213 4423
f 4423 4418 4209
f 4208 4415 4419
f 4419 4210 4208
f 4206 4209 4418
f 4418 4411 4206
f 4293 4495 4496
f 4496 4294 4293
f 4202 4406 4407
f 4407 4203 4202
f 4201 4405 4406
f 4406 4202 4201
f 4200 4404 4408
f 4408 4204 4200
f 5518 5530 5531
f 5531 5519 5518
f 4195 4399 4400
f 4400 4196 4195
f 4191 4393 4394
f 4394 4192 4191
f 4189 4391 4392
f 4392 4190 4189
f 4188 4390 4391
f 4391 4189 4188
f 4382 4388 4389
f 4389 4383 4382
f 4183 4184 4387
f 4387 4386 4183
f 4177 4183 4386
f 4386 4380 4177
f 4372 4384 4385
f 4385 4373 4372
f 4178 4179 4384
f 4384 4383 4178
f 4172 4173 4377
f 4377 4376 4172
f 4493 4691 4692
f 4692 4494 4493
f 4169 4170 4374
f 4374 4373 4169
f 5511 5523 5524
f 5524 5512 5511
f 4164 4167 4369
f 4369 4366 4164
f 5539 5550 5551
f 5551 5540 5539
f 5035 5036 5386
f 5386 5385 5035
f 4672 4673 4897
f 4897 4896 4672
f 4159 4361 4365
f 4365 4163 4159
f 4157 4160 4363
f 4363 4360 4157
f 4154 4155 4159
f 4159 4158 4154
f 4155 4357 4361
f 4361 4159 4155
f 4917 4929 4930
f 4930 4918 4917
f 4152 4156 4359
f 4359 4356 4152
f 4147 4148 4153
f 4153 4152 4147
f 4466 4467 4666
f 4666 4665 4466
f 4144 4145 4151
f 4151 4150 4144
f 4141 4142 4148
f 4148 4147 4141
f 4141 4349 4350
f 4350 4142 4141
f 4141 4147 4353
f 4353 4349 4141
f 4139 4140 4146
f 4146 4145 4139
f 4145 4146 4352
f 4352 4351 4145
f 4135 4342 4347
f 4347 4140 4135
f 5153 5520 5532
f 5532 5157 5153
f 4132 4133 4136
f 4136 4135 4132
f 4133 4339 4343
f 4343 4136 4133
f 5330 5347 5348
f 5348 5331 5330
f 5165 5166 5552
f 5552 5551 5165
f 5039 5047 5048
f 5048 5040 5039
f 4128 4131 4338
f 4338 4334 4128
f 4126 4127 4130
f 4130 4129 4126
f 4129 4130 4336
f 4336 4335 4129
f 4123 4128 4334
f 4334 4331 4123
f 4728 4965 4966
f 4966 4729 4728
f 4116 4328 4330
f 4330 4122 4116
f 4112 4113 4119
f 4119 4118 4112
f 4112 4324 4325
f 4325 4113 4112
f 4895 4896 5183
f 5183 5182 4895
f 5550 5560 5561
f 5561 5551 5550
f 4110 4322 4323
f 4323 4111 4110
f 4110 4117 4329
f 4329 4322 4110
f 4999 5304 5321
f 5321 5006 4999
f 4106 4316 4317
f 4317 4107 4106
f 4105 4315 4316
f 4316 4106 4105
f 4102 4311 4312
f 4312 4103 4102
f 4103 4312 4318
f 4318 4108 4103
f 5125 5135 5136
f 5136 5126 5125
f 4296 4304 4305
f 4305 4297 4296
f 4091 4097 4303
f 4303 4290 4091
f 4283 4294 4295
f 4295 4284 4283
f 4088 4282 4283
f 4283 4089 4088
f 4087 4281 4282
f 4282 4088 4087
f 4280 4291 4292
f 4292 4281 4280
f 4080 4081 4276
f 4276 4275 4080
f 4073 4268 4276
f 4276 4081 4073
f 4079 4080 4275
f 4275 4274 4079
f 4607 4608 4618
f 4618 4617 4607
f 4078 4079 4274
f 4274 4273 4078
f 4076 4077 4272
f 4272 4271 4076
f 4357 4358 4362
f 4362 4361 4357
f 4073 4074 4269
f 4269 4268 4073
f 4069 4262 4265
f 4265 4071 4069
f 5119 5455 5456
f 5456 5120 5119
f 4067 4070 4264
f 4264 4260 4067
f 4160 4161 4364
f 4364 4363 4160
f 5363 5375 5376
f 5376 5364 5363
f 4059 4060 4064
f 4064 4063 4059
f 4060 4247 4254
f 4254 4064 4060
f 4054 4055 4062
f 4062 4061 4054
f 4061 4062 4253
f 4253 4252 4061
f 4047 4048 4059
f 4059 4058 4047
f 4046 4047 4058
f 4058 4057 4046
f 4045 4046 4057
f 4057 4056 4045
f 4042 4043 4055
f 4055 4054 4042
f 4041 4042 4054
f 4054 4053 4041
f 4053 4054 4245
f 4245 4244 4053
f 4041 4053 4244
f 4244 4237 4041
f 4051 4052 4243
f 4243 4242 4051
f 4040 4236 4243
f 4243 4052 4040
f 4038 4039 4051
f 4051 4050 4038
f 4037 4049 4240
f 4240 4235 4037
f 4031 4032 4047
f 4047 4046 4031
f 4029 4030 4045
f 4045 4044 4029
f 4028 4029 4044
f 4044 4043 4028
f 4025 4026 4040
f 4040 4039 4025
f 4036 4037 4235
f 4235 4234 4036
f 4225 4231 4232
f 4232 4226 4225
f 4033 4034 4231
f 4231 4230 4033
f 4019 4020 4030
f 4030 4029 4019
f 4506 4707 4711
f 4711 4510 4506
f 4332 4523 4527
f 4527 4336 4332
f 4023 4024 4229
f 4229 4228 4023
f 4017 4023 4228
f 4228 4223 4017
f 4930 4943 4944
f 4944 4931 4930
f 5120 5456 5472
f 5472 5130 5120
f 4013 4017 4223
f 4223 4219 4013
f 4011 4216 4217
f 4217 4012 4011
f 4012 4217 4221
f 4221 4016 4012
f 4286 4287 4300
f 4300 4299 4286
f 5262 5280 5281
f 5281 5263 5262
f 4010 4013 4219
f 4219 4215 4010
f 4007 4212 4216
f 4216 4011 4007
f 4005 4210 4211
f 4211 4006 4005
f 4001 4208 4210
f 4210 4005 4001
f 3998 3999 4004
f 4004 4003 3998
f 3997 3998 4003
f 4003 4002 3997
f 3997 4206 4207
f 4207 3998 3997
f 3997 4002 4209
f 4209 4206 3997
f 3995 3996 4001
f 4001 4000 3995
f 4915 4927 4928
f 4928 4916 4915
f 4278 4279 4289
f 4289 4288 4278
f 5431 5446 5447
f 5447 5432 5431
f 3992 4202 4203
f 4203 3993 3992
f 3991 3992 3999
f 3999 3998 3991
f 3991 4201 4202
f 4202 3992 3991
f 3991 3998 4207
f 4207 4201 3991
f 3986 4196 4197
f 4197 3987 3986
f 3985 4195 4196
f 4196 3986 3985
f 3981 4191 4192
f 4192 3982 3981
f 3982 4192 4195
f 4195 3985 3982
f 3980 4190 4191
f 4191 3981 3980
f 3979 4189 4190
f 4190 3980 3979
f 4178 4186 4187
f 4187 4179 4178
f 3970 3971 4184
f 4184 4183 3970
f 4176 4182 4183
f 4183 4177 4176
f 4175 4181 4182
f 4182 4176 4175
f 3968 3969 4182
f 4182 4181 3968
f 3965 3968 4181
f 4181 4175 3965
f 3966 3967 4180
f 4180 4179 3966
f 3960 4169 4180
f 4180 3967 3960
f 3964 3965 4175
f 4175 4174 3964
f 3959 3964 4174
f 4174 4167 3959
f 3957 3958 3963
f 3963 3962 3957
f 3962 3963 4172
f 4172 4171 3962
f 4308 4309 4316
f 4316 4315 4308
f 3955 4162 4165
f 4165 3958 3955
f 4960 5207 5208
f 5208 4961 4960
f 4694 4701 4702
f 4702 4695 4694
f 4105 4111 4323
f 4323 4315 4105
f 4864 5144 5150
f 5150 4868 4864
f 3953 3956 4164
f 4164 4161 3953
f 4033 4230 4238
f 4238 4048 4033
f 3952 3953 4161
f 4161 4160 3952
f 3949 3952 4160
f 4160 4157 3949
f 3943 3944 3948
f 3948 3947 3943
f 3947 3948 4155
f 4155 4154 3947
f 3944 4150 4155
f 4155 3948 3944
f 4405 4412 4413
f 4413 4406 4405
f 3941 4148 4149
f 4149 3942 3941
f 3939 4144 4150
f 4150 3944 3939
f 5202 5216 5217
f 5217 5203 5202
f 5112 5440 5455
f 5455 5119 5112
f 4090 4284 4295
f 4295 4093 4090
f 3934 3938 4143
f 4143 4138 3934
f 3931 3932 3937
f 3937 3936 3931
f 3936 3937 4140
f 4140 4139 3936
f 3930 3931 3936
f 3936 3935 3930
f 5240 5258 5259
f 5259 5241 5240
f 4268 4474 4481
f 4481 4276 4268
f 5099 5414 5415
f 5415 5100 5099
f 3928 3929 3934
f 3934 3933 3928
f 3933 3934 4138
f 4138 4137 3933
f 3925 3926 3932
f 3932 3931 3925
f 4006 4211 4212
f 4212 4007 4006
f 3926 4132 4135
f 4135 3932 3926
f 3924 3925 3931
f 3931 3930 3924
f 4846 5124 5134
f 5134 4854 4846
f 4291 4493 4494
f 4494 4292 4291
f 3921 3922 3927
f 3927 3926 3921
f 3926 3927 4133
f 4133 4132 3926
f 3919 3920 3925
f 3925 3924 3919
f 4117 4123 4331
f 4331 4329 4117
f 3916 4125 4126
f 4126 3917 3916
f 3917 4126 4129
f 4129 3922 3917
f 3915 3916 3921
f 3921 3920 3915
f 4595 4611 4822
f 4822 4810 4595
f 5238 5256 5257
f 5257 5239 5238
f 3913 3918 4128
f 4128 4123 3913
f 3911 3912 3915
f 3915 3914 3911
f 5466 5481 5482
f 5482 5467 5466
f 3911 4118 4119
f 4119 3912 3911
f 5221 5235 5236
f 5236 5222 5221
f 3907 3908 3911
f 3911 3910 3907
f 4666 4667 4671
f 4671 4670 4666
f 3900 4102 4103
f 4103 3901 3900
f 4100 4106 4107
f 4107 4101 4100
f 4099 4105 4106
f 4106 4100 4099
f 3894 3899 4101
f 4101 4096 3894
f 3891 4093 4094
f 4094 3892 3891
f 3889 4091 4092
f 4092 3890 3889
f 3885 4089 4090
f 4090 3886 3885
f 3886 4090 4093
f 4093 3891 3886
f 3883 4087 4088
f 4088 3884 3883
f 5338 5355 5356
f 5356 5339 5338
f 3882 4086 4087
f 4087 3883 3882
f 3882 3890 4092
f 4092 4086 3882
f 4079 4084 4085
f 4085 4080 4079
f 3880 3881 4085
f 4085 4084 3880
f 3878 3879 4083
f 4083 4082 3878
f 3870 4073 4081
f 4081 3876 3870
f 3873 3874 4077
f 4077 4076 3873
f 3872 3873 4076
f 4076 4075 3872
f 3869 3872 4075
f 4075 4072 3869
f 4472 4477 4679
f 4679 4673 4472
f 3870 3871 4074
f 4074 4073 3870
f 4218 4219 4223
f 4223 4222 4218
f 3866 3869 4072
f 4072 4070 3866
f 3864 3865 3868
f 3868 3867 3864
f 3860 3861 3865
f 3865 3864 3860
f 4874 5158 5162
f 5162 4878 4874
f 3861 4066 4069
f 4069 3865 3861
f 5352 5367 5368
f 5368 5353 5352
f 3859 3863 4068
f 4068 4065 3859
f 3857 3858 3861
f 3861 3860 3857
f 5026 5033 5034
f 5034 5027 5026
f 3852 3859 4065
f 4065 4062 3852
f 3850 3851 3857
f 3857 3856 3850
f 3849 3850 3856
f 3856 3855 3849
f 3848 3849 3855
f 3855 3854 3848
f 3846 3847 3853
f 3853 3852 3846
f 4664 4883 4893
f 4893 4669 4664
f 3839 4043 4044
f 4044 3840 3839
f 3836 3837 4041
f 4041 4040 3836
f 3824 3836 4040
f 4040 4026 3824
f 3862 4067 4068
f 4068 3863 3862
f 3834 3835 4039
f 4039 4038 3834
f 3833 3834 4038
f 4038 4037 3833
f 3832 3833 4037
f 4037 4036 3832
f 3820 4022 4035
f 4035 3831 3820
f 3829 3830 4034
f 4034 4033 3829
f 4050 4051 4242
f 4242 4241 4050
f 3828 3829 4033
f 4033 4032 3828
f 4986 5268 5286
f 5286 4992 4986
f 3827 3828 4032
f 4032 4031 3827
f 3819 3827 4031
f 4031 4021 3819
f 4312 4507 4511
f 4511 4318 4312
f 3821 3822 4024
f 4024 4023 3821
f 3814 3821 4023
f 4023 4017 3814
f 3818 3819 4021
f 4021 4020 3818
f 3810 3811 3817
f 3817 3816 3810
f 3816 3817 4019
f 4019 4018 3816
f 4370 4378 4379
f 4379 4371 4370
f 3811 4014 4019
f 4019 3817 3811
f 5293 5310 5311
f 5311 5294 5293
f 3809 3814 4017
f 4017 4013 3809
f 3808 4012 4016
f 4016 3813 3808
f 5016 5344 5359
f 5359 5021 5016
f 3904 4108 4109
f 4109 3905 3904
f 3804 3805 3811
f 3811 3810 3804
f 3858 4064 4066
f 4066 3861 3858
f 3801 4006 4007
f 4007 3802 3801
f 3802 4007 4011
f 4011 3807 3802
f 3839 3840 3847
f 3847 3846 3839
f 3800 4005 4006
f 4006 3801 3800
f 3799 3803 4010
f 4010 4004 3799
f 3797 4000 4001
f 4001 3798 3797
f 3798 4001 4005
f 4005 3800 3798
f 4156 4157 4360
f 4360 4359 4156
f 3796 3799 4004
f 4004 3999 3796
f 3795 3995 4000
f 4000 3797 3795
f 5371 5383 5384
f 5384 5372 5371
f 4888 4889 5177
f 5177 5176 4888
f 3785 3986 3987
f 3987 3786 3785
f 3784 3985 3986
f 3986 3785 3784
f 3781 3983 3984
f 3984 3782 3781
f 3781 3790 3993
f 3993 3983 3781
f 3779 3981 3982
f 3982 3780 3779
f 3780 3982 3985
f 3985 3784 3780
f 3971 3976 3977
f 3977 3972 3971
f 3773 3774 3977
f 3977 3976 3773
f 3970 3975 3976
f 3976 3971 3970
f 3772 3773 3976
f 3976 3975 3772
f 3764 3765 3970
f 3970 3969 3764
f 3763 3764 3969
f 3969 3968 3763
f 3759 3763 3968
f 3968 3965 3759
f 3760 3761 3967
f 3967 3966 3760
f 3758 3759 3965
f 3965 3964 3758
f 3750 3751 3757
f 3757 3756 3750
f 4822 4829 5099
f 5099 5085 4822
f 3751 3957 3962
f 3962 3757 3751
f 3749 3754 3959
f 3959 3956 3749
f 3746 3747 3752
f 3752 3751 3746
f 3751 3752 3958
f 3958 3957 3751
f 4331 4334 4525
f 4525 4522 4331
f 5534 5545 5546
f 5546 5535 5534
f 3813 4016 4022
f 4022 3820 3813
f 3983 4193 4194
f 4194 3984 3983
f 4922 4934 4935
f 4935 4923 4922
f 3743 3950 3954
f 3954 3746 3743
f 5252 5270 5271
f 5271 5253 5252
f 3740 3741 3947
f 3947 3946 3740
f 4636 4637 4852
f 4852 4851 4636
f 4518 4725 4731
f 4731 4520 4518
f 5210 5224 5225
f 5225 5211 5210
f 4070 4072 4266
f 4266 4264 4070
f 4513 4714 4715
f 4715 4514 4513
f 4397 4407 4610
f 4610 4594 4397
f 3732 3733 3738
f 3738 3737 3732
f 4238 4444 4445
f 4445 4239 4238
f 3737 3738 3944
f 3944 3943 3737
f 3731 3735 3942
f 3942 3938 3731
f 3730 3935 3939
f 3939 3733 3730
f 3725 3726 3729
f 3729 3728 3725
f 5370 5382 5383
f 5383 5371 5370
f 4095 4297 4305
f 4305 4098 4095
f 3720 3721 3725
f 3725 3724 3720
f 3724 3725 3929
f 3929 3928 3724
f 3720 3724 3928
f 3928 3923 3720
f 3719 3919 3924
f 3924 3723 3719
f 4499 4505 4705
f 4705 4696 4499
f 3928 3933 4137
f 4137 4134 3928
f 4889 4890 5178
f 5178 5177 4889
f 3717 3914 3919
f 3919 3719 3717
f 4216 4425 4426
f 4426 4217 4216
f 4066 4258 4262
f 4262 4069 4066
f 3716 3718 3918
f 3918 3913 3716
f 5137 5484 5485
f 5485 5138 5137
f 3715 3911 3914
f 3914 3717 3715
f 4244 4251 4456
f 4456 4450 4244
f 4235 4240 4447
f 4447 4443 4235
f 3713 3716 3913
f 3913 3909 3713
f 4578 4579 4591
f 4591 4590 4578
f 5405 5416 5417
f 5417 5406 5405
f 4451 4652 4656
f 4656 4457 4451
f 3711 3713 3909
f 3909 3906 3711
f 4795 4802 5063
f 5063 5056 4795
f 3708 3711 3906
f 3906 3902 3708
f 3706 3900 3901
f 3901 3707 3706
f 3745 3749 3956
f 3956 3953 3745
f 3765 3772 3975
f 3975 3970 3765
f 3704 3898 3899
f 3899 3705 3704
f 3703 3709 3903
f 3903 3897 3703
f 3702 3896 3900
f 3900 3706 3702
f 4337 4338 4341
f 4341 4340 4337
f 3698 3892 3893
f 3893 3699 3698
f 3699 3893 3896
f 3896 3702 3699
f 3696 3889 3890
f 3890 3697 3696
f 3695 3888 3889
f 3889 3696 3695
f 3693 3886 3887
f 3887 3694 3693
f 3694 3887 3892
f 3892 3698 3694
f 3691 3884 3885
f 3885 3692 3691
f 3690 3883 3884
f 3884 3691 3690
f 3689 3697 3890
f 3890 3882 3689
f 3680 3681 3688
f 3688 3687 3680
f 4150 4354 4357
f 4357 4155 4150
f 3687 3688 3881
f 3881 3880 3687
f 3684 3685 3878
f 3878 3877 3684
f 3677 3870 3876
f 3876 3682 3677
f 3676 3678 3872
f 3872 3869 3676
f 3803 3809 4013
f 4013 4010 3803
f 5172 5173 5558
f 5558 5557 5172
f 3674 3676 3869
f 3869 3866 3674
f 3673 3864 3867
f 3867 3675 3673
f 4255 4256 4260
f 4260 4259 4255
f 4442 4443 4447
f 4447 4446 4442
f 3671 3862 3863
f 3863 3672 3671
f 3671 3674 3866
f 3866 3862 3671
f 4851 4852 5132
f 5132 5131 4851
f 3665 3666 3670
f 3670 3669 3665
f 3666 3857 3860
f 3860 3670 3666
f 3664 3855 3856
f 3856 3665 3664
f 5270 5287 5288
f 5288 5271 5270
f 3662 3853 3854
f 3854 3663 3662
f 3661 3852 3853
f 3853 3662 3661
f 3830 3844 3845
f 3845 3831 3830
f 3656 3657 3845
f 3845 3844 3656
f 3655 3656 3844
f 3844 3843 3655
f 3828 3842 3843
f 3843 3829 3828
f 3645 3654 3842
f 3842 3828 3645
f 3651 3652 3837
f 3837 3836 3651
f 4637 4638 4642
f 4642 4641 4637
f 3951 4158 4162
f 4162 3955 3951
f 3650 3651 3836
f 3836 3835 3650
f 3649 3650 3835
f 3835 3834 3649
f 3647 3648 3833
f 3833 3832 3647
f 3640 3820 3831
f 3831 3646 3640
f 3884 4088 4089
f 4089 3885 3884
f 3636 3815 3825
f 3825 3643 3636
f 3635 3641 3821
f 3821 3814 3635
f 3636 3637 3816
f 3816 3815 3636
f 4278 4485 4486
f 4486 4279 4278
f 5036 5044 5045
f 5045 5037 5036
f 4910 4916 4917
f 4917 4911 4910
f 3630 3635 3814
f 3814 3809 3630
f 4201 4207 4412
f 4412 4405 4201
f 3778 3980 3981
f 3981 3779 3778
f 3627 3806 3807
f 3807 3628 3627
f 4428 4432 4637
f 4637 4633 4428
f 4542 4761 4766
f 4766 4546 4542
f 5020 5021 5359
f 5359 5358 5020
f 3623 3630 3809
f 3809 3803 3623
f 3618 3619 3626
f 3626 3625 3618
f 3617 3618 3625
f 3625 3624 3617
f 3629 3808 3813
f 3813 3634 3629
f 3616 3623 3803
f 3803 3799 3616
f 3614 3797 3798
f 3798 3615 3614
f 3615 3798 3800
f 3800 3621 3615
f 3612 3613 3619
f 3619 3618 3612
f 3611 3612 3618
f 3618 3617 3611
f 5101 5421 5422
f 5422 5102 5101
f 3607 3794 3795
f 3795 3608 3607
f 3608 3795 3797
f 3797 3614 3608
f 3606 3607 3613
f 3613 3612 3606
f 4179 4180 4385
f 4385 4384 4179
f 5057 5399 5401
f 5401 5064 5057
f 3604 3605 3611
f 3611 3610 3604
f 3604 3791 3792
f 3792 3605 3604
f 4016 4221 4226
f 4226 4022 4016
f 3600 3784 3785
f 3785 3601 3600
f 4463 4464 4467
f 4467 4466 4463
f 4403 4601 4602
f 4602 4404 4403
f 3596 3782 3783
f 3783 3597 3596
f 3595 3781 3782
f 3782 3596 3595
f 3595 3603 3790
f 3790 3781 3595
f 3593 3594 3600
f 3600 3599 3593
f 3593 3779 3780
f 3780 3594 3593
f 3592 3593 3599
f 3599 3598 3592
f 3591 3592 3598
f 3598 3597 3591
f 3591 3777 3778
f 3778 3592 3591
f 3591 3597 3783
f 3783 3777 3591
f 3588 3589 3775
f 3775 3774 3588
f 3581 3767 3775
f 3775 3589 3581
f 3587 3588 3774
f 3774 3773 3587
f 3763 3770 3771
f 3771 3764 3763
f 3580 3584 3770
f 3770 3763 3580
f 3581 3582 3768
f 3768 3767 3581
f 3758 3762 3763
f 3763 3759 3758
f 3579 3580 3763
f 3763 3762 3579
f 3577 3579 3762
f 3762 3758 3577
f 3573 3577 3758
f 3758 3754 3573
f 3570 3750 3756
f 3756 3575 3570
f 5018 5357 5372
f 5372 5024 5018
f 3572 3573 3754
f 3754 3753 3572
f 3569 3572 3753
f 3753 3748 3569
f 3568 3746 3751
f 3751 3571 3568
f 3879 3880 4084
f 4084 4083 3879
f 3566 3569 3748
f 3748 3744 3566
f 3564 3565 3568
f 3568 3567 3564
f 4346 4347 4535
f 4535 4534 4346
f 3563 3566 3744
f 3744 3742 3563
f 3561 3562 3565
f 3565 3564 3561
f 3562 3740 3743
f 3743 3565 3562
f 5460 5475 5476
f 5476 5461 5460
f 3556 3557 3562
f 3562 3561 3556
f 3554 3734 3735
f 3735 3555 3554
f 3557 3558 3737
f 3737 3736 3557
f 3552 3732 3737
f 3737 3558 3552
f 3550 3551 3557
f 3557 3556 3550
f 3945 3949 4157
f 4157 4153 3945
f 3548 3555 3735
f 3735 3731 3548
f 5191 5199 5200
f 5200 5192 5191
f 3546 3547 3553
f 3553 3552 3546
f 4719 4729 4966
f 4966 4954 4719
f 3542 3728 3729
f 3729 3543 3542
f 3542 3548 3731
f 3731 3728 3542
f 3541 3727 3730
f 3730 3547 3541
f 3686 3687 3880
f 3880 3879 3686
f 3539 3543 3729
f 3729 3726 3539
f 3538 3723 3727
f 3727 3541 3538
f 3776 3782 3984
f 3984 3978 3776
f 3988 4198 4199
f 4199 3989 3988
f 5023 5026 5373
f 5373 5361 5023
f 3536 3537 3540
f 3540 3539 3536
f 3536 3539 3726
f 3726 3722 3536
f 3785 3786 3792
f 3792 3791 3785
f 3971 3972 4185
f 4185 4184 3971
f 3625 3632 3811
f 3811 3805 3625
f 4923 4935 4936
f 4936 4924 4923
f 4267 4271 4476
f 4476 4471 4267
f 3531 3532 3536
f 3536 3535 3531
f 3530 3534 3720
f 3720 3718 3530
f 5060 5067 5068
f 5068 5061 5060
f 4547 4548 4768
f 4768 4767 4547
f 4559 4570 4571
f 4571 4560 4559
f 4152 4153 4157
f 4157 4156 4152
f 3527 3528 3531
f 3531 3530 3527
f 3527 3530 3718
f 3718 3716 3527
f 3525 3714 3715
f 3715 3526 3525
f 3526 3715 3717
f 3717 3529 3526
f 3524 3527 3716
f 3716 3713 3524
f 3675 3867 3870
f 3870 3677 3675
f 5184 5190 5191
f 5191 5185 5184
f 3522 3524 3713
f 3713 3711 3522
f 3519 3708 3709
f 3709 3520 3519
f 4121 4122 4127
f 4127 4126 4121
f 3514 3703 3704
f 3704 3515 3514
f 3514 3520 3709
f 3709 3703 3514
f 4632 4633 4637
f 4637 4636 4632
f 3511 3512 3516
f 3516 3515 3511
f 3511 3515 3704
f 3704 3700 3511
f 3505 3512 3701
f 3701 3695 3505
f 3503 3693 3694
f 3694 3504 3503
f 3504 3694 3698
f 3698 3509 3504
f 3502 3692 3693
f 3693 3503 3502
f 4981 5241 5242
f 5242 4982 4981
f 3500 3690 3691
f 3691 3501 3500
f 3499 3689 3690
f 3690 3500 3499
f 3497 3498 3687
f 3687 3686 3497
f 3491 3680 3687
f 3687 3498 3491
f 3495 3496 3685
f 3685 3684 3495
f 3678 3683 3684
f 3684 3679 3678
f 5030 5039 5040
f 5040 5031 5030
f 3490 3494 3683
f 3683 3678 3490
f 3487 3488 3493
f 3493 3492 3487
f 3488 3677 3682
f 3682 3493 3488
f 3849 4057 4058
f 4058 3850 3849
f 3518 3707 3710
f 3710 3521 3518
f 3482 3486 3676
f 3676 3674 3482
f 3480 3673 3675
f 3675 3484 3480
f 3475 3476 3480
f 3480 3479 3475
f 3667 3671 3672
f 3672 3668 3667
f 3622 3801 3806
f 3806 3627 3622
f 3470 3667 3668
f 3668 3471 3470
f 3468 3469 3475
f 3475 3474 3468
f 3469 3665 3669
f 3669 3475 3469
f 3467 3663 3664
f 3664 3468 3467
f 3923 3928 4134
f 4134 4131 3923
f 3466 3467 3473
f 3473 3472 3466
f 3465 3466 3472
f 3472 3471 3465
f 3465 3471 3668
f 3668 3661 3465
f 3650 3658 3659
f 3659 3651 3650
f 3450 3460 3658
f 3658 3650 3450
f 3456 3457 3657
f 3657 3656 3456
f 3446 3646 3657
f 3657 3457 3446
f 3455 3456 3656
f 3656 3655 3455
f 3454 3455 3655
f 3655 3654 3454
f 3445 3454 3654
f 3654 3645 3445
f 4289 4290 4303
f 4303 4302 4289
f 3451 3452 3653
f 3653 3652 3451
f 3447 3448 3648
f 3648 3647 3447
f 3439 3640 3646
f 3646 3446 3439
f 3850 4058 4059
f 4059 3851 3850
f 3435 3636 3643
f 3643 3442 3435
f 3434 3440 3641
f 3641 3635 3434
f 3433 3634 3640
f 3640 3439 3433
f 3430 3431 3438
f 3438 3437 3430
f 3437 3438 3639
f 3639 3638 3437
f 4743 4749 5002
f 5002 4995 4743
f 3435 3436 3637
f 3637 3636 3435
f 4003 4004 4010
f 4010 4009 4003
f 3501 3691 3692
f 3692 3502 3501
f 3428 3434 3635
f 3635 3630 3428
f 3426 3427 3433
f 3433 3432 3426
f 5245 5263 5264
f 5264 5246 5245
f 3426 3628 3629
f 3629 3427 3426
f 3422 3423 3431
f 3431 3430 3422
f 3422 3430 3633
f 3633 3626 3422
f 3421 3624 3631
f 3631 3429 3421
f 3710 3904 3907
f 3907 3712 3710
f 3420 3428 3630
f 3630 3623 3420
f 3418 3419 3425
f 3425 3424 3418
f 3417 3418 3424
f 3424 3423 3417
f 4587 4588 4600
f 4600 4599 4587
f 3417 3620 3621
f 3621 3418 3417
f 3416 3417 3423
f 3423 3422 3416
f 3416 3619 3620
f 3620 3417 3416
f 3413 3420 3623
f 3623 3616 3413
f 3411 3412 3415
f 3415 3414 3411
f 3411 3610 3611
f 3611 3412 3411
f 3602 3609 3796
f 3796 3789 3602
f 3409 3413 3616
f 3616 3609 3409
f 5490 5502 5503
f 5503 5491 5490
f 3404 3602 3603
f 3603 3405 3404
f 3404 3409 3609
f 3609 3602 3404
f 3402 3403 3408
f 3408 3407 3402
f 3402 3600 3601
f 3601 3403 3402
f 3403 3601 3604
f 3604 3408 3403
f 3401 3599 3600
f 3600 3402 3401
f 4166 4368 4377
f 4377 4173 4166
f 5412 5424 5425
f 5425 5413 5412
f 3399 3597 3598
f 3598 3400 3399
f 3755 3756 3961
f 3961 3960 3755
f 3397 3595 3596
f 3596 3398 3397
f 3393 3394 3593
f 3593 3592 3393
f 3387 3587 3593
f 3593 3394 3387
f 3386 3393 3592
f 3592 3586 3386
f 4662 4663 4881
f 4881 4880 4662
f 3381 3582 3590
f 3590 3390 3381
f 3388 3389 3589
f 3589 3588 3388
f 3385 3386 3586
f 3586 3585 3385
f 3380 3384 3584
f 3584 3580 3380
f 3875 3876 4081
f 4081 4080 3875
f 3418 3621 3622
f 3622 3419 3418
f 3379 3380 3580
f 3580 3579 3379
f 3376 3379 3579
f 3579 3577 3376
f 3373 3574 3578
f 3578 3377 3373
f 3372 3375 3576
f 3576 3572 3372
f 3373 3374 3575
f 3575 3574 3373
f 3370 3371 3571
f 3571 3570 3370
f 3695 3701 3894
f 3894 3888 3695
f 3606 3793 3794
f 3794 3607 3606
f 3363 3366 3566
f 3566 3563 3363
f 3362 3561 3564
f 3564 3365 3362
f 3865 4069 4071
f 4071 3868 3865
f 3359 3360 3364
f 3364 3363 3359
f 3359 3559 3560
f 3560 3360 3359
f 3357 3358 3362
f 3362 3361 3357
f 3901 4103 4108
f 4108 3904 3901
f 3352 3353 3358
f 3358 3357 3352
f 5376 5386 5387
f 5387 5377 5376
f 3510 3699 3702
f 3702 3513 3510
f 4436 4437 4441
f 4441 4440 4436
f 3358 3556 3561
f 3561 3362 3358
f 3602 3789 3790
f 3790 3603 3602
f 3348 3355 3555
f 3555 3548 3348
f 3344 3345 3354
f 3354 3353 3344
f 3345 3545 3551
f 3551 3354 3345
f 3343 3344 3353
f 3353 3352 3343
f 3340 3341 3350
f 3350 3349 3340
f 3340 3543 3544
f 3544 3341 3340
f 4445 4648 4652
f 4652 4451 4445
f 3339 3541 3547
f 3547 3347 3339
f 3429 3631 3637
f 3637 3436 3429
f 3336 3337 3345
f 3345 3344 3336
f 3334 3335 3342
f 3342 3341 3334
f 3332 3333 3339
f 3339 3338 3332
f 3333 3538 3541
f 3541 3339 3333
f 4169 4373 4385
f 4385 4180 4169
f 4457 4656 4661
f 4661 4462 4457
f 5483 5494 5495
f 5495 5484 5483
f 5056 5063 5400
f 5400 5398 5056
f 3330 3334 3540
f 3540 3537 3330
f 3327 3328 3333
f 3333 3332 3327
f 4608 4820 4826
f 4826 4618 4608
f 4147 4152 4356
f 4356 4353 4147
f 3323 3529 3533
f 3533 3328 3323
f 3320 3321 3326
f 3326 3325 3320
f 3324 3325 3532
f 3532 3531 3324
f 3319 3324 3531
f 3531 3528 3319
f 4286 4489 4490
f 4490 4287 4286
f 3316 3317 3323
f 3323 3322 3316
f 3665 3856 3857
f 3857 3666 3665
f 3317 3526 3529
f 3529 3323 3317
f 3499 3507 3697
f 3697 3689 3499
f 3314 3318 3527
f 3527 3524 3314
f 3313 3523 3525
f 3525 3316 3313
f 5354 5369 5370
f 5370 5355 5354
f 3641 3642 3822
f 3822 3821 3641
f 3310 3521 3523
f 3523 3313 3310
f 5253 5271 5272
f 5272 5254 5253
f 5464 5479 5480
f 5480 5465 5464
f 5391 5396 5397
f 5397 5392 5391
f 5296 5313 5314
f 5314 5297 5296
f 4792 5053 5054
f 5054 4793 4792
f 3306 3519 3520
f 3520 3307 3306
f 3304 3305 3310
f 3310 3309 3304
f 5070 5083 5084
f 5084 5071 5070
f 3570 3571 3751
f 3751 3750 3570
f 4361 4545 4550
f 4550 4365 4361
f 3301 3514 3515
f 3515 3302 3301
f 3301 3307 3520
f 3520 3514 3301
f 5248 5266 5267
f 5267 5249 5248
f 3296 3509 3510
f 3510 3297 3296
f 3297 3510 3513
f 3513 3300 3297
f 3292 3293 3299
f 3299 3298 3292
f 3292 3505 3506
f 3506 3293 3292
f 3289 3501 3502
f 3502 3290 3289
f 3287 3499 3500
f 3500 3288 3287
f 3287 3294 3507
f 3507 3499 3287
f 3284 3285 3497
f 3497 3496 3284
f 3283 3284 3496
f 3496 3495 3283
f 3282 3283 3495
f 3495 3494 3282
f 3280 3281 3492
f 3492 3491 3280
f 3277 3487 3492
f 3492 3281 3277
f 5492 5504 5505
f 5505 5493 5492
f 3485 3489 3490
f 3490 3486 3485
f 3278 3279 3490
f 3490 3489 3278
f 4224 4434 4438
f 4438 4230 4224
f 3276 3278 3489
f 3489 3485 3276
f 3554 3555 3560
f 3560 3559 3554
f 4559 4560 4782
f 4782 4781 4559
f 3477 3481 3482
f 3482 3478 3477
f 3268 3273 3481
f 3481 3477 3268
f 3265 3266 3271
f 3271 3270 3265
f 3867 3868 3871
f 3871 3870 3867
f 3263 3472 3473
f 3473 3264 3263
f 3262 3471 3472
f 3472 3263 3262
f 3261 3470 3471
f 3471 3262 3261
f 4853 4854 5134
f 5134 5133 4853
f 3257 3258 3464
f 3464 3463 3257
f 3252 3257 3463
f 3463 3461 3252
f 3241 3451 3462
f 3462 3253 3241
f 3251 3252 3461
f 3461 3460 3251
f 3250 3251 3460
f 3460 3459 3250
f 4449 4450 4456
f 4456 4455 4449
f 3240 3249 3458
f 3458 3448 3240
f 3246 3247 3457
f 3457 3456 3246
f 3237 3446 3457
f 3457 3247 3237
f 3245 3246 3456
f 3456 3455 3245
f 3415 3617 3624
f 3624 3421 3415
f 3244 3245 3455
f 3455 3454 3244
f 3243 3244 3454
f 3454 3453 3243
f 3235 3243 3453
f 3453 3444 3235
f 3241 3242 3452
f 3452 3451 3241
f 3239 3240 3448
f 3448 3447 3239
f 5517 5529 5530
f 5530 5518 5517
f 3229 3439 3446
f 3446 3237 3229
f 3232 3233 3443
f 3443 3442 3232
f 3225 3230 3440
f 3440 3434 3225
f 4467 4468 4667
f 4667 4666 4467
f 3223 3432 3433
f 3433 3224 3223
f 4170 4171 4375
f 4375 4374 4170
f 3936 4139 4145
f 4145 3940 3936
f 4326 4516 4517
f 4517 4327 4326
f 4075 4076 4271
f 4271 4270 4075
f 3217 3425 3426
f 3426 3218 3217
f 3218 3426 3432
f 3432 3223 3218
f 3215 3423 3424
f 3424 3216 3215
f 3661 3668 3859
f 3859 3852 3661
f 3212 3219 3428
f 3428 3420 3212
f 3210 3414 3415
f 3415 3211 3210
f 3638 3639 3819
f 3819 3818 3638
f 3211 3415 3421
f 3421 3213 3211
f 4358 4542 4546
f 4546 4362 4358
f 3205 3409 3410
f 3410 3206 3205
f 3444 3453 3454
f 3454 3445 3444
f 3203 3407 3408
f 3408 3204 3203
f 3198 3405 3406
f 3406 3199 3198
f 3196 3197 3203
f 3203 3202 3196
f 3197 3402 3407
f 3407 3203 3197
f 3195 3196 3202
f 3202 3201 3195
f 3194 3195 3201
f 3201 3200 3194
f 3194 3399 3400
f 3400 3195 3194
f 5541 5552 5553
f 5553 5542 5541
f 3193 3199 3406
f 3406 3398 3193
f 3388 3395 3396
f 3396 3389 3388
f 3777 3979 3980
f 3980 3778 3777
f 3185 3389 3396
f 3396 3192 3185
f 5013 5014 5342
f 5342 5341 5013
f 3387 3394 3395
f 3395 3388 3387
f 3190 3191 3395
f 3395 3394 3190
f 3189 3190 3394
f 3394 3393 3189
f 3188 3189 3393
f 3393 3392 3188
f 5041 5392 5397
f 5397 5051 5041
f 3384 3391 3392
f 3392 3385 3384
f 3185 3186 3390
f 3390 3389 3185
f 3181 3182 3382
f 3382 3381 3181
f 3178 3377 3382
f 3382 3182 3178
f 4366 4367 4553
f 4553 4552 4366
f 4764 4768 4769
f 4769 4765 4764
f 3375 3378 3379
f 3379 3376 3375
f 3179 3180 3379
f 3379 3378 3179
f 5258 5276 5277
f 5277 5259 5258
f 3174 3177 3375
f 3375 3372 3174
f 3175 3176 3374
f 3374 3373 3175
f 3169 3170 3173
f 3173 3172 3169
f 5501 5513 5514
f 5514 5502 5501
f 3168 3171 3369
f 3369 3366 3168
f 3166 3167 3170
f 3170 3169 3166
f 5535 5546 5547
f 5547 5536 5535
f 3164 3168 3366
f 3366 3363 3164
f 3162 3163 3167
f 3167 3166 3162
f 3162 3361 3362
f 3362 3163 3162
f 3163 3362 3365
f 3365 3167 3163
f 4860 4866 4867
f 4867 4861 4860
f 5000 5007 5008
f 5008 5001 5000
f 3159 3165 3364
f 3364 3360 3159
f 4949 4959 4960
f 4960 4950 4949
f 3151 3152 3160
f 3160 3159 3151
f 3151 3159 3360
f 3360 3355 3151
f 3149 3150 3158
f 3158 3157 3149
f 3148 3149 3157
f 3157 3156 3148
f 3147 3148 3156
f 3156 3155 3147
f 5123 5133 5134
f 5134 5124 5123
f 3144 3350 3351
f 3351 3145 3144
f 3143 3349 3350
f 3350 3144 3143
f 5106 5113 5441
f 5441 5426 5106
f 3141 3343 3352
f 3352 3150 3141
f 4736 4984 4990
f 4990 4739 4736
f 3136 3137 3146
f 3146 3145 3136
f 4908 4914 4915
f 4915 4909 4908
f 3136 3145 3351
f 3351 3342 3136
f 3132 3133 3142
f 3142 3141 3132
f 3130 3131 3140
f 3140 3139 3130
f 5168 5179 5180
f 5180 5169 5168
f 3129 3136 3342
f 3342 3335 3129
f 3127 3128 3135
f 3135 3134 3127
f 3128 3332 3338
f 3338 3135 3128
f 3126 3127 3134
f 3134 3133 3126
f 4657 4658 4876
f 4876 4875 4657
f 3133 3134 3337
f 3337 3336 3133
f 3122 3123 3128
f 3128 3127 3122
f 3121 3124 3330
f 3330 3326 3121
f 3119 3120 3123
f 3123 3122 3119
f 3273 3276 3485
f 3485 3481 3273
f 3120 3322 3327
f 3327 3123 3120
f 4342 4343 4348
f 4348 4347 4342
f 3118 3121 3326
f 3326 3321 3118
f 3478 3482 3674
f 3674 3671 3478
f 3115 3316 3322
f 3322 3120 3115
f 3112 3113 3118
f 3118 3117 3112
f 3116 3117 3320
f 3320 3319 3116
f 3111 3116 3319
f 3319 3315 3111
f 3107 3108 3112
f 3112 3111 3107
f 3107 3111 3315
f 3315 3312 3107
f 3105 3309 3310
f 3310 3106 3105
f 3102 3103 3108
f 3108 3107 3102
f 3102 3307 3308
f 3308 3103 3102
f 3776 3777 3783
f 3783 3782 3776
f 3101 3304 3309
f 3309 3105 3101
f 5407 5418 5419
f 5419 5408 5407
f 5468 5483 5484
f 5484 5469 5468
f 3966 4179 4187
f 4187 3974 3966
f 4543 4544 4763
f 4763 4762 4543
f 3099 3100 3104
f 3104 3103 3099
f 3099 3302 3303
f 3303 3100 3099
f 4958 4968 5219
f 5219 5205 4958
f 3099 3103 3308
f 3308 3302 3099
f 3095 3298 3299
f 3299 3096 3095
f 3093 3296 3297
f 3297 3094 3093
f 3094 3297 3300
f 3300 3098 3094
f 3092 3295 3296
f 3296 3093 3092
f 3621 3800 3801
f 3801 3622 3621
f 3089 3293 3294
f 3294 3090 3089
f 3089 3096 3299
f 3299 3293 3089
f 3088 3291 3295
f 3295 3092 3088
f 3086 3289 3290
f 3290 3087 3086
f 3085 3288 3289
f 3289 3086 3085
f 3084 3287 3288
f 3288 3085 3084
f 3084 3090 3294
f 3294 3287 3084
f 3077 3280 3286
f 3286 3083 3077
f 3081 3082 3285
f 3285 3284 3081
f 5365 5377 5378
f 5378 5366 5365
f 3080 3081 3284
f 3284 3283 3080
f 3075 3079 3282
f 3282 3279 3075
f 3072 3277 3281
f 3281 3078 3072
f 4579 4580 4592
f 4592 4591 4579
f 3074 3075 3279
f 3279 3278 3074
f 3070 3074 3278
f 3278 3276 3070
f 5349 5364 5365
f 5365 5350 5349
f 3272 3275 3276
f 3276 3273 3272
f 3069 3070 3276
f 3276 3275 3069
f 3066 3069 3275
f 3275 3272 3066
f 3064 3065 3068
f 3068 3067 3064
f 3267 3272 3273
f 3273 3268 3267
f 3061 3066 3272
f 3272 3267 3061
f 3087 3088 3092
f 3092 3091 3087
f 3059 3060 3064
f 3064 3063 3059
f 3060 3265 3270
f 3270 3064 3060
f 3056 3261 3262
f 3262 3057 3056
f 3055 3260 3261
f 3261 3056 3055
f 5115 5123 5124
f 5124 5116 5115
f 3055 3062 3268
f 3268 3260 3055
f 3257 3259 3260
f 3260 3258 3257
f 3054 3055 3260
f 3260 3259 3054
f 5165 5551 5561
f 5561 5176 5165
f 3251 3256 3257
f 3257 3252 3251
f 3049 3050 3257
f 3257 3256 3049
f 3250 3255 3256
f 3256 3251 3250
f 3048 3049 3256
f 3256 3255 3048
f 3044 3048 3255
f 3255 3250 3044
f 3043 3044 3250
f 3250 3249 3043
f 3239 3248 3249
f 3249 3240 3239
f 3042 3043 3249
f 3249 3248 3042
f 3035 3042 3248
f 3248 3239 3035
f 3032 3236 3246
f 3246 3041 3032
f 3198 3206 3410
f 3410 3405 3198
f 3039 3040 3245
f 3245 3244 3039
f 3038 3039 3244
f 3244 3243 3038
f 3728 3731 3938
f 3938 3934 3728
f 3274 3483 3487
f 3487 3277 3274
f 3230 3238 3239
f 3239 3231 3230
f 3034 3035 3239
f 3239 3238 3034
f 3026 3034 3238
f 3238 3230 3026
f 3024 3025 3033
f 3033 3032 3024
f 3032 3033 3237
f 3237 3236 3032
f 3025 3229 3237
f 3237 3033 3025
f 3227 3234 3235
f 3235 3228 3227
f 3029 3030 3235
f 3235 3234 3029
f 3023 3029 3234
f 3234 3227 3023
f 3021 3226 3233
f 3233 3028 3021
f 5140 5146 5147
f 5147 5141 5140
f 4065 4068 4261
f 4261 4257 4065
f 3020 3026 3230
f 3230 3225 3020
f 3018 3019 3025
f 3025 3024 3018
f 3019 3224 3229
f 3229 3025 3019
f 5314 5330 5331
f 5331 5315 5314
f 3221 3227 3228
f 3228 3222 3221
f 3016 3023 3227
f 3227 3221 3016
f 4515 4519 4726
f 4726 4716 4515
f 3014 3220 3226
f 3226 3021 3014
f 3328 3533 3538
f 3538 3333 3328
f 1922 2055 2058
f 2058 1926 1922
f 3013 3020 3225
f 3225 3219 3013
f 3012 3218 3223
f 3223 3018 3012
f 3214 3221 3222
f 3222 3215 3214
f 3008 3016 3221
f 3221 3214 3008
f 5220 5234 5235
f 5235 5221 5220
f 465 472 473
f 473 466 465
f 642 644 782
f 782 779 642
f 1043 1239 1240
f 1240 1044 1043
f 3002 3003 3006
f 3006 3005 3002
f 4724 4730 4731
f 4731 4725 4724
f 3003 3211 3213
f 3213 3006 3003
f 4488 4499 4696
f 4696 4689 4488
f 3529 3717 3719
f 3719 3533 3529
f 3000 3004 3212
f 3212 3209 3000
f 1770 1772 1899
f 1899 1897 1770
f 879 887 888
f 888 880 879
f 867 1067 1076
f 1076 876 867
f 2995 3000 3209
f 3209 3205 2995
f 2992 3201 3202
f 3202 2993 2992
f 2990 3199 3200
f 3200 2991 2990
f 4966 4975 5224
f 5224 5210 4966
f 2967 3175 3178
f 3178 2969 2967
f 1391 1598 1599
f 1599 1392 1391
f 2977 3185 3192
f 3192 2985 2977
f 4748 4754 4755
f 4755 4749 4748
f 2982 2983 3190
f 3190 3189 2982
f 4643 4863 4864
f 4864 4644 4643
f 2977 2978 3186
f 3186 3185 2977
f 2972 3181 3186
f 3186 2978 2972
f 5257 5275 5276
f 5276 5258 5257
f 1295 1300 1524
f 1524 1521 1295
f 665 666 669
f 669 668 665
f 2975 2976 3184
f 3184 3183 2975
f 1522 1723 1728
f 1728 1527 1522
f 399 403 516
f 516 512 399
f 2145 2148 2301
f 2301 2296 2145
f 2970 2971 3180
f 3180 3179 2970
f 886 1084 1091
f 1091 894 886
f 2969 3178 3182
f 3182 2973 2969
f 3681 3682 3876
f 3876 3875 3681
f 5181 5182 5563
f 5563 5562 5181
f 5218 5232 5233
f 5233 5219 5218
f 4131 4134 4341
f 4341 4338 4131
f 3290 3502 3503
f 3503 3291 3290
f 2965 3172 3175
f 3175 2967 2965
f 1462 1679 1690
f 1690 1472 1462
f 2960 3166 3169
f 3169 2963 2960
f 170 171 296
f 296 295 170
f 2593 2600 2769
f 2769 2762 2593
f 3479 3480 3484
f 3484 3483 3479
f 2957 2958 2962
f 2962 2961 2957
f 2957 3164 3165
f 3165 2958 2957
f 2956 3162 3166
f 3166 2960 2956
f 168 293 294
f 294 169 168
f 2891 2892 3080
f 3080 3079 2891
f 3279 3282 3494
f 3494 3490 3279
f 2743 2744 2932
f 2932 2931 2743
f 2948 2949 2955
f 2955 2954 2948
f 4227 4228 4437
f 4437 4436 4227
f 2944 2945 2952
f 2952 2951 2944
f 2855 2859 2860
f 2860 2856 2855
f 2944 2951 3160
f 3160 3152 2944
f 2941 3145 3146
f 3146 2942 2941
f 2439 2610 2612
f 2612 2442 2439
f 2939 3138 3147
f 3147 2943 2939
f 2938 2942 3146
f 3146 3137 2938
f 2933 3130 3139
f 3139 2940 2933
f 5454 5470 5471
f 5471 5455 5454
f 2935 2936 3133
f 3133 3132 2935
f 2929 3126 3133
f 3133 2936 2929
f 2934 2935 3132
f 3132 3131 2934
f 3909 3913 4123
f 4123 4117 3909
f 3031 3032 3041
f 3041 3040 3031
f 2927 2932 3129
f 3129 3125 2927
f 2929 2930 3127
f 3127 3126 2929
f 2345 2346 2505
f 2505 2504 2345
f 4711 4948 4957
f 4957 4720 4711
f 2926 2927 3125
f 3125 3124 2926
f 3298 3303 3516
f 3516 3512 3298
f 2999 3208 3210
f 3210 3002 2999
f 5067 5080 5081
f 5081 5068 5067
f 4205 4409 4415
f 4415 4208 4205
f 2919 2921 3118
f 3118 3113 2919
f 4030 4031 4046
f 4046 4045 4030
f 1796 1800 1801
f 1801 1797 1796
f 2802 2808 2997
f 2997 2990 2802
f 226 360 364
f 364 231 226
f 2912 2913 2916
f 2916 2915 2912
f 2402 2407 2408
f 2408 2403 2402
f 2911 3101 3105
f 3105 2914 2911
f 2909 3098 3101
f 3101 2911 2909
f 3300 3513 3517
f 3517 3304 3300
f 126 127 133
f 133 132 126
f 1981 1982 2117
f 2117 2116 1981
f 2906 2910 3100
f 3100 3095 2906
f 2904 3092 3093
f 3093 2905 2904
f 4619 4626 4627
f 4627 4620 4619
f 1756 1758 1883
f 1883 1881 1756
f 2899 2907 3096
f 3096 3089 2899
f 3345 3346 3546
f 3546 3545 3345
f 5146 5152 5509
f 5509 5497 5146
f 3009 3215 3216
f 3216 3010 3009
f 2897 3086 3087
f 3087 2898 2897
f 2898 3087 3091
f 3091 2903 2898
f 2896 2897 2902
f 2902 2901 2896
f 1313 1314 1535
f 1535 1534 1313
f 2893 2894 3082
f 3082 3081 2893
f 2892 2893 3081
f 3081 3080 2892
f 2886 2887 2892
f 2892 2891 2886
f 2889 2890 3077
f 3077 3076 2889
f 2883 3071 3077
f 3077 2890 2883
f 3367 3368 3371
f 3371 3370 3367
f 3069 3073 3074
f 3074 3070 3069
f 5259 5277 5278
f 5278 5260 5259
f 2884 2885 3074
f 3074 3073 2884
f 2981 2982 3189
f 3189 3188 2981
f 2878 2879 2883
f 2883 2882 2878
f 2879 3067 3071
f 3071 2883 2879
f 1663 1673 1674
f 1674 1664 1663
f 2603 2770 2771
f 2771 2604 2603
f 986 987 993
f 993 992 986
f 1730 1857 1862
f 1862 1735 1730
f 2874 2875 2879
f 2879 2878 2874
f 2875 3064 3067
f 3067 2879 2875
f 3554 3559 3739
f 3739 3734 3554
f 3196 3401 3402
f 3402 3197 3196
f 1058 1059 1067
f 1067 1066 1058
f 2872 2877 3066
f 3066 3061 2872
f 2870 3059 3063
f 3063 2874 2870
f 2868 3057 3058
f 3058 2869 2868
f 2863 3052 3056
f 3056 2867 2863
f 3045 3051 3052
f 3052 3046 3045
f 2849 3036 3046
f 3046 2857 2849
f 2525 2528 2698
f 2698 2695 2525
f 2848 2855 3042
f 3042 3035 2848
f 2851 2852 3039
f 3039 3038 2851
f 2841 3028 3037
f 3037 2850 2841
f 4067 4260 4261
f 4261 4068 4067
f 2849 2850 3037
f 3037 3036 2849
f 554 559 560
f 560 555 554
f 2869 3058 3059
f 3059 2870 2869
f 2845 2846 3032
f 3032 3031 2845
f 4176 4177 4380
f 4380 4379 4176
f 2839 3024 3032
f 3032 2846 2839
f 5118 5125 5459
f 5459 5443 5118
f 2678 2857 2863
f 2863 2684 2678
f 2842 2843 3030
f 3030 3029 2842
f 2837 2842 3029
f 3029 3023 2837
f 389 390 394
f 394 393 389
f 4346 4351 4352
f 4352 4347 4346
f 5062 5069 5070
f 5070 5063 5062
f 2834 2840 3026
f 3026 3020 2834
f 2833 3018 3024
f 3024 2839 2833
f 4494 4692 4693
f 4693 4495 4494
f 3015 3022 3023
f 3023 3016 3015
f 2830 2836 3022
f 3022 3015 2830
f 1727 1728 1854
f 1854 1853 1727
f 2829 3014 3021
f 3021 2835 2829
f 595 725 734
f 734 599 595
f 1186 1187 1191
f 1191 1190 1186
f 4263 4264 4468
f 4468 4467 4263
f 2754 2758 2946
f 2946 2941 2754
f 1163 1348 1351
f 1351 1166 1163
f 1564 1566 1764
f 1764 1762 1564
f 2821 3005 3006
f 3006 2822 2821
f 2822 3006 3014
f 3014 2829 2822
f 3841 4045 4056
f 4056 3848 3841
f 4355 4540 4542
f 4542 4358 4355
f 2819 2828 3013
f 3013 3004 2819
f 5321 5337 5338
f 5338 5322 5321
f 2814 2815 2820
f 2820 2819 2814
f 2814 3000 3001
f 3001 2815 2814
f 2812 2998 2999
f 2999 2813 2812
f 2813 2999 3002
f 3002 2818 2813
f 3519 3522 3711
f 3711 3708 3519
f 523 524 618
f 618 617 523
f 2807 2808 2816
f 2816 2815 2807
f 2805 2806 2812
f 2812 2811 2805
f 4709 4716 4717
f 4717 4710 4709
f 2814 2819 3004
f 3004 3000 2814
f 2805 2993 2994
f 2994 2806 2805
f 2202 2205 2363
f 2363 2359 2202
f 2804 2992 2993
f 2993 2805 2804
f 2981 2986 2987
f 2987 2982 2981
f 2694 2874 2878
f 2878 2697 2694
f 2798 2799 2987
f 2987 2986 2798
f 2227 2383 2387
f 2387 2232 2227
f 2793 2794 2984
f 2984 2983 2793
f 1287 1514 1519
f 1519 1291 1287
f 2787 2790 2979
f 2979 2975 2787
f 2804 2805 2811
f 2811 2810 2804
f 2788 2789 2978
f 2978 2977 2788
f 2784 2972 2978
f 2978 2789 2784
f 2391 2561 2562
f 2562 2392 2391
f 3184 3187 3391
f 3391 3384 3184
f 4963 4972 4973
f 4973 4964 4963
f 391 503 507
f 507 395 391
f 2781 2783 2970
f 2970 2968 2781
f 5400 5402 5403
f 5403 5401 5400
f 2780 2967 2969
f 2969 2782 2780
f 1460 1468 1469
f 1469 1461 1460
f 2897 2898 2903
f 2903 2902 2897
f 4906 4912 4913
f 4913 4907 4906
f 3102 3107 3312
f 3312 3307 3102
f 1456 1670 1680
f 1680 1463 1456
f 2450 2451 2622
f 2622 2621 2450
f 3958 4165 4172
f 4172 3963 3958
f 2776 2963 2965
f 2965 2778 2776
f 2410 2416 2417
f 2417 2411 2410
f 2689 2867 2868
f 2868 2690 2689
f 2773 2961 2962
f 2962 2774 2773
f 2771 2772 2776
f 2776 2775 2771
f 2925 3122 3127
f 3127 2930 2925
f 3592 3778 3779
f 3779 3593 3592
f 1569 1767 1769
f 1769 1571 1569
f 2765 2953 2954
f 2954 2766 2765
f 254 255 262
f 262 261 254
f 2761 2950 2951
f 2951 2762 2761
f 3369 3372 3572
f 3572 3569 3369
f 2761 2768 2958
f 2958 2950 2761
f 2760 2947 2953
f 2953 2765 2760
f 1181 1361 1364
f 1364 1185 1181
f 3370 3570 3575
f 3575 3374 3370
f 2757 2763 2952
f 2952 2945 2757
f 3368 3568 3571
f 3571 3371 3368
f 4307 4308 4315
f 4315 4314 4307
f 2745 2933 2940
f 2940 2752 2745
f 2750 2751 2939
f 2939 2938 2750
f 2744 2749 2937
f 2937 2932 2744
f 830 834 1041
f 1041 1034 830
f 2745 2746 2934
f 2934 2933 2745
f 4210 4419 4420
f 4420 4211 4210
f 785 786 956
f 956 955 785
f 1885 1887 2014
f 2014 2012 1885
f 2740 2743 2931
f 2931 2926 2740
f 2741 2742 2929
f 2929 2928 2741
f 2917 3109 3114
f 3114 2920 2917
f 2737 2738 2925
f 2925 2924 2737
f 2734 2922 2925
f 2925 2738 2734
f 3302 3515 3516
f 3516 3303 3302
f 2731 2920 2922
f 2922 2734 2731
f 3766 3972 3977
f 3977 3774 3766
f 1816 1821 1953
f 1953 1945 1816
f 350 354 355
f 355 351 350
f 4502 4702 4703
f 4703 4503 4502
f 389 393 506
f 506 501 389
f 2430 2431 2437
f 2437 2436 2430
f 2730 2733 2921
f 2921 2919 2730
f 2728 2917 2920
f 2920 2731 2728
f 1653 1664 1665
f 1665 1654 1653
f 839 840 848
f 848 847 839
f 1525 1529 1729
f 1729 1726 1525
f 1167 1171 1356
f 1356 1353 1167
f 2865 2871 2872
f 2872 2866 2865
f 3027 3232 3242
f 3242 3036 3027
f 453 457 458
f 458 454 453
f 882 1082 1083
f 1083 883 882
f 2724 2911 2914
f 2914 2726 2724
f 1871 1872 1877
f 1877 1876 1871
f 424 425 435
f 435 434 424
f 2360 2364 2528
f 2528 2525 2360
f 2719 2720 2724
f 2724 2723 2719
f 1392 1599 1600
f 1600 1393 1392
f 2720 2909 2911
f 2911 2724 2720
f 4399 4597 4598
f 4598 4400 4399
f 5509 5521 5522
f 5522 5510 5509
f 2219 2224 2381
f 2381 2374 2219
f 966 967 973
f 973 972 966
f 2713 2904 2905
f 2905 2714 2713
f 4590 4591 4603
f 4603 4602 4590
f 2714 2905 2908
f 2908 2719 2714
f 2712 2903 2904
f 2904 2713 2712
f 2711 2902 2903
f 2903 2712 2711
f 2652 2658 2830
f 2830 2823 2652
f 5076 5089 5090
f 5090 5077 5076
f 2709 2900 2901
f 2901 2710 2709
f 2708 2716 2907
f 2907 2899 2708
f 3801 3802 3807
f 3807 3806 3801
f 141 270 277
f 277 149 141
f 2702 2703 2885
f 2885 2884 2702
f 3935 3936 3940
f 3940 3939 3935
f 1279 1505 1510
f 1510 1284 1279
f 2699 2702 2884
f 2884 2881 2699
f 4964 4973 4974
f 4974 4965 4964
f 3341 3342 3351
f 3351 3350 3341
f 1995 2001 2135
f 2135 2130 1995
f 2939 2940 3139
f 3139 3138 2939
f 2876 2880 2881
f 2881 2877 2876
f 4486 4687 4688
f 4688 4487 4486
f 634 640 777
f 777 771 634
f 2693 2873 2874
f 2874 2694 2693
f 5056 5398 5399
f 5399 5057 5056
f 1767 1894 1896
f 1896 1769 1767
f 2726 2914 2917
f 2917 2728 2726
f 4871 5154 5158
f 5158 4874 4871
f 2691 2869 2873
f 2873 2693 2691
f 2861 2864 2865
f 2865 2862 2861
f 287 401 405
f 405 294 287
f 2681 2682 2861
f 2861 2860 2681
f 2849 2857 2858
f 2858 2850 2849
f 2678 2679 2858
f 2858 2857 2678
f 2676 2677 2855
f 2855 2854 2676
f 5540 5551 5552
f 5552 5541 5540
f 894 895 903
f 903 902 894
f 2021 2025 2026
f 2026 2022 2021
f 2674 2676 2854
f 2854 2847 2674
f 2675 2850 2858
f 2858 2679 2675
f 2499 2500 2671
f 2671 2670 2499
f 558 673 674
f 674 559 558
f 2668 2674 2847
f 2847 2840 2668
f 1902 2034 2036
f 2036 1904 1902
f 2672 2673 2845
f 2845 2844 2672
f 2667 2838 2845
f 2845 2673 2667
f 2671 2672 2844
f 2844 2843 2671
f 2665 2670 2842
f 2842 2837 2665
f 2766 2767 2771
f 2771 2770 2766
f 5015 5020 5358
f 5358 5343 5015
f 3521 3710 3712
f 3712 3523 3521
f 3723 3924 3930
f 3930 3727 3723
f 2661 2832 2838
f 2838 2667 2661
f 611 752 755
f 755 614 611
f 2658 2664 2836
f 2836 2830 2658
f 2994 3203 3207
f 3207 2998 2994
f 1892 1895 2025
f 2025 2021 1892
f 2857 3046 3052
f 3052 2863 2857
f 2654 2655 2660
f 2660 2659 2654
f 4873 4875 5159
f 5159 5156 4873
f 2655 2826 2831
f 2831 2660 2655
f 2653 2824 2825
f 2825 2654 2653
f 2652 2823 2824
f 2824 2653 2652
f 2921 2923 3121
f 3121 3118 2921
f 5507 5519 5520
f 5520 5508 5507
f 4441 4442 4647
f 4647 4646 4441
f 2867 3056 3057
f 3057 2868 2867
f 3816 4018 4028
f 4028 3826 3816
f 3920 3921 3926
f 3926 3925 3920
f 2647 2818 2821
f 2821 2650 2647
f 533 534 542
f 542 541 533
f 4104 4110 4111
f 4111 4105 4104
f 3143 3152 3356
f 3356 3349 3143
f 3875 4080 4085
f 4085 3881 3875
f 5008 5011 5012
f 5012 5009 5008
f 4161 4164 4366
f 4366 4364 4161
f 2640 2811 2812
f 2812 2641 2640
f 2638 2809 2810
f 2810 2639 2638
f 2637 2808 2809
f 2809 2638 2637
f 2637 2643 2816
f 2816 2808 2637
f 2793 2800 2801
f 2801 2794 2793
f 2631 2632 2801
f 2801 2800 2631
f 2624 2794 2801
f 2801 2632 2624
f 4266 4270 4271
f 4271 4267 4266
f 2629 2630 2799
f 2799 2798 2629
f 2620 2789 2796
f 2796 2626 2620
f 2836 2837 3023
f 3023 3022 2836
f 2146 2147 2300
f 2300 2299 2146
f 2222 2223 2230
f 2230 2229 2222
f 2622 2623 2791
f 2791 2790 2622
f 2616 2784 2789
f 2789 2620 2616
f 3050 3054 3259
f 3259 3257 3050
f 2654 2825 2826
f 2826 2655 2654
f 2618 2619 2787
f 2787 2786 2618
f 2616 2617 2785
f 2785 2784 2616
f 2614 2782 2785
f 2785 2617 2614
f 833 838 1046
f 1046 1040 833
f 613 616 757
f 757 754 613
f 1146 1333 1339
f 1339 1151 1146
f 3786 3787 3793
f 3793 3792 3786
f 526 621 626
f 626 531 526
f 5151 5155 5156
f 5156 5152 5151
f 2613 2615 2783
f 2783 2781 2613
f 5141 5147 5148
f 5148 5142 5141
f 1027 1028 1208
f 1208 1207 1027
f 3481 3485 3486
f 3486 3482 3481
f 2610 2778 2780
f 2780 2612 2610
f 2503 2675 2679
f 2679 2507 2503
f 2727 2730 2919
f 2919 2916 2727
f 4654 4655 4658
f 4658 4657 4654
f 2420 2426 2601
f 2601 2594 2420
f 4295 4497 4498
f 4498 4296 4295
f 4122 4330 4332
f 4332 4127 4122
f 4054 4061 4252
f 4252 4245 4054
f 2605 2609 2777
f 2777 2773 2605
f 2384 2553 2556
f 2556 2388 2384
f 1710 1836 1839
f 1839 1713 1710
f 2191 2195 2352
f 2352 2349 2191
f 2566 2567 2570
f 2570 2569 2566
f 2597 2598 2603
f 2603 2602 2597
f 499 595 599
f 599 504 499
f 2597 2765 2766
f 2766 2598 2597
f 4093 4295 4296
f 4296 4094 4093
f 2593 2594 2601
f 2601 2600 2593
f 2591 2592 2597
f 2597 2596 2591
f 2591 2759 2760
f 2760 2592 2591
f 3264 3473 3474
f 3474 3265 3264
f 2590 2758 2759
f 2759 2591 2590
f 2587 2588 2756
f 2756 2755 2587
f 4833 5107 5108
f 5108 4834 4833
f 2573 2741 2747
f 2747 2578 2573
f 2127 2277 2278
f 2278 2128 2127
f 4259 4260 4264
f 4264 4263 4259
f 2976 2980 3187
f 3187 3184 2976
f 2573 2574 2742
f 2742 2741 2573
f 2318 2473 2474
f 2474 2319 2318
f 4989 5273 5290
f 5290 4996 4989
f 2735 2739 2740
f 2740 2736 2735
f 5072 5085 5086
f 5086 5073 5072
f 5127 5469 5484
f 5484 5137 5127
f 2565 2568 2735
f 2735 2732 2565
f 2563 2564 2567
f 2567 2566 2563
f 2564 2731 2734
f 2734 2567 2564
f 1429 1436 1437
f 1437 1430 1429
f 2559 2560 2564
f 2564 2563 2559
f 2593 2762 2763
f 2763 2594 2593
f 3586 3587 3773
f 3773 3772 3586
f 2560 2728 2731
f 2731 2564 2560
f 5109 5117 5118
f 5118 5110 5109
f 2556 2557 2560
f 2560 2559 2556
f 2557 2726 2728
f 2728 2560 2557
f 1054 1246 1251
f 1251 1062 1054
f 2567 2734 2738
f 2738 2570 2567
f 3030 3038 3243
f 3243 3235 3030
f 2553 2723 2724
f 2724 2554 2553
f 2554 2724 2726
f 2726 2557 2554
f 4062 4065 4257
f 4257 4253 4062
f 3427 3629 3634
f 3634 3433 3427
f 2550 2721 2722
f 2722 2551 2550
f 144 154 284
f 284 276 144
f 2543 2716 2717
f 2717 2544 2543
f 2832 3017 3018
f 3018 2833 2832
f 2543 2551 2722
f 2722 2716 2543
f 1979 1980 2115
f 2115 2114 1979
f 2541 2542 2548
f 2548 2547 2541
f 1294 1299 1300
f 1300 1295 1294
f 2541 2712 2713
f 2713 2542 2541
f 2540 2541 2547
f 2547 2546 2540
f 2582 2583 2752
f 2752 2751 2582
f 2540 2711 2712
f 2712 2541 2540
f 2539 2540 2546
f 2546 2545 2539
f 150 160 288
f 288 280 150
f 2539 2710 2711
f 2711 2540 2539
f 2538 2709 2710
f 2710 2539 2538
f 2536 2537 2706
f 2706 2705 2536
f 2530 2531 2536
f 2536 2535 2530
f 1215 1401 1402
f 1402 1216 1215
f 2534 2535 2704
f 2704 2703 2534
f 4673 4674 4898
f 4898 4897 4673
f 2529 2533 2702
f 2702 2699 2529
f 2528 2529 2699
f 2699 2698 2528
f 2641 2812 2817
f 2817 2646 2641
f 4928 4941 4942
f 4942 4929 4928
f 2518 2690 2691
f 2691 2519 2518
f 2519 2691 2693
f 2693 2523 2519
f 1212 1213 1215
f 1215 1214 1212
f 4828 4836 5109
f 5109 5098 4828
f 1153 1341 1344
f 1344 1158 1153
f 5002 5003 5306
f 5306 5305 5002
f 2669 2841 2850
f 2850 2675 2669
f 2681 2685 2686
f 2686 2682 2681
f 4142 4143 4149
f 4149 4148 4142
f 2510 2511 2684
f 2684 2683 2510
f 2506 2678 2684
f 2684 2511 2506
f 4300 4301 4309
f 4309 4308 4300
f 2508 2509 2681
f 2681 2680 2508
f 2505 2508 2680
f 2680 2677 2505
f 4983 4989 4990
f 4990 4984 4983
f 1012 1013 1189
f 1189 1188 1012
f 5299 5316 5317
f 5317 5300 5299
f 2660 2831 2832
f 2832 2661 2660
f 2924 2925 2930
f 2930 2929 2924
f 4752 4756 5010
f 5010 5005 4752
f 2666 2667 2673
f 2673 2672 2666
f 5279 5297 5298
f 5298 5280 5279
f 1890 1891 2020
f 2020 2019 1890
f 1029 1228 1229
f 1229 1030 1029
f 3224 3433 3439
f 3439 3229 3224
f 3203 3204 3208
f 3208 3207 3203
f 2500 2501 2672
f 2672 2671 2500
f 2496 2666 2672
f 2672 2501 2496
f 2494 2495 2500
f 2500 2499 2494
f 3492 3493 3682
f 3682 3681 3492
f 267 393 394
f 394 268 267
f 5185 5191 5192
f 5192 5186 5185
f 660 662 818
f 818 814 660
f 2491 2497 2668
f 2668 2662 2491
f 2493 2494 2665
f 2665 2664 2493
f 4641 4642 4859
f 4859 4858 4641
f 3173 3370 3374
f 3374 3176 3173
f 2483 2653 2654
f 2654 2484 2483
f 2484 2654 2659
f 2659 2489 2484
f 2482 2652 2653
f 2653 2483 2482
f 2480 2650 2651
f 2651 2481 2480
f 2481 2651 2657
f 2657 2487 2481
f 4218 4222 4433
f 4433 4429 4218
f 859 860 1061
f 1061 1060 859
f 2477 2648 2649
f 2649 2478 2477
f 2961 2964 3171
f 3171 3168 2961
f 3748 3753 3754
f 3754 3749 3748
f 2470 2471 2479
f 2479 2478 2470
f 2470 2642 2643
f 2643 2471 2470
f 2470 2478 2649
f 2649 2642 2470
f 3496 3497 3686
f 3686 3685 3496
f 2468 2639 2640
f 2640 2469 2468
f 2469 2640 2645
f 2645 2474 2469
f 2467 2638 2639
f 2639 2468 2467
f 3631 3810 3816
f 3816 3637 3631
f 2467 2472 2644
f 2644 2638 2467
f 2458 2631 2636
f 2636 2465 2458
f 2463 2464 2635
f 2635 2634 2463
f 2457 2463 2634
f 2634 2629 2457
f 903 1095 1099
f 1099 911 903
f 2452 2625 2633
f 2633 2460 2452
f 471 479 480
f 480 472 471
f 2451 2455 2627
f 2627 2622 2451
f 1820 1952 1953
f 1953 1821 1820
f 2502 2504 2676
f 2676 2674 2502
f 2572 2576 2743
f 2743 2740 2572
f 5529 5541 5542
f 5542 5530 5529
f 2522 2523 2527
f 2527 2526 2522
f 124 251 257
f 257 129 124
f 2446 2616 2620
f 2620 2449 2446
f 2920 3114 3119
f 3119 2922 2920
f 83 84 194
f 194 193 83
f 2446 2447 2617
f 2617 2616 2446
f 4710 4717 4952
f 4952 4941 4710
f 2444 2614 2617
f 2617 2447 2444
f 4272 4273 4478
f 4478 4477 4272
f 4529 4530 4739
f 4739 4738 4529
f 198 202 203
f 203 199 198
f 5098 5109 5110
f 5110 5099 5098
f 3812 3818 4020
f 4020 4015 3812
f 2442 2612 2614
f 2614 2444 2442
f 3435 3442 3443
f 3443 3436 3435
f 501 506 600
f 600 597 501
f 3228 3235 3444
f 3444 3438 3228
f 2482 2488 2658
f 2658 2652 2482
f 2136 2283 2286
f 2286 2138 2136
f 4779 5042 5052
f 5052 4791 4779
f 763 768 937
f 937 932 763
f 2434 2435 2439
f 2439 2438 2434
f 2932 2937 3136
f 3136 3129 2932
f 1888 2016 2020
f 2020 1891 1888
f 4214 4215 4219
f 4219 4218 4214
f 2430 2605 2606
f 2606 2431 2430
f 1834 1838 1966
f 1966 1963 1834
f 2428 2429 2434
f 2434 2433 2428
f 567 574 575
f 575 568 567
f 2791 2792 2981
f 2981 2980 2791
f 4340 4341 4345
f 4345 4344 4340
f 2424 2431 2606
f 2606 2599 2424
f 5481 5492 5493
f 5493 5482 5481
f 2422 2596 2597
f 2597 2423 2422
f 2346 2348 2508
f 2508 2505 2346
f 2420 2594 2595
f 2595 2421 2420
f 2586 2590 2591
f 2591 2587 2586
f 2412 2587 2591
f 2591 2418 2412
f 2582 2588 2589
f 2589 2583 2582
f 2406 2583 2589
f 2589 2414 2406
f 2542 2713 2718
f 2718 2548 2542
f 2405 2410 2585
f 2585 2580 2405
f 1847 1851 1979
f 1979 1975 1847
f 2406 2407 2584
f 2584 2583 2406
f 2402 2577 2584
f 2584 2407 2402
f 2575 2579 2580
f 2580 2576 2575
f 2404 2405 2580
f 2580 2579 2404
f 2568 2571 2739
f 2739 2735 2568
f 4185 4186 4389
f 4389 4388 4185
f 3010 3216 3217
f 3217 3011 3010
f 4224 4230 4231
f 4231 4225 4224
f 3441 3447 3647
f 3647 3642 3441
f 2399 2400 2574
f 2574 2573 2399
f 2397 2569 2574
f 2574 2400 2397
f 2908 3097 3098
f 3098 2909 2908
f 1456 1463 1464
f 1464 1457 1456
f 2746 2747 2935
f 2935 2934 2746
f 4659 4662 4880
f 4880 4877 4659
f 509 603 604
f 604 510 509
f 3285 3286 3498
f 3498 3497 3285
f 2395 2566 2569
f 2569 2397 2395
f 4937 4947 4948
f 4948 4938 4937
f 5157 5161 5162
f 5162 5158 5157
f 952 955 956
f 956 953 952
f 1464 1465 1682
f 1682 1681 1464
f 4830 4831 5105
f 5105 5104 4830
f 1096 1270 1273
f 1273 1100 1096
f 5537 5548 5549
f 5549 5538 5537
f 2393 2563 2566
f 2566 2395 2393
f 4814 5076 5077
f 5077 4815 4814
f 1271 1485 1486
f 1486 1272 1271
f 638 775 780
f 780 643 638
f 2192 2193 2198
f 2198 2197 2192
f 2388 2556 2559
f 2559 2390 2388
f 2802 2803 2809
f 2809 2808 2802
f 2966 2968 3177
f 3177 3174 2966
f 2385 2389 2558
f 2558 2555 2385
f 2383 2384 2388
f 2388 2387 2383
f 5348 5363 5364
f 5364 5349 5348
f 2376 2377 2383
f 2383 2382 2376
f 2376 2547 2548
f 2548 2377 2376
f 2375 2546 2547
f 2547 2376 2375
f 2374 2545 2546
f 2546 2375 2374
f 2373 2374 2381
f 2381 2380 2373
f 2366 2367 2371
f 2371 2370 2366
f 4582 4595 4596
f 4596 4583 4582
f 2915 2918 3112
f 3112 3108 2915
f 2365 2366 2370
f 2370 2369 2365
f 2369 2370 2534
f 2534 2533 2369
f 2535 2536 2705
f 2705 2704 2535
f 2361 2362 2368
f 2368 2367 2361
f 2362 2526 2531
f 2531 2368 2362
f 2430 2436 2609
f 2609 2605 2430
f 2364 2365 2529
f 2529 2528 2364
f 2357 2358 2362
f 2362 2361 2357
f 2520 2524 2525
f 2525 2521 2520
f 619 760 761
f 761 620 619
f 2353 2356 2520
f 2520 2514 2353
f 960 961 965
f 965 964 960
f 54 61 173
f 173 163 54
f 2352 2353 2514
f 2514 2513 2352
f 2506 2511 2512
f 2512 2507 2506
f 2347 2507 2512
f 2512 2351 2347
f 686 852 853
f 853 687 686
f 2168 2326 2332
f 2332 2173 2168
f 438 439 539
f 539 538 438
f 4813 5075 5076
f 5076 4814 4813
f 1539 1739 1740
f 1740 1540 1539
f 3624 3625 3805
f 3805 3804 3624
f 3384 3385 3585
f 3585 3584 3384
f 3059 3264 3265
f 3265 3060 3059
f 2548 2549 2553
f 2553 2552 2548
f 5166 5177 5178
f 5178 5167 5166
f 2618 2621 2622
f 2622 2619 2618
f 764 933 939
f 939 770 764
f 4372 4373 4564
f 4564 4563 4372
f 2330 2485 2486
f 2486 2331 2330
f 2328 2329 2335
f 2335 2334 2328
f 2569 2737 2742
f 2742 2574 2569
f 2367 2368 2531
f 2531 2530 2367
f 2329 2484 2489
f 2489 2335 2329
f 2327 2482 2483
f 2483 2328 2327
f 2327 2333 2488
f 2488 2482 2327
f 2325 2480 2481
f 2481 2326 2325
f 991 1173 1176
f 1176 997 991
f 1223 1224 1226
f 1226 1225 1223
f 1353 1356 1566
f 1566 1564 1353
f 3266 3475 3479
f 3479 3271 3266
f 1548 1554 1754
f 1754 1750 1548
f 2321 2476 2480
f 2480 2325 2321
f 1393 1394 1398
f 1398 1397 1393
f 2319 2474 2475
f 2475 2320 2319
f 2176 2335 2340
f 2340 2181 2176
f 2317 2472 2473
f 2473 2318 2317
f 1443 1640 1641
f 1641 1444 1443
f 2316 2471 2472
f 2472 2317 2316
f 2458 2465 2466
f 2466 2459 2458
f 2298 2459 2466
f 2466 2307 2298
f 3862 3866 4070
f 4070 4067 3862
f 2305 2306 2465
f 2465 2464 2305
f 2304 2305 2464
f 2464 2463 2304
f 2456 2462 2463
f 2463 2457 2456
f 3873 3877 3878
f 3878 3874 3873
f 128 129 135
f 135 134 128
f 2455 2461 2462
f 2462 2456 2455
f 2297 2302 2461
f 2461 2455 2297
f 2298 2299 2460
f 2460 2459 2298
f 2294 2452 2460
f 2460 2299 2294
f 5022 5023 5361
f 5361 5360 5022
f 1333 1334 1340
f 1340 1339 1333
f 3138 3139 3148
f 3148 3147 3138
f 3582 3583 3769
f 3769 3768 3582
f 1131 1132 1312
f 1312 1311 1131
f 2450 2454 2455
f 2455 2451 2450
f 2708 2709 2717
f 2717 2716 2708
f 2293 2296 2454
f 2454 2450 2293
f 2294 2295 2453
f 2453 2452 2294
f 2292 2449 2453
f 2453 2295 2292
f 2874 3063 3064
f 3064 2875 2874
f 829 1032 1037
f 1037 832 829
f 2943 3147 3155
f 3155 2947 2943
f 2291 2293 2450
f 2450 2448 2291
f 5207 5221 5222
f 5222 5208 5207
f 2289 2290 2447
f 2447 2446 2289
f 2287 2444 2447
f 2447 2290 2287
f 2866 2872 3061
f 3061 3054 2866
f 2283 2284 2287
f 2287 2286 2283
f 3941 3945 4153
f 4153 4148 3941
f 2413 2414 2589
f 2589 2588 2413
f 2406 2414 2415
f 2415 2407 2406
f 1173 1174 1177
f 1177 1176 1173
f 5208 5222 5223
f 5223 5209 5208
f 2335 2489 2495
f 2495 2340 2335
f 2912 3103 3104
f 3104 2913 2912
f 2282 2285 2443
f 2443 2440 2282
f 3465 3661 3662
f 3662 3466 3465
f 2279 2436 2437
f 2437 2280 2279
f 2278 2434 2438
f 2438 2281 2278
f 1620 1624 1625
f 1625 1621 1620
f 4995 5002 5305
f 5305 5288 4995
f 2783 2786 2974
f 2974 2970 2783
f 741 911 915
f 915 746 741
f 2273 2280 2437
f 2437 2431 2273
f 2271 2272 2277
f 2277 2276 2271
f 2090 2094 2244
f 2244 2242 2090
f 2272 2428 2433
f 2433 2277 2272
f 4078 4083 4084
f 4084 4079 4078
f 2161 2319 2320
f 2320 2162 2161
f 5526 5538 5539
f 5539 5527 5526
f 2267 2268 2275
f 2275 2274 2267
f 2267 2274 2432
f 2432 2425 2267
f 2265 2422 2423
f 2423 2266 2265
f 2266 2423 2427
f 2427 2271 2266
f 2263 2264 2269
f 2269 2268 2263
f 2263 2420 2421
f 2421 2264 2263
f 2972 2973 3182
f 3182 3181 2972
f 2260 2418 2422
f 2422 2265 2260
f 2350 2351 2512
f 2512 2511 2350
f 3766 3767 3973
f 3973 3972 3766
f 3448 3458 3459
f 3459 3449 3448
f 2254 2413 2419
f 2419 2261 2254
f 2255 2256 2415
f 2415 2414 2255
f 2254 2255 2414
f 2414 2413 2254
f 340 343 450
f 450 447 340
f 2252 2253 2410
f 2410 2409 2252
f 2250 2251 2408
f 2408 2407 2250
f 5453 5469 5470
f 5470 5454 5453
f 2838 2839 2846
f 2846 2845 2838
f 779 782 952
f 952 949 779
f 5276 5294 5295
f 5295 5277 5276
f 2247 2249 2404
f 2404 2401 2247
f 2245 2399 2403
f 2403 2248 2245
f 2629 2634 2635
f 2635 2630 2629
f 2244 2247 2401
f 2401 2398 2244
f 4613 4614 4623
f 4623 4622 4613
f 2296 2297 2455
f 2455 2454 2296
f 399 400 404
f 404 403 399
f 2423 2597 2602
f 2602 2427 2423
f 4390 4582 4583
f 4583 4391 4390
f 3027 3028 3233
f 3233 3232 3027
f 1097 1271 1272
f 1272 1098 1097
f 2242 2244 2398
f 2398 2396 2242
f 2583 2584 2753
f 2753 2752 2583
f 2156 2313 2319
f 2319 2161 2156
f 2236 2390 2393
f 2393 2239 2236
f 2991 3200 3201
f 3201 2992 2991
f 1067 1068 1077
f 1077 1076 1067
f 4333 4334 4338
f 4338 4337 4333
f 5436 5451 5452
f 5452 5437 5436
f 1154 1160 1347
f 1347 1343 1154
f 4793 5054 5055
f 5055 4794 4793
f 2234 2238 2392
f 2392 2389 2234
f 2232 2233 2236
f 2236 2235 2232
f 2232 2387 2388
f 2388 2233 2232
f 229 230 237
f 237 236 229
f 2862 2865 3053
f 3053 3049 2862
f 4258 4462 4465
f 4465 4262 4258
f 755 924 928
f 928 759 755
f 2226 2227 2232
f 2232 2231 2226
f 898 899 907
f 907 906 898
f 2226 2382 2383
f 2383 2227 2226
f 1671 1681 1682
f 1682 1672 1671
f 4096 4302 4303
f 4303 4097 4096
f 3261 3269 3478
f 3478 3470 3261
f 2223 2380 2381
f 2381 2224 2223
f 752 922 924
f 924 755 752
f 2219 2374 2375
f 2375 2220 2219
f 2204 2361 2367
f 2367 2209 2204
f 2359 2363 2364
f 2364 2360 2359
f 2320 2321 2325
f 2325 2324 2320
f 758 759 928
f 928 927 758
f 2205 2206 2364
f 2364 2363 2205
f 285 286 293
f 293 292 285
f 2199 2202 2359
f 2359 2356 2199
f 2000 2134 2135
f 2135 2001 2000
f 2198 2354 2357
f 2357 2201 2198
f 2825 3009 3010
f 3010 2826 2825
f 2193 2350 2354
f 2354 2198 2193
f 4433 4436 4642
f 4642 4638 4433
f 2475 2646 2647
f 2647 2476 2475
f 1556 1755 1757
f 1757 1559 1556
f 2195 2196 2353
f 2353 2352 2195
f 2188 2189 2194
f 2194 2193 2188
f 2189 2347 2351
f 2351 2194 2189
f 4009 4010 4215
f 4215 4214 4009
f 5443 5459 5460
f 5460 5444 5443
f 5361 5373 5374
f 5374 5362 5361
f 2190 2191 2349
f 2349 2348 2190
f 1988 2121 2122
f 2122 1989 1988
f 2187 2190 2348
f 2348 2346 2187
f 2185 2344 2347
f 2347 2189 2185
f 4037 4038 4050
f 4050 4049 4037
f 1608 1609 1612
f 1612 1611 1608
f 745 746 915
f 915 914 745
f 2067 2223 2224
f 2224 2068 2067
f 3652 3653 3838
f 3838 3837 3652
f 4876 4879 5163
f 5163 5160 4876
f 2186 2187 2346
f 2346 2345 2186
f 1014 1015 1192
f 1192 1191 1014
f 3109 3110 3115
f 3115 3114 3109
f 2182 2184 2343
f 2343 2341 2182
f 2178 2337 2342
f 2342 2183 2178
f 2754 2755 2759
f 2759 2758 2754
f 2886 2891 3079
f 3079 3075 2886
f 2650 2821 2822
f 2822 2651 2650
f 2721 2725 2913
f 2913 2910 2721
f 940 946 1133
f 1133 1128 940
f 4958 5205 5206
f 5206 4959 4958
f 401 514 517
f 517 405 401
f 2705 2706 2888
f 2888 2887 2705
f 2180 2181 2340
f 2340 2339 2180
f 3150 3352 3357
f 3357 3158 3150
f 2175 2334 2335
f 2335 2176 2175
f 2179 2180 2339
f 2339 2338 2179
f 2174 2179 2338
f 2338 2333 2174
f 2477 2478 2486
f 2486 2485 2477
f 2173 2332 2337
f 2337 2178 2173
f 3265 3474 3475
f 3475 3266 3265
f 614 755 759
f 759 618 614
f 1178 1179 1183
f 1183 1182 1178
f 2171 2330 2331
f 2331 2172 2171
f 2171 2177 2336
f 2336 2330 2171
f 2169 2170 2175
f 2175 2174 2169
f 2169 2327 2328
f 2328 2170 2169
f 2383 2552 2553
f 2553 2384 2383
f 2169 2174 2333
f 2333 2327 2169
f 2326 2481 2487
f 2487 2332 2326
f 1231 1232 1238
f 1238 1237 1231
f 1871 2000 2001
f 2001 1872 1871
f 2429 2604 2607
f 2607 2434 2429
f 1051 1052 1058
f 1058 1057 1051
f 4251 4255 4461
f 4461 4456 4251
f 2165 2172 2331
f 2331 2322 2165
f 603 607 747
f 747 743 603
f 2162 2320 2324
f 2324 2166 2162
f 2806 2994 2998
f 2998 2812 2806
f 2046 2048 2199
f 2199 2196 2046
f 2315 2322 2323
f 2323 2316 2315
f 2159 2315 2316
f 2316 2160 2159
f 2312 2318 2319
f 2319 2313 2312
f 2049 2200 2201
f 2201 2050 2049
f 2155 2160 2316
f 2316 2310 2155
f 2156 2157 2314
f 2314 2313 2156
f 2150 2307 2314
f 2314 2157 2150
f 3241 3253 3254
f 3254 3242 3241
f 4478 4479 4681
f 4681 4680 4478
f 2304 2311 2312
f 2312 2305 2304
f 3825 3826 4028
f 4028 4027 3825
f 2146 2299 2308
f 2308 2151 2146
f 4932 5184 5185
f 5185 4933 4932
f 209 346 347
f 347 210 209
f 1267 1268 1475
f 1475 1474 1267
f 1414 1415 1616
f 1616 1615 1414
f 2296 2301 2302
f 2302 2297 2296
f 2294 2299 2300
f 2300 2295 2294
f 1518 1720 1724
f 1724 1523 1518
f 3530 3531 3535
f 3535 3534 3530
f 2514 2520 2521
f 2521 2515 2514
f 4108 4318 4319
f 4319 4109 4108
f 3143 3144 3153
f 3153 3152 3143
f 2143 2145 2296
f 2296 2293 2143
f 3946 3947 3951
f 3951 3950 3946
f 2558 2562 2730
f 2730 2727 2558
f 4861 4867 5145
f 5145 5139 4861
f 2670 2671 2843
f 2843 2842 2670
f 411 521 522
f 522 412 411
f 1546 1547 1551
f 1551 1550 1546
f 1477 1693 1699
f 1699 1487 1477
f 1370 1371 1578
f 1578 1577 1370
f 1029 1034 1233
f 1233 1228 1029
f 3381 3382 3583
f 3583 3582 3381
f 3293 3506 3507
f 3507 3294 3293
f 311 321 435
f 435 425 311
f 2663 2835 2841
f 2841 2669 2663
f 4206 4411 4412
f 4412 4207 4206
f 1393 1600 1601
f 1601 1394 1393
f 1560 1562 1760
f 1760 1758 1560
f 2888 2889 2894
f 2894 2893 2888
f 1236 1425 1431
f 1431 1239 1236
f 2137 2139 2288
f 2288 2285 2137
f 5022 5025 5026
f 5026 5023 5022
f 4634 4635 4850
f 4850 4849 4634
f 3476 3670 3673
f 3673 3480 3476
f 2651 2822 2829
f 2829 2657 2651
f 2577 2578 2747
f 2747 2746 2577
f 2590 2595 2764
f 2764 2758 2590
f 2134 2137 2285
f 2285 2282 2134
f 4277 4287 4490
f 4490 4484 4277
f 2424 2599 2600
f 2600 2425 2424
f 2303 2304 2463
f 2463 2462 2303
f 2129 2134 2282
f 2282 2279 2129
f 2604 2771 2775
f 2775 2607 2604
f 2127 2128 2133
f 2133 2132 2127
f 220 355 356
f 356 221 220
f 2126 2276 2277
f 2277 2127 2126
f 5175 5176 5561
f 5561 5560 5175
f 1798 1802 1921
f 1921 1918 1798
f 4845 4851 5131
f 5131 5121 4845
f 2123 2273 2274
f 2274 2124 2123
f 3950 3951 3955
f 3955 3954 3950
f 2123 2130 2280
f 2280 2273 2123
f 2121 2270 2271
f 2271 2122 2121
f 3340 3349 3549
f 3549 3543 3340
f 4797 4808 5065
f 5065 5058 4797
f 2119 2268 2269
f 2269 2120 2119
f 1326 1327 1333
f 1333 1332 1326
f 2110 2260 2265
f 2265 2117 2110
f 2258 2263 2264
f 2264 2259 2258
f 2109 2115 2263
f 2263 2258 2109
f 2254 2261 2262
f 2262 2255 2254
f 2561 2729 2730
f 2730 2562 2561
f 2110 2111 2261
f 2261 2260 2110
f 2823 2830 3015
f 3015 3007 2823
f 2697 2878 2882
f 2882 2701 2697
f 2252 2257 2258
f 2258 2253 2252
f 4863 5143 5144
f 5144 4864 4863
f 2108 2109 2258
f 2258 2257 2108
f 2105 2108 2257
f 2257 2252 2105
f 2328 2483 2484
f 2484 2329 2328
f 2101 2105 2252
f 2252 2249 2101
f 2995 3205 3206
f 3206 2996 2995
f 2098 2101 2249
f 2249 2247 2098
f 4912 4918 4919
f 4919 4913 4912
f 2095 2245 2248
f 2248 2099 2095
f 4798 5059 5060
f 5060 4799 4798
f 801 802 806
f 806 805 801
f 5073 5086 5087
f 5087 5074 5073
f 2091 2092 2096
f 2096 2095 2091
f 2089 2241 2243
f 2243 2092 2089
f 2657 2829 2835
f 2835 2663 2657
f 2087 2090 2242
f 2242 2240 2087
f 2085 2086 2089
f 2089 2088 2085
f 3646 3831 3845
f 3845 3657 3646
f 4098 4305 4311
f 4311 4102 4098
f 2656 2662 2834
f 2834 2828 2656
f 51 160 161
f 161 52 51
f 2081 2235 2236
f 2236 2082 2081
f 2684 2863 2867
f 2867 2689 2684
f 3523 3712 3714
f 3714 3525 3523
f 4304 4503 4504
f 4504 4305 4304
f 2078 2084 2238
f 2238 2234 2078
f 2076 2231 2232
f 2232 2077 2076
f 957 960 1149
f 1149 1144 957
f 3117 3118 3321
f 3321 3320 3117
f 3559 3563 3742
f 3742 3739 3559
f 1043 1044 1049
f 1049 1048 1043
f 2856 2860 3047
f 3047 3043 2856
f 1476 1486 1697
f 1697 1691 1476
f 2072 2229 2230
f 2230 2073 2072
f 2832 2833 2839
f 2839 2838 2832
f 2119 2125 2275
f 2275 2268 2119
f 2743 2748 2749
f 2749 2744 2743
f 2333 2338 2493
f 2493 2488 2333
f 3708 3902 3903
f 3903 3709 3708
f 2071 2072 2079
f 2079 2078 2071
f 2071 2228 2229
f 2229 2072 2071
f 4747 5000 5001
f 5001 4748 4747
f 2071 2078 2234
f 2234 2228 2071
f 2069 2070 2076
f 2076 2075 2069
f 2070 2226 2231
f 2231 2076 2070
f 2201 2357 2361
f 2361 2204 2201
f 2068 2224 2225
f 2225 2069 2068
f 2067 2068 2074
f 2074 2073 2067
f 2063 2064 2218
f 2218 2217 2063
f 2060 2063 2217
f 2217 2215 2060
f 2057 2059 2214
f 2214 2211 2057
f 2322 2331 2486
f 2486 2478 2322
f 2207 2212 2213
f 2213 2208 2207
f 5083 5096 5097
f 5097 5084 5083
f 2055 2208 2213
f 2213 2058 2055
f 115 229 236
f 236 120 115
f 2054 2056 2210
f 2210 2205 2054
f 2049 2050 2053
f 2053 2052 2049
f 2052 2053 2204
f 2204 2203 2052
f 2050 2201 2204
f 2204 2053 2050
f 3110 3313 3316
f 3316 3115 3110
f 2043 2192 2197
f 2197 2047 2043
f 4584 4805 4806
f 4806 4585 4584
f 2045 2046 2196
f 2196 2195 2045
f 2043 2044 2193
f 2193 2192 2043
f 2041 2042 2191
f 2191 2190 2041
f 4248 4249 4454
f 4454 4453 4248
f 2237 2391 2392
f 2392 2238 2237
f 4843 4848 5125
f 5125 5118 4843
f 973 1162 1163
f 1163 974 973
f 2037 2038 2187
f 2187 2186 2037
f 2993 3202 3203
f 3203 2994 2993
f 2025 2164 2165
f 2165 2026 2025
f 2398 2401 2575
f 2575 2571 2398
f 2033 2035 2184
f 2184 2182 2033
f 2032 2178 2183
f 2183 2034 2032
f 4718 4728 4729
f 4729 4719 4718
f 2036 2185 2189
f 2189 2040 2036
f 1115 1290 1296
f 1296 1119 1115
f 4839 4845 5121
f 5121 5113 4839
f 2354 2355 2358
f 2358 2357 2354
f 1342 1343 1347
f 1347 1346 1342
f 1350 1353 1564
f 1564 1562 1350
f 2029 2031 2177
f 2177 2171 2029
f 2028 2168 2173
f 2173 2030 2028
f 2164 2171 2172
f 2172 2165 2164
f 1358 1360 1570
f 1570 1568 1358
f 2162 2166 2167
f 2167 2163 2162
f 2914 3105 3109
f 3109 2917 2914
f 1535 1536 1539
f 1539 1538 1535
f 2022 2026 2165
f 2165 2159 2022
f 2157 2162 2163
f 2163 2158 2157
f 2019 2158 2163
f 2163 2023 2019
f 938 939 1127
f 1127 1126 938
f 2154 2159 2160
f 2160 2155 2154
f 2018 2022 2159
f 2159 2154 2018
f 2015 2151 2158
f 2158 2019 2015
f 571 688 695
f 695 579 571
f 2017 2018 2154
f 2154 2153 2017
f 2014 2017 2153
f 2153 2148 2014
f 2146 2151 2152
f 2152 2147 2146
f 2129 2130 2135
f 2135 2134 2129
f 2015 2016 2152
f 2152 2151 2015
f 3721 3722 3726
f 3726 3725 3721
f 2013 2147 2152
f 2152 2016 2013
f 4454 4455 4460
f 4460 4459 4454
f 357 468 475
f 475 360 357
f 5364 5376 5377
f 5377 5365 5364
f 2133 2281 2283
f 2283 2136 2133
f 2012 2014 2148
f 2148 2145 2012
f 2011 2144 2147
f 2147 2013 2011
f 548 551 552
f 552 549 548
f 3375 3376 3577
f 3577 3576 3375
f 2228 2234 2389
f 2389 2385 2228
f 2059 2060 2215
f 2215 2214 2059
f 1015 1020 1197
f 1197 1192 1015
f 2010 2012 2145
f 2145 2143 2010
f 2009 2142 2144
f 2144 2011 2009
f 1053 1054 1062
f 1062 1061 1053
f 2751 2752 2940
f 2940 2939 2751
f 4646 4649 4869
f 4869 4866 4646
f 3440 3441 3642
f 3642 3641 3440
f 887 897 1094
f 1094 1087 887
f 2399 2573 2578
f 2578 2403 2399
f 2008 2010 2143
f 2143 2141 2008
f 2007 2140 2142
f 2142 2009 2007
f 3338 3339 3347
f 3347 3346 3338
f 2141 2143 2293
f 2293 2291 2141
f 4373 4374 4565
f 4565 4564 4373
f 2196 2199 2356
f 2356 2353 2196
f 2006 2008 2141
f 2141 2139 2006
f 2704 2705 2887
f 2887 2886 2704
f 5404 5415 5416
f 5416 5405 5404
f 4541 4543 4762
f 4762 4760 4541
f 3739 3742 3949
f 3949 3945 3739
f 2271 2427 2428
f 2428 2272 2271
f 4561 4572 4573
f 4573 4562 4561
f 4415 4416 4420
f 4420 4419 4415
f 3614 3615 3621
f 3621 3620 3614
f 2004 2006 2139
f 2139 2137 2004
f 2922 3119 3122
f 3122 2925 2922
f 2003 2136 2138
f 2138 2005 2003
f 2099 2248 2251
f 2251 2103 2099
f 3398 3596 3597
f 3597 3399 3398
f 5362 5374 5375
f 5375 5363 5362
f 4503 4703 4704
f 4704 4504 4503
f 4356 4359 4543
f 4543 4541 4356
f 4262 4465 4469
f 4469 4265 4262
f 1359 1569 1571
f 1571 1361 1359
f 3095 3100 3303
f 3303 3298 3095
f 2277 2433 2434
f 2434 2278 2277
f 208 345 346
f 346 209 208
f 1998 1999 2003
f 2003 2002 1998
f 1999 2133 2136
f 2136 2003 1999
f 491 497 594
f 594 589 491
f 2860 2861 3048
f 3048 3047 2860
f 2515 2521 2692
f 2692 2687 2515
f 5216 5230 5231
f 5231 5217 5216
f 4271 4272 4477
f 4477 4476 4271
f 1993 1994 1998
f 1998 1997 1993
f 1994 2127 2132
f 2132 1998 1994
f 3065 3271 3274
f 3274 3068 3065
f 1126 1127 1306
f 1306 1305 1126
f 1691 1697 1698
f 1698 1692 1691
f 1987 2120 2121
f 2121 1988 1987
f 2115 2119 2120
f 2120 2116 2115
f 2110 2117 2118
f 2118 2111 2110
f 1976 2111 2118
f 2118 1983 1976
f 3430 3437 3638
f 3638 3633 3430
f 1975 1979 2114
f 2114 2108 1975
f 4115 4327 4328
f 4328 4116 4115
f 2517 2689 2690
f 2690 2518 2517
f 2106 2112 2113
f 2113 2107 2106
f 1977 1978 2113
f 2113 2112 1977
f 1976 1977 2112
f 2112 2111 1976
f 3316 3525 3526
f 3526 3317 3316
f 58 59 171
f 171 170 58
f 3663 3854 3855
f 3855 3664 3663
f 458 556 557
f 557 459 458
f 1972 1975 2108
f 2108 2105 1972
f 1969 2102 2107
f 2107 1973 1969
f 2791 2797 2798
f 2798 2792 2791
f 3509 3698 3699
f 3699 3510 3509
f 2510 2683 2688
f 2688 2516 2510
f 2100 2104 2105
f 2105 2101 2100
f 1968 1971 2104
f 2104 2100 1968
f 1967 2099 2103
f 2103 1970 1967
f 2995 2996 3001
f 3001 3000 2995
f 4758 5012 5018
f 5018 4761 4758
f 4920 4932 4933
f 4933 4921 4920
f 154 164 291
f 291 284 154
f 1941 1942 1948
f 1948 1947 1941
f 891 892 900
f 900 899 891
f 2516 2688 2689
f 2689 2517 2516
f 1722 1725 1850
f 1850 1846 1722
f 84 85 195
f 195 194 84
f 2097 2100 2101
f 2101 2098 2097
f 4538 4755 4758
f 4758 4540 4538
f 1966 1968 2100
f 2100 2097 1966
f 1965 2095 2099
f 2099 1967 1965
f 4366 4369 4370
f 4370 4367 4366
f 2093 2097 2098
f 2098 2094 2093
f 1963 2093 2094
f 2094 1964 1963
f 1963 1966 2097
f 2097 2093 1963
f 183 303 312
f 312 188 183
f 1844 1846 1974
f 1974 1971 1844
f 1184 1185 1364
f 1364 1363 1184
f 3191 3192 3396
f 3396 3395 3191
f 152 282 283
f 283 153 152
f 4819 4825 4826
f 4826 4820 4819
f 1957 1961 2090
f 2090 2087 1957
f 1955 1956 1960
f 1960 1959 1955
f 2042 2045 2195
f 2195 2191 2042
f 1956 2085 2088
f 2088 1960 1956
f 904 1097 1098
f 1098 905 904
f 1950 1957 2087
f 2087 2083 1950
f 1948 2080 2081
f 2081 1949 1948
f 1947 1948 1955
f 1955 1954 1947
f 2533 2534 2703
f 2703 2702 2533
f 1769 1896 1898
f 1898 1771 1769
f 1097 1101 1274
f 1274 1271 1097
f 3535 3536 3722
f 3722 3721 3535
f 4277 4484 4485
f 4485 4278 4277
f 1943 1951 2084
f 2084 2078 1943
f 4629 4838 4844
f 4844 4631 4629
f 1941 2075 2076
f 2076 1942 1941
f 4470 4471 4672
f 4672 4671 4470
f 1942 2076 2080
f 2080 1948 1942
f 1143 1330 1331
f 1331 1144 1143
f 1790 1793 1916
f 1916 1914 1790
f 1940 2074 2075
f 2075 1941 1940
f 1454 1459 1673
f 1673 1663 1454
f 1939 2073 2074
f 2074 1940 1939
f 4198 4402 4403
f 4403 4199 4198
f 1938 1939 1945
f 1945 1944 1938
f 1938 2072 2073
f 2073 1939 1938
f 4423 4424 4429
f 4429 4428 4423
f 1938 1944 2079
f 2079 2072 1938
f 3011 3217 3218
f 3218 3012 3011
f 2063 2065 2066
f 2066 2064 2063
f 1935 1936 2066
f 2066 2065 1935
f 1932 1935 2065
f 2065 2063 1932
f 1931 1932 2063
f 2063 2062 1931
f 1928 1931 2062
f 2062 2059 1928
f 1120 1125 1304
f 1304 1297 1120
f 1924 1925 2057
f 2057 2056 1924
f 3467 3468 3474
f 3474 3473 3467
f 5146 5497 5498
f 5498 5147 5146
f 1921 1924 2056
f 2056 2054 1921
f 2640 2641 2646
f 2646 2645 2640
f 1919 2052 2055
f 2055 1922 1919
f 2336 2341 2497
f 2497 2491 2336
f 1917 2049 2052
f 2052 1919 1917
f 3703 3897 3898
f 3898 3704 3703
f 5030 5031 5380
f 5380 5379 5030
f 2648 2656 2828
f 2828 2819 2648
f 1916 1918 2051
f 2051 2048 1916
f 1915 2047 2049
f 2049 1917 1915
f 3045 3253 3258
f 3258 3051 3045
f 2355 2518 2522
f 2522 2358 2355
f 1914 1916 2048
f 2048 2046 1914
f 1418 1422 1423
f 1423 1419 1418
f 1911 2043 2047
f 2047 1915 1911
f 5174 5559 5563
f 5563 5182 5174
f 5261 5279 5280
f 5280 5262 5261
f 3449 3450 3650
f 3650 3649 3449
f 1454 1663 1664
f 1664 1455 1454
f 1913 1914 2046
f 2046 2045 1913
f 625 764 770
f 770 633 625
f 1910 1913 2045
f 2045 2042 1910
f 1907 2039 2044
f 2044 1912 1907
f 2219 2220 2225
f 2225 2224 2219
f 1802 1803 1806
f 1806 1805 1802
f 5041 5051 5052
f 5052 5042 5041
f 2938 2939 2943
f 2943 2942 2938
f 1576 1579 1776
f 1776 1774 1576
f 2474 2645 2646
f 2646 2475 2474
f 2561 2565 2732
f 2732 2729 2561
f 1242 1439 1440
f 1440 1243 1242
f 2885 2886 3075
f 3075 3074 2885
f 5053 5060 5061
f 5061 5054 5053
f 2489 2659 2660
f 2660 2490 2489
f 4914 4926 4927
f 4927 4915 4914
f 3956 3959 4167
f 4167 4164 3956
f 947 948 1135
f 1135 1134 947
f 2523 2693 2696
f 2696 2527 2523
f 1901 1903 2035
f 2035 2033 1901
f 2577 2746 2753
f 2753 2584 2577
f 3045 3046 3254
f 3254 3253 3045
f 3205 3209 3413
f 3413 3409 3205
f 416 417 524
f 524 523 416
f 5246 5264 5265
f 5265 5247 5246
f 1899 1901 2033
f 2033 2031 1899
f 4723 4961 4962
f 4962 4724 4723
f 1897 1899 2031
f 2031 2029 1897
f 4598 4815 4816
f 4816 4599 4598
f 1896 2028 2030
f 2030 1898 1896
f 2615 2618 2786
f 2786 2783 2615
f 1805 1806 1925
f 1925 1924 1805
f 2239 2393 2395
f 2395 2241 2239
f 1895 1897 2029
f 2029 2025 1895
f 2023 2027 2028
f 2028 2024 2023
f 5074 5087 5088
f 5088 5075 5074
f 1651 1661 1662
f 1662 1652 1651
f 1890 2019 2023
f 2023 1893 1890
f 5198 5212 5213
f 5213 5199 5198
f 3404 3405 3410
f 3410 3409 3404
f 2695 2698 2880
f 2880 2876 2695
f 5152 5156 5521
f 5521 5509 5152
f 3972 3973 4186
f 4186 4185 3972
f 283 284 291
f 291 290 283
f 4748 5001 5008
f 5008 4754 4748
f 3346 3347 3547
f 3547 3546 3346
f 2526 2527 2532
f 2532 2531 2526
f 2017 2021 2022
f 2022 2018 2017
f 1889 1892 2021
f 2021 2017 1889
f 2015 2019 2020
f 2020 2016 2015
f 4944 5189 5190
f 5190 4945 4944
f 3280 3491 3498
f 3498 3286 3280
f 4162 4163 4166
f 4166 4165 4162
f 2250 2407 2415
f 2415 2256 2250
f 2622 2627 2628
f 2628 2623 2622
f 2980 2981 3188
f 3188 3187 2980
f 1883 1885 2012
f 2012 2010 1883
f 2370 2371 2535
f 2535 2534 2370
f 1324 1325 1331
f 1331 1330 1324
f 2390 2559 2563
f 2563 2393 2390
f 1254 1255 1453
f 1453 1452 1254
f 2826 2827 2832
f 2832 2831 2826
f 1202 1203 1379
f 1379 1378 1202
f 4137 4142 4350
f 4350 4345 4137
f 1881 1883 2010
f 2010 2008 1881
f 4842 4847 4848
f 4848 4843 4842
f 3494 3495 3684
f 3684 3683 3494
f 4473 4676 4682
f 4682 4480 4473
f 4591 4592 4604
f 4604 4603 4591
f 1875 2003 2005
f 2005 1878 1875
f 1869 1997 1998
f 1998 1870 1869
f 3586 3592 3593
f 3593 3587 3586
f 712 721 722
f 722 713 712
f 2548 2718 2719
f 2719 2549 2548
f 2477 2485 2656
f 2656 2648 2477
f 1685 1693 1694
f 1694 1686 1685
f 2749 2754 2755
f 2755 2750 2749
f 1829 1830 1833
f 1833 1832 1829
f 1879 1881 2008
f 2008 2006 1879
f 1865 1866 1873
f 1873 1872 1865
f 1865 1872 2001
f 2001 1995 1865
f 1863 1864 1869
f 1869 1868 1863
f 5345 5360 5361
f 5361 5346 5345
f 1863 1992 1993
f 1993 1864 1863
f 1578 1775 1779
f 1779 1582 1578
f 3193 3398 3399
f 3399 3194 3193
f 675 683 684
f 684 676 675
f 549 550 646
f 646 645 549
f 2378 2379 2386
f 2386 2385 2378
f 1526 1727 1732
f 1732 1532 1526
f 1856 1861 1991
f 1991 1986 1856
f 1852 1982 1988
f 1988 1858 1852
f 5069 5082 5083
f 5083 5070 5069
f 310 311 425
f 425 424 310
f 1855 1856 1986
f 1986 1985 1855
f 1853 1854 1984
f 1984 1983 1853
f 1852 1853 1983
f 1983 1982 1852
f 1845 1973 1978
f 1978 1849 1845
f 1971 1974 1975
f 1975 1972 1971
f 2316 2323 2479
f 2479 2471 2316
f 971 972 978
f 978 977 971
f 1841 1844 1971
f 1971 1968 1841
f 1840 1967 1970
f 1970 1843 1840
f 2159 2165 2322
f 2322 2315 2159
f 2803 2991 2992
f 2992 2804 2803
f 3572 3576 3577
f 3577 3573 3572
f 321 322 331
f 331 330 321
f 2221 2376 2382
f 2382 2226 2221
f 3742 3744 3952
f 3952 3949 3742
f 1837 1965 1967
f 1967 1840 1837
f 3905 4109 4112
f 4112 3908 3905
f 2905 3093 3097
f 3097 2908 2905
f 1200 1375 1381
f 1381 1206 1200
f 1832 1833 1837
f 1837 1836 1832
f 1833 1962 1965
f 1965 1837 1833
f 665 828 829
f 829 666 665
f 2719 2908 2909
f 2909 2720 2719
f 3306 3307 3312
f 3312 3311 3306
f 1926 2058 2061
f 2061 1929 1926
f 1831 1835 1964
f 1964 1961 1831
f 1829 1959 1960
f 1960 1830 1829
f 3140 3141 3150
f 3150 3149 3140
f 1825 1957 1958
f 1958 1826 1825
f 3947 4154 4158
f 4158 3951 3947
f 1825 1831 1961
f 1961 1957 1825
f 2311 2317 2318
f 2318 2312 2311
f 1152 1340 1341
f 1341 1153 1152
f 1823 1824 1829
f 1829 1828 1823
f 2372 2379 2551
f 2551 2543 2372
f 2608 2776 2778
f 2778 2610 2608
f 1824 1955 1959
f 1959 1829 1824
f 3449 3459 3460
f 3460 3450 3449
f 1819 1820 1827
f 1827 1826 1819
f 1819 1951 1952
f 1952 1820 1819
f 2518 2519 2523
f 2523 2522 2518
f 4281 4292 4293
f 4293 4282 4281
f 1929 2061 2064
f 2064 1933 1929
f 1819 1826 1958
f 1958 1951 1819
f 1816 1945 1946
f 1946 1817 1816
f 1933 1936 1937
f 1937 1934 1933
f 5094 5411 5412
f 5412 5095 5094
f 1811 1813 1935
f 1935 1932 1811
f 1809 1930 1934
f 1934 1812 1809
f 4852 4858 4859
f 4859 4853 4852
f 1810 1811 1932
f 1932 1931 1810
f 1808 1810 1931
f 1931 1928 1808
f 765 766 935
f 935 934 765
f 1926 1929 1930
f 1930 1927 1926
f 1806 1808 1928
f 1928 1925 1806
f 3733 3939 3944
f 3944 3738 3733
f 1802 1805 1924
f 1924 1921 1802
f 3574 3575 3756
f 3756 3755 3574
f 1919 1922 1923
f 1923 1920 1919
f 1800 1919 1920
f 1920 1801 1800
f 1798 1799 1803
f 1803 1802 1798
f 3585 3586 3772
f 3772 3771 3585
f 2955 3161 3162
f 3162 2956 2955
f 1796 1917 1919
f 1919 1800 1796
f 3292 3298 3512
f 3512 3505 3292
f 4422 4423 4428
f 4428 4427 4422
f 1612 1614 1813
f 1813 1811 1612
f 328 335 336
f 336 329 328
f 1757 1882 1884
f 1884 1759 1757
f 1241 1245 1442
f 1442 1433 1241
f 3193 3194 3200
f 3200 3199 3193
f 2968 2970 3179
f 3179 3177 2968
f 4020 4021 4031
f 4031 4030 4020
f 1786 1787 1792
f 1792 1791 1786
f 1787 1911 1915
f 1915 1792 1787
f 2339 2340 2495
f 2495 2494 2339
f 1813 1814 1936
f 1936 1935 1813
f 2915 2916 2919
f 2919 2918 2915
f 1785 1789 1913
f 1913 1910 1785
f 1787 1788 1912
f 1912 1911 1787
f 1782 1907 1912
f 1912 1788 1782
f 1784 1785 1910
f 1910 1909 1784
f 1781 1784 1909
f 1909 1906 1781
f 1778 1779 1783
f 1783 1782 1778
f 4129 4335 4339
f 4339 4133 4129
f 709 718 887
f 887 879 709
f 1782 1783 1908
f 1908 1907 1782
f 5080 5093 5094
f 5094 5081 5080
f 1776 1777 1781
f 1781 1780 1776
f 1780 1781 1906
f 1906 1905 1780
f 196 198 333
f 333 326 196
f 1775 1902 1904
f 1904 1779 1775
f 4482 4683 4684
f 4684 4483 4482
f 1905 1906 2038
f 2038 2037 1905
f 1773 1900 1902
f 1902 1775 1773
f 4027 4028 4043
f 4043 4042 4027
f 2102 2250 2256
f 2256 2107 2102
f 3305 3518 3521
f 3521 3310 3305
f 1772 1774 1901
f 1901 1899 1772
f 5035 5043 5044
f 5044 5036 5035
f 136 137 145
f 145 144 136
f 2051 2054 2205
f 2205 2202 2051
f 343 344 451
f 451 450 343
f 4519 4522 4733
f 4733 4726 4519
f 2725 2727 2916
f 2916 2913 2725
f 2467 2468 2473
f 2473 2472 2467
f 1890 1893 1894
f 1894 1891 1890
f 3051 3258 3260
f 3260 3055 3051
f 2428 2603 2604
f 2604 2429 2428
f 4211 4420 4421
f 4421 4212 4211
f 1749 1750 1754
f 1754 1753 1749
f 1764 1766 1892
f 1892 1889 1764
f 1761 1886 1888
f 1888 1763 1761
f 1760 1762 1887
f 1887 1885 1760
f 1976 1983 1984
f 1984 1977 1976
f 6 9 29
f 29 25 6
f 5316 5332 5333
f 5333 5317 5316
f 158 159 286
f 286 285 158
f 1473 1483 1484
f 1484 1474 1473
f 1755 1880 1882
f 1882 1757 1755
f 2485 2491 2662
f 2662 2656 2485
f 2183 2342 2344
f 2344 2185 2183
f 3329 3330 3537
f 3537 3536 3329
f 3314 3315 3319
f 3319 3318 3314
f 1752 1878 1880
f 1880 1755 1752
f 2887 2888 2893
f 2893 2892 2887
f 1107 1279 1284
f 1284 1111 1107
f 2170 2328 2334
f 2334 2175 2170
f 2840 2847 3034
f 3034 3026 2840
f 3794 3994 3995
f 3995 3795 3794
f 2646 2817 2818
f 2818 2647 2646
f 1749 1876 1877
f 1877 1750 1749
f 1749 1753 1879
f 1879 1876 1749
f 1357 1567 1569
f 1569 1359 1357
f 3 6 25
f 25 21 3
f 1747 1874 1875
f 1875 1748 1747
f 1748 1875 1878
f 1878 1752 1748
f 68 75 187
f 187 181 68
f 2092 2243 2246
f 2246 2096 2092
f 1437 1444 1445
f 1445 1438 1437
f 2310 2316 2317
f 2317 2311 2310
f 5142 5148 5499
f 5499 5487 5142
f 5194 5202 5203
f 5203 5195 5194
f 731 739 740
f 740 732 731
f 1741 1742 1747
f 1747 1746 1741
f 2206 2211 2212
f 2212 2207 2206
f 1742 1870 1874
f 1874 1747 1742
f 3215 3222 3431
f 3431 3423 3215
f 1740 1741 1746
f 1746 1745 1740
f 1740 1868 1869
f 1869 1741 1740
f 1793 1794 1799
f 1799 1798 1793
f 1320 1539 1544
f 1544 1326 1320
f 1491 1498 1499
f 1499 1492 1491
f 1737 1866 1867
f 1867 1738 1737
f 1737 1744 1873
f 1873 1866 1737
f 1735 1736 1740
f 1740 1739 1735
f 1735 1862 1863
f 1863 1736 1735
f 1736 1863 1868
f 1868 1740 1736
f 4866 4869 4870
f 4870 4867 4866
f 1855 1860 1861
f 1861 1856 1855
f 1731 1732 1859
f 1859 1858 1731
f 1493 1500 1501
f 1501 1494 1493
f 1727 1853 1859
f 1859 1732 1727
f 2498 2669 2675
f 2675 2503 2498
f 1557 1560 1758
f 1758 1756 1557
f 1726 1729 1855
f 1855 1851 1726
f 1723 1848 1854
f 1854 1728 1723
f 2538 2544 2717
f 2717 2709 2538
f 3051 3055 3056
f 3056 3052 3051
f 3692 3885 3886
f 3886 3693 3692
f 1725 1726 1851
f 1851 1850 1725
f 5199 5213 5214
f 5214 5200 5199
f 1720 1845 1849
f 1849 1724 1720
f 5451 5467 5468
f 5468 5452 5451
f 4675 4681 4682
f 4682 4676 4675
f 3295 3508 3509
f 3509 3296 3295
f 874 1074 1075
f 1075 875 874
f 3823 3824 4026
f 4026 4025 3823
f 1716 1719 1844
f 1844 1841 1716
f 153 283 290
f 290 163 153
f 617 618 759
f 759 758 617
f 1713 1839 1842
f 1842 1717 1713
f 4891 4892 5180
f 5180 5179 4891
f 233 234 243
f 243 242 233
f 2824 3008 3009
f 3009 2825 2824
f 1624 1628 1629
f 1629 1625 1624
f 1807 1927 1930
f 1930 1809 1807
f 1412 1613 1616
f 1616 1415 1412
f 4841 4846 4847
f 4847 4842 4841
f 1708 1834 1835
f 1835 1709 1708
f 3195 3400 3401
f 3401 3196 3195
f 949 952 1138
f 1138 1136 949
f 2083 2237 2238
f 2238 2084 2083
f 4002 4008 4213
f 4213 4209 4002
f 3133 3336 3344
f 3344 3142 3133
f 1898 2030 2032
f 2032 1900 1898
f 49 50 57
f 57 56 49
f 1702 1703 1707
f 1707 1706 1702
f 3766 3774 3775
f 3775 3767 3766
f 1836 1837 1840
f 1840 1839 1836
f 1702 1828 1829
f 1829 1703 1702
f 678 679 841
f 841 840 678
f 1225 1226 1415
f 1415 1414 1225
f 3632 3633 3812
f 3812 3811 3632
f 5332 5349 5350
f 5350 5333 5332
f 1693 1699 1827
f 1827 1820 1693
f 1615 1616 1815
f 1815 1814 1615
f 1613 1812 1815
f 1815 1616 1613
f 2755 2942 2943
f 2943 2756 2755
f 487 493 591
f 591 585 487
f 198 199 334
f 334 333 198
f 1610 1809 1812
f 1812 1613 1610
f 559 674 675
f 675 560 559
f 208 209 212
f 212 211 208
f 5206 5220 5221
f 5221 5207 5206
f 1611 1612 1811
f 1811 1810 1611
f 345 453 454
f 454 346 345
f 2918 2919 3113
f 3113 3112 2918
f 830 831 835
f 835 834 830
f 5228 5246 5247
f 5247 5229 5228
f 1604 1606 1806
f 1806 1803 1604
f 4086 4092 4291
f 4291 4280 4086
f 899 900 908
f 908 907 899
f 1600 1796 1797
f 1797 1601 1600
f 2847 2854 2855
f 2855 2848 2847
f 1601 1797 1801
f 1801 1603 1601
f 1599 1795 1796
f 1796 1600 1599
f 259 388 391
f 391 265 259
f 1598 1602 1799
f 1799 1794 1598
f 2852 2853 3040
f 3040 3039 2852
f 833 1040 1041
f 1041 834 833
f 1595 1596 1599
f 1599 1598 1595
f 2700 2701 2707
f 2707 2706 2700
f 4360 4363 4547
f 4547 4544 4360
f 1596 1791 1795
f 1795 1599 1596
f 3654 3655 3843
f 3843 3842 3654
f 2476 2647 2650
f 2650 2480 2476
f 1590 1786 1791
f 1791 1596 1590
f 1591 1592 1788
f 1788 1787 1591
f 1590 1591 1787
f 1787 1786 1590
f 1231 1420 1421
f 1421 1232 1231
f 538 539 633
f 633 632 538
f 78 189 190
f 190 79 78
f 1583 1584 1588
f 1588 1587 1583
f 2237 2240 2394
f 2394 2391 2237
f 253 254 261
f 261 260 253
f 1583 1587 1784
f 1784 1781 1583
f 4521 4732 4733
f 4733 4522 4521
f 1141 1325 1326
f 1326 1142 1141
f 1055 1248 1249
f 1249 1056 1055
f 1580 1583 1781
f 1781 1777 1580
f 1581 1582 1779
f 1779 1778 1581
f 684 846 855
f 855 688 684
f 968 1160 1161
f 1161 969 968
f 2843 2851 3038
f 3038 3030 2843
f 1207 1208 1385
f 1385 1384 1207
f 2767 2955 2959
f 2959 2771 2767
f 1617 1621 1622
f 1622 1618 1617
f 1730 1731 1858
f 1858 1857 1730
f 2197 2198 2201
f 2201 2200 2197
f 996 997 1003
f 1003 1002 996
f 1367 1575 1578
f 1578 1371 1367
f 2048 2051 2202
f 2202 2199 2048
f 4838 5112 5119
f 5119 4844 4838
f 873 874 884
f 884 883 873
f 5324 5341 5342
f 5342 5325 5324
f 4673 4679 4680
f 4680 4674 4673
f 199 200 335
f 335 334 199
f 4885 4886 5173
f 5173 5172 4885
f 5092 5101 5102
f 5102 5093 5092
f 5243 5261 5262
f 5262 5244 5243
f 5416 5430 5431
f 5431 5417 5416
f 783 953 956
f 956 786 783
f 5247 5265 5266
f 5266 5248 5247
f 26 30 31
f 31 27 26
f 1703 1829 1832
f 1832 1707 1703
f 1212 1214 1400
f 1400 1396 1212
f 42 96 99
f 99 45 42
f 303 416 426
f 426 312 303
f 1694 1695 1701
f 1701 1700 1694
f 2263 2268 2426
f 2426 2420 2263
f 3071 3072 3078
f 3078 3077 3071
f 1326 1544 1545
f 1545 1327 1326
f 2843 2844 2852
f 2852 2851 2843
f 2772 2960 2963
f 2963 2776 2772
f 568 575 576
f 576 569 568
f 1565 1763 1765
f 1765 1567 1565
f 669 832 836
f 836 672 669
f 3172 3173 3176
f 3176 3175 3172
f 4483 4484 4490
f 4490 4489 4483
f 2895 2896 2901
f 2901 2900 2895
f 1563 1761 1763
f 1763 1565 1563
f 2941 2946 3154
f 3154 3145 2941
f 3271 3479 3483
f 3483 3274 3271
f 2373 2544 2545
f 2545 2374 2373
f 5063 5070 5402
f 5402 5400 5063
f 81 191 197
f 197 89 81
f 1818 1947 1954
f 1954 1823 1818
f 1184 1363 1366
f 1366 1189 1184
f 3213 3421 3429
f 3429 3220 3213
f 1562 1564 1762
f 1762 1760 1562
f 2330 2336 2491
f 2491 2485 2330
f 2167 2325 2326
f 2326 2168 2167
f 1516 1520 1521
f 1521 1517 1516
f 2206 2207 2365
f 2365 2364 2206
f 573 689 690
f 690 574 573
f 1973 2107 2113
f 2113 1978 1973
f 3939 3940 4145
f 4145 4144 3939
f 1882 2009 2011
f 2011 1884 1882
f 889 1089 1090
f 1090 890 889
f 1696 1823 1828
f 1828 1702 1696
f 2715 2721 2910
f 2910 2906 2715
f 1553 1557 1756
f 1756 1753 1553
f 1551 1751 1752
f 1752 1552 1551
f 1552 1752 1755
f 1755 1556 1552
f 2923 2926 3124
f 3124 3121 2923
f 2733 2736 2923
f 2923 2921 2733
f 2402 2403 2578
f 2578 2577 2402
f 38 39 42
f 42 41 38
f 816 1006 1011
f 1011 820 816
f 5079 5092 5093
f 5093 5080 5079
f 4119 4120 4125
f 4125 4124 4119
f 1546 1746 1747
f 1747 1547 1546
f 2773 2777 2964
f 2964 2961 2773
f 1545 1745 1746
f 1746 1546 1545
f 4794 5055 5062
f 5062 4801 4794
f 382 494 498
f 498 388 382
f 1541 1548 1750
f 1750 1743 1541
f 4666 4670 4894
f 4894 4886 4666
f 1537 1538 1543
f 1543 1542 1537
f 2456 2457 2629
f 2629 2628 2456
f 1537 1542 1744
f 1744 1737 1537
f 1659 1670 1671
f 1671 1660 1659
f 1535 1538 1738
f 1738 1734 1535
f 1045 1046 1051
f 1051 1050 1045
f 1860 1861 1867
f 1867 1866 1860
f 1530 1730 1735
f 1735 1536 1530
f 952 953 1139
f 1139 1138 952
f 1534 1535 1734
f 1734 1733 1534
f 3744 3745 3953
f 3953 3952 3744
f 1708 1712 1838
f 1838 1834 1708
f 1529 1534 1733
f 1733 1729 1529
f 1705 1709 1835
f 1835 1831 1705
f 1852 1858 1859
f 1859 1853 1852
f 1526 1527 1728
f 1728 1727 1526
f 100 103 218
f 218 213 100
f 5159 5160 5534
f 5534 5533 5159
f 3139 3140 3149
f 3149 3148 3139
f 1521 1524 1725
f 1725 1722 1521
f 1522 1523 1724
f 1724 1723 1522
f 2115 2116 2264
f 2264 2263 2115
f 5336 5353 5354
f 5354 5337 5336
f 1846 1847 1975
f 1975 1974 1846
f 473 567 568
f 568 474 473
f 2598 2766 2770
f 2770 2603 2598
f 3475 3669 3670
f 3670 3476 3475
f 65 66 73
f 73 72 65
f 5161 5169 5170
f 5170 5162 5161
f 788 964 965
f 965 789 788
f 3990 4200 4204
f 4204 3995 3990
f 3978 4188 4189
f 4189 3979 3978
f 1229 1418 1419
f 1419 1230 1229
f 3789 3796 3999
f 3999 3992 3789
f 3643 3825 3838
f 3838 3653 3643
f 1509 1714 1718
f 1718 1514 1509
f 251 380 381
f 381 252 251
f 644 645 648
f 648 647 644
f 2489 2490 2496
f 2496 2495 2489
f 1812 1934 1937
f 1937 1815 1812
f 1711 1715 1716
f 1716 1712 1711
f 1512 1513 1716
f 1716 1715 1512
f 1506 1711 1712
f 1712 1507 1506
f 1506 1512 1715
f 1715 1711 1506
f 2284 2442 2444
f 2444 2287 2284
f 2241 2395 2397
f 2397 2243 2241
f 2059 2062 2063
f 2063 2060 2059
f 1514 1718 1721
f 1721 1519 1514
f 4438 4439 4445
f 4445 4444 4438
f 2083 2087 2240
f 2240 2237 2083
f 2983 2984 3191
f 3191 3190 2983
f 828 1031 1032
f 1032 829 828
f 702 873 883
f 883 711 702
f 1497 1706 1707
f 1707 1498 1497
f 1498 1707 1710
f 1710 1503 1498
f 3829 3843 3844
f 3844 3830 3829
f 1486 1496 1705
f 1705 1697 1486
f 2138 2286 2289
f 2289 2140 2138
f 1791 1792 1796
f 1796 1795 1791
f 1704 1708 1709
f 1709 1705 1704
f 1495 1502 1708
f 1708 1704 1495
f 1488 1700 1701
f 1701 1489 1488
f 4212 4421 4425
f 4425 4216 4212
f 2088 2089 2092
f 2092 2091 2088
f 1547 1747 1751
f 1751 1551 1547
f 4931 4944 4945
f 4945 4932 4931
f 3077 3078 3281
f 3281 3280 3077
f 535 543 637
f 637 629 535
f 5461 5476 5477
f 5477 5462 5461
f 1943 1944 1952
f 1952 1951 1943
f 1466 1476 1691
f 1691 1683 1466
f 1678 1689 1690
f 1690 1679 1678
f 448 449 452
f 452 451 448
f 1677 1688 1689
f 1689 1678 1677
f 1460 1675 1686
f 1686 1468 1460
f 728 736 737
f 737 729 728
f 1673 1684 1685
f 1685 1674 1673
f 2260 2261 2419
f 2419 2418 2260
f 1459 1467 1684
f 1684 1673 1459
f 1458 1672 1682
f 1682 1465 1458
f 3387 3388 3588
f 3588 3587 3387
f 1669 1679 1680
f 1680 1670 1669
f 308 317 431
f 431 422 308
f 1665 1675 1676
f 1676 1666 1665
f 1660 1671 1672
f 1672 1661 1660
f 1658 1669 1670
f 1670 1659 1658
f 1743 1750 1877
f 1877 1872 1743
f 5003 5004 5307
f 5307 5306 5003
f 1654 1665 1666
f 1666 1655 1654
f 1450 1653 1654
f 1654 1451 1450
f 3353 3550 3556
f 3556 3358 3353
f 1450 1455 1664
f 1664 1653 1450
f 4594 4610 4611
f 4611 4595 4594
f 1452 1453 1662
f 1662 1661 1452
f 1649 1659 1660
f 1660 1650 1649
f 1602 1604 1803
f 1803 1799 1602
f 1648 1658 1659
f 1659 1649 1648
f 2228 2385 2386
f 2386 2229 2228
f 3787 3988 3989
f 3989 3788 3787
f 4612 4613 4622
f 4622 4621 4612
f 3734 3941 3942
f 3942 3735 3734
f 1645 1655 1656
f 1656 1646 1645
f 1642 1651 1652
f 1652 1643 1642
f 4255 4259 4464
f 4464 4461 4255
f 1446 1643 1652
f 1652 1449 1446
f 1944 1945 1953
f 1953 1952 1944
f 1641 1650 1651
f 1651 1642 1641
f 1239 1431 1432
f 1432 1240 1239
f 5497 5509 5510
f 5510 5498 5497
f 1639 1648 1649
f 1649 1640 1639
f 1513 1517 1719
f 1719 1716 1513
f 1373 1374 1378
f 1378 1377 1373
f 444 447 548
f 548 546 444
f 1636 1645 1646
f 1646 1637 1636
f 1441 1448 1644
f 1644 1635 1441
f 2550 2555 2725
f 2725 2721 2550
f 1438 1633 1634
f 1634 1439 1438
f 102 107 224
f 224 217 102
f 1439 1634 1643
f 1643 1446 1439
f 1631 1639 1640
f 1640 1632 1631
f 1747 1748 1752
f 1752 1751 1747
f 2790 2791 2980
f 2980 2979 2790
f 1427 1626 1630
f 1630 1434 1427
f 1436 1632 1640
f 1640 1443 1436
f 1630 1638 1639
f 1639 1631 1630
f 1438 1445 1642
f 1642 1633 1438
f 1420 1426 1624
f 1624 1620 1420
f 1416 1421 1621
f 1621 1617 1416
f 1470 1471 1689
f 1689 1688 1470
f 1410 1411 1414
f 1414 1413 1410
f 1413 1414 1615
f 1615 1614 1413
f 1646 1656 1657
f 1657 1647 1646
f 1409 1610 1613
f 1613 1412 1409
f 1407 1408 1411
f 1411 1410 1407
f 3714 3910 3911
f 3911 3715 3714
f 3400 3598 3599
f 3599 3401 3400
f 4870 4872 5155
f 5155 5151 4870
f 1407 1410 1612
f 1612 1609 1407
f 1403 1406 1608
f 1608 1606 1403
f 4705 4708 4939
f 4939 4926 4705
f 1203 1207 1384
f 1384 1379 1203
f 3425 3627 3628
f 3628 3426 3425
f 1397 1398 1402
f 1402 1401 1397
f 1605 1804 1807
f 1807 1607 1605
f 5260 5278 5279
f 5279 5261 5260
f 309 310 424
f 424 423 309
f 4645 4646 4866
f 4866 4865 4645
f 2680 2681 2860
f 2860 2859 2680
f 1391 1392 1396
f 1396 1395 1391
f 1391 1395 1602
f 1602 1598 1391
f 3079 3080 3283
f 3283 3282 3079
f 3888 3894 3895
f 3895 3889 3888
f 943 949 1136
f 1136 1130 943
f 1712 1716 1841
f 1841 1838 1712
f 1389 1390 1596
f 1596 1595 1389
f 3377 3578 3583
f 3583 3382 3377
f 1384 1385 1389
f 1389 1388 1384
f 1729 1733 1860
f 1860 1855 1729
f 1388 1389 1595
f 1595 1594 1388
f 1384 1388 1594
f 1594 1589 1384
f 1490 1497 1498
f 1498 1491 1490
f 1380 1381 1387
f 1387 1386 1380
f 459 464 465
f 465 460 459
f 1375 1376 1382
f 1382 1381 1375
f 1381 1382 1586
f 1586 1585 1381
f 277 278 287
f 287 286 277
f 1221 1222 1224
f 1224 1223 1221
f 1376 1581 1586
f 1586 1382 1376
f 1667 1677 1678
f 1678 1668 1667
f 3574 3755 3761
f 3761 3578 3574
f 346 454 455
f 455 347 346
f 1693 1694 1700
f 1700 1699 1693
f 2356 2359 2524
f 2524 2520 2356
f 4994 4995 5288
f 5288 5287 4994
f 1370 1577 1581
f 1581 1376 1370
f 876 1076 1084
f 1084 886 876
f 2344 2503 2507
f 2507 2347 2344
f 3061 3267 3268
f 3268 3062 3061
f 5429 5444 5445
f 5445 5430 5429
f 1719 1722 1846
f 1846 1844 1719
f 3989 3990 3995
f 3995 3994 3989
f 337 340 447
f 447 444 337
f 839 847 1052
f 1052 1047 839
f 3082 3083 3286
f 3286 3285 3082
f 1158 1344 1348
f 1348 1163 1158
f 2945 3153 3154
f 3154 2946 2945
f 4256 4257 4261
f 4261 4260 4256
f 950 1137 1140
f 1140 954 950
f 322 323 332
f 332 331 322
f 1567 1765 1767
f 1767 1569 1567
f 4752 4753 4757
f 4757 4756 4752
f 3764 3771 3772
f 3772 3765 3764
f 3311 3314 3524
f 3524 3522 3311
f 1606 1608 1808
f 1808 1806 1606
f 637 642 779
f 779 774 637
f 650 651 653
f 653 652 650
f 3470 3478 3671
f 3671 3667 3470
f 1555 1556 1559
f 1559 1558 1555
f 1362 1365 1574
f 1574 1572 1362
f 4213 4214 4424
f 4424 4423 4213
f 1143 1144 1149
f 1149 1148 1143
f 2582 2751 2756
f 2756 2588 2582
f 4531 4533 4746
f 4746 4740 4531
f 1878 2005 2007
f 2007 1880 1878
f 1383 1384 1589
f 1589 1588 1383
f 823 824 1018
f 1018 1017 823
f 4113 4114 4120
f 4120 4119 4113
f 873 883 1083
f 1083 1073 873
f 1621 1625 1626
f 1626 1622 1621
f 959 1148 1149
f 1149 960 959
f 2768 2774 2962
f 2962 2958 2768
f 1990 1996 2131
f 2131 2124 1990
f 4318 4511 4512
f 4512 4319 4318
f 4787 4788 5049
f 5049 5048 4787
f 2828 2834 3020
f 3020 3013 2828
f 998 999 1179
f 1179 1178 998
f 1050 1051 1057
f 1057 1056 1050
f 3995 4204 4205
f 4205 3996 3995
f 1597 1598 1794
f 1794 1793 1597
f 697 705 706
f 706 698 697
f 4127 4332 4336
f 4336 4130 4127
f 1033 1232 1233
f 1233 1034 1033
f 3605 3606 3612
f 3612 3611 3605
f 347 455 459
f 459 349 347
f 4697 4919 4920
f 4920 4698 4697
f 456 462 559
f 559 554 456
f 2081 2082 2086
f 2086 2085 2081
f 5543 5554 5555
f 5555 5544 5543
f 4296 4498 4503
f 4503 4304 4296
f 1351 1352 1355
f 1355 1354 1351
f 4175 4176 4379
f 4379 4378 4175
f 1352 1563 1565
f 1565 1355 1352
f 2703 2704 2886
f 2886 2885 2703
f 2948 3156 3157
f 3157 2949 2948
f 407 408 414
f 414 413 407
f 827 831 1035
f 1035 1030 827
f 1110 1283 1287
f 1287 1113 1110
f 3236 3237 3247
f 3247 3246 3236
f 2394 2396 2568
f 2568 2565 2394
f 3365 3564 3567
f 3567 3367 3365
f 1433 1442 1636
f 1636 1628 1433
f 1349 1561 1563
f 1563 1352 1349
f 509 513 607
f 607 603 509
f 167 168 177
f 177 176 167
f 1637 1646 1647
f 1647 1638 1637
f 4319 4320 4325
f 4325 4324 4319
f 2877 2881 3069
f 3069 3066 2877
f 3291 3503 3508
f 3508 3295 3291
f 711 720 721
f 721 712 711
f 112 113 118
f 118 117 112
f 1478 1488 1489
f 1489 1479 1478
f 1345 1559 1561
f 1561 1349 1345
f 5514 5526 5527
f 5527 5515 5514
f 3359 3363 3563
f 3563 3559 3359
f 2095 2096 2246
f 2246 2245 2095
f 2047 2197 2200
f 2200 2049 2047
f 1471 1472 1690
f 1690 1689 1471
f 162 163 173
f 173 172 162
f 2984 2985 3192
f 3192 3191 2984
f 1993 2126 2127
f 2127 1994 1993
f 776 945 951
f 951 781 776
f 4468 4470 4671
f 4671 4667 4468
f 4024 4036 4234
f 4234 4229 4024
f 3960 3961 4170
f 4170 4169 3960
f 519 522 616
f 616 613 519
f 134 135 141
f 141 140 134
f 1151 1339 1340
f 1340 1152 1151
f 3491 3492 3681
f 3681 3680 3491
f 1334 1550 1551
f 1551 1335 1334
f 2149 2154 2309
f 2309 2302 2149
f 1502 1507 1712
f 1712 1708 1502
f 2989 2996 3206
f 3206 3198 2989
f 2497 2502 2674
f 2674 2668 2497
f 975 976 982
f 982 981 975
f 995 996 1002
f 1002 1001 995
f 1329 1337 1554
f 1554 1548 1329
f 4976 4983 4984
f 4984 4977 4976
f 2799 2800 2988
f 2988 2987 2799
f 1327 1545 1546
f 1546 1328 1327
f 1324 1330 1549
f 1549 1542 1324
f 1319 1320 1326
f 1326 1325 1319
f 4101 4107 4317
f 4317 4310 4101
f 1314 1315 1536
f 1536 1535 1314
f 2445 2448 2618
f 2618 2615 2445
f 1310 1311 1533
f 1533 1532 1310
f 1302 1527 1533
f 1533 1311 1302
f 1308 1309 1531
f 1531 1530 1308
f 1406 1407 1609
f 1609 1608 1406
f 1508 1713 1714
f 1714 1509 1508
f 2957 2961 3168
f 3168 3164 2957
f 659 811 815
f 815 661 659
f 2611 2613 2781
f 2781 2779 2611
f 1300 1301 1525
f 1525 1524 1300
f 3734 3739 3945
f 3945 3941 3734
f 1290 1518 1523
f 1523 1296 1290
f 1039 1040 1046
f 1046 1045 1039
f 1281 1506 1507
f 1507 1282 1281
f 2372 2373 2380
f 2380 2379 2372
f 1294 1295 1521
f 1521 1520 1294
f 1290 1291 1519
f 1519 1518 1290
f 832 1037 1042
f 1042 836 832
f 3607 3608 3614
f 3614 3613 3607
f 1814 1815 1937
f 1937 1936 1814
f 1288 1289 1516
f 1516 1515 1288
f 1285 1511 1512
f 1512 1286 1285
f 1907 1908 2040
f 2040 2039 1907
f 1285 1288 1515
f 1515 1511 1285
f 24 63 67
f 67 28 24
f 1283 1509 1514
f 1514 1287 1283
f 5445 5461 5462
f 5462 5446 5445
f 2835 3021 3028
f 3028 2841 2835
f 4548 4549 4769
f 4769 4768 4548
f 986 1171 1172
f 1172 987 986
f 3219 3225 3434
f 3434 3428 3219
f 5089 5407 5408
f 5408 5090 5089
f 2706 2707 2889
f 2889 2888 2706
f 5236 5254 5255
f 5255 5237 5236
f 1281 1286 1512
f 1512 1506 1281
f 2807 2996 2997
f 2997 2808 2807
f 4049 4050 4241
f 4241 4240 4049
f 4364 4366 4552
f 4552 4548 4364
f 2912 2915 3108
f 3108 3103 2912
f 125 131 262
f 262 255 125
f 1865 1995 1996
f 1996 1866 1865
f 1499 1504 1505
f 1505 1500 1499
f 1275 1500 1505
f 1505 1279 1275
f 1498 1503 1504
f 1504 1499 1498
f 1981 2116 2120
f 2120 1987 1981
f 2625 2626 2796
f 2796 2795 2625
f 4834 4840 4841
f 4841 4835 4834
f 2494 2499 2670
f 2670 2665 2494
f 1462 1472 1473
f 1473 1463 1462
f 1274 1278 1502
f 1502 1495 1274
f 2265 2266 2271
f 2271 2270 2265
f 2553 2554 2557
f 2557 2556 2553
f 1011 1012 1019
f 1019 1018 1011
f 2963 3169 3172
f 3172 2965 2963
f 1594 1597 1793
f 1793 1790 1594
f 866 867 876
f 876 875 866
f 1485 1495 1496
f 1496 1486 1485
f 2538 2539 2545
f 2545 2544 2538
f 1906 1909 2041
f 2041 2038 1906
f 1483 1493 1494
f 1494 1484 1483
f 4096 4101 4310
f 4310 4302 4096
f 1480 1490 1491
f 1491 1481 1480
f 5166 5167 5553
f 5553 5552 5166
f 764 765 934
f 934 933 764
f 719 890 898
f 898 728 719
f 2039 2188 2193
f 2193 2044 2039
f 1477 1487 1488
f 1488 1478 1477
f 4836 4842 5117
f 5117 5109 4836
f 3181 3381 3390
f 3390 3186 3181
f 1683 1691 1692
f 1692 1684 1683
f 1427 1434 1435
f 1435 1428 1427
f 2436 2440 2611
f 2611 2609 2436
f 2391 2394 2565
f 2565 2561 2391
f 1267 1474 1484
f 1484 1270 1267
f 1472 1482 1483
f 1483 1473 1472
f 3068 3274 3277
f 3277 3072 3068
f 1469 1479 1480
f 1480 1470 1469
f 1468 1478 1479
f 1479 1469 1468
f 377 490 496
f 496 384 377
f 2249 2252 2409
f 2409 2404 2249
f 142 273 274
f 274 143 142
f 1265 1466 1467
f 1467 1266 1265
f 5091 5409 5410
f 5410 5092 5091
f 1263 1264 1268
f 1268 1267 1263
f 1460 1461 1676
f 1676 1675 1460
f 1264 1465 1475
f 1475 1268 1264
f 2458 2459 2632
f 2632 2631 2458
f 1717 1842 1845
f 1845 1720 1717
f 5131 5132 5474
f 5474 5473 5131
f 456 457 463
f 463 462 456
f 2637 2638 2644
f 2644 2643 2637
f 1269 1272 1486
f 1486 1476 1269
f 429 530 539
f 539 439 429
f 1261 1266 1467
f 1467 1459 1261
f 4639 4857 4863
f 4863 4643 4639
f 1259 1260 1264
f 1264 1263 1259
f 777 778 947
f 947 946 777
f 3098 3300 3304
f 3304 3101 3098
f 1260 1458 1465
f 1465 1264 1260
f 4408 4414 4415
f 4415 4409 4408
f 4089 4283 4284
f 4284 4090 4089
f 833 834 839
f 839 838 833
f 1256 1257 1262
f 1262 1261 1256
f 1256 1454 1455
f 1455 1257 1256
f 4830 5104 5111
f 5111 4837 4830
f 1398 1603 1605
f 1605 1402 1398
f 3180 3183 3383
f 3383 3379 3180
f 1995 2130 2131
f 2131 1996 1995
f 3067 3068 3072
f 3072 3071 3067
f 3366 3369 3569
f 3569 3566 3366
f 1252 1257 1455
f 1455 1450 1252
f 3049 3053 3054
f 3054 3050 3049
f 820 1011 1018
f 1018 824 820
f 1551 1552 1556
f 1556 1555 1551
f 3542 3543 3549
f 3549 3548 3542
f 1250 1251 1255
f 1255 1254 1250
f 790 791 794
f 794 793 790
f 88 89 92
f 92 91 88
f 1309 1310 1532
f 1532 1531 1309
f 3337 3338 3346
f 3346 3345 3337
f 600 604 744
f 744 735 600
f 850 851 860
f 860 859 850
f 1248 1253 1451
f 1451 1448 1248
f 5190 5198 5199
f 5199 5191 5190
f 1246 1446 1449
f 1449 1251 1246
f 1743 1872 1873
f 1873 1744 1743
f 485 583 588
f 588 490 485
f 2755 2756 2760
f 2760 2759 2755
f 1244 1441 1442
f 1442 1245 1244
f 1244 1248 1448
f 1448 1441 1244
f 1147 1154 1343
f 1343 1337 1147
f 1246 1247 1447
f 1447 1446 1246
f 69 182 183
f 183 70 69
f 3825 4027 4042
f 4042 3838 3825
f 2865 2866 3054
f 3054 3053 2865
f 914 915 919
f 919 918 914
f 1431 1438 1439
f 1439 1432 1431
f 1240 1432 1439
f 1439 1242 1240
f 4773 4780 4781
f 4781 4774 4773
f 5419 5433 5434
f 5434 5420 5419
f 3725 3728 3934
f 3934 3929 3725
f 640 641 778
f 778 777 640
f 1577 1578 1582
f 1582 1581 1577
f 4469 4669 4678
f 4678 4475 4469
f 1614 1615 1814
f 1814 1813 1614
f 4690 4913 4919
f 4919 4697 4690
f 3685 3686 3879
f 3879 3878 3685
f 2401 2404 2579
f 2579 2575 2401
f 266 392 393
f 393 267 266
f 1424 1430 1431
f 1431 1425 1424
f 1235 1424 1425
f 1425 1236 1235
f 1234 1423 1424
f 1424 1235 1234
f 648 649 787
f 787 786 648
f 3144 3145 3154
f 3154 3153 3144
f 2058 2213 2216
f 2216 2061 2058
f 1231 1237 1426
f 1426 1420 1231
f 1230 1419 1423
f 1423 1234 1230
f 3534 3535 3721
f 3721 3720 3534
f 871 881 882
f 882 872 871
f 807 808 812
f 812 811 807
f 1227 1416 1417
f 1417 1228 1227
f 3177 3179 3378
f 3378 3375 3177
f 3503 3504 3509
f 3509 3508 3503
f 911 1099 1102
f 1102 915 911
f 1222 1409 1412
f 1412 1224 1222
f 1457 1464 1681
f 1681 1671 1457
f 1221 1223 1411
f 1411 1408 1221
f 2504 2505 2677
f 2677 2676 2504
f 1218 1219 1222
f 1222 1221 1218
f 4954 5196 5197
f 5197 4955 4954
f 4158 4159 4163
f 4163 4162 4158
f 178 299 304
f 304 184 178
f 1219 1405 1409
f 1409 1222 1219
f 1217 1218 1221
f 1221 1220 1217
f 5546 5556 5557
f 5557 5547 5546
f 1220 1221 1408
f 1408 1407 1220
f 1217 1220 1407
f 1407 1404 1217
f 265 391 395
f 395 272 265
f 1834 1963 1964
f 1964 1835 1834
f 1215 1216 1219
f 1219 1218 1215
f 872 882 883
f 883 873 872
f 1216 1402 1405
f 1405 1219 1216
f 1214 1217 1404
f 1404 1400 1214
f 1256 1261 1459
f 1459 1454 1256
f 3517 3706 3707
f 3707 3518 3517
f 314 315 429
f 429 428 314
f 1940 1941 1947
f 1947 1946 1940
f 258 387 388
f 388 259 258
f 1213 1397 1401
f 1401 1215 1213
f 1204 1205 1209
f 1209 1208 1204
f 1208 1209 1386
f 1386 1385 1208
f 5422 5436 5437
f 5437 5423 5422
f 5351 5366 5367
f 5367 5352 5351
f 3157 3158 3162
f 3162 3161 3157
f 301 302 311
f 311 310 301
f 1199 1200 1206
f 1206 1205 1199
f 434 435 441
f 441 440 434
f 4825 4833 4834
f 4834 4826 4825
f 1193 1194 1200
f 1200 1199 1193
f 2175 2176 2181
f 2181 2180 2175
f 1141 1142 1145
f 1145 1144 1141
f 209 210 213
f 213 212 209
f 3105 3106 3110
f 3110 3109 3105
f 1191 1192 1197
f 1197 1196 1191
f 1196 1197 1374
f 1374 1373 1196
f 2660 2661 2667
f 2667 2666 2660
f 1191 1196 1373
f 1373 1369 1191
f 1189 1366 1370
f 1370 1195 1189
f 2605 2773 2774
f 2774 2606 2605
f 783 786 787
f 787 784 783
f 2861 2862 3049
f 3049 3048 2861
f 5522 5534 5535
f 5535 5523 5522
f 1694 1821 1822
f 1822 1695 1694
f 5267 5285 5286
f 5286 5268 5267
f 2847 2848 3035
f 3035 3034 2847
f 2882 2883 2890
f 2890 2889 2882
f 2023 2163 2167
f 2167 2027 2023
f 3601 3785 3791
f 3791 3604 3601
f 1698 1826 1827
f 1827 1699 1698
f 4992 4999 5000
f 5000 4993 4992
f 3651 3659 3660
f 3660 3652 3651
f 2367 2530 2535
f 2535 2371 2367
f 507 508 602
f 602 601 507
f 2906 3095 3096
f 3096 2907 2906
f 2683 2684 2689
f 2689 2688 2683
f 1464 1474 1475
f 1475 1465 1464
f 4442 4446 4650
f 4650 4647 4442
f 2459 2460 2633
f 2633 2632 2459
f 795 977 978
f 978 796 795
f 3385 3392 3393
f 3393 3386 3385
f 1171 1175 1358
f 1358 1356 1171
f 884 885 893
f 893 892 884
f 683 845 846
f 846 684 683
f 4192 4394 4399
f 4399 4195 4192
f 1182 1183 1187
f 1187 1186 1182
f 4134 4137 4345
f 4345 4341 4134
f 3837 3838 4042
f 4042 4041 3837
f 1182 1186 1365
f 1365 1362 1182
f 1448 1451 1654
f 1654 1644 1448
f 5229 5247 5248
f 5248 5230 5229
f 1848 1977 1984
f 1984 1854 1848
f 4282 4293 4294
f 4294 4283 4282
f 121 248 249
f 249 122 121
f 1092 1093 1096
f 1096 1095 1092
f 2452 2453 2626
f 2626 2625 2452
f 138 139 147
f 147 146 138
f 482 483 488
f 488 487 482
f 1176 1177 1181
f 1181 1180 1176
f 19 20 24
f 24 23 19
f 981 982 988
f 988 987 981
f 1319 1538 1539
f 1539 1320 1319
f 1174 1357 1359
f 1359 1177 1174
f 4849 4850 5129
f 5129 5128 4849
f 2148 2149 2302
f 2302 2301 2148
f 1025 1204 1208
f 1208 1028 1025
f 23 24 28
f 28 27 23
f 1336 1337 1343
f 1343 1342 1336
f 2792 2798 2986
f 2986 2981 2792
f 3897 3903 4105
f 4105 4099 3897
f 1539 1540 1545
f 1545 1544 1539
f 2970 2974 2975
f 2975 2971 2970
f 1169 1354 1355
f 1355 1170 1169
f 936 1124 1132
f 1132 945 936
f 1588 1593 1789
f 1789 1785 1588
f 4854 4860 4861
f 4861 4855 4854
f 2117 2265 2270
f 2270 2121 2117
f 1571 1769 1771
f 1771 1573 1571
f 1167 1168 1172
f 1172 1171 1167
f 5524 5536 5537
f 5537 5525 5524
f 3124 3125 3331
f 3331 3330 3124
f 577 692 693
f 693 578 577
f 4711 4720 4721
f 4721 4712 4711
f 215 351 355
f 355 220 215
f 866 1066 1067
f 1067 867 866
f 40 94 97
f 97 43 40
f 1381 1585 1591
f 1591 1387 1381
f 1950 1951 1958
f 1958 1957 1950
f 244 245 375
f 375 374 244
f 1164 1167 1353
f 1353 1350 1164
f 2903 3091 3092
f 3092 2904 2903
f 2982 2987 2988
f 2988 2983 2982
f 4996 5290 5307
f 5307 5004 4996
f 2245 2246 2400
f 2400 2399 2245
f 4670 4671 4895
f 4895 4894 4670
f 758 927 931
f 931 762 758
f 1422 1623 1627
f 1627 1428 1422
f 1159 1160 1165
f 1165 1164 1159
f 4071 4265 4269
f 4269 4074 4071
f 1159 1346 1347
f 1347 1160 1159
f 44 45 99
f 99 98 44
f 1159 1164 1350
f 1350 1346 1159
f 771 777 946
f 946 940 771
f 64 65 72
f 72 71 64
f 352 462 463
f 463 353 352
f 1823 1954 1955
f 1955 1824 1823
f 1154 1155 1161
f 1161 1160 1154
f 1707 1832 1836
f 1836 1710 1707
f 2762 2951 2952
f 2952 2763 2762
f 2215 2217 2218
f 2218 2216 2215
f 212 213 218
f 218 217 212
f 1252 1253 1258
f 1258 1257 1252
f 3815 3816 3826
f 3826 3825 3815
f 1574 1576 1774
f 1774 1772 1574
f 1147 1148 1155
f 1155 1154 1147
f 1319 1325 1543
f 1543 1538 1319
f 1858 1988 1992
f 1992 1863 1858
f 1227 1228 1233
f 1233 1232 1227
f 1145 1146 1151
f 1151 1150 1145
f 4580 4802 4803
f 4803 4581 4580
f 36 37 40
f 40 39 36
f 563 570 686
f 686 681 563
f 5065 5078 5079
f 5079 5066 5065
f 3767 3768 3974
f 3974 3973 3767
f 1008 1184 1189
f 1189 1013 1008
f 4750 4751 5004
f 5004 5003 4750
f 1141 1144 1331
f 1331 1325 1141
f 1137 1318 1323
f 1323 1140 1137
f 1344 1345 1349
f 1349 1348 1344
f 608 749 753
f 753 612 608
f 1316 1321 1322
f 1322 1317 1316
f 692 701 870
f 870 861 692
f 1131 1311 1318
f 1318 1137 1131
f 5549 5559 5560
f 5560 5550 5549
f 1309 1316 1317
f 1317 1310 1309
f 1130 1136 1316
f 1316 1309 1130
f 1628 1636 1637
f 1637 1629 1628
f 1017 1018 1023
f 1023 1022 1017
f 1302 1311 1312
f 1312 1303 1302
f 139 140 148
f 148 147 139
f 5505 5517 5518
f 5518 5506 5505
f 1466 1683 1684
f 1684 1467 1466
f 1157 1158 1163
f 1163 1162 1157
f 1860 1990 1991
f 1991 1861 1860
f 1123 1128 1307
f 1307 1301 1123
f 1298 1305 1306
f 1306 1299 1298
f 1121 1299 1306
f 1306 1127 1121
f 1297 1304 1305
f 1305 1298 1297
f 1125 1126 1305
f 1305 1304 1125
f 564 684 688
f 688 571 564
f 2642 2649 2820
f 2820 2815 2642
f 427 437 537
f 537 529 427
f 1119 1296 1303
f 1303 1124 1119
f 3306 3311 3522
f 3522 3519 3306
f 1197 1198 1203
f 1203 1202 1197
f 1511 1515 1516
f 1516 1512 1511
f 278 279 398
f 398 397 278
f 2630 2631 2800
f 2800 2799 2630
f 3628 3807 3808
f 3808 3629 3628
f 2233 2388 2390
f 2390 2236 2233
f 5096 5104 5105
f 5105 5097 5096
f 942 1129 1135
f 1135 948 942
f 1122 1123 1301
f 1301 1300 1122
f 1121 1122 1300
f 1300 1299 1121
f 709 879 880
f 880 710 709
f 3634 3813 3820
f 3820 3640 3634
f 4288 4289 4302
f 4302 4301 4288
f 2061 2216 2218
f 2218 2064 2061
f 374 375 382
f 382 381 374
f 3419 3622 3627
f 3627 3425 3419
f 2599 2606 2774
f 2774 2768 2599
f 1288 1293 1294
f 1294 1289 1288
f 1114 1118 1293
f 1293 1288 1114
f 4482 4483 4489
f 4489 4488 4482
f 682 687 853
f 853 844 682
f 1115 1116 1291
f 1291 1290 1115
f 1717 1720 1721
f 1721 1718 1717
f 1113 1287 1291
f 1291 1116 1113
f 1399 1400 1404
f 1404 1403 1399
f 644 647 785
f 785 782 644
f 3916 3917 3922
f 3922 3921 3916
f 186 310 320
f 320 192 186
f 4712 4721 4722
f 4722 4713 4712
f 3851 4059 4063
f 4063 3857 3851
f 1789 1790 1914
f 1914 1913 1789
f 1758 1760 1885
f 1885 1883 1758
f 1210 1211 1213
f 1213 1212 1210
f 1950 2083 2084
f 2084 1951 1950
f 72 73 81
f 81 80 72
f 1296 1523 1528
f 1528 1303 1296
f 431 432 533
f 533 532 431
f 813 817 1010
f 1010 1005 813
f 1635 1644 1645
f 1645 1636 1635
f 74 186 192
f 192 82 74
f 2648 2819 2820
f 2820 2649 2648
f 1990 2124 2125
f 2125 1991 1990
f 1228 1417 1418
f 1418 1229 1228
f 50 156 165
f 165 57 50
f 1851 1855 1985
f 1985 1979 1851
f 1405 1607 1610
f 1610 1409 1405
f 714 723 724
f 724 715 714
f 3260 3268 3269
f 3269 3261 3260
f 1280 1285 1286
f 1286 1281 1280
f 1106 1107 1111
f 1111 1110 1106
f 1541 1743 1744
f 1744 1542 1541
f 3460 3461 3659
f 3659 3658 3460
f 1205 1380 1386
f 1386 1209 1205
f 993 994 1000
f 1000 999 993
f 1585 1586 1592
f 1592 1591 1585
f 2807 2815 3001
f 3001 2996 2807
f 114 115 120
f 120 119 114
f 3874 3878 4082
f 4082 4077 3874
f 3689 3882 3883
f 3883 3690 3689
f 241 242 250
f 250 249 241
f 3216 3424 3425
f 3425 3217 3216
f 3311 3312 3315
f 3315 3314 3311
f 1175 1178 1360
f 1360 1358 1175
f 999 1004 1183
f 1183 1179 999
f 1104 1277 1278
f 1278 1105 1104
f 1586 1782 1788
f 1788 1592 1586
f 1104 1109 1281
f 1281 1277 1104
f 1102 1275 1279
f 1279 1107 1102
f 1904 2036 2040
f 2040 1908 1904
f 1 4 22
f 22 18 1
f 1925 1928 2059
f 2059 2057 1925
f 71 72 80
f 80 79 71
f 2788 2977 2985
f 2985 2795 2788
f 3232 3442 3452
f 3452 3242 3232
f 2332 2487 2492
f 2492 2337 2332
f 4363 4364 4548
f 4548 4547 4363
f 2766 2954 2955
f 2955 2767 2766
f 352 358 470
f 470 462 352
f 702 711 712
f 712 703 702
f 3114 3115 3120
f 3120 3119 3114
f 281 289 404
f 404 400 281
f 1101 1105 1278
f 1278 1274 1101
f 1102 1103 1276
f 1276 1275 1102
f 1152 1153 1158
f 1158 1157 1152
f 5430 5445 5446
f 5446 5431 5430
f 4731 4970 4977
f 4977 4734 4731
f 145 146 156
f 156 155 145
f 4583 4596 4811
f 4811 4804 4583
f 461 469 563
f 563 558 461
f 3904 3905 3908
f 3908 3907 3904
f 1186 1190 1368
f 1368 1365 1186
f 330 331 442
f 442 441 330
f 434 440 543
f 543 535 434
f 1403 1404 1407
f 1407 1406 1403
f 3987 4197 4198
f 4198 3988 3987
f 2281 2438 2441
f 2441 2283 2281
f 788 791 970
f 970 964 788
f 4886 4894 5181
f 5181 5173 4886
f 1094 1098 1272
f 1272 1269 1094
f 5127 5128 5470
f 5470 5469 5127
f 4072 4075 4270
f 4270 4266 4072
f 4857 5138 5143
f 5143 4863 4857
f 1468 1686 1694
f 1694 1478 1468
f 223 224 228
f 228 227 223
f 2411 2417 2590
f 2590 2586 2411
f 1273 1494 1501
f 1501 1276 1273
f 3322 3323 3328
f 3328 3327 3322
f 5016 5017 5345
f 5345 5344 5016
f 2082 2236 2239
f 2239 2086 2082
f 1087 1265 1266
f 1266 1088 1087
f 1911 1912 2044
f 2044 2043 1911
f 2448 2450 2621
f 2621 2618 2448
f 95 96 206
f 206 205 95
f 4032 4033 4048
f 4048 4047 4032
f 2944 3152 3153
f 3153 2945 2944
f 1081 1082 1090
f 1090 1089 1081
f 1607 1807 1809
f 1809 1610 1607
f 437 438 538
f 538 537 437
f 5426 5441 5442
f 5442 5427 5426
f 4274 4275 4480
f 4480 4479 4274
f 365 372 489
f 489 484 365
f 1080 1261 1262
f 1262 1081 1080
f 1342 1346 1560
f 1560 1557 1342
f 2757 2945 2946
f 2946 2758 2757
f 3408 3604 3610
f 3610 3411 3408
f 2788 2795 2796
f 2796 2789 2788
f 4759 4760 5014
f 5014 5013 4759
f 699 707 708
f 708 700 699
f 5495 5507 5508
f 5508 5496 5495
f 1076 1077 1085
f 1085 1084 1076
f 3539 3540 3544
f 3544 3543 3539
f 3220 3429 3436
f 3436 3226 3220
f 497 502 598
f 598 594 497
f 490 588 593
f 593 496 490
f 772 941 947
f 947 778 772
f 323 436 443
f 443 332 323
f 440 441 445
f 445 444 440
f 1071 1081 1262
f 1262 1257 1071
f 1078 1079 1260
f 1260 1259 1078
f 1960 2088 2091
f 2091 1962 1960
f 1741 1869 1870
f 1870 1742 1741
f 2302 2309 2310
f 2310 2303 2302
f 1065 1066 1075
f 1075 1074 1065
f 1061 1250 1254
f 1254 1070 1061
f 5122 5458 5474
f 5474 5132 5122
f 3747 3955 3958
f 3958 3752 3747
f 1695 1696 1702
f 1702 1701 1695
f 2116 2120 2269
f 2269 2264 2116
f 102 103 108
f 108 107 102
f 1056 1057 1065
f 1065 1064 1056
f 673 681 682
f 682 674 673
f 2749 2750 2938
f 2938 2937 2749
f 4980 5240 5241
f 5241 4981 4980
f 1018 1019 1194
f 1194 1193 1018
f 3840 3841 3848
f 3848 3847 3840
f 1001 1002 1007
f 1007 1006 1001
f 1693 1820 1821
f 1821 1694 1693
f 863 872 873
f 873 864 863
f 2581 2586 2754
f 2754 2749 2581
f 175 176 182
f 182 181 175
f 3605 3792 3793
f 3793 3606 3605
f 1050 1056 1249
f 1249 1245 1050
f 2771 2959 2960
f 2960 2772 2771
f 1069 1070 1079
f 1079 1078 1069
f 579 695 696
f 696 580 579
f 2418 2591 2596
f 2596 2422 2418
f 368 485 490
f 490 377 368
f 3412 3611 3617
f 3617 3415 3412
f 469 476 570
f 570 563 469
f 5377 5387 5388
f 5388 5378 5377
f 1045 1050 1245
f 1245 1241 1045
f 4197 4401 4402
f 4402 4198 4197
f 2412 2413 2588
f 2588 2587 2412
f 1251 1449 1453
f 1453 1255 1251
f 59 60 172
f 172 171 59
f 1039 1237 1238
f 1238 1040 1039
f 1055 1056 1064
f 1064 1063 1055
f 4410 4616 4617
f 4617 4411 4410
f 1039 1045 1241
f 1241 1237 1039
f 1038 1236 1239
f 1239 1043 1038
f 4510 4711 4712
f 4712 4511 4510
f 3973 3974 4187
f 4187 4186 3973
f 2845 3031 3040
f 3040 2853 2845
f 5222 5236 5237
f 5237 5223 5222
f 1033 1034 1041
f 1041 1040 1033
f 1033 1040 1238
f 1238 1232 1033
f 1030 1229 1230
f 1230 1031 1030
f 1029 1030 1035
f 1035 1034 1029
f 3551 3552 3558
f 3558 3557 3551
f 2754 2941 2942
f 2942 2755 2754
f 2612 2780 2782
f 2782 2614 2612
f 4792 4793 4800
f 4800 4799 4792
f 223 227 362
f 362 359 223
f 1024 1025 1028
f 1028 1027 1024
f 1024 1027 1207
f 1207 1203 1024
f 1022 1023 1026
f 1026 1025 1022
f 1025 1026 1205
f 1205 1204 1025
f 4776 4785 4786
f 4786 4777 4776
f 3448 3449 3649
f 3649 3648 3448
f 3087 3290 3291
f 3291 3088 3087
f 5087 5405 5406
f 5406 5088 5087
f 5319 5335 5336
f 5336 5320 5319
f 4760 4762 5019
f 5019 5014 4760
f 1021 1024 1203
f 1203 1198 1021
f 3438 3444 3644
f 3644 3639 3438
f 1018 1193 1199
f 1199 1023 1018
f 1095 1096 1100
f 1100 1099 1095
f 5226 5244 5245
f 5245 5227 5226
f 5186 5192 5193
f 5193 5187 5186
f 4974 4981 4982
f 4982 4975 4974
f 2034 2183 2185
f 2185 2036 2034
f 2571 2575 2576
f 2576 2572 2571
f 2128 2278 2281
f 2281 2133 2128
f 1012 1188 1194
f 1194 1019 1012
f 2283 2441 2442
f 2442 2284 2283
f 2989 2990 2997
f 2997 2996 2989
f 2827 3011 3017
f 3017 2832 2827
f 451 452 553
f 553 552 451
f 75 83 193
f 193 187 75
f 2630 2635 2636
f 2636 2631 2630
f 517 611 614
f 614 520 517
f 1164 1165 1168
f 1168 1167 1164
f 1004 1005 1010
f 1010 1009 1004
f 1009 1010 1015
f 1015 1014 1009
f 1530 1531 1731
f 1731 1730 1530
f 189 196 326
f 326 316 189
f 1007 1008 1013
f 1013 1012 1007
f 1006 1007 1012
f 1012 1011 1006
f 1138 1139 1322
f 1322 1321 1138
f 278 397 401
f 401 287 278
f 358 361 477
f 477 470 358
f 929 1117 1118
f 1118 930 929
f 1002 1003 1008
f 1008 1007 1002
f 1003 1180 1184
f 1184 1008 1003
f 2193 2194 2351
f 2351 2350 2193
f 339 446 449
f 449 342 339
f 118 119 235
f 235 234 118
f 4372 4563 4574
f 4574 4384 4372
f 1252 1450 1451
f 1451 1253 1252
f 999 1000 1005
f 1005 1004 999
f 1588 1589 1594
f 1594 1593 1588
f 1986 1991 2125
f 2125 2119 1986
f 267 268 275
f 275 274 267
f 997 1176 1180
f 1180 1003 997
f 1575 1773 1775
f 1775 1578 1575
f 868 877 1077
f 1077 1068 868
f 916 921 1109
f 1109 1104 916
f 1037 1235 1236
f 1236 1038 1037
f 992 993 999
f 999 998 992
f 3902 3906 4110
f 4110 4104 3902
f 1779 1904 1908
f 1908 1783 1779
f 348 353 463
f 463 457 348
f 1004 1009 1187
f 1187 1183 1004
f 2786 2787 2975
f 2975 2974 2786
f 1625 1629 1630
f 1630 1626 1625
f 986 992 1175
f 1175 1171 986
f 984 985 991
f 991 990 984
f 985 1169 1173
f 1173 991 985
f 4880 4881 4885
f 4885 4884 4880
f 2305 2312 2313
f 2313 2306 2305
f 3847 3848 3854
f 3854 3853 3847
f 1697 1705 1831
f 1831 1825 1697
f 4764 4765 5022
f 5022 5021 4764
f 1129 1308 1315
f 1315 1135 1129
f 3807 4011 4012
f 4012 3808 3807
f 5235 5253 5254
f 5254 5236 5235
f 4220 4430 4435
f 4435 4225 4220
f 2708 2899 2900
f 2900 2709 2708
f 4279 4486 4491
f 4491 4289 4279
f 4298 4299 4307
f 4307 4306 4298
f 4002 4003 4009
f 4009 4008 4002
f 679 680 842
f 842 841 679
f 1489 1701 1702
f 1702 1490 1489
f 981 987 1172
f 1172 1168 981
f 3918 3923 4131
f 4131 4128 3918
f 1385 1386 1390
f 1390 1389 1385
f 4077 4082 4083
f 4083 4078 4077
f 1503 1508 1509
f 1509 1504 1503
f 1210 1392 1393
f 1393 1211 1210
f 980 1166 1169
f 1169 985 980
f 426 528 536
f 536 436 426
f 1504 1509 1510
f 1510 1505 1504
f 2069 2225 2226
f 2226 2070 2069
f 4113 4325 4326
f 4326 4114 4113
f 974 1163 1166
f 1166 980 974
f 972 973 979
f 979 978 972
f 3111 3112 3117
f 3117 3116 3111
f 968 969 976
f 976 975 968
f 3760 3966 3974
f 3974 3768 3760
f 472 480 573
f 573 566 472
f 2116 2117 2121
f 2121 2120 2116
f 4473 4474 4677
f 4677 4676 4473
f 1243 1440 1447
f 1447 1247 1243
f 967 1157 1162
f 1162 973 967
f 965 966 972
f 972 971 965
f 5008 5323 5339
f 5339 5011 5008
f 4482 4488 4689
f 4689 4683 4482
f 3786 3987 3988
f 3988 3787 3786
f 963 964 970
f 970 969 963
f 3397 3398 3406
f 3406 3405 3397
f 961 1150 1151
f 1151 962 961
f 962 1151 1156
f 1156 966 962
f 1344 1558 1559
f 1559 1345 1344
f 3897 4099 4100
f 4100 3898 3897
f 1633 1642 1643
f 1643 1634 1633
f 1049 1242 1246
f 1246 1054 1049
f 959 960 964
f 964 963 959
f 748 918 922
f 922 752 748
f 33 87 88
f 88 34 33
f 340 341 344
f 344 343 340
f 316 326 327
f 327 317 316
f 3914 3915 3920
f 3920 3919 3914
f 1378 1379 1384
f 1384 1383 1378
f 1420 1620 1621
f 1621 1421 1420
f 3057 3262 3263
f 3263 3058 3057
f 2693 2694 2697
f 2697 2696 2693
f 2148 2153 2154
f 2154 2149 2148
f 957 958 961
f 961 960 957
f 957 1144 1145
f 1145 958 957
f 958 1145 1150
f 1150 961 958
f 4137 4138 4143
f 4143 4142 4137
f 5187 5193 5194
f 5194 5188 5187
f 953 954 1140
f 1140 1139 953
f 4077 4078 4273
f 4273 4272 4077
f 1449 1652 1662
f 1662 1453 1449
f 944 1131 1137
f 1137 950 944
f 654 805 806
f 806 655 654
f 944 945 1132
f 1132 1131 944
f 2378 2550 2551
f 2551 2379 2378
f 4034 4035 4232
f 4232 4231 4034
f 4991 4998 5292
f 5292 5274 4991
f 2594 2763 2764
f 2764 2595 2594
f 2076 2077 2081
f 2081 2080 2076
f 3633 3638 3818
f 3818 3812 3633
f 875 876 886
f 886 885 875
f 355 466 467
f 467 356 355
f 1055 1063 1253
f 1253 1248 1055
f 230 231 364
f 364 363 230
f 1482 1492 1493
f 1493 1483 1482
f 933 1121 1127
f 1127 939 933
f 937 938 1126
f 1126 1125 937
f 541 542 636
f 636 635 541
f 931 1119 1124
f 1124 936 931
f 4 5 8
f 8 7 4
f 4950 4960 4961
f 4961 4951 4950
f 2639 2810 2811
f 2811 2640 2639
f 912 916 917
f 917 913 912
f 1061 1062 1251
f 1251 1250 1061
f 3006 3213 3220
f 3220 3014 3006
f 2094 2098 2247
f 2247 2244 2094
f 4265 4469 4475
f 4475 4269 4265
f 934 935 1123
f 1123 1122 934
f 3938 3942 4149
f 4149 4143 3938
f 933 934 1122
f 1122 1121 933
f 4168 4175 4378
f 4378 4370 4168
f 1816 1817 1822
f 1822 1821 1816
f 1 2 5
f 5 4 1
f 129 257 263
f 263 135 129
f 927 1115 1119
f 1119 931 927
f 1909 1910 2042
f 2042 2041 1909
f 1792 1915 1917
f 1917 1796 1792
f 5278 5296 5297
f 5297 5279 5278
f 1830 1960 1962
f 1962 1833 1830
f 2624 2632 2633
f 2633 2625 2624
f 5153 5157 5158
f 5158 5154 5153
f 2910 2913 3104
f 3104 3100 2910
f 1310 1317 1318
f 1318 1311 1310
f 3134 3135 3338
f 3338 3337 3134
f 927 928 1116
f 1116 1115 927
f 2140 2289 2292
f 2292 2142 2140
f 3397 3405 3603
f 3603 3595 3397
f 924 1113 1116
f 1116 928 924
f 3505 3695 3696
f 3696 3506 3505
f 1048 1049 1054
f 1054 1053 1048
f 401 402 515
f 515 514 401
f 517 518 612
f 612 611 517
f 213 349 350
f 350 214 213
f 1982 1983 2118
f 2118 2117 1982
f 2750 2755 2756
f 2756 2751 2750
f 2354 2517 2518
f 2518 2355 2354
f 1170 1355 1357
f 1357 1174 1170
f 3545 3546 3552
f 3552 3551 3545
f 2067 2073 2230
f 2230 2223 2067
f 441 442 446
f 446 445 441
f 818 819 823
f 823 822 818
f 748 752 753
f 753 749 748
f 35 38 93
f 93 90 35
f 1503 1710 1713
f 1713 1508 1503
f 923 926 1114
f 1114 1112 923
f 3125 3129 3335
f 3335 3331 3125
f 1368 1372 1579
f 1579 1576 1368
f 922 1110 1113
f 1113 924 922
f 2111 2112 2262
f 2262 2261 2111
f 1194 1195 1201
f 1201 1200 1194
f 1692 1698 1699
f 1699 1693 1692
f 627 634 771
f 771 766 627
f 775 776 781
f 781 780 775
f 4167 4168 4370
f 4370 4369 4167
f 2623 2628 2797
f 2797 2791 2623
f 405 517 520
f 520 410 405
f 4091 4290 4291
f 4291 4092 4091
f 1133 1134 1314
f 1314 1313 1133
f 1522 1527 1528
f 1528 1523 1522
f 2220 2221 2226
f 2226 2225 2220
f 920 923 1112
f 1112 1108 920
f 918 1106 1110
f 1110 922 918
f 2031 2033 2182
f 2182 2177 2031
f 2142 2292 2295
f 2295 2144 2142
f 2359 2360 2525
f 2525 2524 2359
f 4832 5106 5107
f 5107 4833 4832
f 1435 1631 1632
f 1632 1436 1435
f 498 499 504
f 504 503 498
f 652 653 656
f 656 655 652
f 2338 2339 2494
f 2494 2493 2338
f 1307 1313 1534
f 1534 1529 1307
f 918 919 1107
f 1107 1106 918
f 1839 1840 1843
f 1843 1842 1839
f 607 610 751
f 751 747 607
f 69 70 77
f 77 76 69
f 867 868 1068
f 1068 1067 867
f 4305 4504 4506
f 4506 4311 4305
f 331 332 443
f 443 442 331
f 5367 5379 5380
f 5380 5368 5367
f 5139 5145 5146
f 5146 5140 5139
f 575 582 583
f 583 576 575
f 3776 3978 3979
f 3979 3777 3776
f 2607 2775 2776
f 2776 2608 2607
f 27 28 67
f 67 66 27
f 2207 2208 2366
f 2366 2365 2207
f 5167 5168 5554
f 5554 5553 5167
f 5488 5500 5501
f 5501 5489 5488
f 901 902 910
f 910 909 901
f 5200 5214 5215
f 5215 5201 5200
f 900 901 909
f 909 908 900
f 2686 2687 2865
f 2865 2864 2686
f 3513 3702 3706
f 3706 3517 3513
f 4770 4773 5033
f 5033 5026 4770
f 2298 2307 2308
f 2308 2299 2298
f 1108 1280 1281
f 1281 1109 1108
f 530 531 626
f 626 625 530
f 214 350 351
f 351 215 214
f 225 226 231
f 231 230 225
f 3043 3047 3048
f 3048 3044 3043
f 263 264 271
f 271 270 263
f 895 1092 1095
f 1095 903 895
f 2000 2004 2137
f 2137 2134 2000
f 1531 1532 1732
f 1732 1731 1531
f 2757 2758 2764
f 2764 2763 2757
f 1134 1135 1315
f 1315 1314 1134
f 892 893 901
f 901 900 892
f 1434 1630 1631
f 1631 1435 1434
f 4500 4697 4698
f 4698 4501 4500
f 789 965 971
f 971 792 789
f 313 324 437
f 437 427 313
f 457 555 556
f 556 458 457
f 2208 2209 2367
f 2367 2366 2208
f 1618 1622 1623
f 1623 1619 1618
f 512 516 609
f 609 606 512
f 2174 2175 2180
f 2180 2179 2174
f 166 167 176
f 176 175 166
f 888 1088 1089
f 1089 889 888
f 421 526 531
f 531 430 421
f 3348 3548 3549
f 3549 3349 3348
f 33 34 37
f 37 36 33
f 885 886 894
f 894 893 885
f 3922 4129 4133
f 4133 3927 3922
f 70 183 188
f 188 77 70
f 1139 1140 1323
f 1323 1322 1139
f 20 57 63
f 63 24 20
f 882 890 1090
f 1090 1082 882
f 274 275 283
f 283 282 274
f 874 875 885
f 885 884 874
f 3727 3930 3935
f 3935 3730 3727
f 873 1073 1074
f 1074 874 873
f 194 195 323
f 323 322 194
f 3076 3077 3083
f 3083 3082 3076
f 312 426 436
f 436 323 312
f 877 878 1078
f 1078 1077 877
f 12 41 42
f 42 13 12
f 3822 3832 4036
f 4036 4024 3822
f 1664 1674 1675
f 1675 1665 1664
f 1302 1303 1528
f 1528 1527 1302
f 528 623 630
f 630 536 528
f 4249 4250 4455
f 4455 4454 4249
f 866 875 1075
f 1075 1066 866
f 181 187 311
f 311 302 181
f 859 1060 1069
f 1069 869 859
f 857 858 868
f 868 867 857
f 857 867 1067
f 1067 1059 857
f 849 850 859
f 859 858 849
f 847 848 857
f 857 856 847
f 243 244 374
f 374 373 243
f 847 856 1058
f 1058 1052 847
f 990 991 997
f 997 996 990
f 349 459 460
f 460 350 349
f 3906 3909 4117
f 4117 4110 3906
f 1918 1921 2054
f 2054 2051 1918
f 362 365 484
f 484 478 362
f 896 904 905
f 905 897 896
f 525 529 624
f 624 619 525
f 2975 2979 2980
f 2980 2976 2975
f 4438 4643 4644
f 4644 4439 4438
f 836 1042 1043
f 1043 837 836
f 4965 4974 4975
f 4975 4966 4965
f 2365 2369 2533
f 2533 2529 2365
f 131 132 138
f 138 137 131
f 837 1043 1048
f 1048 843 837
f 2698 2699 2881
f 2881 2880 2698
f 1481 1491 1492
f 1492 1482 1481
f 1395 1396 1400
f 1400 1399 1395
f 3484 3675 3677
f 3677 3488 3484
f 130 261 262
f 262 131 130
f 1492 1499 1500
f 1500 1493 1492
f 1147 1337 1338
f 1338 1148 1147
f 1372 1373 1580
f 1580 1579 1372
f 834 835 840
f 840 839 834
f 442 544 547
f 547 446 442
f 838 839 1047
f 1047 1046 838
f 577 578 585
f 585 584 577
f 2487 2657 2663
f 2663 2492 2487
f 1077 1078 1086
f 1086 1085 1077
f 4535 4536 4751
f 4751 4750 4535
f 1378 1383 1588
f 1588 1584 1378
f 216 217 224
f 224 223 216
f 371 488 489
f 489 372 371
f 827 1030 1031
f 1031 828 827
f 682 844 845
f 845 683 682
f 3823 4025 4039
f 4039 3835 3823
f 825 826 1022
f 1022 1021 825
f 823 1017 1022
f 1022 826 823
f 288 295 296
f 296 289 288
f 188 312 323
f 323 195 188
f 1046 1047 1052
f 1052 1051 1046
f 2341 2343 2502
f 2502 2497 2341
f 253 260 390
f 390 385 253
f 817 818 822
f 822 821 817
f 762 931 936
f 936 767 762
f 221 356 357
f 357 222 221
f 2056 2057 2211
f 2211 2210 2056
f 177 178 184
f 184 183 177
f 813 814 818
f 818 817 813
f 812 1001 1006
f 1006 816 812
f 3978 3984 4194
f 4194 4188 3978
f 3325 3329 3536
f 3536 3532 3325
f 3511 3700 3701
f 3701 3512 3511
f 3183 3184 3384
f 3384 3383 3183
f 530 625 633
f 633 539 530
f 805 809 1000
f 1000 994 805
f 3451 3652 3660
f 3660 3462 3451
f 1674 1685 1686
f 1686 1675 1674
f 1224 1412 1415
f 1415 1226 1224
f 804 989 995
f 995 808 804
f 1733 1734 1861
f 1861 1860 1733
f 4580 4581 4593
f 4593 4592 4580
f 2955 2956 2960
f 2960 2959 2955
f 795 796 800
f 800 799 795
f 232 241 372
f 372 365 232
f 75 76 84
f 84 83 75
f 2844 2845 2853
f 2853 2852 2844
f 1373 1377 1583
f 1583 1580 1373
f 3304 3517 3518
f 3518 3305 3304
f 1087 1094 1269
f 1269 1265 1087
f 2741 2928 2935
f 2935 2747 2741
f 1981 1987 1988
f 1988 1982 1981
f 793 797 982
f 982 976 793
f 791 792 795
f 795 794 791
f 2166 2324 2325
f 2325 2167 2166
f 792 971 977
f 977 795 792
f 790 969 970
f 970 791 790
f 4242 4243 4250
f 4250 4249 4242
f 992 998 1178
f 1178 1175 992
f 3187 3188 3392
f 3392 3391 3187
f 782 785 955
f 955 952 782
f 529 537 631
f 631 624 529
f 780 950 954
f 954 784 780
f 3893 4095 4098
f 4098 3896 3893
f 3007 3015 3016
f 3016 3008 3007
f 4537 4539 4757
f 4757 4753 4537
f 1526 1532 1533
f 1533 1527 1526
f 944 950 951
f 951 945 944
f 3746 3954 3955
f 3955 3747 3746
f 780 781 951
f 951 950 780
f 3461 3462 3660
f 3660 3659 3461
f 2715 2906 2907
f 2907 2716 2715
f 3613 3614 3620
f 3620 3619 3613
f 774 779 949
f 949 943 774
f 767 936 945
f 945 776 767
f 1348 1349 1352
f 1352 1351 1348
f 4120 4121 4126
f 4126 4125 4120
f 773 774 943
f 943 942 773
f 2349 2352 2513
f 2513 2509 2349
f 1031 1036 1037
f 1037 1032 1031
f 766 771 940
f 940 935 766
f 2761 2762 2769
f 2769 2768 2761
f 4597 4814 4815
f 4815 4598 4597
f 893 894 902
f 902 901 893
f 1423 1429 1430
f 1430 1424 1423
f 1933 2064 2066
f 2066 1936 1933
f 3106 3310 3313
f 3313 3110 3106
f 4529 4738 4744
f 4744 4532 4529
f 1329 1330 1338
f 1338 1337 1329
f 793 794 798
f 798 797 793
f 5536 5547 5548
f 5548 5537 5536
f 3334 3341 3544
f 3544 3540 3334
f 4465 4664 4669
f 4669 4469 4465
f 760 763 932
f 932 929 760
f 5147 5498 5499
f 5499 5148 5147
f 2205 2210 2211
f 2211 2206 2205
f 5099 5110 5428
f 5428 5414 5099
f 822 825 1021
f 1021 1016 822
f 4135 4136 4343
f 4343 4342 4135
f 4411 4617 4618
f 4618 4412 4411
f 4766 5024 5032
f 5032 4771 4766
f 941 942 948
f 948 947 941
f 366 367 376
f 376 375 366
f 1057 1058 1066
f 1066 1065 1057
f 4059 4246 4247
f 4247 4060 4059
f 4193 4397 4398
f 4398 4194 4193
f 925 929 930
f 930 926 925
f 558 563 681
f 681 673 558
f 4492 4500 4501
f 4501 4493 4492
f 3367 3567 3568
f 3568 3368 3367
f 694 864 873
f 873 702 694
f 973 974 980
f 980 979 973
f 2302 2303 2462
f 2462 2461 2302
f 297 298 409
f 409 408 297
f 2377 2548 2552
f 2552 2383 2377
f 3442 3643 3653
f 3653 3452 3442
f 1086 1263 1267
f 1267 1093 1086
f 1361 1571 1573
f 1573 1364 1361
f 1763 1888 1891
f 1891 1765 1763
f 2077 2232 2235
f 2235 2081 2077
f 929 932 1120
f 1120 1117 929
f 1324 1542 1543
f 1543 1325 1324
f 616 620 761
f 761 757 616
f 5122 5132 5133
f 5133 5123 5122
f 4115 4116 4122
f 4122 4121 4115
f 3348 3349 3356
f 3356 3355 3348
f 2273 2431 2432
f 2432 2274 2273
f 2343 2345 2504
f 2504 2502 2343
f 1804 1923 1927
f 1927 1807 1804
f 894 1091 1092
f 1092 895 894
f 2038 2041 2190
f 2190 2187 2038
f 676 684 685
f 685 677 676
f 880 888 889
f 889 881 880
f 1581 1778 1782
f 1782 1586 1581
f 916 1104 1105
f 1105 917 916
f 318 319 433
f 433 432 318
f 4455 4456 4461
f 4461 4460 4455
f 730 738 739
f 739 731 730
f 4932 4945 5190
f 5190 5184 4932
f 1753 1756 1881
f 1881 1879 1753
f 979 980 985
f 985 984 979
f 2926 2931 2932
f 2932 2927 2926
f 830 1034 1035
f 1035 831 830
f 729 737 738
f 738 730 729
f 1422 1428 1429
f 1429 1423 1422
f 2303 2310 2311
f 2311 2304 2303
f 843 1048 1053
f 1053 851 843
f 89 197 201
f 201 92 89
f 851 1053 1061
f 1061 860 851
f 4734 4977 4984
f 4984 4736 4734
f 449 550 553
f 553 452 449
f 1277 1281 1282
f 1282 1278 1277
f 3151 3355 3356
f 3356 3152 3151
f 4460 4463 4663
f 4663 4660 4460
f 5090 5408 5409
f 5409 5091 5090
f 2495 2496 2501
f 2501 2500 2495
f 2928 2929 2936
f 2936 2935 2928
f 738 908 909
f 909 739 738
f 5163 5164 5546
f 5546 5545 5163
f 2677 2680 2859
f 2859 2855 2677
f 4446 4447 4651
f 4651 4650 4446
f 413 414 421
f 421 420 413
f 732 902 903
f 903 733 732
f 4668 4669 4893
f 4893 4892 4668
f 733 903 911
f 911 741 733
f 3983 3993 4203
f 4203 4193 3983
f 2580 2581 2749
f 2749 2748 2580
f 736 906 907
f 907 737 736
f 726 896 897
f 897 727 726
f 3461 3463 3464
f 3464 3462 3461
f 5121 5131 5473
f 5473 5457 5121
f 2899 3089 3090
f 3090 2900 2899
f 5288 5305 5306
f 5306 5289 5288
f 4935 5187 5188
f 5188 4936 4935
f 881 889 890
f 890 882 881
f 5504 5516 5517
f 5517 5505 5504
f 2510 2516 2517
f 2517 2511 2510
f 232 233 242
f 242 241 232
f 516 519 613
f 613 609 516
f 662 663 819
f 819 818 662
f 5215 5229 5230
f 5230 5216 5215
f 983 984 990
f 990 989 983
f 4259 4263 4467
f 4467 4464 4259
f 674 682 683
f 683 675 674
f 1817 1946 1947
f 1947 1818 1817
f 788 789 792
f 792 791 788
f 4563 4564 4786
f 4786 4785 4563
f 743 912 913
f 913 744 743
f 862 871 872
f 872 863 862
f 4298 4306 4505
f 4505 4499 4298
f 842 843 851
f 851 850 842
f 383 384 496
f 496 495 383
f 861 870 871
f 871 862 861
f 1860 1866 1996
f 1996 1990 1860
f 692 861 862
f 862 693 692
f 2396 2398 2571
f 2571 2568 2396
f 416 523 528
f 528 426 416
f 688 855 865
f 865 695 688
f 3642 3647 3832
f 3832 3822 3642
f 852 862 863
f 863 853 852
f 1461 1469 1687
f 1687 1676 1461
f 844 853 854
f 854 845 844
f 2569 2570 2738
f 2738 2737 2569
f 317 318 432
f 432 431 317
f 4228 4233 4441
f 4441 4437 4228
f 756 760 929
f 929 925 756
f 671 672 680
f 680 679 671
f 2812 2813 2818
f 2818 2817 2812
f 670 671 679
f 679 678 670
f 656 807 811
f 811 659 656
f 668 669 672
f 672 671 668
f 1961 1964 2094
f 2094 2090 1961
f 664 665 668
f 668 667 664
f 4199 4403 4404
f 4404 4200 4199
f 3002 3210 3211
f 3211 3003 3002
f 661 815 819
f 819 663 661
f 658 659 661
f 661 660 658
f 654 655 658
f 658 657 654
f 2895 2900 3090
f 3090 3084 2895
f 2378 2385 2555
f 2555 2550 2378
f 750 754 923
f 923 920 750
f 105 220 221
f 221 106 105
f 652 655 806
f 806 802 652
f 227 228 233
f 233 232 227
f 2619 2622 2790
f 2790 2787 2619
f 1969 1970 2103
f 2103 2102 1969
f 650 652 802
f 802 798 650
f 4609 4619 4620
f 4620 4610 4609
f 645 646 649
f 649 648 645
f 52 53 60
f 60 59 52
f 647 648 786
f 786 785 647
f 3355 3360 3560
f 3560 3555 3355
f 3823 3835 3836
f 3836 3824 3823
f 2895 3084 3085
f 3085 2896 2895
f 1265 1269 1476
f 1476 1466 1265
f 1402 1605 1607
f 1607 1405 1402
f 1998 2132 2133
f 2133 1999 1998
f 1080 1088 1266
f 1266 1261 1080
f 667 668 671
f 671 670 667
f 211 216 353
f 353 348 211
f 1037 1038 1043
f 1043 1042 1037
f 3230 3231 3441
f 3441 3440 3230
f 4703 4706 4707
f 4707 4704 4703
f 634 635 641
f 641 640 634
f 836 837 843
f 843 842 836
f 1842 1969 1973
f 1973 1845 1842
f 635 772 778
f 778 641 635
f 1439 1446 1447
f 1447 1440 1439
f 638 639 776
f 776 775 638
f 4903 4909 4910
f 4910 4904 4903
f 2240 2242 2396
f 2396 2394 2240
f 630 767 776
f 776 639 630
f 1622 1626 1627
f 1627 1623 1622
f 1656 1667 1668
f 1668 1657 1656
f 632 633 770
f 770 769 632
f 3912 4119 4124
f 4124 3915 3912
f 643 780 784
f 784 646 643
f 1650 1660 1661
f 1661 1651 1650
f 4954 4966 5210
f 5210 5196 4954
f 631 632 769
f 769 768 631
f 3848 4056 4057
f 4057 3849 3848
f 3648 3649 3834
f 3834 3833 3648
f 594 598 727
f 727 718 594
f 737 907 908
f 908 738 737
f 4184 4185 4388
f 4388 4387 4184
f 636 637 774
f 774 773 636
f 809 810 814
f 814 813 809
f 1293 1298 1299
f 1299 1294 1293
f 583 700 708
f 708 588 583
f 617 758 762
f 762 623 617
f 870 880 881
f 881 871 870
f 1021 1022 1025
f 1025 1024 1021
f 1044 1240 1242
f 1242 1049 1044
f 1640 1649 1650
f 1650 1641 1640
f 1394 1601 1603
f 1603 1398 1394
f 1365 1368 1576
f 1576 1574 1365
f 2971 2975 3183
f 3183 3180 2971
f 2440 2443 2613
f 2613 2611 2440
f 32 35 90
f 90 86 32
f 21 25 26
f 26 22 21
f 1723 1724 1849
f 1849 1848 1723
f 1989 2122 2126
f 2126 1993 1989
f 2933 2934 3131
f 3131 3130 2933
f 5168 5169 5555
f 5555 5554 5168
f 375 376 383
f 383 382 375
f 1629 1637 1638
f 1638 1630 1629
f 1426 1433 1628
f 1628 1624 1426
f 2802 2990 2991
f 2991 2803 2802
f 313 314 325
f 325 324 313
f 526 527 622
f 622 621 526
f 521 525 619
f 619 615 521
f 2531 2532 2537
f 2537 2536 2531
f 609 750 751
f 751 610 609
f 611 612 753
f 753 752 611
f 1463 1473 1474
f 1474 1464 1463
f 3018 3223 3224
f 3224 3019 3018
f 1644 1654 1655
f 1655 1645 1644
f 2 19 23
f 23 5 2
f 317 327 328
f 328 318 317
f 1524 1525 1726
f 1726 1725 1524
f 2425 2600 2601
f 2601 2426 2425
f 5506 5518 5519
f 5519 5507 5506
f 345 348 457
f 457 453 345
f 5415 5429 5430
f 5430 5416 5415
f 1395 1399 1604
f 1604 1602 1395
f 1366 1367 1371
f 1371 1370 1366
f 5369 5381 5382
f 5382 5370 5369
f 3552 3553 3733
f 3733 3732 3552
f 657 658 810
f 810 809 657
f 4383 4384 4574
f 4574 4573 4383
f 1971 1972 2105
f 2105 2104 1971
f 2427 2602 2603
f 2603 2428 2427
f 86 90 198
f 198 196 86
f 1903 1905 2037
f 2037 2035 1903
f 2279 2282 2440
f 2440 2436 2279
f 3961 3962 4171
f 4171 4170 3961
f 4561 4562 4784
f 4784 4783 4561
f 1117 1120 1297
f 1297 1292 1117
f 4420 4628 4629
f 4629 4421 4420
f 5029 5030 5379
f 5379 5378 5029
f 388 498 503
f 503 391 388
f 3594 3780 3784
f 3784 3600 3594
f 14 15 17
f 17 16 14
f 707 716 717
f 717 708 707
f 499 500 596
f 596 595 499
f 369 486 487
f 487 370 369
f 959 963 1155
f 1155 1148 959
f 800 983 989
f 989 804 800
f 790 793 976
f 976 969 790
f 733 741 742
f 742 734 733
f 628 629 637
f 637 636 628
f 4587 4599 4816
f 4816 4808 4587
f 486 492 493
f 493 487 486
f 2642 2815 2816
f 2816 2643 2642
f 2289 2446 2449
f 2449 2292 2289
f 2139 2141 2291
f 2291 2288 2139
f 601 602 742
f 742 741 601
f 599 734 742
f 742 602 599
f 664 667 831
f 831 827 664
f 2434 2607 2608
f 2608 2435 2434
f 2306 2307 2466
f 2466 2465 2306
f 3 21 22
f 22 4 3
f 52 161 162
f 162 53 52
f 4204 4408 4409
f 4409 4205 4204
f 2342 2498 2503
f 2503 2344 2342
f 626 627 766
f 766 765 626
f 286 287 294
f 294 293 286
f 3486 3490 3678
f 3678 3676 3486
f 1418 1619 1623
f 1623 1422 1418
f 601 741 746
f 746 605 601
f 4243 4244 4450
f 4450 4449 4243
f 410 520 524
f 524 417 410
f 420 421 430
f 430 429 420
f 4247 4451 4457
f 4457 4254 4247
f 4804 4811 4812
f 4812 4805 4804
f 935 940 1128
f 1128 1123 935
f 1386 1387 1591
f 1591 1590 1386
f 597 600 735
f 735 726 597
f 1117 1292 1293
f 1293 1118 1117
f 724 733 734
f 734 725 724
f 1469 1470 1688
f 1688 1687 1469
f 723 732 733
f 733 724 723
f 3253 3462 3464
f 3464 3258 3253
f 4417 4418 4423
f 4423 4422 4417
f 722 731 732
f 732 723 722
f 1093 1267 1270
f 1270 1096 1093
f 2989 3198 3199
f 3199 2990 2989
f 2039 2040 2189
f 2189 2188 2039
f 1151 1152 1157
f 1157 1156 1151
f 1684 1692 1693
f 1693 1685 1684
f 432 433 534
f 534 533 432
f 690 698 699
f 699 691 690
f 2220 2375 2376
f 2376 2221 2220
f 1572 1574 1772
f 1772 1770 1572
f 720 729 730
f 730 721 720
f 822 823 826
f 826 825 822
f 4786 4787 5048
f 5048 5047 4786
f 719 728 729
f 729 720 719
f 3989 4199 4200
f 4200 3990 3989
f 3892 4094 4095
f 4095 3893 3892
f 2035 2037 2186
f 2186 2184 2035
f 4008 4009 4214
f 4214 4213 4008
f 799 800 804
f 804 803 799
f 1471 1481 1482
f 1482 1472 1471
f 2468 2469 2474
f 2474 2473 2468
f 399 512 513
f 513 400 399
f 713 722 723
f 723 714 713
f 2576 2580 2748
f 2748 2743 2576
f 890 891 899
f 899 898 890
f 664 827 828
f 828 665 664
f 2592 2760 2765
f 2765 2597 2592
f 4577 4799 4800
f 4800 4578 4577
f 5066 5079 5080
f 5080 5067 5066
f 573 581 697
f 697 689 573
f 22 26 65
f 65 62 22
f 1793 1798 1918
f 1918 1916 1793
f 2549 2719 2723
f 2723 2553 2549
f 140 141 149
f 149 148 140
f 681 686 687
f 687 682 681
f 589 709 710
f 710 590 589
f 588 708 717
f 717 593 588
f 706 715 716
f 716 707 706
f 2571 2572 2740
f 2740 2739 2571
f 705 714 715
f 715 706 705
f 2779 2781 2968
f 2968 2966 2779
f 305 306 314
f 314 313 305
f 704 713 714
f 714 705 704
f 1078 1259 1263
f 1263 1086 1078
f 586 704 705
f 705 587 586
f 306 419 420
f 420 307 306
f 703 712 713
f 713 704 703
f 4551 4771 4779
f 4779 4556 4551
f 1922 1926 1927
f 1927 1923 1922
f 4520 4731 4734
f 4734 4523 4520
f 2404 2409 2410
f 2410 2405 2404
f 2150 2151 2308
f 2308 2307 2150
f 2715 2716 2722
f 2722 2721 2715
f 718 727 897
f 897 887 718
f 483 484 489
f 489 488 483
f 2803 2804 2810
f 2810 2809 2803
f 4196 4400 4401
f 4401 4197 4196
f 1334 1335 1341
f 1341 1340 1334
f 584 590 710
f 710 701 584
f 695 703 704
f 704 696 695
f 148 149 159
f 159 158 148
f 1666 1676 1677
f 1677 1667 1666
f 156 157 166
f 166 165 156
f 577 584 701
f 701 692 577
f 689 697 698
f 698 690 689
f 1541 1542 1549
f 1549 1548 1541
f 461 462 470
f 470 469 461
f 1638 1647 1648
f 1648 1639 1638
f 549 552 553
f 553 550 549
f 653 803 807
f 807 656 653
f 341 448 451
f 451 344 341
f 369 379 492
f 492 486 369
f 1341 1555 1558
f 1558 1344 1341
f 2410 2411 2586
f 2586 2585 2410
f 1943 2078 2079
f 2079 1944 1943
f 2286 2287 2290
f 2290 2289 2286
f 561 676 677
f 677 562 561
f 180 181 302
f 302 301 180
f 564 565 685
f 685 684 564
f 625 626 765
f 765 764 625
f 4381 4387 4388
f 4388 4382 4381
f 3969 3970 4183
f 4183 4182 3969
f 562 677 685
f 685 565 562
f 4330 4520 4523
f 4523 4332 4330
f 547 643 646
f 646 550 547
f 548 549 645
f 645 644 548
f 4610 4821 4822
f 4822 4611 4610
f 258 259 265
f 265 264 258
f 544 638 643
f 643 547 544
f 4713 4722 4959
f 4959 4949 4713
f 200 201 336
f 336 335 200
f 338 339 342
f 342 341 338
f 5479 5490 5491
f 5491 5480 5479
f 543 546 642
f 642 637 543
f 544 545 639
f 639 638 544
f 1864 1993 1997
f 1997 1869 1864
f 3744 3748 3749
f 3749 3745 3744
f 1846 1850 1851
f 1851 1847 1846
f 266 273 396
f 396 392 266
f 1512 1516 1517
f 1517 1513 1512
f 2212 2215 2216
f 2216 2213 2212
f 461 558 559
f 559 462 461
f 4692 4699 4700
f 4700 4693 4692
f 191 319 329
f 329 197 191
f 4190 4392 4393
f 4393 4191 4190
f 54 163 164
f 164 55 54
f 5214 5228 5229
f 5229 5215 5214
f 4809 5071 5084
f 5084 4817 4809
f 3996 4205 4208
f 4208 4001 3996
f 540 541 635
f 635 634 540
f 3170 3367 3370
f 3370 3173 3170
f 2713 2714 2719
f 2719 2718 2713
f 537 538 632
f 632 631 537
f 2449 2620 2626
f 2626 2453 2449
f 3483 3484 3488
f 3488 3487 3483
f 1462 1463 1680
f 1680 1679 1462
f 203 206 207
f 207 204 203
f 5441 5457 5458
f 5458 5442 5441
f 3846 3852 4062
f 4062 4055 3846
f 527 532 627
f 627 622 527
f 1301 1307 1529
f 1529 1525 1301
f 4379 4380 4570
f 4570 4569 4379
f 1444 1641 1642
f 1642 1445 1444
f 1428 1435 1436
f 1436 1429 1428
f 698 706 707
f 707 699 698
f 2492 2663 2669
f 2669 2498 2492
f 1893 2023 2024
f 2024 1894 1893
f 523 617 623
f 623 528 523
f 459 557 562
f 562 464 459
f 801 805 994
f 994 988 801
f 667 670 835
f 835 831 667
f 4696 4705 4926
f 4926 4914 4696
f 477 478 484
f 484 483 477
f 4427 4428 4633
f 4633 4632 4427
f 3249 3250 3459
f 3459 3458 3249
f 165 166 175
f 175 174 165
f 506 510 604
f 604 600 506
f 1214 1215 1218
f 1218 1217 1214
f 5149 5508 5520
f 5520 5153 5149
f 5390 5395 5396
f 5396 5391 5390
f 1112 1114 1288
f 1288 1285 1112
f 2258 2259 2417
f 2417 2416 2258
f 130 136 269
f 269 261 130
f 521 615 616
f 616 522 521
f 1143 1148 1338
f 1338 1330 1143
f 67 180 186
f 186 74 67
f 1490 1702 1706
f 1706 1497 1490
f 1561 1759 1761
f 1761 1563 1561
f 2555 2558 2727
f 2727 2725 2555
f 4432 4433 4638
f 4638 4637 4432
f 2248 2403 2408
f 2408 2251 2248
f 2102 2103 2251
f 2251 2250 2102
f 2506 2507 2679
f 2679 2678 2506
f 5438 5453 5454
f 5454 5439 5438
f 1470 1480 1481
f 1481 1471 1470
f 4018 4019 4029
f 4029 4028 4018
f 4686 4905 4906
f 4906 4687 4686
f 4514 4715 4723
f 4723 4516 4514
f 378 379 386
f 386 385 378
f 5165 5176 5177
f 5177 5166 5165
f 4150 4151 4355
f 4355 4354 4150
f 3896 4098 4102
f 4102 3900 3896
f 1327 1328 1334
f 1334 1333 1327
f 4347 4348 4536
f 4536 4535 4347
f 841 842 850
f 850 849 841
f 71 79 190
f 190 185 71
f 1129 1130 1309
f 1309 1308 1129
f 514 515 518
f 518 517 514
f 3171 3174 3372
f 3372 3369 3171
f 193 194 322
f 322 321 193
f 3175 3373 3377
f 3377 3178 3175
f 961 962 966
f 966 965 961
f 1759 1884 1886
f 1886 1761 1759
f 1023 1199 1205
f 1205 1026 1023
f 1441 1635 1636
f 1636 1442 1441
f 1456 1457 1671
f 1671 1670 1456
f 1071 1257 1258
f 1258 1072 1071
f 606 609 610
f 610 607 606
f 4834 5108 5115
f 5115 4840 4834
f 364 481 485
f 485 368 364
f 968 975 1165
f 1165 1160 968
f 2156 2161 2162
f 2162 2157 2156
f 511 605 608
f 608 515 511
f 2123 2124 2131
f 2131 2130 2123
f 90 93 202
f 202 198 90
f 4188 4194 4398
f 4398 4390 4188
f 2736 2740 2926
f 2926 2923 2736
f 63 174 180
f 180 67 63
f 392 396 509
f 509 505 392
f 1195 1370 1376
f 1376 1201 1195
f 3004 3013 3219
f 3219 3212 3004
f 199 203 204
f 204 200 199
f 1838 1841 1968
f 1968 1966 1838
f 337 338 341
f 341 340 337
f 450 451 552
f 552 551 450
f 756 925 926
f 926 757 756
f 4698 4920 4921
f 4921 4699 4698
f 660 661 663
f 663 662 660
f 4163 4365 4368
f 4368 4166 4163
f 1084 1085 1092
f 1092 1091 1084
f 819 820 824
f 824 823 819
f 1355 1565 1567
f 1567 1357 1355
f 411 412 419
f 419 418 411
f 1071 1072 1082
f 1082 1081 1071
f 1871 1876 2004
f 2004 2000 1871
f 1271 1274 1495
f 1495 1485 1271
f 5049 5050 5396
f 5396 5395 5049
f 2424 2425 2432
f 2432 2431 2424
f 1988 1989 1993
f 1993 1992 1988
f 4709 4710 4941
f 4941 4940 4709
f 1566 1568 1766
f 1766 1764 1566
f 745 914 918
f 918 748 745
f 32 86 87
f 87 33 32
f 2532 2700 2706
f 2706 2537 2532
f 504 599 602
f 602 508 504
f 1036 1234 1235
f 1235 1037 1036
f 2664 2665 2837
f 2837 2836 2664
f 1336 1342 1557
f 1557 1553 1336
f 147 148 158
f 158 157 147
f 2756 2943 2947
f 2947 2760 2756
f 4852 4853 5133
f 5133 5132 4852
f 2628 2629 2798
f 2798 2797 2628
f 658 660 814
f 814 810 658
f 2320 2475 2476
f 2476 2321 2320
f 4687 4906 4907
f 4907 4688 4687
f 91 200 204
f 204 94 91
f 1734 1738 1867
f 1867 1861 1734
f 2211 2214 2215
f 2215 2212 2211
f 475 569 576
f 576 481 475
f 856 857 1059
f 1059 1058 856
f 1142 1326 1332
f 1332 1145 1142
f 112 117 233
f 233 228 112
f 1540 1740 1745
f 1745 1545 1540
f 464 471 472
f 472 465 464
f 3353 3354 3551
f 3551 3550 3353
f 2122 2271 2276
f 2276 2126 2122
f 743 747 916
f 916 912 743
f 185 190 317
f 317 308 185
f 495 496 500
f 500 499 495
f 592 595 596
f 596 593 592
f 494 495 499
f 499 498 494
f 1587 1588 1785
f 1785 1784 1587
f 48 154 155
f 155 49 48
f 3231 3239 3447
f 3447 3441 3231
f 403 406 519
f 519 516 403
f 18 55 56
f 56 19 18
f 1009 1014 1191
f 1191 1187 1009
f 1876 1879 2006
f 2006 2004 1876
f 4109 4319 4324
f 4324 4112 4109
f 869 1069 1078
f 1078 878 869
f 2337 2492 2498
f 2498 2342 2337
f 492 590 591
f 591 493 492
f 4610 4620 4828
f 4828 4821 4610
f 5285 5303 5304
f 5304 5286 5285
f 1108 1112 1285
f 1285 1280 1108
f 403 404 407
f 407 406 403
f 2108 2114 2115
f 2115 2109 2108
f 5093 5102 5103
f 5103 5094 5093
f 2509 2513 2685
f 2685 2681 2509
f 476 482 578
f 578 570 476
f 512 606 607
f 607 513 512
f 94 204 207
f 207 97 94
f 615 619 620
f 620 616 615
f 4014 4015 4020
f 4020 4019 4014
f 3578 3761 3769
f 3769 3583 3578
f 2609 2611 2779
f 2779 2777 2609
f 321 330 441
f 441 435 321
f 1608 1611 1810
f 1810 1808 1608
f 2696 2697 2701
f 2701 2700 2696
f 429 430 531
f 531 530 429
f 4661 4878 4883
f 4883 4664 4661
f 247 248 256
f 256 255 247
f 3444 3445 3645
f 3645 3644 3444
f 1335 1551 1555
f 1555 1341 1335
f 605 746 749
f 749 608 605
f 572 580 581
f 581 573 572
f 2154 2155 2310
f 2310 2309 2154
f 1518 1519 1721
f 1721 1720 1518
f 5346 5361 5362
f 5362 5347 5346
f 564 571 572
f 572 565 564
f 817 821 1015
f 1015 1010 817
f 3902 4104 4105
f 4105 3903 3902
f 469 470 477
f 477 476 469
f 1857 1858 1863
f 1863 1862 1857
f 1368 1369 1373
f 1373 1372 1368
f 236 237 367
f 367 366 236
f 479 572 573
f 573 480 479
f 381 382 388
f 388 387 381
f 257 258 264
f 264 263 257
f 853 863 864
f 864 854 853
f 555 560 561
f 561 556 555
f 4178 4383 4389
f 4389 4186 4178
f 456 554 555
f 555 457 456
f 3584 3585 3771
f 3771 3770 3584
f 3167 3365 3367
f 3367 3170 3167
f 202 205 206
f 206 203 202
f 686 693 862
f 862 852 686
f 447 450 551
f 551 548 447
f 5028 5035 5385
f 5385 5375 5028
f 44 46 47
f 47 45 44
f 3678 3679 3873
f 3873 3872 3678
f 446 547 550
f 550 449 446
f 314 428 438
f 438 325 314
f 130 131 137
f 137 136 130
f 3123 3327 3332
f 3332 3128 3123
f 821 822 1016
f 1016 1015 821
f 49 155 156
f 156 50 49
f 4140 4347 4352
f 4352 4146 4140
f 2222 2379 2380
f 2380 2223 2222
f 1416 1617 1618
f 1618 1417 1416
f 4634 4849 4857
f 4857 4639 4634
f 1015 1016 1021
f 1021 1020 1015
f 975 981 1168
f 1168 1165 975
f 210 347 349
f 349 213 210
f 1817 1818 1823
f 1823 1822 1817
f 1360 1362 1572
f 1572 1570 1360
f 423 424 434
f 434 433 423
f 2871 2876 2877
f 2877 2872 2871
f 433 434 535
f 535 534 433
f 1880 2007 2009
f 2009 1882 1880
f 904 913 1101
f 1101 1097 904
f 2710 2901 2902
f 2902 2711 2710
f 422 431 532
f 532 527 422
f 191 192 320
f 320 319 191
f 77 188 195
f 195 85 77
f 1197 1202 1378
f 1378 1374 1197
f 398 511 515
f 515 402 398
f 3787 3788 3794
f 3794 3793 3787
f 442 443 545
f 545 544 442
f 1887 1889 2017
f 2017 2014 1887
f 106 221 225
f 225 111 106
f 932 937 1125
f 1125 1120 932
f 3581 3589 3590
f 3590 3582 3581
f 305 418 419
f 419 306 305
f 1031 1230 1234
f 1234 1036 1031
f 358 359 362
f 362 361 358
f 4769 4770 5026
f 5026 5025 4769
f 2869 2870 2874
f 2874 2873 2869
f 2599 2768 2769
f 2769 2600 2599
f 3894 4096 4097
f 4097 3895 3894
f 15 45 47
f 47 17 15
f 117 118 234
f 234 233 117
f 570 578 693
f 693 686 570
f 711 883 891
f 891 720 711
f 797 801 988
f 988 982 797
f 726 735 904
f 904 896 726
f 3840 4044 4045
f 4045 3841 3840
f 76 77 85
f 85 84 76
f 1579 1580 1777
f 1777 1776 1579
f 1237 1241 1433
f 1433 1426 1237
f 5513 5525 5526
f 5526 5514 5513
f 989 990 996
f 996 995 989
f 1495 1704 1705
f 1705 1496 1495
f 4607 4819 4820
f 4820 4608 4607
f 1254 1452 1458
f 1458 1260 1254
f 2267 2425 2426
f 2426 2268 2267
f 4484 4685 4686
f 4686 4485 4484
f 1766 1768 1895
f 1895 1892 1766
f 3701 3705 3899
f 3899 3894 3701
f 476 477 483
f 483 482 476
f 406 407 413
f 413 412 406
f 3932 4135 4140
f 4140 3937 3932
f 2624 2625 2795
f 2795 2794 2624
f 574 690 691
f 691 575 574
f 2490 2660 2666
f 2666 2496 2490
f 406 412 522
f 522 519 406
f 3288 3500 3501
f 3501 3289 3288
f 3644 3645 3828
f 3828 3827 3644
f 1136 1138 1321
f 1321 1316 1136
f 1517 1521 1722
f 1722 1719 1517
f 173 179 300
f 300 298 173
f 1559 1757 1759
f 1759 1561 1559
f 5480 5491 5492
f 5492 5481 5480
f 624 631 768
f 768 763 624
f 105 106 111
f 111 110 105
f 4086 4280 4281
f 4281 4087 4086
f 1399 1403 1606
f 1606 1604 1399
f 1762 1764 1889
f 1889 1887 1762
f 4544 4547 4767
f 4767 4763 4544
f 3789 3992 3993
f 3993 3790 3789
f 408 409 415
f 415 414 408
f 808 995 1001
f 1001 812 808
f 666 829 832
f 832 669 666
f 534 628 636
f 636 542 534
f 1223 1225 1414
f 1414 1411 1223
f 1980 1986 2119
f 2119 2115 1980
f 78 79 87
f 87 86 78
f 326 333 334
f 334 327 326
f 2826 3010 3011
f 3011 2827 2826
f 397 398 402
f 402 401 397
f 3319 3320 3325
f 3325 3324 3319
f 2322 2478 2479
f 2479 2323 2322
f 264 265 272
f 272 271 264
f 367 368 377
f 377 376 367
f 260 268 394
f 394 390 260
f 3506 3696 3697
f 3697 3507 3506
f 854 864 865
f 865 855 854
f 532 533 541
f 541 540 532
f 1573 1771 1773
f 1773 1575 1573
f 338 445 446
f 446 339 338
f 728 898 906
f 906 736 728
f 236 366 375
f 375 245 236
f 797 798 802
f 802 801 797
f 515 608 612
f 612 518 515
f 1594 1595 1598
f 1598 1597 1594
f 1270 1484 1494
f 1494 1273 1270
f 104 219 220
f 220 105 104
f 298 300 415
f 415 409 298
f 5538 5549 5550
f 5550 5539 5538
f 4533 4537 4753
f 4753 4746 4533
f 2690 2868 2869
f 2869 2691 2690
f 769 770 939
f 939 938 769
f 2106 2107 2256
f 2256 2255 2106
f 4717 4718 4953
f 4953 4952 4717
f 721 730 731
f 731 722 721
f 1410 1413 1614
f 1614 1612 1410
f 1328 1546 1550
f 1550 1334 1328
f 2259 2264 2421
f 2421 2417 2259
f 1336 1553 1554
f 1554 1337 1336
f 768 769 938
f 938 937 768
f 143 274 282
f 282 152 143
f 93 95 205
f 205 202 93
f 3325 3326 3330
f 3330 3329 3325
f 735 744 913
f 913 904 735
f 2947 3155 3156
f 3156 2948 2947
f 491 589 590
f 590 492 491
f 1593 1594 1790
f 1790 1789 1593
f 1697 1825 1826
f 1826 1698 1697
f 440 444 546
f 546 543 440
f 4165 4166 4173
f 4173 4172 4165
f 3712 3907 3910
f 3910 3714 3712
f 2412 2418 2419
f 2419 2413 2412
f 19 56 57
f 57 20 19
f 481 576 583
f 583 485 481
f 496 593 596
f 596 500 496
f 1452 1661 1672
f 1672 1458 1452
f 3204 3408 3411
f 3411 3208 3204
f 3466 3662 3663
f 3663 3467 3466
f 2306 2313 2314
f 2314 2307 2306
f 1848 1849 1978
f 1978 1977 1848
f 5005 5010 5324
f 5324 5308 5005
f 4344 4349 4537
f 4537 4533 4344
f 2692 2695 2876
f 2876 2871 2692
f 4064 4254 4258
f 4258 4066 4064
f 719 720 891
f 891 890 719
f 694 695 865
f 865 864 694
f 3533 3719 3723
f 3723 3538 3533
f 3754 3758 3964
f 3964 3959 3754
f 378 491 492
f 492 379 378
f 378 385 497
f 497 491 378
f 3093 3094 3098
f 3098 3097 3093
f 246 254 386
f 386 379 246
f 3379 3383 3384
f 3384 3380 3379
f 3811 3812 4015
f 4015 4014 3811
f 382 383 495
f 495 494 382
f 3054 3061 3062
f 3062 3055 3054
f 1929 1933 1934
f 1934 1930 1929
f 108 109 114
f 114 113 108
f 373 374 381
f 381 380 373
f 253 385 386
f 386 254 253
f 4496 4694 4695
f 4695 4497 4496
f 4371 4379 4569
f 4569 4558 4371
f 370 487 488
f 488 371 370
f 171 172 297
f 297 296 171
f 234 235 244
f 244 243 234
f 4512 4713 4714
f 4714 4513 4512
f 472 566 567
f 567 473 472
f 3639 3644 3827
f 3827 3819 3639
f 1430 1437 1438
f 1438 1431 1430
f 8 27 31
f 31 11 8
f 1949 2081 2085
f 2085 1956 1949
f 271 272 279
f 279 278 271
f 3908 4112 4118
f 4118 3911 3908
f 363 364 368
f 368 367 363
f 3008 3214 3215
f 3215 3009 3008
f 1190 1191 1369
f 1369 1368 1190
f 1417 1618 1619
f 1619 1418 1417
f 503 504 508
f 508 507 503
f 2203 2204 2209
f 2209 2208 2203
f 471 565 572
f 572 479 471
f 4365 4550 4555
f 4555 4368 4365
f 2949 3157 3161
f 3161 2955 2949
f 1948 1949 1956
f 1956 1955 1948
f 392 505 506
f 506 393 392
f 4812 5074 5075
f 5075 4813 4812
f 3886 3891 3892
f 3892 3887 3886
f 3164 3363 3364
f 3364 3165 3164
f 12 14 44
f 44 41 12
f 350 460 465
f 465 354 350
f 4841 5116 5124
f 5124 4846 4841
f 1064 1065 1074
f 1074 1073 1064
f 227 232 365
f 365 362 227
f 211 212 217
f 217 216 211
f 1537 1737 1738
f 1738 1538 1537
f 1060 1061 1070
f 1070 1069 1060
f 361 362 478
f 478 477 361
f 61 62 65
f 65 64 61
f 3670 3860 3864
f 3864 3673 3670
f 467 474 475
f 475 468 467
f 158 285 292
f 292 167 158
f 127 128 134
f 134 133 127
f 466 473 474
f 474 467 466
f 78 86 196
f 196 189 78
f 3718 3720 3923
f 3923 3918 3718
f 646 784 787
f 787 649 646
f 1479 1489 1490
f 1490 1480 1479
f 482 487 585
f 585 578 482
f 1768 1770 1897
f 1897 1895 1768
f 5077 5090 5091
f 5091 5078 5077
f 1346 1350 1562
f 1562 1560 1346
f 436 536 545
f 545 443 436
f 2950 3159 3160
f 3160 2951 2950
f 1200 1201 1376
f 1376 1375 1200
f 4801 5062 5063
f 5063 4802 4801
f 352 353 359
f 359 358 352
f 2823 3007 3008
f 3008 2824 2823
f 1487 1699 1700
f 1700 1488 1487
f 2455 2456 2628
f 2628 2627 2455
f 428 429 439
f 439 438 428
f 4777 4786 5047
f 5047 5039 4777
f 51 58 170
f 170 160 51
f 454 458 459
f 459 455 454
f 2350 2511 2517
f 2517 2354 2350
f 745 748 749
f 749 746 745
f 4973 4980 4981
f 4981 4974 4973
f 3011 3012 3018
f 3018 3017 3011
f 5078 5091 5092
f 5092 5079 5078
f 1386 1590 1596
f 1596 1390 1386
f 2464 2465 2636
f 2636 2635 2464
f 418 427 529
f 529 525 418
f 174 175 181
f 181 180 174
f 341 342 449
f 449 448 341
f 3318 3319 3528
f 3528 3527 3318
f 337 444 445
f 445 338 337
f 2471 2643 2644
f 2644 2472 2471
f 109 110 115
f 115 114 109
f 3889 3895 4097
f 4097 4091 3889
f 920 1108 1109
f 1109 921 920
f 3830 3831 4035
f 4035 4034 3830
f 654 657 809
f 809 805 654
f 324 325 438
f 438 437 324
f 3565 3743 3746
f 3746 3568 3565
f 584 585 591
f 591 590 584
f 2417 2421 2595
f 2595 2590 2417
f 411 418 525
f 525 521 411
f 289 296 407
f 407 404 289
f 95 98 99
f 99 96 95
f 79 80 88
f 88 87 79
f 309 423 433
f 433 319 309
f 306 307 315
f 315 314 306
f 505 509 510
f 510 506 505
f 2782 2969 2973
f 2973 2785 2782
f 307 420 429
f 429 315 307
f 5294 5311 5312
f 5312 5295 5294
f 246 247 255
f 255 254 246
f 3058 3263 3264
f 3264 3059 3058
f 966 1156 1157
f 1157 967 966
f 2793 2983 2988
f 2988 2800 2793
f 5010 5013 5341
f 5341 5324 5010
f 4290 4492 4493
f 4493 4291 4290
f 305 313 427
f 427 418 305
f 2177 2182 2341
f 2341 2336 2177
f 4346 4534 4538
f 4538 4351 4346
f 1244 1245 1249
f 1249 1248 1244
f 2521 2525 2695
f 2695 2692 2521
f 2682 2686 2864
f 2864 2861 2682
f 327 334 335
f 335 328 327
f 5014 5019 5020
f 5020 5015 5014
f 300 308 422
f 422 415 300
f 3857 4063 4064
f 4064 3858 3857
f 354 465 466
f 466 355 354
f 580 696 704
f 704 586 580
f 946 947 1134
f 1134 1133 946
f 651 799 803
f 803 653 651
f 1842 1843 1970
f 1970 1969 1842
f 4039 4040 4052
f 4052 4051 4039
f 3868 4071 4074
f 4074 3871 3868
f 1099 1100 1103
f 1103 1102 1099
f 1603 1801 1804
f 1804 1605 1603
f 4586 4807 4814
f 4814 4597 4586
f 296 297 408
f 408 407 296
f 238 246 379
f 379 369 238
f 197 329 336
f 336 201 197
f 1317 1322 1323
f 1323 1318 1317
f 592 716 725
f 725 595 592
f 376 377 384
f 384 383 376
f 2527 2696 2700
f 2700 2532 2527
f 963 969 1161
f 1161 1155 963
f 73 74 82
f 82 81 73
f 235 236 245
f 245 244 235
f 2005 2138 2140
f 2140 2007 2005
f 3301 3302 3308
f 3308 3307 3301
f 2068 2069 2075
f 2075 2074 2068
f 747 751 921
f 921 916 747
f 100 101 104
f 104 103 100
f 4145 4351 4355
f 4355 4151 4145
f 546 548 644
f 644 642 546
f 2025 2029 2171
f 2171 2164 2025
f 81 82 192
f 192 191 81
f 100 213 214
f 214 101 100
f 4848 4856 5135
f 5135 5125 4848
f 4691 4698 4699
f 4699 4692 4691
f 270 271 278
f 278 277 270
f 80 81 89
f 89 88 80
f 619 624 763
f 763 760 619
f 1870 1998 2002
f 2002 1874 1870
f 732 740 910
f 910 902 732
f 3226 3436 3443
f 3443 3233 3226
f 101 214 219
f 219 104 101
f 102 217 218
f 218 103 102
f 3330 3331 3335
f 3335 3334 3330
f 273 281 400
f 400 396 273
f 942 943 1130
f 1130 1129 942
f 221 222 226
f 226 225 221
f 3158 3357 3361
f 3361 3162 3158
f 260 261 269
f 269 268 260
f 3760 3768 3769
f 3769 3761 3760
f 268 269 276
f 276 275 268
f 715 724 725
f 725 716 715
f 2253 2258 2416
f 2416 2410 2253
f 25 29 30
f 30 26 25
f 266 267 274
f 274 273 266
f 2514 2515 2687
f 2687 2686 2514
f 4380 4386 4387
f 4387 4381 4380
f 2937 2938 3137
f 3137 3136 2937
f 1570 1572 1770
f 1770 1768 1570
f 294 405 410
f 410 299 294
f 1886 2013 2016
f 2016 1888 1886
f 1242 1243 1247
f 1247 1246 1242
f 4416 4623 4628
f 4628 4420 4416
f 189 316 317
f 317 190 189
f 1657 1668 1669
f 1669 1658 1657
f 119 120 236
f 236 235 119
f 2778 2965 2967
f 2967 2780 2778
f 868 869 878
f 878 877 868
f 1308 1530 1536
f 1536 1315 1308
f 1436 1443 1444
f 1444 1437 1436
f 694 702 703
f 703 695 694
f 4040 4041 4237
f 4237 4236 4040
f 2513 2514 2686
f 2686 2685 2513
f 4701 4923 4924
f 4924 4702 4701
f 356 467 468
f 468 357 356
f 4391 4583 4584
f 4584 4392 4391
f 507 601 605
f 605 511 507
f 4810 4822 5085
f 5085 5072 4810
f 2947 2948 2954
f 2954 2953 2947
f 560 675 676
f 676 561 560
f 566 573 574
f 574 567 566
f 4292 4494 4495
f 4495 4293 4292
f 4401 4599 4600
f 4600 4402 4401
f 3208 3411 3414
f 3414 3210 3208
f 4114 4326 4327
f 4327 4115 4114
f 238 369 370
f 370 239 238
f 275 276 284
f 284 283 275
f 2106 2255 2262
f 2262 2112 2106
f 54 55 62
f 62 61 54
f 5484 5495 5496
f 5496 5485 5484
f 670 678 840
f 840 835 670
f 1553 1753 1754
f 1754 1554 1553
f 1205 1206 1381
f 1381 1380 1205
f 1180 1181 1185
f 1185 1184 1180
f 4392 4584 4585
f 4585 4393 4392
f 883 884 892
f 892 891 883
f 2687 2692 2871
f 2871 2865 2687
f 464 562 565
f 565 471 464
f 1647 1657 1658
f 1658 1648 1647
f 5196 5210 5211
f 5211 5197 5196
f 299 410 417
f 417 304 299
f 794 795 799
f 799 798 794
f 4167 4174 4175
f 4175 4168 4167
f 4905 4911 4912
f 4912 4906 4905
f 1080 1081 1089
f 1089 1088 1080
f 144 145 155
f 155 154 144
f 2222 2229 2386
f 2386 2379 2222
f 858 859 869
f 869 868 858
f 987 988 994
f 994 993 987
f 1655 1666 1667
f 1667 1656 1655
f 251 252 258
f 258 257 251
f 5313 5329 5330
f 5330 5314 5313
f 163 290 291
f 291 164 163
f 168 169 178
f 178 177 168
f 1110 1111 1284
f 1284 1283 1110
f 750 920 921
f 921 751 750
f 3222 3228 3438
f 3438 3431 3222
f 395 507 511
f 511 398 395
f 3625 3626 3633
f 3633 3632 3625
f 4415 4622 4623
f 4623 4416 4415
f 216 223 359
f 359 353 216
f 803 804 808
f 808 807 803
f 635 636 773
f 773 772 635
f 242 243 251
f 251 250 242
f 2129 2279 2280
f 2280 2130 2129
f 1900 2032 2034
f 2034 1902 1900
f 5450 5466 5467
f 5467 5451 5450
f 1774 1776 1903
f 1903 1901 1774
f 1364 1573 1575
f 1575 1367 1364
f 4715 4951 4961
f 4961 4723 4715
f 1668 1678 1679
f 1679 1669 1668
f 4749 4750 5003
f 5003 5002 4749
f 2144 2295 2300
f 2300 2147 2144
f 2052 2203 2208
f 2208 2055 2052
f 135 263 270
f 270 141 135
f 3681 3875 3881
f 3881 3688 3681
f 421 422 527
f 527 526 421
f 756 757 761
f 761 760 756
f 926 930 1118
f 1118 1114 926
f 239 240 248
f 248 247 239
f 3389 3390 3590
f 3590 3589 3389
f 1085 1086 1093
f 1093 1092 1085
f 239 370 371
f 371 240 239
f 1713 1717 1718
f 1718 1714 1713
f 4022 4226 4232
f 4232 4035 4022
f 1227 1232 1421
f 1421 1416 1227
f 104 105 110
f 110 109 104
f 389 501 502
f 502 390 389
f 887 1087 1088
f 1088 888 887
f 68 69 76
f 76 75 68
f 2998 3207 3208
f 3208 2999 2998
f 1356 1358 1568
f 1568 1566 1356
f 360 475 481
f 481 364 360
f 4727 4964 4965
f 4965 4728 4727
f 230 363 367
f 367 237 230
f 1100 1273 1276
f 1276 1103 1100
f 4650 4651 4654
f 4654 4653 4650
f 149 277 286
f 286 159 149
f 1020 1021 1198
f 1198 1197 1020
f 1329 1548 1549
f 1549 1330 1329
f 4648 4868 4871
f 4871 4652 4648
f 672 836 842
f 842 680 672
f 536 630 639
f 639 545 536
f 208 211 348
f 348 345 208
f 111 225 230
f 230 116 111
f 4460 4461 4464
f 4464 4463 4460
f 1377 1378 1584
f 1584 1583 1377
f 110 111 116
f 116 115 110
f 2243 2397 2400
f 2400 2246 2243
f 222 357 360
f 360 226 222
f 1536 1735 1739
f 1739 1539 1536
f 1776 1780 1905
f 1905 1903 1776
f 978 979 984
f 984 983 978
f 1211 1393 1397
f 1397 1213 1211
f 1676 1687 1688
f 1688 1677 1676
f 1765 1891 1894
f 1894 1767 1765
f 1063 1072 1258
f 1258 1253 1063
f 150 151 161
f 161 160 150
f 2488 2493 2664
f 2664 2658 2488
f 214 215 220
f 220 219 214
f 2027 2167 2168
f 2168 2028 2027
f 5356 5371 5372
f 5372 5357 5356
f 66 67 74
f 74 73 66
f 609 613 754
f 754 750 609
f 2285 2288 2445
f 2445 2443 2285
f 2348 2349 2509
f 2509 2508 2348
f 5054 5061 5062
f 5062 5055 5054
f 2030 2173 2178
f 2178 2032 2030
f 2855 2856 3043
f 3043 3042 2855
f 501 597 598
f 598 502 501
f 575 691 699
f 699 582 575
f 2737 2924 2929
f 2929 2742 2737
f 2818 3002 3005
f 3005 2821 2818
f 1695 1822 1823
f 1823 1696 1695
f 5272 5289 5290
f 5290 5273 5272
f 318 328 329
f 329 319 318
f 5494 5506 5507
f 5507 5495 5494
f 1939 1940 1946
f 1946 1945 1939
f 4521 4524 4735
f 4735 4732 4521
f 1210 1212 1396
f 1396 1392 1210
f 1070 1254 1260
f 1260 1079 1070
f 4273 4274 4479
f 4479 4478 4273
f 1292 1297 1298
f 1298 1293 1292
f 3 4 7
f 7 6 3
f 187 193 321
f 321 311 187
f 4658 4659 4877
f 4877 4876 4658
f 582 699 700
f 700 583 582
f 4321 4514 4516
f 4516 4326 4321
f 137 138 146
f 146 145 137
f 2964 2966 3174
f 3174 3171 2964
f 3839 3846 4055
f 4055 4043 3839
f 180 301 310
f 310 186 180
f 4765 4769 5025
f 5025 5022 4765
f 9 10 30
f 30 29 9
f 4264 4266 4470
f 4470 4468 4264
f 2124 2274 2275
f 2275 2125 2124
f 179 185 308
f 308 300 179
f 272 395 398
f 398 279 272
f 115 116 230
f 230 229 115
f 3898 4100 4101
f 4101 3899 3898
f 897 905 1098
f 1098 1094 897
f 2777 2779 2966
f 2966 2964 2777
f 754 757 926
f 926 923 754
f 581 587 705
f 705 697 581
f 183 184 304
f 304 303 183
f 4114 4115 4121
f 4121 4120 4114
f 240 371 372
f 372 241 240
f 603 743 744
f 744 604 603
f 520 614 618
f 618 524 520
f 701 710 880
f 880 870 701
f 68 181 182
f 182 69 68
f 113 114 119
f 119 118 113
f 2586 2587 2755
f 2755 2754 2586
f 243 373 380
f 380 251 243
f 1166 1351 1354
f 1354 1169 1166
f 2662 2668 2840
f 2840 2834 2662
f 1427 1428 1627
f 1627 1626 1427
f 3679 3684 3877
f 3877 3873 3679
f 167 292 293
f 293 168 167
f 142 143 152
f 152 151 142
f 169 294 299
f 299 178 169
f 136 144 276
f 276 269 136
f 3268 3477 3478
f 3478 3269 3268
f 2184 2186 2345
f 2345 2343 2184
f 303 304 417
f 417 416 303
f 1363 1364 1367
f 1367 1366 1363
f 589 594 718
f 718 709 589
f 597 726 727
f 727 598 597
f 4048 4238 4246
f 4246 4059 4048
f 121 122 127
f 127 126 121
f 650 798 799
f 799 651 650
f 1962 2091 2095
f 2095 1965 1962
f 4459 4460 4660
f 4660 4659 4459
f 57 165 174
f 174 63 57
f 1801 1920 1923
f 1923 1804 1801
f 152 153 163
f 163 162 152
f 151 152 162
f 162 161 151
f 1771 1898 1900
f 1900 1773 1771
f 5239 5257 5258
f 5258 5240 5239
f 1568 1570 1768
f 1768 1766 1568
f 4646 4647 4650
f 4650 4649 4646
f 38 41 95
f 95 93 38
f 532 540 634
f 634 627 532
f 4171 4172 4376
f 4376 4375 4171
f 1283 1284 1510
f 1510 1509 1283
f 796 978 983
f 983 800 796
f 309 319 320
f 320 310 309
f 2784 2785 2973
f 2973 2972 2784
f 41 44 98
f 98 95 41
f 2889 3076 3082
f 3082 2894 2889
f 3027 3036 3037
f 3037 3028 3027
f 150 280 281
f 281 151 150
f 4558 4569 4570
f 4570 4559 4558
f 2389 2392 2562
f 2562 2558 2389
f 1979 1985 1986
f 1986 1980 1979
f 132 133 139
f 139 138 132
f 556 561 562
f 562 557 556
f 2729 2732 2733
f 2733 2730 2729
f 815 816 820
f 820 819 815
f 160 170 295
f 295 288 160
f 18 22 62
f 62 55 18
f 1124 1303 1312
f 1312 1132 1124
f 913 917 1105
f 1105 1101 913
f 3468 3664 3665
f 3665 3469 3468
f 125 255 256
f 256 126 125
f 739 909 910
f 910 740 739
f 142 151 281
f 281 273 142
f 35 36 39
f 39 38 35
f 414 415 422
f 422 421 414
f 133 134 140
f 140 139 133
f 2950 2958 3165
f 3165 3159 2950
f 238 239 247
f 247 246 238
f 1278 1282 1507
f 1507 1502 1278
f 122 249 250
f 250 123 122
f 123 250 251
f 251 124 123
f 122 123 128
f 128 127 122
f 2150 2157 2158
f 2158 2151 2150
f 4593 4809 4817
f 4817 4605 4593
f 2732 2735 2736
f 2736 2733 2732
f 176 177 183
f 183 182 176
f 5446 5462 5463
f 5463 5447 5446
f 623 762 767
f 767 630 623
f 809 813 1005
f 1005 1000 809
f 4497 4695 4702
f 4702 4502 4497
f 592 593 717
f 717 716 592
f 2438 2439 2442
f 2442 2441 2438
f 3131 3132 3141
f 3141 3140 3131
f 37 91 94
f 94 40 37
f 125 126 132
f 132 131 125
f 1477 1478 1694
f 1694 1693 1477
f 915 1102 1107
f 1107 919 915
f 4217 4426 4431
f 4431 4221 4217
f 772 773 942
f 942 941 772
f 3624 3804 3810
f 3810 3631 3624
f 13 42 45
f 45 15 13
f 5414 5428 5429
f 5429 5415 5414
f 61 64 179
f 179 173 61
f 1884 2011 2013
f 2013 1886 1884
f 3668 3672 3863
f 3863 3859 3668
f 107 108 113
f 113 112 107
f 1072 1073 1083
f 1083 1082 1072
f 3547 3730 3733
f 3733 3553 3547
f 14 16 46
f 46 44 14
f 783 784 954
f 954 953 783
f 1063 1064 1073
f 1073 1072 1063
f 3036 3242 3254
f 3254 3046 3036
f 3040 3041 3246
f 3246 3245 3040
f 96 97 207
f 207 206 96
f 571 579 580
f 580 572 571
f 107 112 228
f 228 224 107
f 5274 5292 5293
f 5293 5275 5274
f 3609 3616 3799
f 3799 3796 3609
f 103 104 109
f 109 108 103
f 3788 3989 3994
f 3994 3794 3788
f 3209 3212 3420
f 3420 3413 3209
f 2443 2445 2615
f 2615 2613 2443
f 121 126 256
f 256 248 121
f 4220 4225 4226
f 4226 4221 4220
f 845 854 855
f 855 846 845
f 4890 4899 4900
f 4900 4891 4890
f 252 381 387
f 387 258 252
f 4969 4976 4977
f 4977 4970 4969
f 91 92 201
f 201 200 91
f 34 88 91
f 91 37 34
f 2372 2543 2544
f 2544 2373 2372
f 2435 2608 2610
f 2610 2439 2435
f 10 11 31
f 31 30 10
f 3755 3960 3967
f 3967 3761 3755
f 5 23 27
f 27 8 5
f 5036 5037 5387
f 5387 5386 5036
f 4909 4915 4916
f 4916 4910 4909
f 534 535 629
f 629 628 534
f 7 8 11
f 11 10 7
f 1894 2024 2028
f 2028 1896 1894
f 412 413 420
f 420 419 412
f 3700 3704 3705
f 3705 3701 3700
f 3756 3757 3962
f 3962 3961 3756
f 4602 4603 4613
f 4613 4612 4602
f 53 162 172
f 172 60 53
f 4889 4898 4899
f 4899 4890 4889
f 4381 4382 4572
f 4572 4571 4381
f 3915 4124 4125
f 4125 3916 3915
f 840 841 849
f 849 848 840
f 26 27 66
f 66 65 26
f 474 568 569
f 569 475 474
f 3557 3736 3740
f 3740 3562 3557
f 2881 2884 3073
f 3073 3069 2881
f 385 390 502
f 502 497 385
f 146 147 157
f 157 156 146
f 396 400 513
f 513 509 396
f 4637 4641 4858
f 4858 4852 4637
f 12 13 15
f 15 14 12
f 5037 5045 5046
f 5046 5038 5037
f 42 43 97
f 97 96 42
f 16 17 47
f 47 46 16
f 1 18 19
f 19 2 1
f 64 71 185
f 185 179 64
f 3064 3270 3271
f 3271 3065 3064
f 240 241 249
f 249 248 240
f 4193 4203 4407
f 4407 4397 4193
f 280 288 289
f 289 281 280
f 5409 5420 5421
f 5421 5410 5409
f 51 52 59
f 59 58 51
f 1169 1170 1174
f 1174 1173 1169
f 1178 1182 1362
f 1362 1360 1178
f 4603 4604 4614
f 4614 4613 4603
f 1289 1294 1520
f 1520 1516 1289
f 1128 1133 1313
f 1313 1307 1128
f 621 622 627
f 627 626 621
f 5318 5334 5335
f 5335 5319 5318
f 3736 3737 3741
f 3741 3740 3736
f 811 812 816
f 816 815 811
f 1188 1189 1195
f 1195 1194 1188
f 2288 2291 2448
f 2448 2445 2288
f 39 40 43
f 43 42 39
f 157 158 167
f 167 166 157
f 2794 2795 2985
f 2985 2984 2794
f 4911 4917 4918
f 4918 4912 4911
f 2896 3085 3086
f 3086 2897 2896
f 2580 2585 2586
f 2586 2581 2580
f 32 33 36
f 36 35 32
f 3737 3943 3947
f 3947 3741 3737
f 1874 2002 2003
f 2003 1875 1874
f 4868 5150 5154
f 5154 4871 4868
f 48 49 56
f 56 55 48
f 580 586 587
f 587 581 580
f 848 849 858
f 858 857 848
f 5249 5267 5268
f 5268 5250 5249
f 48 55 164
f 164 154 48
f 655 656 659
f 659 658 655
f 4732 4735 4978
f 4978 4971 4732
f 4094 4296 4297
f 4297 4095 4094
f 2701 2882 2889
f 2889 2707 2701
f 1177 1359 1361
f 1361 1181 1177
f 3707 3901 3904
f 3904 3710 3707
f 1275 1276 1501
f 1501 1500 1275
f 2358 2522 2526
f 2526 2362 2358
f 3740 3946 3950
f 3950 3743 3740
f 3416 3422 3626
f 3626 3619 3416
f 2086 2239 2241
f 2241 2089 2086
f 2745 2752 2753
f 2753 2746 2745
f 123 124 129
f 129 128 123
f 4545 4546 4551
f 4551 4550 4545
f 172 173 298
f 298 297 172
f 4810 5072 5073
f 5073 4811 4810
f 1145 1332 1333
f 1333 1146 1145
f 6 7 10
f 10 9 6
f 3141 3142 3344
f 3344 3343 3141
