# FBMS mesh reconstructed from Steklov eigenspace
v 0.9247058549664263 -0.3890291258790545 -6.267753764405373e-05
v 0.8361030602409019 -0.3644874082058636 -3.774789231649262e-05
v 0.7529395036172422 -0.3640067432877089 -2.195842283371842e-05
v 0.6797970145605231 -0.3856064482902141 -1.11043138121921e-05
v 0.6203771383385721 -0.4262829557166835 -2.859048051478181e-06
v 0.5776500041043519 -0.482602865063005 4.104838505440009e-06
v 0.5544848760163545 -0.550784113699149 1.238780363977418e-05
v 0.5533880740300239 -0.6270414312941418 2.331682888524132e-05
v 0.5762549357859548 -0.7070009671218026 3.921655286045266e-05
v 0.6237585864784465 -0.7857166916010465 6.428772585348631e-05
v 0.6141964293698587 -0.7885305594114861 0.08856304027984309
v 0.5815681512488413 -0.7971123172192791 0.1760893624272553
v 0.5252754126016707 -0.8106206743386549 0.2612615742565904
v 0.4439708930777143 -0.827283744523689 0.341762989538097
v 0.3368189758052281 -0.8437293277896538 0.413761886417597
v 0.2051241316600297 -0.8550757664368827 0.4718593289084045
v 0.05410380987024484 -0.8559982572605268 0.5099063399406977
v -0.1063161470680775 -0.8429131579953119 0.5230463702514002
v -0.2649560153986859 -0.8157667448088954 0.5098940675697058
v -0.4110188514484104 -0.777384077747076 0.4718350526179627
v -0.5357731347361526 -0.7336993187197041 0.4137227478904816
v -0.6354835297574212 -0.6911669236165189 0.341705767261705
v -0.7100966076636274 -0.6548418908334112 0.2611839625056438
v -0.7612585387568568 -0.6277857826016324 0.1759904177369801
v -0.7907155412420551 -0.6113835499888048 0.08844500005635071
v -0.7992611508803672 -0.6063045471262519 -6.314817109570401e-05
v -0.7337060787445012 -0.5418430928323813 -3.819420808199567e-05
v -0.6917080889751768 -0.470061617887278 -2.241870437730119e-05
v -0.6738427728780674 -0.3959184487803696 -1.161280176361929e-05
v -0.6793597368236599 -0.3241210059680743 -3.444427493063637e-06
v -0.7067706335969819 -0.2589582012832879 3.420009736382041e-06
v -0.7542347335297538 -0.2048059261405775 1.158764598283607e-05
v -0.8197270571455256 -0.1657273566698603 2.239208227556472e-05
v -0.9004074090409567 -0.1455508329844592 3.816542855359888e-05
v -0.9923289673753459 -0.1473323171725077 6.3116623388549e-05
v -0.9899850208805985 -0.1376441202387797 0.08856186289027801
v -0.9811031622130504 -0.1050961144132212 0.1760881652491187
v -0.9646556396238328 -0.0495907708637841 0.2612603450549825
v -0.9384342900682671 0.02915277581784411 0.3417617187303177
v -0.8991008863817983 0.1301720813924959 0.4137605697747563
v -0.8430800117328625 0.2498965967182234 0.4718579703976359
v -0.7683689587588842 0.3811454567988243 0.5099049531417685
v -0.6768271056009248 0.5135307896745778 0.5230449763505176
v -0.5739977765516664 0.637343798343085 0.5098926898225909
v -0.4677260119056448 0.7446465829700895 0.4718337115853454
v -0.367516710557854 0.8308445142765135 0.4137214560000577
v -0.2808272733603392 0.8959299394306709 0.3417045270738806
v -0.2120621834253738 0.9423841014871888 0.2611827683442117
v -0.1630497560336996 0.9731634179822282 0.1759892586398848
v -0.1341162916160347 0.9904726406858986 0.08844386249288146
v -0.1254447039360836 0.9953336726557713 -6.427896416566031e-05
v -0.1023969814058182 0.9063305008265226 -3.920821852160485e-05
v -0.06123141458898345 0.8340683610504056 -2.330816852766135e-05
v -0.005954241654982314 0.7815248970057483 -1.237814641171615e-05
v 0.05898259849327331 0.7504039616651771 -4.093625560334736e-06
v 0.1291206294846805 0.7415610663648267 2.872252665707457e-06
v 0.1997498574862177 0.7555900399036626 1.111981215297234e-05
v 0.2663389830628191 0.7927687880879654 2.197638436389138e-05
v 0.324152473164953 0.8525518003177307 3.776833725278072e-05
v 0.3685703807475981 0.9330490091232299 6.2700323381915e-05
v 0.3757883808962021 0.9261751692073774 0.08856146281075024
v 0.3995345921962514 0.9022094050216368 0.1760878198430763
v 0.439379605698075 0.8602128894103097 0.2612600931166444
v 0.4944625842164203 0.7981328579127279 0.3417615999031536
v 0.5622809265712351 0.7135595336019506 0.4137606227232148
v 0.6379547578957526 0.6051817780756412 0.4718582285938177
v 0.714263936224393 0.4748556191346795 0.5099054386966323
v 0.7831420087536076 0.3293852596276622 0.5230456940978641
v 0.8389525793149994 0.1784257650671229 0.5098936277748987
v 0.8787437412340001 0.03274010299309482 0.4718348434157704
v 0.9032888613804475 -0.09714290857614157 0.4137227462031413
v 0.9163099904777637 -0.2047611269307301 0.3417059388116078
v 0.9221581699469156 -0.2875407668799707 0.261184268046778
v 0.9243078762549157 -0.3453766625403479 0.1759908172368829
v 0.9248316225207637 -0.3790886017908827 0.08844545445296258
v -2.553614908549692e-07 5.93554216086928e-07 0.3221272204819339
v 0.1102753826879964 -0.03298044329098929 0.3218240386912862
v 0.1026720693612066 -0.03832552427621093 0.3218027728472561
v 0.09554490422462544 -0.0441516389984109 0.3217903088145895
v 0.08893185365140502 -0.05045768277351954 0.3217837279771966
v 0.08286540684255655 -0.05723513419296764 0.3217807523527383
v 0.0773718606452974 -0.0644679129334199 0.3217809371642906
v 0.07247067443696852 -0.07213037732487027 0.3217843133757342
v 0.06817029481583847 -0.08019287187490667 0.3217913387808916
v 0.06447023246435883 -0.0886218075002814 0.3218042963783027
v 0.06136138833438036 -0.09738030621838226 0.3218261107710589
v 0.05293974245185006 -0.09287129156221118 0.3219124754009088
v 0.04439058286543453 -0.08872947866909434 0.3219814986301346
v 0.03571745992929864 -0.08498402745292442 0.3220366887293308
v 0.02692588393679785 -0.08166276178779823 0.3220814876063153
v 0.01802323122996194 -0.07878981223784556 0.3221184011598631
v 0.009018012472761194 -0.07638902243874302 0.3221458353654718
v -7.822617433382615e-05 -0.07447540853061989 0.3221627530859915
v -0.009252465997407906 -0.07305874135783375 0.3221684543838801
v -0.01849023250754064 -0.07214370523280672 0.3221625300797408
v -0.02777634227469784 -0.07172937975324536 0.3221453916388246
v -0.03709575344075468 -0.07180955412748558 0.3221177507261679
v -0.0464335432426031 -0.07237256843896164 0.3220806441833723
v -0.05577553671224472 -0.07339746879485946 0.3220356064792196
v -0.06510858470038156 -0.0748627412654774 0.3219801302841756
v -0.0744204286082229 -0.07674283937340112 0.3219107637959532
v -0.08370039295574778 -0.07901044324740682 0.3218240044416648
v -0.0845277137559666 -0.06975323166534932 0.3218027285301743
v -0.08600969547224771 -0.06066785961490371 0.3217902537297614
v -0.08816436457363949 -0.05178775931365717 0.3217836614328711
v -0.09100058588164772 -0.04314532797134022 0.3217806736768259
v -0.09451758184301022 -0.03477137951650894 0.3217808457155962
v -0.09870287581268063 -0.02669558712937783 0.3217842085583421
v -0.103535008695146 -0.01894009354964525 0.3217912200487604
v -0.1089846468611537 -0.01152126957505063 0.3218041632400985
v -0.1150153035555439 -0.004449674202831652 0.3218259627939934
v -0.1068995682898443 0.0005891804455895191 0.321912333286147
v -0.09903808202239089 0.005922066378840046 0.3219813617560597
v -0.09145787314455046 0.0115604888817841 0.3220365564273891
v -0.08418579297228551 0.01751358785955601 0.3220813591635373
v -0.07724642734418542 0.02378704051134974 0.3221182758252241
v -0.07066468076050174 0.03038539821099311 0.3221457123505561
v -0.06445933063971357 0.03730616976056197 0.3221626315799346
v -0.05864534812094125 0.04454296604189197 0.3221683335621883
v -0.0532340271681636 0.05208559392884406 0.3221624091128447
v -0.04823216239617627 0.05992044397427451 0.3221452697013486
v -0.04364189602656078 0.06803138413846527 0.3221176270055358
v -0.03946059165744917 0.07639966095557311 0.3220805178886738
v -0.03567719017785766 0.0850025215764844 0.3220354768562322
v -0.03227963455115183 0.09381782151055665 0.3219799966161037
v -0.0292519301774756 0.1028221712285279 0.3219106254098494
v -0.02657575509540915 0.1119926655251096 0.3218238607110417
v -0.01814512091787954 0.1080805348106455 0.3218025997541599
v -0.009535974035380495 0.1048212774134575 0.3217901395119586
v -0.0007682543451043676 0.1022472208509337 0.3217835613191488
v 0.008134413778834981 0.1003822409115859 0.3217805871586328
v 0.01714495593710803 0.0992410711981921 0.3217807722342528
v 0.02623143610712655 0.09882774322119235 0.3217841475089805
v 0.03536394859407716 0.09913474423027381 0.321791170794197
v 0.0445136490808764 0.1001448559526045 0.3218041251216458
v 0.05365314985342667 0.1018317594190904 0.3218259351422061
v 0.05395906026485327 0.09228389059191852 0.3219123152931449
v 0.05464673341955208 0.08280919214712743 0.3219813538564139
v 0.05573964734655934 0.07342531873318979 0.3220365590696481
v 0.05725914306016957 0.06415095433799557 0.3220813728064005
v 0.0592224300510306 0.05500455234038971 0.3221183009322931
v 0.06164590215933875 0.046005404993249 0.3221457493884388
v 0.06453679064536119 0.0371710196290361 0.3221626810078445
v 0.06789704793603202 0.02851755620649407 0.3221683958262611
v 0.07172349350745878 0.02005989216184946 0.3221624846405867
v 0.07600773854335445 0.01181071654219147 0.3221453588968603
v 0.08073688340553199 0.003779950599457384 0.3221177302462211
v 0.08589336892651868 -0.004025312111278465 0.3220806355218125
v 0.09145196102371984 -0.01160327262532427 0.322035609193953
v 0.09738745351717058 -0.01895330039547445 0.321980143936549
v 0.1036715932163127 -0.02607755238886278 0.3219107879558428
v 0.2194428539675305 -0.06607454321764682 0.3198756572515586
v 0.2043482328474459 -0.07658061069840878 0.3196036074177761
v 0.1901895360111228 -0.08808114204801359 0.3194015426874916
v 0.177039401578991 -0.1005573900492261 0.3192365738669618
v 0.16498921299893 -0.1139885066949774 0.3191568358551727
v 0.1540948291155639 -0.1283335720667663 0.3191581261382603
v 0.1443911346660123 -0.1435466637167296 0.3192404665165564
v 0.1359025885154975 -0.1595629788583643 0.31940811403569
v 0.1286247941069935 -0.1762889177812345 0.319613176226681
v 0.1225563956488845 -0.1936493859587891 0.3198885906121365
v 0.1057838294664295 -0.1848966047656602 0.3206786662206163
v 0.0887453026246708 -0.176812467289854 0.3213372986666763
v 0.07146009109768546 -0.1694665038702781 0.3219052729106316
v 0.05391097841422045 -0.1629568101532541 0.3223778845250184
v 0.03611571751818075 -0.1573180988930265 0.3227345496874808
v 0.01809782687239221 -0.152587983673749 0.322976482909777
v -0.0001113155880404633 -0.1487991135807096 0.323115396129012
v -0.01847929900074715 -0.1459771031554312 0.3231612770561769
v -0.0369710614019545 -0.1441330339264331 0.323113930260678
v -0.05554989033959613 -0.1432649536302291 0.322973536032035
v -0.07417801232858311 -0.1433561813195125 0.3227300673585816
v -0.09281688519976625 -0.1443829880559291 0.3223718441507211
v -0.1114343728578141 -0.1463148391034408 0.3218976865446436
v -0.1300046757479996 -0.1491225294966706 0.3213282794204305
v -0.1485199679021726 -0.1527068074059459 0.3206678483754529
v -0.1669443587571754 -0.1570052505410105 0.3198755883719865
v -0.1684955720264094 -0.1386798749346124 0.3196035187234792
v -0.1713759773158672 -0.1206678014008795 0.31940143272215
v -0.1756056579911076 -0.1030413101350206 0.3192364412177196
v -0.1812122509584451 -0.08588996550241684 0.3191566791593746
v -0.1881882479288111 -0.06928260271419022 0.3191579441099085
v -0.1965113212711614 -0.05327239411690492 0.3192402579507512
v -0.2061375795969512 -0.03791292315350195 0.3194078778375818
v -0.2169837648320875 -0.02324718230900008 0.3196129114533422
v -0.2289841654553866 -0.009311544678143253 0.3198882964428974
v -0.2130177708211838 0.0008375399420268396 0.3206783833556875
v -0.1974974576741402 0.01155127546290948 0.3213370259681728
v -0.1824930790956968 0.02284773368962743 0.321905009130655
v -0.1680809801056515 0.03479087241488833 0.3223776282525888
v -0.1543000992106848 0.04738267348426591 0.3227342994581426
v -0.1411947699242329 0.06062157611597548 0.3229762372018869
v -0.128808956140939 0.07449673078941706 0.323115153373229
v -0.1171810461246022 0.08899287616181445 0.3231610356471156
v -0.1063381677107821 0.1040851884299998 0.3231136885810896
v -0.09629698639276991 0.1197408975208553 0.3229732924743615
v -0.08706194274653856 0.1359189501059953 0.322729820349168
v -0.07863175795037231 0.1525741031528514 0.3223715921614548
v -0.07099605618996438 0.1696632585741622 0.3218974281029198
v -0.06414244506017784 0.1871494708236077 0.3213280131058638
v -0.05798888301151121 0.2049763364355808 0.320667572930937
v -0.05249925593985126 0.2230815619748116 0.3198753026486116
v -0.0358534209035231 0.2152622523452774 0.3196032626193571
v -0.01881431829714071 0.2087507090440985 0.3194012054905097
v -0.001434502797354602 0.2036004648674544 0.3192362419903202
v 0.01622227893978404 0.1998802364397878 0.3191565069169838
v 0.03409265979054621 0.1976179390304195 0.3191577977223383
v 0.05211942738675359 0.1968208225381644 0.3192401362050357
v 0.07023423146445341 0.1974776676430678 0.3194077794411299
v 0.08835821062051766 0.1995378668549528 0.3196128350581893
v 0.1064270090470115 0.2029626989240879 0.3198882406533977
v 0.1072331787162136 0.1840608374783118 0.3206783469532586
v 0.1087513908444768 0.1652629681225508 0.3213370097948314
v 0.1110322224421947 0.146620549615957 0.3219050140455219
v 0.1141692350115975 0.1281677197862783 0.3223776552055636
v 0.1181836141643721 0.1099372094283294 0.322734349395454
v 0.1230961749482419 0.09196819291476609 0.3229763110593577
v 0.1289195032949342 0.07430416891623753 0.3231152520611896
v 0.1356595765821572 0.0569860133722099 0.3231611600441956
v 0.143308460682123 0.04004963161331302 0.3231138395206121
v 0.1518461086355752 0.02352584145020424 0.3229734707332383
v 0.1612391875572829 0.00743901520853972 0.3227300266365557
v 0.1714478764841513 -0.008189333082066957 0.3223718271129297
v 0.1824296635093909 -0.02334664007693218 0.3218976922855917
v 0.1941463566239768 -0.03802516508075594 0.3213283070287736
v 0.2065080883001261 -0.05226775643411603 0.3206678970256804
v 0.3261063702506614 -0.09990276022975857 0.3146421456117404
v 0.3036475871678095 -0.1149853509138158 0.313648006109721
v 0.2825746315816773 -0.1316596451087479 0.3128373698429069
v 0.2630746009970156 -0.1498731891886048 0.3122932547360284
v 0.2452540469440161 -0.1695845831539191 0.3120252231893014
v 0.229219296545419 -0.1907011808175199 0.3120290007702695
v 0.2150177170373007 -0.2131606339470154 0.3123046331148255
v 0.2027099884420158 -0.236835755847988 0.3128566622766558
v 0.1923075930144468 -0.2616126381358206 0.3136756211255375
v 0.1838110034823705 -0.2872971208611023 0.3146790998326999
v 0.1588918929455131 -0.2749847006193836 0.3174344334573518
v 0.1335417495401498 -0.2634996023911814 0.3198072904249536
v 0.1076980037144357 -0.25305158233261 0.3218208470349413
v 0.08135870346687055 -0.2437068632855479 0.3233906732526656
v 0.05458778808289624 -0.235541727791638 0.3245587289415277
v 0.02744850485179952 -0.228636311892281 0.325364816480084
v 1.974997287433895e-06 -0.2230573656580618 0.3258393666262365
v -0.02769290456615578 -0.2188482679924053 0.3259973477534243
v -0.05556315855485784 -0.216025996910794 0.3258350442924964
v -0.08353386869138789 -0.2145923981456744 0.3253561890937762
v -0.1115371897396718 -0.2145202243089019 0.3245457320368846
v -0.1394973075624736 -0.2157601513811285 0.3233731913643055
v -0.1673329497620206 -0.2182505281722509 0.3217987749290986
v -0.1949631851450722 -0.2219335178545032 0.3197806169567269
v -0.2223735113722834 -0.2267443766550404 0.3174030585057775
v -0.2495721031629412 -0.2324645153265784 0.3146420404612734
v -0.2514046207457351 -0.2054733203195472 0.31364787237326
v -0.2553085062745444 -0.1788864348338046 0.3128372051696333
v -0.261331882468591 -0.1528921168611512 0.3122930568938486
v -0.2694921716237039 -0.1276033428118754 0.3120249900325477
v -0.2797623033271135 -0.1031585179107716 0.3120287303232579
v -0.2921119660530441 -0.07962983757717515 0.3123043235119808
v -0.3064613529600068 -0.05713344571582574 0.3128563118706433
v -0.3227175576618554 -0.03573624054773081 0.3136752284568775
v -0.3407126689724158 -0.01553571174462481 0.3146786637587441
v -0.3175902776497617 -0.0001113252215545046 0.3174340130497914
v -0.2949688504527224 0.0161000077719257 0.3198068842578157
v -0.2729987567333469 0.03325735236653116 0.3218204533289639
v -0.2517363708766311 0.05139551033676221 0.3233902901202232
v -0.2312797251674372 0.07049725000436156 0.3245583543818866
v -0.2117298431131327 0.09054786572586061 0.3253644483729974
v -0.1931750925817134 0.1115278000719805 0.3258390027533962
v -0.1756824892359644 0.1334077362917874 0.3259969858361927
v -0.1593032240395778 0.1561329648990353 0.3258346820374754
v -0.1440763545410247 0.1796395275879291 0.3253558242178338
v -0.1300122063583059 0.2038550448718933 0.3245453623133591
v -0.1171059706027269 0.2286891976256597 0.3233728146604307
v -0.1053448918514051 0.2540407761150146 0.3217983892270839
v -0.09471934740582409 0.2798107732772042 0.3197802203474825
v -0.08518051895153497 0.3059542579533518 0.3174026491884014
v -0.07653501537077934 0.3323690148420481 0.3146416169899677
v -0.05224371234076779 0.3204604050235978 0.3136474926080472
v -0.02726686929786335 0.3105478092516771 0.3128368680836786
v -0.001743461225019941 0.3027670323510485 0.3122927611447017
v 0.02423738262065523 0.2971896507853955 0.3120247340903751
v 0.05054226471379418 0.2938614235687334 0.3120285124372578
v 0.07709350629245736 0.2927921978882446 0.3123041418189592
v 0.1037506204820146 0.2939709309793617 0.3128561643320992
v 0.1304092186639046 0.2973506126261285 0.313675112941658
v 0.1569009171201775 0.3028345720952916 0.314678578006431
v 0.1586976297815279 0.2750977805615675 0.3174339565590416
v 0.1614263403466147 0.2474013624567385 0.319806858223533
v 0.1652999876641693 0.2197960089342798 0.3218204591788619
v 0.1703768983215353 0.1923131405948354 0.3233903293287851
v 0.1766911652183292 0.1650462718902267 0.3245584283781087
v 0.1842805644779829 0.1380902447253912 0.3253645585439723
v 0.1931723426723901 0.1115313667683634 0.3258391504386448
v 0.2033746185142972 0.08544233375623463 0.3259971723155306
v 0.2148656076925421 0.0598948331702485 0.3258349084923938
v 0.227609449469267 0.03495466906927988 0.3253560917185663
v 0.2415486242621826 0.01066697346852001 0.3245456718102354
v 0.2566025091178843 -0.01292725869458789 0.3233731669573009
v 0.2726770763103443 -0.03578846909591169 0.3217987849649564
v 0.2896817720473648 -0.05787548773184771 0.3197806600075613
v 0.3075532754745381 -0.07920812675015211 0.3174031331872592
v 0.42848051825585 -0.1353495703401826 0.3045373508242292
v 0.3987364920750035 -0.1537943398686601 0.3022295684334739
v 0.3709066373822835 -0.1746234971141144 0.3003600086967315
v 0.3452996177141587 -0.1977518612119199 0.2991433017203085
v 0.3220623620888887 -0.2230294194132851 0.2985379309634194
v 0.3013588757206306 -0.2502993697286243 0.298545497319073
v 0.2832553017840511 -0.2794746332840252 0.2991661022643756
v 0.2678584848016506 -0.3103554848704644 0.3003986122752454
v 0.2552735664537363 -0.3427600659633593 0.3022848426423171
v 0.2455007084231247 -0.3763677767025901 0.3046108180613193
v 0.2128694012681891 -0.3617818460499145 0.311191072164626
v 0.1795360929773609 -0.3479376095072956 0.3168953402639001
v 0.1451708378601294 -0.3352215646800648 0.3216126345872619
v 0.1099537170897257 -0.323651678775433 0.325310598386036
v 0.07400600144786854 -0.3134163724373416 0.3281003066860726
v 0.03747197832108633 -0.3046342900686133 0.3300361270664068
v 0.0004600233625824125 -0.2974229223097792 0.3311862117152651
v -0.03691614477713711 -0.291849495931883 0.3315691507516534
v -0.07450247002969469 -0.2879402786982478 0.3311772215448753
v -0.1121431196803415 -0.285708389723575 0.3300182092896343
v -0.1497112103417325 -0.2851172651261448 0.3280734562226582
v -0.1870724981954943 -0.2860802863524067 0.3252747144333345
v -0.2240577688551317 -0.2885186135275177 0.3215676371794713
v -0.2605024309356526 -0.2922803350500858 0.3168410939975855
v -0.2962279358610783 -0.2973929122953385 0.3111278532695798
v -0.3314568944329845 -0.3033997878565599 0.304537206002549
v -0.3325585218003087 -0.2684182934720272 0.3022293882494651
v -0.3366821735970775 -0.2339023251086361 0.3003597896001654
v -0.3439084132443552 -0.2001617834783336 0.299143040354604
v -0.3541807902841921 -0.1673989195026792 0.2985376242427627
v -0.3674455128145988 -0.1358341670694736 0.2985451424425185
v -0.3836602399191438 -0.1055683473875845 0.2991656965847552
v -0.402705426810947 -0.07679385334026541 0.3003981534901566
v -0.4244761503936006 -0.04969266966158487 0.3022843287646642
v -0.4486948435010962 -0.02442523696429241 0.304610247627063
v -0.4197474534660748 -0.003458635948020401 0.3111905197376814
v -0.3910913863486254 0.01848676208613795 0.3168948045099572
v -0.3628963857066716 0.04188994753963662 0.3216121134830117
v -0.3352680519609469 0.06660394897114255 0.3253100899107988
v -0.3084301976693485 0.09261795340286867 0.3280998085332932
v -0.2825577155674541 0.1198663265917491 0.3300356367615646
v -0.2578065434001539 0.1483139579385506 0.331185726611379
v -0.2342917605147195 0.1778959775974556 0.331568668112227
v -0.2121131433527192 0.2084921028811434 0.3311767386178702
v -0.1913599696657981 0.2399739381792647 0.3300177233292305
v -0.1720640157837219 0.2722133171668155 0.3280729645651668
v -0.1542173895243692 0.3050506717209452 0.3252742145801572
v -0.1378364205329429 0.3383000376687577 0.3215671267906179
v -0.1228718448757548 0.3717429184465417 0.3168405710100516
v -0.1094367190417729 0.4052384171078711 0.3111273156072338
v -0.0970243480744111 0.4387510416243292 0.3045366522945223
v -0.06617868903776783 0.4222143040112264 0.3022288914119082
v -0.03422517810195625 0.408527482558645 0.3003593483378181
v -0.001391915892834213 0.3979152983003584 0.2991426528524044
v 0.03211771821210437 0.39042998917968 0.2985372883657354
v 0.06608592709294575 0.3861351871035915 0.2985448557056489
v 0.1004042266583204 0.385044634407662 0.2991654563460813
v 0.1348462276015372 0.387150998759885 0.3003979568150644
v 0.1692018650464309 0.3924544066008541 0.3022841724402857
v 0.2031934106531119 0.4007946975003964 0.3046101282280046
v 0.2068773121235948 0.3652422022060982 0.3111904396742143
v 0.2115545397308815 0.3294525991616158 0.3168947653271023
v 0.217724782987262 0.2933333949573963 0.3216121174770328
v 0.2253135612172364 0.2570495280630687 0.3253101391194893
v 0.2344234159328442 0.2208002327143864 0.3280999049371202
v 0.2450849523538174 0.1847697878577511 0.3300357822029164
v 0.2573457324097539 0.1491107951096734 0.3311859228477199
v 0.2712071167532187 0.1139553511897646 0.3315689167747937
v 0.2866148257757582 0.07945000650598498 0.3311770411239924
v 0.3035023044957858 0.04573627582643019 0.330018080870962
v 0.3217744459000431 0.01290576149122834 0.328073378119851
v 0.3412891141503686 -0.01896858730756022 0.3252746848662377
v 0.3618934246347073 -0.0497796465723304 0.3215676542202827
v 0.383373522298686 -0.07946083195506828 0.3168411556477963
v 0.4056639149773541 -0.1078437849529571 0.3111279572676682
v 0.5247346908655669 -0.1730271826034304 0.2880327277209856
v 0.4876653998536371 -0.1929557023152388 0.2838983322185112
v 0.4531897801613792 -0.2164637354618869 0.2806252853539447
v 0.4217205463178243 -0.2432766609119743 0.2784482465185827
v 0.3935236645960112 -0.2730780790467748 0.2773716450578094
v 0.3688051593861317 -0.3056436139612674 0.2773836996319197
v 0.3476841226449454 -0.3408164811263006 0.2784846508093168
v 0.3303211216805452 -0.3783382422726018 0.2806867689871941
v 0.3169492702614869 -0.4178682819280993 0.2839865303408502
v 0.3077239509142725 -0.4589339200285377 0.2881495062320521
v 0.2684281548848229 -0.4438005172605362 0.3008380842188137
v 0.2276141547739489 -0.4292106161431377 0.3119154891212799
v 0.1849084684053552 -0.4153889414952184 0.3210088599082766
v 0.1406611705332874 -0.4025804305651336 0.3282819956646174
v 0.09520650103620748 -0.3909615238004348 0.3337869112827789
v 0.04877153598953142 -0.3807683202649958 0.3376611824953247
v 0.001558153632639882 -0.3721735477228477 0.3399776843170419
v -0.04618466728051409 -0.3652601047784053 0.3407501195846822
v -0.09414478432116739 -0.3600713973014505 0.3399624218632548
v -0.1420087626956554 -0.3566434266322947 0.3376307941968067
v -0.1895149481340399 -0.3549581897648212 0.3337416432230516
v -0.2364247104203717 -0.3548991271533783 0.3282220691099253
v -0.2824593717070963 -0.3562943544401718 0.3209344913753165
v -0.3272516187210734 -0.3590560733651286 0.3118268156278614
v -0.3704013089297472 -0.3630348186660108 0.3007357370622935
v -0.4122136141775607 -0.3679196128875478 0.288032538504612
v -0.4109375733639507 -0.325852375927201 0.2838981039205671
v -0.4140583160567188 -0.2842415650075626 0.2806250125951064
v -0.4215443712003927 -0.2435819119320363 0.278447924440654
v -0.4332547118657392 -0.204261950439562 0.2773712693658824
v -0.4490980349904179 -0.1665722911507395 0.2773832664336373
v -0.4689981071914762 -0.1306944631743788 0.2784841564891968
v -0.4928113981129712 -0.09689674126827821 0.2806862103798262
v -0.5203594830452636 -0.0655513160057257 0.2839859048778113
v -0.5513106998627004 -0.03702909354328825 0.2881488121435876
v -0.5185569625084981 -0.01056459519081087 0.3008374078485472
v -0.4855148055298061 0.01748645531390637 0.3119148293135112
v -0.4521921043059147 0.04755986505713899 0.3210082150745072
v -0.4189760181509255 0.07947492930704447 0.3282813638788596
v -0.3861864687161494 0.1130304080679971 0.3337862903904867
v -0.3541414618999824 0.14814769751726 0.3376605699970542
v -0.323091523406036 0.184738329987736 0.3399770774673587
v -0.293232934723728 0.2226281327755747 0.3407495155470522
v -0.26475935736896 0.2615684853323451 0.339961817785676
v -0.2378586866232867 0.3013059456851981 0.3376301872241019
v -0.2126461583582749 0.341604912872879 0.3337410305757879
v -0.1891401438671516 0.3822004469054082 0.3282214482411086
v -0.1673311253954669 0.4227652629221931 0.3209338600677394
v -0.1473267237208588 0.4629373587570505 0.311826171872665
v -0.1291975687692143 0.5022954674756807 0.3007350791654064
v -0.1125217616878019 0.5409483876831054 0.2880318652250992
v -0.07672850165696807 0.5188096475803913 0.2838974994922937
v -0.03913213148785593 0.5007068517146087 0.2806244754938982
v -0.0001768373230528621 0.4868601120549067 0.2784474523408816
v 0.03973038762465118 0.4773415627459862 0.2773708593331172
v 0.08029221593073688 0.4722174384383079 0.2773829150755859
v 0.1213133222549232 0.4715124837128452 0.2784838601309766
v 0.1624896089039915 0.475236535126015 0.2806859649343688
v 0.2034095374081036 0.4834211677595494 0.2839857056825366
v 0.2435860636726575 0.4959646064098604 0.2881486539896491
v 0.250128092171562 0.4543667754298126 0.3008372986741831
v 0.257899908959082 0.4117258850418186 0.3119147717579231
v 0.2672828724775688 0.3678308509173608 0.3210082124864
v 0.2783140668973673 0.3231073159421061 0.3282814192434998
v 0.2909791738676031 0.2779329608467644 0.3337864063081171
v 0.3053691228840932 0.2326224892784318 0.3376607488833144
v 0.3215325612377347 0.1874370970710938 0.3399773215491427
v 0.3394167916314091 0.142633855608743 0.3407498267323218
v 0.3589033331904538 0.09850479122079588 0.3399621975424768
v 0.3798666463642604 0.0553393473099769 0.337630636573737
v 0.4021603127867819 0.01335512175628817 0.3337415501348039
v 0.4255640737086237 -0.02729950539893419 0.3282220381906021
v 0.4497897338550171 -0.06646913441343399 0.320934520056603
v 0.4745776008543718 -0.1038795616690357 0.3118269009401998
v 0.4995981624882926 -0.1392589863963831 0.3007358756511702
v 0.6131576670392304 -0.2129822674833945 0.2636933112555288
v 0.5685898298398309 -0.232029191136239 0.2575646726768603
v 0.5274569048213179 -0.2563051192638253 0.2527099647922799
v 0.4903770248484619 -0.285213225373425 0.2494698505599169
v 0.4576747020212118 -0.3183182746287577 0.2478624225252234
v 0.4296672794468184 -0.3552257741009701 0.2478786838530523
v 0.4065852689066042 -0.3956321916138152 0.2495190074719512
v 0.3887229315041354 -0.4391261688037664 0.252793110079621
v 0.3764118286899156 -0.4852789698739149 0.257684130303773
v 0.3700621796313768 -0.5333337028347833 0.2638518456207027
v 0.3259764306480186 -0.5197000136901996 0.285156406578083
v 0.2786753430253952 -0.5062251697796313 0.303887059338819
v 0.2280031382424001 -0.4929875402340985 0.3195524478282866
v 0.1747296990006549 -0.4801912336680971 0.3321838464805751
v 0.1193187633611723 -0.4681888093304146 0.3419104805612131
v 0.06214799297873561 -0.4572976499333558 0.3488462415360356
v 0.003698807011572576 -0.4476822433110695 0.3530153213901602
v -0.0555458406218008 -0.4394544072282277 0.354410579971484
v -0.1149728760154565 -0.4326808029464833 0.3529927774729851
v -0.1739711339980468 -0.4274499741534935 0.3488014840212558
v -0.2320452704452896 -0.4237743369297625 0.3418442094931756
v -0.2886884169164504 -0.4216147740184301 0.3320970263977932
v -0.3434555948942684 -0.4207587571767589 0.3194463108562552
v -0.3958108757841589 -0.420979365638101 0.3037623591803497
v -0.4449577020868724 -0.4222713378750214 0.2850148090550828
v -0.4910270668132072 -0.4245186961136933 0.2636930725415429
v -0.4852382684206006 -0.3763983254741723 0.2575643949897111
v -0.4856953745983781 -0.3286381698962197 0.2527096402110992
v -0.4921905858002754 -0.2820719614944016 0.249469472246959
v -0.5045092337703324 -0.2371983538804674 0.2478619844102554
v -0.5224683491854917 -0.194489421206632 0.2478781805656418
v -0.5459203214068464 -0.1542965589764158 0.2495184341776847
v -0.574656034293444 -0.1170802844150468 0.25279246266732
v -0.6084699724912841 -0.08334210660412286 0.2576834054204437
v -0.6469117571689248 -0.05381573324793501 0.2638510412208898
v -0.6130618596745985 -0.0224531350643985 0.2851556166000883
v -0.5777418517688175 0.01177344756610522 0.3038862829534794
v -0.5409417125344798 0.04903810650113032 0.3195516840510462
v -0.5032231459993346 0.08877615776429403 0.3321830941304601
v -0.4651233462729634 0.1307622722385394 0.3419097379643402
v -0.4271060055263971 0.1748280768943694 0.3488455065677334
v -0.3895542836149613 0.2206388942711026 0.3530145917427874
v -0.3528064941024437 0.2678323826302318 0.3544098532406102
v -0.3172269037201301 0.3159109345838058 0.352992051254127
v -0.2831977757750813 0.3643895371492836 0.3488007558738265
v -0.2509775346485294 0.4128454174680888 0.3418434770441409
v -0.22078573763933 0.460820055554398 0.3320962874277795
v -0.1926608186722129 0.5078218239128202 0.3194455635714509
v -0.166674222322518 0.5532731336053205 0.3037616022521266
v -0.1432196701040511 0.5964815142448484 0.285014041304663
v -0.1221312273411461 0.6375024212443956 0.2636922929560783
v -0.08335217395926749 0.6084289403798208 0.2575636949303453
v -0.04176213121744075 0.5849446860935735 0.252709017982716
v 0.001812967663082785 0.5672865658906495 0.2494689248312475
v 0.04683394228336554 0.5555179986465256 0.2478615080135319
v 0.0928004802344829 0.5497165655348578 0.2478777706565824
v 0.1393344590953148 0.549930129884987 0.2495180856779247
v 0.1859325015982506 0.5562078506123525 0.2527921697843374
v 0.2320575309788792 0.5686225009084185 0.2576831615800548
v 0.2768489500474669 0.5871508946073777 0.2638508387317913
v 0.2870847508694647 0.5421547250474172 0.2851554712757151
v 0.2990657860405482 0.4944534020462947 0.303886199726448
v 0.3129378143332422 0.443951200161424 0.3195516681396551
v 0.3284926569993599 0.3914169121565515 0.3321831497321944
v 0.3458037697801516 0.337428427111832 0.3419098688138481
v 0.3649571829210133 0.2824715013986663 0.3488457160427588
v 0.3858546370615228 0.2270453004455984 0.3530148826071607
v 0.4083514918639574 0.1716239837163627 0.3544102276070714
v 0.4321989402469749 0.1167718196436338 0.3529925103590743
v 0.4571680802522054 0.06306236511637102 0.3488013000946997
v 0.4830219921187114 0.01093080911517075 0.341844106022914
v 0.5094733647615181 -0.03920344576327166 0.3320970000195446
v 0.5361156538583409 -0.08706130089442154 0.3194463578225165
v 0.5624843756983641 -0.1322920888238229 0.3037624752539461
v 0.5881766943682398 -0.1742086008596668 0.2850149889492906
v 0.692472152651968 -0.2544014002246751 0.2303502156528626
v 0.6401184774696825 -0.2698393736034491 0.2225251561326897
v 0.5922422638141795 -0.2926864983869992 0.2163280219022861
v 0.5496192360517642 -0.3220736119218435 0.212168220581775
v 0.5127254159813379 -0.35730183402119 0.2100942703214716
v 0.4820647559546452 -0.3977155064342808 0.2101134726636773
v 0.4580764341624863 -0.4427361723707097 0.2122263551357233
v 0.4412556472546683 -0.4917024482696544 0.2164267035215244
v 0.4321473154635619 -0.5439677302263719 0.2226669972304255
v 0.4313802440506762 -0.598551297613064 0.230538998466571
v 0.3853303303393033 -0.5883527807307432 0.2628070112140291
v 0.3332521411554607 -0.578023920430626 0.2917128474826078
v 0.275723459615603 -0.5671568700235226 0.3163489455124032
v 0.2136379932896938 -0.5560624025611222 0.3366468511370336
v 0.1476556317424534 -0.5451208740024887 0.3526027410186371
v 0.07862337161782007 -0.5345143285991384 0.3641090097248432
v 0.007408753047251148 -0.5244078442833479 0.3710877044368123
v -0.06505835321434203 -0.5149003123297705 0.3734361581419967
v -0.1376104517393212 -0.506082643002546 0.3710578933191484
v -0.2090924929019061 -0.4981580438150885 0.3640500589482137
v -0.2785798669100699 -0.4912628215130631 0.3525161967133565
v -0.3451920214870798 -0.4854534059419907 0.3365348142244767
v -0.4080635982694765 -0.4807651214103472 0.3162142055251685
v -0.4664618078606776 -0.4769933605640762 0.2915580942014573
v -0.5194452170304593 -0.474058109144848 0.2626345294421599
v -0.566554156921303 -0.4724975828868685 0.2303499234389418
v -0.5537469998439958 -0.4194389547169251 0.2225248294518488
v -0.5495950834747665 -0.3665533408421944 0.2163276494622418
v -0.5537335542495927 -0.3149471198468071 0.2121677926455262
v -0.5657951753475553 -0.2653819794811667 0.2100937783764608
v -0.5854641063564594 -0.2186221851708 0.210112909356263
v -0.6124589781833449 -0.1753373054613382 0.2122257141337491
v -0.6464546142730564 -0.1362868857991737 0.2164259796595677
v -0.6871634992609204 -0.1022661437970099 0.2226661864945108
v -0.7340507058864624 -0.0743100030257929 0.2305380985541592
v -0.7021937020613972 -0.03952877576541891 0.2628061197707653
v -0.6672096745869148 0.000407916399831178 0.2917119636522179
v -0.6290343067791638 0.04479577272586086 0.3163480692065215
v -0.5883835887804267 0.09301620575637973 0.3366459819188769
v -0.5459168625878428 0.1446879121570325 0.3526018779479768
v -0.5022152804772061 0.1991683927825599 0.3641081517146925
v -0.4578555732845182 0.2557888741825521 0.3710868502847297
v -0.4133883177634533 0.3137935095371314 0.3734353066490967
v -0.3694759911080214 0.3722166723683167 0.3710570433452322
v -0.3268721003553844 0.4301596636895791 0.3640492092263453
v -0.2861569950793022 0.4868899010010163 0.3525153459181444
v -0.2478198206840304 0.5416730182032691 0.3365339610945559
v -0.2123238477932025 0.5937772548009601 0.3162133488949686
v -0.1798582755890501 0.6424656922688479 0.291557233369071
v -0.1508245259124015 0.6868830178490732 0.2626336640031207
v -0.1259185435483227 0.7269002564432985 0.2303490521923088
v -0.08637200683407384 0.6892795583968349 0.2225240470317582
v -0.04264769480987608 0.6592410350491588 0.2163269540517403
v 0.004113813620270011 0.6370219045940894 0.2121671806875252
v 0.05306925972110864 0.6226849748634571 0.2100932451364585
v 0.1033988507113227 0.6163388530724345 0.2101124489090162
v 0.1543820393058685 0.6180746509791625 0.2122253195116575
v 0.2051984523145941 0.6279905304348947 0.2164256427136203
v 0.2550156542534743 0.6462351048849243 0.2226658978294247
v 0.3026699135714455 0.6728625750157752 0.2305378471811131
v 0.3168627467174209 0.6278830092453968 0.26280593078654
v 0.3339568396822177 0.577617616566737 0.2917118460213994
v 0.3533100948240102 0.5223628460178408 0.316348030756004
v 0.3747447948779389 0.4630480577283254 0.3366460293393869
v 0.3982603922855819 0.4004349109704637 0.3526020171912588
v 0.423591042934754 0.3353479485462058 0.364108387581267
v 0.4504459377154309 0.2686210214073453 0.371087186381826
v 0.4784457828705526 0.2011088670808949 0.3734357452532583
v 0.5070855603959692 0.1338680217756867 0.3710575850402932
v 0.5359637274720092 0.06800039252869763 0.3640498529965372
v 0.564736023634124 0.004374869157877334 0.3525160894498005
v 0.5930110418231307 -0.0562177519578975 0.3365348007893907
v 0.6203866940415561 -0.1130103854161218 0.3162142798789101
v 0.6463193900661669 -0.1654707200250226 0.2915582495324388
v 0.6702691183456903 -0.2128234569088869 0.2626347577698999
v 0.7620401065991842 -0.2954657450339932 0.1871446608513277
v 0.7016518601031569 -0.3044454496764826 0.1786024245603944
v 0.6467622146427457 -0.3237556754307654 0.1718189601079838
v 0.598350639025186 -0.3521975430921362 0.1671873079765066
v 0.5572551739135055 -0.3886642415940617 0.1648629167370318
v 0.5242967174142292 -0.4321154356051796 0.1648829236973598
v 0.5002570669924469 -0.481521095794401 0.1672479788702982
v 0.4859161451818946 -0.5358105232787573 0.1719224514104799
v 0.4821136586869479 -0.593878583381409 0.1787523498450275
v 0.489740074242004 -0.6544593226782295 0.1873459052290899
v 0.4454663770766857 -0.6491244824778539 0.2325917517443976
v 0.3916372492242343 -0.643498871051868 0.2739645377591829
v 0.3291262096031717 -0.6369841801612631 0.310266467286208
v 0.25878850769177 -0.6297204098447635 0.3410533311849185
v 0.1817870608568307 -0.6216371721331259 0.3657420567671345
v 0.09946318235335171 -0.6127090557302211 0.3838595995959196
v 0.01336076698728941 -0.6028961269159673 0.3949840580755022
v -0.07479366278033528 -0.5921726326282195 0.3987546597382971
v -0.162843013040391 -0.5806396563777326 0.3949486006470158
v -0.2486699273138008 -0.5687368653718186 0.3837898158920708
v -0.3306097957783594 -0.5569196982792307 0.3656407170152216
v -0.4071786676941908 -0.5456114356578043 0.3409242441942382
v -0.4770853661657432 -0.5351699843372147 0.3101136445595105
v -0.5392216491888255 -0.5259532242180296 0.2737925666820559
v -0.5927259591474581 -0.5180367261502973 0.2324047257552948
v -0.6369007051901112 -0.5122131338908401 0.1871443139890625
v -0.6144832453704834 -0.4554254977647362 0.1786020523409556
v -0.6037615741357022 -0.3982345222646246 0.1718185466548549
v -0.6041871672675558 -0.3420878925035906 0.1671868395424189
v -0.6152205191952583 -0.2882647794978007 0.1648623815287343
v -0.6363711223832134 -0.2379962706959499 0.1648823117642116
v -0.6671378441510766 -0.192474438440878 0.167247282080542
v -0.7069833934148073 -0.1529100662146727 0.1719216635172864
v -0.7553705485560822 -0.1205829303154954 0.1787514665533256
v -0.8116481942608385 -0.0968971765267702 0.1873449244669525
v -0.7848913979953387 -0.06122233050644907 0.2325907718317166
v -0.7531050669838445 -0.01741762630370571 0.273963557475787
v -0.7162078070207283 0.03346128891790637 0.3102654865430293
v -0.6747484845274441 0.09074374600947645 0.3410523498162838
v -0.6292475980544967 0.1533874329767418 0.3657410749285435
v -0.580353795194075 0.2202180309318971 0.3838586177222645
v -0.5288044375407931 0.2898785189680911 0.3949830769406105
v -0.4754404813642999 0.3608608063345182 0.3987536804641779
v -0.4214280123617443 0.4313473348421412 0.3949476245732229
v -0.3682064706449986 0.4997242529569728 0.3837888440162686
v -0.3170025821651126 0.564777685579706 0.3656397498871734
v -0.2689248939030102 0.625434134133741 0.3409232819362646
v -0.2249289509217581 0.6807543604125642 0.3101126869389463
v -0.1858788079486347 0.7299575393584993 0.2737916130789035
v -0.1522706906709763 0.7723353260172614 0.232403775579013
v -0.1251398464743627 0.8076799134233059 0.1871433654797945
v -0.08716903948343807 0.7598719347200684 0.1786012004456855
v -0.04300104912565094 0.7219911474766657 0.1718177899576469
v 0.005836130638735518 0.6942863597741813 0.1671861743629887
v 0.05796495320615089 0.6769299324215899 0.1648618021957693
v 0.1120740128461215 0.6701126177415453 0.1648818106850895
v 0.1668803794116497 0.6739964587494217 0.1672468498068501
v 0.2210668393696957 0.688721539847407 0.1719212887206791
v 0.2732564647638347 0.7144625018056192 0.1787511359129349
v 0.3219076744773723 0.7513575348177546 0.1873446224866217
v 0.3394244677731714 0.710348098708775 0.2325905327942479
v 0.3614671662206275 0.6609180117820769 0.2739633955354595
v 0.3870808595443779 0.6035246063409286 0.3102654141462296
v 0.4159591657440663 0.5389785491174429 0.3410523782178375
v 0.4474596673902073 0.4682517609135264 0.3657412135904419
v 0.4808896999450979 0.3924931467059748 0.3838588740756166
v 0.5154427312009293 0.3130197913493435 0.3949834560719275
v 0.5502331958243738 0.2313140305380477 0.3987541848505662
v 0.5842700861334034 0.1492945047403322 0.3949482535199952
v 0.6168754852281887 0.06901473393540415 0.3837895939409371
v 0.6476115083756118 -0.007855966105288402 0.3656406150097185
v 0.6761027508107397 -0.07982081390931578 0.3409242545290981
v 0.702013579575511 -0.1455826618244253 0.3101137575730947
v 0.7250998060048381 -0.2040028016660707 0.2737927708986489
v 0.7449960971147471 -0.2542973151771568 0.2324050084853049
v 0.8224437630997453 -0.3334368337286655 0.1339672018861008
v 0.7536967634232602 -0.3333898577418587 0.1262838382461813
v 0.6910566829398788 -0.347405818935835 0.1200614480925968
v 0.6361142510253588 -0.3738812364108169 0.1157315529145737
v 0.5903039872369708 -0.4112141320529928 0.1135432848475625
v 0.5549536182777862 -0.4578238094880316 0.1135614743297069
v 0.5313564290056436 -0.5120060534210226 0.1157869341823838
v 0.520675805008766 -0.5720557635685015 0.1201570730849091
v 0.5240667834631015 -0.6361597561277291 0.1264248435601601
v 0.5426438873442843 -0.7023541970350697 0.1341602968660763
v 0.5048677268810119 -0.7019465756764851 0.1935669659477911
v 0.4533979501269311 -0.7018746003959397 0.2492980239428447
v 0.3886914458147352 -0.7015720541828134 0.3000303255213548
v 0.3115939794005961 -0.7003228486717079 0.3443558552594764
v 0.2234508589504648 -0.697421464079454 0.3809170146978584
v 0.126202462169375 -0.6921276406770069 0.4083725518840921
v 0.02239834017816504 -0.6837905652134739 0.4255109856849775
v -0.08483914517032089 -0.6719797128504891 0.4313679383403315
v -0.1916440075897976 -0.6567677397576522 0.4254739266486479
v -0.2942497519850411 -0.6390465534158339 0.4082999401075244
v -0.3897411392287394 -0.6200107599696271 0.3808127285416189
v -0.4758128857110424 -0.6009249467263322 0.3442249356330055
v -0.550771563252583 -0.5829881306439667 0.2998779602011772
v -0.6134909655061199 -0.5672165428079263 0.2491284050362821
v -0.6633297964448878 -0.5545139181913048 0.1933845523719872
v -0.6999862468287166 -0.5455388153052975 0.1339668037973225
v -0.6655720896932057 -0.4860256256842562 0.1262834280417978
v -0.6463902436458103 -0.4247697061308787 0.1200610039158092
v -0.6418474193678445 -0.3639504103841586 0.1157310558061299
v -0.6512735236787703 -0.3056110593935997 0.1135427187156851
v -0.6739634970427325 -0.2516918482121907 0.1135608258965183
v -0.709088088404761 -0.2041649040340298 0.1157861931793667
v -0.7557523305642481 -0.16489030052639 0.1201562322313825
v -0.8129634786043953 -0.1357749236297004 0.1264238987381939
v -0.8795780631728342 -0.118765898543046 0.134159247359141
v -0.8603371637300669 -0.086254446498815 0.193565910404482
v -0.8345401329708102 -0.04171615019242172 0.2492969593868996
v -0.801925053327148 0.01417020118835968 0.3000292499814735
v -0.7622946527921781 0.08031410512238693 0.3443547680828075
v -0.715710583120105 0.1551977265709401 0.38091591662129
v -0.6625019448751898 0.2367705147150358 0.4083714451964363
v -0.6033798881422384 0.3224990822485672 0.4255098741889634
v -0.5395327438886776 0.4094641177095178 0.4313668270947146
v -0.4729564233770481 0.4943539033657831 0.4254728212790881
v -0.4063065868668214 0.5743525116124103 0.4082988454523485
v -0.3420754131221732 0.6475325752667662 0.3808116480070942
v -0.2825107096642777 0.7125299556622354 0.344223870971092
v -0.2294975715264329 0.7684776119315446 0.2998769115080388
v -0.1844791861634654 0.8149083390706138 0.2491273709500164
v -0.1485588619248374 0.851718629027359 0.1933835301701297
v -0.1224578348691447 0.8789763895766021 0.1339657897366745
v -0.08812497405645074 0.8194161814968544 0.126282517168893
v -0.04466672482277691 0.7721761887413894 0.1200601963724994
v 0.005732893111062472 0.7378322865348543 0.1157303482842916
v 0.06096926641467856 0.7168258190901527 0.1135421046927479
v 0.1190096086949248 0.709516285444337 0.1135602958098668
v 0.1777313840370242 0.7161715975011531 0.115785734396231
v 0.2350762398010292 0.7369467282984451 0.1201558292432355
v 0.2888963944817581 0.7719353786082954 0.1264235331016585
v 0.336933856773777 0.821120837189518 0.1341588976569668
v 0.3554689765135083 0.7882020921773339 0.1935656171522852
v 0.3811415899682962 0.7435921286627525 0.2492967433673133
v 0.4132328939842693 0.6874035115087422 0.3000291309159709
v 0.450699854446973 0.62001064708775 0.3443547639485076
v 0.4922588182735609 0.5422258431507009 0.3809160429079257
v 0.5362985115133025 0.4553593833733491 0.4083717139898537
v 0.5809805360116455 0.3612938351140777 0.4255102933157797
v 0.6243708631769347 0.2625179796656929 0.4313673994082424
v 0.6645994191020556 0.1624161883348109 0.4254735438761951
v 0.7005553678310273 0.06469629881091774 0.4082997103656308
v 0.731815646701357 -0.02751971023462589 0.3808126436835593
v 0.7583227767400982 -0.1116031061245592 0.3442249832343103
v 0.7802684216108048 -0.1854878236185638 0.2998781244334224
v 0.7979695591945682 -0.2476904191280418 0.2491286675953484
v 0.8118881984648012 -0.2972036418431567 0.1933848932290851
v 0.8755771087590739 -0.3654877567443326 0.07128190779871717
v 0.7977428708279291 -0.354158014333346 0.06643279464821343
v 0.7259676228664996 -0.36148654437607 0.06231269979131769
v 0.6630596877820392 -0.3854987786789995 0.05939613495824349
v 0.6113749822877729 -0.4239874201643932 0.05791698746996737
v 0.5729711607403065 -0.4746208190518871 0.05793070176066856
v 0.5498427416907414 -0.5347705092869046 0.05943848420699673
v 0.5436797207915516 -0.6018255061052721 0.06238800675556316
v 0.5559712819396275 -0.6729221369472667 0.06654864353866492
v 0.587860389268659 -0.7448244851602326 0.0714497047614325
v 0.5616806581461815 -0.7477504835229943 0.1454390933550108
v 0.5172554205367992 -0.7530024143306733 0.216852707315814
v 0.4543695673679393 -0.7597878843298608 0.2841355862745141
v 0.3731446961977413 -0.7667040616508818 0.3451655202709359
v 0.2745077200539828 -0.7718240100032508 0.397339882918732
v 0.1606836491044469 -0.7729193701335216 0.4377482330569841
v 0.03556133684797635 -0.7678531515236803 0.4635135570613688
v -0.09530246169539777 -0.7551991225864403 0.4723847652042577
v -0.2252041787535159 -0.734950194265136 0.463482518425937
v -0.3476515320229315 -0.7087792642753156 0.4376875237014085
v -0.4576180198307734 -0.6794495167404883 0.3972528368385222
v -0.5518696872918926 -0.6499973553066161 0.3450561450696898
v -0.6288063532041213 -0.623133466300355 0.2840073779646156
v -0.6880091237366074 -0.6009540904257149 0.2167085191791202
v -0.7297084254019768 -0.5848473645089247 0.1452809844248271
v -0.7543096015253739 -0.5755283246263772 0.07128146685208911
v -0.7055806844102522 -0.5137867347659985 0.06643235837826368
v -0.6760397858122915 -0.4479632377947798 0.06231223883712495
v -0.6653810416972309 -0.3814771989948983 0.05939562367749922
v -0.6728708355973657 -0.3174725531919241 0.05791640423855738
v -0.6975187270539815 -0.2588971090424382 0.05793002912273851
v -0.7380456573596771 -0.2087924064002946 0.05943770934811277
v -0.7930354456444696 -0.1699275198058029 0.0623871214202754
v -0.8607526709166248 -0.1450239600236885 0.06654764440727307
v -0.9389664292734979 -0.1366895252761719 0.07144859399592575
v -0.9284107744326151 -0.1125540408966272 0.1454379731716265
v -0.9107466865552992 -0.07145450988699875 0.2168515706836957
v -0.8851803747577369 -0.01360084257615978 0.2841344274176506
v -0.8505577447184302 0.06020023308989025 0.3451643357237745
v -0.8056734705720905 0.1481825114158222 0.3973386725241072
v -0.7497102335444127 0.2473048884238479 0.4377470006879667
v -0.6827617630801732 0.3531310129424604 0.4635123107671444
v -0.6063712748199129 0.4601354688546735 0.4723835163461053
v -0.5238844063699488 0.5625092453816877 0.4634812795651573
v -0.4399960677589193 0.6554663086444835 0.4376863058210405
v -0.3596124985191954 0.7360351757867425 0.3972516473048276
v -0.2869802826076887 0.802933367436501 0.3450549868688278
v -0.2252470390765654 0.8561304360030804 0.2840062499444562
v -0.1764376181210491 0.8963117356838508 0.2167074168422783
v -0.1416389733865668 0.9243708956028535 0.1452799009687452
v -0.1212676767539341 0.9410164754004389 0.07128039423601149
v -0.0921623444065124 0.8679451163243278 0.06643139512379816
v -0.04992798524497042 0.8094501266207679 0.06231138820049003
v 0.002321212660589077 0.7669763060015342 0.05939488339118831
v 0.06149571557291333 0.7414602935073785 0.05791576703642502
v 0.1245474285447656 0.7335182483210546 0.0579294831054727
v 0.1882027743147567 0.7435632442485475 0.05943723788138305
v 0.2493555764848658 0.7717533707767775 0.06238670360350851
v 0.304781230714977 0.8179464648359075 0.06654725520767953
v 0.351105870088211 0.8815144053936244 0.0714482045217697
v 0.366729770409361 0.8603053283786144 0.1454376249432841
v 0.3934907503059519 0.8244581229398984 0.2168512926365735
v 0.4308101316644244 0.7733902975572862 0.2841342482851868
v 0.4774122276521884 0.7065057365757375 0.3451642831275549
v 0.5311648055660193 0.6236436950131585 0.3973387714174655
v 0.5890255433860219 0.5256169015053946 0.4377472712072966
v 0.6471993239009471 0.4147247008023395 0.4635127657942057
v 0.7016726130855916 0.2950662649902355 0.4723841594746426
v 0.749087482865592 0.172443510930623 0.4634821043191832
v 0.7876465588713263 0.05331537508675714 0.4376872970850872
v 0.8172295736034384 -0.05658346310688564 0.3972527842470432
v 0.8388491492892084 -0.1529341047248871 0.345056245813306
v 0.8540527168577012 -0.232995399764336 0.2840076066084423
v 0.8644462264850552 -0.2953564473353424 0.2167088477026979
v 0.8713470532841305 -0.3395227280090141 0.1452813837679794
v -0.1341430158819089 0.9904662284964588 -0.0885630318396677
v -0.163094685627336 0.9731442272243461 -0.1760893550720372
v -0.2121167673678609 0.9423516417518514 -0.2612615687572776
v -0.2808848776055383 0.8958862848879667 -0.3417629866839168
v -0.3675728592630938 0.8307926298625267 -0.4137618869804839
v -0.4677789824362814 0.7445893466043144 -0.4718593335595406
v -0.57404836492015 0.6372822798181377 -0.5099063491271447
v -0.6768781142521911 0.5134605331897948 -0.5230463840765508
v -0.7684117388518475 0.3810780144788062 -0.5098940858003831
v -0.8431182378695441 0.2498281744330694 -0.4718350747328586
v -0.8991334253858494 0.1301022853634795 -0.4137227731823387
v -0.938458911806907 0.02908409896195932 -0.3417057949943004
v -0.9646707418440656 -0.04965318354615311 -0.2611839920064485
v -0.9811085605960067 -0.1051452956467117 -0.1759904484224573
v -0.9899835043935959 -0.1376719573552301 -0.08844503141331073
v -0.7906966979262658 -0.6114040985648764 -0.08856189424709607
v -0.761219597369383 -0.6278163122681769 -0.1760881959342811
v -0.710041417076147 -0.6548747347759711 -0.2612603745553206
v -0.6354171994775536 -0.6911973414224327 -0.3417617464622775
v -0.5357004634795822 -0.7337248579704295 -0.4137605950659057
v -0.4109431815810405 -0.7774045896040009 -0.4718579925118522
v -0.2648778590856001 -0.8157833151541085 -0.5099049713718102
v -0.1062302240136347 -0.8429258140410615 -0.5230449901750049
v 0.05418319217767092 -0.8560051035023102 -0.5098926990086774
v 0.2052021165755658 -0.8550779162418249 -0.4718337162361597
v 0.3368953540632148 -0.8437254645431316 -0.4137214565625088
v 0.4440424019906721 -0.8272730873953333 -0.3417045242191407
v 0.5253368022659378 -0.8106043495562613 -0.261182762844252
v 0.5816132994778079 -0.7970936165591723 -0.17598925128405
v 0.6142197067964899 -0.788515938284594 -0.08844385405233024
v 0.9248399244233297 -0.3790626194848318 -0.08856143989431459
v 0.9243147017651977 -0.3453288883378424 -0.1760877965133675
v 0.9221588057686902 -0.2874783511732453 -0.2612600691158842
v 0.9163028898579227 -0.2046908326597766 -0.3417615750255711
v 0.9032743067490098 -0.09707005908367473 -0.4137605968693217
v 0.8787232861957792 0.03281263465442784 -0.4718582018285708
v 0.8389274366717899 0.1784982166712973 -0.5099054112801936
v 0.7831095821834072 0.3294623895478165 -0.5230456664483416
v 0.7142297593119463 0.474924270420562 -0.509893600358277
v 0.6379172434164939 0.6052471335867281 -0.4718348166502212
v 0.5622390552384803 0.7136208921903838 -0.4137227203489794
v 0.4944173224581608 0.7981870995405387 -0.3417059139339276
v 0.4393345607217543 0.8602560893201324 -0.2611842440461453
v 0.3994956796550935 0.9022379393593114 -0.1759907939074827
v 0.375764007935369 0.926187406730279 -0.08844543153684274
v 2.553618238086082e-07 -5.935541722989962e-07 -0.3221272204819933
v 0.05354160711359193 0.1018904697877515 -0.3218240358025755
v 0.04440377197318411 0.1001933447981576 -0.3218027702537898
v 0.03525505987492041 0.09917297105320677 -0.3217903065081583
v 0.0261228107191932 0.09885571511613925 -0.3217837259484403
v 0.01703583578165086 0.09925884177715194 -0.3217807505912172
v 0.00802401921983752 0.1003899033931423 -0.3217809356585746
v -0.0008807016864458068 0.1022448784264852 -0.321784312113493
v -0.009651221844108247 0.1048090662926328 -0.3217913377491688
v -0.01826387332752008 0.1080586280478199 -0.3218042955637342
v -0.02669865811126487 0.1119612703914509 -0.3218261101600866
v -0.02936486771205296 0.102788121593299 -0.321912474985401
v -0.0323827316232829 0.09378061133451351 -0.3219814984185456
v -0.03577061110427387 0.084961669284687 -0.3220366887303767
v -0.03954454178334477 0.07635469180944933 -0.3220814878288955
v -0.04371661429557969 0.06798182639375205 -0.322118401612961
v -0.04829792093198434 0.05986583070540125 -0.3221458360581084
v -0.05329112117109727 0.05202545908953701 -0.3221627540270304
v -0.05869409528436966 0.04447685041421526 -0.3221684555819191
v -0.06450006955683014 0.03723362710188755 -0.3221625315430028
v -0.07069776814823886 0.03030599890851563 -0.3221453933750659
v -0.07727223255082633 0.02370037477148472 -0.3221177527426177
v -0.08420469240396881 0.01741926787098771 -0.3220806464866657
v -0.09147025677787909 0.01145815748156968 -0.3220356090752975
v -0.09904435178281502 0.005811397964485287 -0.3219801331783154
v -0.1069001437585226 0.0004698870989642537 -0.3219107669927434
v -0.1150106384796501 -0.004577849130671809 -0.3218240079450255
v -0.1089719624917101 -0.01164289111936163 -0.3218027319416794
v -0.1035139313434667 -0.01905572803232728 -0.3217902570711906
v -0.0986730490985754 -0.02680586605685857 -0.321783664726965
v -0.09447867314886631 -0.03487698625292427 -0.3217806769469988
v -0.09095228612106195 -0.04324698433296632 -0.321780848985627
v -0.08810637392562851 -0.05188619101415419 -0.3217842118520102
v -0.08594175805758948 -0.0607637822987358 -0.3217912233894824
v -0.08444962738159743 -0.06984734169824408 -0.3218041666506177
v -0.08361201412765334 -0.07910340378313833 -0.3218259662960926
v -0.07433473373408493 -0.07682584289173967 -0.3219123364816363
v -0.06502507301400508 -0.07493564289690503 -0.3219813646488466
v -0.05569370898790178 -0.07346016995927261 -0.3220365590220457
v -0.04635288566367475 -0.07242500952981999 -0.3220813614653271
v -0.03701573798661202 -0.0718517061498135 -0.3221182778400764
v -0.02769642850647892 -0.07176124484537462 -0.3221457140850918
v -0.01840986920873762 -0.0721653059505558 -0.3221626330413683
v -0.009171096617785209 -0.07307012314590146 -0.3221683347582628
v 4.705049501235217e-06 -0.07447664141828569 -0.3221624100517694
v 0.009103055963877628 -0.07638020046865826 -0.3221452703917081
v 0.01811092656290242 -0.07877105030620535 -0.3221176274561813
v 0.0270167551768791 -0.081634191901323 -0.3220805181086141
v 0.03581201138347607 -0.08494580870568172 -0.3220354768544384
v 0.04448929748518214 -0.08868179626596967 -0.3219799964014649
v 0.0530430793834995 -0.09281436481686026 -0.321910624991071
v 0.0614697967303266 -0.0973143996434707 -0.321823860096566
v 0.06456895583222372 -0.08855223254759853 -0.3218025989362959
v 0.0682596367525654 -0.08011902182081417 -0.3217901384771365
v 0.07255100364767161 -0.07205162782282833 -0.3217835600539877
v 0.07744360262842961 -0.06438363427125506 -0.3217805856501581
v 0.08292903216291765 -0.05714469780812495 -0.3217807704701149
v 0.088987840881736 -0.05036046617883602 -0.3217841454777305
v 0.09559374518798806 -0.04404706279927958 -0.3217911684853754
v 0.1027142660261309 -0.03821306522656601 -0.3218041225258746
v 0.1103114376078192 -0.03285964560581464 -0.32182593225126
v 0.1037003670204949 -0.02596405817643642 -0.321912312513342
v 0.09740857037576856 -0.01884674829406586 -0.3219813511753938
v 0.09146508596188997 -0.01150327948699329 -0.3220365564741236
v 0.0858981934232846 -0.003931462688881697 -0.3220813702822083
v 0.080733118346265 0.003868099142745181 -0.3221182984645216
v 0.07599511556779161 0.01189363337499123 -0.3221457469614457
v 0.07170175654940303 0.02013806600242568 -0.322162678605551
v 0.06786595808533441 0.02859149184147155 -0.3221683934323274
v 0.0644961306764559 0.03724123345882749 -0.3221624822385802
v 0.06159547831269786 0.04607242079717097 -0.3221453564704396
v 0.05916207205053155 0.05506889492449103 -0.3221177277793072
v 0.05718870320148015 0.06421314362521571 -0.3220806329987624
v 0.0556590112617313 0.07348587106788532 -0.3220356065998519
v 0.05455582003303949 0.08286861845196988 -0.3219801412572288
v 0.05385782994554145 0.09234269825188819 -0.3219107851780111
v 0.1062271874676002 0.2030684607062144 -0.3198756515086113
v 0.08816143794444029 0.1996255353371147 -0.3196036022597576
v 0.07003932778787719 0.1975470644863402 -0.3194015380988781
v 0.05192505440053805 0.1968718611417302 -0.3192365698298187
v 0.03389742566028424 0.1976506687030882 -0.3191568323485677
v 0.01602475452603679 0.1998948004316357 -0.3191581231390757
v -0.001635737536773726 0.2035970785839772 -0.3192404640000546
v -0.0190206239534489 0.2087296696037477 -0.3194081119755875
v -0.03606607244202013 0.2152239755668428 -0.3196131745956595
v -0.05271935213597088 0.2230265130004762 -0.3198885893819753
v -0.05819191659415918 0.2049162619642131 -0.3206786653825184
v -0.06432842905297435 0.1870834862416163 -0.3213372982370586
v -0.07116511123381949 0.1695905879006175 -0.3219052729062102
v -0.07878412339947617 0.152493859515806 -0.3223778849642358
v -0.08719786407672499 0.1358302661903726 -0.3227345505886896
v -0.0964167734765852 0.1196429229078161 -0.3229764842911004
v -0.1064422468875064 0.103977091028731 -0.3231153980080448
v -0.1172699288374126 0.08887385094516521 -0.3231612794498596
v -0.1288832214419326 0.07436601503000136 -0.323113933185036
v -0.1412550558139552 0.06047846079965823 -0.3229735395019667
v -0.1543470927351065 0.0472265243059091 -0.3227300713876385
v -0.1681154174019419 0.03462116234207654 -0.3223718487509971
v -0.1825157299274613 0.02266399315925312 -0.3218976917268845
v -0.1975091121731904 0.01135303545162313 -0.3213282851942492
v -0.2130191442843563 0.0006244756057843611 -0.3206678547489719
v -0.2289761070144177 -0.009539683637935699 -0.3198755953514635
v -0.2169615613736558 -0.02346363231371494 -0.3196035255185165
v -0.2061004867795063 -0.0381186173454 -0.3194014393765181
v -0.1964585949711272 -0.0534684484631442 -0.3192364477766978
v -0.1881192349999762 -0.06947024782234282 -0.3191566856702107
v -0.1811263609541332 -0.0860705112284217 -0.319157950620493
v -0.1755023675016092 -0.1032160945340767 -0.3192402645089761
v -0.1712548634258502 -0.1208381519277338 -0.319407884490698
v -0.1683563573919406 -0.1388471039085194 -0.3196129182466346
v -0.1667868968714372 -0.1571705425849864 -0.3198883034201453
v -0.1483666857736309 -0.1528548154976279 -0.3206783897269113
v -0.1298548006603449 -0.1492528217004172 -0.3213370317395977
v -0.1112871723977743 -0.1464271312807094 -0.3219050143103793
v -0.09267147155950092 -0.1444770434005987 -0.3223776328501996
v -0.07403351155940721 -0.1434317779630136 -0.3227343034843616
v -0.05540541092788313 -0.1433219339296366 -0.3229762406687837
v -0.03682566948263864 -0.1441713503467539 -0.3231151562943296
v -0.01833204160272344 -0.1459967954647267 -0.3231610380372937
v 3.875743176646162e-05 -0.1488003012466351 -0.3231136904563472
v 0.01825164861418934 -0.1525708640726929 -0.3229732938516167
v 0.03627418091322339 -0.1572829491613663 -0.3227298212459954
v 0.05407490804810013 -0.1629040034971945 -0.3223715925959581
v 0.07163027860031959 -0.1693964713437522 -0.3218974280934359
v 0.08892254932581384 -0.1767256579985399 -0.3213280126708212
v 0.1059687744120066 -0.1847934751263729 -0.3206675720870388
v 0.1227496802771818 -0.1935305452841005 -0.3198753014122646
v 0.1288008835125321 -0.1761636697353549 -0.3196032609825183
v 0.136061918594353 -0.1594302127358923 -0.3194012034249356
v 0.1445342997808934 -0.1434051773615422 -0.3192362394686649
v 0.1542225683602969 -0.1281821851228339 -0.3191565039129322
v 0.1651023654516907 -0.1138260534523354 -0.3191577942111178
v 0.1771388642577139 -0.1003827487540871 -0.3192401321634928
v 0.1902762469972572 -0.08789328330681208 -0.3194077748482957
v 0.2044231899395292 -0.07637863842254658 -0.3196128298960951
v 0.2195070097678782 -0.06585773870205112 -0.3198882349064874
v 0.2065593650073443 -0.05206321912061129 -0.3206783414203138
v 0.1941839939193261 -0.03783244083614096 -0.3213370044532045
v 0.1824530491884322 -0.0231652360546032 -0.3219050088703984
v 0.1714563616398765 -0.008018598162497583 -0.3223776501689157
v 0.1612321431653177 0.007599727753671154 -0.3227343444682059
v 0.1518229525090692 0.02367722566541861 -0.3229763062113169
v 0.1432686848051929 0.04019247319366172 -0.3231152472612364
v 0.1356027389843487 0.05712115814148155 -0.3231611552605152
v 0.1288452324417993 0.07443250010017557 -0.3231138347211772
v 0.1230041752975314 0.0920906179325693 -0.3229734658862329
v 0.1180736793406249 0.1100546408608053 -0.3227300217108549
v 0.1140412760206835 0.1282810591406234 -0.322371822078332
v 0.1108862168663863 0.1467306987909959 -0.3218976871130147
v 0.1085873270324777 0.1653708463009435 -0.3213283016901778
v 0.1070511324868749 0.1841672269253353 -0.3206678914962392
v 0.1566369670714123 0.3029699524983986 -0.3146421370988347
v 0.1301500028423015 0.2974633921556596 -0.3136479984603396
v 0.1034943814865758 0.2940605410843795 -0.3128373630355626
v 0.07683843694003302 0.2928584587831088 -0.3122932487429712
v 0.05028627521761189 0.2939043588756453 -0.3120252179790686
v 0.02397847714490705 0.2972094576208709 -0.3120289963070545
v -0.002007265220051212 0.3027640132912622 -0.3123046293606247
v -0.0275376023036165 0.3105224582272586 -0.3128566591900551
v -0.05252308059283726 0.3204133429274303 -0.3136756186633515
v -0.07682458031367638 0.3323012273773672 -0.3146790979493017
v -0.08544960474897585 0.3058783828600314 -0.3174344321650422
v -0.09496744002135801 0.2797259821903009 -0.3198072897471176
v -0.105571779278176 0.2539459839789113 -0.3218208469994462
v -0.1173113249116856 0.2285833031702746 -0.3233906738882739
v -0.1301958917600495 0.2037369898901814 -0.3245587302760468
v -0.1442385331354146 0.1795082944020643 -0.325364818540432
v -0.1594442205840101 0.1559875862787817 -0.3258393694383328
v -0.1758027749824381 0.1332473014318669 -0.3259973513419603
v -0.193275300215707 0.1113514768605031 -0.325835048680186
v -0.2118107245730135 0.09035495630080906 -0.3253561943011063
v -0.2313421262790135 0.07028718244508879 -0.3245457380819585
v -0.2517812300369512 0.05116785590479966 -0.3233731982623267
v -0.2730271318419182 0.03301195844927712 -0.3217987826920525
v -0.2949818928748054 0.01583689536884469 -0.3197806255934433
v -0.3175890914372828 -0.0003922427354202653 -0.3174030680238543
v -0.3406981924740378 -0.01583416087950951 -0.3146420508657728
v -0.3226858745469313 -0.03601928240667036 -0.3136478824925396
v -0.3064110922973697 -0.05740231924841484 -0.3128372150708391
v -0.292042068768016 -0.07988601979880028 -0.312293066647956
v -0.2796717452069549 -0.1034038323483577 -0.3120249997124805
v -0.2693801256779626 -0.1278396183449781 -0.312028740002875
v -0.261197619685485 -0.1531212235843497 -0.3123043332651445
v -0.2551514393876815 -0.1791103800766307 -0.3128563217702825
v -0.2512244345615735 -0.2056938940129038 -0.3136752385739748
v -0.2493688707510801 -0.2326835638427545 -0.3146786741604687
v -0.2221735167036326 -0.2269416649233474 -0.3174340225649658
v -0.1947659675421111 -0.2221081838813395 -0.3198068928914783
v -0.1671376752510009 -0.2184018433473663 -0.3218204610886706
v -0.139303186020048 -0.2158872780131351 -0.323390297014775
v -0.1113433723003226 -0.2146225129250247 -0.3245583604232409
v -0.0833393926764421 -0.2146694777921521 -0.3253644535763245
v -0.05536702367037831 -0.2160776629334843 -0.3258390071367708
v -0.02749408614842364 -0.2188744709212755 -0.3259969894200753
v 0.0002045141814210016 -0.2230582351495936 -0.3258346848445538
v 0.02765574539523733 -0.2286121480295445 -0.3253558262727774
v 0.05480064846626254 -0.2354929748336376 -0.3245453636420644
v 0.08157802448183275 -0.2436341170412407 -0.3233728152897992
v 0.107924446804531 -0.2529556798912647 -0.3217983891849153
v 0.13377587256356 -0.2633815483025174 -0.319780219662532
v 0.1591343232405954 -0.2748454052287505 -0.3174026478885311
v 0.1840619736865154 -0.2871375309046799 -0.3146416150985677
v 0.1925366176241149 -0.2614458435392803 -0.3136474901383406
v 0.2029174548022998 -0.2366599511450965 -0.3128368649900076
v 0.2152043745253325 -0.2129741652855554 -0.3122927573838427
v 0.2293862120491378 -0.1905022513467672 -0.312024729620866
v 0.245402390601725 -0.1693715641160812 -0.3120285072210456
v 0.2632056276296073 -0.1496445160705837 -0.3123041358201865
v 0.2826897857280966 -0.1314138075656183 -0.3128561575192479
v 0.3037482611387305 -0.1147211828563296 -0.3136751052869243
v 0.3261941994354027 -0.09961940302320453 -0.314678569488279
v 0.3076238763762145 -0.07893847265642881 -0.3174339483363569
v 0.2897341681303922 -0.05761956614556694 -0.3198068502678903
v 0.272710219884877 -0.03554591959888833 -0.3218204514548303
v 0.2566152800209584 -0.01269781280236227 -0.3233903217988044
v 0.2415400359276123 0.01088372893266182 -0.3245584210024153
v 0.2275786995962495 0.03515938483185371 -0.3253645512804745
v 0.2148120191674447 0.06008827547310214 -0.3258391432433508
v 0.2032976364197019 0.08562536743438533 -0.3259971651432895
v 0.1930715609371942 0.1117049571311206 -0.3258349012978043
v 0.1841557529419122 0.1382553932176513 -0.3253560844564722
v 0.1765422496495165 0.165203998357433 -0.324545664436636
v 0.1702039746033909 0.1924644735868364 -0.3233731594300919
v 0.1651034503414116 0.2199419425953824 -0.3217987772443537
v 0.161206780815715 0.2475428852429847 -0.3197806520559763
v 0.1584555230468515 0.2752358934161436 -0.317403124969238
v 0.2028901489903039 0.4009372206801023 -0.3045373396904895
v 0.168905195010316 0.3925742353093133 -0.30222955842421
v 0.1345544343486622 0.3872469611840954 -0.3003599997846192
v 0.100114607292684 0.3851164690225689 -0.2991432938676915
v 0.06579569466468049 0.3861828810931023 -0.2985379241263558
v 0.03182447191433895 0.3904537782697845 -0.2985454914467444
v -0.001690560776130666 0.3979155458436058 -0.2991660973028974
v -0.034531918654182 0.4085048885262951 -0.3003986081650298
v -0.0664960792229775 0.4221697881514034 -0.3022848393183527
v -0.097353758596486 0.4386861617111523 -0.3046108154545715
v -0.1097468483903882 0.4051606058690307 -0.3111910703511658
v -0.123161031322635 0.3716519202206597 -0.3168953392741505
v -0.1381033173820888 0.3381945348714982 -0.3216126344663676
v -0.1544606173643242 0.3049297398813497 -0.3253105991739838
v -0.1722828120666065 0.2720759862696939 -0.3281003084215758
v -0.1915538091807725 0.2398193825590673 -0.3300361297853464
v -0.2122818050892388 0.2083195600508443 -0.3311862154517421
v -0.2344353302044831 0.1777048193115459 -0.3315691555371926
v -0.2579254283226504 0.1481036518246583 -0.331177227406709
v -0.282652501911468 0.119636624077138 -0.3300182162504816
v -0.3085016836409455 0.09236886523121043 -0.3280734643009638
v -0.3353171789387114 0.06633576210786481 -0.3252747236424202
v -0.3629242983220807 0.04160313885495073 -0.3215676475265908
v -0.3910993521715826 0.01818241524681563 -0.3168411054831439
v -0.4197371096512576 -0.003779574821922811 -0.3111278658889924
v -0.4486668887973951 -0.02476123275350951 -0.3045372197521246
v -0.4244318356420665 -0.05001159372456269 -0.3022294015912453
v -0.4026428801267963 -0.07709660789958014 -0.3003598026305332
v -0.3835778838967233 -0.1058571469671867 -0.2991430531762986
v -0.3673419433754643 -0.1361114230529439 -0.2985376369593762
v -0.3540550116662672 -0.1676668331439937 -0.2985451551588143
v -0.3437595482587215 -0.2004226059095325 -0.2991657094055013
v -0.3365094803899139 -0.2341587462798264 -0.3003981665189489
v -0.3323615204435975 -0.2686729895640348 -0.3022843421042511
v -0.3312362490016357 -0.3036547278499104 -0.3046102613738623
v -0.2960057375365939 -0.2976247340813744 -0.311190532354064
v -0.2602792884611977 -0.2924874656485315 -0.3168948159922363
v -0.2238332137164699 -0.2886992210634119 -0.3216121238265549
v -0.1868464186555565 -0.2862327069501048 -0.3253100991159805
v -0.1494831468791855 -0.285240347124525 -0.3280998166073406
v -0.1119126191597107 -0.28580125955143 -0.3300356437177771
v -0.0742689819847997 -0.2880023582895128 -0.3311857324681797
v -0.03667908164214826 -0.291880540116375 -0.331568672892316
v 0.0007013269054010054 -0.297423012269079 -0.3311767423484615
v 0.03771803126040461 -0.3046038038774851 -0.3300177260418381
v 0.07425719422187822 -0.3133560013124781 -0.3280729662938852
v 0.1102102725635756 -0.3235623755646409 -0.3252742153608649
v 0.1454329161074122 -0.3351045528306539 -0.3215671266620385
v 0.1798033901305436 -0.3477945215655235 -0.3168405700121936
v 0.213141917344733 -0.3616145660836492 -0.3111273137852603
v 0.2457774640595597 -0.3761776713548876 -0.3045366496788997
v 0.2555273593956472 -0.3425643122558932 -0.3022288880796019
v 0.2680891600956394 -0.3101520136208789 -0.3003593442197626
v 0.2834639880277851 -0.2792609756657931 -0.2991426478835267
v 0.3015469586946516 -0.25007310830393 -0.2985372824863831
v 0.322231249753625 -0.2227885954311282 -0.2985448488618774
v 0.3454508205123227 -0.1974945936697336 -0.2991654484870083
v 0.3710421134525642 -0.17434780279489 -0.3003979478966746
v 0.398858318560714 -0.1534984695621549 -0.3022841624248476
v 0.4285907320237242 -0.1350331176932083 -0.304610117088128
v 0.4057533260020494 -0.1075375919943432 -0.311190428871468
v 0.383441073425085 -0.07916620631120518 -0.3168947548347497
v 0.3619372959587448 -0.0494970916237229 -0.3216121072545635
v 0.341307809674797 -0.01869883118877212 -0.3253101291265382
v 0.3217667392353954 0.01316254717607027 -0.3280998951277443
v 0.3034672132340532 0.04598005261250761 -0.3300357725279394
v 0.2865515747029099 0.07968096750113354 -0.3311859132546177
v 0.2711152003863507 0.1141738879502673 -0.3315689072093406
v 0.2572248890249748 0.1493175297561712 -0.3311770315317449
v 0.244935255502501 0.1849653555187045 -0.3300180711976853
v 0.2342452696455435 0.2209853225496858 -0.3280733683130033
v 0.2251076799456957 0.2572248153959953 -0.3252746748766164
v 0.2174921469690654 0.2934996364068076 -0.3215676440019165
v 0.2112967155547462 0.3296103548771296 -0.3168411451602795
v 0.2065959322329291 0.3653924210455777 -0.3111279464704282
v 0.2432689533617916 0.4960898364480354 -0.2880327141784
v 0.2031007582620345 0.4835282144461347 -0.2838983200388041
v 0.1621876388876943 0.475323785947616 -0.2806252745045192
v 0.1210145148660661 0.4715795218741506 -0.2784482369509894
v 0.07999354739532988 0.4722642786239423 -0.2773716367116492
v 0.03942919944955393 0.4773684180785897 -0.2773836924378059
v -0.0004831742773645158 0.4868674284790612 -0.2784846446923396
v -0.03944655096689217 0.500695357987368 -0.280686763864393
v -0.07705443354610368 0.518780645031649 -0.2839865261180119
v -0.1128602808963601 0.5409038102343986 -0.2881495028043692
v -0.1295225685592005 0.5022314996024854 -0.300838081777014
v -0.1476350562786418 0.4628540239958768 -0.3119154877177197
v -0.1676195612978328 0.4226615635434387 -0.321008859609326
v -0.1894063587190059 0.3820756452671327 -0.3282819965292326
v -0.2128878343243351 0.3414585766452317 -0.333786913362118
v -0.2380739596801176 0.3011377822964204 -0.3376611858367075
v -0.2649470284445113 0.2613783587880563 -0.3399776889638924
v -0.2933921848553026 0.2224162526237943 -0.3407501255739894
v -0.323222172031775 0.184504943242029 -0.3399624292231897
v -0.3542435364316558 0.1478936558294083 -0.3376308029465919
v -0.3862604318087445 0.1127568361162594 -0.3337416533738358
v -0.4190226627888712 0.07918355026405414 -0.3282220806642199
v -0.4522124810851367 0.04725280206020662 -0.3209345043251047
v -0.4855102611271531 0.01716575578737754 -0.3118268299530369
v -0.5185293387935691 -0.01089608162975545 -0.3007357527288871
v -0.5512608311421924 -0.03736832231432514 -0.2880325554838727
v -0.520298029296311 -0.06587420948131037 -0.2838981203316049
v -0.4927362025419518 -0.09720381726515596 -0.2806250285753437
v -0.4689069864818526 -0.130988678830016 -0.2784479401328416
v -0.4489894908657165 -0.1668562800706733 -0.277371284913453
v -0.4331276005325191 -0.2045381290224002 -0.2773832819809575
v -0.4213977651715001 -0.2438527875662534 -0.2784841721806335
v -0.4138913804741222 -0.2845100503674253 -0.2806862263588161
v -0.4107497211583093 -0.3261220996157258 -0.2839859212871214
v -0.4120059834185046 -0.368192478714097 -0.2881488291206832
v -0.3701836556246884 -0.3632863687365236 -0.3008374235125391
v -0.3270255358516455 -0.3592835822375989 -0.311914843635664
v -0.2822256083155215 -0.3564945127967084 -0.3210082280208116
v -0.236183788409578 -0.3550695406262663 -0.3282813754291871
v -0.1892676505772251 -0.3550966226823962 -0.3337863005368139
v -0.141755766905623 -0.3567481071641356 -0.3376605787418919
v -0.09388657079379763 -0.3601412082738382 -0.3399770848218522
v -0.04592182571616226 -0.3652944310673037 -0.3407495215304301
v 0.001825320301498385 -0.3721723456974136 -0.3399618224261108
v 0.04904230517260633 -0.3807320288349231 -0.3376301905586024
v 0.09548013132851633 -0.3908910952261997 -0.333741032647806
v 0.1409365674431162 -0.4024774019248568 -0.3282214490980024
v 0.1851843199794836 -0.4152552719979015 -0.3209338597607177
v 0.2278893627114663 -0.4290484831959596 -0.3118261704607406
v 0.2687011738957665 -0.4436129270876393 -0.3007350767149886
v 0.3079925627811206 -0.4587231063274527 -0.2880318617886295
v 0.317197946202399 -0.4176555743041202 -0.2838974952611646
v 0.3305492310382115 -0.3781215199286602 -0.280624470363288
v 0.3478931338220791 -0.3405923822557544 -0.2784474462164873
v 0.3689966031160712 -0.3054095318133038 -0.2773708521319062
v 0.3936990607571035 -0.2728318223824792 -0.2773829067225783
v 0.4218816017410658 -0.2430161803245191 -0.2784838505567154
v 0.4533385989700676 -0.2161868592040933 -0.2806859540783703
v 0.4878048300807278 -0.1926601152400398 -0.2839856934962484
v 0.5248669495913261 -0.1727129243560128 -0.2881486404404103
v 0.4997069396367985 -0.1389467938421319 -0.3008372854521712
v 0.4746613339279251 -0.1035721659686368 -0.3119147588395069
v 0.4498459330372381 -0.0661688252239008 -0.3210081998392206
v 0.4255909278498109 -0.02700791932294132 -0.3282814068287303
v 0.4021562787149137 0.01363620092459428 -0.3337863940826215
v 0.3798305296131706 0.05560845833854764 -0.3376607367972633
v 0.3588344077750856 0.0987609701510819 -0.3399773095479692
v 0.3393148209454422 0.1428762948386054 -0.3407498147598065
v 0.3213976602311008 0.1876655232044014 -0.3399621855422772
v 0.3052020342148942 0.2328365066430421 -0.3376306244896185
v 0.2907810941869203 0.2781324142457211 -0.33374153791217
v 0.2780868759257727 0.323292037307518 -0.3282220257795819
v 0.2670289243543096 0.3680006958685456 -0.3209345074140043
v 0.2576216400043369 0.4118810036847456 -0.3118268880271343
v 0.2498288801094693 0.4545073463028375 -0.300735862435192
v 0.2765433458127408 0.5872372238204709 -0.2636932955682534
v 0.2317615263622692 0.5686989909289772 -0.2575646585660376
v 0.1856439832075733 0.5562727913952714 -0.2527099522209795
v 0.1390496054740183 0.54998311172114 -0.2494698394651067
v 0.09251644167700872 0.5497575553506311 -0.2478624128286593
v 0.04654840390156714 0.5555470924056659 -0.2478786754620187
v 0.001523661786747289 0.5673042340719477 -0.2495190002830237
v -0.04205795831920556 0.5849516568586995 -0.252793103975391
v -0.08365812385882301 0.6084265480591852 -0.2576841251515102
v -0.1224489239481632 0.6374928381866474 -0.2638518412658678
v -0.1435328953012399 0.5964453431854989 -0.2851564033714325
v -0.1669789296687811 0.5532105454625422 -0.3038870573786906
v -0.1929519842227999 0.5077318958771735 -0.3195524472186529
v -0.2210595732393795 0.4607024562292686 -0.3321838473049134
v -0.251229416208914 0.4127002633199919 -0.3419104828935303
v -0.2834242818329766 0.364217225620147 -0.3488462454429944
v -0.3174250880491765 0.315712498554377 -0.353015326926049
v -0.3529740299644319 0.26760950193419 -0.3544105871775003
v -0.3896900298025771 0.2203930894128213 -0.3529927863727724
v -0.4272089865523816 0.1745620528369593 -0.3488014946212536
v -0.4651933765313429 0.1304791562132241 -0.3418442217851351
v -0.5032607799906686 0.08847936358596775 -0.3320970403577863
v -0.5409480999626032 0.04873213093646073 -0.3194463264443256
v -0.5777183491647284 0.01146186224527283 -0.3037623763376414
v -0.6130107262054315 -0.0227657276025138 -0.2850148276988889
v -0.6468339326478796 -0.05412537925263774 -0.2636930925916435
v -0.608388421789519 -0.08363847707530625 -0.2575644142604012
v -0.574568220809434 -0.1173643633848785 -0.2527096588938835
v -0.5458239809057859 -0.1545714622214822 -0.24946949053769
v -0.5223620294985267 -0.1947576113798586 -0.247862002504663
v -0.5043918618795035 -0.2374618949229426 -0.2478781986599255
v -0.4920614366357478 -0.2823330637125592 -0.2495184524680493
v -0.4855537032269421 -0.3288995934435627 -0.2527924813494893
v -0.4850834309306248 -0.3766638677205028 -0.2576834246902927
v -0.4908601335935958 -0.4247908583807482 -0.2638510612699635
v -0.444769996036355 -0.4225264808794705 -0.2851556352422095
v -0.395604566052387 -0.421214052752362 -0.3038863001084628
v -0.3432323917895447 -0.4209681549825842 -0.3195516996361318
v -0.2884499250546728 -0.4217954152425031 -0.3321831080867837
v -0.2317939003758708 -0.423922255182598 -0.3419097502519754
v -0.1737089383806282 -0.4275623858238991 -0.3488455171627763
v -0.1147022202165465 -0.4327556538754052 -0.3530146006370176
v -0.05526934053478004 -0.4394905031749278 -0.3544098604405193
v 0.003979266274713874 -0.4476793367990349 -0.3529920567833985
v 0.06242958336359342 -0.4572562295044208 -0.3488007597737297
v 0.1195986860539821 -0.4681102587684811 -0.3418434793690434
v 0.1750052770725029 -0.4800777208341969 -0.3320962882444306
v 0.2282710545959139 -0.4928422891409107 -0.3194455629539791
v 0.2789331852733276 -0.5060511200965218 -0.3037616002840934
v 0.326221344954675 -0.5195014020339683 -0.2850140380901243
v 0.3702912139511945 -0.533113302217762 -0.2636922885934662
v 0.3766275079680644 -0.4850619376252217 -0.2575636897706864
v 0.3889248385970291 -0.4389098249456165 -0.2527090118714398
v 0.4067749687210815 -0.3954130285237109 -0.2494689176355299
v 0.4298461772878018 -0.3550013141088073 -0.2478614996158909
v 0.457844047482626 -0.3180865677101618 -0.2478777609535352
v 0.4905383682544199 -0.2849725496536828 -0.2495180745766965
v 0.5276122627377203 -0.2560534608074344 -0.2527921572066047
v 0.5687421676124927 -0.2317641047669256 -0.2576831474626711
v 0.6133096850324712 -0.2127034383273551 -0.2638508230377425
v 0.58830356949542 -0.1739204385955497 -0.2851554558404217
v 0.5625842184248516 -0.1319981725397013 -0.3038861845317801
v 0.5361851359720803 -0.08676550731993626 -0.3195516531643825
v 0.5095102882943426 -0.03890887723661358 -0.3321831349517014
v 0.4830241297174754 0.01122010184524672 -0.3419098541940581
v 0.4571340498413917 0.06334323184628204 -0.3488457015409223
v 0.4321281478087847 0.1170412039171569 -0.3530148681772058
v 0.408244213360747 0.1718790421236418 -0.3544102132013092
v 0.3857116030177324 0.2272842961059856 -0.3529924959301773
v 0.3647802327109855 0.2826922485554956 -0.3488012855949569
v 0.3455955034537209 0.3376292129014304 -0.3418440914062091
v 0.3282562927136432 0.3915965214746807 -0.3320969852430591
v 0.3126778050760253 0.4441083923613846 -0.319446342852082
v 0.2987858863008769 0.4945875787058974 -0.303762460064865
v 0.2867900590744807 0.5422655541240042 -0.2850149735202137
v 0.302401553544208 0.6728975130669346 -0.2303501981132899
v 0.2547547680505126 0.6462700425490308 -0.2225251403570425
v 0.2049429135514537 0.6280244371335043 -0.21632800785004
v 0.1541297554572082 0.6181073853924328 -0.2121682081781054
v 0.103147753148519 0.6163704230200718 -0.2100942594684548
v 0.05281800225534235 0.6227152765133968 -0.2101134632400169
v 0.003861116151326568 0.6370513583044891 -0.2122263469996845
v -0.0429038399212569 0.659270132384604 -0.2164266965082063
v -0.08663359331665059 0.6893089416552189 -0.2226669911504612
v -0.1261873768542443 0.7269314405621012 -0.2305389930993988
v -0.1511004331599597 0.6868821728570035 -0.2628070070971541
v -0.1801359489004653 0.6424326297066824 -0.2917128447949765
v -0.21259833828394 0.5937106102378241 -0.3163489444104999
v -0.2480847694141627 0.5415722800713045 -0.3366468517544596
v -0.2864056607570306 0.4867553273085001 -0.3526027434739866
v -0.3270988280453108 0.4299925064255556 -0.3641090141135828
v -0.3696755929066842 0.372019392060388 -0.3710877108304492
v -0.4135563770914545 0.3135698289867287 -0.3734361665853738
v -0.4579897241439321 0.2555419393779533 -0.3710579038232326
v -0.5023131532635523 0.1989034794672727 -0.3640500714919159
v -0.5459775105208378 0.1444106983960267 -0.3525162112496218
v -0.58840735431847 0.09273249347459822 -0.3365348306805969
v -0.629022781672621 0.04451214181210986 -0.3162142238029977
v -0.6671650886845956 0.0001303711895536357 -0.291558114178353
v -0.7021187262999683 -0.03979581890888233 -0.2626345509663689
v -0.733946970376111 -0.07456146904170827 -0.2303499463519081
v -0.6870634939366159 -0.1025110829338239 -0.2225248513135261
v -0.6463563847604942 -0.1365266355202064 -0.2163276705337594
v -0.6123613574903001 -0.1755736213566089 -0.2121678131911361
v -0.5853660686365741 -0.2188568770360484 -0.210093798659047
v -0.5656959592870231 -0.2656161756811817 -0.2101129296388835
v -0.5536328855404619 -0.3151821536067286 -0.2122257346794791
v -0.5494923857000468 -0.3667912110115009 -0.216426000731281
v -0.5536418340416854 -0.4196817231335793 -0.22266620835645
v -0.5664469336631097 -0.4727475818345571 -0.230538121467471
v -0.5193067450347041 -0.4742984425092598 -0.2628061412944857
v -0.4662945751259191 -0.4772193141569345 -0.2917119836277903
v -0.4078688941398806 -0.4809716976969392 -0.3163480874821648
v -0.3449725788806172 -0.4856348122029252 -0.3366459983719453
v -0.2783392763899211 -0.49141331866383 -0.3526018924803524
v -0.2088346625767099 -0.4982733298289394 -0.364108164253718
v -0.1373401027622804 -0.5061594240432774 -0.3710868607834338
v -0.06478091415277469 -0.5149365929724959 -0.3734353150865022
v 0.007689378531261764 -0.5244031158860781 -0.371057049732387
v 0.07890143355964065 -0.5344691449409044 -0.3640492136082362
v 0.1479257430865346 -0.5450372229371386 -0.3525153483664348
v 0.2138953042715258 -0.5559434509266095 -0.3365339617048719
v 0.2759630712940289 -0.5670072563036107 -0.3162133477860659
v 0.3334699720795549 -0.5778485479687032 -0.2915572306746815
v 0.385523894770278 -0.5881561413498192 -0.2626336598797961
v 0.4315459646505252 -0.5983373173604885 -0.2303490468191229
v 0.4323092550952592 -0.5437601896945277 -0.222524040945947
v 0.4414139856801031 -0.4914989974355382 -0.2163269470326775
v 0.4582321066111351 -0.4425349368629476 -0.2121671725457957
v 0.4822188151335766 -0.3975147073461878 -0.210093235707103
v 0.5128784567225655 -0.3571002622999322 -0.2101124380502661
v 0.5497722741045071 -0.3218703778444329 -0.2122253071021822
v 0.5923967403255047 -0.2924801177377538 -0.2164256286554459
v 0.6402759569026797 -0.269628449380611 -0.2226658820476692
v 0.6926348587822485 -0.2541851331005038 -0.2305378296351727
v 0.6704078031999996 -0.212585183092639 -0.2628059133798745
v 0.6464312177763751 -0.1652149280811885 -0.2917118287336278
v 0.6204679847642496 -0.1127406612566338 -0.3163480135824422
v 0.5930581489085579 -0.05593932878778123 -0.3366460122690622
v 0.5647457757078432 0.00465604223406867 -0.3526020002036958
v 0.5359343565478446 0.06827881067690431 -0.3641083706536574
v 0.5070165781920871 0.1341379806787343 -0.3710871694896422
v 0.4783381793528291 0.2013646996990664 -0.373435728372629
v 0.4503012280654454 0.2688591253673323 -0.3710575681492056
v 0.4234125854906074 0.3355636530702316 -0.3640498360710878
v 0.3980526057909297 0.4006245758942381 -0.352516072465393
v 0.3745128503962766 0.4632090971468139 -0.3365347837231214
v 0.3530604624010069 0.522493366514494 -0.3162142627101652
v 0.3336958099898126 0.5777165650963372 -0.2915582322501148
v 0.316595456127981 0.6279505084599896 -0.2626347403691948
v 0.3216975263485233 0.7513426909247611 -0.1871446417480909
v 0.2730485797900566 0.71445562759348 -0.178602407379649
v 0.2208604067932587 0.6887233011987071 -0.1718189448157213
v 0.1666749408321472 0.6740074667119145 -0.1671872944941015
v 0.1118694012649394 0.6701331677353605 -0.1648629049467108
v 0.05776150138188964 0.6769596811708332 -0.1648829134435932
v 0.005634244092667101 0.6943255411293756 -0.1672479699611274
v -0.04320160748912745 0.7220395008746738 -0.1719224436170724
v -0.0873688672505563 0.7599289672381851 -0.1787523428994547
v -0.1253398958331794 0.8077451691715859 -0.1873458988207755
v -0.1524874741746242 0.7723667907998124 -0.2325917465944879
v -0.1861094088554252 0.7299546711968514 -0.273964534150267
v -0.2251671576819525 0.6807148154125395 -0.310266465467155
v -0.2691627111141576 0.6253564752762077 -0.3410533313807084
v -0.3172325151741776 0.5646617030579756 -0.3657420591669619
v -0.3684204120871611 0.4995715243964639 -0.3838596043483943
v -0.421618195938767 0.431161618372598 -0.3949840652823725
v -0.4756000841312432 0.3606481264311318 -0.3987546694491586
v -0.5289298564640769 0.289643668650255 -0.3949486128480149
v -0.5804411075034336 0.2199692348991642 -0.3837898305114521
v -0.6292953156598446 0.1531332123358521 -0.3656407339371561
v -0.6747573087591953 0.09049236112251823 -0.3409242632638656
v -0.7161799928635739 0.03321992656306575 -0.310113665587914
v -0.7530441829189527 -0.01764163017911828 -0.2737925894518323
v -0.7848014028178179 -0.06142360404132648 -0.2324047500243242
v -0.8115304172090668 -0.09707304047632533 -0.1871443395046525
v -0.7552607980435875 -0.1207607600245402 -0.1786020764714435
v -0.7068818421657351 -0.1530909089159107 -0.1718185697448621
v -0.6670447938992921 -0.1926590115065624 -0.1671868619385199
v -0.6362867473480838 -0.2381848823906502 -0.1648624035775611
v -0.6151446903780411 -0.2884569861866803 -0.1648823338132251
v -0.6041202918563845 -0.3422834761003191 -0.1672473044772271
v -0.6037033098058043 -0.3984335737483218 -0.1719216866082521
v -0.6144328681967068 -0.4556283030616254 -0.178751490685093
v -0.6368573456986057 -0.5124203018302074 -0.1873449499841112
v -0.5926450055492087 -0.518241803119747 -0.2325907961014468
v -0.5391040873403019 -0.5261533865278224 -0.273963580245325
v -0.4769322678543118 -0.5353586456978942 -0.3102655075702093
v -0.4069927816503409 -0.5457809152902519 -0.3410523688836832
v -0.3303946826800941 -0.5570633586461843 -0.3657410918472796
v -0.2484310017716543 -0.5688484287615373 -0.3838586323375324
v -0.1625874071590896 -0.5807142277868781 -0.3949830891367196
v -0.0745299994048621 -0.5922072646982077 -0.3987536901695639
v 0.01362654162256828 -0.6028900435473247 -0.3949476317741437
v 0.09972199004436884 -0.6126629213028363 -0.3837888487625469
v 0.1820307837518455 -0.621553910222214 -0.3656397522807972
v 0.2590103481192713 -0.6296047126638954 -0.3409232821260517
v 0.329321076085968 -0.6368415519030414 -0.3101126851142631
v 0.3918005773763989 -0.643336032041135 -0.273791609464883
v 0.4455954982560712 -0.6489475120833275 -0.2324037704245924
v 0.489833335926787 -0.6542706849509337 -0.187143359067634
v 0.4822126430050185 -0.5936958548510379 -0.1786011934961422
v 0.4860218439916181 -0.5356333420666692 -0.1718177821601108
v 0.5003702506711858 -0.4813493793857806 -0.1671861654495018
v 0.5244177381590679 -0.4319491966757547 -0.1648617919374868
v 0.5573835811192965 -0.3885036064251385 -0.1648817988900547
v 0.598486445510989 -0.3520429895428887 -0.1672468363195459
v 0.6469053261584762 -0.3236068774789474 -0.1719212734233501
v 0.7018021605529468 -0.3043016522825658 -0.1787511187269535
v 0.7621976870737316 -0.2953259029498136 -0.1873446033779626
v 0.7451330328699122 -0.2541262733993624 -0.2325905136746264
v 0.7252141477354042 -0.2038027990897589 -0.2739633763750225
v 0.7021001634102869 -0.1453578848062124 -0.3102653949382724
v 0.6761563038570757 -0.07957744526227233 -0.3410523589548082
v 0.6476280676628561 -0.007600366163623245 -0.3657411942720329
v 0.616852326755698 0.06927478246187545 -0.3838588547080138
v 0.5842065424518254 0.1495504260160928 -0.3949834366690904
v 0.5501310318578487 0.2315569340246164 -0.3987541654344686
v 0.5153042541118193 0.3132441916928058 -0.3949482341182174
v 0.4807200301912731 0.3926915648822226 -0.3837895745754106
v 0.4472654014774187 0.4684186766890672 -0.365640595694305
v 0.4157477714278563 0.5391104669716402 -0.3409242352698445
v 0.3868596542909972 0.6036199110851814 -0.3101137383695435
v 0.3612442566764868 0.6609761487415776 -0.2737927517430709
v 0.3392064572665934 0.7103698314305453 -0.2324049893708452
v 0.3367959349356253 0.8210739121413188 -0.133967181455609
v 0.2887540731057751 0.7718994094578721 -0.1262838198736286
v 0.2349303861985957 0.7369245956077127 -0.1200614317732433
v 0.1775834850309723 0.71616522427107 -0.1157315385755478
v 0.1188616671596985 0.7095264383144945 -0.1135432723526416
v 0.06082333627290219 0.7168519255820588 -0.1135614634828472
v 0.00559110419566135 0.7378743762623111 -0.1157869247272375
v -0.04480262445635242 0.7722330072141795 -0.1201570647087357
v -0.08825402306046623 0.8194854838425968 -0.126424835892731
v -0.1225799093236039 0.8790551600530419 -0.134160289478986
v -0.1487057660091649 0.851766995359862 -0.1935669596865977
v -0.1846476270948157 0.8149250960003401 -0.2492980192219833
v -0.2296812433193377 0.7684600936150675 -0.3000303227344738
v -0.2827032893043405 0.7124757897728493 -0.3443558547658462
v -0.3422686593195088 0.6474404592326723 -0.3809170168074726
v -0.4064912769189502 0.5742234497739971 -0.4083725568393465
v -0.4731230028282269 0.4941921086097419 -0.4255109936434695
v -0.5396725919989959 0.4092772886843513 -0.4313679493604585
v -0.6034884588921872 0.3222932790566845 -0.4254739406736846
v -0.6625742093783543 0.2365561609738834 -0.4082999569791279
v -0.7157451155475042 0.1549852019698452 -0.3808127480293171
v -0.7622930211223256 0.08011260037805656 -0.3442249574534607
v -0.8018907753122608 0.01398733475464643 -0.2998779840357781
v -0.8344772322440016 -0.04187490113298676 -0.2491284305459058
v -0.8602499341712032 -0.08638370617668974 -0.1933845792100598
v -0.8794685729806881 -0.1188628050949432 -0.1339668316168493
v -0.8128612704387487 -0.135881065036429 -0.1262834540840744
v -0.7556603339105022 -0.1650063760586908 -0.120061028614005
v -0.7090087135833332 -0.2042906006417591 -0.115731079603352
v -0.6738984111643771 -0.2518258294628985 -0.1135427420608691
v -0.6512232597207093 -0.305751275527157 -0.113560849241993
v -0.6418130696891039 -0.3640950469458866 -0.1157862169774612
v -0.6463715975988209 -0.4249166368046288 -0.1201562569309874
v -0.665567685379014 -0.4861729085609929 -0.1264239247823185
v -0.6999935356916552 -0.5456848453036154 -0.1341592751808615
v -0.6632983880347196 -0.5546666592407486 -0.1935659372439323
v -0.6134214594433476 -0.5673725152839594 -0.2492969848970766
v -0.5506647997843335 -0.583140505997039 -0.3000292738157371
v -0.475669966647529 -0.6010670186999798 -0.3443547899019341
v -0.3895650508510736 -0.6201346865422924 -0.3809159361066658
v -0.2940459680349518 -0.6391447868355773 -0.4083714620647949
v -0.1914209453820511 -0.6568340408727565 -0.4255098882099881
v -0.08460777313284587 -0.672010387347615 -0.4313668381103066
v 0.02263051038402973 -0.6837846250776041 -0.4254728292326758
v 0.1264238981552345 -0.6920858647183896 -0.4082988504025997
v 0.2236518671182077 -0.6973477361497956 -0.380811650111897
v 0.3117673917536298 -0.700223059217038 -0.3442238704730327
v 0.3888324297738665 -0.7014530053298862 -0.299876908717297
v 0.4535037793451771 -0.7017424711081339 -0.2491273662259449
v 0.5049358968167168 -0.7018077379683386 -0.1933835239064536
v 0.5426729566440853 -0.7022118475927958 -0.1339657823478313
v 0.5241074976600231 -0.6360190424952541 -0.1262825094993766
v 0.5207302332410797 -0.5719188832262018 -0.1200601879938594
v 0.5314255037841129 -0.5118752633711706 -0.1157303388263011
v 0.5550370140320446 -0.4577012364965793 -0.1135420938426966
v 0.5904001935180452 -0.4111012777997966 -0.1135602833114671
v 0.6362222408557608 -0.3737799693625053 -0.115785720053498
v 0.6911745078099076 -0.347317034612053 -0.1201558129200254
v 0.7538220090993923 -0.333313274130129 -0.1264235147251735
v 0.8225737640705146 -0.3333710563569116 -0.1341588772225372
v 0.8120046143799706 -0.2971014061155468 -0.1935655965742233
v 0.7980696794143642 -0.2475539587838728 -0.2492967225781944
v 0.7803467566325927 -0.1853212461246463 -0.3000291098687796
v 0.7583740748974235 -0.1114106746034441 -0.3443547426231823
v 0.7318346160677944 -0.02730787832520756 -0.3809160213130791
v 0.70053821614774 0.06491907965640546 -0.4083716921663731
v 0.6645449601642219 0.1626395801183016 -0.4255102713363933
v 0.6242813910155979 0.2627307141408715 -0.4313673773726607
v 0.5808589603747258 0.3614889940780625 -0.4254735218977069
v 0.5361512822457479 0.4555274467350467 -0.408299688543901
v 0.4920941540806005 0.5423604291137821 -0.3808126220911981
v 0.450526448005563 0.6201085560228166 -0.3442249619120465
v 0.4130590587081387 0.6874640129007704 -0.2998781033897042
v 0.3809740453751999 0.7436159951010336 -0.2491286468099655
v 0.3553144972605402 0.7881903751472984 -0.1933848726548903
v 0.3510419907144635 0.8814681489018805 -0.07128188618446113
v 0.3047104696955832 0.8179077694323441 -0.06643277522037613
v 0.249278773894617 0.7717263804184361 -0.06231268260512575
v 0.1881222492431402 0.7435505894301357 -0.05939611995948074
v 0.1244662286395249 0.7335208659985227 -0.05791697450570086
v 0.06141635688679183 0.741477515049034 -0.05793069058672053
v 0.002246297178092426 0.7670081443544464 -0.0594384744861439
v -0.0499957390556022 0.8094949078111914 -0.06238799806696261
v -0.09222134398748819 0.8679997082672603 -0.06654863538070292
v -0.1213181375250845 0.9410766502617741 -0.07144969655743845
v -0.1417174329636316 0.924409064609501 -0.145439085971598
v -0.1765386077801574 0.8963257938327269 -0.2168527013288004
v -0.2253656722330543 0.8561189456341308 -0.284135582256282
v -0.2871108213639417 0.8028944263373435 -0.3451655187726168
v -0.3597484456184821 0.7359672856600949 -0.3973398844393705
v -0.4401297007644686 0.655369689641955 -0.4377482380006796
v -0.5240075129504773 0.562387045952446 -0.4635135656883831
v -0.606476492548553 0.4599940503162928 -0.4723847775898741
v -0.6828437024975084 0.3529775819382989 -0.4634825344440525
v -0.7497648458787755 0.247148320186564 -0.4376875430524217
v -0.80570001757177 0.1480316246268138 -0.3972528591074412
v -0.8505581601882627 0.06006257363561601 -0.3450561697835954
v -0.8851579011750121 -0.01371938391697577 -0.2840074046375953
v -0.9107047363392483 -0.07154889341458585 -0.2167085473398611
v -0.9283520714854239 -0.1126199305556767 -0.1452810136269858
v -0.9388944883420027 -0.1367222107386933 -0.07128149667088012
v -0.8606838332762698 -0.1450663520673197 -0.06643238596490311
v -0.7929737207001843 -0.1699809679505072 -0.06231226471313975
v -0.7379944837134056 -0.2088562258316339 -0.05939564839871588
v -0.6974804411297115 -0.2589691388298254 -0.05791642837870069
v -0.6728461175863966 -0.3175502903588889 -0.05793005326314868
v -0.6653712050206989 -0.3815584069347612 -0.05943773407009331
v -0.6760447411743756 -0.4480447351918251 -0.06238714729751594
v -0.7055985166100713 -0.5138655847150773 -0.06654767199548307
v -0.754336542042274 -0.5756026048430022 -0.07144862381643957
v -0.7297023690366032 -0.5849354001370742 -0.1454380023750182
v -0.6879709797749783 -0.6010500751445992 -0.2168515988450937
v -0.6287373165325737 -0.6232324208707094 -0.2841344540906457
v -0.5517709744154969 -0.6500933163109545 -0.3451643604370213
v -0.4574915746210885 -0.6795360471350753 -0.3973386947916313
v -0.3475013967980048 -0.7088497051190398 -0.437747020036889
v -0.2250371744204613 -0.7349989066468765 -0.4635123267826143
v -0.09512776480304298 -0.7552227945270854 -0.4723835287287309
v 0.03573480487802766 -0.7678505962772301 -0.463481288189029
v 0.1608461914423953 -0.7728914023931774 -0.4376863107616235
v 0.2746513422792417 -0.7717742987257977 -0.3972516488225988
v 0.3732638398554651 -0.7666379733233957 -0.3450549853680143
v 0.4544607593407519 -0.7597111113132275 -0.284006245924185
v 0.5173160076191389 -0.7529203885779967 -0.2167074108537583
v 0.5617082505217439 -0.7476677035330084 -0.1452798935843691
v 0.587852667148574 -0.7447463321953636 -0.07128038603172089
v 0.5559735215701139 -0.6728417845921068 -0.06643138696522226
v 0.5436950949967451 -0.6017457569197158 -0.06231137951087859
v 0.5498723757251556 -0.5346946919277781 -0.05939487366894034
v 0.5730143502270758 -0.4745520473211086 -0.05791575586075204
v 0.611429898468704 -0.4239275449178301 -0.05792947013923413
v 0.6631250491970105 -0.3854500659814333 -0.05943722288047264
v 0.7260406285983332 -0.3614505174846857 -0.06238668641510067
v 0.7978200188599994 -0.3541344914157721 -0.06654723577766139
v 0.8756548494845345 -0.3654744403734325 -0.07144818290545302
v 0.871420147877817 -0.339474468426188 -0.1454376031235164
v 0.8645101032682706 -0.2952769174028008 -0.2168512704624211
v 0.8541036644916759 -0.2328880954054026 -0.2841342256306369
v 0.8388826166488047 -0.1528030180309858 -0.3451642599128225
v 0.8172409651927602 -0.05643343494078359 -0.3973387476294504
v 0.7876321386178046 0.05347759568994345 -0.4377472469147919
v 0.7490457897038373 0.1726092984793827 -0.4635127411518312
v 0.7016053807832575 0.2952261329551615 -0.4723841347065301
v 0.6471099998794196 0.41487045229117 -0.4634820796773401
v 0.5889196953490005 0.5257406627471218 -0.4376872727936204
v 0.5310496200410598 0.6237404781538222 -0.3972527604604913
v 0.4772951409449913 0.7065734922758233 -0.3450562226003676
v 0.4306978172588243 0.7734289252847601 -0.2840075839559052
v 0.3933892440940688 0.8244680840635725 -0.2167088255306797
v 0.3666441664691599 0.8602868309991685 -0.1452813619503838
f 150 79 149
f 78 79 151
f 151 79 150
f 80 149 79
f 76 81 82
f 76 82 90
f 83 90 82
f 84 89 83
f 85 87 84
f 86 87 85
f 88 84 87
f 89 84 88
f 90 83 89
f 76 90 91
f 76 91 92
f 76 92 93
f 76 93 94
f 76 94 95
f 76 95 96
f 76 96 97
f 76 97 98
f 76 98 106
f 99 105 98
f 100 104 99
f 101 104 100
f 102 103 101
f 103 104 101
f 105 99 104
f 106 98 105
f 76 106 107
f 76 107 115
f 108 115 107
f 109 114 108
f 110 112 109
f 111 112 110
f 113 109 112
f 114 109 113
f 115 108 114
f 76 115 116
f 76 116 117
f 76 117 118
f 76 118 119
f 76 119 120
f 76 120 121
f 76 121 122
f 76 122 123
f 76 123 131
f 124 130 123
f 125 129 124
f 126 129 125
f 127 128 126
f 128 129 126
f 130 124 129
f 131 123 130
f 76 131 132
f 76 132 140
f 133 140 132
f 134 139 133
f 135 137 134
f 136 137 135
f 138 134 137
f 139 134 138
f 140 133 139
f 76 140 141
f 76 141 142
f 76 142 143
f 76 143 144
f 76 144 145
f 76 145 146
f 76 146 147
f 76 147 148
f 76 148 81
f 81 148 80
f 149 80 148
f 77 78 151
f 226 154 225
f 155 156 77
f 153 154 226
f 79 78 156
f 155 224 154
f 80 79 156
f 78 77 156
f 80 156 81
f 81 156 157
f 81 157 82
f 82 157 83
f 83 157 84
f 84 157 85
f 85 157 86
f 158 86 157
f 158 159 164
f 163 164 159
f 160 162 159
f 161 162 160
f 164 165 86
f 162 163 159
f 87 86 166
f 86 158 164
f 88 87 167
f 165 166 86
f 90 89 167
f 166 167 87
f 91 90 168
f 89 88 167
f 92 91 168
f 167 168 90
f 92 168 93
f 93 168 169
f 93 169 94
f 94 169 95
f 170 95 169
f 95 170 96
f 96 170 97
f 97 170 98
f 171 98 170
f 98 171 99
f 99 171 100
f 100 171 101
f 172 101 171
f 101 172 102
f 173 102 172
f 174 102 173
f 179 180 174
f 175 179 174
f 178 179 176
f 177 178 176
f 180 181 102
f 175 176 179
f 104 103 181
f 102 174 180
f 105 104 181
f 103 102 181
f 105 181 106
f 106 181 182
f 106 182 107
f 107 182 108
f 108 182 109
f 109 182 110
f 110 182 111
f 183 111 182
f 183 184 189
f 188 189 184
f 185 187 184
f 186 187 185
f 189 190 111
f 187 188 184
f 112 111 191
f 111 183 189
f 113 112 192
f 190 191 111
f 115 114 192
f 191 192 112
f 116 115 193
f 114 113 192
f 117 116 193
f 192 193 115
f 117 193 118
f 118 193 194
f 118 194 119
f 119 194 120
f 195 120 194
f 120 195 121
f 121 195 122
f 122 195 123
f 196 123 195
f 123 196 124
f 124 196 125
f 125 196 126
f 197 126 196
f 126 197 127
f 198 127 197
f 199 127 198
f 204 205 199
f 200 204 199
f 203 204 201
f 202 203 201
f 205 206 127
f 200 201 204
f 129 128 206
f 127 199 205
f 130 129 206
f 128 127 206
f 130 206 131
f 131 206 207
f 131 207 132
f 132 207 133
f 133 207 134
f 134 207 135
f 135 207 136
f 208 136 207
f 208 209 214
f 213 214 209
f 210 212 209
f 211 212 210
f 214 215 136
f 212 213 209
f 137 136 216
f 136 208 214
f 138 137 217
f 215 216 136
f 140 139 217
f 216 217 137
f 141 140 218
f 139 138 217
f 142 141 218
f 217 218 140
f 142 218 143
f 143 218 219
f 143 219 144
f 144 219 145
f 220 145 219
f 145 220 146
f 146 220 147
f 147 220 148
f 221 148 220
f 148 221 149
f 149 221 150
f 150 221 151
f 222 151 221
f 151 222 77
f 223 77 222
f 224 77 223
f 77 224 155
f 225 154 224
f 152 153 226
f 301 229 300
f 153 152 230
f 228 229 301
f 154 153 230
f 229 230 152
f 155 154 231
f 230 231 154
f 155 231 156
f 156 231 232
f 156 232 157
f 157 232 158
f 158 232 159
f 233 159 232
f 159 233 160
f 160 233 161
f 234 161 233
f 161 234 238
f 235 237 234
f 236 237 235
f 239 240 161
f 237 238 234
f 163 162 240
f 238 239 161
f 164 163 241
f 162 161 240
f 165 164 241
f 240 241 163
f 166 165 242
f 241 242 165
f 167 166 243
f 242 243 166
f 167 243 168
f 168 243 244
f 168 244 169
f 169 244 170
f 245 170 244
f 170 245 171
f 171 245 172
f 246 172 245
f 172 246 173
f 247 173 246
f 173 247 174
f 174 247 175
f 248 175 247
f 175 248 176
f 176 248 177
f 249 177 248
f 250 177 249
f 177 250 254
f 253 254 251
f 252 253 251
f 178 177 255
f 250 251 254
f 179 178 255
f 254 255 177
f 180 179 256
f 255 256 179
f 180 256 181
f 181 256 257
f 181 257 182
f 182 257 183
f 183 257 184
f 258 184 257
f 184 258 185
f 185 258 186
f 259 186 258
f 186 259 263
f 260 262 259
f 261 262 260
f 264 265 186
f 262 263 259
f 188 187 265
f 263 264 186
f 189 188 266
f 187 186 265
f 190 189 266
f 265 266 188
f 191 190 267
f 266 267 190
f 192 191 268
f 267 268 191
f 192 268 193
f 193 268 269
f 193 269 194
f 194 269 195
f 270 195 269
f 195 270 196
f 196 270 197
f 271 197 270
f 197 271 198
f 272 198 271
f 198 272 199
f 199 272 200
f 273 200 272
f 200 273 201
f 201 273 202
f 274 202 273
f 275 202 274
f 202 275 279
f 278 279 276
f 277 278 276
f 203 202 280
f 275 276 279
f 204 203 280
f 279 280 202
f 205 204 281
f 280 281 204
f 205 281 206
f 206 281 282
f 206 282 207
f 207 282 208
f 208 282 209
f 283 209 282
f 209 283 210
f 210 283 211
f 284 211 283
f 211 284 288
f 285 287 284
f 286 287 285
f 289 290 211
f 287 288 284
f 213 212 290
f 288 289 211
f 214 213 291
f 212 211 290
f 215 214 291
f 290 291 213
f 216 215 292
f 291 292 215
f 217 216 293
f 292 293 216
f 217 293 218
f 218 293 294
f 218 294 219
f 219 294 220
f 295 220 294
f 220 295 221
f 221 295 222
f 296 222 295
f 222 296 223
f 297 223 296
f 223 297 224
f 224 297 225
f 298 225 297
f 225 298 226
f 226 298 152
f 299 152 298
f 300 152 299
f 152 300 229
f 227 228 301
f 227 376 303
f 228 227 304
f 303 304 227
f 229 228 305
f 304 305 228
f 229 305 230
f 230 305 306
f 230 306 231
f 231 306 307
f 231 307 232
f 232 307 233
f 308 233 307
f 233 308 234
f 234 308 235
f 309 235 308
f 235 309 236
f 310 236 309
f 236 310 312
f 311 312 310
f 237 236 314
f 312 313 236
f 238 237 315
f 313 314 236
f 239 238 315
f 314 315 237
f 240 239 316
f 315 316 239
f 241 240 317
f 316 317 240
f 241 317 242
f 242 317 318
f 242 318 243
f 243 318 319
f 243 319 244
f 244 319 245
f 320 245 319
f 245 320 246
f 321 246 320
f 246 321 247
f 247 321 248
f 322 248 321
f 248 322 249
f 323 249 322
f 249 323 250
f 250 323 251
f 324 251 323
f 251 324 252
f 325 252 324
f 326 252 325
f 252 326 328
f 327 328 326
f 253 252 329
f 328 329 252
f 254 253 330
f 329 330 253
f 254 330 255
f 255 330 331
f 255 331 256
f 256 331 332
f 256 332 257
f 257 332 258
f 333 258 332
f 258 333 259
f 259 333 260
f 334 260 333
f 260 334 261
f 335 261 334
f 261 335 337
f 336 337 335
f 262 261 339
f 337 338 261
f 263 262 340
f 338 339 261
f 264 263 340
f 339 340 262
f 265 264 341
f 340 341 264
f 266 265 342
f 341 342 265
f 266 342 267
f 267 342 343
f 267 343 268
f 268 343 344
f 268 344 269
f 269 344 270
f 345 270 344
f 270 345 271
f 346 271 345
f 271 346 272
f 272 346 273
f 347 273 346
f 273 347 274
f 348 274 347
f 274 348 275
f 275 348 276
f 349 276 348
f 276 349 277
f 350 277 349
f 351 277 350
f 277 351 353
f 352 353 351
f 278 277 354
f 353 354 277
f 279 278 355
f 354 355 278
f 279 355 280
f 280 355 356
f 280 356 281
f 281 356 357
f 281 357 282
f 282 357 283
f 358 283 357
f 283 358 284
f 284 358 285
f 359 285 358
f 285 359 286
f 360 286 359
f 286 360 362
f 361 362 360
f 287 286 364
f 362 363 286
f 288 287 365
f 363 364 286
f 289 288 365
f 364 365 287
f 290 289 366
f 365 366 289
f 291 290 367
f 366 367 290
f 291 367 292
f 292 367 368
f 292 368 293
f 293 368 369
f 293 369 294
f 294 369 295
f 370 295 369
f 295 370 296
f 371 296 370
f 296 371 297
f 297 371 298
f 372 298 371
f 298 372 299
f 373 299 372
f 299 373 300
f 300 373 301
f 374 301 373
f 301 374 227
f 375 227 374
f 376 227 375
f 302 303 376
f 302 451 378
f 303 302 379
f 378 379 302
f 303 379 304
f 304 379 380
f 304 380 305
f 305 380 381
f 305 381 306
f 306 381 382
f 306 382 307
f 307 382 308
f 383 308 382
f 308 383 309
f 384 309 383
f 309 384 310
f 310 384 311
f 385 311 384
f 311 385 387
f 386 387 385
f 312 311 388
f 387 388 311
f 313 312 389
f 388 389 312
f 314 313 390
f 389 390 313
f 315 314 391
f 390 391 314
f 315 391 316
f 316 391 392
f 316 392 317
f 317 392 393
f 317 393 318
f 318 393 394
f 318 394 319
f 319 394 320
f 395 320 394
f 320 395 321
f 396 321 395
f 321 396 322
f 397 322 396
f 322 397 323
f 323 397 324
f 398 324 397
f 324 398 325
f 399 325 398
f 325 399 326
f 400 326 399
f 326 400 327
f 401 327 400
f 327 401 403
f 402 403 401
f 328 327 404
f 403 404 327
f 328 404 329
f 329 404 405
f 329 405 330
f 330 405 406
f 330 406 331
f 331 406 407
f 331 407 332
f 332 407 333
f 408 333 407
f 333 408 334
f 409 334 408
f 334 409 335
f 335 409 336
f 410 336 409
f 336 410 412
f 411 412 410
f 337 336 413
f 412 413 336
f 338 337 414
f 413 414 337
f 339 338 415
f 414 415 338
f 340 339 416
f 415 416 339
f 340 416 341
f 341 416 417
f 341 417 342
f 342 417 418
f 342 418 343
f 343 418 419
f 343 419 344
f 344 419 345
f 420 345 419
f 345 420 346
f 421 346 420
f 346 421 347
f 422 347 421
f 347 422 348
f 348 422 349
f 423 349 422
f 349 423 350
f 424 350 423
f 350 424 351
f 425 351 424
f 351 425 352
f 426 352 425
f 352 426 428
f 427 428 426
f 353 352 429
f 428 429 352
f 353 429 354
f 354 429 430
f 354 430 355
f 355 430 431
f 355 431 356
f 356 431 432
f 356 432 357
f 357 432 358
f 433 358 432
f 358 433 359
f 434 359 433
f 359 434 360
f 360 434 361
f 435 361 434
f 361 435 437
f 436 437 435
f 362 361 438
f 437 438 361
f 363 362 439
f 438 439 362
f 364 363 440
f 439 440 363
f 365 364 441
f 440 441 364
f 365 441 366
f 366 441 442
f 366 442 367
f 367 442 443
f 367 443 368
f 368 443 444
f 368 444 369
f 369 444 370
f 445 370 444
f 370 445 371
f 446 371 445
f 371 446 372
f 447 372 446
f 372 447 373
f 373 447 374
f 448 374 447
f 374 448 375
f 449 375 448
f 375 449 376
f 450 376 449
f 376 450 302
f 451 302 450
f 377 378 451
f 377 526 453
f 378 377 454
f 453 454 377
f 378 454 379
f 379 454 455
f 379 455 380
f 380 455 456
f 380 456 381
f 381 456 457
f 381 457 382
f 382 457 383
f 458 383 457
f 383 458 384
f 459 384 458
f 384 459 385
f 385 459 386
f 460 386 459
f 386 460 462
f 461 462 460
f 387 386 463
f 462 463 386
f 388 387 464
f 463 464 387
f 389 388 465
f 464 465 388
f 389 465 390
f 390 465 466
f 390 466 391
f 391 466 467
f 391 467 392
f 392 467 468
f 392 468 393
f 393 468 469
f 393 469 394
f 394 469 395
f 470 395 469
f 395 470 396
f 471 396 470
f 396 471 397
f 472 397 471
f 397 472 398
f 473 398 472
f 398 473 399
f 399 473 400
f 474 400 473
f 400 474 401
f 475 401 474
f 401 475 402
f 476 402 475
f 402 476 478
f 477 478 476
f 403 402 479
f 478 479 402
f 403 479 404
f 404 479 480
f 404 480 405
f 405 480 481
f 405 481 406
f 406 481 482
f 406 482 407
f 407 482 408
f 483 408 482
f 408 483 409
f 484 409 483
f 409 484 410
f 410 484 411
f 485 411 484
f 411 485 487
f 486 487 485
f 412 411 488
f 487 488 411
f 413 412 489
f 488 489 412
f 414 413 490
f 489 490 413
f 414 490 415
f 415 490 491
f 415 491 416
f 416 491 492
f 416 492 417
f 417 492 493
f 417 493 418
f 418 493 494
f 418 494 419
f 419 494 420
f 495 420 494
f 420 495 421
f 496 421 495
f 421 496 422
f 497 422 496
f 422 497 423
f 498 423 497
f 423 498 424
f 424 498 425
f 499 425 498
f 425 499 426
f 500 426 499
f 426 500 427
f 501 427 500
f 427 501 503
f 502 503 501
f 428 427 504
f 503 504 427
f 428 504 429
f 429 504 505
f 429 505 430
f 430 505 506
f 430 506 431
f 431 506 507
f 431 507 432
f 432 507 433
f 508 433 507
f 433 508 434
f 509 434 508
f 434 509 435
f 435 509 436
f 510 436 509
f 436 510 512
f 511 512 510
f 437 436 513
f 512 513 436
f 438 437 514
f 513 514 437
f 439 438 515
f 514 515 438
f 439 515 440
f 440 515 516
f 440 516 441
f 441 516 517
f 441 517 442
f 442 517 518
f 442 518 443
f 443 518 519
f 443 519 444
f 444 519 445
f 520 445 519
f 445 520 446
f 521 446 520
f 446 521 447
f 522 447 521
f 447 522 448
f 523 448 522
f 448 523 449
f 449 523 450
f 524 450 523
f 450 524 451
f 525 451 524
f 451 525 377
f 526 377 525
f 452 453 526
f 452 601 528
f 452 528 453
f 453 528 529
f 453 529 454
f 454 529 530
f 454 530 455
f 455 530 531
f 455 531 456
f 456 531 532
f 456 532 457
f 457 532 458
f 533 458 532
f 458 533 459
f 534 459 533
f 459 534 460
f 535 460 534
f 460 535 461
f 461 535 537
f 536 537 535
f 462 461 538
f 537 538 461
f 463 462 539
f 538 539 462
f 464 463 540
f 539 540 463
f 464 540 465
f 465 540 541
f 465 541 466
f 466 541 542
f 466 542 467
f 467 542 543
f 467 543 468
f 468 543 544
f 468 544 469
f 469 544 470
f 545 470 544
f 470 545 471
f 546 471 545
f 471 546 472
f 547 472 546
f 472 547 473
f 548 473 547
f 473 548 474
f 474 548 475
f 549 475 548
f 475 549 476
f 550 476 549
f 476 550 477
f 551 477 550
f 477 551 553
f 552 553 551
f 477 553 478
f 478 553 554
f 478 554 479
f 479 554 555
f 479 555 480
f 480 555 556
f 480 556 481
f 481 556 557
f 481 557 482
f 482 557 483
f 558 483 557
f 483 558 484
f 559 484 558
f 484 559 485
f 560 485 559
f 485 560 486
f 486 560 562
f 561 562 560
f 487 486 563
f 562 563 486
f 488 487 564
f 563 564 487
f 489 488 565
f 564 565 488
f 489 565 490
f 490 565 566
f 490 566 491
f 491 566 567
f 491 567 492
f 492 567 568
f 492 568 493
f 493 568 569
f 493 569 494
f 494 569 495
f 570 495 569
f 495 570 496
f 571 496 570
f 496 571 497
f 572 497 571
f 497 572 498
f 573 498 572
f 498 573 499
f 499 573 500
f 574 500 573
f 500 574 501
f 575 501 574
f 501 575 502
f 576 502 575
f 502 576 578
f 577 578 576
f 502 578 503
f 503 578 579
f 503 579 504
f 504 579 580
f 504 580 505
f 505 580 581
f 505 581 506
f 506 581 582
f 506 582 507
f 507 582 508
f 583 508 582
f 508 583 509
f 584 509 583
f 509 584 510
f 585 510 584
f 510 585 511
f 511 585 587
f 586 587 585
f 512 511 588
f 587 588 511
f 513 512 589
f 588 589 512
f 514 513 590
f 589 590 513
f 514 590 515
f 515 590 591
f 515 591 516
f 516 591 592
f 516 592 517
f 517 592 593
f 517 593 518
f 518 593 594
f 518 594 519
f 519 594 520
f 595 520 594
f 520 595 521
f 596 521 595
f 521 596 522
f 597 522 596
f 522 597 523
f 598 523 597
f 523 598 524
f 524 598 525
f 599 525 598
f 525 599 526
f 600 526 599
f 526 600 452
f 601 452 600
f 527 528 601
f 527 676 603
f 527 603 528
f 528 603 604
f 528 604 529
f 529 604 605
f 529 605 530
f 530 605 606
f 530 606 531
f 531 606 607
f 531 607 532
f 532 607 533
f 608 533 607
f 533 608 534
f 609 534 608
f 534 609 535
f 610 535 609
f 535 610 536
f 536 610 612
f 611 612 610
f 537 536 613
f 612 613 536
f 538 537 614
f 613 614 537
f 538 614 539
f 539 614 615
f 539 615 540
f 540 615 616
f 540 616 541
f 541 616 617
f 541 617 542
f 542 617 618
f 542 618 543
f 543 618 619
f 543 619 544
f 544 619 545
f 620 545 619
f 545 620 546
f 621 546 620
f 546 621 547
f 622 547 621
f 547 622 548
f 623 548 622
f 548 623 549
f 624 549 623
f 549 624 550
f 550 624 551
f 625 551 624
f 551 625 552
f 626 552 625
f 552 626 628
f 627 628 626
f 552 628 553
f 553 628 629
f 553 629 554
f 554 629 630
f 554 630 555
f 555 630 631
f 555 631 556
f 556 631 632
f 556 632 557
f 557 632 558
f 633 558 632
f 558 633 559
f 634 559 633
f 559 634 560
f 635 560 634
f 560 635 561
f 561 635 637
f 636 637 635
f 562 561 638
f 637 638 561
f 563 562 639
f 638 639 562
f 563 639 564
f 564 639 640
f 564 640 565
f 565 640 641
f 565 641 566
f 566 641 642
f 566 642 567
f 567 642 643
f 567 643 568
f 568 643 644
f 568 644 569
f 569 644 570
f 645 570 644
f 570 645 571
f 646 571 645
f 571 646 572
f 647 572 646
f 572 647 573
f 648 573 647
f 573 648 574
f 649 574 648
f 574 649 575
f 575 649 576
f 650 576 649
f 576 650 577
f 651 577 650
f 577 651 653
f 652 653 651
f 577 653 578
f 578 653 654
f 578 654 579
f 579 654 655
f 579 655 580
f 580 655 656
f 580 656 581
f 581 656 657
f 581 657 582
f 582 657 583
f 658 583 657
f 583 658 584
f 659 584 658
f 584 659 585
f 660 585 659
f 585 660 586
f 586 660 662
f 661 662 660
f 587 586 663
f 662 663 586
f 588 587 664
f 663 664 587
f 588 664 589
f 589 664 665
f 589 665 590
f 590 665 666
f 590 666 591
f 591 666 667
f 591 667 592
f 592 667 668
f 592 668 593
f 593 668 669
f 593 669 594
f 594 669 595
f 670 595 669
f 595 670 596
f 671 596 670
f 596 671 597
f 672 597 671
f 597 672 598
f 673 598 672
f 598 673 599
f 674 599 673
f 599 674 600
f 600 674 601
f 675 601 674
f 601 675 527
f 676 527 675
f 602 603 676
f 602 677 678
f 602 678 603
f 603 678 679
f 603 679 604
f 604 679 680
f 604 680 605
f 605 680 681
f 605 681 606
f 606 681 682
f 606 682 607
f 607 682 608
f 683 608 682
f 608 683 609
f 684 609 683
f 609 684 610
f 685 610 684
f 610 685 611
f 686 611 685
f 611 686 687
f 612 611 688
f 687 688 611
f 612 688 613
f 613 688 689
f 613 689 614
f 614 689 690
f 614 690 615
f 615 690 691
f 615 691 616
f 616 691 692
f 616 692 617
f 617 692 693
f 617 693 618
f 618 693 694
f 618 694 619
f 619 694 620
f 695 620 694
f 620 695 621
f 696 621 695
f 621 696 622
f 697 622 696
f 622 697 623
f 698 623 697
f 623 698 624
f 699 624 698
f 624 699 625
f 700 625 699
f 625 700 626
f 626 700 627
f 701 627 700
f 702 627 701
f 627 702 703
f 627 703 628
f 628 703 704
f 628 704 629
f 629 704 705
f 629 705 630
f 630 705 706
f 630 706 631
f 631 706 707
f 631 707 632
f 632 707 633
f 708 633 707
f 633 708 634
f 709 634 708
f 634 709 635
f 710 635 709
f 635 710 636
f 711 636 710
f 636 711 712
f 637 636 713
f 712 713 636
f 637 713 638
f 638 713 714
f 638 714 639
f 639 714 715
f 639 715 640
f 640 715 716
f 640 716 641
f 641 716 717
f 641 717 642
f 642 717 718
f 642 718 643
f 643 718 719
f 643 719 644
f 644 719 645
f 720 645 719
f 645 720 646
f 721 646 720
f 646 721 647
f 722 647 721
f 647 722 648
f 723 648 722
f 648 723 649
f 724 649 723
f 649 724 650
f 725 650 724
f 650 725 651
f 651 725 652
f 726 652 725
f 727 652 726
f 652 727 728
f 652 728 653
f 653 728 729
f 653 729 654
f 654 729 730
f 654 730 655
f 655 730 731
f 655 731 656
f 656 731 732
f 656 732 657
f 657 732 658
f 733 658 732
f 658 733 659
f 734 659 733
f 659 734 660
f 735 660 734
f 660 735 661
f 736 661 735
f 661 736 737
f 662 661 738
f 737 738 661
f 662 738 663
f 663 738 739
f 663 739 664
f 664 739 740
f 664 740 665
f 665 740 741
f 665 741 666
f 666 741 742
f 666 742 667
f 667 742 743
f 667 743 668
f 668 743 744
f 668 744 669
f 669 744 670
f 745 670 744
f 670 745 671
f 746 671 745
f 671 746 672
f 747 672 746
f 672 747 673
f 748 673 747
f 673 748 674
f 749 674 748
f 674 749 675
f 750 675 749
f 675 750 676
f 676 750 602
f 751 602 750
f 677 602 751
f 677 752 753
f 677 753 678
f 678 753 754
f 678 754 679
f 679 754 755
f 679 755 680
f 680 755 756
f 680 756 681
f 681 756 757
f 681 757 682
f 682 757 683
f 758 683 757
f 683 758 684
f 759 684 758
f 684 759 685
f 760 685 759
f 685 760 686
f 761 686 760
f 686 761 762
f 686 762 687
f 687 762 763
f 687 763 688
f 688 763 764
f 688 764 689
f 689 764 765
f 689 765 690
f 690 765 766
f 690 766 691
f 691 766 767
f 691 767 692
f 692 767 768
f 692 768 693
f 693 768 769
f 693 769 694
f 694 769 695
f 770 695 769
f 695 770 696
f 771 696 770
f 696 771 697
f 772 697 771
f 697 772 698
f 773 698 772
f 698 773 699
f 774 699 773
f 699 774 700
f 775 700 774
f 700 775 701
f 776 701 775
f 701 776 702
f 777 702 776
f 702 777 778
f 702 778 703
f 703 778 779
f 703 779 704
f 704 779 780
f 704 780 705
f 705 780 781
f 705 781 706
f 706 781 782
f 706 782 707
f 707 782 708
f 783 708 782
f 708 783 709
f 784 709 783
f 709 784 710
f 785 710 784
f 710 785 711
f 786 711 785
f 711 786 787
f 711 787 712
f 712 787 788
f 712 788 713
f 713 788 789
f 713 789 714
f 714 789 790
f 714 790 715
f 715 790 791
f 715 791 716
f 716 791 792
f 716 792 717
f 717 792 793
f 717 793 718
f 718 793 794
f 718 794 719
f 719 794 720
f 795 720 794
f 720 795 721
f 796 721 795
f 721 796 722
f 797 722 796
f 722 797 723
f 798 723 797
f 723 798 724
f 799 724 798
f 724 799 725
f 800 725 799
f 725 800 726
f 801 726 800
f 726 801 727
f 802 727 801
f 727 802 803
f 727 803 728
f 728 803 804
f 728 804 729
f 729 804 805
f 729 805 730
f 730 805 806
f 730 806 731
f 731 806 807
f 731 807 732
f 732 807 733
f 808 733 807
f 733 808 734
f 809 734 808
f 734 809 735
f 810 735 809
f 735 810 736
f 811 736 810
f 736 811 812
f 736 812 737
f 737 812 813
f 737 813 738
f 738 813 814
f 738 814 739
f 739 814 815
f 739 815 740
f 740 815 816
f 740 816 741
f 741 816 817
f 741 817 742
f 742 817 818
f 742 818 743
f 743 818 819
f 743 819 744
f 744 819 745
f 820 745 819
f 745 820 746
f 821 746 820
f 746 821 747
f 822 747 821
f 747 822 748
f 823 748 822
f 748 823 749
f 824 749 823
f 749 824 750
f 825 750 824
f 750 825 751
f 826 751 825
f 751 826 677
f 752 677 826
f 752 1 2
f 752 2 753
f 753 2 3
f 753 3 754
f 754 3 4
f 754 4 755
f 755 4 5
f 755 5 756
f 756 5 6
f 756 6 757
f 7 758 6
f 757 6 758
f 8 759 7
f 758 7 759
f 9 760 8
f 759 8 760
f 10 761 9
f 760 9 761
f 761 10 11
f 761 11 762
f 762 11 12
f 762 12 763
f 763 12 13
f 763 13 764
f 764 13 14
f 764 14 765
f 765 14 15
f 765 15 766
f 766 15 16
f 766 16 767
f 767 16 17
f 767 17 768
f 768 17 18
f 768 18 769
f 19 770 18
f 769 18 770
f 20 771 19
f 770 19 771
f 21 772 20
f 771 20 772
f 22 773 21
f 772 21 773
f 23 774 22
f 773 22 774
f 24 775 23
f 774 23 775
f 25 776 24
f 775 24 776
f 26 777 25
f 776 25 777
f 777 26 27
f 777 27 778
f 778 27 28
f 778 28 779
f 779 28 29
f 779 29 780
f 780 29 30
f 780 30 781
f 781 30 31
f 781 31 782
f 32 783 31
f 782 31 783
f 33 784 32
f 783 32 784
f 34 785 33
f 784 33 785
f 35 786 34
f 785 34 786
f 786 35 36
f 786 36 787
f 787 36 37
f 787 37 788
f 788 37 38
f 788 38 789
f 789 38 39
f 789 39 790
f 790 39 40
f 790 40 791
f 791 40 41
f 791 41 792
f 792 41 42
f 792 42 793
f 793 42 43
f 793 43 794
f 44 795 43
f 794 43 795
f 45 796 44
f 795 44 796
f 46 797 45
f 796 45 797
f 47 798 46
f 797 46 798
f 48 799 47
f 798 47 799
f 49 800 48
f 799 48 800
f 50 801 49
f 800 49 801
f 51 802 50
f 801 50 802
f 802 51 52
f 802 52 803
f 803 52 53
f 803 53 804
f 804 53 54
f 804 54 805
f 805 54 55
f 805 55 806
f 806 55 56
f 806 56 807
f 57 808 56
f 807 56 808
f 58 809 57
f 808 57 809
f 59 810 58
f 809 58 810
f 60 811 59
f 810 59 811
f 811 60 61
f 811 61 812
f 812 61 62
f 812 62 813
f 813 62 63
f 813 63 814
f 814 63 64
f 814 64 815
f 815 64 65
f 815 65 816
f 816 65 66
f 816 66 817
f 817 66 67
f 817 67 818
f 818 67 68
f 818 68 819
f 69 820 68
f 819 68 820
f 70 821 69
f 820 69 821
f 71 822 70
f 821 70 822
f 72 823 71
f 822 71 823
f 73 824 72
f 823 72 824
f 74 825 73
f 824 73 825
f 75 826 74
f 825 74 826
f 1 752 75
f 826 75 752
f 946 875 945
f 874 875 947
f 947 875 946
f 876 945 875
f 872 877 878
f 872 878 886
f 879 886 878
f 880 885 879
f 881 883 880
f 882 883 881
f 884 880 883
f 885 880 884
f 886 879 885
f 872 886 887
f 872 887 888
f 872 888 889
f 872 889 890
f 872 890 891
f 872 891 892
f 872 892 893
f 872 893 894
f 872 894 902
f 895 901 894
f 896 900 895
f 897 900 896
f 898 899 897
f 899 900 897
f 901 895 900
f 902 894 901
f 872 902 903
f 872 903 911
f 904 911 903
f 905 910 904
f 906 908 905
f 907 908 906
f 909 905 908
f 910 905 909
f 911 904 910
f 872 911 912
f 872 912 913
f 872 913 914
f 872 914 915
f 872 915 916
f 872 916 917
f 872 917 918
f 872 918 919
f 872 919 927
f 920 926 919
f 921 925 920
f 922 925 921
f 923 924 922
f 924 925 922
f 926 920 925
f 927 919 926
f 872 927 928
f 872 928 936
f 929 936 928
f 930 935 929
f 931 933 930
f 932 933 931
f 934 930 933
f 935 930 934
f 936 929 935
f 872 936 937
f 872 937 938
f 872 938 939
f 872 939 940
f 872 940 941
f 872 941 942
f 872 942 943
f 872 943 944
f 872 944 877
f 877 944 876
f 945 876 944
f 873 874 947
f 1022 950 1021
f 951 952 873
f 949 950 1022
f 875 874 952
f 951 1020 950
f 876 875 952
f 874 873 952
f 876 952 877
f 877 952 953
f 877 953 878
f 878 953 879
f 879 953 880
f 880 953 881
f 881 953 882
f 954 882 953
f 954 955 960
f 959 960 955
f 956 958 955
f 957 958 956
f 960 961 882
f 958 959 955
f 883 882 962
f 882 954 960
f 884 883 963
f 961 962 882
f 886 885 963
f 962 963 883
f 887 886 964
f 885 884 963
f 888 887 964
f 963 964 886
f 888 964 889
f 889 964 965
f 889 965 890
f 890 965 891
f 966 891 965
f 891 966 892
f 892 966 893
f 893 966 894
f 967 894 966
f 894 967 895
f 895 967 896
f 896 967 897
f 968 897 967
f 897 968 898
f 969 898 968
f 970 898 969
f 975 976 970
f 971 975 970
f 974 975 972
f 973 974 972
f 976 977 898
f 971 972 975
f 900 899 977
f 898 970 976
f 901 900 977
f 899 898 977
f 901 977 902
f 902 977 978
f 902 978 903
f 903 978 904
f 904 978 905
f 905 978 906
f 906 978 907
f 979 907 978
f 979 980 985
f 984 985 980
f 981 983 980
f 982 983 981
f 985 986 907
f 983 984 980
f 908 907 987
f 907 979 985
f 909 908 988
f 986 987 907
f 911 910 988
f 987 988 908
f 912 911 989
f 910 909 988
f 913 912 989
f 988 989 911
f 913 989 914
f 914 989 990
f 914 990 915
f 915 990 916
f 991 916 990
f 916 991 917
f 917 991 918
f 918 991 919
f 992 919 991
f 919 992 920
f 920 992 921
f 921 992 922
f 993 922 992
f 922 993 923
f 994 923 993
f 995 923 994
f 1000 1001 995
f 996 1000 995
f 999 1000 997
f 998 999 997
f 1001 1002 923
f 996 997 1000
f 925 924 1002
f 923 995 1001
f 926 925 1002
f 924 923 1002
f 926 1002 927
f 927 1002 1003
f 927 1003 928
f 928 1003 929
f 929 1003 930
f 930 1003 931
f 931 1003 932
f 1004 932 1003
f 1004 1005 1010
f 1009 1010 1005
f 1006 1008 1005
f 1007 1008 1006
f 1010 1011 932
f 1008 1009 1005
f 933 932 1012
f 932 1004 1010
f 934 933 1013
f 1011 1012 932
f 936 935 1013
f 1012 1013 933
f 937 936 1014
f 935 934 1013
f 938 937 1014
f 1013 1014 936
f 938 1014 939
f 939 1014 1015
f 939 1015 940
f 940 1015 941
f 1016 941 1015
f 941 1016 942
f 942 1016 943
f 943 1016 944
f 1017 944 1016
f 944 1017 945
f 945 1017 946
f 946 1017 947
f 1018 947 1017
f 947 1018 873
f 1019 873 1018
f 1020 873 1019
f 873 1020 951
f 1021 950 1020
f 948 949 1022
f 1097 1025 1096
f 949 948 1026
f 1024 1025 1097
f 950 949 1026
f 1025 1026 948
f 951 950 1027
f 1026 1027 950
f 951 1027 952
f 952 1027 1028
f 952 1028 953
f 953 1028 954
f 954 1028 955
f 1029 955 1028
f 955 1029 956
f 956 1029 957
f 1030 957 1029
f 957 1030 1034
f 1031 1033 1030
f 1032 1033 1031
f 1035 1036 957
f 1033 1034 1030
f 959 958 1036
f 1034 1035 957
f 960 959 1037
f 958 957 1036
f 961 960 1037
f 1036 1037 959
f 962 961 1038
f 1037 1038 961
f 963 962 1039
f 1038 1039 962
f 963 1039 964
f 964 1039 1040
f 964 1040 965
f 965 1040 966
f 1041 966 1040
f 966 1041 967
f 967 1041 968
f 1042 968 1041
f 968 1042 969
f 1043 969 1042
f 969 1043 970
f 970 1043 971
f 1044 971 1043
f 971 1044 972
f 972 1044 973
f 1045 973 1044
f 1046 973 1045
f 973 1046 1050
f 1049 1050 1047
f 1048 1049 1047
f 974 973 1051
f 1046 1047 1050
f 975 974 1051
f 1050 1051 973
f 976 975 1052
f 1051 1052 975
f 976 1052 977
f 977 1052 1053
f 977 1053 978
f 978 1053 979
f 979 1053 980
f 1054 980 1053
f 980 1054 981
f 981 1054 982
f 1055 982 1054
f 982 1055 1059
f 1056 1058 1055
f 1057 1058 1056
f 1060 1061 982
f 1058 1059 1055
f 984 983 1061
f 1059 1060 982
f 985 984 1062
f 983 982 1061
f 986 985 1062
f 1061 1062 984
f 987 986 1063
f 1062 1063 986
f 988 987 1064
f 1063 1064 987
f 988 1064 989
f 989 1064 1065
f 989 1065 990
f 990 1065 991
f 1066 991 1065
f 991 1066 992
f 992 1066 993
f 1067 993 1066
f 993 1067 994
f 1068 994 1067
f 994 1068 995
f 995 1068 996
f 1069 996 1068
f 996 1069 997
f 997 1069 998
f 1070 998 1069
f 1071 998 1070
f 998 1071 1075
f 1074 1075 1072
f 1073 1074 1072
f 999 998 1076
f 1071 1072 1075
f 1000 999 1076
f 1075 1076 998
f 1001 1000 1077
f 1076 1077 1000
f 1001 1077 1002
f 1002 1077 1078
f 1002 1078 1003
f 1003 1078 1004
f 1004 1078 1005
f 1079 1005 1078
f 1005 1079 1006
f 1006 1079 1007
f 1080 1007 1079
f 1007 1080 1084
f 1081 1083 1080
f 1082 1083 1081
f 1085 1086 1007
f 1083 1084 1080
f 1009 1008 1086
f 1084 1085 1007
f 1010 1009 1087
f 1008 1007 1086
f 1011 1010 1087
f 1086 1087 1009
f 1012 1011 1088
f 1087 1088 1011
f 1013 1012 1089
f 1088 1089 1012
f 1013 1089 1014
f 1014 1089 1090
f 1014 1090 1015
f 1015 1090 1016
f 1091 1016 1090
f 1016 1091 1017
f 1017 1091 1018
f 1092 1018 1091
f 1018 1092 1019
f 1093 1019 1092
f 1019 1093 1020
f 1020 1093 1021
f 1094 1021 1093
f 1021 1094 1022
f 1022 1094 948
f 1095 948 1094
f 1096 948 1095
f 948 1096 1025
f 1023 1024 1097
f 1023 1172 1099
f 1024 1023 1100
f 1099 1100 1023
f 1025 1024 1101
f 1100 1101 1024
f 1025 1101 1026
f 1026 1101 1102
f 1026 1102 1027
f 1027 1102 1103
f 1027 1103 1028
f 1028 1103 1029
f 1104 1029 1103
f 1029 1104 1030
f 1030 1104 1031
f 1105 1031 1104
f 1031 1105 1032
f 1106 1032 1105
f 1032 1106 1108
f 1107 1108 1106
f 1033 1032 1110
f 1108 1109 1032
f 1034 1033 1111
f 1109 1110 1032
f 1035 1034 1111
f 1110 1111 1033
f 1036 1035 1112
f 1111 1112 1035
f 1037 1036 1113
f 1112 1113 1036
f 1037 1113 1038
f 1038 1113 1114
f 1038 1114 1039
f 1039 1114 1115
f 1039 1115 1040
f 1040 1115 1041
f 1116 1041 1115
f 1041 1116 1042
f 1117 1042 1116
f 1042 1117 1043
f 1043 1117 1044
f 1118 1044 1117
f 1044 1118 1045
f 1119 1045 1118
f 1045 1119 1046
f 1046 1119 1047
f 1120 1047 1119
f 1047 1120 1048
f 1121 1048 1120
f 1122 1048 1121
f 1048 1122 1124
f 1123 1124 1122
f 1049 1048 1125
f 1124 1125 1048
f 1050 1049 1126
f 1125 1126 1049
f 1050 1126 1051
f 1051 1126 1127
f 1051 1127 1052
f 1052 1127 1128
f 1052 1128 1053
f 1053 1128 1054
f 1129 1054 1128
f 1054 1129 1055
f 1055 1129 1056
f 1130 1056 1129
f 1056 1130 1057
f 1131 1057 1130
f 1057 1131 1133
f 1132 1133 1131
f 1058 1057 1135
f 1133 1134 1057
f 1059 1058 1136
f 1134 1135 1057
f 1060 1059 1136
f 1135 1136 1058
f 1061 1060 1137
f 1136 1137 1060
f 1062 1061 1138
f 1137 1138 1061
f 1062 1138 1063
f 1063 1138 1139
f 1063 1139 1064
f 1064 1139 1140
f 1064 1140 1065
f 1065 1140 1066
f 1141 1066 1140
f 1066 1141 1067
f 1142 1067 1141
f 1067 1142 1068
f 1068 1142 1069
f 1143 1069 1142
f 1069 1143 1070
f 1144 1070 1143
f 1070 1144 1071
f 1071 1144 1072
f 1145 1072 1144
f 1072 1145 1073
f 1146 1073 1145
f 1147 1073 1146
f 1073 1147 1149
f 1148 1149 1147
f 1074 1073 1150
f 1149 1150 1073
f 1075 1074 1151
f 1150 1151 1074
f 1075 1151 1076
f 1076 1151 1152
f 1076 1152 1077
f 1077 1152 1153
f 1077 1153 1078
f 1078 1153 1079
f 1154 1079 1153
f 1079 1154 1080
f 1080 1154 1081
f 1155 1081 1154
f 1081 1155 1082
f 1156 1082 1155
f 1082 1156 1158
f 1157 1158 1156
f 1083 1082 1160
f 1158 1159 1082
f 1084 1083 1161
f 1159 1160 1082
f 1085 1084 1161
f 1160 1161 1083
f 1086 1085 1162
f 1161 1162 1085
f 1087 1086 1163
f 1162 1163 1086
f 1087 1163 1088
f 1088 1163 1164
f 1088 1164 1089
f 1089 1164 1165
f 1089 1165 1090
f 1090 1165 1091
f 1166 1091 1165
f 1091 1166 1092
f 1167 1092 1166
f 1092 1167 1093
f 1093 1167 1094
f 1168 1094 1167
f 1094 1168 1095
f 1169 1095 1168
f 1095 1169 1096
f 1096 1169 1097
f 1170 1097 1169
f 1097 1170 1023
f 1171 1023 1170
f 1172 1023 1171
f 1098 1099 1172
f 1098 1247 1174
f 1099 1098 1175
f 1174 1175 1098
f 1099 1175 1100
f 1100 1175 1176
f 1100 1176 1101
f 1101 1176 1177
f 1101 1177 1102
f 1102 1177 1178
f 1102 1178 1103
f 1103 1178 1104
f 1179 1104 1178
f 1104 1179 1105
f 1180 1105 1179
f 1105 1180 1106
f 1106 1180 1107
f 1181 1107 1180
f 1107 1181 1183
f 1182 1183 1181
f 1108 1107 1184
f 1183 1184 1107
f 1109 1108 1185
f 1184 1185 1108
f 1110 1109 1186
f 1185 1186 1109
f 1111 1110 1187
f 1186 1187 1110
f 1111 1187 1112
f 1112 1187 1188
f 1112 1188 1113
f 1113 1188 1189
f 1113 1189 1114
f 1114 1189 1190
f 1114 1190 1115
f 1115 1190 1116
f 1191 1116 1190
f 1116 1191 1117
f 1192 1117 1191
f 1117 1192 1118
f 1193 1118 1192
f 1118 1193 1119
f 1119 1193 1120
f 1194 1120 1193
f 1120 1194 1121
f 1195 1121 1194
f 1121 1195 1122
f 1196 1122 1195
f 1122 1196 1123
f 1197 1123 1196
f 1123 1197 1199
f 1198 1199 1197
f 1124 1123 1200
f 1199 1200 1123
f 1124 1200 1125
f 1125 1200 1201
f 1125 1201 1126
f 1126 1201 1202
f 1126 1202 1127
f 1127 1202 1203
f 1127 1203 1128
f 1128 1203 1129
f 1204 1129 1203
f 1129 1204 1130
f 1205 1130 1204
f 1130 1205 1131
f 1131 1205 1132
f 1206 1132 1205
f 1132 1206 1208
f 1207 1208 1206
f 1133 1132 1209
f 1208 1209 1132
f 1134 1133 1210
f 1209 1210 1133
f 1135 1134 1211
f 1210 1211 1134
f 1136 1135 1212
f 1211 1212 1135
f 1136 1212 1137
f 1137 1212 1213
f 1137 1213 1138
f 1138 1213 1214
f 1138 1214 1139
f 1139 1214 1215
f 1139 1215 1140
f 1140 1215 1141
f 1216 1141 1215
f 1141 1216 1142
f 1217 1142 1216
f 1142 1217 1143
f 1218 1143 1217
f 1143 1218 1144
f 1144 1218 1145
f 1219 1145 1218
f 1145 1219 1146
f 1220 1146 1219
f 1146 1220 1147
f 1221 1147 1220
f 1147 1221 1148
f 1222 1148 1221
f 1148 1222 1224
f 1223 1224 1222
f 1149 1148 1225
f 1224 1225 1148
f 1149 1225 1150
f 1150 1225 1226
f 1150 1226 1151
f 1151 1226 1227
f 1151 1227 1152
f 1152 1227 1228
f 1152 1228 1153
f 1153 1228 1154
f 1229 1154 1228
f 1154 1229 1155
f 1230 1155 1229
f 1155 1230 1156
f 1156 1230 1157
f 1231 1157 1230
f 1157 1231 1233
f 1232 1233 1231
f 1158 1157 1234
f 1233 1234 1157
f 1159 1158 1235
f 1234 1235 1158
f 1160 1159 1236
f 1235 1236 1159
f 1161 1160 1237
f 1236 1237 1160
f 1161 1237 1162
f 1162 1237 1238
f 1162 1238 1163
f 1163 1238 1239
f 1163 1239 1164
f 1164 1239 1240
f 1164 1240 1165
f 1165 1240 1166
f 1241 1166 1240
f 1166 1241 1167
f 1242 1167 1241
f 1167 1242 1168
f 1243 1168 1242
f 1168 1243 1169
f 1169 1243 1170
f 1244 1170 1243
f 1170 1244 1171
f 1245 1171 1244
f 1171 1245 1172
f 1246 1172 1245
f 1172 1246 1098
f 1247 1098 1246
f 1173 1174 1247
f 1173 1322 1249
f 1174 1173 1250
f 1249 1250 1173
f 1174 1250 1175
f 1175 1250 1251
f 1175 1251 1176
f 1176 1251 1252
f 1176 1252 1177
f 1177 1252 1253
f 1177 1253 1178
f 1178 1253 1179
f 1254 1179 1253
f 1179 1254 1180
f 1255 1180 1254
f 1180 1255 1181
f 1181 1255 1182
f 1256 1182 1255
f 1182 1256 1258
f 1257 1258 1256
f 1183 1182 1259
f 1258 1259 1182
f 1184 1183 1260
f 1259 1260 1183
f 1185 1184 1261
f 1260 1261 1184
f 1185 1261 1186
f 1186 1261 1262
f 1186 1262 1187
f 1187 1262 1263
f 1187 1263 1188
f 1188 1263 1264
f 1188 1264 1189
f 1189 1264 1265
f 1189 1265 1190
f 1190 1265 1191
f 1266 1191 1265
f 1191 1266 1192
f 1267 1192 1266
f 1192 1267 1193
f 1268 1193 1267
f 1193 1268 1194
f 1269 1194 1268
f 1194 1269 1195
f 1195 1269 1196
f 1270 1196 1269
f 1196 1270 1197
f 1271 1197 1270
f 1197 1271 1198
f 1272 1198 1271
f 1198 1272 1274
f 1273 1274 1272
f 1199 1198 1275
f 1274 1275 1198
f 1199 1275 1200
f 1200 1275 1276
f 1200 1276 1201
f 1201 1276 1277
f 1201 1277 1202
f 1202 1277 1278
f 1202 1278 1203
f 1203 1278 1204
f 1279 1204 1278
f 1204 1279 1205
f 1280 1205 1279
f 1205 1280 1206
f 1206 1280 1207
f 1281 1207 1280
f 1207 1281 1283
f 1282 1283 1281
f 1208 1207 1284
f 1283 1284 1207
f 1209 1208 1285
f 1284 1285 1208
f 1210 1209 1286
f 1285 1286 1209
f 1210 1286 1211
f 1211 1286 1287
f 1211 1287 1212
f 1212 1287 1288
f 1212 1288 1213
f 1213 1288 1289
f 1213 1289 1214
f 1214 1289 1290
f 1214 1290 1215
f 1215 1290 1216
f 1291 1216 1290
f 1216 1291 1217
f 1292 1217 1291
f 1217 1292 1218
f 1293 1218 1292
f 1218 1293 1219
f 1294 1219 1293
f 1219 1294 1220
f 1220 1294 1221
f 1295 1221 1294
f 1221 1295 1222
f 1296 1222 1295
f 1222 1296 1223
f 1297 1223 1296
f 1223 1297 1299
f 1298 1299 1297
f 1224 1223 1300
f 1299 1300 1223
f 1224 1300 1225
f 1225 1300 1301
f 1225 1301 1226
f 1226 1301 1302
f 1226 1302 1227
f 1227 1302 1303
f 1227 1303 1228
f 1228 1303 1229
f 1304 1229 1303
f 1229 1304 1230
f 1305 1230 1304
f 1230 1305 1231
f 1231 1305 1232
f 1306 1232 1305
f 1232 1306 1308
f 1307 1308 1306
f 1233 1232 1309
f 1308 1309 1232
f 1234 1233 1310
f 1309 1310 1233
f 1235 1234 1311
f 1310 1311 1234
f 1235 1311 1236
f 1236 1311 1312
f 1236 1312 1237
f 1237 1312 1313
f 1237 1313 1238
f 1238 1313 1314
f 1238 1314 1239
f 1239 1314 1315
f 1239 1315 1240
f 1240 1315 1241
f 1316 1241 1315
f 1241 1316 1242
f 1317 1242 1316
f 1242 1317 1243
f 1318 1243 1317
f 1243 1318 1244
f 1319 1244 1318
f 1244 1319 1245
f 1245 1319 1246
f 1320 1246 1319
f 1246 1320 1247
f 1321 1247 1320
f 1247 1321 1173
f 1322 1173 1321
f 1248 1249 1322
f 1248 1397 1324
f 1248 1324 1249
f 1249 1324 1325
f 1249 1325 1250
f 1250 1325 1326
f 1250 1326 1251
f 1251 1326 1327
f 1251 1327 1252
f 1252 1327 1328
f 1252 1328 1253
f 1253 1328 1254
f 1329 1254 1328
f 1254 1329 1255
f 1330 1255 1329
f 1255 1330 1256
f 1331 1256 1330
f 1256 1331 1257
f 1257 1331 1333
f 1332 1333 1331
f 1258 1257 1334
f 1333 1334 1257
f 1259 1258 1335
f 1334 1335 1258
f 1260 1259 1336
f 1335 1336 1259
f 1260 1336 1261
f 1261 1336 1337
f 1261 1337 1262
f 1262 1337 1338
f 1262 1338 1263
f 1263 1338 1339
f 1263 1339 1264
f 1264 1339 1340
f 1264 1340 1265
f 1265 1340 1266
f 1341 1266 1340
f 1266 1341 1267
f 1342 1267 1341
f 1267 1342 1268
f 1343 1268 1342
f 1268 1343 1269
f 1344 1269 1343
f 1269 1344 1270
f 1270 1344 1271
f 1345 1271 1344
f 1271 1345 1272
f 1346 1272 1345
f 1272 1346 1273
f 1347 1273 1346
f 1273 1347 1349
f 1348 1349 1347
f 1273 1349 1274
f 1274 1349 1350
f 1274 1350 1275
f 1275 1350 1351
f 1275 1351 1276
f 1276 1351 1352
f 1276 1352 1277
f 1277 1352 1353
f 1277 1353 1278
f 1278 1353 1279
f 1354 1279 1353
f 1279 1354 1280
f 1355 1280 1354
f 1280 1355 1281
f 1356 1281 1355
f 1281 1356 1282
f 1282 1356 1358
f 1357 1358 1356
f 1283 1282 1359
f 1358 1359 1282
f 1284 1283 1360
f 1359 1360 1283
f 1285 1284 1361
f 1360 1361 1284
f 1285 1361 1286
f 1286 1361 1362
f 1286 1362 1287
f 1287 1362 1363
f 1287 1363 1288
f 1288 1363 1364
f 1288 1364 1289
f 1289 1364 1365
f 1289 1365 1290
f 1290 1365 1291
f 1366 1291 1365
f 1291 1366 1292
f 1367 1292 1366
f 1292 1367 1293
f 1368 1293 1367
f 1293 1368 1294
f 1369 1294 1368
f 1294 1369 1295
f 1295 1369 1296
f 1370 1296 1369
f 1296 1370 1297
f 1371 1297 1370
f 1297 1371 1298
f 1372 1298 1371
f 1298 1372 1374
f 1373 1374 1372
f 1298 1374 1299
f 1299 1374 1375
f 1299 1375 1300
f 1300 1375 1376
f 1300 1376 1301
f 1301 1376 1377
f 1301 1377 1302
f 1302 1377 1378
f 1302 1378 1303
f 1303 1378 1304
f 1379 1304 1378
f 1304 1379 1305
f 1380 1305 1379
f 1305 1380 1306
f 1381 1306 1380
f 1306 1381 1307
f 1307 1381 1383
f 1382 1383 1381
f 1308 1307 1384
f 1383 1384 1307
f 1309 1308 1385
f 1384 1385 1308
f 1310 1309 1386
f 1385 1386 1309
f 1310 1386 1311
f 1311 1386 1387
f 1311 1387 1312
f 1312 1387 1388
f 1312 1388 1313
f 1313 1388 1389
f 1313 1389 1314
f 1314 1389 1390
f 1314 1390 1315
f 1315 1390 1316
f 1391 1316 1390
f 1316 1391 1317
f 1392 1317 1391
f 1317 1392 1318
f 1393 1318 1392
f 1318 1393 1319
f 1394 1319 1393
f 1319 1394 1320
f 1320 1394 1321
f 1395 1321 1394
f 1321 1395 1322
f 1396 1322 1395
f 1322 1396 1248
f 1397 1248 1396
f 1323 1324 1397
f 1323 1472 1399
f 1323 1399 1324
f 1324 1399 1400
f 1324 1400 1325
f 1325 1400 1401
f 1325 1401 1326
f 1326 1401 1402
f 1326 1402 1327
f 1327 1402 1403
f 1327 1403 1328
f 1328 1403 1329
f 1404 1329 1403
f 1329 1404 1330
f 1405 1330 1404
f 1330 1405 1331
f 1406 1331 1405
f 1331 1406 1332
f 1332 1406 1408
f 1407 1408 1406
f 1333 1332 1409
f 1408 1409 1332
f 1334 1333 1410
f 1409 1410 1333
f 1334 1410 1335
f 1335 1410 1411
f 1335 1411 1336
f 1336 1411 1412
f 1336 1412 1337
f 1337 1412 1413
f 1337 1413 1338
f 1338 1413 1414
f 1338 1414 1339
f 1339 1414 1415
f 1339 1415 1340
f 1340 1415 1341
f 1416 1341 1415
f 1341 1416 1342
f 1417 1342 1416
f 1342 1417 1343
f 1418 1343 1417
f 1343 1418 1344
f 1419 1344 1418
f 1344 1419 1345
f 1420 1345 1419
f 1345 1420 1346
f 1346 1420 1347
f 1421 1347 1420
f 1347 1421 1348
f 1422 1348 1421
f 1348 1422 1424
f 1423 1424 1422
f 1348 1424 1349
f 1349 1424 1425
f 1349 1425 1350
f 1350 1425 1426
f 1350 1426 1351
f 1351 1426 1427
f 1351 1427 1352
f 1352 1427 1428
f 1352 1428 1353
f 1353 1428 1354
f 1429 1354 1428
f 1354 1429 1355
f 1430 1355 1429
f 1355 1430 1356
f 1431 1356 1430
f 1356 1431 1357
f 1357 1431 1433
f 1432 1433 1431
f 1358 1357 1434
f 1433 1434 1357
f 1359 1358 1435
f 1434 1435 1358
f 1359 1435 1360
f 1360 1435 1436
f 1360 1436 1361
f 1361 1436 1437
f 1361 1437 1362
f 1362 1437 1438
f 1362 1438 1363
f 1363 1438 1439
f 1363 1439 1364
f 1364 1439 1440
f 1364 1440 1365
f 1365 1440 1366
f 1441 1366 1440
f 1366 1441 1367
f 1442 1367 1441
f 1367 1442 1368
f 1443 1368 1442
f 1368 1443 1369
f 1444 1369 1443
f 1369 1444 1370
f 1445 1370 1444
f 1370 1445 1371
f 1371 1445 1372
f 1446 1372 1445
f 1372 1446 1373
f 1447 1373 1446
f 1373 1447 1449
f 1448 1449 1447
f 1373 1449 1374
f 1374 1449 1450
f 1374 1450 1375
f 1375 1450 1451
f 1375 1451 1376
f 1376 1451 1452
f 1376 1452 1377
f 1377 1452 1453
f 1377 1453 1378
f 1378 1453 1379
f 1454 1379 1453
f 1379 1454 1380
f 1455 1380 1454
f 1380 1455 1381
f 1456 1381 1455
f 1381 1456 1382
f 1382 1456 1458
f 1457 1458 1456
f 1383 1382 1459
f 1458 1459 1382
f 1384 1383 1460
f 1459 1460 1383
f 1384 1460 1385
f 1385 1460 1461
f 1385 1461 1386
f 1386 1461 1462
f 1386 1462 1387
f 1387 1462 1463
f 1387 1463 1388
f 1388 1463 1464
f 1388 1464 1389
f 1389 1464 1465
f 1389 1465 1390
f 1390 1465 1391
f 1466 1391 1465
f 1391 1466 1392
f 1467 1392 1466
f 1392 1467 1393
f 1468 1393 1467
f 1393 1468 1394
f 1469 1394 1468
f 1394 1469 1395
f 1470 1395 1469
f 1395 1470 1396
f 1396 1470 1397
f 1471 1397 1470
f 1397 1471 1323
f 1472 1323 1471
f 1398 1399 1472
f 1398 1473 1474
f 1398 1474 1399
f 1399 1474 1475
f 1399 1475 1400
f 1400 1475 1476
f 1400 1476 1401
f 1401 1476 1477
f 1401 1477 1402
f 1402 1477 1478
f 1402 1478 1403
f 1403 1478 1404
f 1479 1404 1478
f 1404 1479 1405
f 1480 1405 1479
f 1405 1480 1406
f 1481 1406 1480
f 1406 1481 1407
f 1482 1407 1481
f 1407 1482 1483
f 1408 1407 1484
f 1483 1484 1407
f 1408 1484 1409
f 1409 1484 1485
f 1409 1485 1410
f 1410 1485 1486
f 1410 1486 1411
f 1411 1486 1487
f 1411 1487 1412
f 1412 1487 1488
f 1412 1488 1413
f 1413 1488 1489
f 1413 1489 1414
f 1414 1489 1490
f 1414 1490 1415
f 1415 1490 1416
f 1491 1416 1490
f 1416 1491 1417
f 1492 1417 1491
f 1417 1492 1418
f 1493 1418 1492
f 1418 1493 1419
f 1494 1419 1493
f 1419 1494 1420
f 1495 1420 1494
f 1420 1495 1421
f 1496 1421 1495
f 1421 1496 1422
f 1422 1496 1423
f 1497 1423 1496
f 1498 1423 1497
f 1423 1498 1499
f 1423 1499 1424
f 1424 1499 1500
f 1424 1500 1425
f 1425 1500 1501
f 1425 1501 1426
f 1426 1501 1502
f 1426 1502 1427
f 1427 1502 1503
f 1427 1503 1428
f 1428 1503 1429
f 1504 1429 1503
f 1429 1504 1430
f 1505 1430 1504
f 1430 1505 1431
f 1506 1431 1505
f 1431 1506 1432
f 1507 1432 1506
f 1432 1507 1508
f 1433 1432 1509
f 1508 1509 1432
f 1433 1509 1434
f 1434 1509 1510
f 1434 1510 1435
f 1435 1510 1511
f 1435 1511 1436
f 1436 1511 1512
f 1436 1512 1437
f 1437 1512 1513
f 1437 1513 1438
f 1438 1513 1514
f 1438 1514 1439
f 1439 1514 1515
f 1439 1515 1440
f 1440 1515 1441
f 1516 1441 1515
f 1441 1516 1442
f 1517 1442 1516
f 1442 1517 1443
f 1518 1443 1517
f 1443 1518 1444
f 1519 1444 1518
f 1444 1519 1445
f 1520 1445 1519
f 1445 1520 1446
f 1521 1446 1520
f 1446 1521 1447
f 1447 1521 1448
f 1522 1448 1521
f 1523 1448 1522
f 1448 1523 1524
f 1448 1524 1449
f 1449 1524 1525
f 1449 1525 1450
f 1450 1525 1526
f 1450 1526 1451
f 1451 1526 1527
f 1451 1527 1452
f 1452 1527 1528
f 1452 1528 1453
f 1453 1528 1454
f 1529 1454 1528
f 1454 1529 1455
f 1530 1455 1529
f 1455 1530 1456
f 1531 1456 1530
f 1456 1531 1457
f 1532 1457 1531
f 1457 1532 1533
f 1458 1457 1534
f 1533 1534 1457
f 1458 1534 1459
f 1459 1534 1535
f 1459 1535 1460
f 1460 1535 1536
f 1460 1536 1461
f 1461 1536 1537
f 1461 1537 1462
f 1462 1537 1538
f 1462 1538 1463
f 1463 1538 1539
f 1463 1539 1464
f 1464 1539 1540
f 1464 1540 1465
f 1465 1540 1466
f 1541 1466 1540
f 1466 1541 1467
f 1542 1467 1541
f 1467 1542 1468
f 1543 1468 1542
f 1468 1543 1469
f 1544 1469 1543
f 1469 1544 1470
f 1545 1470 1544
f 1470 1545 1471
f 1546 1471 1545
f 1471 1546 1472
f 1472 1546 1398
f 1547 1398 1546
f 1473 1398 1547
f 1473 1548 1549
f 1473 1549 1474
f 1474 1549 1550
f 1474 1550 1475
f 1475 1550 1551
f 1475 1551 1476
f 1476 1551 1552
f 1476 1552 1477
f 1477 1552 1553
f 1477 1553 1478
f 1478 1553 1479
f 1554 1479 1553
f 1479 1554 1480
f 1555 1480 1554
f 1480 1555 1481
f 1556 1481 1555
f 1481 1556 1482
f 1557 1482 1556
f 1482 1557 1558
f 1482 1558 1483
f 1483 1558 1559
f 1483 1559 1484
f 1484 1559 1560
f 1484 1560 1485
f 1485 1560 1561
f 1485 1561 1486
f 1486 1561 1562
f 1486 1562 1487
f 1487 1562 1563
f 1487 1563 1488
f 1488 1563 1564
f 1488 1564 1489
f 1489 1564 1565
f 1489 1565 1490
f 1490 1565 1491
f 1566 1491 1565
f 1491 1566 1492
f 1567 1492 1566
f 1492 1567 1493
f 1568 1493 1567
f 1493 1568 1494
f 1569 1494 1568
f 1494 1569 1495
f 1570 1495 1569
f 1495 1570 1496
f 1571 1496 1570
f 1496 1571 1497
f 1572 1497 1571
f 1497 1572 1498
f 1573 1498 1572
f 1498 1573 1574
f 1498 1574 1499
f 1499 1574 1575
f 1499 1575 1500
f 1500 1575 1576
f 1500 1576 1501
f 1501 1576 1577
f 1501 1577 1502
f 1502 1577 1578
f 1502 1578 1503
f 1503 1578 1504
f 1579 1504 1578
f 1504 1579 1505
f 1580 1505 1579
f 1505 1580 1506
f 1581 1506 1580
f 1506 1581 1507
f 1582 1507 1581
f 1507 1582 1583
f 1507 1583 1508
f 1508 1583 1584
f 1508 1584 1509
f 1509 1584 1585
f 1509 1585 1510
f 1510 1585 1586
f 1510 1586 1511
f 1511 1586 1587
f 1511 1587 1512
f 1512 1587 1588
f 1512 1588 1513
f 1513 1588 1589
f 1513 1589 1514
f 1514 1589 1590
f 1514 1590 1515
f 1515 1590 1516
f 1591 1516 1590
f 1516 1591 1517
f 1592 1517 1591
f 1517 1592 1518
f 1593 1518 1592
f 1518 1593 1519
f 1594 1519 1593
f 1519 1594 1520
f 1595 1520 1594
f 1520 1595 1521
f 1596 1521 1595
f 1521 1596 1522
f 1597 1522 1596
f 1522 1597 1523
f 1598 1523 1597
f 1523 1598 1599
f 1523 1599 1524
f 1524 1599 1600
f 1524 1600 1525
f 1525 1600 1601
f 1525 1601 1526
f 1526 1601 1602
f 1526 1602 1527
f 1527 1602 1603
f 1527 1603 1528
f 1528 1603 1529
f 1604 1529 1603
f 1529 1604 1530
f 1605 1530 1604
f 1530 1605 1531
f 1606 1531 1605
f 1531 1606 1532
f 1607 1532 1606
f 1532 1607 1608
f 1532 1608 1533
f 1533 1608 1609
f 1533 1609 1534
f 1534 1609 1610
f 1534 1610 1535
f 1535 1610 1611
f 1535 1611 1536
f 1536 1611 1612
f 1536 1612 1537
f 1537 1612 1613
f 1537 1613 1538
f 1538 1613 1614
f 1538 1614 1539
f 1539 1614 1615
f 1539 1615 1540
f 1540 1615 1541
f 1616 1541 1615
f 1541 1616 1542
f 1617 1542 1616
f 1542 1617 1543
f 1618 1543 1617
f 1543 1618 1544
f 1619 1544 1618
f 1544 1619 1545
f 1620 1545 1619
f 1545 1620 1546
f 1621 1546 1620
f 1546 1621 1547
f 1622 1547 1621
f 1547 1622 1473
f 1548 1473 1622
f 1548 60 59
f 1548 59 1549
f 1549 59 58
f 1549 58 1550
f 1550 58 57
f 1550 57 1551
f 1551 57 56
f 1551 56 1552
f 1552 56 55
f 1552 55 1553
f 54 1554 55
f 1553 55 1554
f 53 1555 54
f 1554 54 1555
f 52 1556 53
f 1555 53 1556
f 51 1557 52
f 1556 52 1557
f 1557 51 827
f 1557 827 1558
f 1558 827 828
f 1558 828 1559
f 1559 828 829
f 1559 829 1560
f 1560 829 830
f 1560 830 1561
f 1561 830 831
f 1561 831 1562
f 1562 831 832
f 1562 832 1563
f 1563 832 833
f 1563 833 1564
f 1564 833 834
f 1564 834 1565
f 835 1566 834
f 1565 834 1566
f 836 1567 835
f 1566 835 1567
f 837 1568 836
f 1567 836 1568
f 838 1569 837
f 1568 837 1569
f 839 1570 838
f 1569 838 1570
f 840 1571 839
f 1570 839 1571
f 841 1572 840
f 1571 840 1572
f 35 1573 841
f 1572 841 1573
f 1573 35 34
f 1573 34 1574
f 1574 34 33
f 1574 33 1575
f 1575 33 32
f 1575 32 1576
f 1576 32 31
f 1576 31 1577
f 1577 31 30
f 1577 30 1578
f 29 1579 30
f 1578 30 1579
f 28 1580 29
f 1579 29 1580
f 27 1581 28
f 1580 28 1581
f 26 1582 27
f 1581 27 1582
f 1582 26 842
f 1582 842 1583
f 1583 842 843
f 1583 843 1584
f 1584 843 844
f 1584 844 1585
f 1585 844 845
f 1585 845 1586
f 1586 845 846
f 1586 846 1587
f 1587 846 847
f 1587 847 1588
f 1588 847 848
f 1588 848 1589
f 1589 848 849
f 1589 849 1590
f 850 1591 849
f 1590 849 1591
f 851 1592 850
f 1591 850 1592
f 852 1593 851
f 1592 851 1593
f 853 1594 852
f 1593 852 1594
f 854 1595 853
f 1594 853 1595
f 855 1596 854
f 1595 854 1596
f 856 1597 855
f 1596 855 1597
f 10 1598 856
f 1597 856 1598
f 1598 10 9
f 1598 9 1599
f 1599 9 8
f 1599 8 1600
f 1600 8 7
f 1600 7 1601
f 1601 7 6
f 1601 6 1602
f 1602 6 5
f 1602 5 1603
f 4 1604 5
f 1603 5 1604
f 3 1605 4
f 1604 4 1605
f 2 1606 3
f 1605 3 1606
f 1 1607 2
f 1606 2 1607
f 1607 1 857
f 1607 857 1608
f 1608 857 858
f 1608 858 1609
f 1609 858 859
f 1609 859 1610
f 1610 859 860
f 1610 860 1611
f 1611 860 861
f 1611 861 1612
f 1612 861 862
f 1612 862 1613
f 1613 862 863
f 1613 863 1614
f 1614 863 864
f 1614 864 1615
f 865 1616 864
f 1615 864 1616
f 866 1617 865
f 1616 865 1617
f 867 1618 866
f 1617 866 1618
f 868 1619 867
f 1618 867 1619
f 869 1620 868
f 1619 868 1620
f 870 1621 869
f 1620 869 1621
f 871 1622 870
f 1621 870 1622
f 60 1548 871
f 1622 871 1548
