# Bounding sphere generated for g0_b3_fbms.obj
# bounds_method = minimal enclosing sphere
# source_vertex_count = 1622
# center = (6.2392682909373678e-07, 2.6246242773267185e-07, -2.5196067753406744e-11)
# radius = 1.003424514638263
# relative_padding = 0
# sphere_parameterization = icosphere
# sphere_resolution = icosphere subdivisions 5
# sphere_vertices = 10242
# sphere_faces = 20480
o minimal_bounding_sphere
v -0.52753086208154676 0.85356413695971944 -2.5196067753406744e-11
v 0.52753210993520494 0.85356413695971944 -2.5196067753406744e-11
v -0.52753086208154676 -0.85356361203486408 -2.5196067753406744e-11
v 0.52753210993520494 -0.85356361203486408 -2.5196067753406744e-11
v 6.2392682909373678e-07 -0.52753122354594817 0.8535638744720957
v 6.2392682909373678e-07 0.52753174847080353 0.8535638744720957
v 6.2392682909373678e-07 -0.52753122354594817 -0.85356387452248783
v 6.2392682909373678e-07 0.52753174847080353 -0.85356387452248783
v 0.85356449842412085 2.6246242773267185e-07 -0.52753148603357192
v 0.85356449842412085 2.6246242773267185e-07 0.52753148598317978
v -0.85356325057046267 2.6246242773267185e-07 -0.52753148603357192
v -0.85356325057046267 2.6246242773267185e-07 0.52753148598317978
v -0.81178686098795894 0.50171251978155929 0.31007522757046041
v -0.50171163339230251 0.31007549005808421 0.81178748488959196
v -0.31007460366882733 0.8117877473772156 0.50171225729393543
v 0.31007585152248551 0.8117877473772156 0.50171225729393543
v 6.2392682909373678e-07 1.0034247771006908 -2.5196067753406744e-11
v 0.31007585152248551 0.8117877473772156 -0.50171225734432756
v -0.31007460366882733 0.8117877473772156 -0.50171225734432756
v -0.50171163339230251 0.31007549005808421 -0.81178748493998409
v -0.81178686098795894 0.50171251978155929 -0.31007522762085254
v -1.0034238907114339 2.6246242773267185e-07 -2.5196067753406744e-11
v 0.5017128812459607 0.31007549005808421 0.81178748488959196
v 0.81178810884161712 0.50171251978155929 0.31007522757046041
v -0.50171163339230251 -0.31007496513322874 0.81178748488959196
v 6.2392682909373678e-07 2.6246242773267185e-07 1.0034245146130669
v -0.81178686098795894 -0.50171199485670392 -0.31007522762085254
v -0.81178686098795894 -0.50171199485670392 0.31007522757046041
v 6.2392682909373678e-07 2.6246242773267185e-07 -1.0034245146634591
v -0.50171163339230251 -0.31007496513322874 -0.81178748493998409
v 0.81178810884161712 0.50171251978155929 -0.31007522762085254
v 0.5017128812459607 0.31007549005808421 -0.81178748493998409
v 0.81178810884161712 -0.50171199485670392 0.31007522757046041
v 0.5017128812459607 -0.31007496513322874 0.81178748488959196
v 0.31007585152248551 -0.81178722245236024 0.50171225729393543
v -0.31007460366882733 -0.81178722245236024 0.50171225729393543
v 6.2392682909373678e-07 -1.0034242521758352 -2.5196067753406744e-11
v -0.31007460366882733 -0.81178722245236024 -0.50171225734432756
v 0.31007585152248551 -0.81178722245236024 -0.50171225734432756
v 0.5017128812459607 -0.31007496513322874 -0.81178748493998409
v 0.81178810884161712 -0.50171199485670392 -0.31007522762085254
v 1.0034251385650921 2.6246242773267185e-07 -2.5196067753406744e-11
v -0.69615571503476692 0.70445087556546726 0.16117208812710393
v -0.58979750756627469 0.69054794271526143 0.42678193722344976
v -0.43537379836655127 0.86562296371776715 0.26078191664301953
v -0.70444998917621049 0.16117235061472773 0.69615633893639994
v -0.69054705632600477 0.42678219971107367 0.58979813146790772
v -0.86562207732851038 0.26078217913064339 0.43537442226818435
v -0.16117146422547088 0.69615660142402369 0.7044506130778434
v -0.42678131332181679 0.58979839395553146 0.69054768022763779
v -0.26078129274138656 0.43537468475580815 0.8656227012301434
v -0.16301557031762884 0.95431368571944952 0.26376574297899186
v -0.27420171021425138 0.96523279223368297 -2.5196067753406744e-11
v 0.16117271207912906 0.69615660142402369 0.7044506130778434
v 6.2392682909373678e-07 0.85356413695971933 0.52753148598317978
v 0.27420295806790956 0.96523279223368297 -2.5196067753406744e-11
v 0.16301681817128702 0.95431368571944952 0.26376574297899186
v 0.43537504622020945 0.86562296371776715 0.26078191664301953
v -0.16301557031762884 0.95431368571944952 -0.26376574302938399
v -0.43537379836655127 0.86562296371776715 -0.26078191669341166
v 0.43537504622020945 0.86562296371776715 -0.26078191669341166
v 0.16301681817128702 0.95431368571944952 -0.26376574302938399
v -0.16117146422547088 0.69615660142402369 -0.70445061312823554
v 6.2392682909373678e-07 0.85356413695971933 -0.52753148603357192
v 0.16117271207912906 0.69615660142402369 -0.70445061312823554
v -0.58979750756627469 0.69054794271526143 -0.42678193727384189
v -0.69615571503476692 0.70445087556546726 -0.16117208817749606
v -0.26078129274138656 0.43537468475580815 -0.86562270128053553
v -0.42678131332181679 0.58979839395553146 -0.69054768027802993
v -0.86562207732851038 0.26078217913064339 -0.43537442231857648
v -0.69054705632600477 0.42678219971107367 -0.58979813151829985
v -0.70444998917621049 0.16117235061472773 -0.69615633898679208
v -0.85356325057046256 0.52753174847080364 -2.5196067753406744e-11
v -0.9652319058444262 2.6246242773267185e-07 -0.27420233416627654
v -0.95431279933019275 0.26376600546661572 -0.16301619426965402
v -0.95431279933019275 0.26376600546661572 0.16301619421926189
v -0.9652319058444262 2.6246242773267185e-07 0.27420233411588441
v 0.58979875541993287 0.69054794271526143 0.42678193722344976
v 0.6961569628884251 0.70445087556546726 0.16117208812710393
v 0.26078254059504474 0.43537468475580815 0.8656227012301434
v 0.42678256117547497 0.58979839395553146 0.69054768022763779
v 0.86562332518216856 0.26078217913064339 0.43537442226818435
v 0.69054830417966295 0.42678219971107367 0.58979813146790772
v 0.70445123702986867 0.16117235061472773 0.69615633893639994
v -0.26376511907735889 0.16301645670688569 0.95431342323182577
v 6.2392682909373678e-07 0.27420259660350821 0.96523252974605922
v -0.70444998917621049 -0.16117182568987226 0.69615633893639994
v -0.52753086208154687 2.6246242773267185e-07 0.85356387447209559
v 6.2392682909373678e-07 -0.27420207167865274 0.96523252974605922
v -0.26376511907735889 -0.16301593178203022 0.95431342323182577
v -0.26078129274138656 -0.43537415983095268 0.8656227012301434
v -0.95431279933019275 -0.26376548054176024 0.16301619421926189
v -0.86562207732851038 -0.26078165420578792 0.43537442226818435
v -0.86562207732851038 -0.26078165420578792 -0.43537442231857648
v -0.95431279933019275 -0.26376548054176024 -0.16301619426965402
v -0.69615571503476692 -0.7044503506406119 0.16117208812710393
v -0.85356325057046256 -0.52753122354594828 -2.5196067753406744e-11
v -0.69615571503476692 -0.7044503506406119 -0.16117208817749606
v -0.52753086208154687 2.6246242773267185e-07 -0.85356387452248772
v -0.70444998917621049 -0.16117182568987226 -0.69615633898679208
v 6.2392682909373678e-07 0.27420259660350821 -0.96523252979645136
v -0.26376511907735889 0.16301645670688569 -0.95431342328221791
v -0.26078129274138656 -0.43537415983095268 -0.86562270128053553
v -0.26376511907735889 -0.16301593178203022 -0.95431342328221791
v 6.2392682909373678e-07 -0.27420207167865274 -0.96523252979645136
v 0.42678256117547497 0.58979839395553146 -0.69054768027802993
v 0.26078254059504474 0.43537468475580815 -0.86562270128053553
v 0.6961569628884251 0.70445087556546726 -0.16117208817749606
v 0.58979875541993287 0.69054794271526143 -0.42678193727384189
v 0.70445123702986867 0.16117235061472773 -0.69615633898679208
v 0.69054830417966295 0.42678219971107367 -0.58979813151829985
v 0.86562332518216856 0.26078217913064339 -0.43537442231857648
v 0.6961569628884251 -0.7044503506406119 0.16117208812710393
v 0.58979875541993287 -0.69054741779040607 0.42678193722344976
v 0.43537504622020945 -0.86562243879291179 0.26078191664301953
v 0.70445123702986867 -0.16117182568987226 0.69615633893639994
v 0.69054830417966295 -0.4267816747862182 0.58979813146790772
v 0.86562332518216856 -0.26078165420578792 0.43537442226818435
v 0.16117271207912906 -0.69615607649916833 0.7044506130778434
v 0.42678256117547497 -0.5897978690306761 0.69054768022763779
v 0.26078254059504474 -0.43537415983095268 0.8656227012301434
v 0.16301681817128702 -0.95431316079459416 0.26376574297899186
v 0.27420295806790956 -0.96523226730882761 -2.5196067753406744e-11
v -0.16117146422547088 -0.69615607649916833 0.7044506130778434
v 6.2392682909373678e-07 -0.85356361203486397 0.52753148598317978
v -0.27420171021425138 -0.96523226730882761 -2.5196067753406744e-11
v -0.16301557031762884 -0.95431316079459416 0.26376574297899186
v -0.43537379836655127 -0.86562243879291179 0.26078191664301953
v 0.16301681817128702 -0.95431316079459416 -0.26376574302938399
v 0.43537504622020945 -0.86562243879291179 -0.26078191669341166
v -0.43537379836655127 -0.86562243879291179 -0.26078191669341166
v -0.16301557031762884 -0.95431316079459416 -0.26376574302938399
v 0.16117271207912906 -0.69615607649916833 -0.70445061312823554
v 6.2392682909373678e-07 -0.85356361203486397 -0.52753148603357192
v -0.16117146422547088 -0.69615607649916833 -0.70445061312823554
v 0.58979875541993287 -0.69054741779040607 -0.42678193727384189
v 0.6961569628884251 -0.7044503506406119 -0.16117208817749606
v 0.26078254059504474 -0.43537415983095268 -0.86562270128053553
v 0.42678256117547497 -0.5897978690306761 -0.69054768027802993
v 0.86562332518216856 -0.26078165420578792 -0.43537442231857648
v 0.69054830417966295 -0.4267816747862182 -0.58979813151829985
v 0.70445123702986867 -0.16117182568987226 -0.69615633898679208
v 0.85356449842412074 -0.52753122354594828 -2.5196067753406744e-11
v 0.96523315369808438 2.6246242773267185e-07 -0.27420233416627654
v 0.95431404718385093 -0.26376548054176024 -0.16301619426965402
v 0.95431404718385093 -0.26376548054176024 0.16301619421926189
v 0.96523315369808438 2.6246242773267185e-07 0.27420233411588441
v 0.26376636693101707 -0.16301593178203022 0.95431342323182577
v 0.52753210993520505 2.6246242773267185e-07 0.85356387447209559
v 0.26376636693101707 0.16301645670688569 0.95431342323182577
v -0.58979750756627469 -0.69054741779040607 0.42678193722344976
v -0.42678131332181679 -0.5897978690306761 0.69054768022763779
v -0.69054705632600477 -0.4267816747862182 0.58979813146790772
v -0.42678131332181679 -0.5897978690306761 -0.69054768027802993
v -0.58979750756627469 -0.69054741779040607 -0.42678193727384189
v -0.69054705632600477 -0.4267816747862182 -0.58979813151829985
v 0.52753210993520505 2.6246242773267185e-07 -0.85356387452248772
v 0.26376636693101707 -0.16301593178203022 -0.95431342328221791
v 0.26376636693101707 0.16301645670688569 -0.95431342328221791
v 0.95431404718385093 0.26376600546661572 0.16301619421926189
v 0.95431404718385093 0.26376600546661572 -0.16301619426965402
v 0.85356449842412074 0.52753174847080364 -2.5196067753406744e-11
v -0.61774967205926323 0.78652758685526669 0.081363974616966539
v -0.57320729487772182 0.79536393061031541 0.21375236554563387
v -0.48609999562845968 0.86789156149742941 0.13164967640560757
v -0.70952765478270674 0.6035610662953258 0.37302109102074277
v -0.64962834146298021 0.70471517955657026 0.29701826461284825
v -0.76124969214368921 0.6089034933407893 0.23789823091707493
v -0.37632226861562285 0.84680172428306044 0.38492742350287029
v -0.51788846216722073 0.78613490263515817 0.34733842083001976
v -0.45554457292470812 0.76053124345101575 0.47003399572305149
v -0.78652670046600992 0.081364237104590342 0.61775029596089626
v -0.79536304422105863 0.2137526280332577 0.57320791877935484
v -0.86789067510817264 0.1316499388932314 0.4861006195300927
v -0.60356017990606914 0.37302135350836663 0.70952827868433976
v -0.70471429316731338 0.29701852710047205 0.64962896536461312
v -0.60890260695153253 0.23789849340469874 0.76125031604532223
v -0.84680083789380356 0.38492768599049421 0.37632289251725592
v -0.78613401624590129 0.34733868331764362 0.51788908606885387
v -0.76053035706175898 0.4700342582106754 0.45554519682634115
v -0.081363350715333502 0.61775055844852012 0.78652732436764305
v -0.21375174164400088 0.57320818126697859 0.79536366812269155
v -0.13164905250397457 0.48610088201771651 0.86789129900980566
v -0.3730204671191098 0.70952854117196351 0.60356080380770205
v -0.29701764071121523 0.64962922785223687 0.7047149170689464
v -0.23789760701544191 0.76125057853294598 0.60890323085316556
v -0.38492679960123738 0.37632315500487973 0.84680146179543658
v -0.34733779692838673 0.51788934855647761 0.78613464014753431
v -0.47003337182141858 0.45554545931396495 0.760530980963392
v -0.64879138298368966 0.56618677103609261 0.51513350291867022
v -0.56618588464683584 0.51513376540629396 0.64879200688532268
v -0.5151328790170373 0.64879226937294643 0.56618650854846886
v -0.35945492930689193 0.92747015770878105 0.13210622707326963
v -0.40473602098629713 0.91817726328607041 -2.5196067753406744e-11
v -0.23949365903445918 0.89405805153566642 0.38750988991745317
v -0.30228992060776438 0.91938212924380902 0.26498710587921415
v -0.1384240376733519 0.99383091686885572 -2.5196067753406744e-11
v -0.22087019752917653 0.96970228546098047 0.13324722658345473
v -0.082523481878769206 0.99107095623797514 0.13352680805945452
v 0.081364598568991683 0.61775055844852012 0.78652732436764305
v 6.2392682909373678e-07 0.70531440836544423 0.71371752965032742
v 0.15697080108251907 0.84305534925661418 0.52103669800210373
v 0.081420347005416963 0.78287645446088783 0.62236360211814079
v 0.23789885486910009 0.76125057853294598 0.60890323085316556
v -0.081419099151758781 0.78287645446088783 0.62236360211814079
v -0.15696955322886089 0.84305534925661418 0.52103669800210373
v 0.40473726883995531 0.91817726328607041 -2.5196067753406744e-11
v 0.35945617716055012 0.92747015770878105 0.13210622707326963
v 0.48610124348211786 0.86789156149742941 0.13164967640560757
v 0.082524729732427388 0.99107095623797514 0.13352680805945452
v 0.22087144538283471 0.96970228546098047 0.13324722658345473
v 0.13842528552701008 0.99383091686885572 -2.5196067753406744e-11
v 0.37632351646928103 0.84680172428306044 0.38492742350287029
v 0.30229116846142257 0.91938212924380902 0.26498710587921415
v 0.23949490688811736 0.89405805153566642 0.38750988991745317
v -0.082604874410024731 0.91610927730625125 0.40097551187476121
v 0.082606122263682913 0.91610927730625125 0.40097551187476121
v 6.2392682909373678e-07 0.96716228293604978 0.26731700790810869
v -0.35945492930689193 0.92747015770878105 -0.13210622712366177
v -0.48609999562845968 0.86789156149742941 -0.1316496764559997
v -0.082523481878769206 0.99107095623797514 -0.13352680810984666
v -0.22087019752917653 0.96970228546098047 -0.13324722663384686
v -0.37632226861562285 0.84680172428306044 -0.38492742355326243
v -0.30228992060776438 0.91938212924380902 -0.26498710592960628
v -0.23949365903445918 0.89405805153566642 -0.3875098899678453
v 0.48610124348211786 0.86789156149742941 -0.1316496764559997
v 0.35945617716055012 0.92747015770878105 -0.13210622712366177
v 0.23949490688811736 0.89405805153566642 -0.3875098899678453
v 0.30229116846142257 0.91938212924380902 -0.26498710592960628
v 0.37632351646928103 0.84680172428306044 -0.38492742355326243
v 0.22087144538283471 0.96970228546098047 -0.13324722663384686
v 0.082524729732427388 0.99107095623797514 -0.13352680810984666
v -0.081363350715333502 0.61775055844852012 -0.78652732441803519
v 6.2392682909373678e-07 0.70531440836544423 -0.71371752970071956
v 0.081364598568991683 0.61775055844852012 -0.78652732441803519
v -0.15696955322886089 0.84305534925661418 -0.52103669805249586
v -0.081419099151758781 0.78287645446088783 -0.62236360216853293
v -0.23789760701544191 0.76125057853294598 -0.60890323090355769
v 0.23789885486910009 0.76125057853294598 -0.60890323090355769
v 0.081420347005416963 0.78287645446088783 -0.62236360216853293
v 0.15697080108251907 0.84305534925661418 -0.52103669805249586
v 6.2392682909373678e-07 0.96716228293604978 -0.26731700795850083
v 0.082606122263682913 0.91610927730625125 -0.40097551192515335
v -0.082604874410024731 0.91610927730625125 -0.40097551192515335
v -0.57320729487772182 0.79536393061031541 -0.21375236559602601
v -0.61774967205926323 0.78652758685526669 -0.081363974667358674
v -0.45554457292470812 0.76053124345101575 -0.47003399577344362
v -0.51788846216722073 0.78613490263515817 -0.34733842088041189
v -0.76124969214368921 0.6089034933407893 -0.23789823096746707
v -0.64962834146298021 0.70471517955657026 -0.29701826466324038
v -0.70952765478270674 0.6035610662953258 -0.3730210910711349
v -0.13164905250397457 0.48610088201771651 -0.8678912990601978
v -0.21375174164400088 0.57320818126697859 -0.79536366817308368
v -0.47003337182141858 0.45554545931396495 -0.76053098101378414
v -0.34733779692838673 0.51788934855647761 -0.78613464019792645
v -0.38492679960123738 0.37632315500487973 -0.84680146184582872
v -0.29701764071121523 0.64962922785223687 -0.70471491711933854
v -0.3730204671191098 0.70952854117196351 -0.60356080385809419
v -0.86789067510817264 0.1316499388932314 -0.48610061958048484
v -0.79536304422105863 0.2137526280332577 -0.57320791882974698
v -0.78652670046600992 0.081364237104590342 -0.61775029601128839
v -0.76053035706175898 0.4700342582106754 -0.45554519687673328
v -0.78613401624590129 0.34733868331764362 -0.517889086119246
v -0.84680083789380356 0.38492768599049421 -0.37632289256764806
v -0.60890260695153253 0.23789849340469874 -0.76125031609571436
v -0.70471429316731338 0.29701852710047205 -0.64962896541500526
v -0.60356017990606914 0.37302135350836663 -0.7095282787347319
v -0.5151328790170373 0.64879226937294643 -0.56618650859886099
v -0.56618588464683584 0.51513376540629396 -0.64879200693571482
v -0.64879138298368966 0.56618677103609261 -0.51513350296906235
v -0.70531352197618746 0.71371779213795128 -2.5196067753406744e-11
v -0.8430544628673573 0.5210369604897277 -0.15697017718088604
v -0.78287556807163106 0.62236386460576454 -0.081419723103783953
v -0.78287556807163106 0.62236386460576454 0.081419723053391818
v -0.8430544628673573 0.5210369604897277 0.15697017713049391
v -0.91817637689681364 2.6246242773267185e-07 -0.40473664493832229
v -0.92746927131952428 0.13210648956089346 -0.35945555325891709
v -0.99107006984871837 0.13352707054707835 -0.082524105830794378
v -0.9697013990717237 0.13324748907107856 -0.22087082148120168
v -0.99383003047959895 2.6246242773267185e-07 -0.13842466162537706
v -0.91938124285455214 0.26498736836683806 -0.3022905445597896
v -0.89405716514640965 0.38751015240507708 -0.2394942829864844
v -0.92746927131952428 0.13210648956089346 0.35945555320852496
v -0.91817637689681364 2.6246242773267185e-07 0.40473664488793015
v -0.89405716514640965 0.38751015240507708 0.23949428293609226
v -0.91938124285455214 0.26498736836683806 0.30229054450939746
v -0.99383003047959895 2.6246242773267185e-07 0.13842466157498493
v -0.9697013990717237 0.13324748907107856 0.22087082143080955
v -0.99107006984871837 0.13352707054707835 0.082524105780402243
v -0.91610839091699448 0.40097577436238502 -0.082605498362049889
v -0.96716139654679301 0.26731727039573255 -2.5196067753406744e-11
v -0.91610839091699448 0.40097577436238502 0.082605498311657755
v 0.57320854273138 0.79536393061031541 0.21375236554563387
v 0.61775091991292141 0.78652758685526669 0.081363974616966539
v 0.45554582077836631 0.76053124345101575 0.47003399572305149
v 0.51788971002087891 0.78613490263515817 0.34733842083001976
v 0.76125093999734739 0.6089034933407893 0.23789823091707493
v 0.64962958931663839 0.70471517955657026 0.29701826461284825
v 0.70952890263636492 0.6035610662953258 0.37302109102074277
v 0.13165030035763275 0.48610088201771651 0.86789129900980566
v 0.21375298949765906 0.57320818126697859 0.79536366812269155
v 0.47003461967507676 0.45554545931396495 0.760530980963392
v 0.34733904478204491 0.51788934855647761 0.78613464014753431
v 0.38492804745489556 0.37632315500487973 0.84680146179543658
v 0.29701888856487341 0.64962922785223687 0.7047149170689464
v 0.37302171497276798 0.70952854117196351 0.60356080380770205
v 0.86789192296183082 0.1316499388932314 0.4861006195300927
v 0.79536429207471682 0.2137526280332577 0.57320791877935484
v 0.7865279483196681 0.081364237104590342 0.61775029596089626
v 0.76053160491541716 0.4700342582106754 0.45554519682634115
v 0.78613526409955947 0.34733868331764362 0.51788908606885387
v 0.84680208574746174 0.38492768599049421 0.37632289251725592
v 0.60890385480519071 0.23789849340469874 0.76125031604532223
v 0.70471554102097156 0.29701852710047205 0.64962896536461312
v 0.60356142775972732 0.37302135350836663 0.70952827868433976
v 0.51513412687069549 0.64879226937294643 0.56618650854846886
v 0.56618713250049402 0.51513376540629396 0.64879200688532268
v 0.64879263083734784 0.56618677103609261 0.51513350291867022
v -0.13210560317163664 0.35945581569614876 0.9274698952211573
v 6.2392682909373678e-07 0.40473690737555396 0.91817700079844666
v -0.38750926601582025 0.23949454542371607 0.89405778904804267
v -0.26498648197758123 0.30229080699702127 0.91938186675618516
v 6.2392682909373678e-07 0.13842492406260873 0.99383065438123197
v -0.13324660268182173 0.22087108391843335 0.96970202297335673
v -0.13352618415782153 0.082524368268026047 0.99107069375035139
v -0.78652670046600992 -0.081363712179734871 0.61775029596089626
v -0.71371690574869451 2.6246242773267185e-07 0.70531414587782049
v -0.52103607410047093 -0.15696991469326224 0.84305508676899032
v -0.62236297821650777 -0.08141946061616015 0.78287619197326408
v -0.60890260695153253 -0.23789796847984326 0.76125031604532223
v -0.62236297821650777 0.081419985541015621 0.78287619197326408
v -0.52103607410047093 0.15697043961811771 0.84305508676899032
v 6.2392682909373678e-07 -0.40473638245069848 0.91817700079844666
v -0.13210560317163664 -0.35945529077129329 0.9274698952211573
v -0.13164905250397457 -0.48610035709286104 0.86789129900980566
v -0.13352618415782153 -0.082523843343170575 0.99107069375035139
v -0.13324660268182173 -0.22087055899357788 0.96970202297335673
v 6.2392682909373678e-07 -0.13842439913775326 0.99383065438123197
v -0.38492679960123738 -0.37632263008002426 0.84680146179543658
v -0.26498648197758123 -0.30229028207216579 0.91938186675618516
v -0.38750926601582025 -0.23949402049886059 0.89405778904804267
v -0.40097488797312819 0.082605760799281558 0.9161090148186275
v -0.40097488797312819 -0.082605235874426086 0.9161090148186275
v -0.26731638400647573 2.6246242773267185e-07 0.96716202044842603
v -0.92746927131952428 -0.13210596463603799 0.35945555320852496
v -0.86789067510817264 -0.13164941396837593 0.4861006195300927
v -0.99107006984871837 -0.13352654562222288 0.082524105780402243
v -0.9697013990717237 -0.13324696414622308 0.22087082143080955
v -0.84680083789380356 -0.38492716106563873 0.37632289251725592
v -0.91938124285455214 -0.26498684344198259 0.30229054450939746
v -0.89405716514640965 -0.38750962748022161 0.23949428293609226
v -0.86789067510817264 -0.13164941396837593 -0.48610061958048484
v -0.92746927131952428 -0.13210596463603799 -0.35945555325891709
v -0.89405716514640965 -0.38750962748022161 -0.2394942829864844
v -0.91938124285455214 -0.26498684344198259 -0.3022905445597896
v -0.84680083789380356 -0.38492716106563873 -0.37632289256764806
v -0.9697013990717237 -0.13324696414622308 -0.22087082148120168
v -0.99107006984871837 -0.13352654562222288 -0.082524105830794378
v -0.61774967205926323 -0.78652706193041133 0.081363974616966539
v -0.70531352197618746 -0.71371726721309592 -2.5196067753406744e-11
v -0.61774967205926323 -0.78652706193041133 -0.081363974667358674
v -0.8430544628673573 -0.52103643556487234 0.15697017713049391
v -0.78287556807163106 -0.62236333968090918 0.081419723053391818
v -0.76124969214368921 -0.60890296841593394 0.23789823091707493
v -0.76124969214368921 -0.60890296841593394 -0.23789823096746707
v -0.78287556807163106 -0.62236333968090918 -0.081419723103783953
v -0.8430544628673573 -0.52103643556487234 -0.15697017718088604
v -0.96716139654679301 -0.26731674547087708 -2.5196067753406744e-11
v -0.91610839091699448 -0.40097524943752955 -0.082605498362049889
v -0.91610839091699448 -0.40097524943752955 0.082605498311657755
v -0.71371690574869451 2.6246242773267185e-07 -0.70531414592821262
v -0.78652670046600992 -0.081363712179734871 -0.61775029601128839
v -0.52103607410047093 0.15697043961811771 -0.84305508681938246
v -0.62236297821650777 0.081419985541015621 -0.78287619202365621
v -0.60890260695153253 -0.23789796847984326 -0.76125031609571436
v -0.62236297821650777 -0.08141946061616015 -0.78287619202365621
v -0.52103607410047093 -0.15696991469326224 -0.84305508681938246
v 6.2392682909373678e-07 0.40473690737555396 -0.9181770008488388
v -0.13210560317163664 0.35945581569614876 -0.92746989527154944
v -0.13352618415782153 0.082524368268026047 -0.99107069380074353
v -0.13324660268182173 0.22087108391843335 -0.96970202302374886
v 6.2392682909373678e-07 0.13842492406260873 -0.99383065443162411
v -0.26498648197758123 0.30229080699702127 -0.9193818668065773
v -0.38750926601582025 0.23949454542371607 -0.89405778909843481
v -0.13164905250397457 -0.48610035709286104 -0.8678912990601978
v -0.13210560317163664 -0.35945529077129329 -0.92746989527154944
v 6.2392682909373678e-07 -0.40473638245069848 -0.9181770008488388
v -0.38750926601582025 -0.23949402049886059 -0.89405778909843481
v -0.26498648197758123 -0.30229028207216579 -0.9193818668065773
v -0.38492679960123738 -0.37632263008002426 -0.84680146184582872
v 6.2392682909373678e-07 -0.13842439913775326 -0.99383065443162411
v -0.13324660268182173 -0.22087055899357788 -0.96970202302374886
v -0.13352618415782153 -0.082523843343170575 -0.99107069380074353
v -0.40097488797312819 0.082605760799281558 -0.91610901486901963
v -0.26731638400647573 2.6246242773267185e-07 -0.96716202049881816
v -0.40097488797312819 -0.082605235874426086 -0.91610901486901963
v 0.21375298949765906 0.57320818126697859 -0.79536366817308368
v 0.13165030035763275 0.48610088201771651 -0.8678912990601978
v 0.37302171497276798 0.70952854117196351 -0.60356080385809419
v 0.29701888856487341 0.64962922785223687 -0.70471491711933854
v 0.38492804745489556 0.37632315500487973 -0.84680146184582872
v 0.34733904478204491 0.51788934855647761 -0.78613464019792645
v 0.47003461967507676 0.45554545931396495 -0.76053098101378414
v 0.61775091991292141 0.78652758685526669 -0.081363974667358674
v 0.57320854273138 0.79536393061031541 -0.21375236559602601
v 0.70952890263636492 0.6035610662953258 -0.3730210910711349
v 0.64962958931663839 0.70471517955657026 -0.29701826466324038
v 0.76125093999734739 0.6089034933407893 -0.23789823096746707
v 0.51788971002087891 0.78613490263515817 -0.34733842088041189
v 0.45554582077836631 0.76053124345101575 -0.47003399577344362
v 0.7865279483196681 0.081364237104590342 -0.61775029601128839
v 0.79536429207471682 0.2137526280332577 -0.57320791882974698
v 0.86789192296183082 0.1316499388932314 -0.48610061958048484
v 0.60356142775972732 0.37302135350836663 -0.7095282787347319
v 0.70471554102097156 0.29701852710047205 -0.64962896541500526
v 0.60890385480519071 0.23789849340469874 -0.76125031609571436
v 0.84680208574746174 0.38492768599049421 -0.37632289256764806
v 0.78613526409955947 0.34733868331764362 -0.517889086119246
v 0.76053160491541716 0.4700342582106754 -0.45554519687673328
v 0.51513412687069549 0.64879226937294643 -0.56618650859886099
v 0.64879263083734784 0.56618677103609261 -0.51513350296906235
v 0.56618713250049402 0.51513376540629396 -0.64879200693571482
v 0.61775091991292141 -0.78652706193041133 0.081363974616966539
v 0.57320854273138 -0.79536340568546005 0.21375236554563387
v 0.48610124348211786 -0.86789103657257405 0.13164967640560757
v 0.70952890263636492 -0.60356054137047044 0.37302109102074277
v 0.64962958931663839 -0.7047146546317149 0.29701826461284825
v 0.76125093999734739 -0.60890296841593394 0.23789823091707493
v 0.37632351646928103 -0.84680119935820508 0.38492742350287029
v 0.51788971002087891 -0.78613437771030281 0.34733842083001976
v 0.45554582077836631 -0.76053071852616039 0.47003399572305149
v 0.7865279483196681 -0.081363712179734871 0.61775029596089626
v 0.79536429207471682 -0.21375210310840223 0.57320791877935484
v 0.86789192296183082 -0.13164941396837593 0.4861006195300927
v 0.60356142775972732 -0.37302082858351115 0.70952827868433976
v 0.70471554102097156 -0.29701800217561658 0.64962896536461312
v 0.60890385480519071 -0.23789796847984326 0.76125031604532223
v 0.84680208574746174 -0.38492716106563873 0.37632289251725592
v 0.78613526409955947 -0.34733815839278814 0.51788908606885387
v 0.76053160491541716 -0.47003373328581993 0.45554519682634115
v 0.081364598568991683 -0.61775003352366475 0.78652732436764305
v 0.21375298949765906 -0.57320765634212323 0.79536366812269155
v 0.13165030035763275 -0.48610035709286104 0.86789129900980566
v 0.37302171497276798 -0.70952801624710815 0.60356080380770205
v 0.29701888856487341 -0.64962870292738151 0.7047149170689464
v 0.23789885486910009 -0.76125005360809062 0.60890323085316556
v 0.38492804745489556 -0.37632263008002426 0.84680146179543658
v 0.34733904478204491 -0.51788882363162225 0.78613464014753431
v 0.47003461967507676 -0.45554493438910948 0.760530980963392
v 0.64879263083734784 -0.56618624611123725 0.51513350291867022
v 0.56618713250049402 -0.5151332404814386 0.64879200688532268
v 0.51513412687069549 -0.64879174444809107 0.56618650854846886
v 0.35945617716055012 -0.92746963278392569 0.13210622707326963
v 0.40473726883995531 -0.91817673836121505 -2.5196067753406744e-11
v 0.23949490688811736 -0.89405752661081106 0.38750988991745317
v 0.30229116846142257 -0.91938160431895366 0.26498710587921415
v 0.13842528552701008 -0.99383039194400036 -2.5196067753406744e-11
v 0.22087144538283471 -0.96970176053612511 0.13324722658345473
v 0.082524729732427388 -0.99107043131311978 0.13352680805945452
v -0.081363350715333502 -0.61775003352366475 0.78652732436764305
v 6.2392682909373678e-07 -0.70531388344058887 0.71371752965032742
v -0.15696955322886089 -0.84305482433175882 0.52103669800210373
v -0.081419099151758781 -0.78287592953603247 0.62236360211814079
v -0.23789760701544191 -0.76125005360809062 0.60890323085316556
v 0.081420347005416963 -0.78287592953603247 0.62236360211814079
v 0.15697080108251907 -0.84305482433175882 0.52103669800210373
v -0.40473602098629713 -0.91817673836121505 -2.5196067753406744e-11
v -0.35945492930689193 -0.92746963278392569 0.13210622707326963
v -0.48609999562845968 -0.86789103657257405 0.13164967640560757
v -0.082523481878769206 -0.99107043131311978 0.13352680805945452
v -0.22087019752917653 -0.96970176053612511 0.13324722658345473
v -0.1384240376733519 -0.99383039194400036 -2.5196067753406744e-11
v -0.37632226861562285 -0.84680119935820508 0.38492742350287029
v -0.30228992060776438 -0.91938160431895366 0.26498710587921415
v -0.23949365903445918 -0.89405752661081106 0.38750988991745317
v 0.082606122263682913 -0.91610875238139589 0.40097551187476121
v -0.082604874410024731 -0.91610875238139589 0.40097551187476121
v 6.2392682909373678e-07 -0.96716175801119442 0.26731700790810869
v 0.35945617716055012 -0.92746963278392569 -0.13210622712366177
v 0.48610124348211786 -0.86789103657257405 -0.1316496764559997
v 0.082524729732427388 -0.99107043131311978 -0.13352680810984666
v 0.22087144538283471 -0.96970176053612511 -0.13324722663384686
v 0.37632351646928103 -0.84680119935820508 -0.38492742355326243
v 0.30229116846142257 -0.91938160431895366 -0.26498710592960628
v 0.23949490688811736 -0.89405752661081106 -0.3875098899678453
v -0.48609999562845968 -0.86789103657257405 -0.1316496764559997
v -0.35945492930689193 -0.92746963278392569 -0.13210622712366177
v -0.23949365903445918 -0.89405752661081106 -0.3875098899678453
v -0.30228992060776438 -0.91938160431895366 -0.26498710592960628
v -0.37632226861562285 -0.84680119935820508 -0.38492742355326243
v -0.22087019752917653 -0.96970176053612511 -0.13324722663384686
v -0.082523481878769206 -0.99107043131311978 -0.13352680810984666
v 0.081364598568991683 -0.61775003352366475 -0.78652732441803519
v 6.2392682909373678e-07 -0.70531388344058887 -0.71371752970071956
v -0.081363350715333502 -0.61775003352366475 -0.78652732441803519
v 0.15697080108251907 -0.84305482433175882 -0.52103669805249586
v 0.081420347005416963 -0.78287592953603247 -0.62236360216853293
v 0.23789885486910009 -0.76125005360809062 -0.60890323090355769
v -0.23789760701544191 -0.76125005360809062 -0.60890323090355769
v -0.081419099151758781 -0.78287592953603247 -0.62236360216853293
v -0.15696955322886089 -0.84305482433175882 -0.52103669805249586
v 6.2392682909373678e-07 -0.96716175801119442 -0.26731700795850083
v -0.082604874410024731 -0.91610875238139589 -0.40097551192515335
v 0.082606122263682913 -0.91610875238139589 -0.40097551192515335
v 0.57320854273138 -0.79536340568546005 -0.21375236559602601
v 0.61775091991292141 -0.78652706193041133 -0.081363974667358674
v 0.45554582077836631 -0.76053071852616039 -0.47003399577344362
v 0.51788971002087891 -0.78613437771030281 -0.34733842088041189
v 0.76125093999734739 -0.60890296841593394 -0.23789823096746707
v 0.64962958931663839 -0.7047146546317149 -0.29701826466324038
v 0.70952890263636492 -0.60356054137047044 -0.3730210910711349
v 0.13165030035763275 -0.48610035709286104 -0.8678912990601978
v 0.21375298949765906 -0.57320765634212323 -0.79536366817308368
v 0.47003461967507676 -0.45554493438910948 -0.76053098101378414
v 0.34733904478204491 -0.51788882363162225 -0.78613464019792645
v 0.38492804745489556 -0.37632263008002426 -0.84680146184582872
v 0.29701888856487341 -0.64962870292738151 -0.70471491711933854
v 0.37302171497276798 -0.70952801624710815 -0.60356080385809419
v 0.86789192296183082 -0.13164941396837593 -0.48610061958048484
v 0.79536429207471682 -0.21375210310840223 -0.57320791882974698
v 0.7865279483196681 -0.081363712179734871 -0.61775029601128839
v 0.76053160491541716 -0.47003373328581993 -0.45554519687673328
v 0.78613526409955947 -0.34733815839278814 -0.517889086119246
v 0.84680208574746174 -0.38492716106563873 -0.37632289256764806
v 0.60890385480519071 -0.23789796847984326 -0.76125031609571436
v 0.70471554102097156 -0.29701800217561658 -0.64962896541500526
v 0.60356142775972732 -0.37302082858351115 -0.7095282787347319
v 0.51513412687069549 -0.64879174444809107 -0.56618650859886099
v 0.56618713250049402 -0.5151332404814386 -0.64879200693571482
v 0.64879263083734784 -0.56618624611123725 -0.51513350296906235
v 0.70531476982984564 -0.71371726721309592 -2.5196067753406744e-11
v 0.84305571072101548 -0.52103643556487234 -0.15697017718088604
v 0.78287681592528924 -0.62236333968090918 -0.081419723103783953
v 0.78287681592528924 -0.62236333968090918 0.081419723053391818
v 0.84305571072101548 -0.52103643556487234 0.15697017713049391
v 0.91817762475047182 2.6246242773267185e-07 -0.40473664493832229
v 0.92747051917318246 -0.13210596463603799 -0.35945555325891709
v 0.99107131770237655 -0.13352654562222288 -0.082524105830794378
v 0.96970264692538188 -0.13324696414622308 -0.22087082148120168
v 0.99383127833325713 2.6246242773267185e-07 -0.13842466162537706
v 0.91938249070821032 -0.26498684344198259 -0.3022905445597896
v 0.89405841300006783 -0.38750962748022161 -0.2394942829864844
v 0.92747051917318246 -0.13210596463603799 0.35945555320852496
v 0.91817762475047182 2.6246242773267185e-07 0.40473664488793015
v 0.89405841300006783 -0.38750962748022161 0.23949428293609226
v 0.91938249070821032 -0.26498684344198259 0.30229054450939746
v 0.99383127833325713 2.6246242773267185e-07 0.13842466157498493
v 0.96970264692538188 -0.13324696414622308 0.22087082143080955
v 0.99107131770237655 -0.13352654562222288 0.082524105780402243
v 0.91610963877065266 -0.40097524943752955 -0.082605498362049889
v 0.96716264440045119 -0.26731674547087708 -2.5196067753406744e-11
v 0.91610963877065266 -0.40097524943752955 0.082605498311657755
v 0.13210685102529482 -0.35945529077129329 0.9274698952211573
v 0.38751051386947843 -0.23949402049886059 0.89405778904804267
v 0.26498772983123942 -0.30229028207216579 0.91938186675618516
v 0.13324785053547991 -0.22087055899357788 0.96970202297335673
v 0.13352743201147971 -0.082523843343170575 0.99107069375035139
v 0.71371815360235269 2.6246242773267185e-07 0.70531414587782049
v 0.52103732195412911 0.15697043961811771 0.84305508676899032
v 0.62236422607016595 0.081419985541015621 0.78287619197326408
v 0.62236422607016595 -0.08141946061616015 0.78287619197326408
v 0.52103732195412911 -0.15696991469326224 0.84305508676899032
v 0.13210685102529482 0.35945581569614876 0.9274698952211573
v 0.13352743201147971 0.082524368268026047 0.99107069375035139
v 0.13324785053547991 0.22087108391843335 0.96970202297335673
v 0.26498772983123942 0.30229080699702127 0.91938186675618516
v 0.38751051386947843 0.23949454542371607 0.89405778904804267
v 0.40097613582678637 -0.082605235874426086 0.9161090148186275
v 0.40097613582678637 0.082605760799281558 0.9161090148186275
v 0.26731763186013391 2.6246242773267185e-07 0.96716202044842603
v -0.57320729487772182 -0.79536340568546005 0.21375236554563387
v -0.45554457292470812 -0.76053071852616039 0.47003399572305149
v -0.51788846216722073 -0.78613437771030281 0.34733842083001976
v -0.64962834146298021 -0.7047146546317149 0.29701826461284825
v -0.70952765478270674 -0.60356054137047044 0.37302109102074277
v -0.21375174164400088 -0.57320765634212323 0.79536366812269155
v -0.47003337182141858 -0.45554493438910948 0.760530980963392
v -0.34733779692838673 -0.51788882363162225 0.78613464014753431
v -0.29701764071121523 -0.64962870292738151 0.7047149170689464
v -0.3730204671191098 -0.70952801624710815 0.60356080380770205
v -0.79536304422105863 -0.21375210310840223 0.57320791877935484
v -0.76053035706175898 -0.47003373328581993 0.45554519682634115
v -0.78613401624590129 -0.34733815839278814 0.51788908606885387
v -0.70471429316731338 -0.29701800217561658 0.64962896536461312
v -0.60356017990606914 -0.37302082858351115 0.70952827868433976
v -0.5151328790170373 -0.64879174444809107 0.56618650854846886
v -0.56618588464683584 -0.5151332404814386 0.64879200688532268
v -0.64879138298368966 -0.56618624611123725 0.51513350291867022
v -0.21375174164400088 -0.57320765634212323 -0.79536366817308368
v -0.3730204671191098 -0.70952801624710815 -0.60356080385809419
v -0.29701764071121523 -0.64962870292738151 -0.70471491711933854
v -0.34733779692838673 -0.51788882363162225 -0.78613464019792645
v -0.47003337182141858 -0.45554493438910948 -0.76053098101378414
v -0.57320729487772182 -0.79536340568546005 -0.21375236559602601
v -0.70952765478270674 -0.60356054137047044 -0.3730210910711349
v -0.64962834146298021 -0.7047146546317149 -0.29701826466324038
v -0.51788846216722073 -0.78613437771030281 -0.34733842088041189
v -0.45554457292470812 -0.76053071852616039 -0.47003399577344362
v -0.79536304422105863 -0.21375210310840223 -0.57320791882974698
v -0.60356017990606914 -0.37302082858351115 -0.7095282787347319
v -0.70471429316731338 -0.29701800217561658 -0.64962896541500526
v -0.78613401624590129 -0.34733815839278814 -0.517889086119246
v -0.76053035706175898 -0.47003373328581993 -0.45554519687673328
v -0.5151328790170373 -0.64879174444809107 -0.56618650859886099
v -0.64879138298368966 -0.56618624611123725 -0.51513350296906235
v -0.56618588464683584 -0.5151332404814386 -0.64879200693571482
v 0.71371815360235269 2.6246242773267185e-07 -0.70531414592821262
v 0.52103732195412911 -0.15696991469326224 -0.84305508681938246
v 0.62236422607016595 -0.08141946061616015 -0.78287619202365621
v 0.62236422607016595 0.081419985541015621 -0.78287619202365621
v 0.52103732195412911 0.15697043961811771 -0.84305508681938246
v 0.13210685102529482 -0.35945529077129329 -0.92746989527154944
v 0.13352743201147971 -0.082523843343170575 -0.99107069380074353
v 0.13324785053547991 -0.22087055899357788 -0.96970202302374886
v 0.26498772983123942 -0.30229028207216579 -0.9193818668065773
v 0.38751051386947843 -0.23949402049886059 -0.89405778909843481
v 0.13210685102529482 0.35945581569614876 -0.92746989527154944
v 0.38751051386947843 0.23949454542371607 -0.89405778909843481
v 0.26498772983123942 0.30229080699702127 -0.9193818668065773
v 0.13324785053547991 0.22087108391843335 -0.96970202302374886
v 0.13352743201147971 0.082524368268026047 -0.99107069380074353
v 0.40097613582678637 -0.082605235874426086 -0.91610901486901963
v 0.26731763186013391 2.6246242773267185e-07 -0.96716202049881816
v 0.40097613582678637 0.082605760799281558 -0.91610901486901963
v 0.92747051917318246 0.13210648956089346 0.35945555320852496
v 0.99107131770237655 0.13352707054707835 0.082524105780402243
v 0.96970264692538188 0.13324748907107856 0.22087082143080955
v 0.91938249070821032 0.26498736836683806 0.30229054450939746
v 0.89405841300006783 0.38751015240507708 0.23949428293609226
v 0.92747051917318246 0.13210648956089346 -0.35945555325891709
v 0.89405841300006783 0.38751015240507708 -0.2394942829864844
v 0.91938249070821032 0.26498736836683806 -0.3022905445597896
v 0.96970264692538188 0.13324748907107856 -0.22087082148120168
v 0.99107131770237655 0.13352707054707835 -0.082524105830794378
v 0.70531476982984564 0.71371779213795128 -2.5196067753406744e-11
v 0.84305571072101548 0.5210369604897277 0.15697017713049391
v 0.78287681592528924 0.62236386460576454 0.081419723053391818
v 0.78287681592528924 0.62236386460576454 -0.081419723103783953
v 0.84305571072101548 0.5210369604897277 -0.15697017718088604
v 0.96716264440045119 0.26731727039573255 -2.5196067753406744e-11
v 0.91610963877065266 0.40097577436238502 -0.082605498362049889
v 0.91610963877065266 0.40097577436238502 0.082605498311657755
v -0.57401396611304611 0.82201305613443343 0.040779578662331985
v -0.55374828199841131 0.82994250354504184 0.10685870214922275
v -0.50803122174972482 0.86279263482196134 0.065982744338125135
v -0.63675177056555532 0.75235352043193215 0.18807370868476966
v -0.59693194164564478 0.79287631546426796 0.14791833322772027
v -0.65852864831633329 0.74727757273254714 0.12155893930622634
v -0.46184215284170543 0.86883651206396928 0.19668649544943173
v -0.53094643675331721 0.83365760025254887 0.1731225533317669
v -0.50593549079175404 0.83320242761395658 0.23804108127654627
v -0.76300936303342159 0.55434565487984366 0.34260429399566522
v -0.73730994109304959 0.60781611297317528 0.30625770053921025
v -0.78840504413274426 0.55664012539591401 0.27464399161117853
v -0.62130539627838166 0.69942425737023683 0.36283007202092948
v -0.68123738444173243 0.65573538832115219 0.33583772454741934
v -0.65167146875165261 0.64905532465084448 0.4011380889774222
v -0.73045077830606309 0.65825247618175808 0.20001382121382785
v -0.70765062039498183 0.65886847974483886 0.26829674844918189
v -0.67462115382846177 0.70639358690971987 0.22968387997430928
v -0.34402173085914817 0.83128411703228866 0.44438331324839997
v -0.41702008414569425 0.80576613081848247 0.42859753964125841
v -0.38399331345421567 0.78859045580150811 0.48737554265320659
v -0.47785592616197503 0.82800118541171974 0.30484150913879604
v -0.44850707455933836 0.81902799903643286 0.36728077499323147
v -0.40682161732157684 0.85826629742078198 0.32362916095929029
v -0.52428724477246103 0.72778310470051422 0.44979453290694404
v -0.48790497718775361 0.77522138713094801 0.40968413299160267
v -0.55526619129939336 0.74023873063727297 0.3880548037328817
v -0.61301739575844649 0.75200178906276549 0.25605344773315408
v -0.58568967844631414 0.747891163916788 0.32324422003894349
v -0.54697512882709698 0.79281815472043282 0.28127934900683643
v -0.82201216974517666 0.040779841149955788 0.57401459001467914
v -0.82994161715578507 0.10685896463684655 0.55374890590004433
v -0.86279174843270456 0.065983006825748952 0.50803184565135784
v -0.75235263404267538 0.18807397117239349 0.63675239446718834
v -0.79287542907501118 0.14791859571534408 0.5969325655472778
v -0.74727668634329036 0.12155920179385014 0.65852927221796631
v -0.86883562567471251 0.19668675793705559 0.46184277674333851
v -0.8336567138632921 0.17312281581939074 0.53094706065495023
v -0.8332015412246998 0.23804134376417013 0.50593611469338717
v -0.55434476849058689 0.34260455648328897 0.76300998693505451
v -0.60781522658391851 0.30625796302683411 0.73731056499468262
v -0.55663923900665735 0.27464425409880233 0.78840566803437728
v -0.69942337098098017 0.3628303345085534 0.6213060201800148
v -0.65573450193189553 0.33583798703504325 0.68123800834336545
v -0.64905443826158771 0.40113835146504606 0.65167209265328563
v -0.65825158979250131 0.20001408370145166 0.73045140220769611
v -0.6588675933555822 0.26829701093680569 0.70765124429661475
v -0.7063927005204631 0.22968414246193311 0.67462177773009468
v -0.83128323064303178 0.44438357573602383 0.3440223547607813
v -0.80576524442922559 0.42859780212888232 0.41702070804732727
v -0.78858956941225133 0.48737580514083051 0.38399393735584869
v -0.82800029902246297 0.3048417716264199 0.47785655006360811
v -0.81902711264717598 0.36728103748085528 0.44850769846097138
v -0.85826541103152509 0.32362942344691414 0.40682224122320987
v -0.72778221831125745 0.4497947953945679 0.52428786867409394
v -0.77522050074169102 0.40968439547922647 0.48790560108938669
v -0.74023784424801631 0.38805506622050562 0.5552668152010265
v -0.75200090267350861 0.25605371022077789 0.61301801966007952
v -0.74789027752753123 0.32324448252656729 0.58569030234794728
v -0.79281726833117594 0.28127961149446029 0.54697575272873011
v -0.040778954760698947 0.57401485250230277 0.82201279364680968
v -0.10685807824758971 0.55374916838766808 0.82994224105741798
v -0.065982120436492125 0.50803210813898159 0.86279237233433759
v -0.18807308478313664 0.63675265695481209 0.75235325794430841
v -0.14791770932608725 0.59693282803490155 0.79287605297664421
v -0.12155831540459328 0.65852953470559006 0.74727731024492328
v -0.19668587154779876 0.46184303923096232 0.86883624957634553
v -0.17312192943013391 0.53094732314257398 0.83365733776492512
v -0.23804045737491331 0.50593637718101092 0.83320216512633272
v -0.3426036700940322 0.76301024942267837 0.55434539239221992
v -0.30625707663757729 0.73731082748230636 0.60781585048555153
v -0.27464336770954551 0.78840593052200092 0.55663986290829037
v -0.36282944811929652 0.62130628266763843 0.69942399488261309
v -0.33583710064578642 0.6812382708309892 0.65573512583352855
v -0.40113746507578918 0.65167235514090938 0.64905506216322062
v -0.2000131973121948 0.73045166469531986 0.65825221369413423
v -0.26829612454754886 0.70765150678423849 0.65886821725721523
v -0.22968325607267628 0.67462204021771854 0.70639332442209612
v -0.444382689346767 0.3440226172484051 0.8312838545446648
v -0.42859691573962549 0.41702097053495107 0.80576586833085861
v -0.48737491875157368 0.38399419984347249 0.78859019331388436
v -0.30484088523716307 0.47785681255123191 0.82800092292409599
v -0.36728015109159845 0.44850796094859519 0.819027736548809
v -0.32362853705765732 0.40682250371083367 0.85826603493315812
v -0.44979390900531102 0.52428813116171769 0.72778284221289047
v -0.40968350908996964 0.48790586357701055 0.77522112464332416
v -0.38805417983124874 0.55526707768865013 0.74023846814964922
v -0.25605282383152106 0.61301828214770326 0.75200152657514163
v -0.32324359613731046 0.58569056483557103 0.74789090142916426
v -0.28127872510520341 0.54697601521635386 0.79281789223280896
v -0.73752749277583518 0.53862232508557251 0.41569136060868095
v -0.67190447644279971 0.49814167471846693 0.55430986464426069
v -0.70688304100571531 0.51974439071598699 0.48686988194997366
v -0.68130127059677259 0.58671833513899507 0.4454777079359083
v -0.62136155867488574 0.6304647513254571 0.47252970580518455
v -0.53862143869631585 0.41569162309630475 0.7375281166774682
v -0.49814078832921016 0.55431012713188454 0.67190510034443285
v -0.51974350432673022 0.48687014443759746 0.70688366490734833
v -0.5867174487497383 0.4454779704235321 0.68130189449840561
v -0.63046386493620032 0.47252996829280841 0.62136218257651876
v -0.41569073670704798 0.73752837916509195 0.53862206259794865
v -0.55430924074262777 0.67190536283205649 0.49814141223084313
v -0.48686925804834069 0.70688392739497197 0.51974412822836324
v -0.44547708403427538 0.68130215698602936 0.58671807265137133
v -0.47252908190355164 0.62136244506414251 0.63046448883783335
v -0.60955768605896943 0.54250170621164506 0.58394486623728381
v -0.54250081982238829 0.58394512872490745 0.60955830996060245
v -0.58394424233565079 0.6095585724482262 0.54250144372402131
v -0.44688957982399258 0.89598481348253478 0.066042309912297037
v -0.4672516430621968 0.88799580049775462 -2.5196067753406744e-11
v -0.39871068926381298 0.89947099939518582 0.1970848515298344
v -0.42380938828868181 0.89987193765803819 0.13219984227262091
v -0.34028321351028312 0.94396406820717471 -2.5196067753406744e-11
v -0.38302810350040101 0.92507615776208485 0.06621433738029335
v -0.31786178208178845 0.94943837198696246 0.06626857175603322
v -0.27563382035501893 0.85556030554052143 0.44598589929302318
v -0.30871240142659506 0.87270395998162531 0.38722768608530211
v -0.23325059252030392 0.93925531559039954 0.26505578990691864
v -0.27155325142493381 0.90893410717706691 0.3270451272749017
v -0.20187693581951247 0.9270436339567909 0.32664475321027225
v -0.34036984537655429 0.8858604821206304 0.32597602889464489
v -0.36977964466446966 0.89479600075487942 0.26356004298445035
v -0.069377739222773613 1.0010234386695103 -2.5196067753406744e-11
v -0.11076238358128787 0.99504379908367346 0.066937829137946825
v -0.041389019433354358 1.0003315541980629 0.06696984971381717
v -0.24817204616246974 0.96995362991936629 0.066794815317963621
v -0.1802103260849604 0.98484450866467987 0.066832483059001427
v -0.20680779608255295 0.98188163716624433 -2.5196067753406744e-11
v -0.12314915576984266 0.97570007788631274 0.19926052923108054
v -0.15206725261513815 0.98278051562125002 0.1337127200209228
v -0.19243611925326787 0.96448004730235171 0.19901658492793037
v -0.33173804672641405 0.92584198709800625 0.19906609928372712
v -0.26244545838217476 0.94766707858337695 0.1997759146413928
v -0.29092168106874688 0.95106788837168865 0.13302383235237758
v 0.040780202614357129 0.57401485250230277 0.82201279364680968
v 6.2392682909373678e-07 0.61979147832516113 0.7891258488204923
v 0.080849531108853623 0.70302122873604145 0.71139702819759632
v 0.04078190871510997 0.66314716544039098 0.75195334191749819
v 0.12155956325825146 0.65852953470559006 0.74727731024492328
v -0.040780660861451788 0.66314716544039098 0.75195334191749819
v -0.080848283255195441 0.70302122873604145 0.71139702819759632
v 0.2342454248484937 0.82998009916169169 0.51295574903203633
v 0.19795064177213634 0.80424865664544931 0.56644599692959519
v 0.27464461556320369 0.78840593052200092 0.55663986290829037
v 0.040815097193865169 0.82032286762076501 0.57642498105665008
v 0.11948662273662476 0.81495099087710821 0.57309612011682765
v 0.078728403976498912 0.85093288439718606 0.525905282466549
v 0.20001444516585298 0.73045166469531986 0.65825221369413423
v 0.16016014321842306 0.77448398986843603 0.61756347115862864
v 0.12160822242882904 0.74141685556087833 0.66511185826775043
v -0.19794939391847816 0.80424865664544931 0.56644599692959519
v -0.23424417699483552 0.82998009916169169 0.51295574903203633
v -0.12160697457517086 0.74141685556087833 0.66511185826775043
v -0.16015889536476488 0.77448398986843603 0.61756347115862864
v -0.07872715612284073 0.85093288439718606 0.525905282466549
v -0.11948537488296658 0.81495099087710821 0.57309612011682765
v -0.040813849340206987 0.82032286762076501 0.57642498105665008
v 0.040816989584496317 0.74604211452527702 0.66978827685203235
v 6.2392682909373678e-07 0.78546647950216009 0.62442259603161365
v -0.040815741730838136 0.74604211452527702 0.66978827685203235
v 0.46725289091585498 0.88799580049775462 -2.5196067753406744e-11
v 0.44689082767765076 0.89598481348253478 0.066042309912297037
v 0.508032469603383 0.86279263482196134 0.065982744338125135
v 0.31786302993544663 0.94943837198696246 0.06626857175603322
v 0.38302935135405919 0.92507615776208485 0.06621433738029335
v 0.3402844613639413 0.94396406820717471 -2.5196067753406744e-11
v 0.46184340069536362 0.86883651206396928 0.19668649544943173
v 0.42381063614233999 0.89987193765803819 0.13219984227262091
v 0.39871193711747116 0.89947099939518582 0.1970848515298344
v 0.04139026728701254 1.0003315541980629 0.06696984971381717
v 0.11076363143494605 0.99504379908367346 0.066937829137946825
v 0.069378987076431795 1.0010234386695103 -2.5196067753406744e-11
v 0.19243736710692605 0.96448004730235171 0.19901658492793037
v 0.15206850046879633 0.98278051562125002 0.1337127200209228
v 0.12315040362350084 0.97570007788631274 0.19926052923108054
v 0.20680904393621113 0.98188163716624433 -2.5196067753406744e-11
v 0.18021157393861859 0.98484450866467987 0.066832483059001427
v 0.24817329401612792 0.96995362991936629 0.066794815317963621
v 0.34402297871280635 0.83128411703228866 0.44438331324839997
v 0.30871364928025324 0.87270395998162531 0.38722768608530211
v 0.27563506820867711 0.85556030554052143 0.44598589929302318
v 0.36978089251812785 0.89479600075487942 0.26356004298445035
v 0.34037109323021247 0.8858604821206304 0.32597602889464489
v 0.40682286517523503 0.85826629742078198 0.32362916095929029
v 0.20187818367317065 0.9270436339567909 0.32664475321027225
v 0.27155449927859199 0.90893410717706691 0.3270451272749017
v 0.2332518403739621 0.93925531559039954 0.26505578990691864
v 0.29092292892240507 0.95106788837168865 0.13302383235237758
v 0.26244670623583294 0.94766707858337695 0.1997759146413928
v 0.33173929458007223 0.92584198709800625 0.19906609928372712
v -0.19890543015269044 0.87150906687725027 0.45581744375574945
v -0.041439987579770403 0.88779015753564861 0.46580310698555838
v -0.12016496832914793 0.88235610144393661 0.46245990140415105
v -0.16155714234321328 0.90793787185287911 0.39548595698114308
v -0.12322014641884647 0.9383330753035628 0.3334800303785681
v 0.19890667800634862 0.87150906687725027 0.45581744375574945
v 0.12322139427250466 0.9383330753035628 0.3334800303785681
v 0.16155839019687146 0.90793787185287911 0.39548595698114308
v 0.12016621618280611 0.88235610144393661 0.46245990140415105
v 0.041441235433428585 0.88779015753564861 0.46580310698555838
v 6.2392682909373678e-07 0.99443976886651808 0.13398068768696217
v -0.081779534912246987 0.96394478172922127 0.26642771244631003
v -0.04139155008723628 0.98220429214533411 0.2010539444327111
v 0.041392797940894462 0.98220429214533411 0.2010539444327111
v 0.081780782765905169 0.96394478172922127 0.26642771244631003
v 6.2392682909373678e-07 0.91922945990781302 0.40234119739429064
v 0.041444046440091468 0.94484290363113188 0.3352843311577095
v -0.041442798586433287 0.94484290363113188 0.3352843311577095
v -0.44688957982399258 0.89598481348253478 -0.066042309962689172
v -0.50803122174972482 0.86279263482196134 -0.06598274438851727
v -0.31786178208178845 0.94943837198696246 -0.066268571806425355
v -0.38302810350040101 0.92507615776208485 -0.066214337430685485
v -0.46184215284170543 0.86883651206396928 -0.19668649549982387
v -0.42380938828868181 0.89987193765803819 -0.13219984232301304
v -0.39871068926381298 0.89947099939518582 -0.19708485158022654
v -0.041389019433354358 1.0003315541980629 -0.066969849764209305
v -0.11076238358128787 0.99504379908367346 -0.06693782918833896
v -0.19243611925326787 0.96448004730235171 -0.1990165849783225
v -0.15206725261513815 0.98278051562125002 -0.13371272007131493
v -0.12314915576984266 0.97570007788631274 -0.19926052928147267
v -0.1802103260849604 0.98484450866467987 -0.066832483109393562
v -0.24817204616246974 0.96995362991936629 -0.066794815368355756
v -0.34402173085914817 0.83128411703228866 -0.4443833132987921
v -0.30871240142659506 0.87270395998162531 -0.38722768613569425
v -0.27563382035501893 0.85556030554052143 -0.44598589934341532
v -0.36977964466446966 0.89479600075487942 -0.26356004303484248
v -0.34036984537655429 0.8858604821206304 -0.32597602894503702
v -0.40682161732157684 0.85826629742078198 -0.32362916100968242
v -0.20187693581951247 0.9270436339567909 -0.32664475326066439
v -0.27155325142493381 0.90893410717706691 -0.32704512732529384
v -0.23325059252030392 0.93925531559039954 -0.26505578995731077
v -0.29092168106874688 0.95106788837168865 -0.13302383240276971
v -0.26244545838217476 0.94766707858337695 -0.19977591469178493
v -0.33173804672641405 0.92584198709800625 -0.19906609933411926
v 0.508032469603383 0.86279263482196134 -0.06598274438851727
v 0.44689082767765076 0.89598481348253478 -0.066042309962689172
v 0.39871193711747116 0.89947099939518582 -0.19708485158022654
v 0.42381063614233999 0.89987193765803819 -0.13219984232301304
v 0.46184340069536362 0.86883651206396928 -0.19668649549982387
v 0.38302935135405919 0.92507615776208485 -0.066214337430685485
v 0.31786302993544663 0.94943837198696246 -0.066268571806425355
v 0.27563506820867711 0.85556030554052143 -0.44598589934341532
v 0.30871364928025324 0.87270395998162531 -0.38722768613569425
v 0.34402297871280635 0.83128411703228866 -0.4443833132987921
v 0.2332518403739621 0.93925531559039954 -0.26505578995731077
v 0.27155449927859199 0.90893410717706691 -0.32704512732529384
v 0.20187818367317065 0.9270436339567909 -0.32664475326066439
v 0.40682286517523503 0.85826629742078198 -0.32362916100968242
v 0.34037109323021247 0.8858604821206304 -0.32597602894503702
v 0.36978089251812785 0.89479600075487942 -0.26356004303484248
v 0.11076363143494605 0.99504379908367346 -0.06693782918833896
v 0.04139026728701254 1.0003315541980629 -0.066969849764209305
v 0.24817329401612792 0.96995362991936629 -0.066794815368355756
v 0.18021157393861859 0.98484450866467987 -0.066832483109393562
v 0.12315040362350084 0.97570007788631274 -0.19926052928147267
v 0.15206850046879633 0.98278051562125002 -0.13371272007131493
v 0.19243736710692605 0.96448004730235171 -0.1990165849783225
v 0.33173929458007223 0.92584198709800625 -0.19906609933411926
v 0.26244670623583294 0.94766707858337695 -0.19977591469178493
v 0.29092292892240507 0.95106788837168865 -0.13302383240276971
v -0.040778954760698947 0.57401485250230277 -0.82201279369720182
v 6.2392682909373678e-07 0.61979147832516113 -0.78912584887088444
v 0.040780202614357129 0.57401485250230277 -0.82201279369720182
v -0.080848283255195441 0.70302122873604145 -0.71139702824798845
v -0.040780660861451788 0.66314716544039098 -0.75195334196789032
v -0.12155831540459328 0.65852953470559006 -0.74727731029531541
v 0.12155956325825146 0.65852953470559006 -0.74727731029531541
v 0.04078190871510997 0.66314716544039098 -0.75195334196789032
v 0.080849531108853623 0.70302122873604145 -0.71139702824798845
v -0.23424417699483552 0.82998009916169169 -0.51295574908242847
v -0.19794939391847816 0.80424865664544931 -0.56644599697998732
v -0.27464336770954551 0.78840593052200092 -0.55663986295868251
v -0.040813849340206987 0.82032286762076501 -0.57642498110704221
v -0.11948537488296658 0.81495099087710821 -0.57309612016721978
v -0.07872715612284073 0.85093288439718606 -0.52590528251694113
v -0.2000131973121948 0.73045166469531986 -0.65825221374452636
v -0.16015889536476488 0.77448398986843603 -0.61756347120902078
v -0.12160697457517086 0.74141685556087833 -0.66511185831814257
v 0.27464461556320369 0.78840593052200092 -0.55663986295868251
v 0.19795064177213634 0.80424865664544931 -0.56644599697998732
v 0.2342454248484937 0.82998009916169169 -0.51295574908242847
v 0.12160822242882904 0.74141685556087833 -0.66511185831814257
v 0.16016014321842306 0.77448398986843603 -0.61756347120902078
v 0.20001444516585298 0.73045166469531986 -0.65825221374452636
v 0.078728403976498912 0.85093288439718606 -0.52590528251694113
v 0.11948662273662476 0.81495099087710821 -0.57309612016721978
v 0.040815097193865169 0.82032286762076501 -0.57642498110704221
v -0.040815741730838136 0.74604211452527702 -0.66978827690242448
v 6.2392682909373678e-07 0.78546647950216009 -0.62442259608200579
v 0.040816989584496317 0.74604211452527702 -0.66978827690242448
v 6.2392682909373678e-07 0.99443976886651808 -0.1339806877373543
v 0.081780782765905169 0.96394478172922127 -0.26642771249670216
v 0.041392797940894462 0.98220429214533411 -0.20105394448310324
v -0.04139155008723628 0.98220429214533411 -0.20105394448310324
v -0.081779534912246987 0.96394478172922127 -0.26642771249670216
v 0.19890667800634862 0.87150906687725027 -0.45581744380614159
v 0.041441235433428585 0.88779015753564861 -0.46580310703595051
v 0.12016621618280611 0.88235610144393661 -0.46245990145454319
v 0.16155839019687146 0.90793787185287911 -0.39548595703153522
v 0.12322139427250466 0.9383330753035628 -0.33348003042896024
v -0.19890543015269044 0.87150906687725027 -0.45581744380614159
v -0.12322014641884647 0.9383330753035628 -0.33348003042896024
v -0.16155714234321328 0.90793787185287911 -0.39548595703153522
v -0.12016496832914793 0.88235610144393661 -0.46245990145454319
v -0.041439987579770403 0.88779015753564861 -0.46580310703595051
v 0.041444046440091468 0.94484290363113188 -0.33528433120810164
v 6.2392682909373678e-07 0.91922945990781302 -0.40234119744468277
v -0.041442798586433287 0.94484290363113188 -0.33528433120810164
v -0.55374828199841131 0.82994250354504184 -0.10685870219961488
v -0.57401396611304611 0.82201305613443343 -0.04077957871272412
v -0.50593549079175404 0.83320242761395658 -0.23804108132693841
v -0.53094643675331721 0.83365760025254887 -0.17312255338215904
v -0.65852864831633329 0.74727757273254714 -0.12155893935661848
v -0.59693194164564478 0.79287631546426796 -0.14791833327811241
v -0.63675177056555532 0.75235352043193215 -0.1880737087351618
v -0.38399331345421567 0.78859045580150811 -0.48737554270359873
v -0.41702008414569425 0.80576613081848247 -0.42859753969165054
v -0.55526619129939336 0.74023873063727297 -0.38805480378327384
v -0.48790497718775361 0.77522138713094801 -0.4096841330419948
v -0.52428724477246103 0.72778310470051422 -0.44979453295733618
v -0.44850707455933836 0.81902799903643286 -0.36728077504362361
v -0.47785592616197503 0.82800118541171974 -0.30484150918918818
v -0.78840504413274426 0.55664012539591401 -0.27464399166157066
v -0.73730994109304959 0.60781611297317528 -0.30625770058960239
v -0.76300936303342159 0.55434565487984366 -0.34260429404605736
v -0.67462115382846177 0.70639358690971987 -0.22968388002470141
v -0.70765062039498183 0.65886847974483886 -0.26829674849957402
v -0.73045077830606309 0.65825247618175808 -0.20001382126421999
v -0.65167146875165261 0.64905532465084448 -0.40113808902781434
v -0.68123738444173243 0.65573538832115219 -0.33583772459781147
v -0.62130539627838166 0.69942425737023683 -0.36283007207132162
v -0.54697512882709698 0.79281815472043282 -0.28127934905722857
v -0.58568967844631414 0.747891163916788 -0.32324422008933562
v -0.61301739575844649 0.75200178906276549 -0.25605344778354622
v -0.065982120436492125 0.50803210813898159 -0.86279237238472972
v -0.10685807824758971 0.55374916838766808 -0.82994224110781012
v -0.23804045737491331 0.50593637718101092 -0.83320216517672485
v -0.17312192943013391 0.53094732314257398 -0.83365733781531726
v -0.19668587154779876 0.46184303923096232 -0.86883624962673767
v -0.14791770932608725 0.59693282803490155 -0.79287605302703634
v -0.18807308478313664 0.63675265695481209 -0.75235325799470054
v -0.48737491875157368 0.38399419984347249 -0.78859019336427649
v -0.42859691573962549 0.41702097053495107 -0.80576586838125075
v -0.444382689346767 0.3440226172484051 -0.83128385459505694
v -0.38805417983124874 0.55526707768865013 -0.74023846820004136
v -0.40968350908996964 0.48790586357701055 -0.77522112469371629
v -0.44979390900531102 0.52428813116171769 -0.7277828422632826
v -0.32362853705765732 0.40682250371083367 -0.85826603498355025
v -0.36728015109159845 0.44850796094859519 -0.81902773659920114
v -0.30484088523716307 0.47785681255123191 -0.82800092297448813
v -0.30625707663757729 0.73731082748230636 -0.60781585053594367
v -0.3426036700940322 0.76301024942267837 -0.55434539244261205
v -0.22968325607267628 0.67462204021771854 -0.70639332447248826
v -0.26829612454754886 0.70765150678423849 -0.65886821730760736
v -0.40113746507578918 0.65167235514090938 -0.64905506221361275
v -0.33583710064578642 0.6812382708309892 -0.65573512588392069
v -0.36282944811929652 0.62130628266763843 -0.69942399493300522
v -0.28127872510520341 0.54697601521635386 -0.7928178922832011
v -0.32324359613731046 0.58569056483557103 -0.74789090147955639
v -0.25605282383152106 0.61301828214770326 -0.75200152662553377
v -0.86279174843270456 0.065983006825748952 -0.50803184570174997
v -0.82994161715578507 0.10685896463684655 -0.55374890595043647
v -0.82201216974517666 0.040779841149955788 -0.57401459006507127
v -0.8332015412246998 0.23804134376417013 -0.50593611474377931
v -0.8336567138632921 0.17312281581939074 -0.53094706070534237
v -0.86883562567471251 0.19668675793705559 -0.46184277679373065
v -0.74727668634329036 0.12155920179385014 -0.65852927226835845
v -0.79287542907501118 0.14791859571534408 -0.59693256559766994
v -0.75235263404267538 0.18807397117239349 -0.63675239451758048
v -0.78858956941225133 0.48737580514083051 -0.38399393740624083
v -0.80576524442922559 0.42859780212888232 -0.41702070809771941
v -0.83128323064303178 0.44438357573602383 -0.34402235481117344
v -0.74023784424801631 0.38805506622050562 -0.55526681525141863
v -0.77522050074169102 0.40968439547922647 -0.48790560113977882
v -0.72778221831125745 0.4497947953945679 -0.52428786872448607
v -0.85826541103152509 0.32362942344691414 -0.406822241273602
v -0.81902711264717598 0.36728103748085528 -0.44850769851136352
v -0.82800029902246297 0.3048417716264199 -0.47785655011400024
v -0.55663923900665735 0.27464425409880233 -0.78840566808476942
v -0.60781522658391851 0.30625796302683411 -0.73731056504507475
v -0.55434476849058689 0.34260455648328897 -0.76300998698544664
v -0.7063927005204631 0.22968414246193311 -0.67462177778048682
v -0.6588675933555822 0.26829701093680569 -0.70765124434700688
v -0.65825158979250131 0.20001408370145166 -0.73045140225808824
v -0.64905443826158771 0.40113835146504606 -0.65167209270367776
v -0.65573450193189553 0.33583798703504325 -0.68123800839375759
v -0.69942337098098017 0.3628303345085534 -0.62130602023040693
v -0.79281726833117594 0.28127961149446029 -0.54697575277912225
v -0.74789027752753123 0.32324448252656729 -0.58569030239833941
v -0.75200090267350861 0.25605371022077789 -0.61301801971047165
v -0.41569073670704798 0.73752837916509195 -0.53862206264834078
v -0.47252908190355164 0.62136244506414251 -0.63046448888822548
v -0.44547708403427538 0.68130215698602936 -0.58671807270176346
v -0.48686925804834069 0.70688392739497197 -0.51974412827875538
v -0.55430924074262777 0.67190536283205649 -0.49814141228123526
v -0.53862143869631585 0.41569162309630475 -0.73752811672786034
v -0.63046386493620032 0.47252996829280841 -0.6213621826269109
v -0.5867174487497383 0.4454779704235321 -0.68130189454879775
v -0.51974350432673022 0.48687014443759746 -0.70688366495774047
v -0.49814078832921016 0.55431012713188454 -0.67190510039482498
v -0.73752749277583518 0.53862232508557251 -0.41569136065907308
v -0.62136155867488574 0.6304647513254571 -0.47252970585557669
v -0.68130127059677259 0.58671833513899507 -0.44547770798630043
v -0.70688304100571531 0.51974439071598699 -0.48686988200036579
v -0.67190447644279971 0.49814167471846693 -0.55430986469465282
v -0.54250081982238829 0.58394512872490745 -0.60955831001099459
v -0.60955768605896943 0.54250170621164506 -0.58394486628767595
v -0.58394424233565079 0.6095585724482262 -0.54250144377441345
v -0.61979059193590447 0.78912611130811605 -2.5196067753406744e-11
v -0.70302034234678457 0.71139729068522017 -0.080848907207220599
v -0.6631462790511341 0.75195360440512193 -0.04078128481347696
v -0.6631462790511341 0.75195360440512193 0.040781284763084825
v -0.70302034234678457 0.71139729068522017 0.080848907156828465
v -0.8299792127724348 0.51295601151966019 -0.23424480094686065
v -0.80424777025619243 0.56644625941721904 -0.19795001787050331
v -0.82032198123150823 0.57642524354427394 -0.040814473292232152
v -0.81495010448785143 0.5730963826044515 -0.11948599883499175
v -0.85093199800792918 0.52590554495417274 -0.078727780074865888
v -0.77448310347917926 0.61756373364625239 -0.16015951931679007
v -0.74141596917162156 0.66511212075537418 -0.12160759852719603
v -0.80424777025619243 0.56644625941721904 0.19795001782011118
v -0.8299792127724348 0.51295601151966019 0.23424480089646851
v -0.74141596917162156 0.66511212075537418 0.1216075984768039
v -0.77448310347917926 0.61756373364625239 0.16015951926639793
v -0.85093199800792918 0.52590554495417274 0.078727780024473754
v -0.81495010448785143 0.5730963826044515 0.11948599878459962
v -0.82032198123150823 0.57642524354427394 0.040814473241840017
v -0.74604122813602025 0.66978853933965621 -0.040816365682863294
v -0.78546559311290332 0.6244228585192374 -2.5196067753406744e-11
v -0.74604122813602025 0.66978853933965621 0.040816365632471159
v -0.88799491410849785 2.6246242773267185e-07 -0.46725226701422196
v -0.89598392709327801 0.066042572399920854 -0.44689020377601774
v -0.94943748559770569 0.066268834243657038 -0.3178624060338136
v -0.92507527137282808 0.066214599867917168 -0.38302872745242617
v -0.94396318181791794 2.6246242773267185e-07 -0.34028383746230828
v -0.89987105126878142 0.13220010476024471 -0.42381001224070697
v -0.89947011300592905 0.19708511401745823 -0.39871131321583814
v -1.000330667808806 0.066970112201440987 -0.041389643385379524
v -0.99504291269441658 0.066938091625570628 -0.11076300753331303
v -1.0010225522802534 2.6246242773267185e-07 -0.069378363174798771
v -0.96447916091309494 0.1990168474155542 -0.19243674320529305
v -0.98277962923199325 0.13371298250854666 -0.15206787656716333
v -0.97569919149705597 0.19926079171870437 -0.12314977972186783
v -0.98188075077698755 2.6246242773267185e-07 -0.20680842003457811
v -0.9848436222754231 0.066832745546625244 -0.18021095003698556
v -0.96995274353010963 0.066795077805587452 -0.24817267011449493
v -0.87270307359236854 0.38722794857292608 -0.30871302537862033
v -0.85555941915126466 0.44598616178064709 -0.2756344443070442
v -0.89479511436562265 0.26356030547207426 -0.36978026861649493
v -0.88585959573137352 0.32597629138226886 -0.34037046932857956
v -0.92704274756753413 0.32664501569789611 -0.20187755977153765
v -0.90893322078781003 0.32704538976252562 -0.27155387537695902
v -0.93925442920114266 0.26505605239454255 -0.2332512164723291
v -0.95106700198243188 0.13302409484000141 -0.29092230502077204
v -0.94766619219412018 0.19977617712901671 -0.26244608233419997
v -0.92584110070874948 0.19906636177135098 -0.33173867067843926
v -0.89598392709327801 0.066042572399920854 0.4468902037256256
v -0.88799491410849785 2.6246242773267185e-07 0.46725226696382982
v -0.89947011300592905 0.19708511401745823 0.398711313165446
v -0.89987105126878142 0.13220010476024471 0.42381001219031483
v -0.94396318181791794 2.6246242773267185e-07 0.34028383741191615
v -0.92507527137282808 0.066214599867917168 0.38302872740203403
v -0.94943748559770569 0.066268834243657038 0.31786240598342147
v -0.85555941915126466 0.44598616178064709 0.27563444425665207
v -0.87270307359236854 0.38722794857292608 0.3087130253282282
v -0.93925442920114266 0.26505605239454255 0.23325121642193697
v -0.90893322078781003 0.32704538976252562 0.27155387532656688
v -0.92704274756753413 0.32664501569789611 0.20187755972114552
v -0.88585959573137352 0.32597629138226886 0.34037046927818743
v -0.89479511436562265 0.26356030547207426 0.3697802685661028
v -1.0010225522802534 2.6246242773267185e-07 0.069378363124406636
v -0.99504291269441658 0.066938091625570628 0.11076300748292089
v -1.000330667808806 0.066970112201440987 0.041389643334987389
v -0.96995274353010963 0.066795077805587452 0.24817267006410279
v -0.9848436222754231 0.066832745546625244 0.18021094998659343
v -0.98188075077698755 2.6246242773267185e-07 0.20680841998418598
v -0.97569919149705597 0.19926079171870437 0.1231497796714757
v -0.98277962923199325 0.13371298250854666 0.1520678765167712
v -0.96447916091309494 0.1990168474155542 0.19243674315490092
v -0.92584110070874948 0.19906636177135098 0.33173867062804713
v -0.94766619219412018 0.19977617712901671 0.26244608228380784
v -0.95106700198243188 0.13302409484000141 0.29092230497037991
v -0.8715081804879935 0.45581770624337342 -0.19890605410471565
v -0.93833218891430603 0.33348029286619191 -0.12322077037087165
v -0.90793698546362234 0.39548621946876694 -0.16155776629523846
v -0.88235521505467973 0.46246016389177491 -0.12016559228117307
v -0.88778927114639172 0.46580336947318218 -0.041440611531795554
v -0.99443888247726131 0.133980950174586 -2.5196067753406744e-11
v -0.9639438953399645 0.26642797493393394 0.081780158813880025
v -0.98220340575607734 0.20105420692033496 0.04139217398886931
v -0.98220340575607734 0.20105420692033496 -0.041392174039261445
v -0.9639438953399645 0.26642797493393394 -0.081780158864272159
v -0.8715081804879935 0.45581770624337342 0.19890605405432352
v -0.88778927114639172 0.46580336947318218 0.041440611481403419
v -0.88235521505467973 0.46246016389177491 0.12016559223078094
v -0.90793698546362234 0.39548621946876694 0.16155776624484633
v -0.93833218891430603 0.33348029286619191 0.12322077032047951
v -0.944842017241875 0.33528459364533336 -0.041443422538458445
v -0.944842017241875 0.33528459364533336 0.04144342248806631
v -0.91922857351855625 0.40234145988191444 -2.5196067753406744e-11
v 0.55374952985206949 0.82994250354504184 0.10685870214922275
v 0.5740152139667043 0.82201305613443343 0.040779578662331985
v 0.50593673864541222 0.83320242761395658 0.23804108127654627
v 0.53094768460697539 0.83365760025254887 0.1731225533317669
v 0.65852989616999147 0.74727757273254714 0.12155893930622634
v 0.59693318949930296 0.79287631546426796 0.14791833322772027
v 0.6367530184192135 0.75235352043193215 0.18807370868476966
v 0.38399456130787385 0.78859045580150811 0.48737554265320659
v 0.41702133199935243 0.80576613081848247 0.42859753964125841
v 0.55526743915305155 0.74023873063727297 0.3880548037328817
v 0.48790622504141179 0.77522138713094801 0.40968413299160267
v 0.52428849262611921 0.72778310470051422 0.44979453290694404
v 0.44850832241299654 0.81902799903643286 0.36728077499323147
v 0.47785717401563321 0.82800118541171974 0.30484150913879604
v 0.78840629198640244 0.55664012539591401 0.27464399161117853
v 0.73731118894670777 0.60781611297317528 0.30625770053921025
v 0.76301061088707978 0.55434565487984366 0.34260429399566522
v 0.67462240168211995 0.70639358690971987 0.22968387997430928
v 0.70765186824864001 0.65886847974483886 0.26829674844918189
v 0.73045202615972127 0.65825247618175808 0.20001382121382785
v 0.65167271660531079 0.64905532465084448 0.4011380889774222
v 0.68123863229539061 0.65573538832115219 0.33583772454741934
v 0.62130664413203984 0.69942425737023683 0.36283007202092948
v 0.54697637668075516 0.79281815472043282 0.28127934900683643
v 0.58569092629997233 0.747891163916788 0.32324422003894349
v 0.61301864361210467 0.75200178906276549 0.25605344773315408
v 0.065983368290150307 0.50803210813898159 0.86279237233433759
v 0.10685932610124789 0.55374916838766808 0.82994224105741798
v 0.23804170522857149 0.50593637718101092 0.83320216512633272
v 0.17312317728379209 0.53094732314257398 0.83365733776492512
v 0.19668711940145694 0.46184303923096232 0.86883624957634553
v 0.14791895717974543 0.59693282803490155 0.79287605297664421
v 0.18807433263679482 0.63675265695481209 0.75235325794430841
v 0.48737616660523186 0.38399419984347249 0.78859019331388436
v 0.42859816359328368 0.41702097053495107 0.80576586833085861
v 0.44438393720042518 0.3440226172484051 0.8312838545446648
v 0.38805542768490692 0.55526707768865013 0.74023846814964922
v 0.40968475694362783 0.48790586357701055 0.77522112464332416
v 0.4497951568589692 0.52428813116171769 0.72778284221289047
v 0.3236297849113155 0.40682250371083367 0.85826603493315812
v 0.36728139894525663 0.44850796094859519 0.819027736548809
v 0.30484213309082125 0.47785681255123191 0.82800092292409599
v 0.30625832449123547 0.73731082748230636 0.60781585048555153
v 0.34260491794769038 0.76301024942267837 0.55434539239221992
v 0.22968450392633447 0.67462204021771854 0.70639332442209612
v 0.26829737240120705 0.70765150678423849 0.65886821725721523
v 0.40113871292944736 0.65167235514090938 0.64905506216322062
v 0.33583834849944461 0.6812382708309892 0.65573512583352855
v 0.3628306959729547 0.62130628266763843 0.69942399488261309
v 0.28127997295886159 0.54697601521635386 0.79281789223280896
v 0.32324484399096864 0.58569056483557103 0.74789090142916426
v 0.25605407168517924 0.61301828214770326 0.75200152657514163
v 0.86279299628636275 0.065983006825748952 0.50803184565135784
v 0.82994286500944325 0.10685896463684655 0.55374890590004433
v 0.82201341759883484 0.040779841149955788 0.57401459001467914
v 0.83320278907835799 0.23804134376417013 0.50593611469338717
v 0.83365796171695028 0.17312281581939074 0.53094706065495023
v 0.86883687352837069 0.19668675793705559 0.46184277674333851
v 0.74727793419694855 0.12155920179385014 0.65852927221796631
v 0.79287667692866937 0.14791859571534408 0.5969325655472778
v 0.75235388189633357 0.18807397117239349 0.63675239446718834
v 0.78859081726590952 0.48737580514083051 0.38399393735584869
v 0.80576649228288377 0.42859780212888232 0.41702070804732727
v 0.83128447849668996 0.44438357573602383 0.3440223547607813
v 0.74023909210167449 0.38805506622050562 0.5552668152010265
v 0.7752217485953492 0.40968439547922647 0.48790560108938669
v 0.72778346616491563 0.4497947953945679 0.52428786867409394
v 0.85826665888518328 0.32362942344691414 0.40682224122320987
v 0.81902836050083416 0.36728103748085528 0.44850769846097138
v 0.82800154687612115 0.3048417716264199 0.47785655006360811
v 0.55664048686031553 0.27464425409880233 0.78840566803437728
v 0.60781647443757669 0.30625796302683411 0.73731056499468262
v 0.55434601634424507 0.34260455648328897 0.76300998693505451
v 0.70639394837412128 0.22968414246193311 0.67462177773009468
v 0.65886884120924039 0.26829701093680569 0.70765124429661475
v 0.65825283764615949 0.20001408370145166 0.73045140220769611
v 0.64905568611524589 0.40113835146504606 0.65167209265328563
v 0.65573574978555371 0.33583798703504325 0.68123800834336545
v 0.69942461883463836 0.3628303345085534 0.6213060201800148
v 0.79281851618483412 0.28127961149446029 0.54697575272873011
v 0.74789152538118941 0.32324448252656729 0.58569030234794728
v 0.75200215052716679 0.25605371022077789 0.61301801966007952
v 0.41569198456070616 0.73752837916509195 0.53862206259794865
v 0.47253032975720982 0.62136244506414251 0.63046448883783335
v 0.44547833188793357 0.68130215698602936 0.58671807265137133
v 0.48687050590199887 0.70688392739497197 0.51974412822836324
v 0.55431048859628596 0.67190536283205649 0.49814141223084313
v 0.53862268654997403 0.41569162309630475 0.7375281166774682
v 0.63046511278985851 0.47252996829280841 0.62136218257651876
v 0.58671869660339648 0.4454779704235321 0.68130189449840561
v 0.5197447521803884 0.48687014443759746 0.70688366490734833
v 0.49814203618286834 0.55431012713188454 0.67190510034443285
v 0.73752874062949336 0.53862232508557251 0.41569136060868095
v 0.62136280652854392 0.6304647513254571 0.47252970580518455
v 0.68130251845043077 0.58671833513899507 0.4454777079359083
v 0.70688428885937349 0.51974439071598699 0.48686988194997366
v 0.6719057242964579 0.49814167471846693 0.55430986464426069
v 0.54250206767604647 0.58394512872490745 0.60955830996060245
v 0.60955893391262761 0.54250170621164506 0.58394486623728381
v 0.58394549018930897 0.6095585724482262 0.54250144372402131
v -0.066041686010664041 0.44689046621324946 0.89598455099491103
v 6.2392682909373678e-07 0.46725252945145362 0.88799553801013087
v -0.19708422762820141 0.39871157565306981 0.89947073690756207
v -0.13219921837098789 0.42381027467793864 0.89987167517041444
v 6.2392682909373678e-07 0.34028409989953995 0.94396380571955096
v -0.066213713478660341 0.38302898988965783 0.9250758952744611
v -0.066267947854400211 0.31786266847104527 0.94943810949933871
v -0.44598527539139027 0.27563470674427587 0.85556004305289768
v -0.38722706218366926 0.308713287815852 0.87270369749400156
v -0.26505516600528573 0.23325147890956077 0.93925505310277568
v -0.32704450337326879 0.27155413781419069 0.90893384468944305
v -0.32664412930863929 0.20187782220876932 0.92704337146916715
v -0.32597540499301203 0.34037073176581123 0.88586021963300654
v -0.26355941908281744 0.3697805310537266 0.89479573826725567
v 6.2392682909373678e-07 0.06937862561203044 1.0010231761818864
v -0.066937205236313815 0.11076326997054471 0.99504353659604972
v -0.06696922581218416 0.041389905822611192 1.000331291710439
v -0.066794191416330612 0.24817293255172657 0.96995336743174254
v -0.066831859157368417 0.18021121247421723 0.98484424617705613
v 6.2392682909373678e-07 0.20680868247180978 0.98188137467862058
v -0.19925990532944754 0.1231500421590995 0.975699815398689
v -0.13371209611928983 0.152068139004395 0.98278025313362627
v -0.19901596102629737 0.19243700564252472 0.96447978481472796
v -0.19906547538209415 0.33173893311567093 0.9258417246103825
v -0.19977529073975989 0.26244634477143164 0.94766681609575321
v -0.13302320845074458 0.29092256745800371 0.9510676258840649
v -0.82201216974517666 -0.040779316225100316 0.57401459001467914
v -0.78912522491885928 2.6246242773267185e-07 0.61979121583753749
v -0.7113964042959634 -0.080848644719596796 0.70302096624841759
v -0.75195271801586516 -0.040781022325853157 0.66314690295276713
v -0.74727668634329036 -0.12155867686899467 0.65852927221796631
v -0.75195271801586516 0.040781547250708629 0.66314690295276713
v -0.7113964042959634 0.080849169644452268 0.70302096624841759
v -0.51295512513040342 -0.23424453845923685 0.82997983667406783
v -0.56644537302796227 -0.19794975538287951 0.80424839415782556
v -0.55663923900665735 -0.27464372917394686 0.78840566803437728
v -0.57642435715501716 -0.040814210804608349 0.82032260513314126
v -0.57309549621519462 -0.11948573634736794 0.81495072838948435
v -0.52590465856491597 -0.078727517587242085 0.8509326219095622
v -0.65825158979250131 -0.20001355877659618 0.73045140220769611
v -0.61756284725699562 -0.16015925682916629 0.77448372738081239
v -0.66511123436611741 -0.12160733603957223 0.74141659307325458
v -0.56644537302796227 0.19795028030773498 0.80424839415782556
v -0.51295512513040342 0.23424506338409232 0.82997983667406783
v -0.66511123436611741 0.1216078609644277 0.74141659307325458
v -0.61756284725699562 0.16015978175402176 0.77448372738081239
v -0.52590465856491597 0.078728042512097557 0.8509326219095622
v -0.57309549621519462 0.11948626127222341 0.81495072838948435
v -0.57642435715501716 0.040814735729463821 0.82032260513314126
v -0.66978765295039944 -0.040816103195239491 0.74604185203765327
v -0.62442197212998063 2.6246242773267185e-07 0.78546621701453634
v -0.66978765295039944 0.040816628120094962 0.74604185203765327
v 6.2392682909373678e-07 -0.46725200452659815 0.88799553801013087
v -0.066041686010664041 -0.44688994128839399 0.89598455099491103
v -0.065982120436492125 -0.50803158321412623 0.86279237233433759
v -0.066267947854400211 -0.3178621435461898 0.94943810949933871
v -0.066213713478660341 -0.38302846496480236 0.9250758952744611
v 6.2392682909373678e-07 -0.34028357497468448 0.94396380571955096
v -0.19668587154779876 -0.46184251430610684 0.86883624957634553
v -0.13219921837098789 -0.42380974975308316 0.89987167517041444
v -0.19708422762820141 -0.39871105072821433 0.89947073690756207
v -0.06696922581218416 -0.04138938089775572 1.000331291710439
v -0.066937205236313815 -0.11076274504568924 0.99504353659604972
v 6.2392682909373678e-07 -0.069378100687174968 1.0010231761818864
v -0.19901596102629737 -0.19243648071766925 0.96447978481472796
v -0.13371209611928983 -0.15206761407953953 0.98278025313362627
v -0.19925990532944754 -0.12314951723424403 0.975699815398689
v 6.2392682909373678e-07 -0.20680815754695431 0.98188137467862058
v -0.066831859157368417 -0.18021068754936176 0.98484424617705613
v -0.066794191416330612 -0.24817240762687109 0.96995336743174254
v -0.444382689346767 -0.34402209232354963 0.8312838545446648
v -0.38722706218366926 -0.30871276289099653 0.87270369749400156
v -0.44598527539139027 -0.2756341818194204 0.85556004305289768
v -0.26355941908281744 -0.36978000612887113 0.89479573826725567
v -0.32597540499301203 -0.34037020684095576 0.88586021963300654
v -0.32362853705765732 -0.4068219787859782 0.85826603493315812
v -0.32664412930863929 -0.20187729728391385 0.92704337146916715
v -0.32704450337326879 -0.27155361288933522 0.90893384468944305
v -0.26505516600528573 -0.2332509539847053 0.93925505310277568
v -0.13302320845074458 -0.29092204253314824 0.9510676258840649
v -0.19977529073975989 -0.26244581984657617 0.94766681609575321
v -0.19906547538209415 -0.33173840819081546 0.9258417246103825
v -0.45581681985411654 0.19890631654194729 0.87150880438962641
v -0.46580248308392536 0.041440873969027223 0.88778989504802475
v -0.46245927750251808 0.12016585471840474 0.88235583895631275
v -0.39548533307951012 0.16155802873247013 0.90793760936525536
v -0.33347940647693508 0.12322103280810331 0.93833281281593905
v -0.45581681985411654 -0.19890579161709182 0.87150880438962641
v -0.33347940647693508 -0.12322050788324784 0.93833281281593905
v -0.39548533307951012 -0.16155750380761466 0.90793760936525536
v -0.46245927750251808 -0.12016532979354927 0.88235583895631275
v -0.46580248308392536 -0.041440349044171751 0.88778989504802475
v -0.13398006378532917 2.6246242773267185e-07 0.99443950637889433
v -0.26642708854467712 0.081780421301503828 0.96394451924159752
v -0.20105332053107813 0.041392436476493114 0.98220402965771036
v -0.20105332053107813 -0.041391911551637642 0.98220402965771036
v -0.26642708854467712 -0.081779896376648356 0.96394451924159752
v -0.40234057349265762 2.6246242773267185e-07 0.91922919742018927
v -0.33528370725607654 -0.041443160050834642 0.94484264114350802
v -0.33528370725607654 0.041443684975690114 0.94484264114350802
v -0.89598392709327801 -0.066042047475065382 0.4468902037256256
v -0.86279174843270456 -0.06598248190089348 0.50803184565135784
v -0.94943748559770569 -0.066268309318801566 0.31786240598342147
v -0.92507527137282808 -0.066214074943061696 0.38302872740203403
v -0.86883562567471251 -0.19668623301220012 0.46184277674333851
v -0.89987105126878142 -0.13219957983538924 0.42381001219031483
v -0.89947011300592905 -0.19708458909260276 0.398711313165446
v -1.000330667808806 -0.066969587276585515 0.041389643334987389
v -0.99504291269441658 -0.066937566700715156 0.11076300748292089
v -0.96447916091309494 -0.19901632249069873 0.19243674315490092
v -0.98277962923199325 -0.13371245758369119 0.1520678765167712
v -0.97569919149705597 -0.19926026679384889 0.1231497796714757
v -0.9848436222754231 -0.066832220621769772 0.18021094998659343
v -0.96995274353010963 -0.06679455288073198 0.24817267006410279
v -0.83128323064303178 -0.44438305081116836 0.3440223547607813
v -0.87270307359236854 -0.38722742364807061 0.3087130253282282
v -0.85555941915126466 -0.44598563685579162 0.27563444425665207
v -0.89479511436562265 -0.26355978054721879 0.3697802685661028
v -0.88585959573137352 -0.32597576645741339 0.34037046927818743
v -0.85826541103152509 -0.32362889852205867 0.40682224122320987
v -0.92704274756753413 -0.32664449077304064 0.20187755972114552
v -0.90893322078781003 -0.32704486483767015 0.27155387532656688
v -0.93925442920114266 -0.26505552746968708 0.23325121642193697
v -0.95106700198243188 -0.13302356991514594 0.29092230497037991
v -0.94766619219412018 -0.19977565220416124 0.26244608228380784
v -0.92584110070874948 -0.19906583684649551 0.33173867062804713
v -0.86279174843270456 -0.06598248190089348 -0.50803184570174997
v -0.89598392709327801 -0.066042047475065382 -0.44689020377601774
v -0.89947011300592905 -0.19708458909260276 -0.39871131321583814
v -0.89987105126878142 -0.13219957983538924 -0.42381001224070697
v -0.86883562567471251 -0.19668623301220012 -0.46184277679373065
v -0.92507527137282808 -0.066214074943061696 -0.38302872745242617
v -0.94943748559770569 -0.066268309318801566 -0.3178624060338136
v -0.85555941915126466 -0.44598563685579162 -0.2756344443070442
v -0.87270307359236854 -0.38722742364807061 -0.30871302537862033
v -0.83128323064303178 -0.44438305081116836 -0.34402235481117344
v -0.93925442920114266 -0.26505552746968708 -0.2332512164723291
v -0.90893322078781003 -0.32704486483767015 -0.27155387537695902
v -0.92704274756753413 -0.32664449077304064 -0.20187755977153765
v -0.85826541103152509 -0.32362889852205867 -0.406822241273602
v -0.88585959573137352 -0.32597576645741339 -0.34037046932857956
v -0.89479511436562265 -0.26355978054721879 -0.36978026861649493
v -0.99504291269441658 -0.066937566700715156 -0.11076300753331303
v -1.000330667808806 -0.066969587276585515 -0.041389643385379524
v -0.96995274353010963 -0.06679455288073198 -0.24817267011449493
v -0.9848436222754231 -0.066832220621769772 -0.18021095003698556
v -0.97569919149705597 -0.19926026679384889 -0.12314977972186783
v -0.98277962923199325 -0.13371245758369119 -0.15206787656716333
v -0.96447916091309494 -0.19901632249069873 -0.19243674320529305
v -0.92584110070874948 -0.19906583684649551 -0.33173867067843926
v -0.94766619219412018 -0.19977565220416124 -0.26244608233419997
v -0.95106700198243188 -0.13302356991514594 -0.29092230502077204
v -0.57401396611304611 -0.82201253120957807 0.040779578662331985
v -0.61979059193590447 -0.78912558638326069 -2.5196067753406744e-11
v -0.57401396611304611 -0.82201253120957807 -0.04077957871272412
v -0.70302034234678457 -0.71139676576036481 0.080848907156828465
v -0.6631462790511341 -0.75195307948026657 0.040781284763084825
v -0.65852864831633329 -0.74727704780769177 0.12155893930622634
v -0.65852864831633329 -0.74727704780769177 -0.12155893935661848
v -0.6631462790511341 -0.75195307948026657 -0.04078128481347696
v -0.70302034234678457 -0.71139676576036481 -0.080848907207220599
v -0.8299792127724348 -0.51295548659480483 0.23424480089646851
v -0.80424777025619243 -0.56644573449236368 0.19795001782011118
v -0.78840504413274426 -0.55663960047105865 0.27464399161117853
v -0.82032198123150823 -0.57642471861941857 0.040814473241840017
v -0.81495010448785143 -0.57309585767959614 0.11948599878459962
v -0.85093199800792918 -0.52590502002931738 0.078727780024473754
v -0.73045077830606309 -0.65825195125690272 0.20001382121382785
v -0.77448310347917926 -0.61756320872139703 0.16015951926639793
v -0.74141596917162156 -0.66511159583051882 0.1216075984768039
v -0.78840504413274426 -0.55663960047105865 -0.27464399166157066
v -0.80424777025619243 -0.56644573449236368 -0.19795001787050331
v -0.8299792127724348 -0.51295548659480483 -0.23424480094686065
v -0.74141596917162156 -0.66511159583051882 -0.12160759852719603
v -0.77448310347917926 -0.61756320872139703 -0.16015951931679007
v -0.73045077830606309 -0.65825195125690272 -0.20001382126421999
v -0.85093199800792918 -0.52590502002931738 -0.078727780074865888
v -0.81495010448785143 -0.57309585767959614 -0.11948599883499175
v -0.82032198123150823 -0.57642471861941857 -0.040814473292232152
v -0.74604122813602025 -0.66978801441480085 0.040816365632471159
v -0.78546559311290332 -0.62442233359438204 -2.5196067753406744e-11
v -0.74604122813602025 -0.66978801441480085 -0.040816365682863294
v -0.99443888247726131 -0.13398042524973053 -2.5196067753406744e-11
v -0.9639438953399645 -0.26642745000907847 -0.081780158864272159
v -0.98220340575607734 -0.20105368199547949 -0.041392174039261445
v -0.98220340575607734 -0.20105368199547949 0.04139217398886931
v -0.9639438953399645 -0.26642745000907847 0.081780158813880025
v -0.8715081804879935 -0.45581718131851795 -0.19890605410471565
v -0.88778927114639172 -0.46580284454832671 -0.041440611531795554
v -0.88235521505467973 -0.46245963896691944 -0.12016559228117307
v -0.90793698546362234 -0.39548569454391147 -0.16155776629523846
v -0.93833218891430603 -0.33347976794133644 -0.12322077037087165
v -0.8715081804879935 -0.45581718131851795 0.19890605405432352
v -0.93833218891430603 -0.33347976794133644 0.12322077032047951
v -0.90793698546362234 -0.39548569454391147 0.16155776624484633
v -0.88235521505467973 -0.46245963896691944 0.12016559223078094
v -0.88778927114639172 -0.46580284454832671 0.041440611481403419
v -0.944842017241875 -0.33528406872047789 -0.041443422538458445
v -0.91922857351855625 -0.40234093495705897 -2.5196067753406744e-11
v -0.944842017241875 -0.33528406872047789 0.04144342248806631
v -0.78912522491885928 2.6246242773267185e-07 -0.61979121588792963
v -0.82201216974517666 -0.040779316225100316 -0.57401459006507127
v -0.7113964042959634 0.080849169644452268 -0.70302096629880972
v -0.75195271801586516 0.040781547250708629 -0.66314690300315926
v -0.74727668634329036 -0.12155867686899467 -0.65852927226835845
v -0.75195271801586516 -0.040781022325853157 -0.66314690300315926
v -0.7113964042959634 -0.080848644719596796 -0.70302096629880972
v -0.51295512513040342 0.23424506338409232 -0.82997983672445996
v -0.56644537302796227 0.19795028030773498 -0.8042483942082177
v -0.57642435715501716 0.040814735729463821 -0.82032260518353339
v -0.57309549621519462 0.11948626127222341 -0.81495072843987648
v -0.52590465856491597 0.078728042512097557 -0.85093262195995434
v -0.61756284725699562 0.16015978175402176 -0.77448372743120453
v -0.66511123436611741 0.1216078609644277 -0.74141659312364672
v -0.55663923900665735 -0.27464372917394686 -0.78840566808476942
v -0.56644537302796227 -0.19794975538287951 -0.8042483942082177
v -0.51295512513040342 -0.23424453845923685 -0.82997983672445996
v -0.66511123436611741 -0.12160733603957223 -0.74141659312364672
v -0.61756284725699562 -0.16015925682916629 -0.77448372743120453
v -0.65825158979250131 -0.20001355877659618 -0.73045140225808824
v -0.52590465856491597 -0.078727517587242085 -0.85093262195995434
v -0.57309549621519462 -0.11948573634736794 -0.81495072843987648
v -0.57642435715501716 -0.040814210804608349 -0.82032260518353339
v -0.66978765295039944 0.040816628120094962 -0.74604185208804541
v -0.62442197212998063 2.6246242773267185e-07 -0.78546621706492847
v -0.66978765295039944 -0.040816103195239491 -0.74604185208804541
v 6.2392682909373678e-07 0.46725252945145362 -0.887995538060523
v -0.066041686010664041 0.44689046621324946 -0.89598455104530317
v -0.066267947854400211 0.31786266847104527 -0.94943810954973085
v -0.066213713478660341 0.38302898988965783 -0.92507589532485324
v 6.2392682909373678e-07 0.34028409989953995 -0.9439638057699431
v -0.13219921837098789 0.42381027467793864 -0.89987167522080658
v -0.19708422762820141 0.39871157565306981 -0.89947073695795421
v -0.06696922581218416 0.041389905822611192 -1.0003312917608311
v -0.066937205236313815 0.11076326997054471 -0.99504353664644185
v 6.2392682909373678e-07 0.06937862561203044 -1.0010231762322785
v -0.19901596102629737 0.19243700564252472 -0.96447978486512009
v -0.13371209611928983 0.152068139004395 -0.9827802531840184
v -0.19925990532944754 0.1231500421590995 -0.97569981544908113
v 6.2392682909373678e-07 0.20680868247180978 -0.98188137472901271
v -0.066831859157368417 0.18021121247421723 -0.98484424622744826
v -0.066794191416330612 0.24817293255172657 -0.96995336748213468
v -0.38722706218366926 0.308713287815852 -0.8727036975443937
v -0.44598527539139027 0.27563470674427587 -0.85556004310328981
v -0.26355941908281744 0.3697805310537266 -0.8947957383176478
v -0.32597540499301203 0.34037073176581123 -0.88586021968339868
v -0.32664412930863929 0.20187782220876932 -0.92704337151955929
v -0.32704450337326879 0.27155413781419069 -0.90893384473983518
v -0.26505516600528573 0.23325147890956077 -0.93925505315316782
v -0.13302320845074458 0.29092256745800371 -0.95106762593445704
v -0.19977529073975989 0.26244634477143164 -0.94766681614614534
v -0.19906547538209415 0.33173893311567093 -0.92584172466077463
v -0.065982120436492125 -0.50803158321412623 -0.86279237238472972
v -0.066041686010664041 -0.44688994128839399 -0.89598455104530317
v 6.2392682909373678e-07 -0.46725200452659815 -0.887995538060523
v -0.19708422762820141 -0.39871105072821433 -0.89947073695795421
v -0.13219921837098789 -0.42380974975308316 -0.89987167522080658
v -0.19668587154779876 -0.46184251430610684 -0.86883624962673767
v 6.2392682909373678e-07 -0.34028357497468448 -0.9439638057699431
v -0.066213713478660341 -0.38302846496480236 -0.92507589532485324
v -0.066267947854400211 -0.3178621435461898 -0.94943810954973085
v -0.44598527539139027 -0.2756341818194204 -0.85556004310328981
v -0.38722706218366926 -0.30871276289099653 -0.8727036975443937
v -0.444382689346767 -0.34402209232354963 -0.83128385459505694
v -0.26505516600528573 -0.2332509539847053 -0.93925505315316782
v -0.32704450337326879 -0.27155361288933522 -0.90893384473983518
v -0.32664412930863929 -0.20187729728391385 -0.92704337151955929
v -0.32362853705765732 -0.4068219787859782 -0.85826603498355025
v -0.32597540499301203 -0.34037020684095576 -0.88586021968339868
v -0.26355941908281744 -0.36978000612887113 -0.8947957383176478
v 6.2392682909373678e-07 -0.069378100687174968 -1.0010231762322785
v -0.066937205236313815 -0.11076274504568924 -0.99504353664644185
v -0.06696922581218416 -0.04138938089775572 -1.0003312917608311
v -0.066794191416330612 -0.24817240762687109 -0.96995336748213468
v -0.066831859157368417 -0.18021068754936176 -0.98484424622744826
v 6.2392682909373678e-07 -0.20680815754695431 -0.98188137472901271
v -0.19925990532944754 -0.12314951723424403 -0.97569981544908113
v -0.13371209611928983 -0.15206761407953953 -0.9827802531840184
v -0.19901596102629737 -0.19243648071766925 -0.96447978486512009
v -0.19906547538209415 -0.33173840819081546 -0.92584172466077463
v -0.19977529073975989 -0.26244581984657617 -0.94766681614614534
v -0.13302320845074458 -0.29092204253314824 -0.95106762593445704
v -0.45581681985411654 0.19890631654194729 -0.87150880444001855
v -0.33347940647693508 0.12322103280810331 -0.93833281286633119
v -0.39548533307951012 0.16155802873247013 -0.9079376094156475
v -0.46245927750251808 0.12016585471840474 -0.88235583900670489
v -0.46580248308392536 0.041440873969027223 -0.88778989509841688
v -0.13398006378532917 2.6246242773267185e-07 -0.99443950642928647
v -0.26642708854467712 -0.081779896376648356 -0.96394451929198965
v -0.20105332053107813 -0.041391911551637642 -0.9822040297081025
v -0.20105332053107813 0.041392436476493114 -0.9822040297081025
v -0.26642708854467712 0.081780421301503828 -0.96394451929198965
v -0.45581681985411654 -0.19890579161709182 -0.87150880444001855
v -0.46580248308392536 -0.041440349044171751 -0.88778989509841688
v -0.46245927750251808 -0.12016532979354927 -0.88235583900670489
v -0.39548533307951012 -0.16155750380761466 -0.9079376094156475
v -0.33347940647693508 -0.12322050788324784 -0.93833281286633119
v -0.33528370725607654 0.041443684975690114 -0.94484264119390016
v -0.33528370725607654 -0.041443160050834642 -0.94484264119390016
v -0.40234057349265762 2.6246242773267185e-07 -0.91922919747058141
v 0.10685932610124789 0.55374916838766808 -0.82994224110781012
v 0.065983368290150307 0.50803210813898159 -0.86279237238472972
v 0.18807433263679482 0.63675265695481209 -0.75235325799470054
v 0.14791895717974543 0.59693282803490155 -0.79287605302703634
v 0.19668711940145694 0.46184303923096232 -0.86883624962673767
v 0.17312317728379209 0.53094732314257398 -0.83365733781531726
v 0.23804170522857149 0.50593637718101092 -0.83320216517672485
v 0.34260491794769038 0.76301024942267837 -0.55434539244261205
v 0.30625832449123547 0.73731082748230636 -0.60781585053594367
v 0.3628306959729547 0.62130628266763843 -0.69942399493300522
v 0.33583834849944461 0.6812382708309892 -0.65573512588392069
v 0.40113871292944736 0.65167235514090938 -0.64905506221361275
v 0.26829737240120705 0.70765150678423849 -0.65886821730760736
v 0.22968450392633447 0.67462204021771854 -0.70639332447248826
v 0.44438393720042518 0.3440226172484051 -0.83128385459505694
v 0.42859816359328368 0.41702097053495107 -0.80576586838125075
v 0.48737616660523186 0.38399419984347249 -0.78859019336427649
v 0.30484213309082125 0.47785681255123191 -0.82800092297448813
v 0.36728139894525663 0.44850796094859519 -0.81902773659920114
v 0.3236297849113155 0.40682250371083367 -0.85826603498355025
v 0.4497951568589692 0.52428813116171769 -0.7277828422632826
v 0.40968475694362783 0.48790586357701055 -0.77522112469371629
v 0.38805542768490692 0.55526707768865013 -0.74023846820004136
v 0.25605407168517924 0.61301828214770326 -0.75200152662553377
v 0.32324484399096864 0.58569056483557103 -0.74789090147955639
v 0.28127997295886159 0.54697601521635386 -0.7928178922832011
v 0.5740152139667043 0.82201305613443343 -0.04077957871272412
v 0.55374952985206949 0.82994250354504184 -0.10685870219961488
v 0.6367530184192135 0.75235352043193215 -0.1880737087351618
v 0.59693318949930296 0.79287631546426796 -0.14791833327811241
v 0.65852989616999147 0.74727757273254714 -0.12155893935661848
v 0.53094768460697539 0.83365760025254887 -0.17312255338215904
v 0.50593673864541222 0.83320242761395658 -0.23804108132693841
v 0.76301061088707978 0.55434565487984366 -0.34260429404605736
v 0.73731118894670777 0.60781611297317528 -0.30625770058960239
v 0.78840629198640244 0.55664012539591401 -0.27464399166157066
v 0.62130664413203984 0.69942425737023683 -0.36283007207132162
v 0.68123863229539061 0.65573538832115219 -0.33583772459781147
v 0.65167271660531079 0.64905532465084448 -0.40113808902781434
v 0.73045202615972127 0.65825247618175808 -0.20001382126421999
v 0.70765186824864001 0.65886847974483886 -0.26829674849957402
v 0.67462240168211995 0.70639358690971987 -0.22968388002470141
v 0.41702133199935243 0.80576613081848247 -0.42859753969165054
v 0.38399456130787385 0.78859045580150811 -0.48737554270359873
v 0.47785717401563321 0.82800118541171974 -0.30484150918918818
v 0.44850832241299654 0.81902799903643286 -0.36728077504362361
v 0.52428849262611921 0.72778310470051422 -0.44979453295733618
v 0.48790622504141179 0.77522138713094801 -0.4096841330419948
v 0.55526743915305155 0.74023873063727297 -0.38805480378327384
v 0.61301864361210467 0.75200178906276549 -0.25605344778354622
v 0.58569092629997233 0.747891163916788 -0.32324422008933562
v 0.54697637668075516 0.79281815472043282 -0.28127934905722857
v 0.82201341759883484 0.040779841149955788 -0.57401459006507127
v 0.82994286500944325 0.10685896463684655 -0.55374890595043647
v 0.86279299628636275 0.065983006825748952 -0.50803184570174997
v 0.75235388189633357 0.18807397117239349 -0.63675239451758048
v 0.79287667692866937 0.14791859571534408 -0.59693256559766994
v 0.74727793419694855 0.12155920179385014 -0.65852927226835845
v 0.86883687352837069 0.19668675793705559 -0.46184277679373065
v 0.83365796171695028 0.17312281581939074 -0.53094706070534237
v 0.83320278907835799 0.23804134376417013 -0.50593611474377931
v 0.55434601634424507 0.34260455648328897 -0.76300998698544664
v 0.60781647443757669 0.30625796302683411 -0.73731056504507475
v 0.55664048686031553 0.27464425409880233 -0.78840566808476942
v 0.69942461883463836 0.3628303345085534 -0.62130602023040693
v 0.65573574978555371 0.33583798703504325 -0.68123800839375759
v 0.64905568611524589 0.40113835146504606 -0.65167209270367776
v 0.65825283764615949 0.20001408370145166 -0.73045140225808824
v 0.65886884120924039 0.26829701093680569 -0.70765124434700688
v 0.70639394837412128 0.22968414246193311 -0.67462177778048682
v 0.83128447849668996 0.44438357573602383 -0.34402235481117344
v 0.80576649228288377 0.42859780212888232 -0.41702070809771941
v 0.78859081726590952 0.48737580514083051 -0.38399393740624083
v 0.82800154687612115 0.3048417716264199 -0.47785655011400024
v 0.81902836050083416 0.36728103748085528 -0.44850769851136352
v 0.85826665888518328 0.32362942344691414 -0.406822241273602
v 0.72778346616491563 0.4497947953945679 -0.52428786872448607
v 0.7752217485953492 0.40968439547922647 -0.48790560113977882
v 0.74023909210167449 0.38805506622050562 -0.55526681525141863
v 0.75200215052716679 0.25605371022077789 -0.61301801971047165
v 0.74789152538118941 0.32324448252656729 -0.58569030239833941
v 0.79281851618483412 0.28127961149446029 -0.54697575277912225
v 0.41569198456070616 0.73752837916509195 -0.53862206264834078
v 0.55431048859628596 0.67190536283205649 -0.49814141228123526
v 0.48687050590199887 0.70688392739497197 -0.51974412827875538
v 0.44547833188793357 0.68130215698602936 -0.58671807270176346
v 0.47253032975720982 0.62136244506414251 -0.63046448888822548
v 0.73752874062949336 0.53862232508557251 -0.41569136065907308
v 0.6719057242964579 0.49814167471846693 -0.55430986469465282
v 0.70688428885937349 0.51974439071598699 -0.48686988200036579
v 0.68130251845043077 0.58671833513899507 -0.44547770798630043
v 0.62136280652854392 0.6304647513254571 -0.47252970585557669
v 0.53862268654997403 0.41569162309630475 -0.73752811672786034
v 0.49814203618286834 0.55431012713188454 -0.67190510039482498
v 0.5197447521803884 0.48687014443759746 -0.70688366495774047
v 0.58671869660339648 0.4454779704235321 -0.68130189454879775
v 0.63046511278985851 0.47252996829280841 -0.6213621826269109
v 0.58394549018930897 0.6095585724482262 -0.54250144377441345
v 0.60955893391262761 0.54250170621164506 -0.58394486628767595
v 0.54250206767604647 0.58394512872490745 -0.60955831001099459
v 0.5740152139667043 -0.82201253120957807 0.040779578662331985
v 0.55374952985206949 -0.82994197862018648 0.10685870214922275
v 0.508032469603383 -0.86279210989710597 0.065982744338125135
v 0.6367530184192135 -0.75235299550707679 0.18807370868476966
v 0.59693318949930296 -0.79287579053941259 0.14791833322772027
v 0.65852989616999147 -0.74727704780769177 0.12155893930622634
v 0.46184340069536362 -0.86883598713911392 0.19668649544943173
v 0.53094768460697539 -0.83365707532769351 0.1731225533317669
v 0.50593673864541222 -0.83320190268910121 0.23804108127654627
v 0.76301061088707978 -0.5543451299549883 0.34260429399566522
v 0.73731118894670777 -0.60781558804831992 0.30625770053921025
v 0.78840629198640244 -0.55663960047105865 0.27464399161117853
v 0.62130664413203984 -0.69942373244538147 0.36283007202092948
v 0.68123863229539061 -0.65573486339629683 0.33583772454741934
v 0.65167271660531079 -0.64905479972598912 0.4011380889774222
v 0.73045202615972127 -0.65825195125690272 0.20001382121382785
v 0.70765186824864001 -0.6588679548199835 0.26829674844918189
v 0.67462240168211995 -0.70639306198486451 0.22968387997430928
v 0.34402297871280635 -0.8312835921074333 0.44438331324839997
v 0.41702133199935243 -0.80576560589362711 0.42859753964125841
v 0.38399456130787385 -0.78858993087665274 0.48737554265320659
v 0.47785717401563321 -0.82800066048686438 0.30484150913879604
v 0.44850832241299654 -0.8190274741115775 0.36728077499323147
v 0.40682286517523503 -0.85826577249592662 0.32362916095929029
v 0.52428849262611921 -0.72778257977565886 0.44979453290694404
v 0.48790622504141179 -0.77522086220609265 0.40968413299160267
v 0.55526743915305155 -0.74023820571241761 0.3880548037328817
v 0.61301864361210467 -0.75200126413791013 0.25605344773315408
v 0.58569092629997233 -0.74789063899193264 0.32324422003894349
v 0.54697637668075516 -0.79281762979557746 0.28127934900683643
v 0.82201341759883484 -0.040779316225100316 0.57401459001467914
v 0.82994286500944325 -0.10685843971199108 0.55374890590004433
v 0.86279299628636275 -0.06598248190089348 0.50803184565135784
v 0.75235388189633357 -0.18807344624753802 0.63675239446718834
v 0.79287667692866937 -0.1479180707904886 0.5969325655472778
v 0.74727793419694855 -0.12155867686899467 0.65852927221796631
v 0.86883687352837069 -0.19668623301220012 0.46184277674333851
v 0.83365796171695028 -0.17312229089453526 0.53094706065495023
v 0.83320278907835799 -0.23804081883931466 0.50593611469338717
v 0.55434601634424507 -0.3426040315584335 0.76300998693505451
v 0.60781647443757669 -0.30625743810197864 0.73731056499468262
v 0.55664048686031553 -0.27464372917394686 0.78840566803437728
v 0.69942461883463836 -0.36282980958369793 0.6213060201800148
v 0.65573574978555371 -0.33583746211018778 0.68123800834336545
v 0.64905568611524589 -0.40113782654019059 0.65167209265328563
v 0.65825283764615949 -0.20001355877659618 0.73045140220769611
v 0.65886884120924039 -0.26829648601195022 0.70765124429661475
v 0.70639394837412128 -0.22968361753707764 0.67462177773009468
v 0.83128447849668996 -0.44438305081116836 0.3440223547607813
v 0.80576649228288377 -0.42859727720402685 0.41702070804732727
v 0.78859081726590952 -0.48737528021597504 0.38399393735584869
v 0.82800154687612115 -0.30484124670156443 0.47785655006360811
v 0.81902836050083416 -0.36728051255599981 0.44850769846097138
v 0.85826665888518328 -0.32362889852205867 0.40682224122320987
v 0.72778346616491563 -0.44979427046971243 0.52428786867409394
v 0.7752217485953492 -0.409683870554371 0.48790560108938669
v 0.74023909210167449 -0.38805454129565015 0.5552668152010265
v 0.75200215052716679 -0.25605318529592241 0.61301801966007952
v 0.74789152538118941 -0.32324395760171182 0.58569030234794728
v 0.79281851618483412 -0.28127908656960482 0.54697575272873011
v 0.040780202614357129 -0.57401432757744741 0.82201279364680968
v 0.10685932610124789 -0.55374864346281272 0.82994224105741798
v 0.065983368290150307 -0.50803158321412623 0.86279237233433759
v 0.18807433263679482 -0.63675213202995673 0.75235325794430841
v 0.14791895717974543 -0.59693230311004619 0.79287605297664421
v 0.12155956325825146 -0.6585290097807347 0.74727731024492328
v 0.19668711940145694 -0.46184251430610684 0.86883624957634553
v 0.17312317728379209 -0.53094679821771862 0.83365733776492512
v 0.23804170522857149 -0.50593585225615556 0.83320216512633272
v 0.34260491794769038 -0.76300972449782301 0.55434539239221992
v 0.30625832449123547 -0.737310302557451 0.60781585048555153
v 0.27464461556320369 -0.78840540559714556 0.55663986290829037
v 0.3628306959729547 -0.62130575774278307 0.69942399488261309
v 0.33583834849944461 -0.68123774590613384 0.65573512583352855
v 0.40113871292944736 -0.65167183021605402 0.64905506216322062
v 0.20001444516585298 -0.7304511397704645 0.65825221369413423
v 0.26829737240120705 -0.70765098185938313 0.65886821725721523
v 0.22968450392633447 -0.67462151529286318 0.70639332442209612
v 0.44438393720042518 -0.34402209232354963 0.8312838545446648
v 0.42859816359328368 -0.4170204456100956 0.80576586833085861
v 0.48737616660523186 -0.38399367491861702 0.78859019331388436
v 0.30484213309082125 -0.47785628762637644 0.82800092292409599
v 0.36728139894525663 -0.44850743602373971 0.819027736548809
v 0.3236297849113155 -0.4068219787859782 0.85826603493315812
v 0.4497951568589692 -0.52428760623686232 0.72778284221289047
v 0.40968475694362783 -0.48790533865215507 0.77522112464332416
v 0.38805542768490692 -0.55526655276379477 0.74023846814964922
v 0.25605407168517924 -0.6130177572228479 0.75200152657514163
v 0.32324484399096864 -0.58569003991071567 0.74789090142916426
v 0.28127997295886159 -0.5469754902914985 0.79281789223280896
v 0.73752874062949336 -0.53862180016071715 0.41569136060868095
v 0.6719057242964579 -0.49814114979361146 0.55430986464426069
v 0.70688428885937349 -0.51974386579113163 0.48686988194997366
v 0.68130251845043077 -0.58671781021413971 0.4454777079359083
v 0.62136280652854392 -0.63046422640060173 0.47252970580518455
v 0.53862268654997403 -0.41569109817144928 0.7375281166774682
v 0.49814203618286834 -0.55430960220702918 0.67190510034443285
v 0.5197447521803884 -0.48686961951274199 0.70688366490734833
v 0.58671869660339648 -0.44547744549867663 0.68130189449840561
v 0.63046511278985851 -0.47252944336795294 0.62136218257651876
v 0.41569198456070616 -0.73752785424023659 0.53862206259794865
v 0.55431048859628596 -0.67190483790720112 0.49814141223084313
v 0.48687050590199887 -0.70688340247011661 0.51974412822836324
v 0.44547833188793357 -0.681301632061174 0.58671807265137133
v 0.47253032975720982 -0.62136192013928715 0.63046448883783335
v 0.60955893391262761 -0.5425011812867897 0.58394486623728381
v 0.54250206767604647 -0.58394460380005209 0.60955830996060245
v 0.58394549018930897 -0.60955804752337084 0.54250144372402131
v 0.44689082767765076 -0.89598428855767942 0.066042309912297037
v 0.46725289091585498 -0.88799527557289926 -2.5196067753406744e-11
v 0.39871193711747116 -0.89947047447033046 0.1970848515298344
v 0.42381063614233999 -0.89987141273318283 0.13219984227262091
v 0.3402844613639413 -0.94396354328231935 -2.5196067753406744e-11
v 0.38302935135405919 -0.92507563283722949 0.06621433738029335
v 0.31786302993544663 -0.9494378470621071 0.06626857175603322
v 0.27563506820867711 -0.85555978061566607 0.44598589929302318
v 0.30871364928025324 -0.87270343505676995 0.38722768608530211
v 0.2332518403739621 -0.93925479066554418 0.26505578990691864
v 0.27155449927859199 -0.90893358225221155 0.3270451272749017
v 0.20187818367317065 -0.92704310903193554 0.32664475321027225
v 0.34037109323021247 -0.88585995719577504 0.32597602889464489
v 0.36978089251812785 -0.89479547583002406 0.26356004298445035
v 0.069378987076431795 -1.0010229137446547 -2.5196067753406744e-11
v 0.11076363143494605 -0.9950432741588181 0.066937829137946825
v 0.04139026728701254 -1.0003310292732073 0.06696984971381717
v 0.24817329401612792 -0.96995310499451093 0.066794815317963621
v 0.18021157393861859 -0.98484398373982451 0.066832483059001427
v 0.20680904393621113 -0.98188111224138896 -2.5196067753406744e-11
v 0.12315040362350084 -0.97569955296145738 0.19926052923108054
v 0.15206850046879633 -0.98277999069639466 0.1337127200209228
v 0.19243736710692605 -0.96447952237749635 0.19901658492793037
v 0.33173929458007223 -0.92584146217315089 0.19906609928372712
v 0.26244670623583294 -0.94766655365852159 0.1997759146413928
v 0.29092292892240507 -0.95106736344683329 0.13302383235237758
v -0.040778954760698947 -0.57401432757744741 0.82201279364680968
v 6.2392682909373678e-07 -0.61979095340030577 0.7891258488204923
v -0.080848283255195441 -0.70302070381118609 0.71139702819759632
v -0.040780660861451788 -0.66314664051553562 0.75195334191749819
v -0.12155831540459328 -0.6585290097807347 0.74727731024492328
v 0.04078190871510997 -0.66314664051553562 0.75195334191749819
v 0.080849531108853623 -0.70302070381118609 0.71139702819759632
v -0.23424417699483552 -0.82997957423683633 0.51295574903203633
v -0.19794939391847816 -0.80424813172059395 0.56644599692959519
v -0.27464336770954551 -0.78840540559714556 0.55663986290829037
v -0.040813849340206987 -0.82032234269590965 0.57642498105665008
v -0.11948537488296658 -0.81495046595225284 0.57309612011682765
v -0.07872715612284073 -0.8509323594723307 0.525905282466549
v -0.2000131973121948 -0.7304511397704645 0.65825221369413423
v -0.16015889536476488 -0.77448346494358067 0.61756347115862864
v -0.12160697457517086 -0.74141633063602297 0.66511185826775043
v 0.19795064177213634 -0.80424813172059395 0.56644599692959519
v 0.2342454248484937 -0.82997957423683633 0.51295574903203633
v 0.12160822242882904 -0.74141633063602297 0.66511185826775043
v 0.16016014321842306 -0.77448346494358067 0.61756347115862864
v 0.078728403976498912 -0.8509323594723307 0.525905282466549
v 0.11948662273662476 -0.81495046595225284 0.57309612011682765
v 0.040815097193865169 -0.82032234269590965 0.57642498105665008
v -0.040815741730838136 -0.74604158960042166 0.66978827685203235
v 6.2392682909373678e-07 -0.78546595457730473 0.62442259603161365
v 0.040816989584496317 -0.74604158960042166 0.66978827685203235
v -0.4672516430621968 -0.88799527557289926 -2.5196067753406744e-11
v -0.44688957982399258 -0.89598428855767942 0.066042309912297037
v -0.50803122174972482 -0.86279210989710597 0.065982744338125135
v -0.31786178208178845 -0.9494378470621071 0.06626857175603322
v -0.38302810350040101 -0.92507563283722949 0.06621433738029335
v -0.34028321351028312 -0.94396354328231935 -2.5196067753406744e-11
v -0.46184215284170543 -0.86883598713911392 0.19668649544943173
v -0.42380938828868181 -0.89987141273318283 0.13219984227262091
v -0.39871068926381298 -0.89947047447033046 0.1970848515298344
v -0.041389019433354358 -1.0003310292732073 0.06696984971381717
v -0.11076238358128787 -0.9950432741588181 0.066937829137946825
v -0.069377739222773613 -1.0010229137446547 -2.5196067753406744e-11
v -0.19243611925326787 -0.96447952237749635 0.19901658492793037
v -0.15206725261513815 -0.98277999069639466 0.1337127200209228
v -0.12314915576984266 -0.97569955296145738 0.19926052923108054
v -0.20680779608255295 -0.98188111224138896 -2.5196067753406744e-11
v -0.1802103260849604 -0.98484398373982451 0.066832483059001427
v -0.24817204616246974 -0.96995310499451093 0.066794815317963621
v -0.34402173085914817 -0.8312835921074333 0.44438331324839997
v -0.30871240142659506 -0.87270343505676995 0.38722768608530211
v -0.27563382035501893 -0.85555978061566607 0.44598589929302318
v -0.36977964466446966 -0.89479547583002406 0.26356004298445035
v -0.34036984537655429 -0.88585995719577504 0.32597602889464489
v -0.40682161732157684 -0.85826577249592662 0.32362916095929029
v -0.20187693581951247 -0.92704310903193554 0.32664475321027225
v -0.27155325142493381 -0.90893358225221155 0.3270451272749017
v -0.23325059252030392 -0.93925479066554418 0.26505578990691864
v -0.29092168106874688 -0.95106736344683329 0.13302383235237758
v -0.26244545838217476 -0.94766655365852159 0.1997759146413928
v -0.33173804672641405 -0.92584146217315089 0.19906609928372712
v 0.19890667800634862 -0.87150854195239491 0.45581744375574945
v 0.041441235433428585 -0.88778963261079324 0.46580310698555838
v 0.12016621618280611 -0.88235557651908125 0.46245990140415105
v 0.16155839019687146 -0.90793734692802375 0.39548595698114308
v 0.12322139427250466 -0.93833255037870744 0.3334800303785681
v -0.19890543015269044 -0.87150854195239491 0.45581744375574945
v -0.12322014641884647 -0.93833255037870744 0.3334800303785681
v -0.16155714234321328 -0.90793734692802375 0.39548595698114308
v -0.12016496832914793 -0.88235557651908125 0.46245990140415105
v -0.041439987579770403 -0.88778963261079324 0.46580310698555838
v 6.2392682909373678e-07 -0.99443924394166272 0.13398068768696217
v 0.081780782765905169 -0.96394425680436591 0.26642771244631003
v 0.041392797940894462 -0.98220376722047875 0.2010539444327111
v -0.04139155008723628 -0.98220376722047875 0.2010539444327111
v -0.081779534912246987 -0.96394425680436591 0.26642771244631003
v 6.2392682909373678e-07 -0.91922893498295766 0.40234119739429064
v -0.041442798586433287 -0.94484237870627652 0.3352843311577095
v 0.041444046440091468 -0.94484237870627652 0.3352843311577095
v 0.44689082767765076 -0.89598428855767942 -0.066042309962689172
v 0.508032469603383 -0.86279210989710597 -0.06598274438851727
v 0.31786302993544663 -0.9494378470621071 -0.066268571806425355
v 0.38302935135405919 -0.92507563283722949 -0.066214337430685485
v 0.46184340069536362 -0.86883598713911392 -0.19668649549982387
v 0.42381063614233999 -0.89987141273318283 -0.13219984232301304
v 0.39871193711747116 -0.89947047447033046 -0.19708485158022654
v 0.04139026728701254 -1.0003310292732073 -0.066969849764209305
v 0.11076363143494605 -0.9950432741588181 -0.06693782918833896
v 0.19243736710692605 -0.96447952237749635 -0.1990165849783225
v 0.15206850046879633 -0.98277999069639466 -0.13371272007131493
v 0.12315040362350084 -0.97569955296145738 -0.19926052928147267
v 0.18021157393861859 -0.98484398373982451 -0.066832483109393562
v 0.24817329401612792 -0.96995310499451093 -0.066794815368355756
v 0.34402297871280635 -0.8312835921074333 -0.4443833132987921
v 0.30871364928025324 -0.87270343505676995 -0.38722768613569425
v 0.27563506820867711 -0.85555978061566607 -0.44598589934341532
v 0.36978089251812785 -0.89479547583002406 -0.26356004303484248
v 0.34037109323021247 -0.88585995719577504 -0.32597602894503702
v 0.40682286517523503 -0.85826577249592662 -0.32362916100968242
v 0.20187818367317065 -0.92704310903193554 -0.32664475326066439
v 0.27155449927859199 -0.90893358225221155 -0.32704512732529384
v 0.2332518403739621 -0.93925479066554418 -0.26505578995731077
v 0.29092292892240507 -0.95106736344683329 -0.13302383240276971
v 0.26244670623583294 -0.94766655365852159 -0.19977591469178493
v 0.33173929458007223 -0.92584146217315089 -0.19906609933411926
v -0.50803122174972482 -0.86279210989710597 -0.06598274438851727
v -0.44688957982399258 -0.89598428855767942 -0.066042309962689172
v -0.39871068926381298 -0.89947047447033046 -0.19708485158022654
v -0.42380938828868181 -0.89987141273318283 -0.13219984232301304
v -0.46184215284170543 -0.86883598713911392 -0.19668649549982387
v -0.38302810350040101 -0.92507563283722949 -0.066214337430685485
v -0.31786178208178845 -0.9494378470621071 -0.066268571806425355
v -0.27563382035501893 -0.85555978061566607 -0.44598589934341532
v -0.30871240142659506 -0.87270343505676995 -0.38722768613569425
v -0.34402173085914817 -0.8312835921074333 -0.4443833132987921
v -0.23325059252030392 -0.93925479066554418 -0.26505578995731077
v -0.27155325142493381 -0.90893358225221155 -0.32704512732529384
v -0.20187693581951247 -0.92704310903193554 -0.32664475326066439
v -0.40682161732157684 -0.85826577249592662 -0.32362916100968242
v -0.34036984537655429 -0.88585995719577504 -0.32597602894503702
v -0.36977964466446966 -0.89479547583002406 -0.26356004303484248
v -0.11076238358128787 -0.9950432741588181 -0.06693782918833896
v -0.041389019433354358 -1.0003310292732073 -0.066969849764209305
v -0.24817204616246974 -0.96995310499451093 -0.066794815368355756
v -0.1802103260849604 -0.98484398373982451 -0.066832483109393562
v -0.12314915576984266 -0.97569955296145738 -0.19926052928147267
v -0.15206725261513815 -0.98277999069639466 -0.13371272007131493
v -0.19243611925326787 -0.96447952237749635 -0.1990165849783225
v -0.33173804672641405 -0.92584146217315089 -0.19906609933411926
v -0.26244545838217476 -0.94766655365852159 -0.19977591469178493
v -0.29092168106874688 -0.95106736344683329 -0.13302383240276971
v 0.040780202614357129 -0.57401432757744741 -0.82201279369720182
v 6.2392682909373678e-07 -0.61979095340030577 -0.78912584887088444
v -0.040778954760698947 -0.57401432757744741 -0.82201279369720182
v 0.080849531108853623 -0.70302070381118609 -0.71139702824798845
v 0.04078190871510997 -0.66314664051553562 -0.75195334196789032
v 0.12155956325825146 -0.6585290097807347 -0.74727731029531541
v -0.12155831540459328 -0.6585290097807347 -0.74727731029531541
v -0.040780660861451788 -0.66314664051553562 -0.75195334196789032
v -0.080848283255195441 -0.70302070381118609 -0.71139702824798845
v 0.2342454248484937 -0.82997957423683633 -0.51295574908242847
v 0.19795064177213634 -0.80424813172059395 -0.56644599697998732
v 0.27464461556320369 -0.78840540559714556 -0.55663986295868251
v 0.040815097193865169 -0.82032234269590965 -0.57642498110704221
v 0.11948662273662476 -0.81495046595225284 -0.57309612016721978
v 0.078728403976498912 -0.8509323594723307 -0.52590528251694113
v 0.20001444516585298 -0.7304511397704645 -0.65825221374452636
v 0.16016014321842306 -0.77448346494358067 -0.61756347120902078
v 0.12160822242882904 -0.74141633063602297 -0.66511185831814257
v -0.27464336770954551 -0.78840540559714556 -0.55663986295868251
v -0.19794939391847816 -0.80424813172059395 -0.56644599697998732
v -0.23424417699483552 -0.82997957423683633 -0.51295574908242847
v -0.12160697457517086 -0.74141633063602297 -0.66511185831814257
v -0.16015889536476488 -0.77448346494358067 -0.61756347120902078
v -0.2000131973121948 -0.7304511397704645 -0.65825221374452636
v -0.07872715612284073 -0.8509323594723307 -0.52590528251694113
v -0.11948537488296658 -0.81495046595225284 -0.57309612016721978
v -0.040813849340206987 -0.82032234269590965 -0.57642498110704221
v 0.040816989584496317 -0.74604158960042166 -0.66978827690242448
v 6.2392682909373678e-07 -0.78546595457730473 -0.62442259608200579
v -0.040815741730838136 -0.74604158960042166 -0.66978827690242448
v 6.2392682909373678e-07 -0.99443924394166272 -0.1339806877373543
v -0.081779534912246987 -0.96394425680436591 -0.26642771249670216
v -0.04139155008723628 -0.98220376722047875 -0.20105394448310324
v 0.041392797940894462 -0.98220376722047875 -0.20105394448310324
v 0.081780782765905169 -0.96394425680436591 -0.26642771249670216
v -0.19890543015269044 -0.87150854195239491 -0.45581744380614159
v -0.041439987579770403 -0.88778963261079324 -0.46580310703595051
v -0.12016496832914793 -0.88235557651908125 -0.46245990145454319
v -0.16155714234321328 -0.90793734692802375 -0.39548595703153522
v -0.12322014641884647 -0.93833255037870744 -0.33348003042896024
v 0.19890667800634862 -0.87150854195239491 -0.45581744380614159
v 0.12322139427250466 -0.93833255037870744 -0.33348003042896024
v 0.16155839019687146 -0.90793734692802375 -0.39548595703153522
v 0.12016621618280611 -0.88235557651908125 -0.46245990145454319
v 0.041441235433428585 -0.88778963261079324 -0.46580310703595051
v -0.041442798586433287 -0.94484237870627652 -0.33528433120810164
v 6.2392682909373678e-07 -0.91922893498295766 -0.40234119744468277
v 0.041444046440091468 -0.94484237870627652 -0.33528433120810164
v 0.55374952985206949 -0.82994197862018648 -0.10685870219961488
v 0.5740152139667043 -0.82201253120957807 -0.04077957871272412
v 0.50593673864541222 -0.83320190268910121 -0.23804108132693841
v 0.53094768460697539 -0.83365707532769351 -0.17312255338215904
v 0.65852989616999147 -0.74727704780769177 -0.12155893935661848
v 0.59693318949930296 -0.79287579053941259 -0.14791833327811241
v 0.6367530184192135 -0.75235299550707679 -0.1880737087351618
v 0.38399456130787385 -0.78858993087665274 -0.48737554270359873
v 0.41702133199935243 -0.80576560589362711 -0.42859753969165054
v 0.55526743915305155 -0.74023820571241761 -0.38805480378327384
v 0.48790622504141179 -0.77522086220609265 -0.4096841330419948
v 0.52428849262611921 -0.72778257977565886 -0.44979453295733618
v 0.44850832241299654 -0.8190274741115775 -0.36728077504362361
v 0.47785717401563321 -0.82800066048686438 -0.30484150918918818
v 0.78840629198640244 -0.55663960047105865 -0.27464399166157066
v 0.73731118894670777 -0.60781558804831992 -0.30625770058960239
v 0.76301061088707978 -0.5543451299549883 -0.34260429404605736
v 0.67462240168211995 -0.70639306198486451 -0.22968388002470141
v 0.70765186824864001 -0.6588679548199835 -0.26829674849957402
v 0.73045202615972127 -0.65825195125690272 -0.20001382126421999
v 0.65167271660531079 -0.64905479972598912 -0.40113808902781434
v 0.68123863229539061 -0.65573486339629683 -0.33583772459781147
v 0.62130664413203984 -0.69942373244538147 -0.36283007207132162
v 0.54697637668075516 -0.79281762979557746 -0.28127934905722857
v 0.58569092629997233 -0.74789063899193264 -0.32324422008933562
v 0.61301864361210467 -0.75200126413791013 -0.25605344778354622
v 0.065983368290150307 -0.50803158321412623 -0.86279237238472972
v 0.10685932610124789 -0.55374864346281272 -0.82994224110781012
v 0.23804170522857149 -0.50593585225615556 -0.83320216517672485
v 0.17312317728379209 -0.53094679821771862 -0.83365733781531726
v 0.19668711940145694 -0.46184251430610684 -0.86883624962673767
v 0.14791895717974543 -0.59693230311004619 -0.79287605302703634
v 0.18807433263679482 -0.63675213202995673 -0.75235325799470054
v 0.48737616660523186 -0.38399367491861702 -0.78859019336427649
v 0.42859816359328368 -0.4170204456100956 -0.80576586838125075
v 0.44438393720042518 -0.34402209232354963 -0.83128385459505694
v 0.38805542768490692 -0.55526655276379477 -0.74023846820004136
v 0.40968475694362783 -0.48790533865215507 -0.77522112469371629
v 0.4497951568589692 -0.52428760623686232 -0.7277828422632826
v 0.3236297849113155 -0.4068219787859782 -0.85826603498355025
v 0.36728139894525663 -0.44850743602373971 -0.81902773659920114
v 0.30484213309082125 -0.47785628762637644 -0.82800092297448813
v 0.30625832449123547 -0.737310302557451 -0.60781585053594367
v 0.34260491794769038 -0.76300972449782301 -0.55434539244261205
v 0.22968450392633447 -0.67462151529286318 -0.70639332447248826
v 0.26829737240120705 -0.70765098185938313 -0.65886821730760736
v 0.40113871292944736 -0.65167183021605402 -0.64905506221361275
v 0.33583834849944461 -0.68123774590613384 -0.65573512588392069
v 0.3628306959729547 -0.62130575774278307 -0.69942399493300522
v 0.28127997295886159 -0.5469754902914985 -0.7928178922832011
v 0.32324484399096864 -0.58569003991071567 -0.74789090147955639
v 0.25605407168517924 -0.6130177572228479 -0.75200152662553377
v 0.86279299628636275 -0.06598248190089348 -0.50803184570174997
v 0.82994286500944325 -0.10685843971199108 -0.55374890595043647
v 0.82201341759883484 -0.040779316225100316 -0.57401459006507127
v 0.83320278907835799 -0.23804081883931466 -0.50593611474377931
v 0.83365796171695028 -0.17312229089453526 -0.53094706070534237
v 0.86883687352837069 -0.19668623301220012 -0.46184277679373065
v 0.74727793419694855 -0.12155867686899467 -0.65852927226835845
v 0.79287667692866937 -0.1479180707904886 -0.59693256559766994
v 0.75235388189633357 -0.18807344624753802 -0.63675239451758048
v 0.78859081726590952 -0.48737528021597504 -0.38399393740624083
v 0.80576649228288377 -0.42859727720402685 -0.41702070809771941
v 0.83128447849668996 -0.44438305081116836 -0.34402235481117344
v 0.74023909210167449 -0.38805454129565015 -0.55526681525141863
v 0.7752217485953492 -0.409683870554371 -0.48790560113977882
v 0.72778346616491563 -0.44979427046971243 -0.52428786872448607
v 0.85826665888518328 -0.32362889852205867 -0.406822241273602
v 0.81902836050083416 -0.36728051255599981 -0.44850769851136352
v 0.82800154687612115 -0.30484124670156443 -0.47785655011400024
v 0.55664048686031553 -0.27464372917394686 -0.78840566808476942
v 0.60781647443757669 -0.30625743810197864 -0.73731056504507475
v 0.55434601634424507 -0.3426040315584335 -0.76300998698544664
v 0.70639394837412128 -0.22968361753707764 -0.67462177778048682
v 0.65886884120924039 -0.26829648601195022 -0.70765124434700688
v 0.65825283764615949 -0.20001355877659618 -0.73045140225808824
v 0.64905568611524589 -0.40113782654019059 -0.65167209270367776
v 0.65573574978555371 -0.33583746211018778 -0.68123800839375759
v 0.69942461883463836 -0.36282980958369793 -0.62130602023040693
v 0.79281851618483412 -0.28127908656960482 -0.54697575277912225
v 0.74789152538118941 -0.32324395760171182 -0.58569030239833941
v 0.75200215052716679 -0.25605318529592241 -0.61301801971047165
v 0.41569198456070616 -0.73752785424023659 -0.53862206264834078
v 0.47253032975720982 -0.62136192013928715 -0.63046448888822548
v 0.44547833188793357 -0.681301632061174 -0.58671807270176346
v 0.48687050590199887 -0.70688340247011661 -0.51974412827875538
v 0.55431048859628596 -0.67190483790720112 -0.49814141228123526
v 0.53862268654997403 -0.41569109817144928 -0.73752811672786034
v 0.63046511278985851 -0.47252944336795294 -0.6213621826269109
v 0.58671869660339648 -0.44547744549867663 -0.68130189454879775
v 0.5197447521803884 -0.48686961951274199 -0.70688366495774047
v 0.49814203618286834 -0.55430960220702918 -0.67190510039482498
v 0.73752874062949336 -0.53862180016071715 -0.41569136065907308
v 0.62136280652854392 -0.63046422640060173 -0.47252970585557669
v 0.68130251845043077 -0.58671781021413971 -0.44547770798630043
v 0.70688428885937349 -0.51974386579113163 -0.48686988200036579
v 0.6719057242964579 -0.49814114979361146 -0.55430986469465282
v 0.54250206767604647 -0.58394460380005209 -0.60955831001099459
v 0.60955893391262761 -0.5425011812867897 -0.58394486628767595
v 0.58394549018930897 -0.60955804752337084 -0.54250144377441345
v 0.61979183978956265 -0.78912558638326069 -2.5196067753406744e-11
v 0.70302159020044275 -0.71139676576036481 -0.080848907207220599
v 0.66314752690479228 -0.75195307948026657 -0.04078128481347696
v 0.66314752690479228 -0.75195307948026657 0.040781284763084825
v 0.70302159020044275 -0.71139676576036481 0.080848907156828465
v 0.82998046062609299 -0.51295548659480483 -0.23424480094686065
v 0.80424901810985061 -0.56644573449236368 -0.19795001787050331
v 0.82032322908516642 -0.57642471861941857 -0.040814473292232152
v 0.81495135234150962 -0.57309585767959614 -0.11948599883499175
v 0.85093324586158736 -0.52590502002931738 -0.078727780074865888
v 0.77448435133283744 -0.61756320872139703 -0.16015951931679007
v 0.74141721702527974 -0.66511159583051882 -0.12160759852719603
v 0.80424901810985061 -0.56644573449236368 0.19795001782011118
v 0.82998046062609299 -0.51295548659480483 0.23424480089646851
v 0.74141721702527974 -0.66511159583051882 0.1216075984768039
v 0.77448435133283744 -0.61756320872139703 0.16015951926639793
v 0.85093324586158736 -0.52590502002931738 0.078727780024473754
v 0.81495135234150962 -0.57309585767959614 0.11948599878459962
v 0.82032322908516642 -0.57642471861941857 0.040814473241840017
v 0.74604247598967843 -0.66978801441480085 -0.040816365682863294
v 0.7854668409665615 -0.62442233359438204 -2.5196067753406744e-11
v 0.74604247598967843 -0.66978801441480085 0.040816365632471159
v 0.88799616196215603 2.6246242773267185e-07 -0.46725226701422196
v 0.89598517494693619 -0.066042047475065382 -0.44689020377601774
v 0.94943873345136387 -0.066268309318801566 -0.3178624060338136
v 0.92507651922648626 -0.066214074943061696 -0.38302872745242617
v 0.94396442967157612 2.6246242773267185e-07 -0.34028383746230828
v 0.8998722991224396 -0.13219957983538924 -0.42381001224070697
v 0.89947136085958723 -0.19708458909260276 -0.39871131321583814
v 1.0003319156624642 -0.066969587276585515 -0.041389643385379524
v 0.99504416054807476 -0.066937566700715156 -0.11076300753331303
v 1.0010238001339116 2.6246242773267185e-07 -0.069378363174798771
v 0.96448040876675312 -0.19901632249069873 -0.19243674320529305
v 0.98278087708565143 -0.13371245758369119 -0.15206787656716333
v 0.97570043935071415 -0.19926026679384889 -0.12314977972186783
v 0.98188199863064574 2.6246242773267185e-07 -0.20680842003457811
v 0.98484487012908128 -0.066832220621769772 -0.18021095003698556
v 0.96995399138376781 -0.06679455288073198 -0.24817267011449493
v 0.87270432144602672 -0.38722742364807061 -0.30871302537862033
v 0.85556066700492284 -0.44598563685579162 -0.2756344443070442
v 0.89479636221928083 -0.26355978054721879 -0.36978026861649493
v 0.8858608435850317 -0.32597576645741339 -0.34037046932857956
v 0.92704399542119231 -0.32664449077304064 -0.20187755977153765
v 0.90893446864146821 -0.32704486483767015 -0.27155387537695902
v 0.93925567705480084 -0.26505552746968708 -0.2332512164723291
v 0.95106824983609006 -0.13302356991514594 -0.29092230502077204
v 0.94766744004777836 -0.19977565220416124 -0.26244608233419997
v 0.92584234856240766 -0.19906583684649551 -0.33173867067843926
v 0.89598517494693619 -0.066042047475065382 0.4468902037256256
v 0.88799616196215603 2.6246242773267185e-07 0.46725226696382982
v 0.89947136085958723 -0.19708458909260276 0.398711313165446
v 0.8998722991224396 -0.13219957983538924 0.42381001219031483
v 0.94396442967157612 2.6246242773267185e-07 0.34028383741191615
v 0.92507651922648626 -0.066214074943061696 0.38302872740203403
v 0.94943873345136387 -0.066268309318801566 0.31786240598342147
v 0.85556066700492284 -0.44598563685579162 0.27563444425665207
v 0.87270432144602672 -0.38722742364807061 0.3087130253282282
v 0.93925567705480084 -0.26505552746968708 0.23325121642193697
v 0.90893446864146821 -0.32704486483767015 0.27155387532656688
v 0.92704399542119231 -0.32664449077304064 0.20187755972114552
v 0.8858608435850317 -0.32597576645741339 0.34037046927818743
v 0.89479636221928083 -0.26355978054721879 0.3697802685661028
v 1.0010238001339116 2.6246242773267185e-07 0.069378363124406636
v 0.99504416054807476 -0.066937566700715156 0.11076300748292089
v 1.0003319156624642 -0.066969587276585515 0.041389643334987389
v 0.96995399138376781 -0.06679455288073198 0.24817267006410279
v 0.98484487012908128 -0.066832220621769772 0.18021094998659343
v 0.98188199863064574 2.6246242773267185e-07 0.20680841998418598
v 0.97570043935071415 -0.19926026679384889 0.1231497796714757
v 0.98278087708565143 -0.13371245758369119 0.1520678765167712
v 0.96448040876675312 -0.19901632249069873 0.19243674315490092
v 0.92584234856240766 -0.19906583684649551 0.33173867062804713
v 0.94766744004777836 -0.19977565220416124 0.26244608228380784
v 0.95106824983609006 -0.13302356991514594 0.29092230497037991
v 0.87150942834165168 -0.45581718131851795 -0.19890605410471565
v 0.93833343676796421 -0.33347976794133644 -0.12322077037087165
v 0.90793823331728052 -0.39548569454391147 -0.16155776629523846
v 0.88235646290833791 -0.46245963896691944 -0.12016559228117307
v 0.8877905190000499 -0.46580284454832671 -0.041440611531795554
v 0.99444013033091949 -0.13398042524973053 -2.5196067753406744e-11
v 0.96394514319362268 -0.26642745000907847 0.081780158813880025
v 0.98220465360973552 -0.20105368199547949 0.04139217398886931
v 0.98220465360973552 -0.20105368199547949 -0.041392174039261445
v 0.96394514319362268 -0.26642745000907847 -0.081780158864272159
v 0.87150942834165168 -0.45581718131851795 0.19890605405432352
v 0.8877905190000499 -0.46580284454832671 0.041440611481403419
v 0.88235646290833791 -0.46245963896691944 0.12016559223078094
v 0.90793823331728052 -0.39548569454391147 0.16155776624484633
v 0.93833343676796421 -0.33347976794133644 0.12322077032047951
v 0.94484326509553318 -0.33528406872047789 -0.041443422538458445
v 0.94484326509553318 -0.33528406872047789 0.04144342248806631
v 0.91922982137221443 -0.40234093495705897 -2.5196067753406744e-11
v 0.066042933864322223 -0.44688994128839399 0.89598455099491103
v 0.19708547548185959 -0.39871105072821433 0.89947073690756207
v 0.13220046622464607 -0.42380974975308316 0.89987167517041444
v 0.066214961332318523 -0.38302846496480236 0.9250758952744611
v 0.066269195708058393 -0.3178621435461898 0.94943810949933871
v 0.44598652324504845 -0.2756341818194204 0.85556004305289768
v 0.38722831003732744 -0.30871276289099653 0.87270369749400156
v 0.26505641385894391 -0.2332509539847053 0.93925505310277568
v 0.32704575122692697 -0.27155361288933522 0.90893384468944305
v 0.32664537716229747 -0.20187729728391385 0.92704337146916715
v 0.32597665284667021 -0.34037020684095576 0.88586021963300654
v 0.26356066693647562 -0.36978000612887113 0.89479573826725567
v 0.066938453089971997 -0.11076274504568924 0.99504353659604972
v 0.066970473665842342 -0.04138938089775572 1.000331291710439
v 0.066795439269988793 -0.24817240762687109 0.96995336743174254
v 0.066833107011026599 -0.18021068754936176 0.98484424617705613
v 0.19926115318310572 -0.12314951723424403 0.975699815398689
v 0.13371334397294801 -0.15206761407953953 0.98278025313362627
v 0.19901720887995555 -0.19243648071766925 0.96447978481472796
v 0.19906672323575234 -0.33173840819081546 0.9258417246103825
v 0.19977653859341807 -0.26244581984657617 0.94766681609575321
v 0.13302445630440277 -0.29092204253314824 0.9510676258840649
v 0.78912647277251746 2.6246242773267185e-07 0.61979121583753749
v 0.71139765214962158 0.080849169644452268 0.70302096624841759
v 0.75195396586952334 0.040781547250708629 0.66314690295276713
v 0.75195396586952334 -0.040781022325853157 0.66314690295276713
v 0.71139765214962158 -0.080848644719596796 0.70302096624841759
v 0.5129563729840616 0.23424506338409232 0.82997983667406783
v 0.56644662088162046 0.19795028030773498 0.80424839415782556
v 0.57642560500867535 0.040814735729463821 0.82032260513314126
v 0.5730967440688528 0.11948626127222341 0.81495072838948435
v 0.52590590641857415 0.078728042512097557 0.8509326219095622
v 0.6175640951106538 0.16015978175402176 0.77448372738081239
v 0.66511248221977559 0.1216078609644277 0.74141659307325458
v 0.56644662088162046 -0.19794975538287951 0.80424839415782556
v 0.5129563729840616 -0.23424453845923685 0.82997983667406783
v 0.66511248221977559 -0.12160733603957223 0.74141659307325458
v 0.6175640951106538 -0.16015925682916629 0.77448372738081239
v 0.52590590641857415 -0.078727517587242085 0.8509326219095622
v 0.5730967440688528 -0.11948573634736794 0.81495072838948435
v 0.57642560500867535 -0.040814210804608349 0.82032260513314126
v 0.66978890080405762 0.040816628120094962 0.74604185203765327
v 0.62442321998363881 2.6246242773267185e-07 0.78546621701453634
v 0.66978890080405762 -0.040816103195239491 0.74604185203765327
v 0.066042933864322223 0.44689046621324946 0.89598455099491103
v 0.066269195708058393 0.31786266847104527 0.94943810949933871
v 0.066214961332318523 0.38302898988965783 0.9250758952744611
v 0.13220046622464607 0.42381027467793864 0.89987167517041444
v 0.19708547548185959 0.39871157565306981 0.89947073690756207
v 0.066970473665842342 0.041389905822611192 1.000331291710439
v 0.066938453089971997 0.11076326997054471 0.99504353659604972
v 0.19901720887995555 0.19243700564252472 0.96447978481472796
v 0.13371334397294801 0.152068139004395 0.98278025313362627
v 0.19926115318310572 0.1231500421590995 0.975699815398689
v 0.066833107011026599 0.18021121247421723 0.98484424617705613
v 0.066795439269988793 0.24817293255172657 0.96995336743174254
v 0.38722831003732744 0.308713287815852 0.87270369749400156
v 0.44598652324504845 0.27563470674427587 0.85556004305289768
v 0.26356066693647562 0.3697805310537266 0.89479573826725567
v 0.32597665284667021 0.34037073176581123 0.88586021963300654
v 0.32664537716229747 0.20187782220876932 0.92704337146916715
v 0.32704575122692697 0.27155413781419069 0.90893384468944305
v 0.26505641385894391 0.23325147890956077 0.93925505310277568
v 0.13302445630440277 0.29092256745800371 0.9510676258840649
v 0.19977653859341807 0.26244634477143164 0.94766681609575321
v 0.19906672323575234 0.33173893311567093 0.9258417246103825
v 0.45581806770777472 -0.19890579161709182 0.87150880438962641
v 0.46580373093758354 -0.041440349044171751 0.88778989504802475
v 0.46246052535617627 -0.12016532979354927 0.88235583895631275
v 0.3954865809331683 -0.16155750380761466 0.90793760936525536
v 0.33348065433059326 -0.12322050788324784 0.93833281281593905
v 0.45581806770777472 0.19890631654194729 0.87150880438962641
v 0.33348065433059326 0.12322103280810331 0.93833281281593905
v 0.3954865809331683 0.16155802873247013 0.90793760936525536
v 0.46246052535617627 0.12016585471840474 0.88235583895631275
v 0.46580373093758354 0.041440873969027223 0.88778989504802475
v 0.13398131163898735 2.6246242773267185e-07 0.99443950637889433
v 0.2664283363983353 -0.081779896376648356 0.96394451924159752
v 0.20105456838473632 -0.041391911551637642 0.98220402965771036
v 0.20105456838473632 0.041392436476493114 0.98220402965771036
v 0.2664283363983353 0.081780421301503828 0.96394451924159752
v 0.4023418213463158 2.6246242773267185e-07 0.91922919742018927
v 0.33528495510973472 0.041443684975690114 0.94484264114350802
v 0.33528495510973472 -0.041443160050834642 0.94484264114350802
v -0.55374828199841131 -0.82994197862018648 0.10685870214922275
v -0.50593549079175404 -0.83320190268910121 0.23804108127654627
v -0.53094643675331721 -0.83365707532769351 0.1731225533317669
v -0.59693194164564478 -0.79287579053941259 0.14791833322772027
v -0.63675177056555532 -0.75235299550707679 0.18807370868476966
v -0.38399331345421567 -0.78858993087665274 0.48737554265320659
v -0.41702008414569425 -0.80576560589362711 0.42859753964125841
v -0.55526619129939336 -0.74023820571241761 0.3880548037328817
v -0.48790497718775361 -0.77522086220609265 0.40968413299160267
v -0.52428724477246103 -0.72778257977565886 0.44979453290694404
v -0.44850707455933836 -0.8190274741115775 0.36728077499323147
v -0.47785592616197503 -0.82800066048686438 0.30484150913879604
v -0.73730994109304959 -0.60781558804831992 0.30625770053921025
v -0.76300936303342159 -0.5543451299549883 0.34260429399566522
v -0.67462115382846177 -0.70639306198486451 0.22968387997430928
v -0.70765062039498183 -0.6588679548199835 0.26829674844918189
v -0.65167146875165261 -0.64905479972598912 0.4011380889774222
v -0.68123738444173243 -0.65573486339629683 0.33583772454741934
v -0.62130539627838166 -0.69942373244538147 0.36283007202092948
v -0.54697512882709698 -0.79281762979557746 0.28127934900683643
v -0.58568967844631414 -0.74789063899193264 0.32324422003894349
v -0.61301739575844649 -0.75200126413791013 0.25605344773315408
v -0.10685807824758971 -0.55374864346281272 0.82994224105741798
v -0.23804045737491331 -0.50593585225615556 0.83320216512633272
v -0.17312192943013391 -0.53094679821771862 0.83365733776492512
v -0.14791770932608725 -0.59693230311004619 0.79287605297664421
v -0.18807308478313664 -0.63675213202995673 0.75235325794430841
v -0.48737491875157368 -0.38399367491861702 0.78859019331388436
v -0.42859691573962549 -0.4170204456100956 0.80576586833085861
v -0.38805417983124874 -0.55526655276379477 0.74023846814964922
v -0.40968350908996964 -0.48790533865215507 0.77522112464332416
v -0.44979390900531102 -0.52428760623686232 0.72778284221289047
v -0.36728015109159845 -0.44850743602373971 0.819027736548809
v -0.30484088523716307 -0.47785628762637644 0.82800092292409599
v -0.30625707663757729 -0.737310302557451 0.60781585048555153
v -0.3426036700940322 -0.76300972449782301 0.55434539239221992
v -0.22968325607267628 -0.67462151529286318 0.70639332442209612
v -0.26829612454754886 -0.70765098185938313 0.65886821725721523
v -0.40113746507578918 -0.65167183021605402 0.64905506216322062
v -0.33583710064578642 -0.68123774590613384 0.65573512583352855
v -0.36282944811929652 -0.62130575774278307 0.69942399488261309
v -0.28127872510520341 -0.5469754902914985 0.79281789223280896
v -0.32324359613731046 -0.58569003991071567 0.74789090142916426
v -0.25605282383152106 -0.6130177572228479 0.75200152657514163
v -0.82994161715578507 -0.10685843971199108 0.55374890590004433
v -0.8332015412246998 -0.23804081883931466 0.50593611469338717
v -0.8336567138632921 -0.17312229089453526 0.53094706065495023
v -0.79287542907501118 -0.1479180707904886 0.5969325655472778
v -0.75235263404267538 -0.18807344624753802 0.63675239446718834
v -0.78858956941225133 -0.48737528021597504 0.38399393735584869
v -0.80576524442922559 -0.42859727720402685 0.41702070804732727
v -0.74023784424801631 -0.38805454129565015 0.5552668152010265
v -0.77522050074169102 -0.409683870554371 0.48790560108938669
v -0.72778221831125745 -0.44979427046971243 0.52428786867409394
v -0.81902711264717598 -0.36728051255599981 0.44850769846097138
v -0.82800029902246297 -0.30484124670156443 0.47785655006360811
v -0.60781522658391851 -0.30625743810197864 0.73731056499468262
v -0.55434476849058689 -0.3426040315584335 0.76300998693505451
v -0.7063927005204631 -0.22968361753707764 0.67462177773009468
v -0.6588675933555822 -0.26829648601195022 0.70765124429661475
v -0.64905443826158771 -0.40113782654019059 0.65167209265328563
v -0.65573450193189553 -0.33583746211018778 0.68123800834336545
v -0.69942337098098017 -0.36282980958369793 0.6213060201800148
v -0.79281726833117594 -0.28127908656960482 0.54697575272873011
v -0.74789027752753123 -0.32324395760171182 0.58569030234794728
v -0.75200090267350861 -0.25605318529592241 0.61301801966007952
v -0.41569073670704798 -0.73752785424023659 0.53862206259794865
v -0.47252908190355164 -0.62136192013928715 0.63046448883783335
v -0.44547708403427538 -0.681301632061174 0.58671807265137133
v -0.48686925804834069 -0.70688340247011661 0.51974412822836324
v -0.55430924074262777 -0.67190483790720112 0.49814141223084313
v -0.53862143869631585 -0.41569109817144928 0.7375281166774682
v -0.63046386493620032 -0.47252944336795294 0.62136218257651876
v -0.5867174487497383 -0.44547744549867663 0.68130189449840561
v -0.51974350432673022 -0.48686961951274199 0.70688366490734833
v -0.49814078832921016 -0.55430960220702918 0.67190510034443285
v -0.73752749277583518 -0.53862180016071715 0.41569136060868095
v -0.62136155867488574 -0.63046422640060173 0.47252970580518455
v -0.68130127059677259 -0.58671781021413971 0.4454777079359083
v -0.70688304100571531 -0.51974386579113163 0.48686988194997366
v -0.67190447644279971 -0.49814114979361146 0.55430986464426069
v -0.54250081982238829 -0.58394460380005209 0.60955830996060245
v -0.60955768605896943 -0.5425011812867897 0.58394486623728381
v -0.58394424233565079 -0.60955804752337084 0.54250144372402131
v -0.10685807824758971 -0.55374864346281272 -0.82994224110781012
v -0.18807308478313664 -0.63675213202995673 -0.75235325799470054
v -0.14791770932608725 -0.59693230311004619 -0.79287605302703634
v -0.17312192943013391 -0.53094679821771862 -0.83365733781531726
v -0.23804045737491331 -0.50593585225615556 -0.83320216517672485
v -0.3426036700940322 -0.76300972449782301 -0.55434539244261205
v -0.30625707663757729 -0.737310302557451 -0.60781585053594367
v -0.36282944811929652 -0.62130575774278307 -0.69942399493300522
v -0.33583710064578642 -0.68123774590613384 -0.65573512588392069
v -0.40113746507578918 -0.65167183021605402 -0.64905506221361275
v -0.26829612454754886 -0.70765098185938313 -0.65886821730760736
v -0.22968325607267628 -0.67462151529286318 -0.70639332447248826
v -0.42859691573962549 -0.4170204456100956 -0.80576586838125075
v -0.48737491875157368 -0.38399367491861702 -0.78859019336427649
v -0.30484088523716307 -0.47785628762637644 -0.82800092297448813
v -0.36728015109159845 -0.44850743602373971 -0.81902773659920114
v -0.44979390900531102 -0.52428760623686232 -0.7277828422632826
v -0.40968350908996964 -0.48790533865215507 -0.77522112469371629
v -0.38805417983124874 -0.55526655276379477 -0.74023846820004136
v -0.25605282383152106 -0.6130177572228479 -0.75200152662553377
v -0.32324359613731046 -0.58569003991071567 -0.74789090147955639
v -0.28127872510520341 -0.5469754902914985 -0.7928178922832011
v -0.55374828199841131 -0.82994197862018648 -0.10685870219961488
v -0.63675177056555532 -0.75235299550707679 -0.1880737087351618
v -0.59693194164564478 -0.79287579053941259 -0.14791833327811241
v -0.53094643675331721 -0.83365707532769351 -0.17312255338215904
v -0.50593549079175404 -0.83320190268910121 -0.23804108132693841
v -0.76300936303342159 -0.5543451299549883 -0.34260429404605736
v -0.73730994109304959 -0.60781558804831992 -0.30625770058960239
v -0.62130539627838166 -0.69942373244538147 -0.36283007207132162
v -0.68123738444173243 -0.65573486339629683 -0.33583772459781147
v -0.65167146875165261 -0.64905479972598912 -0.40113808902781434
v -0.70765062039498183 -0.6588679548199835 -0.26829674849957402
v -0.67462115382846177 -0.70639306198486451 -0.22968388002470141
v -0.41702008414569425 -0.80576560589362711 -0.42859753969165054
v -0.38399331345421567 -0.78858993087665274 -0.48737554270359873
v -0.47785592616197503 -0.82800066048686438 -0.30484150918918818
v -0.44850707455933836 -0.8190274741115775 -0.36728077504362361
v -0.52428724477246103 -0.72778257977565886 -0.44979453295733618
v -0.48790497718775361 -0.77522086220609265 -0.4096841330419948
v -0.55526619129939336 -0.74023820571241761 -0.38805480378327384
v -0.61301739575844649 -0.75200126413791013 -0.25605344778354622
v -0.58568967844631414 -0.74789063899193264 -0.32324422008933562
v -0.54697512882709698 -0.79281762979557746 -0.28127934905722857
v -0.82994161715578507 -0.10685843971199108 -0.55374890595043647
v -0.75235263404267538 -0.18807344624753802 -0.63675239451758048
v -0.79287542907501118 -0.1479180707904886 -0.59693256559766994
v -0.8336567138632921 -0.17312229089453526 -0.53094706070534237
v -0.8332015412246998 -0.23804081883931466 -0.50593611474377931
v -0.55434476849058689 -0.3426040315584335 -0.76300998698544664
v -0.60781522658391851 -0.30625743810197864 -0.73731056504507475
v -0.69942337098098017 -0.36282980958369793 -0.62130602023040693
v -0.65573450193189553 -0.33583746211018778 -0.68123800839375759
v -0.64905443826158771 -0.40113782654019059 -0.65167209270367776
v -0.6588675933555822 -0.26829648601195022 -0.70765124434700688
v -0.7063927005204631 -0.22968361753707764 -0.67462177778048682
v -0.80576524442922559 -0.42859727720402685 -0.41702070809771941
v -0.78858956941225133 -0.48737528021597504 -0.38399393740624083
v -0.82800029902246297 -0.30484124670156443 -0.47785655011400024
v -0.81902711264717598 -0.36728051255599981 -0.44850769851136352
v -0.72778221831125745 -0.44979427046971243 -0.52428786872448607
v -0.77522050074169102 -0.409683870554371 -0.48790560113977882
v -0.74023784424801631 -0.38805454129565015 -0.55526681525141863
v -0.75200090267350861 -0.25605318529592241 -0.61301801971047165
v -0.74789027752753123 -0.32324395760171182 -0.58569030239833941
v -0.79281726833117594 -0.28127908656960482 -0.54697575277912225
v -0.41569073670704798 -0.73752785424023659 -0.53862206264834078
v -0.55430924074262777 -0.67190483790720112 -0.49814141228123526
v -0.48686925804834069 -0.70688340247011661 -0.51974412827875538
v -0.44547708403427538 -0.681301632061174 -0.58671807270176346
v -0.47252908190355164 -0.62136192013928715 -0.63046448888822548
v -0.73752749277583518 -0.53862180016071715 -0.41569136065907308
v -0.67190447644279971 -0.49814114979361146 -0.55430986469465282
v -0.70688304100571531 -0.51974386579113163 -0.48686988200036579
v -0.68130127059677259 -0.58671781021413971 -0.44547770798630043
v -0.62136155867488574 -0.63046422640060173 -0.47252970585557669
v -0.53862143869631585 -0.41569109817144928 -0.73752811672786034
v -0.49814078832921016 -0.55430960220702918 -0.67190510039482498
v -0.51974350432673022 -0.48686961951274199 -0.70688366495774047
v -0.5867174487497383 -0.44547744549867663 -0.68130189454879775
v -0.63046386493620032 -0.47252944336795294 -0.6213621826269109
v -0.58394424233565079 -0.60955804752337084 -0.54250144377441345
v -0.60955768605896943 -0.5425011812867897 -0.58394486628767595
v -0.54250081982238829 -0.58394460380005209 -0.60955831001099459
v 0.78912647277251746 2.6246242773267185e-07 -0.61979121588792963
v 0.71139765214962158 -0.080848644719596796 -0.70302096629880972
v 0.75195396586952334 -0.040781022325853157 -0.66314690300315926
v 0.75195396586952334 0.040781547250708629 -0.66314690300315926
v 0.71139765214962158 0.080849169644452268 -0.70302096629880972
v 0.5129563729840616 -0.23424453845923685 -0.82997983672445996
v 0.56644662088162046 -0.19794975538287951 -0.8042483942082177
v 0.57642560500867535 -0.040814210804608349 -0.82032260518353339
v 0.5730967440688528 -0.11948573634736794 -0.81495072843987648
v 0.52590590641857415 -0.078727517587242085 -0.85093262195995434
v 0.6175640951106538 -0.16015925682916629 -0.77448372743120453
v 0.66511248221977559 -0.12160733603957223 -0.74141659312364672
v 0.56644662088162046 0.19795028030773498 -0.8042483942082177
v 0.5129563729840616 0.23424506338409232 -0.82997983672445996
v 0.66511248221977559 0.1216078609644277 -0.74141659312364672
v 0.6175640951106538 0.16015978175402176 -0.77448372743120453
v 0.52590590641857415 0.078728042512097557 -0.85093262195995434
v 0.5730967440688528 0.11948626127222341 -0.81495072843987648
v 0.57642560500867535 0.040814735729463821 -0.82032260518353339
v 0.66978890080405762 -0.040816103195239491 -0.74604185208804541
v 0.62442321998363881 2.6246242773267185e-07 -0.78546621706492847
v 0.66978890080405762 0.040816628120094962 -0.74604185208804541
v 0.066042933864322223 -0.44688994128839399 -0.89598455104530317
v 0.066269195708058393 -0.3178621435461898 -0.94943810954973085
v 0.066214961332318523 -0.38302846496480236 -0.92507589532485324
v 0.13220046622464607 -0.42380974975308316 -0.89987167522080658
v 0.19708547548185959 -0.39871105072821433 -0.89947073695795421
v 0.066970473665842342 -0.04138938089775572 -1.0003312917608311
v 0.066938453089971997 -0.11076274504568924 -0.99504353664644185
v 0.19901720887995555 -0.19243648071766925 -0.96447978486512009
v 0.13371334397294801 -0.15206761407953953 -0.9827802531840184
v 0.19926115318310572 -0.12314951723424403 -0.97569981544908113
v 0.066833107011026599 -0.18021068754936176 -0.98484424622744826
v 0.066795439269988793 -0.24817240762687109 -0.96995336748213468
v 0.38722831003732744 -0.30871276289099653 -0.8727036975443937
v 0.44598652324504845 -0.2756341818194204 -0.85556004310328981
v 0.26356066693647562 -0.36978000612887113 -0.8947957383176478
v 0.32597665284667021 -0.34037020684095576 -0.88586021968339868
v 0.32664537716229747 -0.20187729728391385 -0.92704337151955929
v 0.32704575122692697 -0.27155361288933522 -0.90893384473983518
v 0.26505641385894391 -0.2332509539847053 -0.93925505315316782
v 0.13302445630440277 -0.29092204253314824 -0.95106762593445704
v 0.19977653859341807 -0.26244581984657617 -0.94766681614614534
v 0.19906672323575234 -0.33173840819081546 -0.92584172466077463
v 0.066042933864322223 0.44689046621324946 -0.89598455104530317
v 0.19708547548185959 0.39871157565306981 -0.89947073695795421
v 0.13220046622464607 0.42381027467793864 -0.89987167522080658
v 0.066214961332318523 0.38302898988965783 -0.92507589532485324
v 0.066269195708058393 0.31786266847104527 -0.94943810954973085
v 0.44598652324504845 0.27563470674427587 -0.85556004310328981
v 0.38722831003732744 0.308713287815852 -0.8727036975443937
v 0.26505641385894391 0.23325147890956077 -0.93925505315316782
v 0.32704575122692697 0.27155413781419069 -0.90893384473983518
v 0.32664537716229747 0.20187782220876932 -0.92704337151955929
v 0.32597665284667021 0.34037073176581123 -0.88586021968339868
v 0.26356066693647562 0.3697805310537266 -0.8947957383176478
v 0.066938453089971997 0.11076326997054471 -0.99504353664644185
v 0.066970473665842342 0.041389905822611192 -1.0003312917608311
v 0.066795439269988793 0.24817293255172657 -0.96995336748213468
v 0.066833107011026599 0.18021121247421723 -0.98484424622744826
v 0.19926115318310572 0.1231500421590995 -0.97569981544908113
v 0.13371334397294801 0.152068139004395 -0.9827802531840184
v 0.19901720887995555 0.19243700564252472 -0.96447978486512009
v 0.19906672323575234 0.33173893311567093 -0.92584172466077463
v 0.19977653859341807 0.26244634477143164 -0.94766681614614534
v 0.13302445630440277 0.29092256745800371 -0.95106762593445704
v 0.45581806770777472 -0.19890579161709182 -0.87150880444001855
v 0.33348065433059326 -0.12322050788324784 -0.93833281286633119
v 0.3954865809331683 -0.16155750380761466 -0.9079376094156475
v 0.46246052535617627 -0.12016532979354927 -0.88235583900670489
v 0.46580373093758354 -0.041440349044171751 -0.88778989509841688
v 0.13398131163898735 2.6246242773267185e-07 -0.99443950642928647
v 0.2664283363983353 0.081780421301503828 -0.96394451929198965
v 0.20105456838473632 0.041392436476493114 -0.9822040297081025
v 0.20105456838473632 -0.041391911551637642 -0.9822040297081025
v 0.2664283363983353 -0.081779896376648356 -0.96394451929198965
v 0.45581806770777472 0.19890631654194729 -0.87150880444001855
v 0.46580373093758354 0.041440873969027223 -0.88778989509841688
v 0.46246052535617627 0.12016585471840474 -0.88235583900670489
v 0.3954865809331683 0.16155802873247013 -0.9079376094156475
v 0.33348065433059326 0.12322103280810331 -0.93833281286633119
v 0.33528495510973472 -0.041443160050834642 -0.94484264119390016
v 0.33528495510973472 0.041443684975690114 -0.94484264119390016
v 0.4023418213463158 2.6246242773267185e-07 -0.91922919747058141
v 0.89598517494693619 0.066042572399920854 0.4468902037256256
v 0.94943873345136387 0.066268834243657038 0.31786240598342147
v 0.92507651922648626 0.066214599867917168 0.38302872740203403
v 0.8998722991224396 0.13220010476024471 0.42381001219031483
v 0.89947136085958723 0.19708511401745823 0.398711313165446
v 1.0003319156624642 0.066970112201440987 0.041389643334987389
v 0.99504416054807476 0.066938091625570628 0.11076300748292089
v 0.96448040876675312 0.1990168474155542 0.19243674315490092
v 0.98278087708565143 0.13371298250854666 0.1520678765167712
v 0.97570043935071415 0.19926079171870437 0.1231497796714757
v 0.98484487012908128 0.066832745546625244 0.18021094998659343
v 0.96995399138376781 0.066795077805587452 0.24817267006410279
v 0.87270432144602672 0.38722794857292608 0.3087130253282282
v 0.85556066700492284 0.44598616178064709 0.27563444425665207
v 0.89479636221928083 0.26356030547207426 0.3697802685661028
v 0.8858608435850317 0.32597629138226886 0.34037046927818743
v 0.92704399542119231 0.32664501569789611 0.20187755972114552
v 0.90893446864146821 0.32704538976252562 0.27155387532656688
v 0.93925567705480084 0.26505605239454255 0.23325121642193697
v 0.95106824983609006 0.13302409484000141 0.29092230497037991
v 0.94766744004777836 0.19977617712901671 0.26244608228380784
v 0.92584234856240766 0.19906636177135098 0.33173867062804713
v 0.89598517494693619 0.066042572399920854 -0.44689020377601774
v 0.89947136085958723 0.19708511401745823 -0.39871131321583814
v 0.8998722991224396 0.13220010476024471 -0.42381001224070697
v 0.92507651922648626 0.066214599867917168 -0.38302872745242617
v 0.94943873345136387 0.066268834243657038 -0.3178624060338136
v 0.85556066700492284 0.44598616178064709 -0.2756344443070442
v 0.87270432144602672 0.38722794857292608 -0.30871302537862033
v 0.93925567705480084 0.26505605239454255 -0.2332512164723291
v 0.90893446864146821 0.32704538976252562 -0.27155387537695902
v 0.92704399542119231 0.32664501569789611 -0.20187755977153765
v 0.8858608435850317 0.32597629138226886 -0.34037046932857956
v 0.89479636221928083 0.26356030547207426 -0.36978026861649493
v 0.99504416054807476 0.066938091625570628 -0.11076300753331303
v 1.0003319156624642 0.066970112201440987 -0.041389643385379524
v 0.96995399138376781 0.066795077805587452 -0.24817267011449493
v 0.98484487012908128 0.066832745546625244 -0.18021095003698556
v 0.97570043935071415 0.19926079171870437 -0.12314977972186783
v 0.98278087708565143 0.13371298250854666 -0.15206787656716333
v 0.96448040876675312 0.1990168474155542 -0.19243674320529305
v 0.92584234856240766 0.19906636177135098 -0.33173867067843926
v 0.94766744004777836 0.19977617712901671 -0.26244608233419997
v 0.95106824983609006 0.13302409484000141 -0.29092230502077204
v 0.61979183978956265 0.78912611130811605 -2.5196067753406744e-11
v 0.70302159020044275 0.71139729068522017 0.080848907156828465
v 0.66314752690479228 0.75195360440512193 0.040781284763084825
v 0.66314752690479228 0.75195360440512193 -0.04078128481347696
v 0.70302159020044275 0.71139729068522017 -0.080848907207220599
v 0.82998046062609299 0.51295601151966019 0.23424480089646851
v 0.80424901810985061 0.56644625941721904 0.19795001782011118
v 0.82032322908516642 0.57642524354427394 0.040814473241840017
v 0.81495135234150962 0.5730963826044515 0.11948599878459962
v 0.85093324586158736 0.52590554495417274 0.078727780024473754
v 0.77448435133283744 0.61756373364625239 0.16015951926639793
v 0.74141721702527974 0.66511212075537418 0.1216075984768039
v 0.80424901810985061 0.56644625941721904 -0.19795001787050331
v 0.82998046062609299 0.51295601151966019 -0.23424480094686065
v 0.74141721702527974 0.66511212075537418 -0.12160759852719603
v 0.77448435133283744 0.61756373364625239 -0.16015951931679007
v 0.85093324586158736 0.52590554495417274 -0.078727780074865888
v 0.81495135234150962 0.5730963826044515 -0.11948599883499175
v 0.82032322908516642 0.57642524354427394 -0.040814473292232152
v 0.74604247598967843 0.66978853933965621 0.040816365632471159
v 0.7854668409665615 0.6244228585192374 -2.5196067753406744e-11
v 0.74604247598967843 0.66978853933965621 -0.040816365682863294
v 0.99444013033091949 0.133980950174586 -2.5196067753406744e-11
v 0.96394514319362268 0.26642797493393394 -0.081780158864272159
v 0.98220465360973552 0.20105420692033496 -0.041392174039261445
v 0.98220465360973552 0.20105420692033496 0.04139217398886931
v 0.96394514319362268 0.26642797493393394 0.081780158813880025
v 0.87150942834165168 0.45581770624337342 -0.19890605410471565
v 0.8877905190000499 0.46580336947318218 -0.041440611531795554
v 0.88235646290833791 0.46246016389177491 -0.12016559228117307
v 0.90793823331728052 0.39548621946876694 -0.16155776629523846
v 0.93833343676796421 0.33348029286619191 -0.12322077037087165
v 0.87150942834165168 0.45581770624337342 0.19890605405432352
v 0.93833343676796421 0.33348029286619191 0.12322077032047951
v 0.90793823331728052 0.39548621946876694 0.16155776624484633
v 0.88235646290833791 0.46246016389177491 0.12016559223078094
v 0.8877905190000499 0.46580336947318218 0.041440611481403419
v 0.94484326509553318 0.33528459364533336 -0.041443422538458445
v 0.91922982137221443 0.40234145988191444 -2.5196067753406744e-11
v 0.94484326509553318 0.33528459364533336 0.04144342248806631
v -0.5511022297837056 0.83829028365845548 0.020401999197962706
v -0.54146993662100951 0.84309938238233317 0.053425299480972847
v -0.51809110160218574 0.85869228288161425 0.033011128156323774
v -0.58623177922760938 0.80890123008460513 0.094188909346931027
v -0.56422025534750953 0.82647454148072386 0.073863536913630415
v -0.59623864733189924 0.80475193708469417 0.061108347837856798
v -0.49736326349312776 0.86586028494774703 0.098875383813575454
v -0.53120904140522152 0.84687659370695223 0.086472698629689995
v -0.52035268510392796 0.84961674940109355 0.11935248415412379
v -0.66699611298652794 0.72899498201100488 0.17476500904200501
v -0.64803649664733376 0.75027435366935114 0.15491105509549771
v -0.6777477902782616 0.72629888834684497 0.14145016666938887
v -0.58542608749513803 0.79460396117766852 0.18094552801778507
v -0.61721285032571538 0.77307959990636366 0.16809706061353835
v -0.60547187430823679 0.77448850271185921 0.2010765430457466
v -0.63852129311078554 0.76736181871218612 0.1015222144383971
v -0.62824279422991769 0.77070565890130849 0.13484864112386571
v -0.60771084538571696 0.79018309741423221 0.11471100202146596
v -0.44887661285208486 0.86774905504142974 0.2288711774009807
v -0.48418491061591484 0.85154020294734556 0.21749679184892223
v -0.47103767063230584 0.85010395976840103 0.24961447363883085
v -0.50883304754173975 0.85129293721455113 0.15247896006512413
v -0.49679956720859608 0.85194204079145364 0.18505548625504192
v -0.47425489949553584 0.86888403317577922 0.16426639359005382
v -0.54001050433268871 0.81494585430687971 0.22608056142627403
v -0.51875277568356648 0.83393127257006316 0.2057054625919876
v -0.55241323335805581 0.81500702710002793 0.19355531623250791
v -0.57569218854253801 0.81190594704099073 0.1274664724181829
v -0.56440551944181983 0.81393946021827479 0.1606531800283901
v -0.54267924635599929 0.83230906738090682 0.14007629426480539
v -0.78800563627939257 0.52843649251315961 0.32659155103301474
v -0.77621510276207129 0.55585660214325605 0.30882621624293044
v -0.80057506897192199 0.529493205503209 0.29253468131486349
v -0.72389052654421149 0.60608354794171848 0.33986086843331792
v -0.75061087150833861 0.58143040240138621 0.32462614166425263
v -0.73683658369162497 0.57940005683117568 0.35808876596939004
v -0.77529135313459363 0.58312078650501786 0.25642457235724775
v -0.76344812200761425 0.58267889879761758 0.29067572250202661
v -0.74976840872315442 0.60875650331405251 0.27225538280559403
v -0.60593984846759907 0.69543185872989421 0.3950592302230469
v -0.63687808757602404 0.67465255670065072 0.38221792902916069
v -0.62121342167487648 0.67031842469331815 0.41427940750986025
v -0.66583845573559808 0.68063989240857492 0.3166208627082911
v -0.65177562857717752 0.67810442931118053 0.34960436515239407
v -0.63587445293929878 0.70252002053010643 0.33013577919611131
v -0.68112468469565401 0.62679142874692551 0.38737824458681069
v -0.66688367042721863 0.65281554471768033 0.36872523883828656
v -0.69580636720956557 0.63003200822032068 0.35464543840593965
v -0.71373038959401092 0.6817596849237767 0.18070109792585709
v -0.70308738542724625 0.68285858512399966 0.21501748496470363
v -0.68582803781677271 0.70587468358076533 0.19555333008929121
v -0.73502466954060408 0.63438183428478889 0.25329547145492709
v -0.71951380819281097 0.65898462718478634 0.2343060937923889
v -0.74629686804109496 0.63395738581569583 0.21908714201894397
v -0.66254942987721099 0.70600692033761248 0.26351998368990842
v -0.69155159618470607 0.68304162631493714 0.24914007844943276
v -0.67917033712406938 0.68232515103063962 0.28287861118924257
v -0.7098304182344074 0.63227167227236913 0.32129972375040189
v -0.69489873299181648 0.65773234295936622 0.30226503370556035
v -0.72292261740647834 0.63373005802808358 0.28745310907173144
v -0.32724401167558581 0.82202788684326866 0.47333105727114
v -0.36424585859210817 0.81046759735989782 0.46618446519625195
v -0.34730171607917826 0.80080649417221339 0.49492546957417533
v -0.39692983882442939 0.8268227320533702 0.40702772396500148
v -0.38081551956318604 0.81915885231210017 0.43682837143197201
v -0.36038767946914185 0.83954535888746173 0.4149036736402556
v -0.42009282001024728 0.77515846851083159 0.47907411797111193
v -0.40074760290765643 0.79765779381174162 0.45826201885457951
v -0.43656682068859326 0.78365936393406788 0.44960875829658692
v -0.45690773200152751 0.84735521328960695 0.28299310619569462
v -0.44268596292004225 0.84379551495227356 0.31448197764363378
v -0.42134987130478296 0.86246078287482963 0.29238051826403189
v -0.4835757431663727 0.80320925811223098 0.35758909806534794
v -0.46346009801601867 0.82400992472807033 0.33626327820498703
v -0.4981915260441227 0.80758569122614776 0.32629911663446159
v -0.3918064257156002 0.85304452785983598 0.35449044230029864
v -0.42793978584672165 0.83918728323119085 0.34567746009207367
v -0.412737277358944 0.83356639679862188 0.37639830112275408
v -0.55747216748833206 0.70971268626614914 0.43862640012357373
v -0.5401071667231182 0.73446027491037247 0.41918113167234483
v -0.57289906745350805 0.71585218441144471 0.40767968555558748
v -0.47201229953654605 0.76834434852284084 0.44012716577643907
v -0.50642207279994422 0.75198626594044538 0.43001611524279598
v -0.49029390816419849 0.74473133474290076 0.46026911512229102
v -0.53692148379364368 0.76367631874984077 0.36793245012203196
v -0.52198941504531682 0.75831672054502197 0.39917828745041339
v -0.50320324397675842 0.7811539810430741 0.37874198583263113
v -0.43302853787539808 0.81289445231565638 0.39818279431523901
v -0.46851261313807951 0.797646659610183 0.38873683690848054
v -0.45281769839191738 0.79111426867608237 0.41946984718917857
v -0.65611651150142025 0.72985193197532328 0.20901579287979255
v -0.63173510776903674 0.72883408482807299 0.27671642748066344
v -0.64434509131129203 0.72979323349806569 0.24306701801362421
v -0.62528719183831794 0.75266227678805009 0.22220665204440698
v -0.5934996339175459 0.77418805608936625 0.23505629262562094
v -0.58877304969107858 0.72042770361456321 0.37575340297535398
v -0.55224450643001732 0.76764611020088303 0.33556806315139948
v -0.57084548060661389 0.7445443304130428 0.35587864838683886
v -0.60388635683871983 0.7241239458835228 0.34325815668425297
v -0.61816881380216848 0.72690264756009837 0.31038721842003303
v -0.49221833138658727 0.83114657798054214 0.27161932698940655
v -0.56045693844059219 0.79460956497403623 0.24767747921790487
v -0.52679450127085947 0.81353410720216579 0.25982751219775002
v -0.51283402477453588 0.81107154251452984 0.29329977553391606
v -0.5327794611472445 0.78999203781906435 0.31451412111146426
v -0.59974667547757066 0.75043839371540622 0.28983882517891668
v -0.56670388223942469 0.77085996301981563 0.30246004911265334
v -0.58047669688594128 0.7730497897136025 0.2688889454816748
v -0.83828939726919871 0.020402261685586506 0.55110285368533862
v -0.8430984959930764 0.053425561968596658 0.54147056052264253
v -0.85869139649235748 0.033011390643947584 0.51809172550381877
v -0.80890034369534836 0.09418917183455483 0.58623240312924241
v -0.82647365509146709 0.073863799401254218 0.56422087924914255
v -0.8047510506954374 0.061108610325480602 0.59623927123353226
v -0.86585939855849026 0.098875646301199285 0.49736388739476078
v -0.84687570731769546 0.086472961117313799 0.53120966530685454
v -0.84961586301183689 0.11935274664174761 0.52035330900556109
v -0.72899409562174811 0.17476527152962884 0.66699673688816097
v -0.75027346728009436 0.15491131758312152 0.64803712054896678
v -0.7262980019575882 0.14145042915701267 0.67774841417989462
v -0.79460307478841175 0.1809457905054089 0.58542671139677105
v -0.77307871351710689 0.16809732310116218 0.6172134742273484
v -0.77448761632260243 0.20107680553337043 0.60547249820986981
v -0.76736093232292935 0.1015224769260209 0.63852191701241856
v -0.77070477251205172 0.13484890361148952 0.62824341813155071
v -0.79018221102497543 0.11471126450908976 0.60771146928734998
v -0.86774816865217297 0.22887143988860456 0.44887723675371788
v -0.85153931655808868 0.21749705433654606 0.48418553451754792
v -0.85010307337914426 0.24961473612645471 0.47103829453393892
v -0.85129205082529436 0.15247922255274793 0.50883367144337277
v -0.85194115440219687 0.18505574874266578 0.49680019111022911
v -0.86888314678652245 0.16426665607767765 0.47425552339716892
v -0.81494496791762294 0.22608082391389789 0.54001112823432174
v -0.83393038618080639 0.20570572507961146 0.5187533995851995
v -0.81500614071077115 0.19355557872013168 0.55241385725968872
v -0.81190506065173396 0.12746673490580671 0.57569281244417103
v -0.81393857382901802 0.16065344251601391 0.56440614334345285
v -0.83230818099165005 0.14007655675242922 0.54267987025763231
v -0.52843560612390283 0.32659181352063854 0.7880062601810256
v -0.55585571575399939 0.30882647873055419 0.7762157266637042
v -0.52949231911395234 0.29253494380248729 0.80057569287355501
v -0.60608266155246171 0.33986113092094178 0.72389115044584451
v -0.58142951601212944 0.32462640415187644 0.75061149540997163
v -0.57939917044191891 0.35808902845701385 0.73683720759325777
v -0.5831199001157612 0.25642483484487155 0.77529197703622665
v -0.58267801240836081 0.29067598498965042 0.76344874590924716
v -0.60875561692479574 0.27225564529321788 0.74976903262478745
v -0.69543097234063733 0.39505949271067081 0.60594047236923221
v -0.67465167031139395 0.38221819151678454 0.63687871147765718
v -0.67031753830406138 0.41427966999748417 0.6212140455765095
v -0.68063900601931804 0.31662112519591484 0.66583907963723099
v -0.67810354292192365 0.34960462764001793 0.65177625247881055
v -0.70251913414084965 0.33013604168373517 0.63587507684093181
v -0.62679054235766873 0.38737850707443455 0.68112530859728704
v -0.65281465832842356 0.36872550132591042 0.66688429432885155
v -0.63003112183106402 0.35464570089356351 0.69580699111119848
v -0.68175879853451993 0.18070136041348089 0.71373101349564394
v -0.68285769873474289 0.21501774745232743 0.70308800932887927
v -0.70587379719150856 0.19555359257691501 0.68582866171840573
v -0.63438094789553223 0.25329573394255089 0.7350252934422371
v -0.65898374079552957 0.2343063562800127 0.71951443209444388
v -0.63395649942643906 0.21908740450656777 0.74629749194272799
v -0.7060060339483557 0.26352024617753228 0.66255005377884402
v -0.6830407399256806 0.24914034093705661 0.69155222008633899
v -0.68232426464138296 0.28287887367686643 0.67917096102570251
v -0.63227078588311236 0.32129998623802575 0.70983104213604042
v -0.65773145657010945 0.30226529619318426 0.69489935689344939
v -0.63372917163882692 0.2874533715593553 0.72292324130811136
v -0.82202700045401189 0.47333131975876391 0.32724463557721895
v -0.81046671097064094 0.46618472768387581 0.3642464824937412
v -0.80080560778295651 0.49492573206179918 0.34730233998081134
v -0.82682184566411332 0.40702798645262539 0.39693046272606242
v -0.8191579659228434 0.43682863391959592 0.38081614346481912
v -0.83954447249820485 0.41490393612787951 0.36038830337077493
v -0.77515758212157471 0.47907438045873579 0.4200934439118803
v -0.79765690742248474 0.45826228134220337 0.40074822680928945
v -0.78365847754481099 0.44960902078421083 0.43656744459022628
v -0.84735432690035017 0.28299336868331842 0.45690835590316059
v -0.84379462856301668 0.31448224013125758 0.44268658682167528
v -0.86245989648557286 0.2923807807516558 0.42135049520641604
v -0.80320837172297421 0.35758936055297175 0.48357636706800577
v -0.82400903833881356 0.33626354069261083 0.46346072191765175
v -0.80758480483689088 0.32629937912208545 0.49819214994575578
v -0.85304364147057898 0.35449070478792255 0.39180704961723328
v -0.83918639684193397 0.34567772257969753 0.42794040974835473
v -0.83356551040936511 0.37639856361037805 0.41273790126057708
v -0.70971179987689237 0.4386266626111977 0.55747279138996497
v -0.7344593885211157 0.41918139415996875 0.54010779062475123
v -0.71585129802218794 0.40767994804321134 0.57289969135514096
v -0.76834346213358407 0.44012742826406298 0.47201292343817919
v -0.75198537955118872 0.43001637773041984 0.50642269670157725
v -0.7447304483536441 0.46026937760991493 0.49029453206583146
v -0.76367543236058399 0.36793271260965582 0.53692210769527671
v -0.75831583415576509 0.3991785499380372 0.52199003894694995
v -0.78115309465381721 0.37874224832025505 0.50320386787839155
v -0.81289356592639961 0.39818305680286287 0.43302916177703116
v -0.79764577322092611 0.38873709939610435 0.46851323703971259
v -0.79111338228682548 0.41947010967680243 0.45281832229355046
v -0.72985104558606639 0.20901605536741638 0.65611713540305316
v -0.72883319843881611 0.27671668996828724 0.63173573167066976
v -0.72979234710880891 0.24306728050124807 0.64434571521292505
v -0.75266139039879332 0.22220691453203079 0.62528781573995096
v -0.77418716970010948 0.23505655511324475 0.59350025781917892
v -0.72042681722530622 0.37575366546297784 0.5887736735927116
v -0.76764522381162625 0.33556832563902328 0.55224513033165046
v -0.74454344402378603 0.35587891087446272 0.57084610450824702
v -0.72412305949426603 0.34325841917187672 0.60388698074035296
v -0.7269017611708416 0.31038748090765683 0.61816943770380151
v -0.83114569159128537 0.27161958947703041 0.49221895528822035
v -0.79460867858477935 0.24767774170552875 0.56045756234222521
v -0.81353322081290891 0.25982777468537382 0.5267951251724925
v -0.81107065612527307 0.29330003802153998 0.51283464867616901
v -0.78999115142980747 0.31451438359908812 0.53278008504887764
v -0.75043750732614933 0.28983908766654048 0.59974729937920379
v -0.77085907663055875 0.30246031160027709 0.56670450614105783
v -0.77304890332434562 0.2688892079692986 0.5804773207875743
v -0.020401375296329675 0.55110311617296237 0.83829002117083184
v -0.053424675579339824 0.54147082301026617 0.84309911989470943
v -0.033010504254690758 0.51809198799144252 0.85869202039399051
v -0.09418828544529799 0.58623266561686616 0.80890096759698138
v -0.073862913011997391 0.5642211417367663 0.82647427899310011
v -0.061107723936223768 0.59623953372115612 0.80475167459707053
v -0.098874759911942459 0.49736414988238459 0.86586002246012328
v -0.086472074728056986 0.5312099277944784 0.84687633121932837
v -0.1193518602524908 0.52035357149318484 0.84961648691346991
v -0.17476438514037196 0.66699699937578472 0.72899471952338102
v -0.15491043119386466 0.64803738303659053 0.75027409118172739
v -0.14144954276775581 0.67774867666751837 0.72629862585922123
v -0.18094490411615208 0.5854269738843948 0.79460369869004466
v -0.16809643671190533 0.61721373671497215 0.77307933741873991
v -0.20107591914411357 0.60547276069749356 0.77448824022423546
v -0.10152159053676404 0.63852217950004242 0.76736155622456237
v -0.13484801722223266 0.62824368061917446 0.77070539641368463
v -0.11471037811983294 0.60771173177497373 0.79018283492660857
v -0.22887055349934773 0.44887749924134168 0.86774879255380599
v -0.21749616794728927 0.48418579700517178 0.8515399404597217
v -0.24961384973719788 0.47103855702156272 0.85010369728077728
v -0.1524783361634911 0.50883393393099652 0.85129267472692738
v -0.18505486235340896 0.49680045359785291 0.85194177830382989
v -0.16426576968842083 0.47425578588479272 0.86888377068815548
v -0.22607993752464106 0.54001139072194559 0.81494559181925585
v -0.20570483869035464 0.51875366207282325 0.83393101008243942
v -0.19355469233087488 0.55241411974731258 0.81500676461240407
v -0.12746584851654988 0.57569307493179478 0.81190568455336698
v -0.16065255612675708 0.5644064058310766 0.81393919773065104
v -0.14007567036317239 0.54268013274525606 0.83230880489328307
v -0.32659092713138177 0.78800652266864946 0.52843623002553586
v -0.30882559234129742 0.77621598915132795 0.55585633965563241
v -0.29253405741323052 0.80057595536117865 0.52949294301558536
v -0.33986024453168495 0.72389141293346826 0.60608328545409473
v -0.32462551776261961 0.75061175789759538 0.58143013991376247
v -0.35808814206775702 0.73683747008088163 0.57939979434355182
v -0.25642394845561473 0.7752922395238504 0.58312052401739423
v -0.29067509860039359 0.76344900839687091 0.58267863630999384
v -0.27225475890396106 0.74976929511241119 0.60875624082642876
v -0.39505860632141393 0.60594073485685584 0.69543159624227047
v -0.38221730512752772 0.63687897396528081 0.67465229421302686
v -0.41427878360822723 0.62121430806413325 0.6703181622056944
v -0.31662023880665802 0.66583934212485474 0.68063962992095106
v -0.3496037412507611 0.65177651496643429 0.67810416682355679
v -0.33013515529447834 0.63587533932855556 0.70251975804248268
v -0.38737762068517773 0.6811255710849109 0.62679116625930176
v -0.36872461493665365 0.6668845568164754 0.65281528223005658
v -0.35464481450430668 0.69580725359882223 0.63003174573269694
v -0.18070047402422407 0.71373127598326769 0.68175942243615295
v -0.21501686106307061 0.70308827181650313 0.6828583226363758
v -0.19555270618765819 0.68582892420602948 0.70587442109314158
v -0.25329484755329407 0.73502555592986085 0.63438157179716526
v -0.23430546989075585 0.71951469458206763 0.65898436469716259
v -0.21908651811731097 0.74629775443035185 0.63395712332807197
v -0.2635193597882754 0.66255031626646776 0.70600665784998873
v -0.24913945454779979 0.69155248257396285 0.68304136382731362
v -0.2828779872876096 0.67917122351332626 0.68232488854301598
v -0.32129909984876892 0.70983130462366417 0.63227140978474539
v -0.30226440980392744 0.69489961938107314 0.65773208047174248
v -0.28745248517009847 0.72292350379573511 0.63372979554045994
v -0.47333043336950709 0.32724489806484275 0.82202762435564491
v -0.46618384129461898 0.364246744981365 0.81046733487227396
v -0.49492484567254236 0.34730260246843514 0.80080623168458953
v -0.40702710006336856 0.39693072521368622 0.82682246956574634
v -0.43682774753033909 0.38081640595244293 0.81915858982447642
v -0.41490304973862269 0.36038856585839874 0.83954509639983788
v -0.47907349406947897 0.42009370639950411 0.77515820602320773
v -0.45826139495294654 0.40074848929691326 0.79765753132411776
v -0.44960813439495401 0.43656770707785009 0.78365910144644402
v -0.2829924822940616 0.45690861839078439 0.8473549508019832
v -0.31448135374200076 0.44268684930929908 0.8437952524646497
v -0.29237989436239897 0.42135075769403985 0.86246052038720589
v -0.35758847416371492 0.48357662955562958 0.80320899562460724
v -0.336262654303354 0.46346098440527556 0.82400966224044658
v -0.32629849273282857 0.49819241243337958 0.8075854287385239
v -0.35448981839866572 0.39180731210485709 0.85304426537221201
v -0.34567683619044071 0.42794067223597854 0.83918702074356699
v -0.37639767722112122 0.41273816374820088 0.83356613431099813
v -0.43862577622194077 0.55747305387758872 0.70971242377852539
v -0.41918050777071186 0.54010805311237486 0.73446001242274883
v -0.40767906165395451 0.57289995384276482 0.71585192192382097
v -0.4401265418748061 0.47201318592580299 0.76834408603521698
v -0.43001549134116296 0.50642295918920099 0.75198600345282163
v -0.4602684912206581 0.49029479455345526 0.74473107225527713
v -0.36793182622039899 0.53692237018290045 0.76367605626221702
v -0.39917766354878037 0.52199030143457359 0.75831645805739822
v -0.37874136193099811 0.5032041303660153 0.78115371855545035
v -0.39818217041360604 0.43302942426465496 0.81289418982803263
v -0.38873621300684752 0.4685134995273364 0.79764639712255914
v -0.4194692232875456 0.45281858478117432 0.79111400618845851
v -0.20901516897815953 0.65611739789067691 0.72985166948769942
v -0.27671580357903042 0.63173599415829351 0.72883382234044913
v -0.24306639411199124 0.64434597770054891 0.72979297101044194
v -0.22220602814277396 0.62528807822757471 0.75266201430042634
v -0.23505566872398795 0.59350052030680278 0.7741877936017425
v -0.37575277907372095 0.58877393608033524 0.72042744112693935
v -0.33556743924976645 0.55224539281927421 0.76764584771325928
v -0.35587802448520589 0.57084636699587077 0.74454406792541905
v -0.34325753278261995 0.6038872432279766 0.72412368339589905
v -0.31038659451840001 0.61816970019142525 0.72690238507247462
v -0.27161870308777358 0.49221921777584421 0.83114631549291829
v -0.24767685531627187 0.56045782482984896 0.79460930248641237
v -0.25982688829611705 0.52679538766011635 0.81353384471454193
v -0.29329915163228309 0.51283491116379276 0.81107128002690621
v -0.31451349720983129 0.5327803475365015 0.78999177533144049
v -0.28983820127728366 0.59974756186682754 0.75043813122778236
v -0.30245942521102026 0.56670476862868158 0.77085970053219177
v -0.26888832158004178 0.58047758327519805 0.77304952722597864
v -0.77646029418014906 0.52130439992373978 0.363608574537093
v -0.74966409435109349 0.50475595668281148 0.43598767858328852
v -0.76365018498289394 0.51339682947336529 0.40015267535002019
v -0.75085016471923782 0.54690771758030454 0.37944180750673712
v -0.72414111832540484 0.57157597541211269 0.39469063587967562
v -0.6817930407591416 0.4628470407003622 0.57253036182985173
v -0.70039668009303302 0.47434297856553981 0.53972526414043953
v -0.67837055632399312 0.5433928032266242 0.50139589647174487
v -0.68992830027694474 0.50933765597713032 0.52099352746982563
v -0.66089781858749264 0.53260736921188556 0.53516695999676644
v -0.71793271106753587 0.48517512432196869 0.50600181469534233
v -0.73428400324917398 0.49527871888904568 0.47157830044005922
v -0.63701977697050272 0.64026586504203309 0.43717928078647622
v -0.60608381497141495 0.66105636707457061 0.45003026124336992
v -0.6959616373579196 0.59560797532165921 0.40957140989869995
v -0.66704391590845491 0.61840371969497354 0.42366201448141821
v -0.6356053155231558 0.59882400189488016 0.49424283037810862
v -0.65183644346688696 0.6090634318004553 0.45935960845655832
v -0.66556960684495814 0.57690612405100827 0.48068352512639589
v -0.72277634998861251 0.52960180854665306 0.45163747067433396
v -0.69468345771259732 0.55370266390724376 0.46657093126828281
v -0.70997535041310167 0.56311526052531324 0.43092501827118451
v -0.52130351353448301 0.36360883702471675 0.77646091808178197
v -0.50475507029355471 0.43598794107091232 0.74966471825272651
v -0.51339594308410852 0.400152937837644 0.76365080888452697
v -0.54690683119104777 0.37944206999436098 0.75085078862087085
v -0.57157508902285603 0.39469089836729943 0.72414174222703787
v -0.46284615431110537 0.57253062431747559 0.68179366466077462
v -0.47434209217628293 0.53972552662806317 0.70039730399466604
v -0.54339191683736743 0.50139615895936862 0.67837118022562615
v -0.50933676958787366 0.52099378995744949 0.68992892417857765
v -0.53260648282262879 0.5351672224843903 0.66089844248912566
v -0.4851742379327118 0.50600207718296608 0.71793333496916889
v -0.49527783249978885 0.47157856292768302 0.734284627150807
v -0.64026497865277632 0.43717954327410008 0.63702040087213574
v -0.66105548068531383 0.45003052373099378 0.60608443887304797
v -0.59560708893240233 0.40957167238632375 0.69596226125955252
v -0.61840283330571677 0.42366227696904207 0.66704453981008793
v -0.59882311550562339 0.49424309286573248 0.63560593942478882
v -0.60906254541119853 0.45935987094418212 0.65183706736851998
v -0.5769052376617515 0.4806837876140197 0.66557023074659116
v -0.52960092215739618 0.45163773316195771 0.72277697389024542
v -0.55370177751798699 0.46657119375590661 0.69468408161423034
v -0.56311437413605647 0.43092528075880832 0.70997597431473458
v -0.36360795063545998 0.77646118056940583 0.52130413743611592
v -0.43598705468165555 0.74966498074035026 0.50475569419518762
v -0.40015205144838717 0.76365107137215082 0.51339656698574154
v -0.37944118360510409 0.75085105110849459 0.54690745509268079
v -0.39469001197804271 0.72414200471466172 0.57157571292448894
v -0.57252973792821882 0.68179392714839826 0.46284677821273834
v -0.53972464023880651 0.70039756648228968 0.47434271607791595
v -0.50139527257011196 0.67837144271324978 0.54339254073900045
v -0.52099290356819272 0.6899291866662014 0.50933739348950657
v -0.53516633609513353 0.66089870497674941 0.53260710672426181
v -0.50600119079370931 0.71793359745679253 0.48517486183434477
v -0.47157767653842625 0.73428488963843064 0.49527845640142182
v -0.43717865688484325 0.63702066335975949 0.64026560255440923
v -0.45002963734173695 0.60608470136067172 0.66105610458694686
v -0.40957078599706698 0.69596252374717626 0.59560771283403535
v -0.4236613905797853 0.66704480229771168 0.61840345720734968
v -0.49424220647647571 0.63560620191241257 0.59882373940725642
v -0.45935898455492541 0.65183732985614373 0.60906316931283155
v -0.48068290122476293 0.6655704932342148 0.57690586156338441
v -0.45163684677270099 0.72277723637786917 0.52960154605902909
v -0.46657030736664984 0.69468434410185409 0.55370240141962002
v -0.4309243943695516 0.70997623680235833 0.56311499803768938
v -0.65174021979126384 0.4857502513324567 0.58833797896258666
v -0.58837128193662136 0.52926705528234119 0.61689214531770542
v -0.62052970061001178 0.50794060779185024 0.60315792166187232
v -0.64126734844283217 0.52075717899925889 0.56960370262164317
v -0.62970912474404561 0.55481524715892994 0.55000611063369231
v -0.48574936494319981 0.58833824145021052 0.65174084369289687
v -0.52926616889308453 0.61689240780532906 0.58837190583825438
v -0.50793972140259358 0.60315818414949596 0.6205303245116448
v -0.52075629261000211 0.56960396510926692 0.6412679723444652
v -0.55481436076967328 0.55000637312131606 0.62970974864567875
v -0.58833735506095375 0.65174110618052061 0.48574998884483284
v -0.61689152141607229 0.58837216832587813 0.52926679279471744
v -0.60315729776023919 0.62053058699926844 0.50794034530422638
v -0.56960307872001015 0.64126823483208895 0.52075691651163503
v -0.55000548673205929 0.62971001113330238 0.55481498467130619
v -0.57652119379807731 0.56370442113302899 0.59726122570578422
v -0.56370353474377222 0.59726148819340785 0.57652181769971034
v -0.59726060180415119 0.57652208018733409 0.56370415864540524
v -0.48804463711484058 0.87611803333628846 0.033018650928759288
v -0.49768910237902708 0.87130141183997545 -2.5196067753406744e-11
v -0.4668792950482894 0.8826651219491588 0.098927466646550472
v -0.47774755669262348 0.87991760834837074 0.066052228558510395
v -0.4362549156300749 0.90362732092346576 -2.5196067753406744e-11
v -0.45734550446639505 0.89252677006443026 0.033041014616222476
v -0.42616377573180098 0.90782869675635169 0.033048372522869171
v -0.41738163932250105 0.8832652108192891 0.22911969337991397
v -0.43053970477321557 0.88469476349161802 0.19700614655049548
v -0.39187077123743408 0.91422772532816454 0.13223355234002288
v -0.41150738770853185 0.90021256747530398 0.16474136952219359
v -0.37939131285676669 0.91421397388452685 0.16472948952799921
v -0.44318730794967964 0.8850762392271353 0.16457742543180709
v -0.45523188529539677 0.88442027731928885 0.1320051379235187
v -0.30742644615749992 0.95517006577302155 -2.5196067753406744e-11
v -0.3292738554952212 0.94728050024504273 0.033154560519076566
v -0.29627266156510496 0.95811467541611495 0.033161251025691868
v -0.39412204549507784 0.92218823536294692 0.033127340079541628
v -0.36195092605953444 0.93528308435831153 0.033134198410485538
v -0.37273268503194273 0.93162821232743598 -2.5196067753406744e-11
v -0.33893396126174613 0.93921799226505442 0.099268119552451156
v -0.35065571504483212 0.93782096945375326 0.066281294880044653
v -0.37146770531507467 0.92683751354288735 0.09922069820294066
v -0.43561589425253666 0.89847785793034451 0.099181732710780124
v -0.40375233938823368 0.91322858589214773 0.09928912564867684
v -0.41521277391262051 0.91108767977696692 0.066168790524241475
v -0.29308016668002129 0.83431725462357387 0.47421468062637884
v -0.31003063754062327 0.84397444667730415 0.44547609346217354
v -0.27428176822242845 0.88395704222421756 0.38762138412057195
v -0.29234885262856314 0.86465190582223339 0.41685738058597799
v -0.25776246569531697 0.87548414488327153 0.41706944002862167
v -0.32661975055044601 0.85265367960841199 0.41612742971554367
v -0.34274068473295682 0.86031347110350564 0.38632930892366435
v -0.19826016288681556 0.94739176094168887 0.26458035751913916
v -0.21769695587848317 0.93372074353237677 0.29603138944971413
v -0.18258702152610659 0.94140444834826975 0.29543301624346913
v -0.28709646987777071 0.914715312635344 0.29619654332591322
v -0.25259734110156812 0.92481017854208358 0.29627967150372619
v -0.2679420027920707 0.92991478028511965 0.26519143065573769
v -0.2208555695481669 0.91125338587991156 0.35735282764327025
v -0.23686755515922644 0.91858011966349207 0.32705545132512492
v -0.25567920140793038 0.90204555605789161 0.35749527518287411
v -0.38860540775841651 0.87721913617262171 0.29382504370235629
v -0.40283493159588196 0.88077404180718499 0.26233913430762706
v -0.35862636839265383 0.86700877770194062 0.35572977305978265
v -0.37383634807554128 0.87262504668199525 0.32501178577169759
v -0.33625031321755339 0.90767086493234794 0.26444307751409241
v -0.35528831795452304 0.89086376142965296 0.29494533484507379
v -0.32158123903352548 0.90332736765701593 0.29571270347728551
v -0.29036057102003271 0.8915182951065781 0.35741674624778952
v -0.30616189605813987 0.89798492086350379 0.32672438108186158
v -0.32473982306604321 0.87982055866588182 0.35682018585610947
v -0.034709330335526319 1.0028242627995452 -2.5196067753406744e-11
v -0.05541964232398159 1.0013326956306257 0.033506849292210351
v -0.020710165020967414 1.0026511731647345 0.033510760426164361
v -0.12467445599363926 0.99508581226291304 0.033490739024939355
v -0.090139797035963393 0.99880632853835738 0.033494827271115607
v -0.10396310708669806 0.99802446017046964 -2.5196067753406744e-11
v -0.062004054015661079 0.99646949688499331 0.10032567634724394
v -0.076121461218207662 0.99828778301256016 0.066994111985295729
v -0.09670595223007919 0.99370493208748656 0.10029767826495367
v -0.2613544018870404 0.96821381791358851 0.033418828492381966
v -0.22766847793014261 0.9766836288515518 0.033423621195152166
v -0.24064877335372986 0.97414020321300443 -2.5196067753406744e-11
v -0.20069713195193414 0.97803785453312131 0.1001181095195888
v -0.21432001954138988 0.97798696118520712 0.066853836676386433
v -0.23467154232901824 0.970449997876901 0.10008517368100416
v -0.17271928367146028 0.98844782814119048 -2.5196067753406744e-11
v -0.1936336920291368 0.98399641298167995 0.033437763425608252
v -0.15944180587882087 0.99011160736976755 0.033442380878122666
v -0.14319275995327552 0.96575144096198329 0.23169176205692454
v -0.15788923766876134 0.97068394617556097 0.19926046859680824
v -0.177839837205265 0.9600122162742295 0.231539576505048
v -0.11736686110541031 0.98752728342839091 0.13370120750985462
v -0.13769683393646151 0.97987099606800143 0.16659385369785054
v -0.10291566355219159 0.98414425641539172 0.16652205111181462
v -0.20678570457233625 0.96771145121104007 0.16623846151008259
v -0.17238504986772671 0.97438410084010274 0.16649345797186549
v -0.18658238124327137 0.97683643575968415 0.13356133156707375
v -0.14557542877847052 0.99055024390938928 0.066926106325029266
v -0.16624757940732313 0.98445672406642382 0.10033826122812466
v -0.13151797461631948 0.98968841854535472 0.10040402640529951
v -0.38449718448681769 0.89772190807172014 0.23047351018081491
v -0.31722098663237641 0.92321450163233088 0.23217811040986264
v -0.35104531575217984 0.91106246368631272 0.23150198768334282
v -0.36545967961537201 0.91324451055415945 0.19820309389425636
v -0.3458221546744451 0.92726115650949925 0.16569428698722077
v -0.21301964669052853 0.95265607805733965 0.23222837441758046
v -0.24185728798478831 0.95947596087357279 0.16664900591612722
v -0.22758732389716499 0.95668953817512004 0.1995247160342952
v -0.24800770842668504 0.9440690464725342 0.23256559226640111
v -0.28260075062557299 0.93429511614220639 0.23257331328827843
v -0.28320253848159882 0.9603254421813342 0.06657533006598193
v -0.32540064578977529 0.9398823431017832 0.13265159151026704
v -0.30458784920125642 0.95086537070750254 0.099710403326797717
v -0.26976700673571569 0.9612952212066046 0.099990921146586753
v -0.25606303364138516 0.96101219526313175 0.13322246378807046
v -0.29728662633972153 0.93736898432156035 0.19955181451469473
v -0.27686505703531206 0.9499902082552969 0.16650902127654857
v -0.31158775137907035 0.93923229723596691 0.1661825074971684
v 0.020402623149987864 0.55110311617296237 0.83829002117083184
v 6.2392682909373678e-07 0.57448947396422156 0.8226924713424959
v 0.040716143243317619 0.61928103816493141 0.78847595008940818
v 0.02040267615305744 0.59726215637818469 0.80605380892192058
v 0.06110897178988195 0.59623953372115612 0.80475167459707053
v -0.020401428299399251 0.59726215637818469 0.80605380892192058
v -0.040714895389659438 0.61928103816493141 0.78847595008940818
v 0.1211096016842253 0.70015825042667268 0.7084999392644642
v 0.10126647320482349 0.68119194358086321 0.72978344588330057
v 0.141450790621414 0.67774867666751837 0.72629862585922123
v 0.020403689849188472 0.68464767211253164 0.73328193479755976
v 0.060852296590528751 0.68349503162021297 0.73211524434894582
v 0.040457975521849654 0.70474088027514081 0.71313716832596052
v 0.10152283839042223 0.63852217950004242 0.76736155622456237
v 0.081237005816974406 0.66137787905485601 0.75022733559044974
v 0.061110463727147984 0.64083907187971145 0.76970901278500303
v -0.10126522535116531 0.68119194358086321 0.72978344588330057
v -0.12110835383056712 0.70015825042667268 0.7084999392644642
v -0.061109215873489803 0.64083907187971145 0.76970901278500303
v -0.081235757963316224 0.66137787905485601 0.75022733559044974
v -0.040456727668191472 0.70474088027514081 0.71313716832596052
v -0.060851048736870569 0.68349503162021297 0.73211524434894582
v -0.020402441995530284 0.68464767211253164 0.73328193479755976
v 0.020403744266745225 0.64186186548123225 0.77101112299934182
v 6.2392682909373678e-07 0.66369553150494931 0.75257514335093767
v -0.020402496413087036 0.64186186548123225 0.77101112299934182
v 0.27237062558588293 0.82151728312000993 0.50772544107773931
v 0.2546116191434708 0.80972283846873438 0.53514796792155384
v 0.2925353052668887 0.80057595536117865 0.52949294301558536
v 0.17757643991917837 0.82418909122361794 0.54409591127807966
v 0.21622801533718455 0.81760586990808726 0.54002550164516083
v 0.195759035606485 0.83716314645332179 0.51739511640106162
v 0.25642519630927291 0.7752922395238504 0.58312052401739423
v 0.23648057744131176 0.79694383569318261 0.5619776945935655
v 0.21806685266614673 0.78326003416254664 0.5880578257850918
v 0.02042094960837966 0.8374803113871 0.55233226820582204
v 0.059808342136550903 0.83613944258728512 0.55150255199039622
v 0.03939488549966013 0.85290607014625386 0.52712477832558979
v 0.10051471256132843 0.79940067371712453 0.59809418741423326
v 0.08021291516067057 0.81826997296349602 0.57520555087686964
v 0.061156922146563569 0.80211380086383421 0.59977873857618835
v 0.11794052992280442 0.84764762222192147 0.52387487878028094
v 0.099171345149594109 0.83347841053952187 0.54985461831238558
v 0.13831296422934922 0.829508461133873 0.54739985513913203
v 0.18070172187788225 0.71373127598326769 0.68175942243615295
v 0.1609375537551031 0.73651189303685149 0.66220138869509826
v 0.14148115363567076 0.71924775272360753 0.68522044920507419
v 0.19918518644066216 0.7684679368331796 0.61371304373419366
v 0.18020327997323363 0.75295245803287214 0.63831869037678646
v 0.21908776597096916 0.74629775443035185 0.63395712332807197
v 0.10157939481536431 0.76263548997266817 0.64415061872961965
v 0.1409689223399623 0.75840631927554525 0.64172342046740027
v 0.12088473100842051 0.77928933305811121 0.62044849395495349
v 0.15884322033054243 0.81023533105415979 0.57021830884335634
v 0.13991494057764592 0.79523788063439416 0.59571962464512362
v 0.17916501821440187 0.78984961014596045 0.5923671870813304
v -0.25461037128981262 0.80972283846873438 0.53514796792155384
v -0.27236937773222475 0.82151728312000993 0.50772544107773931
v -0.21806560481248854 0.78326003416254664 0.5880578257850918
v -0.23647932958765358 0.79694383569318261 0.5619776945935655
v -0.19575778775282682 0.83716314645332179 0.51739511640106162
v -0.21622676748352637 0.81760586990808726 0.54002550164516083
v -0.17757519206552019 0.82418909122361794 0.54409591127807966
v -0.14147990578201258 0.71924775272360753 0.68522044920507419
v -0.16093630590144492 0.73651189303685149 0.66220138869509826
v -0.12088348315476233 0.77928933305811121 0.62044849395495349
v -0.14096767448630412 0.75840631927554525 0.64172342046740027
v -0.10157814696170613 0.76263548997266817 0.64415061872961965
v -0.18020203211957544 0.75295245803287214 0.63831869037678646
v -0.19918393858700398 0.7684679368331796 0.61371304373419366
v -0.039393637646001949 0.85290607014625386 0.52712477832558979
v -0.059807094282892721 0.83613944258728512 0.55150255199039622
v -0.020419701754721471 0.8374803113871 0.55233226820582204
v -0.13831171637569104 0.829508461133873 0.54739985513913203
v -0.099170097295935927 0.83347841053952187 0.54985461831238558
v -0.11793928206914624 0.84764762222192147 0.52387487878028094
v -0.061155674292905388 0.80211380086383421 0.59977873857618835
v -0.080211667307012388 0.81826997296349602 0.57520555087686964
v -0.10051346470767025 0.79940067371712453 0.59809418741423326
v -0.17916377036074368 0.78984961014596045 0.5923671870813304
v -0.13991369272398774 0.79523788063439416 0.59571962464512362
v -0.15884197247688425 0.81023533105415979 0.57021830884335634
v 0.101295269932048 0.72269272798185502 0.68870585267910767
v 0.061158576917820361 0.76495845797156004 0.64649781163884756
v 0.081278932943293275 0.74433689887233168 0.66799518315986861
v 0.060872454340944696 0.7249984815795687 0.6910375959969326
v 0.020422132811498919 0.72615211184226591 0.69220460137105855
v 6.2392682909373678e-07 0.82100231052311212 0.57690241256916586
v -0.040742838713955599 0.78481870613274873 0.62390763520935355
v -0.020419760602690972 0.80341195928746822 0.60081062727546142
v 0.020421008456349161 0.80341195928746822 0.60081062727546142
v 0.040744086567613781 0.78481870613274873 0.62390763520935355
v -0.10129402207838982 0.72269272798185502 0.68870585267910767
v -0.020420884957840731 0.72615211184226591 0.69220460137105855
v -0.060871206487286514 0.7249984815795687 0.6910375959969326
v -0.081277685089635093 0.74433689887233168 0.66799518315986861
v -0.061157329064162179 0.76495845797156004 0.64649781163884756
v 0.020422193231238586 0.76625658316857248 0.64752989662982385
v -0.020420945377580397 0.76625658316857248 0.64752989662982385
v 6.2392682909373678e-07 0.74666009079756257 0.67034308924147223
v 0.49769035023268526 0.87130141183997545 -2.5196067753406744e-11
v 0.48804588496849877 0.87611803333628846 0.033018650928759288
v 0.51809234945584393 0.85869228288161425 0.033011128156323774
v 0.42616502358545916 0.90782869675635169 0.033048372522869171
v 0.45734675232005323 0.89252677006443026 0.033041014616222476
v 0.43625616348373308 0.90362732092346576 -2.5196067753406744e-11
v 0.49736451134678594 0.86586028494774703 0.098875383813575454
v 0.47774880454628166 0.87991760834837074 0.066052228558510395
v 0.46688054290194758 0.8826651219491588 0.098927466646550472
v 0.29627390941876314 0.95811467541611495 0.033161251025691868
v 0.32927510334887938 0.94728050024504273 0.033154560519076566
v 0.3074276940111581 0.95517006577302155 -2.5196067753406744e-11
v 0.37146895316873285 0.92683751354288735 0.09922069820294066
v 0.3506569628984903 0.93782096945375326 0.066281294880044653
v 0.33893520911540431 0.93921799226505442 0.099268119552451156
v 0.37273393288560092 0.93162821232743598 -2.5196067753406744e-11
v 0.36195217391319262 0.93528308435831153 0.033134198410485538
v 0.39412329334873603 0.92218823536294692 0.033127340079541628
v 0.44887786070574304 0.86774905504142974 0.2288711774009807
v 0.43054095262687375 0.88469476349161802 0.19700614655049548
v 0.41738288717615923 0.8832652108192891 0.22911969337991397
v 0.45523313314905495 0.88442027731928885 0.1320051379235187
v 0.44318855580333782 0.8850762392271353 0.16457742543180709
v 0.47425614734919402 0.86888403317577922 0.16426639359005382
v 0.37939256071042488 0.91421397388452685 0.16472948952799921
v 0.41150863556219003 0.90021256747530398 0.16474136952219359
v 0.39187201909109226 0.91422772532816454 0.13223355234002288
v 0.4152140217662787 0.91108767977696692 0.066168790524241475
v 0.40375358724189186 0.91322858589214773 0.09928912564867684
v 0.43561714210619484 0.89847785793034451 0.099181732710780124
v 0.020711412874625603 1.0026511731647345 0.033510760426164361
v 0.055420890177639771 1.0013326956306257 0.033506849292210351
v 0.0347105781891845 1.0028242627995452 -2.5196067753406744e-11
v 0.096707200083737371 0.99370493208748656 0.10029767826495367
v 0.076122709071865843 0.99828778301256016 0.066994111985295729
v 0.062005301869319261 0.99646949688499331 0.10032567634724394
v 0.10396435494035625 0.99802446017046964 -2.5196067753406744e-11
v 0.090141044889621574 0.99880632853835738 0.033494827271115607
v 0.12467570384729744 0.99508581226291304 0.033490739024939355
v 0.17784108505892318 0.9600122162742295 0.231539576505048
v 0.15789048552241952 0.97068394617556097 0.19926046859680824
v 0.1431940078069337 0.96575144096198329 0.23169176205692454
v 0.18658362909692955 0.97683643575968415 0.13356133156707375
v 0.17238629772138489 0.97438410084010274 0.16649345797186549
v 0.20678695242599443 0.96771145121104007 0.16623846151008259
v 0.10291691140584977 0.98414425641539172 0.16652205111181462
v 0.13769808179011969 0.97987099606800143 0.16659385369785054
v 0.11736810895906849 0.98752728342839091 0.13370120750985462
v 0.24065002120738804 0.97414020321300443 -2.5196067753406744e-11
v 0.22766972578380079 0.9766836288515518 0.033423621195152166
v 0.26135564974069858 0.96821381791358851 0.033418828492381966
v 0.15944305373247905 0.99011160736976755 0.033442380878122666
v 0.19363493988279498 0.98399641298167995 0.033437763425608252
v 0.17272053152511846 0.98844782814119048 -2.5196067753406744e-11
v 0.23467279018267642 0.970449997876901 0.10008517368100416
v 0.21432126739504806 0.97798696118520712 0.066853836676386433
v 0.20069837980559233 0.97803785453312131 0.1001181095195888
v 0.13151922246997766 0.98968841854535472 0.10040402640529951
v 0.16624882726098131 0.98445672406642382 0.10033826122812466
v 0.1455766766321287 0.99055024390938928 0.066926106325029266
v 0.32724525952924399 0.82202788684326866 0.47333105727114
v 0.31003188539428145 0.84397444667730415 0.44547609346217354
v 0.29308141453367947 0.83431725462357387 0.47421468062637884
v 0.34274193258661501 0.86031347110350564 0.38632930892366435
v 0.32662099840410419 0.85265367960841199 0.41612742971554367
v 0.36038892732280003 0.83954535888746173 0.4149036736402556
v 0.25776371354897515 0.87548414488327153 0.41706944002862167
v 0.29235010048222132 0.86465190582223339 0.41685738058597799
v 0.27428301607608663 0.88395704222421756 0.38762138412057195
v 0.40283617944954014 0.88077404180718499 0.26233913430762706
v 0.38860665561207469 0.87721913617262171 0.29382504370235629
v 0.42135111915844115 0.86246078287482963 0.29238051826403189
v 0.32158248688718366 0.90332736765701593 0.29571270347728551
v 0.35528956580818122 0.89086376142965296 0.29494533484507379
v 0.33625156107121157 0.90767086493234794 0.26444307751409241
v 0.39180767356925839 0.85304452785983598 0.35449044230029864
v 0.37383759592919946 0.87262504668199525 0.32501178577169759
v 0.35862761624631201 0.86700877770194062 0.35572977305978265
v 0.18258826937976477 0.94140444834826975 0.29543301624346913
v 0.21769820373214135 0.93372074353237677 0.29603138944971413
v 0.19826141074047374 0.94739176094168887 0.26458035751913916
v 0.25568044926158856 0.90204555605789161 0.35749527518287411
v 0.23686880301288463 0.91858011966349207 0.32705545132512492
v 0.22085681740182508 0.91125338587991156 0.35735282764327025
v 0.26794325064572888 0.92991478028511965 0.26519143065573769
v 0.2525985889552263 0.92481017854208358 0.29627967150372619
v 0.28709771773142889 0.914715312635344 0.29619654332591322
v 0.32474107091970139 0.87982055866588182 0.35682018585610947
v 0.30616314391179805 0.89798492086350379 0.32672438108186158
v 0.29036181887369089 0.8915182951065781 0.35741674624778952
v 0.283203786335257 0.9603254421813342 0.06657533006598193
v 0.25606428149504334 0.96101219526313175 0.13322246378807046
v 0.26976825458937387 0.9612952212066046 0.099990921146586753
v 0.3045890970549146 0.95086537070750254 0.099710403326797717
v 0.32540189364343347 0.9398823431017832 0.13265159151026704
v 0.21302089454418671 0.95265607805733965 0.23222837441758046
v 0.28260199847923118 0.93429511614220639 0.23257331328827843
v 0.24800895628034322 0.9440690464725342 0.23256559226640111
v 0.22758857175082317 0.95668953817512004 0.1995247160342952
v 0.24185853583844649 0.95947596087357279 0.16664900591612722
v 0.38449843234047587 0.89772190807172014 0.23047351018081491
v 0.34582340252810329 0.92726115650949925 0.16569428698722077
v 0.36546092746903019 0.91324451055415945 0.19820309389425636
v 0.35104656360583802 0.91106246368631272 0.23150198768334282
v 0.31722223448603459 0.92321450163233088 0.23217811040986264
v 0.27686630488897024 0.9499902082552969 0.16650902127654857
v 0.29728787419337971 0.93736898432156035 0.19955181451469473
v 0.31158899923272854 0.93923229723596691 0.1661825074971684
v -0.25515615671883701 0.84348807535077786 0.47987923830086504
v -0.17808838140140842 0.85800917442967017 0.48884125206286316
v -0.21674272986501714 0.85140422543692085 0.48476217568101987
v -0.23745359770830018 0.86420424570057686 0.45125128757408073
v -0.21938542410502124 0.8835321504553586 0.42202123333356173
v -0.020736936146998723 0.87140218182127249 0.49708088385280946
v -0.060131077513427521 0.87004888278716808 0.49624624261040229
v -0.10146469473541264 0.89994023399740941 0.43205739583722857
v -0.080865130938917007 0.88575939592376429 0.46449138176444371
v -0.062074079155040159 0.90270079345145182 0.43375020362486022
v -0.09952925383499002 0.86736947965212385 0.49459599781696661
v -0.13867629038994253 0.86338452939763843 0.49213522287737288
v -0.16267706086739073 0.93342578590969827 0.33032335613390873
v -0.14323703673348048 0.94711140760899926 0.29887155747860095
v -0.20068318093130172 0.9017068952888927 0.3918059664447594
v -0.18186905404891407 0.91825827481120481 0.36136740244396182
v -0.10299820877369799 0.92799329651578877 0.36753357094186545
v -0.14249904995218435 0.92385125273382185 0.36476560594111873
v -0.12217706608076159 0.91274118347644428 0.39854407501284461
v -0.15966135192572697 0.87762601692434739 0.45950173571585379
v -0.14098105626778126 0.8959095676525789 0.42933837387147622
v -0.18037380432887642 0.89042701649985823 0.42598828373719355
v 0.25515740457249519 0.84348807535077786 0.47987923830086504
v 0.21938667195867942 0.8835321504553586 0.42202123333356173
v 0.23745484556195837 0.86420424570057686 0.45125128757408073
v 0.21674397771867532 0.85140422543692085 0.48476217568101987
v 0.17808962925506661 0.85800917442967017 0.48884125206286316
v 0.14323828458713866 0.94711140760899926 0.29887155747860095
v 0.16267830872104891 0.93342578590969827 0.33032335613390873
v 0.12217831393441977 0.91274118347644428 0.39854407501284461
v 0.14250029780584253 0.92385125273382185 0.36476560594111873
v 0.10299945662735617 0.92799329651578877 0.36753357094186545
v 0.18187030190257225 0.91825827481120481 0.36136740244396182
v 0.2006844287849599 0.9017068952888927 0.3918059664447594
v 0.060132325367085702 0.87004888278716808 0.49624624261040229
v 0.020738184000656912 0.87140218182127249 0.49708088385280946
v 0.13867753824360071 0.86338452939763843 0.49213522287737288
v 0.099530501688648201 0.86736947965212385 0.49459599781696661
v 0.06207532700869834 0.90270079345145182 0.43375020362486022
v 0.080866378792575189 0.88575939592376429 0.46449138176444371
v 0.10146594258907082 0.89994023399740941 0.43205739583722857
v 0.18037505218253461 0.89042701649985823 0.42598828373719355
v 0.14098230412143944 0.8959095676525789 0.42933837387147622
v 0.15966259977938516 0.87762601692434739 0.45950173571585379
v 6.2392682909373678e-07 1.0011836382498009 0.067026894756175973
v -0.041296418776783715 0.99359720877087065 0.13386716968981233
v -0.020710243916453951 0.99815900517958134 0.10055317430323009
v 0.020711491770112139 0.99815900517958134 0.10055317430323009
v 0.041297666630441897 0.99359720877087065 0.13386716968981233
v -0.12249947665965268 0.95992792457836762 0.26531748043540471
v -0.10254535942713412 0.970589221201138 0.23302821940221258
v -0.020711747418519853 0.97545019908904873 0.23436974073799835
v -0.061633295086438257 0.97382903776677021 0.23392206604242435
v -0.040923505691828746 0.96635757286194168 0.26709459151384307
v -0.082339176287094931 0.97977112216413131 0.20032467732921605
v -0.062006266614530091 0.98741394179161446 0.16742200562526593
v 0.1025466072807923 0.970589221201138 0.23302821940221258
v 0.12250072451331086 0.95992792457836762 0.26531748043540471
v 0.062007514468188273 0.98741394179161446 0.16742200562526593
v 0.082340424140753113 0.97977112216413131 0.20032467732921605
v 0.040924753545486928 0.96635757286194168 0.26709459151384307
v 0.061634542940096439 0.97382903776677021 0.23392206604242435
v 0.020712995272178042 0.97545019908904873 0.23436974073799835
v -0.020711828476320349 0.98910354428770286 0.16764978009679282
v 6.2392682909373678e-07 0.98304103780391605 0.20122522352552874
v 0.020713076329978538 0.98910354428770286 0.16764978009679282
v 6.2392682909373678e-07 0.8885482446067714 0.46620085797942906
v 0.04133846673425344 0.9184490830080958 0.40199963102853187
v 0.02073827175964953 0.90426601061302936 0.43443545347857621
v -0.020737023905991341 0.90426601061302936 0.43443545347857621
v -0.041337218880595258 0.9184490830080958 0.40199963102853187
v 0.10258861404458292 0.9519511093370816 0.30021000313136492
v 0.020739941765803845 0.95681487821265798 0.30155667517757073
v 0.061663981244245762 0.95519263250303099 0.30110782643833722
v 0.082401629077066191 0.94237606129562246 0.33466204547856643
v 0.062077784573228191 0.93126668633606924 0.36844270986158373
v -0.10258736619092473 0.9519511093370816 0.30021000313136492
v -0.062076536719570009 0.93126668633606924 0.36844270986158373
v -0.082400381223408009 0.94237606129562246 0.33466204547856643
v -0.06166273339058758 0.95519263250303099 0.30110782643833722
v -0.020738693912145657 0.95681487821265798 0.30155667517757073
v 0.020740031932902837 0.93283215879719805 0.369127737638973
v 6.2392682909373678e-07 0.94564981785150315 0.33557067057859397
v -0.020738784079244649 0.93283215879719805 0.369127737638973
v -0.48804463711484058 0.87611803333628846 -0.033018650979151423
v -0.51809110160218574 0.85869228288161425 -0.033011128206715909
v -0.42616377573180098 0.90782869675635169 -0.033048372573261306
v -0.45734550446639505 0.89252677006443026 -0.033041014666614611
v -0.49736326349312776 0.86586028494774703 -0.098875383863967589
v -0.47774755669262348 0.87991760834837074 -0.06605222860890253
v -0.4668792950482894 0.8826651219491588 -0.098927466696942606
v -0.29627266156510496 0.95811467541611495 -0.033161251076084003
v -0.3292738554952212 0.94728050024504273 -0.033154560569468701
v -0.37146770531507467 0.92683751354288735 -0.099220698253332795
v -0.35065571504483212 0.93782096945375326 -0.066281294930436788
v -0.33893396126174613 0.93921799226505442 -0.099268119602843291
v -0.36195092605953444 0.93528308435831153 -0.033134198460877673
v -0.39412204549507784 0.92218823536294692 -0.033127340129933763
v -0.44887661285208486 0.86774905504142974 -0.22887117745137284
v -0.43053970477321557 0.88469476349161802 -0.19700614660088761
v -0.41738163932250105 0.8832652108192891 -0.22911969343030611
v -0.45523188529539677 0.88442027731928885 -0.13200513797391084
v -0.44318730794967964 0.8850762392271353 -0.16457742548219922
v -0.47425489949553584 0.86888403317577922 -0.16426639364044596
v -0.37939131285676669 0.91421397388452685 -0.16472948957839134
v -0.41150738770853185 0.90021256747530398 -0.16474136957258573
v -0.39187077123743408 0.91422772532816454 -0.13223355239041501
v -0.41521277391262051 0.91108767977696692 -0.06616879057463361
v -0.40375233938823368 0.91322858589214773 -0.099289125699068975
v -0.43561589425253666 0.89847785793034451 -0.099181732761172259
v -0.020710165020967414 1.0026511731647345 -0.033510760476556496
v -0.05541964232398159 1.0013326956306257 -0.033506849342602486
v -0.09670595223007919 0.99370493208748656 -0.10029767831534581
v -0.076121461218207662 0.99828778301256016 -0.066994112035687864
v -0.062004054015661079 0.99646949688499331 -0.10032567639763608
v -0.090139797035963393 0.99880632853835738 -0.033494827321507742
v -0.12467445599363926 0.99508581226291304 -0.03349073907533149
v -0.177839837205265 0.9600122162742295 -0.23153957655544014
v -0.15788923766876134 0.97068394617556097 -0.19926046864720037
v -0.14319275995327552 0.96575144096198329 -0.23169176210731668
v -0.18658238124327137 0.97683643575968415 -0.13356133161746589
v -0.17238504986772671 0.97438410084010274 -0.16649345802225762
v -0.20678570457233625 0.96771145121104007 -0.16623846156047473
v -0.10291566355219159 0.98414425641539172 -0.16652205116220675
v -0.13769683393646151 0.97987099606800143 -0.16659385374824268
v -0.11736686110541031 0.98752728342839091 -0.13370120756024675
v -0.22766847793014261 0.9766836288515518 -0.033423621245544301
v -0.2613544018870404 0.96821381791358851 -0.033418828542774101
v -0.15944180587882087 0.99011160736976755 -0.0334423809285148
v -0.1936336920291368 0.98399641298167995 -0.033437763476000387
v -0.23467154232901824 0.970449997876901 -0.10008517373139629
v -0.21432001954138988 0.97798696118520712 -0.066853836726778568
v -0.20069713195193414 0.97803785453312131 -0.10011810956998093
v -0.13151797461631948 0.98968841854535472 -0.10040402645569164
v -0.16624757940732313 0.98445672406642382 -0.10033826127851679
v -0.14557542877847052 0.99055024390938928 -0.066926106375421401
v -0.32724401167558581 0.82202788684326866 -0.47333105732153213
v -0.31003063754062327 0.84397444667730415 -0.44547609351256567
v -0.29308016668002129 0.83431725462357387 -0.47421468067677097
v -0.34274068473295682 0.86031347110350564 -0.38632930897405648
v -0.32661975055044601 0.85265367960841199 -0.41612742976593581
v -0.36038767946914185 0.83954535888746173 -0.41490367369064773
v -0.25776246569531697 0.87548414488327153 -0.41706944007901381
v -0.29234885262856314 0.86465190582223339 -0.41685738063637012
v -0.27428176822242845 0.88395704222421756 -0.38762138417096409
v -0.40283493159588196 0.88077404180718499 -0.2623391343580192
v -0.38860540775841651 0.87721913617262171 -0.29382504375274843
v -0.42134987130478296 0.86246078287482963 -0.29238051831442402
v -0.32158123903352548 0.90332736765701593 -0.29571270352767764
v -0.35528831795452304 0.89086376142965296 -0.29494533489546593
v -0.33625031321755339 0.90767086493234794 -0.26444307756448454
v -0.3918064257156002 0.85304452785983598 -0.35449044235069077
v -0.37383634807554128 0.87262504668199525 -0.32501178582208973
v -0.35862636839265383 0.86700877770194062 -0.35572977311017479
v -0.18258702152610659 0.94140444834826975 -0.29543301629386126
v -0.21769695587848317 0.93372074353237677 -0.29603138950010627
v -0.19826016288681556 0.94739176094168887 -0.2645803575695313
v -0.25567920140793038 0.90204555605789161 -0.35749527523326624
v -0.23686755515922644 0.91858011966349207 -0.32705545137551706
v -0.2208555695481669 0.91125338587991156 -0.35735282769366239
v -0.2679420027920707 0.92991478028511965 -0.26519143070612983
v -0.25259734110156812 0.92481017854208358 -0.29627967155411833
v -0.28709646987777071 0.914715312635344 -0.29619654337630535
v -0.32473982306604321 0.87982055866588182 -0.35682018590650161
v -0.30616189605813987 0.89798492086350379 -0.32672438113225372
v -0.29036057102003271 0.8915182951065781 -0.35741674629818165
v -0.28320253848159882 0.9603254421813342 -0.066575330116374065
v -0.25606303364138516 0.96101219526313175 -0.13322246383846259
v -0.26976700673571569 0.9612952212066046 -0.099990921196978888
v -0.30458784920125642 0.95086537070750254 -0.099710403377189852
v -0.32540064578977529 0.9398823431017832 -0.13265159156065917
v -0.21301964669052853 0.95265607805733965 -0.23222837446797259
v -0.28260075062557299 0.93429511614220639 -0.23257331333867057
v -0.24800770842668504 0.9440690464725342 -0.23256559231679325
v -0.22758732389716499 0.95668953817512004 -0.19952471608468733
v -0.24185728798478831 0.95947596087357279 -0.16664900596651935
v -0.38449718448681769 0.89772190807172014 -0.23047351023120705
v -0.3458221546744451 0.92726115650949925 -0.16569428703761291
v -0.36545967961537201 0.91324451055415945 -0.1982030939446485
v -0.35104531575217984 0.91106246368631272 -0.23150198773373495
v -0.31722098663237641 0.92321450163233088 -0.23217811046025477
v -0.27686505703531206 0.9499902082552969 -0.1665090213269407
v -0.29728662633972153 0.93736898432156035 -0.19955181456508686
v -0.31158775137907035 0.93923229723596691 -0.16618250754756053
v 0.51809234945584393 0.85869228288161425 -0.033011128206715909
v 0.48804588496849877 0.87611803333628846 -0.033018650979151423
v 0.46688054290194758 0.8826651219491588 -0.098927466696942606
v 0.47774880454628166 0.87991760834837074 -0.06605222860890253
v 0.49736451134678594 0.86586028494774703 -0.098875383863967589
v 0.45734675232005323 0.89252677006443026 -0.033041014666614611
v 0.42616502358545916 0.90782869675635169 -0.033048372573261306
v 0.41738288717615923 0.8832652108192891 -0.22911969343030611
v 0.43054095262687375 0.88469476349161802 -0.19700614660088761
v 0.44887786070574304 0.86774905504142974 -0.22887117745137284
v 0.39187201909109226 0.91422772532816454 -0.13223355239041501
v 0.41150863556219003 0.90021256747530398 -0.16474136957258573
v 0.37939256071042488 0.91421397388452685 -0.16472948957839134
v 0.47425614734919402 0.86888403317577922 -0.16426639364044596
v 0.44318855580333782 0.8850762392271353 -0.16457742548219922
v 0.45523313314905495 0.88442027731928885 -0.13200513797391084
v 0.32927510334887938 0.94728050024504273 -0.033154560569468701
v 0.29627390941876314 0.95811467541611495 -0.033161251076084003
v 0.39412329334873603 0.92218823536294692 -0.033127340129933763
v 0.36195217391319262 0.93528308435831153 -0.033134198460877673
v 0.33893520911540431 0.93921799226505442 -0.099268119602843291
v 0.3506569628984903 0.93782096945375326 -0.066281294930436788
v 0.37146895316873285 0.92683751354288735 -0.099220698253332795
v 0.43561714210619484 0.89847785793034451 -0.099181732761172259
v 0.40375358724189186 0.91322858589214773 -0.099289125699068975
v 0.4152140217662787 0.91108767977696692 -0.06616879057463361
v 0.29308141453367947 0.83431725462357387 -0.47421468067677097
v 0.31003188539428145 0.84397444667730415 -0.44547609351256567
v 0.32724525952924399 0.82202788684326866 -0.47333105732153213
v 0.27428301607608663 0.88395704222421756 -0.38762138417096409
v 0.29235010048222132 0.86465190582223339 -0.41685738063637012
v 0.25776371354897515 0.87548414488327153 -0.41706944007901381
v 0.36038892732280003 0.83954535888746173 -0.41490367369064773
v 0.32662099840410419 0.85265367960841199 -0.41612742976593581
v 0.34274193258661501 0.86031347110350564 -0.38632930897405648
v 0.19826141074047374 0.94739176094168887 -0.2645803575695313
v 0.21769820373214135 0.93372074353237677 -0.29603138950010627
v 0.18258826937976477 0.94140444834826975 -0.29543301629386126
v 0.28709771773142889 0.914715312635344 -0.29619654337630535
v 0.2525985889552263 0.92481017854208358 -0.29627967155411833
v 0.26794325064572888 0.92991478028511965 -0.26519143070612983
v 0.22085681740182508 0.91125338587991156 -0.35735282769366239
v 0.23686880301288463 0.91858011966349207 -0.32705545137551706
v 0.25568044926158856 0.90204555605789161 -0.35749527523326624
v 0.42135111915844115 0.86246078287482963 -0.29238051831442402
v 0.38860665561207469 0.87721913617262171 -0.29382504375274843
v 0.40283617944954014 0.88077404180718499 -0.2623391343580192
v 0.35862761624631201 0.86700877770194062 -0.35572977311017479
v 0.37383759592919946 0.87262504668199525 -0.32501178582208973
v 0.39180767356925839 0.85304452785983598 -0.35449044235069077
v 0.33625156107121157 0.90767086493234794 -0.26444307756448454
v 0.35528956580818122 0.89086376142965296 -0.29494533489546593
v 0.32158248688718366 0.90332736765701593 -0.29571270352767764
v 0.29036181887369089 0.8915182951065781 -0.35741674629818165
v 0.30616314391179805 0.89798492086350379 -0.32672438113225372
v 0.32474107091970139 0.87982055866588182 -0.35682018590650161
v 0.055420890177639771 1.0013326956306257 -0.033506849342602486
v 0.020711412874625603 1.0026511731647345 -0.033510760476556496
v 0.12467570384729744 0.99508581226291304 -0.03349073907533149
v 0.090141044889621574 0.99880632853835738 -0.033494827321507742
v 0.062005301869319261 0.99646949688499331 -0.10032567639763608
v 0.076122709071865843 0.99828778301256016 -0.066994112035687864
v 0.096707200083737371 0.99370493208748656 -0.10029767831534581
v 0.26135564974069858 0.96821381791358851 -0.033418828542774101
v 0.22766972578380079 0.9766836288515518 -0.033423621245544301
v 0.20069837980559233 0.97803785453312131 -0.10011810956998093
v 0.21432126739504806 0.97798696118520712 -0.066853836726778568
v 0.23467279018267642 0.970449997876901 -0.10008517373139629
v 0.19363493988279498 0.98399641298167995 -0.033437763476000387
v 0.15944305373247905 0.99011160736976755 -0.0334423809285148
v 0.1431940078069337 0.96575144096198329 -0.23169176210731668
v 0.15789048552241952 0.97068394617556097 -0.19926046864720037
v 0.17784108505892318 0.9600122162742295 -0.23153957655544014
v 0.11736810895906849 0.98752728342839091 -0.13370120756024675
v 0.13769808179011969 0.97987099606800143 -0.16659385374824268
v 0.10291691140584977 0.98414425641539172 -0.16652205116220675
v 0.20678695242599443 0.96771145121104007 -0.16623846156047473
v 0.17238629772138489 0.97438410084010274 -0.16649345802225762
v 0.18658362909692955 0.97683643575968415 -0.13356133161746589
v 0.1455766766321287 0.99055024390938928 -0.066926106375421401
v 0.16624882726098131 0.98445672406642382 -0.10033826127851679
v 0.13151922246997766 0.98968841854535472 -0.10040402645569164
v 0.38449843234047587 0.89772190807172014 -0.23047351023120705
v 0.31722223448603459 0.92321450163233088 -0.23217811046025477
v 0.35104656360583802 0.91106246368631272 -0.23150198773373495
v 0.36546092746903019 0.91324451055415945 -0.1982030939446485
v 0.34582340252810329 0.92726115650949925 -0.16569428703761291
v 0.21302089454418671 0.95265607805733965 -0.23222837446797259
v 0.24185853583844649 0.95947596087357279 -0.16664900596651935
v 0.22758857175082317 0.95668953817512004 -0.19952471608468733
v 0.24800895628034322 0.9440690464725342 -0.23256559231679325
v 0.28260199847923118 0.93429511614220639 -0.23257331333867057
v 0.283203786335257 0.9603254421813342 -0.066575330116374065
v 0.32540189364343347 0.9398823431017832 -0.13265159156065917
v 0.3045890970549146 0.95086537070750254 -0.099710403377189852
v 0.26976825458937387 0.9612952212066046 -0.099990921196978888
v 0.25606428149504334 0.96101219526313175 -0.13322246383846259
v 0.29728787419337971 0.93736898432156035 -0.19955181456508686
v 0.27686630488897024 0.9499902082552969 -0.1665090213269407
v 0.31158899923272854 0.93923229723596691 -0.16618250754756053
v -0.020401375296329675 0.55110311617296237 -0.83829002122122398
v 6.2392682909373678e-07 0.57448947396422156 -0.82269247139288804
v 0.020402623149987864 0.55110311617296237 -0.83829002122122398
v -0.040714895389659438 0.61928103816493141 -0.78847595013980032
v -0.020401428299399251 0.59726215637818469 -0.80605380897231271
v -0.061107723936223768 0.59623953372115612 -0.80475167464746267
v 0.06110897178988195 0.59623953372115612 -0.80475167464746267
v 0.02040267615305744 0.59726215637818469 -0.80605380897231271
v 0.040716143243317619 0.61928103816493141 -0.78847595013980032
v -0.12110835383056712 0.70015825042667268 -0.70849993931485633
v -0.10126522535116531 0.68119194358086321 -0.72978344593369271
v -0.14144954276775581 0.67774867666751837 -0.72629862590961336
v -0.020402441995530284 0.68464767211253164 -0.7332819348479519
v -0.060851048736870569 0.68349503162021297 -0.73211524439933795
v -0.040456727668191472 0.70474088027514081 -0.71313716837635266
v -0.10152159053676404 0.63852217950004242 -0.7673615562749545
v -0.081235757963316224 0.66137787905485601 -0.75022733564084187
v -0.061109215873489803 0.64083907187971145 -0.76970901283539517
v 0.141450790621414 0.67774867666751837 -0.72629862590961336
v 0.10126647320482349 0.68119194358086321 -0.72978344593369271
v 0.1211096016842253 0.70015825042667268 -0.70849993931485633
v 0.061110463727147984 0.64083907187971145 -0.76970901283539517
v 0.081237005816974406 0.66137787905485601 -0.75022733564084187
v 0.10152283839042223 0.63852217950004242 -0.7673615562749545
v 0.040457975521849654 0.70474088027514081 -0.71313716837635266
v 0.060852296590528751 0.68349503162021297 -0.73211524439933795
v 0.020403689849188472 0.68464767211253164 -0.7332819348479519
v -0.020402496413087036 0.64186186548123225 -0.77101112304973396
v 6.2392682909373678e-07 0.66369553150494931 -0.7525751434013298
v 0.020403744266745225 0.64186186548123225 -0.77101112304973396
v -0.27236937773222475 0.82151728312000993 -0.50772544112813145
v -0.25461037128981262 0.80972283846873438 -0.53514796797194597
v -0.29253405741323052 0.80057595536117865 -0.52949294306597749
v -0.17757519206552019 0.82418909122361794 -0.54409591132847179
v -0.21622676748352637 0.81760586990808726 -0.54002550169555297
v -0.19575778775282682 0.83716314645332179 -0.51739511645145375
v -0.25642394845561473 0.7752922395238504 -0.58312052406778636
v -0.23647932958765358 0.79694383569318261 -0.56197769464395764
v -0.21806560481248854 0.78326003416254664 -0.58805782583548394
v -0.020419701754721471 0.8374803113871 -0.55233226825621418
v -0.059807094282892721 0.83613944258728512 -0.55150255204078835
v -0.039393637646001949 0.85290607014625386 -0.52712477837598193
v -0.10051346470767025 0.79940067371712453 -0.59809418746462539
v -0.080211667307012388 0.81826997296349602 -0.57520555092726178
v -0.061155674292905388 0.80211380086383421 -0.59977873862658049
v -0.11793928206914624 0.84764762222192147 -0.52387487883067307
v -0.099170097295935927 0.83347841053952187 -0.54985461836277771
v -0.13831171637569104 0.829508461133873 -0.54739985518952416
v -0.18070047402422407 0.71373127598326769 -0.68175942248654509
v -0.16093630590144492 0.73651189303685149 -0.66220138874549039
v -0.14147990578201258 0.71924775272360753 -0.68522044925546632
v -0.19918393858700398 0.7684679368331796 -0.6137130437845858
v -0.18020203211957544 0.75295245803287214 -0.63831869042717859
v -0.21908651811731097 0.74629775443035185 -0.6339571233784641
v -0.10157814696170613 0.76263548997266817 -0.64415061878001179
v -0.14096767448630412 0.75840631927554525 -0.64172342051779241
v -0.12088348315476233 0.77928933305811121 -0.62044849400534563
v -0.15884197247688425 0.81023533105415979 -0.57021830889374847
v -0.13991369272398774 0.79523788063439416 -0.59571962469551576
v -0.17916377036074368 0.78984961014596045 -0.59236718713172254
v 0.2925353052668887 0.80057595536117865 -0.52949294306597749
v 0.2546116191434708 0.80972283846873438 -0.53514796797194597
v 0.27237062558588293 0.82151728312000993 -0.50772544112813145
v 0.21806685266614673 0.78326003416254664 -0.58805782583548394
v 0.23648057744131176 0.79694383569318261 -0.56197769464395764
v 0.25642519630927291 0.7752922395238504 -0.58312052406778636
v 0.195759035606485 0.83716314645332179 -0.51739511645145375
v 0.21622801533718455 0.81760586990808726 -0.54002550169555297
v 0.17757643991917837 0.82418909122361794 -0.54409591132847179
v 0.14148115363567076 0.71924775272360753 -0.68522044925546632
v 0.1609375537551031 0.73651189303685149 -0.66220138874549039
v 0.18070172187788225 0.71373127598326769 -0.68175942248654509
v 0.12088473100842051 0.77928933305811121 -0.62044849400534563
v 0.1409689223399623 0.75840631927554525 -0.64172342051779241
v 0.10157939481536431 0.76263548997266817 -0.64415061878001179
v 0.21908776597096916 0.74629775443035185 -0.6339571233784641
v 0.18020327997323363 0.75295245803287214 -0.63831869042717859
v 0.19918518644066216 0.7684679368331796 -0.6137130437845858
v 0.03939488549966013 0.85290607014625386 -0.52712477837598193
v 0.059808342136550903 0.83613944258728512 -0.55150255204078835
v 0.02042094960837966 0.8374803113871 -0.55233226825621418
v 0.13831296422934922 0.829508461133873 -0.54739985518952416
v 0.099171345149594109 0.83347841053952187 -0.54985461836277771
v 0.11794052992280442 0.84764762222192147 -0.52387487883067307
v 0.061156922146563569 0.80211380086383421 -0.59977873862658049
v 0.08021291516067057 0.81826997296349602 -0.57520555092726178
v 0.10051471256132843 0.79940067371712453 -0.59809418746462539
v 0.17916501821440187 0.78984961014596045 -0.59236718713172254
v 0.13991494057764592 0.79523788063439416 -0.59571962469551576
v 0.15884322033054243 0.81023533105415979 -0.57021830889374847
v -0.10129402207838982 0.72269272798185502 -0.6887058527294998
v -0.061157329064162179 0.76495845797156004 -0.6464978116892397
v -0.081277685089635093 0.74433689887233168 -0.66799518321026075
v -0.060871206487286514 0.7249984815795687 -0.69103759604732473
v -0.020420884957840731 0.72615211184226591 -0.69220460142145068
v 6.2392682909373678e-07 0.82100231052311212 -0.57690241261955799
v 0.040744086567613781 0.78481870613274873 -0.62390763525974569
v 0.020421008456349161 0.80341195928746822 -0.60081062732585355
v -0.020419760602690972 0.80341195928746822 -0.60081062732585355
v -0.040742838713955599 0.78481870613274873 -0.62390763525974569
v 0.101295269932048 0.72269272798185502 -0.6887058527294998
v 0.020422132811498919 0.72615211184226591 -0.69220460142145068
v 0.060872454340944696 0.7249984815795687 -0.69103759604732473
v 0.081278932943293275 0.74433689887233168 -0.66799518321026075
v 0.061158576917820361 0.76495845797156004 -0.6464978116892397
v -0.020420945377580397 0.76625658316857248 -0.64752989668021599
v 0.020422193231238586 0.76625658316857248 -0.64752989668021599
v 6.2392682909373678e-07 0.74666009079756257 -0.67034308929186437
v 6.2392682909373678e-07 1.0011836382498009 -0.067026894806568107
v 0.041297666630441897 0.99359720877087065 -0.13386716974020446
v 0.020711491770112139 0.99815900517958134 -0.10055317435362222
v -0.020710243916453951 0.99815900517958134 -0.10055317435362222
v -0.041296418776783715 0.99359720877087065 -0.13386716974020446
v 0.12250072451331086 0.95992792457836762 -0.26531748048579684
v 0.1025466072807923 0.970589221201138 -0.23302821945260471
v 0.020712995272178042 0.97545019908904873 -0.23436974078839048
v 0.061634542940096439 0.97382903776677021 -0.23392206609281649
v 0.040924753545486928 0.96635757286194168 -0.26709459156423521
v 0.082340424140753113 0.97977112216413131 -0.20032467737960818
v 0.062007514468188273 0.98741394179161446 -0.16742200567565807
v -0.10254535942713412 0.970589221201138 -0.23302821945260471
v -0.12249947665965268 0.95992792457836762 -0.26531748048579684
v -0.062006266614530091 0.98741394179161446 -0.16742200567565807
v -0.082339176287094931 0.97977112216413131 -0.20032467737960818
v -0.040923505691828746 0.96635757286194168 -0.26709459156423521
v -0.061633295086438257 0.97382903776677021 -0.23392206609281649
v -0.020711747418519853 0.97545019908904873 -0.23436974078839048
v 0.020713076329978538 0.98910354428770286 -0.16764978014718496
v 6.2392682909373678e-07 0.98304103780391605 -0.20122522357592088
v -0.020711828476320349 0.98910354428770286 -0.16764978014718496
v 0.25515740457249519 0.84348807535077786 -0.47987923835125718
v 0.17808962925506661 0.85800917442967017 -0.4888412521132553
v 0.21674397771867532 0.85140422543692085 -0.484762175731412
v 0.23745484556195837 0.86420424570057686 -0.45125128762447286
v 0.21938667195867942 0.8835321504553586 -0.42202123338395386
v 0.020738184000656912 0.87140218182127249 -0.4970808839032016
v 0.060132325367085702 0.87004888278716808 -0.49624624266079442
v 0.10146594258907082 0.89994023399740941 -0.43205739588762071
v 0.080866378792575189 0.88575939592376429 -0.46449138181483585
v 0.06207532700869834 0.90270079345145182 -0.43375020367525235
v 0.099530501688648201 0.86736947965212385 -0.49459599786735875
v 0.13867753824360071 0.86338452939763843 -0.49213522292776501
v 0.16267830872104891 0.93342578590969827 -0.33032335618430086
v 0.14323828458713866 0.94711140760899926 -0.29887155752899308
v 0.2006844287849599 0.9017068952888927 -0.39180596649515154
v 0.18187030190257225 0.91825827481120481 -0.36136740249435395
v 0.10299945662735617 0.92799329651578877 -0.36753357099225759
v 0.14250029780584253 0.92385125273382185 -0.36476560599151087
v 0.12217831393441977 0.91274118347644428 -0.39854407506323675
v 0.15966259977938516 0.87762601692434739 -0.45950173576624592
v 0.14098230412143944 0.8959095676525789 -0.42933837392186835
v 0.18037505218253461 0.89042701649985823 -0.42598828378758569
v -0.25515615671883701 0.84348807535077786 -0.47987923835125718
v -0.21938542410502124 0.8835321504553586 -0.42202123338395386
v -0.23745359770830018 0.86420424570057686 -0.45125128762447286
v -0.21674272986501714 0.85140422543692085 -0.484762175731412
v -0.17808838140140842 0.85800917442967017 -0.4888412521132553
v -0.14323703673348048 0.94711140760899926 -0.29887155752899308
v -0.16267706086739073 0.93342578590969827 -0.33032335618430086
v -0.12217706608076159 0.91274118347644428 -0.39854407506323675
v -0.14249904995218435 0.92385125273382185 -0.36476560599151087
v -0.10299820877369799 0.92799329651578877 -0.36753357099225759
v -0.18186905404891407 0.91825827481120481 -0.36136740249435395
v -0.20068318093130172 0.9017068952888927 -0.39180596649515154
v -0.060131077513427521 0.87004888278716808 -0.49624624266079442
v -0.020736936146998723 0.87140218182127249 -0.4970808839032016
v -0.13867629038994253 0.86338452939763843 -0.49213522292776501
v -0.09952925383499002 0.86736947965212385 -0.49459599786735875
v -0.062074079155040159 0.90270079345145182 -0.43375020367525235
v -0.080865130938917007 0.88575939592376429 -0.46449138181483585
v -0.10146469473541264 0.89994023399740941 -0.43205739588762071
v -0.18037380432887642 0.89042701649985823 -0.42598828378758569
v -0.14098105626778126 0.8959095676525789 -0.42933837392186835
v -0.15966135192572697 0.87762601692434739 -0.45950173576624592
v 0.10258861404458292 0.9519511093370816 -0.30021000318175706
v 0.062077784573228191 0.93126668633606924 -0.36844270991197586
v 0.082401629077066191 0.94237606129562246 -0.33466204552895856
v 0.061663981244245762 0.95519263250303099 -0.30110782648872936
v 0.020739941765803845 0.95681487821265798 -0.30155667522796287
v 6.2392682909373678e-07 0.8885482446067714 -0.4662008580298212
v -0.041337218880595258 0.9184490830080958 -0.401999631078924
v -0.020737023905991341 0.90426601061302936 -0.43443545352896834
v 0.02073827175964953 0.90426601061302936 -0.43443545352896834
v 0.04133846673425344 0.9184490830080958 -0.401999631078924
v -0.10258736619092473 0.9519511093370816 -0.30021000318175706
v -0.020738693912145657 0.95681487821265798 -0.30155667522796287
v -0.06166273339058758 0.95519263250303099 -0.30110782648872936
v -0.082400381223408009 0.94237606129562246 -0.33466204552895856
v -0.062076536719570009 0.93126668633606924 -0.36844270991197586
v 0.020740031932902837 0.93283215879719805 -0.36912773768936513
v -0.020738784079244649 0.93283215879719805 -0.36912773768936513
v 6.2392682909373678e-07 0.94564981785150315 -0.3355706706289861
v -0.54146993662100951 0.84309938238233317 -0.053425299531364982
v -0.5511022297837056 0.83829028365845548 -0.020401999248354841
v -0.52035268510392796 0.84961674940109355 -0.11935248420451593
v -0.53120904140522152 0.84687659370695223 -0.08647269868008213
v -0.59623864733189924 0.80475193708469417 -0.061108347888248933
v -0.56422025534750953 0.82647454148072386 -0.07386353696402255
v -0.58623177922760938 0.80890123008460513 -0.094188909397323162
v -0.47103767063230584 0.85010395976840103 -0.24961447368922299
v -0.48418491061591484 0.85154020294734556 -0.21749679189931437
v -0.55241323335805581 0.81500702710002793 -0.19355531628290004
v -0.51875277568356648 0.83393127257006316 -0.20570546264237974
v -0.54001050433268871 0.81494585430687971 -0.22608056147666616
v -0.49679956720859608 0.85194204079145364 -0.18505548630543406
v -0.50883304754173975 0.85129293721455113 -0.15247896011551626
v -0.6777477902782616 0.72629888834684497 -0.141450166719781
v -0.64803649664733376 0.75027435366935114 -0.15491105514588985
v -0.66699611298652794 0.72899498201100488 -0.17476500909239714
v -0.60771084538571696 0.79018309741423221 -0.1147110020718581
v -0.62824279422991769 0.77070565890130849 -0.13484864117425785
v -0.63852129311078554 0.76736181871218612 -0.10152221448878923
v -0.60547187430823679 0.77448850271185921 -0.20107654309613873
v -0.61721285032571538 0.77307959990636366 -0.16809706066393049
v -0.58542608749513803 0.79460396117766852 -0.18094552806817721
v -0.54267924635599929 0.83230906738090682 -0.14007629431519752
v -0.56440551944181983 0.81393946021827479 -0.16065318007878224
v -0.57569218854253801 0.81190594704099073 -0.12746647246857504
v -0.34730171607917826 0.80080649417221339 -0.49492546962456746
v -0.36424585859210817 0.81046759735989782 -0.46618446524664409
v -0.43656682068859326 0.78365936393406788 -0.44960875834697905
v -0.40074760290765643 0.79765779381174162 -0.45826201890497165
v -0.42009282001024728 0.77515846851083159 -0.47907411802150407
v -0.38081551956318604 0.81915885231210017 -0.43682837148236414
v -0.39692983882442939 0.8268227320533702 -0.40702772401539361
v -0.57289906745350805 0.71585218441144471 -0.40767968560597961
v -0.5401071667231182 0.73446027491037247 -0.41918113172273697
v -0.55747216748833206 0.70971268626614914 -0.43862640017396587
v -0.50320324397675842 0.7811539810430741 -0.37874198588302327
v -0.52198941504531682 0.75831672054502197 -0.39917828750080553
v -0.53692148379364368 0.76367631874984077 -0.3679324501724241
v -0.49029390816419849 0.74473133474290076 -0.46026911517268315
v -0.50642207279994422 0.75198626594044538 -0.43001611529318812
v -0.47201229953654605 0.76834434852284084 -0.4401271658268312
v -0.44268596292004225 0.84379551495227356 -0.31448197769402592
v -0.45690773200152751 0.84735521328960695 -0.28299310624608676
v -0.412737277358944 0.83356639679862188 -0.37639830117314621
v -0.42793978584672165 0.83918728323119085 -0.34567746014246581
v -0.4981915260441227 0.80758569122614776 -0.32629911668485373
v -0.46346009801601867 0.82400992472807033 -0.33626327825537916
v -0.4835757431663727 0.80320925811223098 -0.35758909811574008
v -0.45281769839191738 0.79111426867608237 -0.4194698472395707
v -0.46851261313807951 0.797646659610183 -0.38873683695887268
v -0.43302853787539808 0.81289445231565638 -0.39818279436563114
v -0.80057506897192199 0.529493205503209 -0.29253468136525562
v -0.77621510276207129 0.55585660214325605 -0.30882621629332258
v -0.78800563627939257 0.52843649251315961 -0.32659155108340687
v -0.74976840872315442 0.60875650331405251 -0.27225538285598616
v -0.76344812200761425 0.58267889879761758 -0.29067572255241875
v -0.77529135313459363 0.58312078650501786 -0.25642457240763988
v -0.73683658369162497 0.57940005683117568 -0.35808876601978218
v -0.75061087150833861 0.58143040240138621 -0.32462614171464477
v -0.72389052654421149 0.60608354794171848 -0.33986086848371005
v -0.68582803781677271 0.70587468358076533 -0.19555333013968335
v -0.70308738542724625 0.68285858512399966 -0.21501748501509577
v -0.71373038959401092 0.6817596849237767 -0.18070109797624923
v -0.67917033712406938 0.68232515103063962 -0.2828786112396347
v -0.69155159618470607 0.68304162631493714 -0.24914007849982489
v -0.66254942987721099 0.70600692033761248 -0.26351998374030056
v -0.74629686804109496 0.63395738581569583 -0.2190871420693361
v -0.71951380819281097 0.65898462718478634 -0.23430609384278103
v -0.73502466954060408 0.63438183428478889 -0.25329547150531923
v -0.62121342167487648 0.67031842469331815 -0.41427940756025239
v -0.63687808757602404 0.67465255670065072 -0.38221792907955282
v -0.60593984846759907 0.69543185872989421 -0.39505923027343903
v -0.69580636720956557 0.63003200822032068 -0.35464543845633179
v -0.66688367042721863 0.65281554471768033 -0.3687252388886787
v -0.68112468469565401 0.62679142874692551 -0.38737824463720283
v -0.63587445293929878 0.70252002053010643 -0.33013577924650345
v -0.65177562857717752 0.67810442931118053 -0.3496043652027862
v -0.66583845573559808 0.68063989240857492 -0.31662086275868323
v -0.72292261740647834 0.63373005802808358 -0.28745310912212357
v -0.69489873299181648 0.65773234295936622 -0.30226503375595248
v -0.7098304182344074 0.63227167227236913 -0.32129972380079402
v -0.49221833138658727 0.83114657798054214 -0.27161932703979869
v -0.5327794611472445 0.78999203781906435 -0.3145141211618564
v -0.51283402477453588 0.81107154251452984 -0.2932997755843082
v -0.52679450127085947 0.81353410720216579 -0.25982751224814216
v -0.56045693844059219 0.79460956497403623 -0.247677479268297
v -0.58877304969107858 0.72042770361456321 -0.37575340302574611
v -0.61816881380216848 0.72690264756009837 -0.31038721847042516
v -0.60388635683871983 0.7241239458835228 -0.3432581567346451
v -0.57084548060661389 0.7445443304130428 -0.35587864843723099
v -0.55224450643001732 0.76764611020088303 -0.33556806320179161
v -0.65611651150142025 0.72985193197532328 -0.20901579293018469
v -0.5934996339175459 0.77418805608936625 -0.23505629267601308
v -0.62528719183831794 0.75266227678805009 -0.22220665209479912
v -0.64434509131129203 0.72979323349806569 -0.24306701806401634
v -0.63173510776903674 0.72883408482807299 -0.27671642753105558
v -0.56670388223942469 0.77085996301981563 -0.30246004916304547
v -0.59974667547757066 0.75043839371540622 -0.28983882522930882
v -0.58047669688594128 0.7730497897136025 -0.26888894553206694
v -0.033010504254690758 0.51809198799144252 -0.85869202044438264
v -0.053424675579339824 0.54147082301026617 -0.84309911994510156
v -0.1193518602524908 0.52035357149318484 -0.84961648696386205
v -0.086472074728056986 0.5312099277944784 -0.84687633126972051
v -0.098874759911942459 0.49736414988238459 -0.86586002251051541
v -0.073862913011997391 0.5642211417367663 -0.82647427904349224
v -0.09418828544529799 0.58623266561686616 -0.80890096764737351
v -0.24961384973719788 0.47103855702156272 -0.85010369733116942
v -0.21749616794728927 0.48418579700517178 -0.85153994051011384
v -0.22887055349934773 0.44887749924134168 -0.86774879260419813
v -0.19355469233087488 0.55241411974731258 -0.8150067646627962
v -0.20570483869035464 0.51875366207282325 -0.83393101013283155
v -0.22607993752464106 0.54001139072194559 -0.81494559186964799
v -0.16426576968842083 0.47425578588479272 -0.86888377073854761
v -0.18505486235340896 0.49680045359785291 -0.85194177835422202
v -0.1524783361634911 0.50883393393099652 -0.85129267477731951
v -0.15491043119386466 0.64803738303659053 -0.75027409123211952
v -0.17476438514037196 0.66699699937578472 -0.72899471957377315
v -0.11471037811983294 0.60771173177497373 -0.7901828349770007
v -0.13484801722223266 0.62824368061917446 -0.77070539646407676
v -0.20107591914411357 0.60547276069749356 -0.77448824027462759
v -0.16809643671190533 0.61721373671497215 -0.77307933746913204
v -0.18094490411615208 0.5854269738843948 -0.79460369874043679
v -0.14007567036317239 0.54268013274525606 -0.83230880494367521
v -0.16065255612675708 0.5644064058310766 -0.81393919778104318
v -0.12746584851654988 0.57569307493179478 -0.81190568460375911
v -0.49492484567254236 0.34730260246843514 -0.80080623173498167
v -0.46618384129461898 0.364246744981365 -0.81046733492266609
v -0.47333043336950709 0.32724489806484275 -0.82202762440603705
v -0.44960813439495401 0.43656770707785009 -0.78365910149683615
v -0.45826139495294654 0.40074848929691326 -0.7976575313745099
v -0.47907349406947897 0.42009370639950411 -0.77515820607359986
v -0.41490304973862269 0.36038856585839874 -0.83954509645023001
v -0.43682774753033909 0.38081640595244293 -0.81915858987486856
v -0.40702710006336856 0.39693072521368622 -0.82682246961613848
v -0.40767906165395451 0.57289995384276482 -0.7158519219742131
v -0.41918050777071186 0.54010805311237486 -0.73446001247314097
v -0.43862577622194077 0.55747305387758872 -0.70971242382891753
v -0.37874136193099811 0.5032041303660153 -0.78115371860584248
v -0.39917766354878037 0.52199030143457359 -0.75831645810779036
v -0.36793182622039899 0.53692237018290045 -0.76367605631260915
v -0.4602684912206581 0.49029479455345526 -0.74473107230566926
v -0.43001549134116296 0.50642295918920099 -0.75198600350321376
v -0.4401265418748061 0.47201318592580299 -0.76834408608560911
v -0.29237989436239897 0.42135075769403985 -0.86246052043759802
v -0.31448135374200076 0.44268684930929908 -0.84379525251504184
v -0.2829924822940616 0.45690861839078439 -0.84735495085237533
v -0.37639767722112122 0.41273816374820088 -0.83356613436139027
v -0.34567683619044071 0.42794067223597854 -0.83918702079395913
v -0.35448981839866572 0.39180731210485709 -0.85304426542260414
v -0.32629849273282857 0.49819241243337958 -0.80758542878891604
v -0.336262654303354 0.46346098440527556 -0.82400966229083872
v -0.35758847416371492 0.48357662955562958 -0.80320899567499937
v -0.4194692232875456 0.45281858478117432 -0.79111400623885064
v -0.38873621300684752 0.4685134995273364 -0.79764639717295127
v -0.39818217041360604 0.43302942426465496 -0.81289418987842477
v -0.30882559234129742 0.77621598915132795 -0.55585633970602455
v -0.32659092713138177 0.78800652266864946 -0.52843623007592799
v -0.27225475890396106 0.74976929511241119 -0.6087562408768209
v -0.29067509860039359 0.76344900839687091 -0.58267863636038597
v -0.35808814206775702 0.73683747008088163 -0.57939979439394396
v -0.32462551776261961 0.75061175789759538 -0.5814301399641546
v -0.33986024453168495 0.72389141293346826 -0.60608328550448687
v -0.19555270618765819 0.68582892420602948 -0.70587442114353371
v -0.21501686106307061 0.70308827181650313 -0.68285832268676794
v -0.2828779872876096 0.67917122351332626 -0.68232488859340812
v -0.24913945454779979 0.69155248257396285 -0.68304136387770575
v -0.2635193597882754 0.66255031626646776 -0.70600665790038086
v -0.23430546989075585 0.71951469458206763 -0.65898436474755473
v -0.25329484755329407 0.73502555592986085 -0.63438157184755739
v -0.41427878360822723 0.62121430806413325 -0.67031816225608654
v -0.38221730512752772 0.63687897396528081 -0.67465229426341899
v -0.39505860632141393 0.60594073485685584 -0.6954315962926626
v -0.35464481450430668 0.69580725359882223 -0.63003174578308907
v -0.36872461493665365 0.6668845568164754 -0.65281528228044872
v -0.38737762068517773 0.6811255710849109 -0.62679116630969389
v -0.33013515529447834 0.63587533932855556 -0.70251975809287481
v -0.3496037412507611 0.65177651496643429 -0.67810416687394892
v -0.31662023880665802 0.66583934212485474 -0.6806396299713432
v -0.28745248517009847 0.72292350379573511 -0.63372979559085207
v -0.30226440980392744 0.69489961938107314 -0.65773208052213461
v -0.32129909984876892 0.70983130462366417 -0.63227140983513752
v -0.27161870308777358 0.49221921777584421 -0.83114631554331042
v -0.31451349720983129 0.5327803475365015 -0.78999177538183263
v -0.29329915163228309 0.51283491116379276 -0.81107128007729834
v -0.25982688829611705 0.52679538766011635 -0.81353384476493407
v -0.24767685531627187 0.56045782482984896 -0.79460930253680451
v -0.37575277907372095 0.58877393608033524 -0.72042744117733148
v -0.31038659451840001 0.61816970019142525 -0.72690238512286676
v -0.34325753278261995 0.6038872432279766 -0.72412368344629119
v -0.35587802448520589 0.57084636699587077 -0.74454406797581119
v -0.33556743924976645 0.55224539281927421 -0.76764584776365141
v -0.20901516897815953 0.65611739789067691 -0.72985166953809155
v -0.23505566872398795 0.59350052030680278 -0.77418779365213464
v -0.22220602814277396 0.62528807822757471 -0.75266201435081848
v -0.24306639411199124 0.64434597770054891 -0.72979297106083407
v -0.27671580357903042 0.63173599415829351 -0.72883382239084127
v -0.30245942521102026 0.56670476862868158 -0.77085970058258391
v -0.28983820127728366 0.59974756186682754 -0.75043813127817449
v -0.26888832158004178 0.58047758327519805 -0.77304952727637077
v -0.85869139649235748 0.033011390643947584 -0.5180917255542109
v -0.8430984959930764 0.053425561968596658 -0.54147056057303466
v -0.83828939726919871 0.020402261685586506 -0.55110285373573076
v -0.84961586301183689 0.11935274664174761 -0.52035330905595323
v -0.84687570731769546 0.086472961117313799 -0.53120966535724667
v -0.86585939855849026 0.098875646301199285 -0.49736388744515292
v -0.8047510506954374 0.061108610325480602 -0.5962392712839244
v -0.82647365509146709 0.073863799401254218 -0.56422087929953468
v -0.80890034369534836 0.09418917183455483 -0.58623240317963454
v -0.85010307337914426 0.24961473612645471 -0.47103829458433105
v -0.85153931655808868 0.21749705433654606 -0.48418553456794006
v -0.86774816865217297 0.22887143988860456 -0.44887723680411001
v -0.81500614071077115 0.19355557872013168 -0.55241385731008086
v -0.83393038618080639 0.20570572507961146 -0.51875339963559164
v -0.81494496791762294 0.22608082391389789 -0.54001112828471387
v -0.86888314678652245 0.16426665607767765 -0.47425552344756106
v -0.85194115440219687 0.18505574874266578 -0.49680019116062124
v -0.85129205082529436 0.15247922255274793 -0.50883367149376491
v -0.7262980019575882 0.14145042915701267 -0.67774841423028676
v -0.75027346728009436 0.15491131758312152 -0.64803712059935892
v -0.72899409562174811 0.17476527152962884 -0.6669967369385531
v -0.79018221102497543 0.11471126450908976 -0.60771146933774212
v -0.77070477251205172 0.13484890361148952 -0.62824341818194285
v -0.76736093232292935 0.1015224769260209 -0.6385219170628107
v -0.77448761632260243 0.20107680553337043 -0.60547249826026195
v -0.77307871351710689 0.16809732310116218 -0.61721347427774054
v -0.79460307478841175 0.1809457905054089 -0.58542671144716318
v -0.83230818099165005 0.14007655675242922 -0.54267987030802445
v -0.81393857382901802 0.16065344251601391 -0.56440614339384498
v -0.81190506065173396 0.12746673490580671 -0.57569281249456317
v -0.80080560778295651 0.49492573206179918 -0.34730234003120347
v -0.81046671097064094 0.46618472768387581 -0.36424648254413333
v -0.82202700045401189 0.47333131975876391 -0.32724463562761108
v -0.78365847754481099 0.44960902078421083 -0.43656744464061842
v -0.79765690742248474 0.45826228134220337 -0.40074822685968159
v -0.77515758212157471 0.47907438045873579 -0.42009344396227244
v -0.83954447249820485 0.41490393612787951 -0.36038830342116707
v -0.8191579659228434 0.43682863391959592 -0.38081614351521126
v -0.82682184566411332 0.40702798645262539 -0.39693046277645455
v -0.71585129802218794 0.40767994804321134 -0.5728996914055331
v -0.7344593885211157 0.41918139415996875 -0.54010779067514336
v -0.70971179987689237 0.4386266626111977 -0.55747279144035711
v -0.78115309465381721 0.37874224832025505 -0.50320386792878369
v -0.75831583415576509 0.3991785499380372 -0.52199003899734209
v -0.76367543236058399 0.36793271260965582 -0.53692210774566884
v -0.7447304483536441 0.46026937760991493 -0.49029453211622359
v -0.75198537955118872 0.43001637773041984 -0.50642269675196938
v -0.76834346213358407 0.44012742826406298 -0.47201292348857132
v -0.86245989648557286 0.2923807807516558 -0.42135049525680818
v -0.84379462856301668 0.31448224013125758 -0.44268658687206741
v -0.84735432690035017 0.28299336868331842 -0.45690835595355273
v -0.83356551040936511 0.37639856361037805 -0.41273790131096921
v -0.83918639684193397 0.34567772257969753 -0.42794040979874687
v -0.85304364147057898 0.35449070478792255 -0.39180704966762542
v -0.80758480483689088 0.32629937912208545 -0.49819214999614791
v -0.82400903833881356 0.33626354069261083 -0.46346072196804389
v -0.80320837172297421 0.35758936055297175 -0.48357636711839791
v -0.79111338228682548 0.41947010967680243 -0.45281832234394259
v -0.79764577322092611 0.38873709939610435 -0.46851323709010473
v -0.81289356592639961 0.39818305680286287 -0.43302916182742329
v -0.52949231911395234 0.29253494380248729 -0.80057569292394715
v -0.55585571575399939 0.30882647873055419 -0.77621572671409633
v -0.52843560612390283 0.32659181352063854 -0.78800626023141773
v -0.60875561692479574 0.27225564529321788 -0.74976903267517958
v -0.58267801240836081 0.29067598498965042 -0.7634487459596393
v -0.5831199001157612 0.25642483484487155 -0.77529197708661879
v -0.57939917044191891 0.35808902845701385 -0.73683720764364991
v -0.58142951601212944 0.32462640415187644 -0.75061149546036376
v -0.60608266155246171 0.33986113092094178 -0.72389115049623665
v -0.70587379719150856 0.19555359257691501 -0.68582866176879786
v -0.68285769873474289 0.21501774745232743 -0.70308800937927141
v -0.68175879853451993 0.18070136041348089 -0.71373101354603607
v -0.68232426464138296 0.28287887367686643 -0.67917096107609465
v -0.6830407399256806 0.24914034093705661 -0.69155222013673112
v -0.7060060339483557 0.26352024617753228 -0.66255005382923615
v -0.63395649942643906 0.21908740450656777 -0.74629749199312012
v -0.65898374079552957 0.2343063562800127 -0.71951443214483601
v -0.63438094789553223 0.25329573394255089 -0.73502529349262924
v -0.67031753830406138 0.41427966999748417 -0.62121404562690163
v -0.67465167031139395 0.38221819151678454 -0.63687871152804931
v -0.69543097234063733 0.39505949271067081 -0.60594047241962434
v -0.63003112183106402 0.35464570089356351 -0.69580699116159062
v -0.65281465832842356 0.36872550132591042 -0.66688429437924368
v -0.62679054235766873 0.38737850707443455 -0.68112530864767917
v -0.70251913414084965 0.33013604168373517 -0.63587507689132394
v -0.67810354292192365 0.34960462764001793 -0.65177625252920268
v -0.68063900601931804 0.31662112519591484 -0.66583907968762313
v -0.63372917163882692 0.2874533715593553 -0.7229232413585035
v -0.65773145657010945 0.30226529619318426 -0.69489935694384153
v -0.63227078588311236 0.32129998623802575 -0.70983104218643256
v -0.83114569159128537 0.27161958947703041 -0.49221895533861248
v -0.78999115142980747 0.31451438359908812 -0.53278008509926977
v -0.81107065612527307 0.29330003802153998 -0.51283464872656115
v -0.81353322081290891 0.25982777468537382 -0.52679512522288463
v -0.79460867858477935 0.24767774170552875 -0.56045756239261735
v -0.72042681722530622 0.37575366546297784 -0.58877367364310373
v -0.7269017611708416 0.31038748090765683 -0.61816943775419364
v -0.72412305949426603 0.34325841917187672 -0.6038869807907451
v -0.74454344402378603 0.35587891087446272 -0.57084610455863916
v -0.76764522381162625 0.33556832563902328 -0.55224513038204259
v -0.72985104558606639 0.20901605536741638 -0.6561171354534453
v -0.77418716970010948 0.23505655511324475 -0.59350025786957106
v -0.75266139039879332 0.22220691453203079 -0.62528781579034309
v -0.72979234710880891 0.24306728050124807 -0.64434571526331719
v -0.72883319843881611 0.27671668996828724 -0.6317357317210619
v -0.77085907663055875 0.30246031160027709 -0.56670450619144996
v -0.75043750732614933 0.28983908766654048 -0.59974729942959593
v -0.77304890332434562 0.2688892079692986 -0.58047732083796644
v -0.36360795063545998 0.77646118056940583 -0.52130413748650806
v -0.39469001197804271 0.72414200471466172 -0.57157571297488108
v -0.37944118360510409 0.75085105110849459 -0.54690745514307293
v -0.40015205144838717 0.76365107137215082 -0.51339656703613368
v -0.43598705468165555 0.74966498074035026 -0.50475569424557976
v -0.45002963734173695 0.60608470136067172 -0.66105610463733899
v -0.43717865688484325 0.63702066335975949 -0.64026560260480136
v -0.48068290122476293 0.6655704932342148 -0.57690586161377655
v -0.45935898455492541 0.65183732985614373 -0.60906316936322369
v -0.49424220647647571 0.63560620191241257 -0.59882373945764855
v -0.4236613905797853 0.66704480229771168 -0.61840345725774182
v -0.40957078599706698 0.69596252374717626 -0.59560771288442749
v -0.53972464023880651 0.70039756648228968 -0.47434271612830808
v -0.57252973792821882 0.68179392714839826 -0.46284677826313048
v -0.47157767653842625 0.73428488963843064 -0.49527845645181395
v -0.50600119079370931 0.71793359745679253 -0.48517486188473691
v -0.53516633609513353 0.66089870497674941 -0.53260710677465395
v -0.52099290356819272 0.6899291866662014 -0.50933739353989871
v -0.50139527257011196 0.67837144271324978 -0.54339254078939259
v -0.4309243943695516 0.70997623680235833 -0.56311499808808152
v -0.46657030736664984 0.69468434410185409 -0.55370240147001215
v -0.45163684677270099 0.72277723637786917 -0.52960154610942123
v -0.52130351353448301 0.36360883702471675 -0.7764609181321741
v -0.57157508902285603 0.39469089836729943 -0.72414174227743
v -0.54690683119104777 0.37944206999436098 -0.75085078867126298
v -0.51339594308410852 0.400152937837644 -0.7636508089349191
v -0.50475507029355471 0.43598794107091232 -0.74966471830311865
v -0.66105548068531383 0.45003052373099378 -0.60608443892344011
v -0.64026497865277632 0.43717954327410008 -0.63702040092252787
v -0.5769052376617515 0.4806837876140197 -0.6655702307969833
v -0.60906254541119853 0.45935987094418212 -0.65183706741891212
v -0.59882311550562339 0.49424309286573248 -0.63560593947518096
v -0.61840283330571677 0.42366227696904207 -0.66704453986048007
v -0.59560708893240233 0.40957167238632375 -0.69596226130994465
v -0.47434209217628293 0.53972552662806317 -0.70039730404505818
v -0.46284615431110537 0.57253062431747559 -0.68179366471116676
v -0.49527783249978885 0.47157856292768302 -0.73428462720119914
v -0.4851742379327118 0.50600207718296608 -0.71793333501956103
v -0.53260648282262879 0.5351672224843903 -0.66089844253951779
v -0.50933676958787366 0.52099378995744949 -0.68992892422896979
v -0.54339191683736743 0.50139615895936862 -0.67837118027601828
v -0.56311437413605647 0.43092528075880832 -0.70997597436512672
v -0.55370177751798699 0.46657119375590661 -0.69468408166462248
v -0.52960092215739618 0.45163773316195771 -0.72277697394063756
v -0.77646029418014906 0.52130439992373978 -0.36360857458748513
v -0.72414111832540484 0.57157597541211269 -0.39469063593006776
v -0.75085016471923782 0.54690771758030454 -0.37944180755712925
v -0.76365018498289394 0.51339682947336529 -0.40015267540041233
v -0.74966409435109349 0.50475595668281148 -0.43598767863368065
v -0.60608381497141495 0.66105636707457061 -0.45003026129376206
v -0.63701977697050272 0.64026586504203309 -0.43717928083686836
v -0.66556960684495814 0.57690612405100827 -0.48068352517678803
v -0.65183644346688696 0.6090634318004553 -0.45935960850695046
v -0.6356053155231558 0.59882400189488016 -0.49424283042850076
v -0.66704391590845491 0.61840371969497354 -0.42366201453181035
v -0.6959616373579196 0.59560797532165921 -0.40957140994909208
v -0.70039668009303302 0.47434297856553981 -0.53972526419083167
v -0.6817930407591416 0.4628470407003622 -0.57253036188024387
v -0.73428400324917398 0.49527871888904568 -0.47157830049045135
v -0.71793271106753587 0.48517512432196869 -0.50600181474573447
v -0.66089781858749264 0.53260736921188556 -0.53516696004715858
v -0.68992830027694474 0.50933765597713032 -0.52099352752021777
v -0.67837055632399312 0.5433928032266242 -0.50139589652213701
v -0.70997535041310167 0.56311526052531324 -0.43092501832157665
v -0.69468345771259732 0.55370266390724376 -0.46657093131867494
v -0.72277634998861251 0.52960180854665306 -0.4516374707247261
v -0.48574936494319981 0.58833824145021052 -0.651740843743289
v -0.55481436076967328 0.55000637312131606 -0.62970974869607088
v -0.52075629261000211 0.56960396510926692 -0.64126797239485733
v -0.50793972140259358 0.60315818414949596 -0.62053032456203694
v -0.52926616889308453 0.61689240780532906 -0.58837190588864652
v -0.65174021979126384 0.4857502513324567 -0.5883379790129788
v -0.62970912474404561 0.55481524715892994 -0.55000611068408445
v -0.64126734844283217 0.52075717899925889 -0.56960370267203531
v -0.62052970061001178 0.50794060779185024 -0.60315792171226446
v -0.58837128193662136 0.52926705528234119 -0.61689214536809756
v -0.58833735506095375 0.65174110618052061 -0.48574998889522497
v -0.55000548673205929 0.62971001113330238 -0.55481498472169832
v -0.56960307872001015 0.64126823483208895 -0.52075691656202716
v -0.60315729776023919 0.62053058699926844 -0.50794034535461852
v -0.61689152141607229 0.58837216832587813 -0.52926679284510958
v -0.57652119379807731 0.56370442113302899 -0.59726122575617635
v -0.59726060180415119 0.57652208018733409 -0.56370415869579737
v -0.56370353474377222 0.59726148819340785 -0.57652181775010247
v -0.5744885875749649 0.82269273383011965 -2.5196067753406744e-11
v -0.61928015177567464 0.78847621257703182 -0.040715519341684603
v -0.59726126998892803 0.80605407140954433 -0.02040205225142442
v -0.59726126998892803 0.80605407140954433 0.020402052201032285
v -0.61928015177567464 0.78847621257703182 0.040715519291292468
v -0.70015736403741591 0.70850020175208794 -0.12110897778259229
v -0.68119105719160633 0.72978370837092454 -0.10126584930319046
v -0.68464678572327475 0.7332821972851834 -0.020403065947555449
v -0.68349414523095608 0.73211550683656956 -0.060851672688895742
v -0.70473999388588404 0.71313743081358438 -0.040457351620216631
v -0.66137699266559924 0.75022759807807349 -0.08123638191534141
v -0.64083818549045457 0.76970927527262689 -0.061109839825514982
v -0.68119105719160633 0.72978370837092454 0.10126584925279833
v -0.70015736403741591 0.70850020175208794 0.12110897773220015
v -0.64083818549045457 0.76970927527262689 0.061109839775122847
v -0.66137699266559924 0.75022759807807349 0.081236381864949275
v -0.70473999388588404 0.71313743081358438 0.040457351569824496
v -0.68349414523095608 0.73211550683656956 0.060851672638503607
v -0.68464678572327475 0.7332821972851834 0.020403065897163314
v -0.64186097909197548 0.77101138548696557 -0.020403120365112205
v -0.66369464511569254 0.75257540583856153 -2.5196067753406744e-11
v -0.64186097909197548 0.77101138548696557 0.02040312031472007
v -0.82151639673075316 0.50772570356536317 -0.27237000168424996
v -0.80972195207947761 0.53514823040917758 -0.25461099524183778
v -0.82418820483436117 0.54409617376570363 -0.17757581601754535
v -0.81760498351883037 0.5400257641327848 -0.21622739143555153
v -0.83716226006406491 0.51739537888868548 -0.195758411704852
v -0.79694294930392584 0.56197795708118925 -0.23647995353967874
v -0.78325914777328987 0.58805808827271566 -0.2180662287645137
v -0.83747942499784322 0.5523325306934459 -0.020420325706746636
v -0.83613855619802835 0.55150281447802019 -0.059807718234917893
v -0.85290518375699709 0.52712504081321365 -0.039394261598027107
v -0.79939978732786776 0.59809444990185701 -0.10051408865969545
v -0.81826908657423914 0.57520581336449361 -0.080212291259037546
v -0.80211291447457744 0.59977900106381221 -0.061156298244930553
v -0.84764673583266481 0.5238751412679048 -0.11793990602117142
v -0.8334775241502651 0.54985488080000944 -0.099170721247961086
v -0.82950757474461623 0.54740011762675589 -0.13831234032771619
v -0.73651100664759461 0.66220165118272201 -0.16093692985347008
v -0.71924686633435064 0.68522071169269783 -0.14148052973403774
v -0.76846705044392283 0.61371330622181741 -0.19918456253902914
v -0.75295157164361526 0.63831895286441032 -0.18020265607160066
v -0.7626346035834114 0.6441508812172434 -0.10157877091373128
v -0.75840543288628848 0.64172368295502402 -0.14096829843832928
v -0.77928844666885444 0.62044875644257724 -0.12088410710678751
v -0.81023444466490291 0.57021857133098008 -0.15884259642890938
v -0.79523699424513727 0.59571988713274737 -0.1399143166760129
v -0.78984872375670367 0.59236744956895426 -0.17916439431276887
v -0.80972195207947761 0.53514823040917758 0.25461099519144564
v -0.82151639673075316 0.50772570356536317 0.27237000163385783
v -0.78325914777328987 0.58805808827271566 0.21806622871412157
v -0.79694294930392584 0.56197795708118925 0.2364799534892866
v -0.83716226006406491 0.51739537888868548 0.19575841165445987
v -0.81760498351883037 0.5400257641327848 0.2162273913851594
v -0.82418820483436117 0.54409617376570363 0.17757581596715322
v -0.71924686633435064 0.68522071169269783 0.14148052968364561
v -0.73651100664759461 0.66220165118272201 0.16093692980307794
v -0.77928844666885444 0.62044875644257724 0.12088410705639538
v -0.75840543288628848 0.64172368295502402 0.14096829838793715
v -0.7626346035834114 0.6441508812172434 0.10157877086333915
v -0.75295157164361526 0.63831895286441032 0.18020265602120852
v -0.76846705044392283 0.61371330622181741 0.199184562488637
v -0.85290518375699709 0.52712504081321365 0.039394261547634972
v -0.83613855619802835 0.55150281447802019 0.059807718184525759
v -0.83747942499784322 0.5523325306934459 0.020420325656354502
v -0.82950757474461623 0.54740011762675589 0.13831234027732406
v -0.8334775241502651 0.54985488080000944 0.099170721197568951
v -0.84764673583266481 0.5238751412679048 0.11793990597077929
v -0.80211291447457744 0.59977900106381221 0.061156298194538418
v -0.81826908657423914 0.57520581336449361 0.080212291208645412
v -0.79939978732786776 0.59809444990185701 0.10051408860930332
v -0.78984872375670367 0.59236744956895426 0.17916439426237674
v -0.79523699424513727 0.59571988713274737 0.13991431662562076
v -0.81023444466490291 0.57021857133098008 0.15884259637851725
v -0.72269184159259825 0.68870611516673141 -0.10129464603041498
v -0.76495757158230326 0.64649807412647142 -0.061157953016187344
v -0.7443360124830749 0.66799544564749247 -0.081278309041660238
v -0.72499759519031182 0.69103785848455657 -0.060871830439311665
v -0.72615122545300914 0.6922048638586823 -0.020421508909865892
v -0.82100142413385524 0.57690267505678972 -2.5196067753406744e-11
v -0.78481781974349196 0.6239078976969773 0.04074346261558863
v -0.80341107289821134 0.60081088976308517 0.020420384504323999
v -0.80341107289821134 0.60081088976308517 -0.020420384554716134
v -0.78481781974349196 0.6239078976969773 -0.040743462665980765
v -0.72269184159259825 0.68870611516673141 0.10129464598002284
v -0.72615122545300914 0.6922048638586823 0.020421508859473757
v -0.72499759519031182 0.69103785848455657 0.06087183038891953
v -0.7443360124830749 0.66799544564749247 0.081278308991268103
v -0.76495757158230326 0.64649807412647142 0.061157952965795209
v -0.7662556967793156 0.6475301591174476 -0.020421569329605555
v -0.7662556967793156 0.6475301591174476 0.02042156927921342
v -0.74665920440830569 0.67034335172909609 -2.5196067753406744e-11
v -0.87130052545071868 2.6246242773267185e-07 -0.49768972633105224
v -0.87611714694703169 0.033018913416383099 -0.48804526106686574
v -0.90782781036709492 0.033048635010492981 -0.42616439968382613
v -0.89252588367517349 0.033041277103846287 -0.45734612841842021
v -0.90362643453420899 2.6246242773267185e-07 -0.43625553958210006
v -0.87991672195911397 0.066052491046134226 -0.47774818064464863
v -0.88266423555990203 0.098927729134174303 -0.46687991900031456
v -0.95811378902685818 0.033161513513315678 -0.29627328551713011
v -0.94727961385578596 0.033154823006700376 -0.32927447944724636
v -0.95516917938376478 2.6246242773267185e-07 -0.30742707010952508
v -0.92683662715363058 0.099220960690564478 -0.37146832926709983
v -0.93782008306449649 0.066281557367668484 -0.35065633899685728
v -0.93921710587579765 0.099268382040074973 -0.33893458521377129
v -0.93162732593817921 2.6246242773267185e-07 -0.37273330898396789
v -0.93528219796905465 0.033134460898109341 -0.36195155001155954
v -0.92218734897369015 0.033127602567165439 -0.394122669447103
v -0.88469387710236125 0.19700640903811933 -0.43054032872524073
v -0.88326432443003222 0.22911995586753778 -0.41738226327452616
v -0.88441939093003208 0.13200540041114253 -0.45523250924742192
v -0.88507535283787853 0.16457768791943089 -0.44318793190170486
v -0.91421308749527008 0.16472975201562304 -0.37939193680879185
v -0.90021168108604721 0.1647416320098174 -0.411508011660557
v -0.91422683893890777 0.13223381482764668 -0.39187139518945924
v -0.91108679338771015 0.066169053011865306 -0.41521339786464567
v -0.91322769950289095 0.099289388136300658 -0.40375296334025884
v -0.89847697154108774 0.099181995198403927 -0.43561651820456182
v -1.0026502867754776 0.033511022913788172 -0.02071078897299258
v -1.0013318092413688 0.033507111779834162 -0.055420266276006748
v -1.0028233764102883 2.6246242773267185e-07 -0.034709954287551477
v -0.99370404569822979 0.1002979407525775 -0.096706576182104362
v -0.99828689662330339 0.066994374472919546 -0.076122085170232834
v -0.99646861049573654 0.10032593883486776 -0.062004677967686252
v -0.99802357378121287 2.6246242773267185e-07 -0.10396373103872322
v -0.99880544214910061 0.033495089758739417 -0.090140420987988565
v -0.99508492587365627 0.033491001512563165 -0.12467507994566443
v -0.96001132988497273 0.23153983899267186 -0.17784046115729019
v -0.9706830597863042 0.19926073108443207 -0.15788986162078653
v -0.96575055457272652 0.23169202454454838 -0.1431933839053007
v -0.97683554937042738 0.13356159405469761 -0.18658300519529653
v -0.97438321445084597 0.16649372045948932 -0.17238567381975187
v -0.9677105648217833 0.16623872399770642 -0.20678632852436143
v -0.98414337002613494 0.16652231359943848 -0.10291628750421677
v -0.97987010967874466 0.1665941161854744 -0.1376974578884867
v -0.98752639703913414 0.13370146999747845 -0.11736748505743549
v -0.97413931682374766 2.6246242773267185e-07 -0.24064939730575502
v -0.97668274246229503 0.033423883682775983 -0.2276691018821678
v -0.96821293152433174 0.033419090980005776 -0.26135502583906556
v -0.99011072098051078 0.033442643365746476 -0.15944242983084603
v -0.98399552659242318 0.033438025913232063 -0.19363431598116196
v -0.98844694175193371 2.6246242773267185e-07 -0.17271990762348544
v -0.97044911148764423 0.10008543616862797 -0.23467216628104337
v -0.97798607479595034 0.066854099164010264 -0.21432064349341506
v -0.97803696814386454 0.10011837200721263 -0.2006977559039593
v -0.98968753215609795 0.10040428889292334 -0.13151859856834466
v -0.98445583767716704 0.10033852371574849 -0.16624820335934831
v -0.99054935752013251 0.06692636881265307 -0.14557605273049568
v -0.84397356028804726 0.44547635594979734 -0.31003126149264848
v -0.83431636823431699 0.4742149431140027 -0.29308079063204651
v -0.86031258471424876 0.38632957141128826 -0.34274130868498209
v -0.8526527932191551 0.41612769220316759 -0.32662037450247128
v -0.87548325849401465 0.41706970251624553 -0.25776308964734218
v -0.86465101943297662 0.4168576430736019 -0.29234947658058835
v -0.88395615583496068 0.38762164660819587 -0.27428239217445372
v -0.88077315541792822 0.26233939679525098 -0.40283555554790723
v -0.87721824978336493 0.29382530618998015 -0.38860603171044178
v -0.90332648126775905 0.29571296596490954 -0.32158186298555069
v -0.89086287504039607 0.29494559733269771 -0.35528894190654825
v -0.90766997854309117 0.26444334000171638 -0.33625093716957866
v -0.87262416029273826 0.32501204825932151 -0.37383697202756649
v -0.86700789131268374 0.35573003554740662 -0.3586269923446791
v -0.94140356195901298 0.29543327873109293 -0.1825876454781318
v -0.93371985714312 0.29603165193733805 -0.21769757983050839
v -0.94739087455243198 0.26458062000676308 -0.19826078683884074
v -0.90204466966863472 0.35749553767049796 -0.25567982535995565
v -0.9185792332742353 0.32705571381274884 -0.23686817911125166
v -0.91125249949065468 0.35735309013089411 -0.22085619350019209
v -0.92991389389586276 0.26519169314336161 -0.26794262674409591
v -0.9248092921528267 0.29627993399135011 -0.25259796505359339
v -0.91471442624608723 0.29619680581353713 -0.28709709382979587
v -0.87981967227662505 0.3568204483437335 -0.32474044701806853
v -0.89798403447424691 0.32672464356948555 -0.30616252001016508
v -0.89151740871732121 0.35741700873541343 -0.29036119497205798
v -0.96032455579207743 0.066575592553605761 -0.28320316243362392
v -0.96101130887387487 0.13322272627569423 -0.25606365759341032
v -0.96129433481734783 0.099991183634210584 -0.2697676306877409
v -0.95086448431824577 0.099710665814421548 -0.30458847315328158
v -0.93988145671252643 0.1326518539978909 -0.32540126974180045
v -0.95265519166808288 0.23222863690520437 -0.21302027064255374
v -0.93429422975294951 0.23257357577590235 -0.28260137457759826
v -0.94406816008327743 0.23256585475402505 -0.24800833237871028
v -0.95668865178586326 0.19952497852191908 -0.2275879478491902
v -0.95947507448431602 0.16664926840375108 -0.24185791193681352
v -0.89772102168246326 0.23047377266843877 -0.3844978084388429
v -0.92726027012024248 0.1656945494748446 -0.34582277862647032
v -0.91324362416490268 0.19820335638188019 -0.36546030356739717
v -0.91106157729705595 0.23150225017096676 -0.35104593970420511
v -0.92321361524307399 0.2321783728974865 -0.31722161058440168
v -0.94998932186604013 0.16650928376417246 -0.27686568098733721
v -0.93736809793230358 0.19955207700231861 -0.29728725029174674
v -0.93923141084671014 0.16618276998479226 -0.31158837533109551
v -0.87611714694703169 0.033018913416383099 0.48804526101647361
v -0.87130052545071868 2.6246242773267185e-07 0.49768972628066011
v -0.88266423555990203 0.098927729134174303 0.46687991894992242
v -0.87991672195911397 0.066052491046134226 0.4777481805942565
v -0.90362643453420899 2.6246242773267185e-07 0.43625553953170793
v -0.89252588367517349 0.033041277103846287 0.45734612836802807
v -0.90782781036709492 0.033048635010492981 0.426164399633434
v -0.88326432443003222 0.22911995586753778 0.41738226322413402
v -0.88469387710236125 0.19700640903811933 0.43054032867484859
v -0.91422683893890777 0.13223381482764668 0.3918713951390671
v -0.90021168108604721 0.1647416320098174 0.41150801161016487
v -0.91421308749527008 0.16472975201562304 0.37939193675839972
v -0.88507535283787853 0.16457768791943089 0.44318793185131272
v -0.88441939093003208 0.13200540041114253 0.45523250919702979
v -0.95516917938376478 2.6246242773267185e-07 0.30742707005913295
v -0.94727961385578596 0.033154823006700376 0.32927447939685422
v -0.95811378902685818 0.033161513513315678 0.29627328546673798
v -0.92218734897369015 0.033127602567165439 0.39412266939671087
v -0.93528219796905465 0.033134460898109341 0.36195154996116741
v -0.93162732593817921 2.6246242773267185e-07 0.37273330893357576
v -0.93921710587579765 0.099268382040074973 0.33893458516337915
v -0.93782008306449649 0.066281557367668484 0.35065633894646514
v -0.92683662715363058 0.099220960690564478 0.37146832921670769
v -0.89847697154108774 0.099181995198403927 0.43561651815416969
v -0.91322769950289095 0.099289388136300658 0.40375296328986671
v -0.91108679338771015 0.066169053011865306 0.41521339781425354
v -0.83431636823431699 0.4742149431140027 0.29308079058165437
v -0.84397356028804726 0.44547635594979734 0.31003126144225635
v -0.88395615583496068 0.38762164660819587 0.27428239212406158
v -0.86465101943297662 0.4168576430736019 0.29234947653019622
v -0.87548325849401465 0.41706970251624553 0.25776308959695005
v -0.8526527932191551 0.41612769220316759 0.32662037445207914
v -0.86031258471424876 0.38632957141128826 0.34274130863458996
v -0.94739087455243198 0.26458062000676308 0.19826078678844861
v -0.93371985714312 0.29603165193733805 0.21769757978011625
v -0.94140356195901298 0.29543327873109293 0.18258764542773967
v -0.91471442624608723 0.29619680581353713 0.28709709377940373
v -0.9248092921528267 0.29627993399135011 0.25259796500320125
v -0.92991389389586276 0.26519169314336161 0.26794262669370378
v -0.91125249949065468 0.35735309013089411 0.22085619344979995
v -0.9185792332742353 0.32705571381274884 0.23686817906085952
v -0.90204466966863472 0.35749553767049796 0.25567982530956351
v -0.87721824978336493 0.29382530618998015 0.38860603166004964
v -0.88077315541792822 0.26233939679525098 0.4028355554975151
v -0.86700789131268374 0.35573003554740662 0.35862699229428696
v -0.87262416029273826 0.32501204825932151 0.37383697197717436
v -0.90766997854309117 0.26444334000171638 0.33625093711918652
v -0.89086287504039607 0.29494559733269771 0.35528894185615612
v -0.90332648126775905 0.29571296596490954 0.32158186293515856
v -0.89151740871732121 0.35741700873541343 0.29036119492166584
v -0.89798403447424691 0.32672464356948555 0.30616251995977295
v -0.87981967227662505 0.3568204483437335 0.3247404469676764
v -1.0028233764102883 2.6246242773267185e-07 0.034709954237159342
v -1.0013318092413688 0.033507111779834162 0.055420266225614613
v -1.0026502867754776 0.033511022913788172 0.020710788922600445
v -0.99508492587365627 0.033491001512563165 0.12467507989527229
v -0.99880544214910061 0.033495089758739417 0.09014042093759643
v -0.99802357378121287 2.6246242773267185e-07 0.10396373098833109
v -0.99646861049573654 0.10032593883486776 0.062004677917294117
v -0.99828689662330339 0.066994374472919546 0.076122085119840699
v -0.99370404569822979 0.1002979407525775 0.096706576131712227
v -0.96821293152433174 0.033419090980005776 0.26135502578867342
v -0.97668274246229503 0.033423883682775983 0.22766910183177566
v -0.97413931682374766 2.6246242773267185e-07 0.24064939725536288
v -0.97803696814386454 0.10011837200721263 0.20069775585356717
v -0.97798607479595034 0.066854099164010264 0.21432064344302293
v -0.97044911148764423 0.10008543616862797 0.23467216623065124
v -0.98844694175193371 2.6246242773267185e-07 0.1727199075730933
v -0.98399552659242318 0.033438025913232063 0.19363431593076982
v -0.99011072098051078 0.033442643365746476 0.15944242978045389
v -0.96575055457272652 0.23169202454454838 0.14319338385490857
v -0.9706830597863042 0.19926073108443207 0.15788986157039439
v -0.96001132988497273 0.23153983899267186 0.17784046110689805
v -0.98752639703913414 0.13370146999747845 0.11736748500704336
v -0.97987010967874466 0.1665941161854744 0.13769745783809456
v -0.98414337002613494 0.16652231359943848 0.10291628745382464
v -0.9677105648217833 0.16623872399770642 0.2067863284739693
v -0.97438321445084597 0.16649372045948932 0.17238567376935973
v -0.97683554937042738 0.13356159405469761 0.18658300514490439
v -0.99054935752013251 0.06692636881265307 0.14557605268010354
v -0.98445583767716704 0.10033852371574849 0.16624820330895618
v -0.98968753215609795 0.10040428889292334 0.13151859851795253
v -0.89772102168246326 0.23047377266843877 0.38449780838845077
v -0.92321361524307399 0.2321783728974865 0.31722161053400955
v -0.91106157729705595 0.23150225017096676 0.35104593965381298
v -0.91324362416490268 0.19820335638188019 0.36546030351700504
v -0.92726027012024248 0.1656945494748446 0.34582277857607818
v -0.95265519166808288 0.23222863690520437 0.21302027059216161
v -0.95947507448431602 0.16664926840375108 0.24185791188642139
v -0.95668865178586326 0.19952497852191908 0.22758794779879807
v -0.94406816008327743 0.23256585475402505 0.24800833232831815
v -0.93429422975294951 0.23257357577590235 0.28260137452720613
v -0.96032455579207743 0.066575592553605761 0.28320316238323179
v -0.93988145671252643 0.1326518539978909 0.32540126969140831
v -0.95086448431824577 0.099710665814421548 0.30458847310288945
v -0.96129433481734783 0.099991183634210584 0.26976763063734877
v -0.96101130887387487 0.13322272627569423 0.25606365754301819
v -0.93736809793230358 0.19955207700231861 0.29728725024135461
v -0.94998932186604013 0.16650928376417246 0.27686568093694508
v -0.93923141084671014 0.16618276998479226 0.31158837528070338
v -0.84348718896152097 0.47987950078848896 -0.25515678067086223
v -0.88353126406610183 0.4220214958211857 -0.21938604805704645
v -0.86420335931131997 0.45125155006170464 -0.2374542216603254
v -0.85140333904766408 0.48476243816864384 -0.21674335381704232
v -0.85800828804041329 0.48884151455048708 -0.17808900535343364
v -0.94711052121974248 0.29887181996622475 -0.14323766068550567
v -0.9334248995204415 0.33032361862153259 -0.16267768481941591
v -0.91274029708718751 0.39854433750046842 -0.12217769003278676
v -0.92385036634456519 0.36476586842874259 -0.14249967390420951
v -0.927992410126532 0.36753383342948925 -0.10299883272572316
v -0.91825738842194804 0.36136766493158562 -0.18186967800093923
v -0.90170600889963592 0.3918062289323832 -0.20068380488332691
v -0.87004799639791131 0.49624650509802615 -0.060131701465452679
v -0.87140129543201572 0.49708114634043327 -0.020737560099023881
v -0.86338364300838155 0.49213548536499685 -0.13867691434196766
v -0.86736859326286708 0.49459626030459058 -0.099529877787015192
v -0.90269990706219505 0.43375046611248402 -0.062074703107065317
v -0.8857585095345073 0.46449164425206763 -0.080865754890942165
v -0.89993934760815253 0.43205765832485243 -0.1014653186874378
v -0.89042613011060134 0.42598854622481741 -0.18037442828090164
v -0.89590868126332213 0.42933863635910013 -0.14098168021980645
v -0.87762513053509061 0.45950199820347776 -0.15966197587775219
v -1.0011827518605441 0.06702715724379979 -2.5196067753406744e-11
v -0.99359632238161388 0.13386743217743616 0.041297042678416745
v -0.99815811879032457 0.10055343679085391 0.020710867818086981
v -0.99815811879032457 0.10055343679085391 -0.020710867868479116
v -0.99359632238161388 0.13386743217743616 -0.04129704272880888
v -0.95992703818911085 0.26531774292302857 0.12250010056128571
v -0.97058833481188111 0.23302848188983641 0.10254598332876715
v -0.97544931269979196 0.23437000322562221 0.020712371320152884
v -0.97382815137751344 0.23392232853004824 0.061633918988071294
v -0.96635668647268491 0.26709485400146699 0.040924129593461776
v -0.97977023577487454 0.20032493981683991 0.082339800188727968
v -0.98741305540235769 0.16742226811288979 0.062006890516163121
v -0.97058833481188111 0.23302848188983641 -0.10254598337915928
v -0.95992703818911085 0.26531774292302857 -0.12250010061167785
v -0.98741305540235769 0.16742226811288979 -0.062006890566555256
v -0.97977023577487454 0.20032493981683991 -0.082339800239120103
v -0.96635668647268491 0.26709485400146699 -0.040924129643853911
v -0.97382815137751344 0.23392232853004824 -0.061633919038463429
v -0.97544931269979196 0.23437000322562221 -0.020712371370545019
v -0.98910265789844598 0.16765004258441665 0.020712452377953376
v -0.98304015141465928 0.2012254860131526 -2.5196067753406744e-11
v -0.98910265789844598 0.16765004258441665 -0.020712452428345511
v -0.84348718896152097 0.47987950078848896 0.25515678062047009
v -0.85800828804041329 0.48884151455048708 0.1780890053030415
v -0.85140333904766408 0.48476243816864384 0.21674335376665019
v -0.86420335931131997 0.45125155006170464 0.23745422160993326
v -0.88353126406610183 0.4220214958211857 0.21938604800665432
v -0.87140129543201572 0.49708114634043327 0.020737560048631747
v -0.87004799639791131 0.49624650509802615 0.060131701415060544
v -0.89993934760815253 0.43205765832485243 0.10146531863704567
v -0.8857585095345073 0.46449164425206763 0.08086575484055003
v -0.90269990706219505 0.43375046611248402 0.062074703056673182
v -0.86736859326286708 0.49459626030459058 0.099529877736623057
v -0.86338364300838155 0.49213548536499685 0.13867691429157553
v -0.9334248995204415 0.33032361862153259 0.16267768476902378
v -0.94711052121974248 0.29887181996622475 0.14323766063511353
v -0.90170600889963592 0.3918062289323832 0.20068380483293477
v -0.91825738842194804 0.36136766493158562 0.18186967795054709
v -0.927992410126532 0.36753383342948925 0.10299883267533103
v -0.92385036634456519 0.36476586842874259 0.14249967385381737
v -0.91274029708718751 0.39854433750046842 0.12217768998239463
v -0.87762513053509061 0.45950199820347776 0.15966197582736005
v -0.89590868126332213 0.42933863635910013 0.14098168016941431
v -0.89042613011060134 0.42598854622481741 0.1803744282305095
v -0.95195022294782483 0.30021026561898878 -0.10258799014294991
v -0.95681399182340121 0.30155693766519459 -0.020739317864170818
v -0.95519174611377422 0.30110808892596119 -0.06166335734261276
v -0.94237517490636569 0.33466230796619023 -0.082401005175433195
v -0.93126579994681247 0.36844297234920759 -0.062077160671595168
v -0.95195022294782483 0.30021026561898878 0.10258799009255777
v -0.93126579994681247 0.36844297234920759 0.062077160621203033
v -0.94237517490636569 0.33466230796619023 0.08240100512504106
v -0.95519174611377422 0.30110808892596119 0.061663357292220625
v -0.95681399182340121 0.30155693766519459 0.020739317813778683
v -0.88854735821751463 0.46620112046705292 -2.5196067753406744e-11
v -0.91844819661883903 0.40199989351615567 -0.041337842832620417
v -0.90426512422377259 0.43443571596620001 -0.020737647858016503
v -0.90426512422377259 0.43443571596620001 0.020737647807624368
v -0.91844819661883903 0.40199989351615567 0.041337842782228282
v -0.94564893146224638 0.33557093306621788 -2.5196067753406744e-11
v -0.93283127240794128 0.36912800012659686 0.020739407980877679
v -0.93283127240794128 0.36912800012659686 -0.020739408031269814
v 0.54147118447466769 0.84309938238233317 0.053425299480972847
v 0.55110347763736378 0.83829028365845548 0.020401999197962706
v 0.52035393295758614 0.84961674940109355 0.11935248415412379
v 0.5312102892588797 0.84687659370695223 0.086472698629689995
v 0.59623989518555742 0.80475193708469417 0.061108347837856798
v 0.56422150320116771 0.82647454148072386 0.073863536913630415
v 0.58623302708126757 0.80890123008460513 0.094188909346931027
v 0.47103891848596402 0.85010395976840103 0.24961447363883085
v 0.48418615846957302 0.85154020294734556 0.21749679184892223
v 0.55241448121171399 0.81500702710002793 0.19355531623250791
v 0.51875402353722466 0.83393127257006316 0.2057054625919876
v 0.54001175218634689 0.81494585430687971 0.22608056142627403
v 0.49680081506225426 0.85194204079145364 0.18505548625504192
v 0.50883429539539793 0.85129293721455113 0.15247896006512413
v 0.67774903813191978 0.72629888834684497 0.14145016666938887
v 0.64803774450099194 0.75027435366935114 0.15491105509549771
v 0.66699736084018613 0.72899498201100488 0.17476500904200501
v 0.60771209323937514 0.79018309741423221 0.11471100202146596
v 0.62824404208357587 0.77070565890130849 0.13484864112386571
v 0.63852254096444372 0.76736181871218612 0.1015222144383971
v 0.60547312216189497 0.77448850271185921 0.2010765430457466
v 0.61721409817937356 0.77307959990636366 0.16809706061353835
v 0.58542733534879621 0.79460396117766852 0.18094552801778507
v 0.54268049420965747 0.83230906738090682 0.14007629426480539
v 0.56440676729547801 0.81393946021827479 0.1606531800283901
v 0.57569343639619619 0.81190594704099073 0.1274664724181829
v 0.34730296393283644 0.80080649417221339 0.49492546957417533
v 0.36424710644576636 0.81046759735989782 0.46618446519625195
v 0.43656806854225144 0.78365936393406788 0.44960875829658692
v 0.40074885076131461 0.79765779381174162 0.45826201885457951
v 0.42009406786390546 0.77515846851083159 0.47907411797111193
v 0.38081676741684423 0.81915885231210017 0.43682837143197201
v 0.39693108667808757 0.8268227320533702 0.40702772396500148
v 0.57290031530716623 0.71585218441144471 0.40767968555558748
v 0.54010841457677639 0.73446027491037247 0.41918113167234483
v 0.55747341534199024 0.70971268626614914 0.43862640012357373
v 0.5032044918304166 0.7811539810430741 0.37874198583263113
v 0.521990662898975 0.75831672054502197 0.39917828745041339
v 0.53692273164730187 0.76367631874984077 0.36793245012203196
v 0.49029515601785667 0.74473133474290076 0.46026911512229102
v 0.5064233206536024 0.75198626594044538 0.43001611524279598
v 0.47201354739020424 0.76834434852284084 0.44012716577643907
v 0.44268721077370043 0.84379551495227356 0.31448197764363378
v 0.45690897985518569 0.84735521328960695 0.28299310619569462
v 0.41273852521260218 0.83356639679862188 0.37639830112275408
v 0.42794103370037984 0.83918728323119085 0.34567746009207367
v 0.49819277389778088 0.80758569122614776 0.32629911663446159
v 0.46346134586967686 0.82400992472807033 0.33626327820498703
v 0.48357699102003088 0.80320925811223098 0.35758909806534794
v 0.45281894624557556 0.79111426867608237 0.41946984718917857
v 0.4685138609917377 0.797646659610183 0.38873683690848054
v 0.43302978572905626 0.81289445231565638 0.39818279431523901
v 0.80057631682558017 0.529493205503209 0.29253468131486349
v 0.77621635061572947 0.55585660214325605 0.30882621624293044
v 0.78800688413305076 0.52843649251315961 0.32659155103301474
v 0.7497696565768126 0.60875650331405251 0.27225538280559403
v 0.76344936986127243 0.58267889879761758 0.29067572250202661
v 0.77529260098825181 0.58312078650501786 0.25642457235724775
v 0.73683783154528315 0.57940005683117568 0.35808876596939004
v 0.75061211936199679 0.58143040240138621 0.32462614166425263
v 0.72389177439786967 0.60608354794171848 0.33986086843331792
v 0.68582928567043089 0.70587468358076533 0.19555333008929121
v 0.70308863328090443 0.68285858512399966 0.21501748496470363
v 0.7137316374476691 0.6817596849237767 0.18070109792585709
v 0.67917158497772756 0.68232515103063962 0.28287861118924257
v 0.69155284403836426 0.68304162631493714 0.24914007844943276
v 0.66255067773086918 0.70600692033761248 0.26351998368990842
v 0.74629811589475314 0.63395738581569583 0.21908714201894397
v 0.71951505604646915 0.65898462718478634 0.2343060937923889
v 0.73502591739426226 0.63438183428478889 0.25329547145492709
v 0.62121466952853466 0.67031842469331815 0.41427940750986025
v 0.63687933542968223 0.67465255670065072 0.38221792902916069
v 0.60594109632125726 0.69543185872989421 0.3950592302230469
v 0.69580761506322375 0.63003200822032068 0.35464543840593965
v 0.66688491828087682 0.65281554471768033 0.36872523883828656
v 0.6811259325493122 0.62679142874692551 0.38737824458681069
v 0.63587570079295697 0.70252002053010643 0.33013577919611131
v 0.65177687643083571 0.67810442931118053 0.34960436515239407
v 0.66583970358925626 0.68063989240857492 0.3166208627082911
v 0.72292386526013652 0.63373005802808358 0.28745310907173144
v 0.69489998084547466 0.65773234295936622 0.30226503370556035
v 0.70983166608806558 0.63227167227236913 0.32129972375040189
v 0.49221957924024545 0.83114657798054214 0.27161932698940655
v 0.53278070900090269 0.78999203781906435 0.31451412111146426
v 0.51283527262819406 0.81107154251452984 0.29329977553391606
v 0.52679574912451765 0.81353410720216579 0.25982751219775002
v 0.56045818629425037 0.79460956497403623 0.24767747921790487
v 0.58877429754473676 0.72042770361456321 0.37575340297535398
v 0.61817006165582666 0.72690264756009837 0.31038721842003303
v 0.60388760469237801 0.7241239458835228 0.34325815668425297
v 0.57084672846027207 0.7445443304130428 0.35587864838683886
v 0.55224575428367551 0.76764611020088303 0.33556806315139948
v 0.65611775935507843 0.72985193197532328 0.20901579287979255
v 0.59350088177120408 0.77418805608936625 0.23505629262562094
v 0.62528843969197612 0.75266227678805009 0.22220665204440698
v 0.64434633916495021 0.72979323349806569 0.24306701801362421
v 0.63173635562269492 0.72883408482807299 0.27671642748066344
v 0.56670513009308288 0.77085996301981563 0.30246004911265334
v 0.59974792333122884 0.75043839371540622 0.28983882517891668
v 0.58047794473959946 0.7730497897136025 0.2688889454816748
v 0.033011752108348939 0.51809198799144252 0.85869202039399051
v 0.053425923432998006 0.54147082301026617 0.84309911989470943
v 0.11935310810614898 0.52035357149318484 0.84961648691346991
v 0.086473322581715167 0.5312099277944784 0.84687633121932837
v 0.09887600776560064 0.49736414988238459 0.86586002246012328
v 0.073864160865655573 0.5642211417367663 0.82647427899310011
v 0.094189533298956171 0.58623266561686616 0.80890096759698138
v 0.24961509759085607 0.47103855702156272 0.85010369728077728
v 0.21749741580094745 0.48418579700517178 0.8515399404597217
v 0.22887180135300592 0.44887749924134168 0.86774879255380599
v 0.19355594018453307 0.55241411974731258 0.81500676461240407
v 0.20570608654401282 0.51875366207282325 0.83393101008243942
v 0.22608118537829924 0.54001139072194559 0.81494559181925585
v 0.16426701754207901 0.47425578588479272 0.86888377068815548
v 0.18505611020706714 0.49680045359785291 0.85194177830382989
v 0.15247958401714928 0.50883393393099652 0.85129267472692738
v 0.15491167904752284 0.64803738303659053 0.75027409118172739
v 0.17476563299403014 0.66699699937578472 0.72899471952338102
v 0.11471162597349112 0.60771173177497373 0.79018283492660857
v 0.13484926507589085 0.62824368061917446 0.77070539641368463
v 0.20107716699777176 0.60547276069749356 0.77448824022423546
v 0.16809768456556351 0.61721373671497215 0.77307933741873991
v 0.18094615196981026 0.5854269738843948 0.79460369869004466
v 0.14007691821683058 0.54268013274525606 0.83230880489328307
v 0.16065380398041526 0.5644064058310766 0.81393919773065104
v 0.12746709637020806 0.57569307493179478 0.81190568455336698
v 0.49492609352620054 0.34730260246843514 0.80080623168458953
v 0.46618508914827717 0.364246744981365 0.81046733487227396
v 0.47333168122316527 0.32724489806484275 0.82202762435564491
v 0.44960938224861219 0.43656770707785009 0.78365910144644402
v 0.45826264280660473 0.40074848929691326 0.79765753132411776
v 0.47907474192313715 0.42009370639950411 0.77515820602320773
v 0.41490429759228087 0.36038856585839874 0.83954509639983788
v 0.43682899538399728 0.38081640595244293 0.81915858982447642
v 0.40702834791702674 0.39693072521368622 0.82682246956574634
v 0.40768030950761269 0.57289995384276482 0.71585192192382097
v 0.41918175562437004 0.54010805311237486 0.73446001242274883
v 0.43862702407559895 0.55747305387758872 0.70971242377852539
v 0.37874260978465629 0.5032041303660153 0.78115371855545035
v 0.39917891140243855 0.52199030143457359 0.75831645805739822
v 0.36793307407405718 0.53692237018290045 0.76367605626221702
v 0.46026973907431629 0.49029479455345526 0.74473107225527713
v 0.43001673919482114 0.50642295918920099 0.75198600345282163
v 0.44012778972846428 0.47201318592580299 0.76834408603521698
v 0.29238114221605715 0.42135075769403985 0.86246052038720589
v 0.31448260159565894 0.44268684930929908 0.8437952524646497
v 0.28299373014771978 0.45690861839078439 0.8473549508019832
v 0.3763989250747794 0.41273816374820088 0.83356613431099813
v 0.34567808404409889 0.42794067223597854 0.83918702074356699
v 0.35449106625232391 0.39180731210485709 0.85304426537221201
v 0.32629974058648675 0.49819241243337958 0.8075854287385239
v 0.33626390215701218 0.46346098440527556 0.82400966224044658
v 0.3575897220173731 0.48357662955562958 0.80320899562460724
v 0.41947047114120378 0.45281858478117432 0.79111400618845851
v 0.3887374608605057 0.4685134995273364 0.79764639712255914
v 0.39818341826726422 0.43302942426465496 0.81289418982803263
v 0.3088268401949556 0.77621598915132795 0.55585633965563241
v 0.32659217498503995 0.78800652266864946 0.52843623002553586
v 0.27225600675761924 0.74976929511241119 0.60875624082642876
v 0.29067634645405177 0.76344900839687091 0.58267863630999384
v 0.3580893899214152 0.73683747008088163 0.57939979434355182
v 0.32462676561627779 0.75061175789759538 0.58143013991376247
v 0.33986149238534313 0.72389141293346826 0.60608328545409473
v 0.19555395404131637 0.68582892420602948 0.70587442109314158
v 0.21501810891672879 0.70308827181650313 0.6828583226363758
v 0.28287923514126778 0.67917122351332626 0.68232488854301598
v 0.24914070240145797 0.69155248257396285 0.68304136382731362
v 0.26352060764193358 0.66255031626646776 0.70600665784998873
v 0.23430671774441403 0.71951469458206763 0.65898436469716259
v 0.25329609540695225 0.73502555592986085 0.63438157179716526
v 0.41428003146188541 0.62121430806413325 0.6703181622056944
v 0.3822185529811859 0.63687897396528081 0.67465229421302686
v 0.39505985417507211 0.60594073485685584 0.69543159624227047
v 0.35464606235796486 0.69580725359882223 0.63003174573269694
v 0.36872586279031183 0.6668845568164754 0.65281528223005658
v 0.38737886853883591 0.6811255710849109 0.62679116625930176
v 0.33013640314813653 0.63587533932855556 0.70251975804248268
v 0.34960498910441928 0.65177651496643429 0.67810416682355679
v 0.3166214866603162 0.66583934212485474 0.68063962992095106
v 0.28745373302375665 0.72292350379573511 0.63372979554045994
v 0.30226565765758562 0.69489961938107314 0.65773208047174248
v 0.3213003477024271 0.70983130462366417 0.63227140978474539
v 0.27161995094143176 0.49221921777584421 0.83114631549291829
v 0.31451474506348948 0.5327803475365015 0.78999177533144049
v 0.29330039948594128 0.51283491116379276 0.81107128002690621
v 0.25982813614977524 0.52679538766011635 0.81353384471454193
v 0.24767810316993005 0.56045782482984896 0.79460930248641237
v 0.37575402692737914 0.58877393608033524 0.72042744112693935
v 0.31038784237205819 0.61816970019142525 0.72690238507247462
v 0.34325878063627813 0.6038872432279766 0.72412368339589905
v 0.35587927233886407 0.57084636699587077 0.74454406792541905
v 0.33556868710342463 0.55224539281927421 0.76764584771325928
v 0.20901641683181771 0.65611739789067691 0.72985166948769942
v 0.23505691657764613 0.59350052030680278 0.7741877936017425
v 0.22220727599643214 0.62528807822757471 0.75266201430042634
v 0.24306764196564942 0.64434597770054891 0.72979297101044194
v 0.2767170514326886 0.63173599415829351 0.72883382234044913
v 0.30246067306467844 0.56670476862868158 0.77085970053219177
v 0.28983944913094184 0.59974756186682754 0.75043813122778236
v 0.26888956943369996 0.58047758327519805 0.77304952722597864
v 0.85869264434601567 0.033011390643947584 0.51809172550381877
v 0.84309974384673458 0.053425561968596658 0.54147056052264253
v 0.83829064512285689 0.020402261685586506 0.55110285368533862
v 0.84961711086549507 0.11935274664174761 0.52035330900556109
v 0.84687695517135364 0.086472961117313799 0.53120966530685454
v 0.86586064641214844 0.098875646301199285 0.49736388739476078
v 0.80475229854909558 0.061108610325480602 0.59623927123353226
v 0.82647490294512527 0.073863799401254218 0.56422087924914255
v 0.80890159154900654 0.09418917183455483 0.58623240312924241
v 0.85010432123280244 0.24961473612645471 0.47103829453393892
v 0.85154056441174686 0.21749705433654606 0.48418553451754792
v 0.86774941650583115 0.22887143988860456 0.44887723675371788
v 0.81500738856442934 0.19355557872013168 0.55241385725968872
v 0.83393163403446458 0.20570572507961146 0.5187533995851995
v 0.81494621577128112 0.22608082391389789 0.54001112823432174
v 0.86888439464018064 0.16426665607767765 0.47425552339716892
v 0.85194240225585505 0.18505574874266578 0.49680019111022911
v 0.85129329867895254 0.15247922255274793 0.50883367144337277
v 0.72629924981124638 0.14145042915701267 0.67774841417989462
v 0.75027471513375255 0.15491131758312152 0.64803712054896678
v 0.72899534347540629 0.17476527152962884 0.66699673688816097
v 0.79018345887863362 0.11471126450908976 0.60771146928734998
v 0.7707060203657099 0.13484890361148952 0.62824341813155071
v 0.76736218017658753 0.1015224769260209 0.63852191701241856
v 0.77448886417626062 0.20107680553337043 0.60547249820986981
v 0.77307996137076507 0.16809732310116218 0.6172134742273484
v 0.79460432264206993 0.1809457905054089 0.58542671139677105
v 0.83230942884530823 0.14007655675242922 0.54267987025763231
v 0.8139398216826762 0.16065344251601391 0.56440614334345285
v 0.81190630850539214 0.12746673490580671 0.57569281244417103
v 0.80080685563661469 0.49492573206179918 0.34730233998081134
v 0.81046795882429912 0.46618472768387581 0.3642464824937412
v 0.82202824830767007 0.47333131975876391 0.32724463557721895
v 0.78365972539846918 0.44960902078421083 0.43656744459022628
v 0.79765815527614292 0.45826228134220337 0.40074822680928945
v 0.77515882997523289 0.47907438045873579 0.4200934439118803
v 0.83954572035186303 0.41490393612787951 0.36038830337077493
v 0.81915921377650158 0.43682863391959592 0.38081614346481912
v 0.8268230935177715 0.40702798645262539 0.39693046272606242
v 0.71585254587584612 0.40767994804321134 0.57289969135514096
v 0.73446063637477388 0.41918139415996875 0.54010779062475123
v 0.70971304773055055 0.4386266626111977 0.55747279138996497
v 0.7811543425074754 0.37874224832025505 0.50320386787839155
v 0.75831708200942327 0.3991785499380372 0.52199003894694995
v 0.76367668021424218 0.36793271260965582 0.53692210769527671
v 0.74473169620730229 0.46026937760991493 0.49029453206583146
v 0.7519866274048469 0.43001637773041984 0.50642269670157725
v 0.76834470998724225 0.44012742826406298 0.47201292343817919
v 0.86246114433923105 0.2923807807516558 0.42135049520641604
v 0.84379587641667486 0.31448224013125758 0.44268658682167528
v 0.84735557475400836 0.28299336868331842 0.45690835590316059
v 0.83356675826302329 0.37639856361037805 0.41273790126057708
v 0.83918764469559215 0.34567772257969753 0.42794040974835473
v 0.85304488932423717 0.35449070478792255 0.39180704961723328
v 0.80758605269054906 0.32629937912208545 0.49819214994575578
v 0.82401028619247174 0.33626354069261083 0.46346072191765175
v 0.80320961957663239 0.35758936055297175 0.48357636706800577
v 0.79111463014048367 0.41947010967680243 0.45281832229355046
v 0.79764702107458429 0.38873709939610435 0.46851323703971259
v 0.81289481378005779 0.39818305680286287 0.43302916177703116
v 0.52949356696761052 0.29253494380248729 0.80057569287355501
v 0.55585696360765757 0.30882647873055419 0.7762157266637042
v 0.52843685397756102 0.32659181352063854 0.7880062601810256
v 0.60875686477845392 0.27225564529321788 0.74976903262478745
v 0.58267926026201899 0.29067598498965042 0.76344874590924716
v 0.58312114796941938 0.25642483484487155 0.77529197703622665
v 0.57940041829557709 0.35808902845701385 0.73683720759325777
v 0.58143076386578763 0.32462640415187644 0.75061149540997163
v 0.60608390940611989 0.33986113092094178 0.72389115044584451
v 0.70587504504516674 0.19555359257691501 0.68582866171840573
v 0.68285894658840107 0.21501774745232743 0.70308800932887927
v 0.68176004638817811 0.18070136041348089 0.71373101349564394
v 0.68232551249504114 0.28287887367686643 0.67917096102570251
v 0.68304198777933878 0.24914034093705661 0.69155222008633899
v 0.70600728180201389 0.26352024617753228 0.66255005377884402
v 0.63395774728009724 0.21908740450656777 0.74629749194272799
v 0.65898498864918775 0.2343063562800127 0.71951443209444388
v 0.63438219574919041 0.25329573394255089 0.7350252934422371
v 0.67031878615771956 0.41427966999748417 0.6212140455765095
v 0.67465291816505213 0.38221819151678454 0.63687871147765718
v 0.69543222019429551 0.39505949271067081 0.60594047236923221
v 0.6300323696847222 0.35464570089356351 0.69580699111119848
v 0.65281590618208174 0.36872550132591042 0.66688429432885155
v 0.62679179021132692 0.38737850707443455 0.68112530859728704
v 0.70252038199450784 0.33013604168373517 0.63587507684093181
v 0.67810479077558183 0.34960462764001793 0.65177625247881055
v 0.68064025387297622 0.31662112519591484 0.66583907963723099
v 0.6337304194924851 0.2874533715593553 0.72292324130811136
v 0.65773270442376763 0.30226529619318426 0.69489935689344939
v 0.63227203373677054 0.32129998623802575 0.70983104213604042
v 0.83114693944494356 0.27161958947703041 0.49221895528822035
v 0.78999239928346565 0.31451438359908812 0.53278008504887764
v 0.81107190397893125 0.29330003802153998 0.51283464867616901
v 0.81353446866656709 0.25982777468537382 0.5267951251724925
v 0.79460992643843753 0.24767774170552875 0.56045756234222521
v 0.7204280650789644 0.37575366546297784 0.5887736735927116
v 0.72690300902449978 0.31038748090765683 0.61816943770380151
v 0.72412430734792421 0.34325841917187672 0.60388698074035296
v 0.74454469187744421 0.35587891087446272 0.57084610450824702
v 0.76764647166528444 0.33556832563902328 0.55224513033165046
v 0.72985229343972458 0.20901605536741638 0.65611713540305316
v 0.77418841755376766 0.23505655511324475 0.59350025781917892
v 0.7526626382524515 0.22220691453203079 0.62528781573995096
v 0.7297935949624671 0.24306728050124807 0.64434571521292505
v 0.72883444629247429 0.27671668996828724 0.63173573167066976
v 0.77086032448421693 0.30246031160027709 0.56670450614105783
v 0.75043875517980752 0.28983908766654048 0.59974729937920379
v 0.7730501511780038 0.2688892079692986 0.5804773207875743
v 0.36360919848911816 0.77646118056940583 0.52130413743611592
v 0.39469125983170089 0.72414200471466172 0.57157571292448894
v 0.37944243145876227 0.75085105110849459 0.54690745509268079
v 0.40015329930204535 0.76365107137215082 0.51339656698574154
v 0.43598830253531373 0.74966498074035026 0.50475569419518762
v 0.45003088519539514 0.60608470136067172 0.66105610458694686
v 0.43717990473850143 0.63702066335975949 0.64026560255440923
v 0.48068414907842111 0.6655704932342148 0.57690586156338441
v 0.45936023240858359 0.65183732985614373 0.60906316931283155
v 0.49424345433013389 0.63560620191241257 0.59882373940725642
v 0.42366263843344348 0.66704480229771168 0.61840345720734968
v 0.40957203385072516 0.69596252374717626 0.59560771283403535
v 0.53972588809246469 0.70039756648228968 0.47434271607791595
v 0.572530985781877 0.68179392714839826 0.46284677821273834
v 0.47157892439208443 0.73428488963843064 0.49527845640142182
v 0.50600243864736749 0.71793359745679253 0.48517486183434477
v 0.53516758394879171 0.66089870497674941 0.53260710672426181
v 0.5209941514218509 0.6899291866662014 0.50933739348950657
v 0.50139652042377014 0.67837144271324978 0.54339254073900045
v 0.43092564222320978 0.70997623680235833 0.56311499803768938
v 0.46657155522030802 0.69468434410185409 0.55370240141962002
v 0.45163809462635918 0.72277723637786917 0.52960154605902909
v 0.52130476138814119 0.36360883702471675 0.77646091808178197
v 0.57157633687651421 0.39469089836729943 0.72414174222703787
v 0.54690807904470595 0.37944206999436098 0.75085078862087085
v 0.5133971909377667 0.400152937837644 0.76365080888452697
v 0.50475631814721289 0.43598794107091232 0.74966471825272651
v 0.66105672853897202 0.45003052373099378 0.60608443887304797
v 0.6402662265064345 0.43717954327410008 0.63702040087213574
v 0.57690648551540968 0.4806837876140197 0.66557023074659116
v 0.60906379326485671 0.45935987094418212 0.65183706736851998
v 0.59882436335928158 0.49424309286573248 0.63560593942478882
v 0.61840408115937495 0.42366227696904207 0.66704453981008793
v 0.59560833678606051 0.40957167238632375 0.69596226125955252
v 0.47434334002994111 0.53972552662806317 0.70039730399466604
v 0.46284740216476356 0.57253062431747559 0.68179366466077462
v 0.49527908035344703 0.47157856292768302 0.734284627150807
v 0.48517548578636999 0.50600207718296608 0.71793333496916889
v 0.53260773067628697 0.5351672224843903 0.66089844248912566
v 0.50933801744153184 0.52099378995744949 0.68992892417857765
v 0.54339316469102561 0.50139615895936862 0.67837118022562615
v 0.56311562198971465 0.43092528075880832 0.70997597431473458
v 0.55370302537164517 0.46657119375590661 0.69468408161423034
v 0.52960217001105436 0.45163773316195771 0.72277697389024542
v 0.77646154203380724 0.52130439992373978 0.363608574537093
v 0.72414236617906302 0.57157597541211269 0.39469063587967562
v 0.750851412572896 0.54690771758030454 0.37944180750673712
v 0.76365143283655212 0.51339682947336529 0.40015267535002019
v 0.74966534220475167 0.50475595668281148 0.43598767858328852
v 0.60608506282507313 0.66105636707457061 0.45003026124336992
v 0.6370210248241609 0.64026586504203309 0.43717928078647622
v 0.66557085469861632 0.57690612405100827 0.48068352512639589
v 0.65183769132054514 0.6090634318004553 0.45935960845655832
v 0.63560656337681398 0.59882400189488016 0.49424283037810862
v 0.66704516376211309 0.61840371969497354 0.42366201448141821
v 0.69596288521157779 0.59560797532165921 0.40957140989869995
v 0.7003979279466912 0.47434297856553981 0.53972526414043953
v 0.68179428861279978 0.4628470407003622 0.57253036182985173
v 0.73428525110283216 0.49527871888904568 0.47157830044005922
v 0.71793395892119405 0.48517512432196869 0.50600181469534233
v 0.66089906644115082 0.53260736921188556 0.53516695999676644
v 0.68992954813060292 0.50933765597713032 0.52099352746982563
v 0.67837180417765131 0.5433928032266242 0.50139589647174487
v 0.70997659826675985 0.56311526052531324 0.43092501827118451
v 0.6946847055662555 0.55370266390724376 0.46657093126828281
v 0.72277759784227069 0.52960180854665306 0.45163747067433396
v 0.48575061279685799 0.58833824145021052 0.65174084369289687
v 0.55481560862333146 0.55000637312131606 0.62970974864567875
v 0.5207575404636603 0.56960396510926692 0.6412679723444652
v 0.50794096925625176 0.60315818414949596 0.6205303245116448
v 0.52926741674674271 0.61689240780532906 0.58837190583825438
v 0.65174146764492202 0.4857502513324567 0.58833797896258666
v 0.62971037259770379 0.55481524715892994 0.55000611063369231
v 0.64126859629649036 0.52075717899925889 0.56960370262164317
v 0.62053094846366996 0.50794060779185024 0.60315792166187232
v 0.58837252979027954 0.52926705528234119 0.61689214531770542
v 0.58833860291461193 0.65174110618052061 0.48574998884483284
v 0.55000673458571747 0.62971001113330238 0.55481498467130619
v 0.56960432657366833 0.64126823483208895 0.52075691651163503
v 0.60315854561389737 0.62053058699926844 0.50794034530422638
v 0.61689276926973047 0.58837216832587813 0.52926679279471744
v 0.5765224416517355 0.56370442113302899 0.59726122570578422
v 0.59726184965780937 0.57652208018733409 0.56370415864540524
v 0.5637047825974304 0.59726148819340785 0.57652181769971034
v -0.033018027027126279 0.48804552350409747 0.87611777084866482
v 6.2392682909373678e-07 0.49768998876828391 0.8713011493523517
v -0.098926842744917476 0.46688018143754634 0.88266485946153506
v -0.0660516046568774 0.47774844308188025 0.87991734586074688
v 6.2392682909373678e-07 0.43625580201933173 0.90362705843584201
v -0.033040390714589467 0.45734639085565187 0.89252650757680652
v -0.033047748621236162 0.42616466212105786 0.90782843426872795
v -0.22911906947828095 0.41738252571175782 0.88326494833166525
v -0.19700552264886251 0.4305405911624724 0.88469450100399427
v -0.13223292843838985 0.39187165762669096 0.91422746284054091
v -0.16474074562056054 0.41150827409778862 0.90021230498768012
v -0.16472886562636621 0.37939219924602352 0.91421371139690311
v -0.16457680153017407 0.44318819433893653 0.88507597673951155
v -0.1320045140218857 0.45523277168465359 0.8844200148316651
v 6.2392682909373678e-07 0.30742733254675675 0.9551698032853978
v -0.033153936617443543 0.32927474188447797 0.94728023775741887
v -0.033160627124058852 0.29627354795436178 0.9581144129284912
v -0.033126716177908612 0.39412293188433467 0.92218797287532317
v -0.033133574508852522 0.36195181244879127 0.93528282187068779
v 6.2392682909373678e-07 0.37273357142119956 0.93162794983981223
v -0.099267495650818147 0.33893484765100296 0.93921772977743068
v -0.066280670978411657 0.35065660143408894 0.93782070696612951
v -0.099220074301307651 0.3714685917043315 0.9268372510552636
v -0.0991811088091471 0.43561678064179349 0.89847759544272077
v -0.099288501747043831 0.40375322577749051 0.91322832340452398
v -0.066168166622608479 0.4152136603018774 0.91108741728934317
v -0.47421405672474587 0.29308105306927817 0.83431699213595001
v -0.44547546956054057 0.3100315239298802 0.8439741841896804
v -0.38762076021893904 0.27428265461168538 0.8839567797365937
v -0.41685675668434508 0.29234973901782002 0.86465164333460964
v -0.41706881612698871 0.25776335208457385 0.87548388239564767
v -0.41612680581391076 0.32662063693970295 0.85265341712078813
v -0.38632868502203144 0.34274157112221376 0.86031320861588179
v -0.26457973361750625 0.19826104927607241 0.94739149845406501
v -0.29603076554808122 0.21769784226774005 0.93372048104475303
v -0.2954323923418361 0.18258790791536347 0.941404185860646
v -0.29619591942428025 0.28709735626702754 0.91471505014772014
v -0.29627904760209328 0.25259822749082506 0.92480991605445972
v -0.26519080675410478 0.26794288918132758 0.92991451779749579
v -0.35735220374163729 0.22085645593742376 0.9112531233922877
v -0.32705482742349201 0.23686844154848333 0.91857985717586832
v -0.35749465128124114 0.25568008779718732 0.90204529357026775
v -0.29382441980072332 0.38860629414767345 0.87721887368499796
v -0.26233851040599415 0.4028358179851389 0.88077377931956125
v -0.35572914915814979 0.35862725478191076 0.86700851521431677
v -0.32501116187006468 0.37383723446479816 0.87262478419437128
v -0.26444245361245949 0.33625119960681027 0.90767060244472408
v -0.29494471094344088 0.35528920434377992 0.8908634989420291
v -0.29571207957565271 0.32158212542278236 0.90332710516939208
v -0.35741612234615661 0.29036145740928965 0.89151803261895424
v -0.32672375718022872 0.30616278244739675 0.89798465837587993
v -0.35681956195447662 0.32474070945530015 0.87982029617825797
v 6.2392682909373678e-07 0.034710216724783145 1.0028240003119213
v -0.033506225390577335 0.055420528713238416 1.0013324331430018
v -0.033510136524531345 0.020711051410224245 1.0026509106771107
v -0.033490115123306338 0.1246753423828961 0.99508554977528929
v -0.033494203369482591 0.090140683425220219 0.99880606605073363
v 6.2392682909373678e-07 0.10396399347595489 0.99802419768284589
v -0.10032505244561093 0.06200494040491792 0.99646923439736956
v -0.066993488083662733 0.076122347607464502 0.99828752052493641
v -0.10029705436332066 0.09670683861933603 0.99370466959986281
v -0.03341820459074895 0.26135528827629723 0.96821355542596477
v -0.033422997293519149 0.22766936431939944 0.97668336636392805
v 6.2392682909373678e-07 0.24064965974298669 0.97413994072538068
v -0.1001174856179558 0.20069801834119097 0.97803759204549756
v -0.066853212774753437 0.2143209059306467 0.97798669869758337
v -0.10008454977937116 0.23467242871827507 0.97044973538927726
v 6.2392682909373678e-07 0.1727201700607171 0.98844756565356673
v -0.033437139523975236 0.19363457841839363 0.9839961504940562
v -0.033441756976489649 0.1594426922680777 0.99011134488214381
v -0.23169113815529155 0.14319364634253237 0.96575117847435954
v -0.19925984469517524 0.15789012405801819 0.97068368368793723
v -0.23153895260341503 0.17784072359452185 0.96001195378660575
v -0.13370058360822162 0.11736774749466716 0.98752702094076716
v -0.16659322979621757 0.13769772032571836 0.97987073358037768
v -0.16652142721018165 0.10291654994144844 0.98414399392776797
v -0.1662378376084496 0.2067865909615931 0.96771118872341633
v -0.16649283407023249 0.17238593625698354 0.97438383835247899
v -0.13356070766544079 0.18658326763252819 0.9768361732720604
v -0.066925482423396257 0.14557631516772734 0.99054998142176554
v -0.10033763732649166 0.16624846579657998 0.98445646157880007
v -0.10040340250366651 0.13151886100557633 0.98968815605773097
v -0.23047288627918194 0.38449807087607457 0.89772164558409628
v -0.23217748650822967 0.31722187302163335 0.92321423914470702
v -0.23150136378170993 0.35104620214143678 0.91106220119868897
v -0.19820246999262336 0.36546056600462884 0.9132442480665357
v -0.16569366308558778 0.34582304106370199 0.9272608940218755
v -0.23222775051594755 0.21302053307978541 0.9526558155697159
v -0.16664838201449425 0.24185817437404519 0.95947569838594904
v -0.19952409213266226 0.22758821028642187 0.95668927568749629
v -0.23256496836476823 0.24800859481594195 0.94406878398491045
v -0.23257268938664552 0.28260163701482993 0.93429485365458254
v -0.066574706164348921 0.28320342487085565 0.96032517969371045
v -0.13265096760863407 0.32540153217903212 0.93988208061415945
v -0.099709779425164721 0.30458873559051325 0.9508651082198788
v -0.099990297244953744 0.26976789312497251 0.96129495871898085
v -0.13322183988643743 0.25606392003064199 0.961011932775508
v -0.19955119061306179 0.29728751272897841 0.9373687218339366
v -0.16650839737491563 0.27686594342456888 0.94998994576767315
v -0.16618188359553543 0.31158863776832718 0.93923203474834327
v -0.83828939726919871 -0.020401736760731041 0.55110285368533862
v -0.82269184744086288 2.6246242773267185e-07 0.57448921147659793
v -0.78847532618777505 -0.0407152568540608 0.61928077567730766
v -0.80605318502028755 -0.02040178976380062 0.59726189389056106
v -0.8047510506954374 -0.06110808540062513 0.59623927123353226
v -0.80605318502028755 0.020402314688656085 0.59726189389056106
v -0.78847532618777505 0.040715781778916271 0.61928077567730766
v -0.70849931536283117 -0.12110871529496849 0.70015798793904893
v -0.72978282198166777 -0.10126558681556666 0.68119168109323935
v -0.7262980019575882 -0.1414499042321572 0.67774841417989462
v -0.73328131089592663 -0.020402803459931649 0.68464740962490778
v -0.73211462044731279 -0.060851410201271938 0.68349476913258911
v -0.71313654442432761 -0.040457089132592827 0.70474061778751707
v -0.76736093232292935 -0.10152195200116543 0.63852191701241856
v -0.75022671168881672 -0.081236119427717607 0.66137761656723226
v -0.76970838888337012 -0.061109577337891179 0.64083880939208759
v -0.72978282198166777 0.10126611174042213 0.68119168109323935
v -0.70849931536283117 0.12110924021982396 0.70015798793904893
v -0.76970838888337012 0.06111010226274665 0.64083880939208759
v -0.75022671168881672 0.081236644352573079 0.66137761656723226
v -0.71313654442432761 0.040457614057448299 0.70474061778751707
v -0.73211462044731279 0.06085193512612741 0.68349476913258911
v -0.73328131089592663 0.020403328384787114 0.68464740962490778
v -0.7710104990977088 -0.020402857877488405 0.6418616029936085
v -0.75257451944930476 2.6246242773267185e-07 0.66369526901732556
v -0.7710104990977088 0.02040338280234387 0.6418616029936085
v -0.50772481717610629 -0.27236973919662616 0.82151702063238607
v -0.53514734401992092 -0.25461073275421398 0.80972257598111064
v -0.52949231911395234 -0.29253441887763182 0.80057569287355501
v -0.54409528737644686 -0.17757555352992155 0.82418882873599408
v -0.54002487774352792 -0.2162271289479277 0.81760560742046351
v -0.5173944924994287 -0.1957581492172282 0.83716288396569793
v -0.5831199001157612 -0.25642430992001608 0.77529197703622665
v -0.56197707069193248 -0.23647969105205494 0.79694357320555886
v -0.58805720188345889 -0.2180659662768899 0.78325977167492289
v -0.55233164430418913 -0.020420063219122837 0.83748004889947625
v -0.55150192808876342 -0.05980745574729409 0.83613918009966137
v -0.52712415442395688 -0.039393999110403304 0.85290580765863011
v -0.59809356351260023 -0.10051382617207162 0.79940041122950078
v -0.57520492697523673 -0.080212028771413729 0.81826971047587205
v -0.59977811467455544 -0.06115603575730675 0.80211353837621047
v -0.52387425487864803 -0.11793964353354761 0.84764735973429772
v -0.54985399441075256 -0.099170458760337296 0.83347814805189813
v -0.54739923123749923 -0.13831207784009242 0.82950819864624914
v -0.68175879853451993 -0.18070083548862542 0.71373101349564394
v -0.66220076479346524 -0.16093666736584628 0.73651163054922764
v -0.68521982530344117 -0.14148026724641397 0.71924749023598367
v -0.61371241983256053 -0.19918430005140533 0.76846767434555585
v -0.63831806647515354 -0.18020239358397686 0.75295219554524828
v -0.63395649942643906 -0.2190868795817123 0.74629749194272799
v -0.64414999482798663 -0.10157850842610748 0.76263522748504442
v -0.64172279656576725 -0.14096803595070551 0.75840605678792161
v -0.62044787005332047 -0.12088384461916372 0.77928907057048746
v -0.57021768494172342 -0.15884233394128561 0.81023506856653604
v -0.59571900074349049 -0.13991405418838909 0.7952376181467703
v -0.59236656317969738 -0.17916413182514507 0.7898493476583367
v -0.53514734401992092 0.25461125767906945 0.80972257598111064
v -0.50772481717610629 0.27237026412148163 0.82151702063238607
v -0.58805720188345889 0.21806649120174537 0.78325977167492289
v -0.56197707069193248 0.23648021597691041 0.79694357320555886
v -0.5173944924994287 0.19575867414208367 0.83716288396569793
v -0.54002487774352792 0.21622765387278317 0.81760560742046351
v -0.54409528737644686 0.17757607845477702 0.82418882873599408
v -0.68521982530344117 0.14148079217126944 0.71924749023598367
v -0.66220076479346524 0.16093719229070175 0.73651163054922764
v -0.62044787005332047 0.1208843695440192 0.77928907057048746
v -0.64172279656576725 0.14096856087556098 0.75840605678792161
v -0.64414999482798663 0.10157903335096295 0.76263522748504442
v -0.63831806647515354 0.18020291850883233 0.75295219554524828
v -0.61371241983256053 0.1991848249762608 0.76846767434555585
v -0.52712415442395688 0.039394524035258775 0.85290580765863011
v -0.55150192808876342 0.059807980672149562 0.83613918009966137
v -0.55233164430418913 0.020420588143978301 0.83748004889947625
v -0.54739923123749923 0.13831260276494789 0.82950819864624914
v -0.54985399441075256 0.099170983685192768 0.83347814805189813
v -0.52387425487864803 0.11794016845840308 0.84764735973429772
v -0.59977811467455544 0.061156560682162221 0.80211353837621047
v -0.57520492697523673 0.080212553696269201 0.81826971047587205
v -0.59809356351260023 0.10051435109692709 0.79940041122950078
v -0.59236656317969738 0.17916465675000054 0.7898493476583367
v -0.59571900074349049 0.13991457911324456 0.7952376181467703
v -0.57021768494172342 0.15884285886614108 0.81023506856653604
v -0.68870522877747464 -0.10129438354279117 0.72269246549423127
v -0.64649718773721454 -0.061157690528563534 0.76495819548393618
v -0.6679945592582357 -0.081278046554036434 0.74433663638470793
v -0.6910369720952998 -0.060871567951687862 0.72499821909194484
v -0.69220397746942552 -0.020421246422242093 0.72615184935464216
v -0.57690178866753294 2.6246242773267185e-07 0.82100204803548826
v -0.62390701130772053 0.040743725103212433 0.78481844364512499
v -0.60081000337382839 0.020420646991947799 0.80341169679984437
v -0.60081000337382839 -0.020420122067092334 0.80341169679984437
v -0.62390701130772053 -0.040743200178356961 0.78481844364512499
v -0.68870522877747464 0.10129490846764665 0.72269246549423127
v -0.69220397746942552 0.020421771347097557 0.72615184935464216
v -0.6910369720952998 0.060872092876543334 0.72499821909194484
v -0.6679945592582357 0.081278571478891906 0.74433663638470793
v -0.64649718773721454 0.061158215453419006 0.76495819548393618
v -0.64752927272819083 -0.020421306841981755 0.76625632068094862
v -0.64752927272819083 0.02042183176683722 0.76625632068094862
v -0.67034246533983932 2.6246242773267185e-07 0.74665982830993871
v 6.2392682909373678e-07 -0.49768946384342844 0.8713011493523517
v -0.033018027027126279 -0.488044998579242 0.87611777084866482
v -0.033010504254690758 -0.51809146306658715 0.85869202039399051
v -0.033047748621236162 -0.42616413719620239 0.90782843426872795
v -0.033040390714589467 -0.4573458659307964 0.89252650757680652
v 6.2392682909373678e-07 -0.43625527709447626 0.90362705843584201
v -0.098874759911942459 -0.49736362495752912 0.86586002246012328
v -0.0660516046568774 -0.47774791815702478 0.87991734586074688
v -0.098926842744917476 -0.46687965651269087 0.88266485946153506
v -0.033160627124058852 -0.29627302302950631 0.9581144129284912
v -0.033153936617443543 -0.3292742169596225 0.94728023775741887
v 6.2392682909373678e-07 -0.30742680762190128 0.9551698032853978
v -0.099220074301307651 -0.37146806677947602 0.9268372510552636
v -0.066280670978411657 -0.35065607650923347 0.93782070696612951
v -0.099267495650818147 -0.33893432272614749 0.93921772977743068
v 6.2392682909373678e-07 -0.37273304649634409 0.93162794983981223
v -0.033133574508852522 -0.36195128752393579 0.93528282187068779
v -0.033126716177908612 -0.3941224069594792 0.92218797287532317
v -0.22887055349934773 -0.44887697431648621 0.86774879255380599
v -0.19700552264886251 -0.43054006623761693 0.88469450100399427
v -0.22911906947828095 -0.41738200078690235 0.88326494833166525
v -0.1320045140218857 -0.45523224675979812 0.8844200148316651
v -0.16457680153017407 -0.44318766941408105 0.88507597673951155
v -0.16426576968842083 -0.47425526095993725 0.86888377068815548
v -0.16472886562636621 -0.37939167432116805 0.91421371139690311
v -0.16474074562056054 -0.41150774917293315 0.90021230498768012
v -0.13223292843838985 -0.39187113270183549 0.91422746284054091
v -0.066168166622608479 -0.41521313537702192 0.91108741728934317
v -0.099288501747043831 -0.40375270085263504 0.91322832340452398
v -0.0991811088091471 -0.43561625571693802 0.89847759544272077
v -0.033510136524531345 -0.02071052648536878 1.0026509106771107
v -0.033506225390577335 -0.055420003788382945 1.0013324331430018
v 6.2392682909373678e-07 -0.034709691799927674 1.0028240003119213
v -0.10029705436332066 -0.096706313694480558 0.99370466959986281
v -0.066993488083662733 -0.076121822682609031 0.99828752052493641
v -0.10032505244561093 -0.062004415480062448 0.99646923439736956
v 6.2392682909373678e-07 -0.10396346855109942 0.99802419768284589
v -0.033494203369482591 -0.090140158500364748 0.99880606605073363
v -0.033490115123306338 -0.12467481745804063 0.99508554977528929
v -0.23153895260341503 -0.17784019866966638 0.96001195378660575
v -0.19925984469517524 -0.15788959913316272 0.97068368368793723
v -0.23169113815529155 -0.1431931214176769 0.96575117847435954
v -0.13356070766544079 -0.18658274270767272 0.9768361732720604
v -0.16649283407023249 -0.17238541133212806 0.97438383835247899
v -0.1662378376084496 -0.20678606603673763 0.96771118872341633
v -0.16652142721018165 -0.10291602501659297 0.98414399392776797
v -0.16659322979621757 -0.13769719540086289 0.97987073358037768
v -0.13370058360822162 -0.11736722256981169 0.98752702094076716
v 6.2392682909373678e-07 -0.24064913481813122 0.97413994072538068
v -0.033422997293519149 -0.22766883939454396 0.97668336636392805
v -0.03341820459074895 -0.26135476335144175 0.96821355542596477
v -0.033441756976489649 -0.15944216734322222 0.99011134488214381
v -0.033437139523975236 -0.19363405349353816 0.9839961504940562
v 6.2392682909373678e-07 -0.17271964513586163 0.98844756565356673
v -0.10008454977937116 -0.2346719037934196 0.97044973538927726
v -0.066853212774753437 -0.21432038100579123 0.97798669869758337
v -0.1001174856179558 -0.2006974934163355 0.97803759204549756
v -0.10040340250366651 -0.13151833608072086 0.98968815605773097
v -0.10033763732649166 -0.16624794087172451 0.98445646157880007
v -0.066925482423396257 -0.14557579024287187 0.99054998142176554
v -0.47333043336950709 -0.32724437313998728 0.82202762435564491
v -0.44547546956054057 -0.31003099900502473 0.8439741841896804
v -0.47421405672474587 -0.2930805281444227 0.83431699213595001
v -0.38632868502203144 -0.34274104619735829 0.86031320861588179
v -0.41612680581391076 -0.32662011201484747 0.85265341712078813
v -0.41490304973862269 -0.36038804093354326 0.83954509639983788
v -0.41706881612698871 -0.25776282715971838 0.87548388239564767
v -0.41685675668434508 -0.29234921409296455 0.86465164333460964
v -0.38762076021893904 -0.27428212968682991 0.8839567797365937
v -0.26233851040599415 -0.40283529306028343 0.88077377931956125
v -0.29382441980072332 -0.38860576922281798 0.87721887368499796
v -0.29237989436239897 -0.42135023276918437 0.86246052038720589
v -0.29571207957565271 -0.32158160049792689 0.90332710516939208
v -0.29494471094344088 -0.35528867941892445 0.8908634989420291
v -0.26444245361245949 -0.3362506746819548 0.90767060244472408
v -0.35448981839866572 -0.39180678718000161 0.85304426537221201
v -0.32501116187006468 -0.37383670953994269 0.87262478419437128
v -0.35572914915814979 -0.35862672985705529 0.86700851521431677
v -0.2954323923418361 -0.182587382990508 0.941404185860646
v -0.29603076554808122 -0.21769731734288458 0.93372048104475303
v -0.26457973361750625 -0.19826052435121694 0.94739149845406501
v -0.35749465128124114 -0.25567956287233184 0.90204529357026775
v -0.32705482742349201 -0.23686791662362786 0.91857985717586832
v -0.35735220374163729 -0.22085593101256829 0.9112531233922877
v -0.26519080675410478 -0.26794236425647211 0.92991451779749579
v -0.29627904760209328 -0.25259770256596958 0.92480991605445972
v -0.29619591942428025 -0.28709683134217207 0.91471505014772014
v -0.35681956195447662 -0.32474018453044468 0.87982029617825797
v -0.32672375718022872 -0.30616225752254128 0.89798465837587993
v -0.35741612234615661 -0.29036093248443418 0.89151803261895424
v -0.066574706164348921 -0.28320289994600018 0.96032517969371045
v -0.13322183988643743 -0.25606339510578652 0.961011932775508
v -0.099990297244953744 -0.26976736820011704 0.96129495871898085
v -0.099709779425164721 -0.30458821066565778 0.9508651082198788
v -0.13265096760863407 -0.32540100725417664 0.93988208061415945
v -0.23222775051594755 -0.21302000815492994 0.9526558155697159
v -0.23257268938664552 -0.28260111208997446 0.93429485365458254
v -0.23256496836476823 -0.24800806989108648 0.94406878398491045
v -0.19952409213266226 -0.2275876853615664 0.95668927568749629
v -0.16664838201449425 -0.24185764944918972 0.95947569838594904
v -0.23047288627918194 -0.3844975459512191 0.89772164558409628
v -0.16569366308558778 -0.34582251613884651 0.9272608940218755
v -0.19820246999262336 -0.36546004107977337 0.9132442480665357
v -0.23150136378170993 -0.35104567721658131 0.91106220119868897
v -0.23217748650822967 -0.31722134809677788 0.92321423914470702
v -0.16650839737491563 -0.27686541849971341 0.94998994576767315
v -0.19955119061306179 -0.29728698780412294 0.9373687218339366
v -0.16618188359553543 -0.31158811284347171 0.93923203474834327
v -0.47987861439923213 0.25515704310809389 0.843487812863154
v -0.48884062816123025 0.17808926779066528 0.85800891194204632
v -0.48476155177938701 0.21674361625427399 0.85140396294929699
v -0.45125066367244782 0.23745448409755707 0.86420398321295311
v -0.42202060943192882 0.21938631049427812 0.88353188796773485
v -0.49708025995117644 0.020737822536255546 0.87140191933364874
v -0.49624561870876932 0.060131963902684347 0.87004862029954433
v -0.43205677193559561 0.10146558112466947 0.89993997150978555
v -0.4644907578628108 0.080866017328173834 0.88575913343614032
v -0.4337495797232272 0.062074965544296985 0.90270053096382807
v -0.49459537391533376 0.09953014022424686 0.86736921716450011
v -0.49213459897574002 0.13867717677919933 0.86338426691001458
v -0.33032273223227576 0.16267794725664758 0.93342552342207452
v -0.29887093357696792 0.14323792312273734 0.94711114512137551
v -0.39180534254312638 0.20068406732055857 0.90170663280126895
v -0.36136677854232879 0.1818699404381709 0.91825801232358106
v -0.36753294704023243 0.10299909516295483 0.92799303402816502
v -0.36476498203948571 0.14249993634144117 0.9238509902461981
v -0.39854345111121159 0.12217795247001843 0.91274092098882054
v -0.45950111181422093 0.15966223831498383 0.87762575443672353
v -0.42933774996984331 0.14098194265703812 0.89590930516495515
v -0.42598765983556064 0.18037469071813328 0.89042675401223448
v -0.47987861439923213 -0.25515651818323842 0.843487812863154
v -0.42202060943192882 -0.21938578556942265 0.88353188796773485
v -0.45125066367244782 -0.2374539591727016 0.86420398321295311
v -0.48476155177938701 -0.21674309132941852 0.85140396294929699
v -0.48884062816123025 -0.17808874286580981 0.85800891194204632
v -0.29887093357696792 -0.14323739819788187 0.94711114512137551
v -0.33032273223227576 -0.16267742233179211 0.93342552342207452
v -0.39854345111121159 -0.12217742754516296 0.91274092098882054
v -0.36476498203948571 -0.1424994114165857 0.9238509902461981
v -0.36753294704023243 -0.10299857023809936 0.92799303402816502
v -0.36136677854232879 -0.18186941551331542 0.91825801232358106
v -0.39180534254312638 -0.2006835423957031 0.90170663280126895
v -0.49624561870876932 -0.060131438977828876 0.87004862029954433
v -0.49708025995117644 -0.020737297611400082 0.87140191933364874
v -0.49213459897574002 -0.13867665185434386 0.86338426691001458
v -0.49459537391533376 -0.099529615299391389 0.86736921716450011
v -0.4337495797232272 -0.062074440619441514 0.90270053096382807
v -0.4644907578628108 -0.080865492403318362 0.88575913343614032
v -0.43205677193559561 -0.101465056199814 0.89993997150978555
v -0.42598765983556064 -0.18037416579327781 0.89042675401223448
v -0.42933774996984331 -0.14098141773218265 0.89590930516495515
v -0.45950111181422093 -0.15966171339012836 0.87762575443672353
v -0.067026270854542963 2.6246242773267185e-07 1.0011833757621771
v -0.13386654578817933 0.041297305166040549 0.99359694628324691
v -0.10055255040159708 0.020711130305710781 0.99815874269195759
v -0.10055255040159708 -0.020710605380855316 0.99815874269195759
v -0.13386654578817933 -0.041296780241185077 0.99359694628324691
v -0.26531685653377174 0.12250036304890952 0.95992766209074387
v -0.23302759550057958 0.10254624581639095 0.97058895871351414
v -0.23436911683636538 0.020712633807776683 0.97544993660142498
v -0.23392144214079139 0.061634181475695091 0.97382877527914635
v -0.26709396761221016 0.04092439208108558 0.96635731037431793
v -0.20032405342758308 0.082340062676351772 0.97977085967650757
v -0.16742138172363297 0.062007153003786925 0.98741367930399071
v -0.23302759550057958 -0.10254572089153548 0.97058895871351414
v -0.26531685653377174 -0.12249983812405404 0.95992766209074387
v -0.16742138172363297 -0.062006628078931453 0.98741367930399071
v -0.20032405342758308 -0.0823395377514963 0.97977085967650757
v -0.26709396761221016 -0.040923867156230108 0.96635731037431793
v -0.23392144214079139 -0.061633656550839619 0.97382877527914635
v -0.23436911683636538 -0.020712108882921219 0.97544993660142498
v -0.16764915619515985 0.020712714865577183 0.98910328180007911
v -0.20122459962389577 2.6246242773267185e-07 0.9830407753162923
v -0.16764915619515985 -0.020712189940721718 0.98910328180007911
v -0.46620023407779609 2.6246242773267185e-07 0.88854798211914765
v -0.40199900712689884 -0.041337580344996613 0.91844882052047205
v -0.43443482957694318 -0.020737385370392703 0.90426574812540561
v -0.43443482957694318 0.020737910295248168 0.90426574812540561
v -0.40199900712689884 0.041338105269852085 0.91844882052047205
v -0.30020937922973195 -0.1025877276553261 0.95195084684945785
v -0.30155605127593776 -0.020739055376547019 0.95681461572503423
v -0.30110720253670437 -0.061663094854988956 0.95519237001540724
v -0.3346614215769334 -0.082400742687809392 0.94237579880799871
v -0.36844208595995076 -0.062076898183971364 0.93126642384844549
v -0.30020937922973195 0.10258825258018157 0.95195084684945785
v -0.36844208595995076 0.062077423108826836 0.93126642384844549
v -0.3346614215769334 0.082401267612664864 0.94237579880799871
v -0.30110720253670437 0.061663619779844428 0.95519237001540724
v -0.30155605127593776 0.020739580301402483 0.95681461572503423
v -0.36912711373734003 -0.020739145543646014 0.9328318963095743
v -0.33557004667696105 2.6246242773267185e-07 0.9456495553638794
v -0.36912711373734003 0.020739670468501479 0.9328318963095743
v -0.87611714694703169 -0.033018388491527627 0.48804526101647361
v -0.85869139649235748 -0.033010865719092113 0.51809172550381877
v -0.90782781036709492 -0.03304811008563751 0.426164399633434
v -0.89252588367517349 -0.033040752178990815 0.45734612836802807
v -0.86585939855849026 -0.098875121376343814 0.49736388739476078
v -0.87991672195911397 -0.066051966121278755 0.4777481805942565
v -0.88266423555990203 -0.098927204209318831 0.46687991894992242
v -0.95811378902685818 -0.033160988588460207 0.29627328546673798
v -0.94727961385578596 -0.033154298081844905 0.32927447939685422
v -0.92683662715363058 -0.099220435765709006 0.37146832921670769
v -0.93782008306449649 -0.066281032442813012 0.35065633894646514
v -0.93921710587579765 -0.099267857115219502 0.33893458516337915
v -0.93528219796905465 -0.03313393597325387 0.36195154996116741
v -0.92218734897369015 -0.033127077642309967 0.39412266939671087
v -0.86774816865217297 -0.22887091496374909 0.44887723675371788
v -0.88469387710236125 -0.19700588411326386 0.43054032867484859
v -0.88326432443003222 -0.22911943094268231 0.41738226322413402
v -0.88441939093003208 -0.13200487548628706 0.45523250919702979
v -0.88507535283787853 -0.16457716299457542 0.44318793185131272
v -0.86888314678652245 -0.16426613115282218 0.47425552339716892
v -0.91421308749527008 -0.16472922709076757 0.37939193675839972
v -0.90021168108604721 -0.16474110708496192 0.41150801161016487
v -0.91422683893890777 -0.13223328990279121 0.3918713951390671
v -0.91108679338771015 -0.066168528087009834 0.41521339781425354
v -0.91322769950289095 -0.099288863211445186 0.40375296328986671
v -0.89847697154108774 -0.099181470273548455 0.43561651815416969
v -1.0026502867754776 -0.0335104979889327 0.020710788922600445
v -1.0013318092413688 -0.03350658685497869 0.055420266225614613
v -0.99370404569822979 -0.10029741582772203 0.096706576131712227
v -0.99828689662330339 -0.066993849548064074 0.076122085119840699
v -0.99646861049573654 -0.10032541391001229 0.062004677917294117
v -0.99880544214910061 -0.033494564833883946 0.09014042093759643
v -0.99508492587365627 -0.033490476587707693 0.12467507989527229
v -0.96001132988497273 -0.23153931406781639 0.17784046110689805
v -0.9706830597863042 -0.1992602061595766 0.15788986157039439
v -0.96575055457272652 -0.2316914996196929 0.14319338385490857
v -0.97683554937042738 -0.13356106912984214 0.18658300514490439
v -0.97438321445084597 -0.16649319553463385 0.17238567376935973
v -0.9677105648217833 -0.16623819907285095 0.2067863284739693
v -0.98414337002613494 -0.166521788674583 0.10291628745382464
v -0.97987010967874466 -0.16659359126061893 0.13769745783809456
v -0.98752639703913414 -0.13370094507262298 0.11736748500704336
v -0.97668274246229503 -0.033423358757920511 0.22766910183177566
v -0.96821293152433174 -0.033418566055150305 0.26135502578867342
v -0.99011072098051078 -0.033442118440891004 0.15944242978045389
v -0.98399552659242318 -0.033437500988376591 0.19363431593076982
v -0.97044911148764423 -0.1000849112437725 0.23467216623065124
v -0.97798607479595034 -0.066853574239154792 0.21432064344302293
v -0.97803696814386454 -0.10011784708235716 0.20069775585356717
v -0.98968753215609795 -0.10040376396806787 0.13151859851795253
v -0.98445583767716704 -0.10033799879089302 0.16624820330895618
v -0.99054935752013251 -0.066925843887797598 0.14557605268010354
v -0.82202700045401189 -0.47333079483390844 0.32724463557721895
v -0.84397356028804726 -0.44547583102494187 0.31003126144225635
v -0.83431636823431699 -0.47421441818914722 0.29308079058165437
v -0.86031258471424876 -0.38632904648643279 0.34274130863458996
v -0.8526527932191551 -0.41612716727831212 0.32662037445207914
v -0.83954447249820485 -0.41490341120302404 0.36038830337077493
v -0.87548325849401465 -0.41706917759139006 0.25776308959695005
v -0.86465101943297662 -0.41685711814874643 0.29234947653019622
v -0.88395615583496068 -0.3876211216833404 0.27428239212406158
v -0.88077315541792822 -0.26233887187039551 0.4028355554975151
v -0.87721824978336493 -0.29382478126512468 0.38860603166004964
v -0.86245989648557286 -0.29238025582680033 0.42135049520641604
v -0.90332648126775905 -0.29571244104005406 0.32158186293515856
v -0.89086287504039607 -0.29494507240784223 0.35528894185615612
v -0.90766997854309117 -0.2644428150768609 0.33625093711918652
v -0.85304364147057898 -0.35449017986306708 0.39180704961723328
v -0.87262416029273826 -0.32501152333446603 0.37383697197717436
v -0.86700789131268374 -0.35572951062255115 0.35862699229428696
v -0.94140356195901298 -0.29543275380623746 0.18258764542773967
v -0.93371985714312 -0.29603112701248258 0.21769757978011625
v -0.94739087455243198 -0.26458009508190761 0.19826078678844861
v -0.90204466966863472 -0.35749501274564249 0.25567982530956351
v -0.9185792332742353 -0.32705518888789337 0.23686817906085952
v -0.91125249949065468 -0.35735256520603864 0.22085619344979995
v -0.92991389389586276 -0.26519116821850613 0.26794262669370378
v -0.9248092921528267 -0.29627940906649464 0.25259796500320125
v -0.91471442624608723 -0.29619628088868166 0.28709709377940373
v -0.87981967227662505 -0.35681992341887803 0.3247404469676764
v -0.89798403447424691 -0.32672411864463008 0.30616251995977295
v -0.89151740871732121 -0.35741648381055796 0.29036119492166584
v -0.96032455579207743 -0.06657506762875029 0.28320316238323179
v -0.96101130887387487 -0.13322220135083876 0.25606365754301819
v -0.96129433481734783 -0.099990658709355112 0.26976763063734877
v -0.95086448431824577 -0.099710140889566076 0.30458847310288945
v -0.93988145671252643 -0.13265132907303542 0.32540126969140831
v -0.95265519166808288 -0.2322281119803489 0.21302027059216161
v -0.93429422975294951 -0.23257305085104688 0.28260137452720613
v -0.94406816008327743 -0.23256532982916958 0.24800833232831815
v -0.95668865178586326 -0.19952445359706361 0.22758794779879807
v -0.95947507448431602 -0.16664874347889561 0.24185791188642139
v -0.89772102168246326 -0.2304732477435833 0.38449780838845077
v -0.92726027012024248 -0.16569402454998913 0.34582277857607818
v -0.91324362416490268 -0.19820283145702472 0.36546030351700504
v -0.91106157729705595 -0.23150172524611129 0.35104593965381298
v -0.92321361524307399 -0.23217784797263102 0.31722161053400955
v -0.94998932186604013 -0.16650875883931698 0.27686568093694508
v -0.93736809793230358 -0.19955155207746314 0.29728725024135461
v -0.93923141084671014 -0.16618224505993678 0.31158837528070338
v -0.85869139649235748 -0.033010865719092113 -0.5180917255542109
v -0.87611714694703169 -0.033018388491527627 -0.48804526106686574
v -0.88266423555990203 -0.098927204209318831 -0.46687991900031456
v -0.87991672195911397 -0.066051966121278755 -0.47774818064464863
v -0.86585939855849026 -0.098875121376343814 -0.49736388744515292
v -0.89252588367517349 -0.033040752178990815 -0.45734612841842021
v -0.90782781036709492 -0.03304811008563751 -0.42616439968382613
v -0.88326432443003222 -0.22911943094268231 -0.41738226327452616
v -0.88469387710236125 -0.19700588411326386 -0.43054032872524073
v -0.86774816865217297 -0.22887091496374909 -0.44887723680411001
v -0.91422683893890777 -0.13223328990279121 -0.39187139518945924
v -0.90021168108604721 -0.16474110708496192 -0.411508011660557
v -0.91421308749527008 -0.16472922709076757 -0.37939193680879185
v -0.86888314678652245 -0.16426613115282218 -0.47425552344756106
v -0.88507535283787853 -0.16457716299457542 -0.44318793190170486
v -0.88441939093003208 -0.13200487548628706 -0.45523250924742192
v -0.94727961385578596 -0.033154298081844905 -0.32927447944724636
v -0.95811378902685818 -0.033160988588460207 -0.29627328551713011
v -0.92218734897369015 -0.033127077642309967 -0.394122669447103
v -0.93528219796905465 -0.03313393597325387 -0.36195155001155954
v -0.93921710587579765 -0.099267857115219502 -0.33893458521377129
v -0.93782008306449649 -0.066281032442813012 -0.35065633899685728
v -0.92683662715363058 -0.099220435765709006 -0.37146832926709983
v -0.89847697154108774 -0.099181470273548455 -0.43561651820456182
v -0.91322769950289095 -0.099288863211445186 -0.40375296334025884
v -0.91108679338771015 -0.066168528087009834 -0.41521339786464567
v -0.83431636823431699 -0.47421441818914722 -0.29308079063204651
v -0.84397356028804726 -0.44547583102494187 -0.31003126149264848
v -0.82202700045401189 -0.47333079483390844 -0.32724463562761108
v -0.88395615583496068 -0.3876211216833404 -0.27428239217445372
v -0.86465101943297662 -0.41685711814874643 -0.29234947658058835
v -0.87548325849401465 -0.41706917759139006 -0.25776308964734218
v -0.83954447249820485 -0.41490341120302404 -0.36038830342116707
v -0.8526527932191551 -0.41612716727831212 -0.32662037450247128
v -0.86031258471424876 -0.38632904648643279 -0.34274130868498209
v -0.94739087455243198 -0.26458009508190761 -0.19826078683884074
v -0.93371985714312 -0.29603112701248258 -0.21769757983050839
v -0.94140356195901298 -0.29543275380623746 -0.1825876454781318
v -0.91471442624608723 -0.29619628088868166 -0.28709709382979587
v -0.9248092921528267 -0.29627940906649464 -0.25259796505359339
v -0.92991389389586276 -0.26519116821850613 -0.26794262674409591
v -0.91125249949065468 -0.35735256520603864 -0.22085619350019209
v -0.9185792332742353 -0.32705518888789337 -0.23686817911125166
v -0.90204466966863472 -0.35749501274564249 -0.25567982535995565
v -0.86245989648557286 -0.29238025582680033 -0.42135049525680818
v -0.87721824978336493 -0.29382478126512468 -0.38860603171044178
v -0.88077315541792822 -0.26233887187039551 -0.40283555554790723
v -0.86700789131268374 -0.35572951062255115 -0.3586269923446791
v -0.87262416029273826 -0.32501152333446603 -0.37383697202756649
v -0.85304364147057898 -0.35449017986306708 -0.39180704966762542
v -0.90766997854309117 -0.2644428150768609 -0.33625093716957866
v -0.89086287504039607 -0.29494507240784223 -0.35528894190654825
v -0.90332648126775905 -0.29571244104005406 -0.32158186298555069
v -0.89151740871732121 -0.35741648381055796 -0.29036119497205798
v -0.89798403447424691 -0.32672411864463008 -0.30616252001016508
v -0.87981967227662505 -0.35681992341887803 -0.32474044701806853
v -1.0013318092413688 -0.03350658685497869 -0.055420266276006748
v -1.0026502867754776 -0.0335104979889327 -0.02071078897299258
v -0.99508492587365627 -0.033490476587707693 -0.12467507994566443
v -0.99880544214910061 -0.033494564833883946 -0.090140420987988565
v -0.99646861049573654 -0.10032541391001229 -0.062004677967686252
v -0.99828689662330339 -0.066993849548064074 -0.076122085170232834
v -0.99370404569822979 -0.10029741582772203 -0.096706576182104362
v -0.96821293152433174 -0.033418566055150305 -0.26135502583906556
v -0.97668274246229503 -0.033423358757920511 -0.2276691018821678
v -0.97803696814386454 -0.10011784708235716 -0.2006977559039593
v -0.97798607479595034 -0.066853574239154792 -0.21432064349341506
v -0.97044911148764423 -0.1000849112437725 -0.23467216628104337
v -0.98399552659242318 -0.033437500988376591 -0.19363431598116196
v -0.99011072098051078 -0.033442118440891004 -0.15944242983084603
v -0.96575055457272652 -0.2316914996196929 -0.1431933839053007
v -0.9706830597863042 -0.1992602061595766 -0.15788986162078653
v -0.96001132988497273 -0.23153931406781639 -0.17784046115729019
v -0.98752639703913414 -0.13370094507262298 -0.11736748505743549
v -0.97987010967874466 -0.16659359126061893 -0.1376974578884867
v -0.98414337002613494 -0.166521788674583 -0.10291628750421677
v -0.9677105648217833 -0.16623819907285095 -0.20678632852436143
v -0.97438321445084597 -0.16649319553463385 -0.17238567381975187
v -0.97683554937042738 -0.13356106912984214 -0.18658300519529653
v -0.99054935752013251 -0.066925843887797598 -0.14557605273049568
v -0.98445583767716704 -0.10033799879089302 -0.16624820335934831
v -0.98968753215609795 -0.10040376396806787 -0.13151859856834466
v -0.89772102168246326 -0.2304732477435833 -0.3844978084388429
v -0.92321361524307399 -0.23217784797263102 -0.31722161058440168
v -0.91106157729705595 -0.23150172524611129 -0.35104593970420511
v -0.91324362416490268 -0.19820283145702472 -0.36546030356739717
v -0.92726027012024248 -0.16569402454998913 -0.34582277862647032
v -0.95265519166808288 -0.2322281119803489 -0.21302027064255374
v -0.95947507448431602 -0.16664874347889561 -0.24185791193681352
v -0.95668865178586326 -0.19952445359706361 -0.2275879478491902
v -0.94406816008327743 -0.23256532982916958 -0.24800833237871028
v -0.93429422975294951 -0.23257305085104688 -0.28260137457759826
v -0.96032455579207743 -0.06657506762875029 -0.28320316243362392
v -0.93988145671252643 -0.13265132907303542 -0.32540126974180045
v -0.95086448431824577 -0.099710140889566076 -0.30458847315328158
v -0.96129433481734783 -0.099990658709355112 -0.2697676306877409
v -0.96101130887387487 -0.13322220135083876 -0.25606365759341032
v -0.93736809793230358 -0.19955155207746314 -0.29728725029174674
v -0.94998932186604013 -0.16650875883931698 -0.27686568098733721
v -0.93923141084671014 -0.16618224505993678 -0.31158837533109551
v -0.5511022297837056 -0.83828975873360012 0.020401999197962706
v -0.5744885875749649 -0.82269220890526429 -2.5196067753406744e-11
v -0.5511022297837056 -0.83828975873360012 -0.020401999248354841
v -0.61928015177567464 -0.78847568765217646 0.040715519291292468
v -0.59726126998892803 -0.80605354648468897 0.020402052201032285
v -0.59623864733189924 -0.80475141215983881 0.061108347837856798
v -0.59623864733189924 -0.80475141215983881 -0.061108347888248933
v -0.59726126998892803 -0.80605354648468897 -0.02040205225142442
v -0.61928015177567464 -0.78847568765217646 -0.040715519341684603
v -0.70015736403741591 -0.70849967682723258 0.12110897773220015
v -0.68119105719160633 -0.72978318344606918 0.10126584925279833
v -0.6777477902782616 -0.72629836342198961 0.14145016666938887
v -0.68464678572327475 -0.73328167236032804 0.020403065897163314
v -0.68349414523095608 -0.7321149819117142 0.060851672638503607
v -0.70473999388588404 -0.71313690588872902 0.040457351569824496
v -0.63852129311078554 -0.76736129378733076 0.1015222144383971
v -0.66137699266559924 -0.75022707315321813 0.081236381864949275
v -0.64083818549045457 -0.76970875034777153 0.061109839775122847
v -0.6777477902782616 -0.72629836342198961 -0.141450166719781
v -0.68119105719160633 -0.72978318344606918 -0.10126584930319046
v -0.70015736403741591 -0.70849967682723258 -0.12110897778259229
v -0.64083818549045457 -0.76970875034777153 -0.061109839825514982
v -0.66137699266559924 -0.75022707315321813 -0.08123638191534141
v -0.63852129311078554 -0.76736129378733076 -0.10152221448878923
v -0.70473999388588404 -0.71313690588872902 -0.040457351620216631
v -0.68349414523095608 -0.7321149819117142 -0.060851672688895742
v -0.68464678572327475 -0.73328167236032804 -0.020403065947555449
v -0.64186097909197548 -0.77101086056211021 0.02040312031472007
v -0.66369464511569254 -0.75257488091370617 -2.5196067753406744e-11
v -0.64186097909197548 -0.77101086056211021 -0.020403120365112205
v -0.82151639673075316 -0.50772517864050781 0.27237000163385783
v -0.80972195207947761 -0.53514770548432222 0.25461099519144564
v -0.80057506897192199 -0.52949268057835364 0.29253468131486349
v -0.82418820483436117 -0.54409564884084827 0.17757581596715322
v -0.81760498351883037 -0.54002523920792944 0.2162273913851594
v -0.83716226006406491 -0.51739485396383011 0.19575841165445987
v -0.77529135313459363 -0.5831202615801625 0.25642457235724775
v -0.79694294930392584 -0.56197743215633389 0.2364799534892866
v -0.78325914777328987 -0.5880575633478603 0.21806622871412157
v -0.83747942499784322 -0.55233200576859054 0.020420325656354502
v -0.83613855619802835 -0.55150228955316483 0.059807718184525759
v -0.85290518375699709 -0.52712451588835829 0.039394261547634972
v -0.79939978732786776 -0.59809392497700165 0.10051408860930332
v -0.81826908657423914 -0.57520528843963825 0.080212291208645412
v -0.80211291447457744 -0.59977847613895685 0.061156298194538418
v -0.84764673583266481 -0.52387461634304944 0.11793990597077929
v -0.8334775241502651 -0.54985435587515408 0.099170721197568951
v -0.82950757474461623 -0.54739959270190053 0.13831234027732406
v -0.71373038959401092 -0.68175915999892134 0.18070109792585709
v -0.73651100664759461 -0.66220112625786665 0.16093692980307794
v -0.71924686633435064 -0.68522018676784247 0.14148052968364561
v -0.76846705044392283 -0.61371278129696205 0.199184562488637
v -0.75295157164361526 -0.63831842793955496 0.18020265602120852
v -0.74629686804109496 -0.63395686089084047 0.21908714201894397
v -0.7626346035834114 -0.64415035629238804 0.10157877086333915
v -0.75840543288628848 -0.64172315803016866 0.14096829838793715
v -0.77928844666885444 -0.62044823151772188 0.12088410705639538
v -0.81023444466490291 -0.57021804640612472 0.15884259637851725
v -0.79523699424513727 -0.59571936220789201 0.13991431662562076
v -0.78984872375670367 -0.5923669246440989 0.17916439426237674
v -0.80057506897192199 -0.52949268057835364 -0.29253468136525562
v -0.80972195207947761 -0.53514770548432222 -0.25461099524183778
v -0.82151639673075316 -0.50772517864050781 -0.27237000168424996
v -0.78325914777328987 -0.5880575633478603 -0.2180662287645137
v -0.79694294930392584 -0.56197743215633389 -0.23647995353967874
v -0.77529135313459363 -0.5831202615801625 -0.25642457240763988
v -0.83716226006406491 -0.51739485396383011 -0.195758411704852
v -0.81760498351883037 -0.54002523920792944 -0.21622739143555153
v -0.82418820483436117 -0.54409564884084827 -0.17757581601754535
v -0.71924686633435064 -0.68522018676784247 -0.14148052973403774
v -0.73651100664759461 -0.66220112625786665 -0.16093692985347008
v -0.71373038959401092 -0.68175915999892134 -0.18070109797624923
v -0.77928844666885444 -0.62044823151772188 -0.12088410710678751
v -0.75840543288628848 -0.64172315803016866 -0.14096829843832928
v -0.7626346035834114 -0.64415035629238804 -0.10157877091373128
v -0.74629686804109496 -0.63395686089084047 -0.2190871420693361
v -0.75295157164361526 -0.63831842793955496 -0.18020265607160066
v -0.76846705044392283 -0.61371278129696205 -0.19918456253902914
v -0.85290518375699709 -0.52712451588835829 -0.039394261598027107
v -0.83613855619802835 -0.55150228955316483 -0.059807718234917893
v -0.83747942499784322 -0.55233200576859054 -0.020420325706746636
v -0.82950757474461623 -0.54739959270190053 -0.13831234032771619
v -0.8334775241502651 -0.54985435587515408 -0.099170721247961086
v -0.84764673583266481 -0.52387461634304944 -0.11793990602117142
v -0.80211291447457744 -0.59977847613895685 -0.061156298244930553
v -0.81826908657423914 -0.57520528843963825 -0.080212291259037546
v -0.79939978732786776 -0.59809392497700165 -0.10051408865969545
v -0.78984872375670367 -0.5923669246440989 -0.17916439431276887
v -0.79523699424513727 -0.59571936220789201 -0.1399143166760129
v -0.81023444466490291 -0.57021804640612472 -0.15884259642890938
v -0.72269184159259825 -0.68870559024187605 0.10129464598002284
v -0.76495757158230326 -0.64649754920161606 0.061157952965795209
v -0.7443360124830749 -0.66799492072263711 0.081278308991268103
v -0.72499759519031182 -0.69103733355970121 0.06087183038891953
v -0.72615122545300914 -0.69220433893382693 0.020421508859473757
v -0.82100142413385524 -0.57690215013193435 -2.5196067753406744e-11
v -0.78481781974349196 -0.62390737277212194 -0.040743462665980765
v -0.80341107289821134 -0.6008103648382298 -0.020420384554716134
v -0.80341107289821134 -0.6008103648382298 0.020420384504323999
v -0.78481781974349196 -0.62390737277212194 0.04074346261558863
v -0.72269184159259825 -0.68870559024187605 -0.10129464603041498
v -0.72615122545300914 -0.69220433893382693 -0.020421508909865892
v -0.72499759519031182 -0.69103733355970121 -0.060871830439311665
v -0.7443360124830749 -0.66799492072263711 -0.081278309041660238
v -0.76495757158230326 -0.64649754920161606 -0.061157953016187344
v -0.7662556967793156 -0.64752963419259224 0.02042156927921342
v -0.7662556967793156 -0.64752963419259224 -0.020421569329605555
v -0.74665920440830569 -0.67034282680424073 -2.5196067753406744e-11
v -1.0011827518605441 -0.067026632318944318 -2.5196067753406744e-11
v -0.99359632238161388 -0.13386690725258069 -0.04129704272880888
v -0.99815811879032457 -0.10055291186599843 -0.020710867868479116
v -0.99815811879032457 -0.10055291186599843 0.020710867818086981
v -0.99359632238161388 -0.13386690725258069 0.041297042678416745
v -0.95992703818911085 -0.26531721799817309 -0.12250010061167785
v -0.97058833481188111 -0.23302795696498094 -0.10254598337915928
v -0.97544931269979196 -0.23436947830076674 -0.020712371370545019
v -0.97382815137751344 -0.23392180360519277 -0.061633919038463429
v -0.96635668647268491 -0.26709432907661151 -0.040924129643853911
v -0.97977023577487454 -0.20032441489198444 -0.082339800239120103
v -0.98741305540235769 -0.16742174318803432 -0.062006890566555256
v -0.97058833481188111 -0.23302795696498094 0.10254598332876715
v -0.95992703818911085 -0.26531721799817309 0.12250010056128571
v -0.98741305540235769 -0.16742174318803432 0.062006890516163121
v -0.97977023577487454 -0.20032441489198444 0.082339800188727968
v -0.96635668647268491 -0.26709432907661151 0.040924129593461776
v -0.97382815137751344 -0.23392180360519277 0.061633918988071294
v -0.97544931269979196 -0.23436947830076674 0.020712371320152884
v -0.98910265789844598 -0.16764951765956118 -0.020712452428345511
v -0.98304015141465928 -0.20122496108829713 -2.5196067753406744e-11
v -0.98910265789844598 -0.16764951765956118 0.020712452377953376
v -0.84348718896152097 -0.47987897586363348 -0.25515678067086223
v -0.85800828804041329 -0.48884098962563161 -0.17808900535343364
v -0.85140333904766408 -0.48476191324378837 -0.21674335381704232
v -0.86420335931131997 -0.45125102513684917 -0.2374542216603254
v -0.88353126406610183 -0.42202097089633023 -0.21938604805704645
v -0.87140129543201572 -0.49708062141557779 -0.020737560099023881
v -0.87004799639791131 -0.49624598017317068 -0.060131701465452679
v -0.89993934760815253 -0.43205713339999696 -0.1014653186874378
v -0.8857585095345073 -0.46449111932721215 -0.080865754890942165
v -0.90269990706219505 -0.43374994118762855 -0.062074703107065317
v -0.86736859326286708 -0.49459573537973511 -0.099529877787015192
v -0.86338364300838155 -0.49213496044014138 -0.13867691434196766
v -0.9334248995204415 -0.33032309369667712 -0.16267768481941591
v -0.94711052121974248 -0.29887129504136928 -0.14323766068550567
v -0.90170600889963592 -0.39180570400752773 -0.20068380488332691
v -0.91825738842194804 -0.36136714000673015 -0.18186967800093923
v -0.927992410126532 -0.36753330850463378 -0.10299883272572316
v -0.92385036634456519 -0.36476534350388712 -0.14249967390420951
v -0.91274029708718751 -0.39854381257561294 -0.12217769003278676
v -0.87762513053509061 -0.45950147327862229 -0.15966197587775219
v -0.89590868126332213 -0.42933811143424466 -0.14098168021980645
v -0.89042613011060134 -0.42598802129996194 -0.18037442828090164
v -0.84348718896152097 -0.47987897586363348 0.25515678062047009
v -0.88353126406610183 -0.42202097089633023 0.21938604800665432
v -0.86420335931131997 -0.45125102513684917 0.23745422160993326
v -0.85140333904766408 -0.48476191324378837 0.21674335376665019
v -0.85800828804041329 -0.48884098962563161 0.1780890053030415
v -0.94711052121974248 -0.29887129504136928 0.14323766063511353
v -0.9334248995204415 -0.33032309369667712 0.16267768476902378
v -0.91274029708718751 -0.39854381257561294 0.12217768998239463
v -0.92385036634456519 -0.36476534350388712 0.14249967385381737
v -0.927992410126532 -0.36753330850463378 0.10299883267533103
v -0.91825738842194804 -0.36136714000673015 0.18186967795054709
v -0.90170600889963592 -0.39180570400752773 0.20068380483293477
v -0.87004799639791131 -0.49624598017317068 0.060131701415060544
v -0.87140129543201572 -0.49708062141557779 0.020737560048631747
v -0.86338364300838155 -0.49213496044014138 0.13867691429157553
v -0.86736859326286708 -0.49459573537973511 0.099529877736623057
v -0.90269990706219505 -0.43374994118762855 0.062074703056673182
v -0.8857585095345073 -0.46449111932721215 0.08086575484055003
v -0.89993934760815253 -0.43205713339999696 0.10146531863704567
v -0.89042613011060134 -0.42598802129996194 0.1803744282305095
v -0.89590868126332213 -0.42933811143424466 0.14098168016941431
v -0.87762513053509061 -0.45950147327862229 0.15966197582736005
v -0.95195022294782483 -0.30020974069413331 -0.10258799014294991
v -0.93126579994681247 -0.36844244742435212 -0.062077160671595168
v -0.94237517490636569 -0.33466178304133476 -0.082401005175433195
v -0.95519174611377422 -0.30110756400110572 -0.06166335734261276
v -0.95681399182340121 -0.30155641274033912 -0.020739317864170818
v -0.88854735821751463 -0.46620059554219745 -2.5196067753406744e-11
v -0.91844819661883903 -0.4019993685913002 0.041337842782228282
v -0.90426512422377259 -0.43443519104134454 0.020737647807624368
v -0.90426512422377259 -0.43443519104134454 -0.020737647858016503
v -0.91844819661883903 -0.4019993685913002 -0.041337842832620417
v -0.95195022294782483 -0.30020974069413331 0.10258799009255777
v -0.95681399182340121 -0.30155641274033912 0.020739317813778683
v -0.95519174611377422 -0.30110756400110572 0.061663357292220625
v -0.94237517490636569 -0.33466178304133476 0.08240100512504106
v -0.93126579994681247 -0.36844244742435212 0.062077160621203033
v -0.93283127240794128 -0.36912747520174138 -0.020739408031269814
v -0.93283127240794128 -0.36912747520174138 0.020739407980877679
v -0.94564893146224638 -0.33557040814136241 -2.5196067753406744e-11
v -0.82269184744086288 2.6246242773267185e-07 -0.57448921152699006
v -0.83828939726919871 -0.020401736760731041 -0.55110285373573076
v -0.78847532618777505 0.040715781778916271 -0.61928077572769979
v -0.80605318502028755 0.020402314688656085 -0.59726189394095319
v -0.8047510506954374 -0.06110808540062513 -0.5962392712839244
v -0.80605318502028755 -0.02040178976380062 -0.59726189394095319
v -0.78847532618777505 -0.0407152568540608 -0.61928077572769979
v -0.70849931536283117 0.12110924021982396 -0.70015798798944107
v -0.72978282198166777 0.10126611174042213 -0.68119168114363149
v -0.73328131089592663 0.020403328384787114 -0.68464740967529991
v -0.73211462044731279 0.06085193512612741 -0.68349476918298124
v -0.71313654442432761 0.040457614057448299 -0.7047406178379092
v -0.75022671168881672 0.081236644352573079 -0.6613776166176244
v -0.76970838888337012 0.06111010226274665 -0.64083880944247973
v -0.7262980019575882 -0.1414499042321572 -0.67774841423028676
v -0.72978282198166777 -0.10126558681556666 -0.68119168114363149
v -0.70849931536283117 -0.12110871529496849 -0.70015798798944107
v -0.76970838888337012 -0.061109577337891179 -0.64083880944247973
v -0.75022671168881672 -0.081236119427717607 -0.6613776166176244
v -0.76736093232292935 -0.10152195200116543 -0.6385219170628107
v -0.71313654442432761 -0.040457089132592827 -0.7047406178379092
v -0.73211462044731279 -0.060851410201271938 -0.68349476918298124
v -0.73328131089592663 -0.020402803459931649 -0.68464740967529991
v -0.7710104990977088 0.02040338280234387 -0.64186160304400064
v -0.75257451944930476 2.6246242773267185e-07 -0.6636952690677177
v -0.7710104990977088 -0.020402857877488405 -0.64186160304400064
v -0.50772481717610629 0.27237026412148163 -0.82151702068277821
v -0.53514734401992092 0.25461125767906945 -0.80972257603150277
v -0.54409528737644686 0.17757607845477702 -0.82418882878638622
v -0.54002487774352792 0.21622765387278317 -0.81760560747085564
v -0.5173944924994287 0.19575867414208367 -0.83716288401609007
v -0.56197707069193248 0.23648021597691041 -0.796943573255951
v -0.58805720188345889 0.21806649120174537 -0.78325977172531502
v -0.55233164430418913 0.020420588143978301 -0.83748004894986838
v -0.55150192808876342 0.059807980672149562 -0.83613918015005351
v -0.52712415442395688 0.039394524035258775 -0.85290580770902225
v -0.59809356351260023 0.10051435109692709 -0.79940041127989292
v -0.57520492697523673 0.080212553696269201 -0.81826971052626418
v -0.59977811467455544 0.061156560682162221 -0.8021135384266026
v -0.52387425487864803 0.11794016845840308 -0.84764735978468986
v -0.54985399441075256 0.099170983685192768 -0.83347814810229026
v -0.54739923123749923 0.13831260276494789 -0.82950819869664127
v -0.66220076479346524 0.16093719229070175 -0.73651163059961977
v -0.68521982530344117 0.14148079217126944 -0.7192474902863758
v -0.61371241983256053 0.1991848249762608 -0.76846767439594799
v -0.63831806647515354 0.18020291850883233 -0.75295219559564042
v -0.64414999482798663 0.10157903335096295 -0.76263522753543656
v -0.64172279656576725 0.14096856087556098 -0.75840605683831375
v -0.62044787005332047 0.1208843695440192 -0.7792890706208796
v -0.57021768494172342 0.15884285886614108 -0.81023506861692818
v -0.59571900074349049 0.13991457911324456 -0.79523761819716243
v -0.59236656317969738 0.17916465675000054 -0.78984934770872883
v -0.52949231911395234 -0.29253441887763182 -0.80057569292394715
v -0.53514734401992092 -0.25461073275421398 -0.80972257603150277
v -0.50772481717610629 -0.27236973919662616 -0.82151702068277821
v -0.58805720188345889 -0.2180659662768899 -0.78325977172531502
v -0.56197707069193248 -0.23647969105205494 -0.796943573255951
v -0.5831199001157612 -0.25642430992001608 -0.77529197708661879
v -0.5173944924994287 -0.1957581492172282 -0.83716288401609007
v -0.54002487774352792 -0.2162271289479277 -0.81760560747085564
v -0.54409528737644686 -0.17757555352992155 -0.82418882878638622
v -0.68521982530344117 -0.14148026724641397 -0.7192474902863758
v -0.66220076479346524 -0.16093666736584628 -0.73651163059961977
v -0.68175879853451993 -0.18070083548862542 -0.71373101354603607
v -0.62044787005332047 -0.12088384461916372 -0.7792890706208796
v -0.64172279656576725 -0.14096803595070551 -0.75840605683831375
v -0.64414999482798663 -0.10157850842610748 -0.76263522753543656
v -0.63395649942643906 -0.2190868795817123 -0.74629749199312012
v -0.63831806647515354 -0.18020239358397686 -0.75295219559564042
v -0.61371241983256053 -0.19918430005140533 -0.76846767439594799
v -0.52712415442395688 -0.039393999110403304 -0.85290580770902225
v -0.55150192808876342 -0.05980745574729409 -0.83613918015005351
v -0.55233164430418913 -0.020420063219122837 -0.83748004894986838
v -0.54739923123749923 -0.13831207784009242 -0.82950819869664127
v -0.54985399441075256 -0.099170458760337296 -0.83347814810229026
v -0.52387425487864803 -0.11793964353354761 -0.84764735978468986
v -0.59977811467455544 -0.06115603575730675 -0.8021135384266026
v -0.57520492697523673 -0.080212028771413729 -0.81826971052626418
v -0.59809356351260023 -0.10051382617207162 -0.79940041127989292
v -0.59236656317969738 -0.17916413182514507 -0.78984934770872883
v -0.59571900074349049 -0.13991405418838909 -0.79523761819716243
v -0.57021768494172342 -0.15884233394128561 -0.81023506861692818
v -0.68870522877747464 0.10129490846764665 -0.72269246554462341
v -0.64649718773721454 0.061158215453419006 -0.76495819553432831
v -0.6679945592582357 0.081278571478891906 -0.74433663643510006
v -0.6910369720952998 0.060872092876543334 -0.72499821914233697
v -0.69220397746942552 0.020421771347097557 -0.7261518494050343
v -0.57690178866753294 2.6246242773267185e-07 -0.8210020480858804
v -0.62390701130772053 -0.040743200178356961 -0.78481844369551712
v -0.60081000337382839 -0.020420122067092334 -0.8034116968502365
v -0.60081000337382839 0.020420646991947799 -0.8034116968502365
v -0.62390701130772053 0.040743725103212433 -0.78481844369551712
v -0.68870522877747464 -0.10129438354279117 -0.72269246554462341
v -0.69220397746942552 -0.020421246422242093 -0.7261518494050343
v -0.6910369720952998 -0.060871567951687862 -0.72499821914233697
v -0.6679945592582357 -0.081278046554036434 -0.74433663643510006
v -0.64649718773721454 -0.061157690528563534 -0.76495819553432831
v -0.64752927272819083 0.02042183176683722 -0.76625632073134076
v -0.64752927272819083 -0.020421306841981755 -0.76625632073134076
v -0.67034246533983932 2.6246242773267185e-07 -0.74665982836033085
v 6.2392682909373678e-07 0.49768998876828391 -0.87130114940274384
v -0.033018027027126279 0.48804552350409747 -0.87611777089905696
v -0.033047748621236162 0.42616466212105786 -0.90782843431912008
v -0.033040390714589467 0.45734639085565187 -0.89252650762719865
v 6.2392682909373678e-07 0.43625580201933173 -0.90362705848623415
v -0.0660516046568774 0.47774844308188025 -0.87991734591113901
v -0.098926842744917476 0.46688018143754634 -0.88266485951192719
v -0.033160627124058852 0.29627354795436178 -0.95811441297888333
v -0.033153936617443543 0.32927474188447797 -0.94728023780781101
v 6.2392682909373678e-07 0.30742733254675675 -0.95516980333578994
v -0.099220074301307651 0.3714685917043315 -0.92683725110565574
v -0.066280670978411657 0.35065660143408894 -0.93782070701652165
v -0.099267495650818147 0.33893484765100296 -0.93921772982782281
v 6.2392682909373678e-07 0.37273357142119956 -0.93162794989020437
v -0.033133574508852522 0.36195181244879127 -0.93528282192107992
v -0.033126716177908612 0.39412293188433467 -0.9221879729257153
v -0.19700552264886251 0.4305405911624724 -0.88469450105438641
v -0.22911906947828095 0.41738252571175782 -0.88326494838205738
v -0.1320045140218857 0.45523277168465359 -0.88442001488205724
v -0.16457680153017407 0.44318819433893653 -0.88507597678990368
v -0.16472886562636621 0.37939219924602352 -0.91421371144729524
v -0.16474074562056054 0.41150827409778862 -0.90021230503807226
v -0.13223292843838985 0.39187165762669096 -0.91422746289093304
v -0.066168166622608479 0.4152136603018774 -0.91108741733973531
v -0.099288501747043831 0.40375322577749051 -0.91322832345491611
v -0.0991811088091471 0.43561678064179349 -0.8984775954931129
v -0.033510136524531345 0.020711051410224245 -1.0026509107275028
v -0.033506225390577335 0.055420528713238416 -1.0013324331933939
v 6.2392682909373678e-07 0.034710216724783145 -1.0028240003623135
v -0.10029705436332066 0.09670683861933603 -0.99370466965025495
v -0.066993488083662733 0.076122347607464502 -0.99828752057532855
v -0.10032505244561093 0.06200494040491792 -0.9964692344477617
v 6.2392682909373678e-07 0.10396399347595489 -0.99802419773323803
v -0.033494203369482591 0.090140683425220219 -0.99880606610112577
v -0.033490115123306338 0.1246753423828961 -0.99508554982568143
v -0.23153895260341503 0.17784072359452185 -0.96001195383699789
v -0.19925984469517524 0.15789012405801819 -0.97068368373832936
v -0.23169113815529155 0.14319364634253237 -0.96575117852475167
v -0.13356070766544079 0.18658326763252819 -0.97683617332245254
v -0.16649283407023249 0.17238593625698354 -0.97438383840287113
v -0.1662378376084496 0.2067865909615931 -0.96771118877380846
v -0.16652142721018165 0.10291654994144844 -0.9841439939781601
v -0.16659322979621757 0.13769772032571836 -0.97987073363076982
v -0.13370058360822162 0.11736774749466716 -0.9875270209911593
v 6.2392682909373678e-07 0.24064965974298669 -0.97413994077577282
v -0.033422997293519149 0.22766936431939944 -0.97668336641432019
v -0.03341820459074895 0.26135528827629723 -0.9682135554763569
v -0.033441756976489649 0.1594426922680777 -0.99011134493253594
v -0.033437139523975236 0.19363457841839363 -0.98399615054444833
v 6.2392682909373678e-07 0.1727201700607171 -0.98844756570395886
v -0.10008454977937116 0.23467242871827507 -0.97044973543966939
v -0.066853212774753437 0.2143209059306467 -0.9779866987479755
v -0.1001174856179558 0.20069801834119097 -0.9780375920958897
v -0.10040340250366651 0.13151886100557633 -0.98968815610812311
v -0.10033763732649166 0.16624846579657998 -0.9844564616291922
v -0.066925482423396257 0.14557631516772734 -0.99054998147215767
v -0.44547546956054057 0.3100315239298802 -0.84397418424007253
v -0.47421405672474587 0.29308105306927817 -0.83431699218634214
v -0.38632868502203144 0.34274157112221376 -0.86031320866627392
v -0.41612680581391076 0.32662063693970295 -0.85265341717118026
v -0.41706881612698871 0.25776335208457385 -0.87548388244603981
v -0.41685675668434508 0.29234973901782002 -0.86465164338500178
v -0.38762076021893904 0.27428265461168538 -0.88395677978698584
v -0.26233851040599415 0.4028358179851389 -0.88077377936995338
v -0.29382441980072332 0.38860629414767345 -0.87721887373539009
v -0.29571207957565271 0.32158212542278236 -0.90332710521978421
v -0.29494471094344088 0.35528920434377992 -0.89086349899242123
v -0.26444245361245949 0.33625119960681027 -0.90767060249511622
v -0.32501116187006468 0.37383723446479816 -0.87262478424476342
v -0.35572914915814979 0.35862725478191076 -0.8670085152647089
v -0.2954323923418361 0.18258790791536347 -0.94140418591103814
v -0.29603076554808122 0.21769784226774005 -0.93372048109514516
v -0.26457973361750625 0.19826104927607241 -0.94739149850445714
v -0.35749465128124114 0.25568008779718732 -0.90204529362065988
v -0.32705482742349201 0.23686844154848333 -0.91857985722626045
v -0.35735220374163729 0.22085645593742376 -0.91125312344267984
v -0.26519080675410478 0.26794288918132758 -0.92991451784788792
v -0.29627904760209328 0.25259822749082506 -0.92480991610485186
v -0.29619591942428025 0.28709735626702754 -0.91471505019811228
v -0.35681956195447662 0.32474070945530015 -0.8798202962286501
v -0.32672375718022872 0.30616278244739675 -0.89798465842627206
v -0.35741612234615661 0.29036145740928965 -0.89151803266934637
v -0.066574706164348921 0.28320342487085565 -0.96032517974410259
v -0.13322183988643743 0.25606392003064199 -0.96101193282590014
v -0.099990297244953744 0.26976789312497251 -0.96129495876937299
v -0.099709779425164721 0.30458873559051325 -0.95086510827027093
v -0.13265096760863407 0.32540153217903212 -0.93988208066455159
v -0.23222775051594755 0.21302053307978541 -0.95265581562010804
v -0.23257268938664552 0.28260163701482993 -0.93429485370497467
v -0.23256496836476823 0.24800859481594195 -0.94406878403530259
v -0.19952409213266226 0.22758821028642187 -0.95668927573788842
v -0.16664838201449425 0.24185817437404519 -0.95947569843634117
v -0.23047288627918194 0.38449807087607457 -0.89772164563448842
v -0.16569366308558778 0.34582304106370199 -0.92726089407226764
v -0.19820246999262336 0.36546056600462884 -0.91324424811692784
v -0.23150136378170993 0.35104620214143678 -0.91106220124908111
v -0.23217748650822967 0.31722187302163335 -0.92321423919509915
v -0.16650839737491563 0.27686594342456888 -0.94998994581806528
v -0.19955119061306179 0.29728751272897841 -0.93736872188432874
v -0.16618188359553543 0.31158863776832718 -0.9392320347987354
v -0.033010504254690758 -0.51809146306658715 -0.85869202044438264
v -0.033018027027126279 -0.488044998579242 -0.87611777089905696
v 6.2392682909373678e-07 -0.49768946384342844 -0.87130114940274384
v -0.098926842744917476 -0.46687965651269087 -0.88266485951192719
v -0.0660516046568774 -0.47774791815702478 -0.87991734591113901
v -0.098874759911942459 -0.49736362495752912 -0.86586002251051541
v 6.2392682909373678e-07 -0.43625527709447626 -0.90362705848623415
v -0.033040390714589467 -0.4573458659307964 -0.89252650762719865
v -0.033047748621236162 -0.42616413719620239 -0.90782843431912008
v -0.22911906947828095 -0.41738200078690235 -0.88326494838205738
v -0.19700552264886251 -0.43054006623761693 -0.88469450105438641
v -0.22887055349934773 -0.44887697431648621 -0.86774879260419813
v -0.13223292843838985 -0.39187113270183549 -0.91422746289093304
v -0.16474074562056054 -0.41150774917293315 -0.90021230503807226
v -0.16472886562636621 -0.37939167432116805 -0.91421371144729524
v -0.16426576968842083 -0.47425526095993725 -0.86888377073854761
v -0.16457680153017407 -0.44318766941408105 -0.88507597678990368
v -0.1320045140218857 -0.45523224675979812 -0.88442001488205724
v 6.2392682909373678e-07 -0.30742680762190128 -0.95516980333578994
v -0.033153936617443543 -0.3292742169596225 -0.94728023780781101
v -0.033160627124058852 -0.29627302302950631 -0.95811441297888333
v -0.033126716177908612 -0.3941224069594792 -0.9221879729257153
v -0.033133574508852522 -0.36195128752393579 -0.93528282192107992
v 6.2392682909373678e-07 -0.37273304649634409 -0.93162794989020437
v -0.099267495650818147 -0.33893432272614749 -0.93921772982782281
v -0.066280670978411657 -0.35065607650923347 -0.93782070701652165
v -0.099220074301307651 -0.37146806677947602 -0.92683725110565574
v -0.0991811088091471 -0.43561625571693802 -0.8984775954931129
v -0.099288501747043831 -0.40375270085263504 -0.91322832345491611
v -0.066168166622608479 -0.41521313537702192 -0.91108741733973531
v -0.47421405672474587 -0.2930805281444227 -0.83431699218634214
v -0.44547546956054057 -0.31003099900502473 -0.84397418424007253
v -0.47333043336950709 -0.32724437313998728 -0.82202762440603705
v -0.38762076021893904 -0.27428212968682991 -0.88395677978698584
v -0.41685675668434508 -0.29234921409296455 -0.86465164338500178
v -0.41706881612698871 -0.25776282715971838 -0.87548388244603981
v -0.41490304973862269 -0.36038804093354326 -0.83954509645023001
v -0.41612680581391076 -0.32662011201484747 -0.85265341717118026
v -0.38632868502203144 -0.34274104619735829 -0.86031320866627392
v -0.26457973361750625 -0.19826052435121694 -0.94739149850445714
v -0.29603076554808122 -0.21769731734288458 -0.93372048109514516
v -0.2954323923418361 -0.182587382990508 -0.94140418591103814
v -0.29619591942428025 -0.28709683134217207 -0.91471505019811228
v -0.29627904760209328 -0.25259770256596958 -0.92480991610485186
v -0.26519080675410478 -0.26794236425647211 -0.92991451784788792
v -0.35735220374163729 -0.22085593101256829 -0.91125312344267984
v -0.32705482742349201 -0.23686791662362786 -0.91857985722626045
v -0.35749465128124114 -0.25567956287233184 -0.90204529362065988
v -0.29237989436239897 -0.42135023276918437 -0.86246052043759802
v -0.29382441980072332 -0.38860576922281798 -0.87721887373539009
v -0.26233851040599415 -0.40283529306028343 -0.88077377936995338
v -0.35572914915814979 -0.35862672985705529 -0.8670085152647089
v -0.32501116187006468 -0.37383670953994269 -0.87262478424476342
v -0.35448981839866572 -0.39180678718000161 -0.85304426542260414
v -0.26444245361245949 -0.3362506746819548 -0.90767060249511622
v -0.29494471094344088 -0.35528867941892445 -0.89086349899242123
v -0.29571207957565271 -0.32158160049792689 -0.90332710521978421
v -0.35741612234615661 -0.29036093248443418 -0.89151803266934637
v -0.32672375718022872 -0.30616225752254128 -0.89798465842627206
v -0.35681956195447662 -0.32474018453044468 -0.8798202962286501
v 6.2392682909373678e-07 -0.034709691799927674 -1.0028240003623135
v -0.033506225390577335 -0.055420003788382945 -1.0013324331933939
v -0.033510136524531345 -0.02071052648536878 -1.0026509107275028
v -0.033490115123306338 -0.12467481745804063 -0.99508554982568143
v -0.033494203369482591 -0.090140158500364748 -0.99880606610112577
v 6.2392682909373678e-07 -0.10396346855109942 -0.99802419773323803
v -0.10032505244561093 -0.062004415480062448 -0.9964692344477617
v -0.066993488083662733 -0.076121822682609031 -0.99828752057532855
v -0.10029705436332066 -0.096706313694480558 -0.99370466965025495
v -0.03341820459074895 -0.26135476335144175 -0.9682135554763569
v -0.033422997293519149 -0.22766883939454396 -0.97668336641432019
v 6.2392682909373678e-07 -0.24064913481813122 -0.97413994077577282
v -0.1001174856179558 -0.2006974934163355 -0.9780375920958897
v -0.066853212774753437 -0.21432038100579123 -0.9779866987479755
v -0.10008454977937116 -0.2346719037934196 -0.97044973543966939
v 6.2392682909373678e-07 -0.17271964513586163 -0.98844756570395886
v -0.033437139523975236 -0.19363405349353816 -0.98399615054444833
v -0.033441756976489649 -0.15944216734322222 -0.99011134493253594
v -0.23169113815529155 -0.1431931214176769 -0.96575117852475167
v -0.19925984469517524 -0.15788959913316272 -0.97068368373832936
v -0.23153895260341503 -0.17784019866966638 -0.96001195383699789
v -0.13370058360822162 -0.11736722256981169 -0.9875270209911593
v -0.16659322979621757 -0.13769719540086289 -0.97987073363076982
v -0.16652142721018165 -0.10291602501659297 -0.9841439939781601
v -0.1662378376084496 -0.20678606603673763 -0.96771118877380846
v -0.16649283407023249 -0.17238541133212806 -0.97438383840287113
v -0.13356070766544079 -0.18658274270767272 -0.97683617332245254
v -0.066925482423396257 -0.14557579024287187 -0.99054998147215767
v -0.10033763732649166 -0.16624794087172451 -0.9844564616291922
v -0.10040340250366651 -0.13151833608072086 -0.98968815610812311
v -0.23047288627918194 -0.3844975459512191 -0.89772164563448842
v -0.23217748650822967 -0.31722134809677788 -0.92321423919509915
v -0.23150136378170993 -0.35104567721658131 -0.91106220124908111
v -0.19820246999262336 -0.36546004107977337 -0.91324424811692784
v -0.16569366308558778 -0.34582251613884651 -0.92726089407226764
v -0.23222775051594755 -0.21302000815492994 -0.95265581562010804
v -0.16664838201449425 -0.24185764944918972 -0.95947569843634117
v -0.19952409213266226 -0.2275876853615664 -0.95668927573788842
v -0.23256496836476823 -0.24800806989108648 -0.94406878403530259
v -0.23257268938664552 -0.28260111208997446 -0.93429485370497467
v -0.066574706164348921 -0.28320289994600018 -0.96032517974410259
v -0.13265096760863407 -0.32540100725417664 -0.93988208066455159
v -0.099709779425164721 -0.30458821066565778 -0.95086510827027093
v -0.099990297244953744 -0.26976736820011704 -0.96129495876937299
v -0.13322183988643743 -0.25606339510578652 -0.96101193282590014
v -0.19955119061306179 -0.29728698780412294 -0.93736872188432874
v -0.16650839737491563 -0.27686541849971341 -0.94998994581806528
v -0.16618188359553543 -0.31158811284347171 -0.9392320347987354
v -0.47987861439923213 0.25515704310809389 -0.84348781291354613
v -0.42202060943192882 0.21938631049427812 -0.88353188801812699
v -0.45125066367244782 0.23745448409755707 -0.86420398326334524
v -0.48476155177938701 0.21674361625427399 -0.85140396299968912
v -0.48884062816123025 0.17808926779066528 -0.85800891199243845
v -0.29887093357696792 0.14323792312273734 -0.94711114517176764
v -0.33032273223227576 0.16267794725664758 -0.93342552347246666
v -0.39854345111121159 0.12217795247001843 -0.91274092103921267
v -0.36476498203948571 0.14249993634144117 -0.92385099029659024
v -0.36753294704023243 0.10299909516295483 -0.92799303407855716
v -0.36136677854232879 0.1818699404381709 -0.9182580123739732
v -0.39180534254312638 0.20068406732055857 -0.90170663285166108
v -0.49624561870876932 0.060131963902684347 -0.87004862034993646
v -0.49708025995117644 0.020737822536255546 -0.87140191938404088
v -0.49213459897574002 0.13867717677919933 -0.86338426696040671
v -0.49459537391533376 0.09953014022424686 -0.86736921721489224
v -0.4337495797232272 0.062074965544296985 -0.90270053101422021
v -0.4644907578628108 0.080866017328173834 -0.88575913348653246
v -0.43205677193559561 0.10146558112466947 -0.89993997156017769
v -0.42598765983556064 0.18037469071813328 -0.89042675406262661
v -0.42933774996984331 0.14098194265703812 -0.89590930521534728
v -0.45950111181422093 0.15966223831498383 -0.87762575448711566
v -0.067026270854542963 2.6246242773267185e-07 -1.0011833758125692
v -0.13386654578817933 -0.041296780241185077 -0.99359694633363904
v -0.10055255040159708 -0.020710605380855316 -0.99815874274234972
v -0.10055255040159708 0.020711130305710781 -0.99815874274234972
v -0.13386654578817933 0.041297305166040549 -0.99359694633363904
v -0.26531685653377174 -0.12249983812405404 -0.95992766214113601
v -0.23302759550057958 -0.10254572089153548 -0.97058895876390627
v -0.23436911683636538 -0.020712108882921219 -0.97544993665181712
v -0.23392144214079139 -0.061633656550839619 -0.97382877532953849
v -0.26709396761221016 -0.040923867156230108 -0.96635731042471007
v -0.20032405342758308 -0.0823395377514963 -0.9797708597268997
v -0.16742138172363297 -0.062006628078931453 -0.98741367935438284
v -0.23302759550057958 0.10254624581639095 -0.97058895876390627
v -0.26531685653377174 0.12250036304890952 -0.95992766214113601
v -0.16742138172363297 0.062007153003786925 -0.98741367935438284
v -0.20032405342758308 0.082340062676351772 -0.9797708597268997
v -0.26709396761221016 0.04092439208108558 -0.96635731042471007
v -0.23392144214079139 0.061634181475695091 -0.97382877532953849
v -0.23436911683636538 0.020712633807776683 -0.97544993665181712
v -0.16764915619515985 -0.020712189940721718 -0.98910328185047125
v -0.20122459962389577 2.6246242773267185e-07 -0.98304077536668444
v -0.16764915619515985 0.020712714865577183 -0.98910328185047125
v -0.47987861439923213 -0.25515651818323842 -0.84348781291354613
v -0.48884062816123025 -0.17808874286580981 -0.85800891199243845
v -0.48476155177938701 -0.21674309132941852 -0.85140396299968912
v -0.45125066367244782 -0.2374539591727016 -0.86420398326334524
v -0.42202060943192882 -0.21938578556942265 -0.88353188801812699
v -0.49708025995117644 -0.020737297611400082 -0.87140191938404088
v -0.49624561870876932 -0.060131438977828876 -0.87004862034993646
v -0.43205677193559561 -0.101465056199814 -0.89993997156017769
v -0.4644907578628108 -0.080865492403318362 -0.88575913348653246
v -0.4337495797232272 -0.062074440619441514 -0.90270053101422021
v -0.49459537391533376 -0.099529615299391389 -0.86736921721489224
v -0.49213459897574002 -0.13867665185434386 -0.86338426696040671
v -0.33032273223227576 -0.16267742233179211 -0.93342552347246666
v -0.29887093357696792 -0.14323739819788187 -0.94711114517176764
v -0.39180534254312638 -0.2006835423957031 -0.90170663285166108
v -0.36136677854232879 -0.18186941551331542 -0.9182580123739732
v -0.36753294704023243 -0.10299857023809936 -0.92799303407855716
v -0.36476498203948571 -0.1424994114165857 -0.92385099029659024
v -0.39854345111121159 -0.12217742754516296 -0.91274092103921267
v -0.45950111181422093 -0.15966171339012836 -0.87762575448711566
v -0.42933774996984331 -0.14098141773218265 -0.89590930521534728
v -0.42598765983556064 -0.18037416579327781 -0.89042675406262661
v -0.30020937922973195 0.10258825258018157 -0.95195084689984999
v -0.30155605127593776 0.020739580301402483 -0.95681461577542637
v -0.30110720253670437 0.061663619779844428 -0.95519237006579938
v -0.3346614215769334 0.082401267612664864 -0.94237579885839085
v -0.36844208595995076 0.062077423108826836 -0.93126642389883763
v -0.30020937922973195 -0.1025877276553261 -0.95195084689984999
v -0.36844208595995076 -0.062076898183971364 -0.93126642389883763
v -0.3346614215769334 -0.082400742687809392 -0.94237579885839085
v -0.30110720253670437 -0.061663094854988956 -0.95519237006579938
v -0.30155605127593776 -0.020739055376547019 -0.95681461577542637
v -0.46620023407779609 2.6246242773267185e-07 -0.88854798216953979
v -0.40199900712689884 0.041338105269852085 -0.91844882057086419
v -0.43443482957694318 0.020737910295248168 -0.90426574817579775
v -0.43443482957694318 -0.020737385370392703 -0.90426574817579775
v -0.40199900712689884 -0.041337580344996613 -0.91844882057086419
v -0.33557004667696105 2.6246242773267185e-07 -0.94564955541427154
v -0.36912711373734003 -0.020739145543646014 -0.93283189635996644
v -0.36912711373734003 0.020739670468501479 -0.93283189635996644
v 0.053425923432998006 0.54147082301026617 -0.84309911994510156
v 0.033011752108348939 0.51809198799144252 -0.85869202044438264
v 0.094189533298956171 0.58623266561686616 -0.80890096764737351
v 0.073864160865655573 0.5642211417367663 -0.82647427904349224
v 0.09887600776560064 0.49736414988238459 -0.86586002251051541
v 0.086473322581715167 0.5312099277944784 -0.84687633126972051
v 0.11935310810614898 0.52035357149318484 -0.84961648696386205
v 0.17476563299403014 0.66699699937578472 -0.72899471957377315
v 0.15491167904752284 0.64803738303659053 -0.75027409123211952
v 0.18094615196981026 0.5854269738843948 -0.79460369874043679
v 0.16809768456556351 0.61721373671497215 -0.77307933746913204
v 0.20107716699777176 0.60547276069749356 -0.77448824027462759
v 0.13484926507589085 0.62824368061917446 -0.77070539646407676
v 0.11471162597349112 0.60771173177497373 -0.7901828349770007
v 0.22887180135300592 0.44887749924134168 -0.86774879260419813
v 0.21749741580094745 0.48418579700517178 -0.85153994051011384
v 0.24961509759085607 0.47103855702156272 -0.85010369733116942
v 0.15247958401714928 0.50883393393099652 -0.85129267477731951
v 0.18505611020706714 0.49680045359785291 -0.85194177835422202
v 0.16426701754207901 0.47425578588479272 -0.86888377073854761
v 0.22608118537829924 0.54001139072194559 -0.81494559186964799
v 0.20570608654401282 0.51875366207282325 -0.83393101013283155
v 0.19355594018453307 0.55241411974731258 -0.8150067646627962
v 0.12746709637020806 0.57569307493179478 -0.81190568460375911
v 0.16065380398041526 0.5644064058310766 -0.81393919778104318
v 0.14007691821683058 0.54268013274525606 -0.83230880494367521
v 0.32659217498503995 0.78800652266864946 -0.52843623007592799
v 0.3088268401949556 0.77621598915132795 -0.55585633970602455
v 0.33986149238534313 0.72389141293346826 -0.60608328550448687
v 0.32462676561627779 0.75061175789759538 -0.5814301399641546
v 0.3580893899214152 0.73683747008088163 -0.57939979439394396
v 0.29067634645405177 0.76344900839687091 -0.58267863636038597
v 0.27225600675761924 0.74976929511241119 -0.6087562408768209
v 0.39505985417507211 0.60594073485685584 -0.6954315962926626
v 0.3822185529811859 0.63687897396528081 -0.67465229426341899
v 0.41428003146188541 0.62121430806413325 -0.67031816225608654
v 0.3166214866603162 0.66583934212485474 -0.6806396299713432
v 0.34960498910441928 0.65177651496643429 -0.67810416687394892
v 0.33013640314813653 0.63587533932855556 -0.70251975809287481
v 0.38737886853883591 0.6811255710849109 -0.62679116630969389
v 0.36872586279031183 0.6668845568164754 -0.65281528228044872
v 0.35464606235796486 0.69580725359882223 -0.63003174578308907
v 0.21501810891672879 0.70308827181650313 -0.68285832268676794
v 0.19555395404131637 0.68582892420602948 -0.70587442114353371
v 0.25329609540695225 0.73502555592986085 -0.63438157184755739
v 0.23430671774441403 0.71951469458206763 -0.65898436474755473
v 0.26352060764193358 0.66255031626646776 -0.70600665790038086
v 0.24914070240145797 0.69155248257396285 -0.68304136387770575
v 0.28287923514126778 0.67917122351332626 -0.68232488859340812
v 0.3213003477024271 0.70983130462366417 -0.63227140983513752
v 0.30226565765758562 0.69489961938107314 -0.65773208052213461
v 0.28745373302375665 0.72292350379573511 -0.63372979559085207
v 0.47333168122316527 0.32724489806484275 -0.82202762440603705
v 0.46618508914827717 0.364246744981365 -0.81046733492266609
v 0.49492609352620054 0.34730260246843514 -0.80080623173498167
v 0.40702834791702674 0.39693072521368622 -0.82682246961613848
v 0.43682899538399728 0.38081640595244293 -0.81915858987486856
v 0.41490429759228087 0.36038856585839874 -0.83954509645023001
v 0.47907474192313715 0.42009370639950411 -0.77515820607359986
v 0.45826264280660473 0.40074848929691326 -0.7976575313745099
v 0.44960938224861219 0.43656770707785009 -0.78365910149683615
v 0.28299373014771978 0.45690861839078439 -0.84735495085237533
v 0.31448260159565894 0.44268684930929908 -0.84379525251504184
v 0.29238114221605715 0.42135075769403985 -0.86246052043759802
v 0.3575897220173731 0.48357662955562958 -0.80320899567499937
v 0.33626390215701218 0.46346098440527556 -0.82400966229083872
v 0.32629974058648675 0.49819241243337958 -0.80758542878891604
v 0.35449106625232391 0.39180731210485709 -0.85304426542260414
v 0.34567808404409889 0.42794067223597854 -0.83918702079395913
v 0.3763989250747794 0.41273816374820088 -0.83356613436139027
v 0.43862702407559895 0.55747305387758872 -0.70971242382891753
v 0.41918175562437004 0.54010805311237486 -0.73446001247314097
v 0.40768030950761269 0.57289995384276482 -0.7158519219742131
v 0.44012778972846428 0.47201318592580299 -0.76834408608560911
v 0.43001673919482114 0.50642295918920099 -0.75198600350321376
v 0.46026973907431629 0.49029479455345526 -0.74473107230566926
v 0.36793307407405718 0.53692237018290045 -0.76367605631260915
v 0.39917891140243855 0.52199030143457359 -0.75831645810779036
v 0.37874260978465629 0.5032041303660153 -0.78115371860584248
v 0.39818341826726422 0.43302942426465496 -0.81289418987842477
v 0.3887374608605057 0.4685134995273364 -0.79764639717295127
v 0.41947047114120378 0.45281858478117432 -0.79111400623885064
v 0.20901641683181771 0.65611739789067691 -0.72985166953809155
v 0.2767170514326886 0.63173599415829351 -0.72883382239084127
v 0.24306764196564942 0.64434597770054891 -0.72979297106083407
v 0.22220727599643214 0.62528807822757471 -0.75266201435081848
v 0.23505691657764613 0.59350052030680278 -0.77418779365213464
v 0.37575402692737914 0.58877393608033524 -0.72042744117733148
v 0.33556868710342463 0.55224539281927421 -0.76764584776365141
v 0.35587927233886407 0.57084636699587077 -0.74454406797581119
v 0.34325878063627813 0.6038872432279766 -0.72412368344629119
v 0.31038784237205819 0.61816970019142525 -0.72690238512286676
v 0.27161995094143176 0.49221921777584421 -0.83114631554331042
v 0.24767810316993005 0.56045782482984896 -0.79460930253680451
v 0.25982813614977524 0.52679538766011635 -0.81353384476493407
v 0.29330039948594128 0.51283491116379276 -0.81107128007729834
v 0.31451474506348948 0.5327803475365015 -0.78999177538183263
v 0.28983944913094184 0.59974756186682754 -0.75043813127817449
v 0.30246067306467844 0.56670476862868158 -0.77085970058258391
v 0.26888956943369996 0.58047758327519805 -0.77304952727637077
v 0.55110347763736378 0.83829028365845548 -0.020401999248354841
v 0.54147118447466769 0.84309938238233317 -0.053425299531364982
v 0.58623302708126757 0.80890123008460513 -0.094188909397323162
v 0.56422150320116771 0.82647454148072386 -0.07386353696402255
v 0.59623989518555742 0.80475193708469417 -0.061108347888248933
v 0.5312102892588797 0.84687659370695223 -0.08647269868008213
v 0.52035393295758614 0.84961674940109355 -0.11935248420451593
v 0.66699736084018613 0.72899498201100488 -0.17476500909239714
v 0.64803774450099194 0.75027435366935114 -0.15491105514588985
v 0.67774903813191978 0.72629888834684497 -0.141450166719781
v 0.58542733534879621 0.79460396117766852 -0.18094552806817721
v 0.61721409817937356 0.77307959990636366 -0.16809706066393049
v 0.60547312216189497 0.77448850271185921 -0.20107654309613873
v 0.63852254096444372 0.76736181871218612 -0.10152221448878923
v 0.62824404208357587 0.77070565890130849 -0.13484864117425785
v 0.60771209323937514 0.79018309741423221 -0.1147110020718581
v 0.48418615846957302 0.85154020294734556 -0.21749679189931437
v 0.47103891848596402 0.85010395976840103 -0.24961447368922299
v 0.50883429539539793 0.85129293721455113 -0.15247896011551626
v 0.49680081506225426 0.85194204079145364 -0.18505548630543406
v 0.54001175218634689 0.81494585430687971 -0.22608056147666616
v 0.51875402353722466 0.83393127257006316 -0.20570546264237974
v 0.55241448121171399 0.81500702710002793 -0.19355531628290004
v 0.57569343639619619 0.81190594704099073 -0.12746647246857504
v 0.56440676729547801 0.81393946021827479 -0.16065318007878224
v 0.54268049420965747 0.83230906738090682 -0.14007629431519752
v 0.78800688413305076 0.52843649251315961 -0.32659155108340687
v 0.77621635061572947 0.55585660214325605 -0.30882621629332258
v 0.80057631682558017 0.529493205503209 -0.29253468136525562
v 0.72389177439786967 0.60608354794171848 -0.33986086848371005
v 0.75061211936199679 0.58143040240138621 -0.32462614171464477
v 0.73683783154528315 0.57940005683117568 -0.35808876601978218
v 0.77529260098825181 0.58312078650501786 -0.25642457240763988
v 0.76344936986127243 0.58267889879761758 -0.29067572255241875
v 0.7497696565768126 0.60875650331405251 -0.27225538285598616
v 0.60594109632125726 0.69543185872989421 -0.39505923027343903
v 0.63687933542968223 0.67465255670065072 -0.38221792907955282
v 0.62121466952853466 0.67031842469331815 -0.41427940756025239
v 0.66583970358925626 0.68063989240857492 -0.31662086275868323
v 0.65177687643083571 0.67810442931118053 -0.3496043652027862
v 0.63587570079295697 0.70252002053010643 -0.33013577924650345
v 0.6811259325493122 0.62679142874692551 -0.38737824463720283
v 0.66688491828087682 0.65281554471768033 -0.3687252388886787
v 0.69580761506322375 0.63003200822032068 -0.35464543845633179
v 0.7137316374476691 0.6817596849237767 -0.18070109797624923
v 0.70308863328090443 0.68285858512399966 -0.21501748501509577
v 0.68582928567043089 0.70587468358076533 -0.19555333013968335
v 0.73502591739426226 0.63438183428478889 -0.25329547150531923
v 0.71951505604646915 0.65898462718478634 -0.23430609384278103
v 0.74629811589475314 0.63395738581569583 -0.2190871420693361
v 0.66255067773086918 0.70600692033761248 -0.26351998374030056
v 0.69155284403836426 0.68304162631493714 -0.24914007849982489
v 0.67917158497772756 0.68232515103063962 -0.2828786112396347
v 0.70983166608806558 0.63227167227236913 -0.32129972380079402
v 0.69489998084547466 0.65773234295936622 -0.30226503375595248
v 0.72292386526013652 0.63373005802808358 -0.28745310912212357
v 0.36424710644576636 0.81046759735989782 -0.46618446524664409
v 0.34730296393283644 0.80080649417221339 -0.49492546962456746
v 0.39693108667808757 0.8268227320533702 -0.40702772401539361
v 0.38081676741684423 0.81915885231210017 -0.43682837148236414
v 0.42009406786390546 0.77515846851083159 -0.47907411802150407
v 0.40074885076131461 0.79765779381174162 -0.45826201890497165
v 0.43656806854225144 0.78365936393406788 -0.44960875834697905
v 0.45690897985518569 0.84735521328960695 -0.28299310624608676
v 0.44268721077370043 0.84379551495227356 -0.31448197769402592
v 0.48357699102003088 0.80320925811223098 -0.35758909811574008
v 0.46346134586967686 0.82400992472807033 -0.33626327825537916
v 0.49819277389778088 0.80758569122614776 -0.32629911668485373
v 0.42794103370037984 0.83918728323119085 -0.34567746014246581
v 0.41273852521260218 0.83356639679862188 -0.37639830117314621
v 0.55747341534199024 0.70971268626614914 -0.43862640017396587
v 0.54010841457677639 0.73446027491037247 -0.41918113172273697
v 0.57290031530716623 0.71585218441144471 -0.40767968560597961
v 0.47201354739020424 0.76834434852284084 -0.4401271658268312
v 0.5064233206536024 0.75198626594044538 -0.43001611529318812
v 0.49029515601785667 0.74473133474290076 -0.46026911517268315
v 0.53692273164730187 0.76367631874984077 -0.3679324501724241
v 0.521990662898975 0.75831672054502197 -0.39917828750080553
v 0.5032044918304166 0.7811539810430741 -0.37874198588302327
v 0.43302978572905626 0.81289445231565638 -0.39818279436563114
v 0.4685138609917377 0.797646659610183 -0.38873683695887268
v 0.45281894624557556 0.79111426867608237 -0.4194698472395707
v 0.65611775935507843 0.72985193197532328 -0.20901579293018469
v 0.63173635562269492 0.72883408482807299 -0.27671642753105558
v 0.64434633916495021 0.72979323349806569 -0.24306701806401634
v 0.62528843969197612 0.75266227678805009 -0.22220665209479912
v 0.59350088177120408 0.77418805608936625 -0.23505629267601308
v 0.58877429754473676 0.72042770361456321 -0.37575340302574611
v 0.55224575428367551 0.76764611020088303 -0.33556806320179161
v 0.57084672846027207 0.7445443304130428 -0.35587864843723099
v 0.60388760469237801 0.7241239458835228 -0.3432581567346451
v 0.61817006165582666 0.72690264756009837 -0.31038721847042516
v 0.49221957924024545 0.83114657798054214 -0.27161932703979869
v 0.56045818629425037 0.79460956497403623 -0.247677479268297
v 0.52679574912451765 0.81353410720216579 -0.25982751224814216
v 0.51283527262819406 0.81107154251452984 -0.2932997755843082
v 0.53278070900090269 0.78999203781906435 -0.3145141211618564
v 0.59974792333122884 0.75043839371540622 -0.28983882522930882
v 0.56670513009308288 0.77085996301981563 -0.30246004916304547
v 0.58047794473959946 0.7730497897136025 -0.26888894553206694
v 0.83829064512285689 0.020402261685586506 -0.55110285373573076
v 0.84309974384673458 0.053425561968596658 -0.54147056057303466
v 0.85869264434601567 0.033011390643947584 -0.5180917255542109
v 0.80890159154900654 0.09418917183455483 -0.58623240317963454
v 0.82647490294512527 0.073863799401254218 -0.56422087929953468
v 0.80475229854909558 0.061108610325480602 -0.5962392712839244
v 0.86586064641214844 0.098875646301199285 -0.49736388744515292
v 0.84687695517135364 0.086472961117313799 -0.53120966535724667
v 0.84961711086549507 0.11935274664174761 -0.52035330905595323
v 0.72899534347540629 0.17476527152962884 -0.6669967369385531
v 0.75027471513375255 0.15491131758312152 -0.64803712059935892
v 0.72629924981124638 0.14145042915701267 -0.67774841423028676
v 0.79460432264206993 0.1809457905054089 -0.58542671144716318
v 0.77307996137076507 0.16809732310116218 -0.61721347427774054
v 0.77448886417626062 0.20107680553337043 -0.60547249826026195
v 0.76736218017658753 0.1015224769260209 -0.6385219170628107
v 0.7707060203657099 0.13484890361148952 -0.62824341818194285
v 0.79018345887863362 0.11471126450908976 -0.60771146933774212
v 0.86774941650583115 0.22887143988860456 -0.44887723680411001
v 0.85154056441174686 0.21749705433654606 -0.48418553456794006
v 0.85010432123280244 0.24961473612645471 -0.47103829458433105
v 0.85129329867895254 0.15247922255274793 -0.50883367149376491
v 0.85194240225585505 0.18505574874266578 -0.49680019116062124
v 0.86888439464018064 0.16426665607767765 -0.47425552344756106
v 0.81494621577128112 0.22608082391389789 -0.54001112828471387
v 0.83393163403446458 0.20570572507961146 -0.51875339963559164
v 0.81500738856442934 0.19355557872013168 -0.55241385731008086
v 0.81190630850539214 0.12746673490580671 -0.57569281249456317
v 0.8139398216826762 0.16065344251601391 -0.56440614339384498
v 0.83230942884530823 0.14007655675242922 -0.54267987030802445
v 0.52843685397756102 0.32659181352063854 -0.78800626023141773
v 0.55585696360765757 0.30882647873055419 -0.77621572671409633
v 0.52949356696761052 0.29253494380248729 -0.80057569292394715
v 0.60608390940611989 0.33986113092094178 -0.72389115049623665
v 0.58143076386578763 0.32462640415187644 -0.75061149546036376
v 0.57940041829557709 0.35808902845701385 -0.73683720764364991
v 0.58312114796941938 0.25642483484487155 -0.77529197708661879
v 0.58267926026201899 0.29067598498965042 -0.7634487459596393
v 0.60875686477845392 0.27225564529321788 -0.74976903267517958
v 0.69543222019429551 0.39505949271067081 -0.60594047241962434
v 0.67465291816505213 0.38221819151678454 -0.63687871152804931
v 0.67031878615771956 0.41427966999748417 -0.62121404562690163
v 0.68064025387297622 0.31662112519591484 -0.66583907968762313
v 0.67810479077558183 0.34960462764001793 -0.65177625252920268
v 0.70252038199450784 0.33013604168373517 -0.63587507689132394
v 0.62679179021132692 0.38737850707443455 -0.68112530864767917
v 0.65281590618208174 0.36872550132591042 -0.66688429437924368
v 0.6300323696847222 0.35464570089356351 -0.69580699116159062
v 0.68176004638817811 0.18070136041348089 -0.71373101354603607
v 0.68285894658840107 0.21501774745232743 -0.70308800937927141
v 0.70587504504516674 0.19555359257691501 -0.68582866176879786
v 0.63438219574919041 0.25329573394255089 -0.73502529349262924
v 0.65898498864918775 0.2343063562800127 -0.71951443214483601
v 0.63395774728009724 0.21908740450656777 -0.74629749199312012
v 0.70600728180201389 0.26352024617753228 -0.66255005382923615
v 0.68304198777933878 0.24914034093705661 -0.69155222013673112
v 0.68232551249504114 0.28287887367686643 -0.67917096107609465
v 0.63227203373677054 0.32129998623802575 -0.70983104218643256
v 0.65773270442376763 0.30226529619318426 -0.69489935694384153
v 0.6337304194924851 0.2874533715593553 -0.7229232413585035
v 0.82202824830767007 0.47333131975876391 -0.32724463562761108
v 0.81046795882429912 0.46618472768387581 -0.36424648254413333
v 0.80080685563661469 0.49492573206179918 -0.34730234003120347
v 0.8268230935177715 0.40702798645262539 -0.39693046277645455
v 0.81915921377650158 0.43682863391959592 -0.38081614351521126
v 0.83954572035186303 0.41490393612787951 -0.36038830342116707
v 0.77515882997523289 0.47907438045873579 -0.42009344396227244
v 0.79765815527614292 0.45826228134220337 -0.40074822685968159
v 0.78365972539846918 0.44960902078421083 -0.43656744464061842
v 0.84735557475400836 0.28299336868331842 -0.45690835595355273
v 0.84379587641667486 0.31448224013125758 -0.44268658687206741
v 0.86246114433923105 0.2923807807516558 -0.42135049525680818
v 0.80320961957663239 0.35758936055297175 -0.48357636711839791
v 0.82401028619247174 0.33626354069261083 -0.46346072196804389
v 0.80758605269054906 0.32629937912208545 -0.49819214999614791
v 0.85304488932423717 0.35449070478792255 -0.39180704966762542
v 0.83918764469559215 0.34567772257969753 -0.42794040979874687
v 0.83356675826302329 0.37639856361037805 -0.41273790131096921
v 0.70971304773055055 0.4386266626111977 -0.55747279144035711
v 0.73446063637477388 0.41918139415996875 -0.54010779067514336
v 0.71585254587584612 0.40767994804321134 -0.5728996914055331
v 0.76834470998724225 0.44012742826406298 -0.47201292348857132
v 0.7519866274048469 0.43001637773041984 -0.50642269675196938
v 0.74473169620730229 0.46026937760991493 -0.49029453211622359
v 0.76367668021424218 0.36793271260965582 -0.53692210774566884
v 0.75831708200942327 0.3991785499380372 -0.52199003899734209
v 0.7811543425074754 0.37874224832025505 -0.50320386792878369
v 0.81289481378005779 0.39818305680286287 -0.43302916182742329
v 0.79764702107458429 0.38873709939610435 -0.46851323709010473
v 0.79111463014048367 0.41947010967680243 -0.45281832234394259
v 0.72985229343972458 0.20901605536741638 -0.6561171354534453
v 0.72883444629247429 0.27671668996828724 -0.6317357317210619
v 0.7297935949624671 0.24306728050124807 -0.64434571526331719
v 0.7526626382524515 0.22220691453203079 -0.62528781579034309
v 0.77418841755376766 0.23505655511324475 -0.59350025786957106
v 0.7204280650789644 0.37575366546297784 -0.58877367364310373
v 0.76764647166528444 0.33556832563902328 -0.55224513038204259
v 0.74454469187744421 0.35587891087446272 -0.57084610455863916
v 0.72412430734792421 0.34325841917187672 -0.6038869807907451
v 0.72690300902449978 0.31038748090765683 -0.61816943775419364
v 0.83114693944494356 0.27161958947703041 -0.49221895533861248
v 0.79460992643843753 0.24767774170552875 -0.56045756239261735
v 0.81353446866656709 0.25982777468537382 -0.52679512522288463
v 0.81107190397893125 0.29330003802153998 -0.51283464872656115
v 0.78999239928346565 0.31451438359908812 -0.53278008509926977
v 0.75043875517980752 0.28983908766654048 -0.59974729942959593
v 0.77086032448421693 0.30246031160027709 -0.56670450619144996
v 0.7730501511780038 0.2688892079692986 -0.58047732083796644
v 0.36360919848911816 0.77646118056940583 -0.52130413748650806
v 0.43598830253531373 0.74966498074035026 -0.50475569424557976
v 0.40015329930204535 0.76365107137215082 -0.51339656703613368
v 0.37944243145876227 0.75085105110849459 -0.54690745514307293
v 0.39469125983170089 0.72414200471466172 -0.57157571297488108
v 0.572530985781877 0.68179392714839826 -0.46284677826313048
v 0.53972588809246469 0.70039756648228968 -0.47434271612830808
v 0.50139652042377014 0.67837144271324978 -0.54339254078939259
v 0.5209941514218509 0.6899291866662014 -0.50933739353989871
v 0.53516758394879171 0.66089870497674941 -0.53260710677465395
v 0.50600243864736749 0.71793359745679253 -0.48517486188473691
v 0.47157892439208443 0.73428488963843064 -0.49527845645181395
v 0.43717990473850143 0.63702066335975949 -0.64026560260480136
v 0.45003088519539514 0.60608470136067172 -0.66105610463733899
v 0.40957203385072516 0.69596252374717626 -0.59560771288442749
v 0.42366263843344348 0.66704480229771168 -0.61840345725774182
v 0.49424345433013389 0.63560620191241257 -0.59882373945764855
v 0.45936023240858359 0.65183732985614373 -0.60906316936322369
v 0.48068414907842111 0.6655704932342148 -0.57690586161377655
v 0.45163809462635918 0.72277723637786917 -0.52960154610942123
v 0.46657155522030802 0.69468434410185409 -0.55370240147001215
v 0.43092564222320978 0.70997623680235833 -0.56311499808808152
v 0.77646154203380724 0.52130439992373978 -0.36360857458748513
v 0.74966534220475167 0.50475595668281148 -0.43598767863368065
v 0.76365143283655212 0.51339682947336529 -0.40015267540041233
v 0.750851412572896 0.54690771758030454 -0.37944180755712925
v 0.72414236617906302 0.57157597541211269 -0.39469063593006776
v 0.68179428861279978 0.4628470407003622 -0.57253036188024387
v 0.7003979279466912 0.47434297856553981 -0.53972526419083167
v 0.67837180417765131 0.5433928032266242 -0.50139589652213701
v 0.68992954813060292 0.50933765597713032 -0.52099352752021777
v 0.66089906644115082 0.53260736921188556 -0.53516696004715858
v 0.71793395892119405 0.48517512432196869 -0.50600181474573447
v 0.73428525110283216 0.49527871888904568 -0.47157830049045135
v 0.6370210248241609 0.64026586504203309 -0.43717928083686836
v 0.60608506282507313 0.66105636707457061 -0.45003026129376206
v 0.69596288521157779 0.59560797532165921 -0.40957140994909208
v 0.66704516376211309 0.61840371969497354 -0.42366201453181035
v 0.63560656337681398 0.59882400189488016 -0.49424283042850076
v 0.65183769132054514 0.6090634318004553 -0.45935960850695046
v 0.66557085469861632 0.57690612405100827 -0.48068352517678803
v 0.72277759784227069 0.52960180854665306 -0.4516374707247261
v 0.6946847055662555 0.55370266390724376 -0.46657093131867494
v 0.70997659826675985 0.56311526052531324 -0.43092501832157665
v 0.52130476138814119 0.36360883702471675 -0.7764609181321741
v 0.50475631814721289 0.43598794107091232 -0.74966471830311865
v 0.5133971909377667 0.400152937837644 -0.7636508089349191
v 0.54690807904470595 0.37944206999436098 -0.75085078867126298
v 0.57157633687651421 0.39469089836729943 -0.72414174227743
v 0.46284740216476356 0.57253062431747559 -0.68179366471116676
v 0.47434334002994111 0.53972552662806317 -0.70039730404505818
v 0.54339316469102561 0.50139615895936862 -0.67837118027601828
v 0.50933801744153184 0.52099378995744949 -0.68992892422896979
v 0.53260773067628697 0.5351672224843903 -0.66089844253951779
v 0.48517548578636999 0.50600207718296608 -0.71793333501956103
v 0.49527908035344703 0.47157856292768302 -0.73428462720119914
v 0.6402662265064345 0.43717954327410008 -0.63702040092252787
v 0.66105672853897202 0.45003052373099378 -0.60608443892344011
v 0.59560833678606051 0.40957167238632375 -0.69596226130994465
v 0.61840408115937495 0.42366227696904207 -0.66704453986048007
v 0.59882436335928158 0.49424309286573248 -0.63560593947518096
v 0.60906379326485671 0.45935987094418212 -0.65183706741891212
v 0.57690648551540968 0.4806837876140197 -0.6655702307969833
v 0.52960217001105436 0.45163773316195771 -0.72277697394063756
v 0.55370302537164517 0.46657119375590661 -0.69468408166462248
v 0.56311562198971465 0.43092528075880832 -0.70997597436512672
v 0.58833860291461193 0.65174110618052061 -0.48574998889522497
v 0.61689276926973047 0.58837216832587813 -0.52926679284510958
v 0.60315854561389737 0.62053058699926844 -0.50794034535461852
v 0.56960432657366833 0.64126823483208895 -0.52075691656202716
v 0.55000673458571747 0.62971001113330238 -0.55481498472169832
v 0.65174146764492202 0.4857502513324567 -0.5883379790129788
v 0.58837252979027954 0.52926705528234119 -0.61689214536809756
v 0.62053094846366996 0.50794060779185024 -0.60315792171226446
v 0.64126859629649036 0.52075717899925889 -0.56960370267203531
v 0.62971037259770379 0.55481524715892994 -0.55000611068408445
v 0.48575061279685799 0.58833824145021052 -0.651740843743289
v 0.52926741674674271 0.61689240780532906 -0.58837190588864652
v 0.50794096925625176 0.60315818414949596 -0.62053032456203694
v 0.5207575404636603 0.56960396510926692 -0.64126797239485733
v 0.55481560862333146 0.55000637312131606 -0.62970974869607088
v 0.59726184965780937 0.57652208018733409 -0.56370415869579737
v 0.5765224416517355 0.56370442113302899 -0.59726122575617635
v 0.5637047825974304 0.59726148819340785 -0.57652181775010247
v 0.55110347763736378 -0.83828975873360012 0.020401999197962706
v 0.54147118447466769 -0.84309885745747781 0.053425299480972847
v 0.51809234945584393 -0.85869175795675889 0.033011128156323774
v 0.58623302708126757 -0.80890070515974977 0.094188909346931027
v 0.56422150320116771 -0.8264740165558685 0.073863536913630415
v 0.59623989518555742 -0.80475141215983881 0.061108347837856798
v 0.49736451134678594 -0.86585976002289167 0.098875383813575454
v 0.5312102892588797 -0.84687606878209687 0.086472698629689995
v 0.52035393295758614 -0.84961622447623819 0.11935248415412379
v 0.66699736084018613 -0.72899445708614952 0.17476500904200501
v 0.64803774450099194 -0.75027382874449577 0.15491105509549771
v 0.67774903813191978 -0.72629836342198961 0.14145016666938887
v 0.58542733534879621 -0.79460343625281316 0.18094552801778507
v 0.61721409817937356 -0.7730790749815083 0.16809706061353835
v 0.60547312216189497 -0.77448797778700385 0.2010765430457466
v 0.63852254096444372 -0.76736129378733076 0.1015222144383971
v 0.62824404208357587 -0.77070513397645313 0.13484864112386571
v 0.60771209323937514 -0.79018257248937684 0.11471100202146596
v 0.44887786070574304 -0.86774853011657438 0.2288711774009807
v 0.48418615846957302 -0.8515396780224902 0.21749679184892223
v 0.47103891848596402 -0.85010343484354567 0.24961447363883085
v 0.50883429539539793 -0.85129241228969577 0.15247896006512413
v 0.49680081506225426 -0.85194151586659828 0.18505548625504192
v 0.47425614734919402 -0.86888350825092386 0.16426639359005382
v 0.54001175218634689 -0.81494532938202435 0.22608056142627403
v 0.51875402353722466 -0.8339307476452078 0.2057054625919876
v 0.55241448121171399 -0.81500650217517256 0.19355531623250791
v 0.57569343639619619 -0.81190542211613537 0.1274664724181829
v 0.56440676729547801 -0.81393893529341943 0.1606531800283901
v 0.54268049420965747 -0.83230854245605146 0.14007629426480539
v 0.78800688413305076 -0.52843596758830425 0.32659155103301474
v 0.77621635061572947 -0.55585607721840069 0.30882621624293044
v 0.80057631682558017 -0.52949268057835364 0.29253468131486349
v 0.72389177439786967 -0.60608302301686312 0.33986086843331792
v 0.75061211936199679 -0.58142987747653085 0.32462614166425263
v 0.73683783154528315 -0.57939953190632032 0.35808876596939004
v 0.77529260098825181 -0.5831202615801625 0.25642457235724775
v 0.76344936986127243 -0.58267837387276222 0.29067572250202661
v 0.7497696565768126 -0.60875597838919715 0.27225538280559403
v 0.60594109632125726 -0.69543133380503885 0.3950592302230469
v 0.63687933542968223 -0.67465203177579536 0.38221792902916069
v 0.62121466952853466 -0.67031789976846279 0.41427940750986025
v 0.66583970358925626 -0.68063936748371956 0.3166208627082911
v 0.65177687643083571 -0.67810390438632517 0.34960436515239407
v 0.63587570079295697 -0.70251949560525107 0.33013577919611131
v 0.6811259325493122 -0.62679090382207014 0.38737824458681069
v 0.66688491828087682 -0.65281501979282497 0.36872523883828656
v 0.69580761506322375 -0.63003148329546532 0.35464543840593965
v 0.7137316374476691 -0.68175915999892134 0.18070109792585709
v 0.70308863328090443 -0.6828580601991443 0.21501748496470363
v 0.68582928567043089 -0.70587415865590997 0.19555333008929121
v 0.73502591739426226 -0.63438130935993353 0.25329547145492709
v 0.71951505604646915 -0.65898410225993098 0.2343060937923889
v 0.74629811589475314 -0.63395686089084047 0.21908714201894397
v 0.66255067773086918 -0.70600639541275712 0.26351998368990842
v 0.69155284403836426 -0.68304110139008178 0.24914007844943276
v 0.67917158497772756 -0.68232462610578426 0.28287861118924257
v 0.70983166608806558 -0.63227114734751377 0.32129972375040189
v 0.69489998084547466 -0.65773181803451086 0.30226503370556035
v 0.72292386526013652 -0.63372953310322822 0.28745310907173144
v 0.32724525952924399 -0.8220273619184133 0.47333105727114
v 0.36424710644576636 -0.81046707243504246 0.46618446519625195
v 0.34730296393283644 -0.80080596924735803 0.49492546957417533
v 0.39693108667808757 -0.82682220712851484 0.40702772396500148
v 0.38081676741684423 -0.81915832738724481 0.43682837143197201
v 0.36038892732280003 -0.83954483396260637 0.4149036736402556
v 0.42009406786390546 -0.77515794358597623 0.47907411797111193
v 0.40074885076131461 -0.79765726888688626 0.45826201885457951
v 0.43656806854225144 -0.78365883900921252 0.44960875829658692
v 0.45690897985518569 -0.84735468836475158 0.28299310619569462
v 0.44268721077370043 -0.8437949900274182 0.31448197764363378
v 0.42135111915844115 -0.86246025794997427 0.29238051826403189
v 0.48357699102003088 -0.80320873318737562 0.35758909806534794
v 0.46346134586967686 -0.82400939980321497 0.33626327820498703
v 0.49819277389778088 -0.8075851663012924 0.32629911663446159
v 0.39180767356925839 -0.85304400293498062 0.35449044230029864
v 0.42794103370037984 -0.83918675830633549 0.34567746009207367
v 0.41273852521260218 -0.83356587187376652 0.37639830112275408
v 0.55747341534199024 -0.70971216134129378 0.43862640012357373
v 0.54010841457677639 -0.73445974998551711 0.41918113167234483
v 0.57290031530716623 -0.71585165948658935 0.40767968555558748
v 0.47201354739020424 -0.76834382359798548 0.44012716577643907
v 0.5064233206536024 -0.75198574101559001 0.43001611524279598
v 0.49029515601785667 -0.7447308098180454 0.46026911512229102
v 0.53692273164730187 -0.7636757938249854 0.36793245012203196
v 0.521990662898975 -0.75831619562016661 0.39917828745041339
v 0.5032044918304166 -0.78115345611821874 0.37874198583263113
v 0.43302978572905626 -0.81289392739080102 0.39818279431523901
v 0.4685138609917377 -0.79764613468532763 0.38873683690848054
v 0.45281894624557556 -0.79111374375122701 0.41946984718917857
v 0.65611775935507843 -0.72985140705046792 0.20901579287979255
v 0.63173635562269492 -0.72883355990321763 0.27671642748066344
v 0.64434633916495021 -0.72979270857321032 0.24306701801362421
v 0.62528843969197612 -0.75266175186319473 0.22220665204440698
v 0.59350088177120408 -0.77418753116451089 0.23505629262562094
v 0.58877429754473676 -0.72042717868970785 0.37575340297535398
v 0.55224575428367551 -0.76764558527602766 0.33556806315139948
v 0.57084672846027207 -0.74454380548818744 0.35587864838683886
v 0.60388760469237801 -0.72412342095866744 0.34325815668425297
v 0.61817006165582666 -0.72690212263524301 0.31038721842003303
v 0.49221957924024545 -0.83114605305568678 0.27161932698940655
v 0.56045818629425037 -0.79460904004918087 0.24767747921790487
v 0.52679574912451765 -0.81353358227731043 0.25982751219775002
v 0.51283527262819406 -0.81107101758967448 0.29329977553391606
v 0.53278070900090269 -0.78999151289420899 0.31451412111146426
v 0.59974792333122884 -0.75043786879055085 0.28983882517891668
v 0.56670513009308288 -0.77085943809496027 0.30246004911265334
v 0.58047794473959946 -0.77304926478874714 0.2688889454816748
v 0.83829064512285689 -0.020401736760731041 0.55110285368533862
v 0.84309974384673458 -0.053425037043741186 0.54147056052264253
v 0.85869264434601567 -0.033010865719092113 0.51809172550381877
v 0.80890159154900654 -0.094188646909699358 0.58623240312924241
v 0.82647490294512527 -0.073863274476398746 0.56422087924914255
v 0.80475229854909558 -0.06110808540062513 0.59623927123353226
v 0.86586064641214844 -0.098875121376343814 0.49736388739476078
v 0.84687695517135364 -0.086472436192458327 0.53120966530685454
v 0.84961711086549507 -0.11935222171689214 0.52035330900556109
v 0.72899534347540629 -0.17476474660477337 0.66699673688816097
v 0.75027471513375255 -0.15491079265826604 0.64803712054896678
v 0.72629924981124638 -0.1414499042321572 0.67774841417989462
v 0.79460432264206993 -0.18094526558055343 0.58542671139677105
v 0.77307996137076507 -0.16809679817630671 0.6172134742273484
v 0.77448886417626062 -0.20107628060851496 0.60547249820986981
v 0.76736218017658753 -0.10152195200116543 0.63852191701241856
v 0.7707060203657099 -0.13484837868663405 0.62824341813155071
v 0.79018345887863362 -0.11471073958423429 0.60771146928734998
v 0.86774941650583115 -0.22887091496374909 0.44887723675371788
v 0.85154056441174686 -0.21749652941169059 0.48418553451754792
v 0.85010432123280244 -0.24961421120159924 0.47103829453393892
v 0.85129329867895254 -0.15247869762789246 0.50883367144337277
v 0.85194240225585505 -0.18505522381781031 0.49680019111022911
v 0.86888439464018064 -0.16426613115282218 0.47425552339716892
v 0.81494621577128112 -0.22608029898904242 0.54001112823432174
v 0.83393163403446458 -0.20570520015475599 0.5187533995851995
v 0.81500738856442934 -0.19355505379527621 0.55241385725968872
v 0.81190630850539214 -0.12746620998095123 0.57569281244417103
v 0.8139398216826762 -0.16065291759115843 0.56440614334345285
v 0.83230942884530823 -0.14007603182757375 0.54267987025763231
v 0.52843685397756102 -0.32659128859578307 0.7880062601810256
v 0.55585696360765757 -0.30882595380569872 0.7762157266637042
v 0.52949356696761052 -0.29253441887763182 0.80057569287355501
v 0.60608390940611989 -0.33986060599608631 0.72389115044584451
v 0.58143076386578763 -0.32462587922702096 0.75061149540997163
v 0.57940041829557709 -0.35808850353215838 0.73683720759325777
v 0.58312114796941938 -0.25642430992001608 0.77529197703622665
v 0.58267926026201899 -0.29067546006479494 0.76344874590924716
v 0.60875686477845392 -0.27225512036836241 0.74976903262478745
v 0.69543222019429551 -0.39505896778581534 0.60594047236923221
v 0.67465291816505213 -0.38221766659192907 0.63687871147765718
v 0.67031878615771956 -0.4142791450726287 0.6212140455765095
v 0.68064025387297622 -0.31662060027105937 0.66583907963723099
v 0.67810479077558183 -0.34960410271516246 0.65177625247881055
v 0.70252038199450784 -0.3301355167588797 0.63587507684093181
v 0.62679179021132692 -0.38737798214957908 0.68112530859728704
v 0.65281590618208174 -0.36872497640105495 0.66688429432885155
v 0.6300323696847222 -0.35464517596870804 0.69580699111119848
v 0.68176004638817811 -0.18070083548862542 0.71373101349564394
v 0.68285894658840107 -0.21501722252747196 0.70308800932887927
v 0.70587504504516674 -0.19555306765205954 0.68582866171840573
v 0.63438219574919041 -0.25329520901769542 0.7350252934422371
v 0.65898498864918775 -0.23430583135515723 0.71951443209444388
v 0.63395774728009724 -0.2190868795817123 0.74629749194272799
v 0.70600728180201389 -0.26351972125267681 0.66255005377884402
v 0.68304198777933878 -0.24913981601220114 0.69155222008633899
v 0.68232551249504114 -0.28287834875201096 0.67917096102570251
v 0.63227203373677054 -0.32129946131317028 0.70983104213604042
v 0.65773270442376763 -0.30226477126832879 0.69489935689344939
v 0.6337304194924851 -0.28745284663449983 0.72292324130811136
v 0.82202824830767007 -0.47333079483390844 0.32724463557721895
v 0.81046795882429912 -0.46618420275902034 0.3642464824937412
v 0.80080685563661469 -0.49492520713694371 0.34730233998081134
v 0.8268230935177715 -0.40702746152776992 0.39693046272606242
v 0.81915921377650158 -0.43682810899474045 0.38081614346481912
v 0.83954572035186303 -0.41490341120302404 0.36038830337077493
v 0.77515882997523289 -0.47907385553388032 0.4200934439118803
v 0.79765815527614292 -0.4582617564173479 0.40074822680928945
v 0.78365972539846918 -0.44960849585935536 0.43656744459022628
v 0.84735557475400836 -0.28299284375846295 0.45690835590316059
v 0.84379587641667486 -0.31448171520640211 0.44268658682167528
v 0.86246114433923105 -0.29238025582680033 0.42135049520641604
v 0.80320961957663239 -0.35758883562811627 0.48357636706800577
v 0.82401028619247174 -0.33626301576775536 0.46346072191765175
v 0.80758605269054906 -0.32629885419722998 0.49819214994575578
v 0.85304488932423717 -0.35449017986306708 0.39180704961723328
v 0.83918764469559215 -0.34567719765484206 0.42794040974835473
v 0.83356675826302329 -0.37639803868552257 0.41273790126057708
v 0.70971304773055055 -0.43862613768634223 0.55747279138996497
v 0.73446063637477388 -0.41918086923511327 0.54010779062475123
v 0.71585254587584612 -0.40767942311835587 0.57289969135514096
v 0.76834470998724225 -0.44012690333920751 0.47201292343817919
v 0.7519866274048469 -0.43001585280556437 0.50642269670157725
v 0.74473169620730229 -0.46026885268505946 0.49029453206583146
v 0.76367668021424218 -0.36793218768480035 0.53692210769527671
v 0.75831708200942327 -0.39917802501318173 0.52199003894694995
v 0.7811543425074754 -0.37874172339539958 0.50320386787839155
v 0.81289481378005779 -0.3981825318780074 0.43302916177703116
v 0.79764702107458429 -0.38873657447124887 0.46851323703971259
v 0.79111463014048367 -0.41946958475194696 0.45281832229355046
v 0.72985229343972458 -0.20901553044256091 0.65611713540305316
v 0.72883444629247429 -0.27671616504343177 0.63173573167066976
v 0.7297935949624671 -0.2430667555763926 0.64434571521292505
v 0.7526626382524515 -0.22220638960717531 0.62528781573995096
v 0.77418841755376766 -0.23505603018838928 0.59350025781917892
v 0.7204280650789644 -0.37575314053812237 0.5887736735927116
v 0.76764647166528444 -0.33556780071416781 0.55224513033165046
v 0.74454469187744421 -0.35587838594960725 0.57084610450824702
v 0.72412430734792421 -0.34325789424702124 0.60388698074035296
v 0.72690300902449978 -0.31038695598280136 0.61816943770380151
v 0.83114693944494356 -0.27161906455217494 0.49221895528822035
v 0.79460992643843753 -0.24767721678067328 0.56045756234222521
v 0.81353446866656709 -0.25982724976051835 0.5267951251724925
v 0.81107190397893125 -0.29329951309668451 0.51283464867616901
v 0.78999239928346565 -0.31451385867423265 0.53278008504887764
v 0.75043875517980752 -0.28983856274168501 0.59974729937920379
v 0.77086032448421693 -0.30245978667542162 0.56670450614105783
v 0.7730501511780038 -0.26888868304444313 0.5804773207875743
v 0.020402623149987864 -0.55110259124810701 0.83829002117083184
v 0.053425923432998006 -0.54147029808541081 0.84309911989470943
v 0.033011752108348939 -0.51809146306658715 0.85869202039399051
v 0.094189533298956171 -0.58623214069201079 0.80890096759698138
v 0.073864160865655573 -0.56422061681191094 0.82647427899310011
v 0.06110897178988195 -0.59623900879630076 0.80475167459707053
v 0.09887600776560064 -0.49736362495752912 0.86586002246012328
v 0.086473322581715167 -0.53120940286962304 0.84687633121932837
v 0.11935310810614898 -0.52035304656832948 0.84961648691346991
v 0.17476563299403014 -0.66699647445092936 0.72899471952338102
v 0.15491167904752284 -0.64803685811173517 0.75027409118172739
v 0.141450790621414 -0.67774815174266301 0.72629862585922123
v 0.18094615196981026 -0.58542644895953944 0.79460369869004466
v 0.16809768456556351 -0.61721321179011679 0.77307933741873991
v 0.20107716699777176 -0.6054722357726382 0.77448824022423546
v 0.10152283839042223 -0.63852165457518706 0.76736155622456237
v 0.13484926507589085 -0.6282431556943191 0.77070539641368463
v 0.11471162597349112 -0.60771120685011837 0.79018283492660857
v 0.22887180135300592 -0.44887697431648621 0.86774879255380599
v 0.21749741580094745 -0.48418527208031631 0.8515399404597217
v 0.24961509759085607 -0.47103803209670725 0.85010369728077728
v 0.15247958401714928 -0.50883340900614116 0.85129267472692738
v 0.18505611020706714 -0.49679992867299744 0.85194177830382989
v 0.16426701754207901 -0.47425526095993725 0.86888377068815548
v 0.22608118537829924 -0.54001086579709023 0.81494559181925585
v 0.20570608654401282 -0.51875313714796789 0.83393101008243942
v 0.19355594018453307 -0.55241359482245722 0.81500676461240407
v 0.12746709637020806 -0.57569255000693942 0.81190568455336698
v 0.16065380398041526 -0.56440588090622124 0.81393919773065104
v 0.14007691821683058 -0.5426796078204007 0.83230880489328307
v 0.32659217498503995 -0.7880059977437941 0.52843623002553586
v 0.3088268401949556 -0.77621546422647258 0.55585633965563241
v 0.2925353052668887 -0.80057543043632329 0.52949294301558536
v 0.33986149238534313 -0.7238908880086129 0.60608328545409473
v 0.32462676561627779 -0.75061123297274002 0.58143013991376247
v 0.3580893899214152 -0.73683694515602627 0.57939979434355182
v 0.25642519630927291 -0.77529171459899504 0.58312052401739423
v 0.29067634645405177 -0.76344848347201555 0.58267863630999384
v 0.27225600675761924 -0.74976877018755583 0.60875624082642876
v 0.39505985417507211 -0.60594020993200048 0.69543159624227047
v 0.3822185529811859 -0.63687844904042545 0.67465229421302686
v 0.41428003146188541 -0.62121378313927789 0.6703181622056944
v 0.3166214866603162 -0.66583881719999938 0.68063962992095106
v 0.34960498910441928 -0.65177599004157893 0.67810416682355679
v 0.33013640314813653 -0.63587481440370019 0.70251975804248268
v 0.38737886853883591 -0.68112504616005554 0.62679116625930176
v 0.36872586279031183 -0.66688403189162004 0.65281528223005658
v 0.35464606235796486 -0.69580672867396687 0.63003174573269694
v 0.18070172187788225 -0.71373075105841233 0.68175942243615295
v 0.21501810891672879 -0.70308774689164777 0.6828583226363758
v 0.19555395404131637 -0.68582839928117412 0.70587442109314158
v 0.25329609540695225 -0.73502503100500549 0.63438157179716526
v 0.23430671774441403 -0.71951416965721227 0.65898436469716259
v 0.21908776597096916 -0.74629722950549648 0.63395712332807197
v 0.26352060764193358 -0.6625497913416124 0.70600665784998873
v 0.24914070240145797 -0.69155195764910748 0.68304136382731362
v 0.28287923514126778 -0.6791706985884709 0.68232488854301598
v 0.3213003477024271 -0.70983077969880881 0.63227140978474539
v 0.30226565765758562 -0.69489909445621778 0.65773208047174248
v 0.28745373302375665 -0.72292297887087975 0.63372979554045994
v 0.47333168122316527 -0.32724437313998728 0.82202762435564491
v 0.46618508914827717 -0.36424622005650953 0.81046733487227396
v 0.49492609352620054 -0.34730207754357967 0.80080623168458953
v 0.40702834791702674 -0.39693020028883075 0.82682246956574634
v 0.43682899538399728 -0.38081588102758746 0.81915858982447642
v 0.41490429759228087 -0.36038804093354326 0.83954509639983788
v 0.47907474192313715 -0.42009318147464864 0.77515820602320773
v 0.45826264280660473 -0.40074796437205779 0.79765753132411776
v 0.44960938224861219 -0.43656718215299462 0.78365910144644402
v 0.28299373014771978 -0.45690809346592892 0.8473549508019832
v 0.31448260159565894 -0.44268632438444361 0.8437952524646497
v 0.29238114221605715 -0.42135023276918437 0.86246052038720589
v 0.3575897220173731 -0.48357610463077411 0.80320899562460724
v 0.33626390215701218 -0.46346045948042008 0.82400966224044658
v 0.32629974058648675 -0.49819188750852411 0.8075854287385239
v 0.35449106625232391 -0.39180678718000161 0.85304426537221201
v 0.34567808404409889 -0.42794014731112306 0.83918702074356699
v 0.3763989250747794 -0.41273763882334541 0.83356613431099813
v 0.43862702407559895 -0.55747252895273336 0.70971242377852539
v 0.41918175562437004 -0.5401075281875195 0.73446001242274883
v 0.40768030950761269 -0.57289942891790946 0.71585192192382097
v 0.44012778972846428 -0.47201266100094752 0.76834408603521698
v 0.43001673919482114 -0.50642243426434563 0.75198600345282163
v 0.46026973907431629 -0.49029426962859979 0.74473107225527713
v 0.36793307407405718 -0.53692184525804509 0.76367605626221702
v 0.39917891140243855 -0.52198977650971823 0.75831645805739822
v 0.37874260978465629 -0.50320360544115994 0.78115371855545035
v 0.39818341826726422 -0.43302889933979949 0.81289418982803263
v 0.3887374608605057 -0.46851297460248092 0.79764639712255914
v 0.41947047114120378 -0.45281805985631884 0.79111400618845851
v 0.20901641683181771 -0.65611687296582155 0.72985166948769942
v 0.2767170514326886 -0.63173546923343815 0.72883382234044913
v 0.24306764196564942 -0.64434545277569355 0.72979297101044194
v 0.22220727599643214 -0.62528755330271935 0.75266201430042634
v 0.23505691657764613 -0.59349999538194742 0.7741877936017425
v 0.37575402692737914 -0.58877341115547988 0.72042744112693935
v 0.33556868710342463 -0.55224486789441884 0.76764584771325928
v 0.35587927233886407 -0.57084584207101541 0.74454406792541905
v 0.34325878063627813 -0.60388671830312124 0.72412368339589905
v 0.31038784237205819 -0.61816917526656989 0.72690238507247462
v 0.27161995094143176 -0.49221869285098874 0.83114631549291829
v 0.24767810316993005 -0.5604572999049936 0.79460930248641237
v 0.25982813614977524 -0.52679486273526099 0.81353384471454193
v 0.29330039948594128 -0.5128343862389374 0.81107128002690621
v 0.31451474506348948 -0.53277982261164614 0.78999177533144049
v 0.28983944913094184 -0.59974703694197218 0.75043813122778236
v 0.30246067306467844 -0.56670424370382622 0.77085970053219177
v 0.26888956943369996 -0.58047705835034269 0.77304952722597864
v 0.77646154203380724 -0.52130387499888442 0.363608574537093
v 0.74966534220475167 -0.50475543175795612 0.43598767858328852
v 0.76365143283655212 -0.51339630454850993 0.40015267535002019
v 0.750851412572896 -0.54690719265544918 0.37944180750673712
v 0.72414236617906302 -0.57157545048725733 0.39469063587967562
v 0.68179428861279978 -0.46284651577550673 0.57253036182985173
v 0.7003979279466912 -0.47434245364068434 0.53972526414043953
v 0.67837180417765131 -0.54339227830176884 0.50139589647174487
v 0.68992954813060292 -0.50933713105227496 0.52099352746982563
v 0.66089906644115082 -0.5326068442870302 0.53516695999676644
v 0.71793395892119405 -0.48517459939711322 0.50600181469534233
v 0.73428525110283216 -0.49527819396419021 0.47157830044005922
v 0.6370210248241609 -0.64026534011717773 0.43717928078647622
v 0.60608506282507313 -0.66105584214971524 0.45003026124336992
v 0.69596288521157779 -0.59560745039680385 0.40957140989869995
v 0.66704516376211309 -0.61840319477011818 0.42366201448141821
v 0.63560656337681398 -0.5988234769700248 0.49424283037810862
v 0.65183769132054514 -0.60906290687559994 0.45935960845655832
v 0.66557085469861632 -0.57690559912615291 0.48068352512639589
v 0.72277759784227069 -0.5296012836217977 0.45163747067433396
v 0.6946847055662555 -0.5537021389823884 0.46657093126828281
v 0.70997659826675985 -0.56311473560045788 0.43092501827118451
v 0.52130476138814119 -0.36360831209986127 0.77646091808178197
v 0.50475631814721289 -0.43598741614605685 0.74966471825272651
v 0.5133971909377667 -0.40015241291278852 0.76365080888452697
v 0.54690807904470595 -0.3794415450695055 0.75085078862087085
v 0.57157633687651421 -0.39469037344244395 0.72414174222703787
v 0.46284740216476356 -0.57253009939262023 0.68179366466077462
v 0.47434334002994111 -0.53972500170320781 0.70039730399466604
v 0.54339316469102561 -0.50139563403451326 0.67837118022562615
v 0.50933801744153184 -0.52099326503259413 0.68992892417857765
v 0.53260773067628697 -0.53516669755953494 0.66089844248912566
v 0.48517548578636999 -0.50600155225811072 0.71793333496916889
v 0.49527908035344703 -0.47157803800282755 0.734284627150807
v 0.6402662265064345 -0.43717901834924461 0.63702040087213574
v 0.66105672853897202 -0.45002999880613831 0.60608443887304797
v 0.59560833678606051 -0.40957114746146828 0.69596226125955252
v 0.61840408115937495 -0.4236617520441866 0.66704453981008793
v 0.59882436335928158 -0.49424256794087701 0.63560593942478882
v 0.60906379326485671 -0.45935934601932665 0.65183706736851998
v 0.57690648551540968 -0.48068326268916423 0.66557023074659116
v 0.52960217001105436 -0.45163720823710224 0.72277697389024542
v 0.55370302537164517 -0.46657066883105114 0.69468408161423034
v 0.56311562198971465 -0.43092475583395284 0.70997597431473458
v 0.36360919848911816 -0.77646065564455047 0.52130413743611592
v 0.43598830253531373 -0.7496644558154949 0.50475569419518762
v 0.40015329930204535 -0.76365054644729546 0.51339656698574154
v 0.37944243145876227 -0.75085052618363923 0.54690745509268079
v 0.39469125983170089 -0.72414147978980636 0.57157571292448894
v 0.572530985781877 -0.6817934022235429 0.46284677821273834
v 0.53972588809246469 -0.70039704155743432 0.47434271607791595
v 0.50139652042377014 -0.67837091778839442 0.54339254073900045
v 0.5209941514218509 -0.68992866174134604 0.50933739348950657
v 0.53516758394879171 -0.66089818005189405 0.53260710672426181
v 0.50600243864736749 -0.71793307253193717 0.48517486183434477
v 0.47157892439208443 -0.73428436471357528 0.49527845640142182
v 0.43717990473850143 -0.63702013843490413 0.64026560255440923
v 0.45003088519539514 -0.60608417643581636 0.66105610458694686
v 0.40957203385072516 -0.6959619988223209 0.59560771283403535
v 0.42366263843344348 -0.66704427737285632 0.61840345720734968
v 0.49424345433013389 -0.63560567698755721 0.59882373940725642
v 0.45936023240858359 -0.65183680493128837 0.60906316931283155
v 0.48068414907842111 -0.66556996830935944 0.57690586156338441
v 0.45163809462635918 -0.72277671145301381 0.52960154605902909
v 0.46657155522030802 -0.69468381917699873 0.55370240141962002
v 0.43092564222320978 -0.70997571187750297 0.56311499803768938
v 0.65174146764492202 -0.48574972640760122 0.58833797896258666
v 0.58837252979027954 -0.52926653035748583 0.61689214531770542
v 0.62053094846366996 -0.50794008286699488 0.60315792166187232
v 0.64126859629649036 -0.52075665407440352 0.56960370262164317
v 0.62971037259770379 -0.55481472223407458 0.55000611063369231
v 0.48575061279685799 -0.58833771652535516 0.65174084369289687
v 0.52926741674674271 -0.6168918828804737 0.58837190583825438
v 0.50794096925625176 -0.6031576592246406 0.6205303245116448
v 0.5207575404636603 -0.56960344018441156 0.6412679723444652
v 0.55481560862333146 -0.5500058481964607 0.62970974864567875
v 0.58833860291461193 -0.65174058125566525 0.48574998884483284
v 0.61689276926973047 -0.58837164340102277 0.52926679279471744
v 0.60315854561389737 -0.62053006207441308 0.50794034530422638
v 0.56960432657366833 -0.64126770990723359 0.52075691651163503
v 0.55000673458571747 -0.62970948620844702 0.55481498467130619
v 0.5765224416517355 -0.56370389620817363 0.59726122570578422
v 0.5637047825974304 -0.59726096326855249 0.57652181769971034
v 0.59726184965780937 -0.57652155526247872 0.56370415864540524
v 0.48804588496849877 -0.8761175084114331 0.033018650928759288
v 0.49769035023268526 -0.87130088691512009 -2.5196067753406744e-11
v 0.46688054290194758 -0.88266459702430344 0.098927466646550472
v 0.47774880454628166 -0.87991708342351538 0.066052228558510395
v 0.43625616348373308 -0.9036267959986104 -2.5196067753406744e-11
v 0.45734675232005323 -0.8925262451395749 0.033041014616222476
v 0.42616502358545916 -0.90782817183149633 0.033048372522869171
v 0.41738288717615923 -0.88326468589443374 0.22911969337991397
v 0.43054095262687375 -0.88469423856676266 0.19700614655049548
v 0.39187201909109226 -0.91422720040330918 0.13223355234002288
v 0.41150863556219003 -0.90021204255044862 0.16474136952219359
v 0.37939256071042488 -0.91421344895967149 0.16472948952799921
v 0.44318855580333782 -0.88507571430227994 0.16457742543180709
v 0.45523313314905495 -0.88441975239443349 0.1320051379235187
v 0.3074276940111581 -0.95516954084816619 -2.5196067753406744e-11
v 0.32927510334887938 -0.94727997532018737 0.033154560519076566
v 0.29627390941876314 -0.95811415049125959 0.033161251025691868
v 0.39412329334873603 -0.92218771043809156 0.033127340079541628
v 0.36195217391319262 -0.93528255943345617 0.033134198410485538
v 0.37273393288560092 -0.93162768740258062 -2.5196067753406744e-11
v 0.33893520911540431 -0.93921746734019906 0.099268119552451156
v 0.3506569628984903 -0.9378204445288979 0.066281294880044653
v 0.37146895316873285 -0.92683698861803199 0.09922069820294066
v 0.43561714210619484 -0.89847733300548915 0.099181732710780124
v 0.40375358724189186 -0.91322806096729237 0.09928912564867684
v 0.4152140217662787 -0.91108715485211156 0.066168790524241475
v 0.29308141453367947 -0.83431672969871851 0.47421468062637884
v 0.31003188539428145 -0.84397392175244879 0.44547609346217354
v 0.27428301607608663 -0.8839565172993622 0.38762138412057195
v 0.29235010048222132 -0.86465138089737803 0.41685738058597799
v 0.25776371354897515 -0.87548361995841617 0.41706944002862167
v 0.32662099840410419 -0.85265315468355662 0.41612742971554367
v 0.34274193258661501 -0.86031294617865028 0.38632930892366435
v 0.19826141074047374 -0.9473912360168335 0.26458035751913916
v 0.21769820373214135 -0.93372021860752141 0.29603138944971413
v 0.18258826937976477 -0.94140392342341439 0.29543301624346913
v 0.28709771773142889 -0.91471478771048864 0.29619654332591322
v 0.2525985889552263 -0.92480965361722822 0.29627967150372619
v 0.26794325064572888 -0.92991425536026429 0.26519143065573769
v 0.22085681740182508 -0.9112528609550562 0.35735282764327025
v 0.23686880301288463 -0.91857959473863671 0.32705545132512492
v 0.25568044926158856 -0.90204503113303625 0.35749527518287411
v 0.38860665561207469 -0.87721861124776634 0.29382504370235629
v 0.40283617944954014 -0.88077351688232963 0.26233913430762706
v 0.35862761624631201 -0.86700825277708526 0.35572977305978265
v 0.37383759592919946 -0.87262452175713989 0.32501178577169759
v 0.33625156107121157 -0.90767034000749258 0.26444307751409241
v 0.35528956580818122 -0.8908632365047976 0.29494533484507379
v 0.32158248688718366 -0.90332684273216057 0.29571270347728551
v 0.29036181887369089 -0.89151777018172274 0.35741674624778952
v 0.30616314391179805 -0.89798439593864843 0.32672438108186158
v 0.32474107091970139 -0.87982003374102646 0.35682018585610947
v 0.0347105781891845 -1.0028237378746896 -2.5196067753406744e-11
v 0.055420890177639771 -1.0013321707057701 0.033506849292210351
v 0.020711412874625603 -1.0026506482398789 0.033510760426164361
v 0.12467570384729744 -0.99508528733805768 0.033490739024939355
v 0.090141044889621574 -0.99880580361350202 0.033494827271115607
v 0.10396435494035625 -0.99802393524561428 -2.5196067753406744e-11
v 0.062005301869319261 -0.99646897196013795 0.10032567634724394
v 0.076122709071865843 -0.9982872580877048 0.066994111985295729
v 0.096707200083737371 -0.9937044071626312 0.10029767826495367
v 0.26135564974069858 -0.96821329298873315 0.033418828492381966
v 0.22766972578380079 -0.97668310392669644 0.033423621195152166
v 0.24065002120738804 -0.97413967828814907 -2.5196067753406744e-11
v 0.20069837980559233 -0.97803732960826595 0.1001181095195888
v 0.21432126739504806 -0.97798643626035175 0.066853836676386433
v 0.23467279018267642 -0.97044947295204564 0.10008517368100416
v 0.17272053152511846 -0.98844730321633512 -2.5196067753406744e-11
v 0.19363493988279498 -0.98399588805682459 0.033437763425608252
v 0.15944305373247905 -0.99011108244491219 0.033442380878122666
v 0.1431940078069337 -0.96575091603712793 0.23169176205692454
v 0.15789048552241952 -0.97068342125070561 0.19926046859680824
v 0.17784108505892318 -0.96001169134937414 0.231539576505048
v 0.11736810895906849 -0.98752675850353555 0.13370120750985462
v 0.13769808179011969 -0.97987047114314607 0.16659385369785054
v 0.10291691140584977 -0.98414373149053636 0.16652205111181462
v 0.20678695242599443 -0.96771092628618471 0.16623846151008259
v 0.17238629772138489 -0.97438357591524738 0.16649345797186549
v 0.18658362909692955 -0.97683591083482879 0.13356133156707375
v 0.1455766766321287 -0.99054971898453392 0.066926106325029266
v 0.16624882726098131 -0.98445619914156846 0.10033826122812466
v 0.13151922246997766 -0.98968789362049936 0.10040402640529951
v 0.38449843234047587 -0.89772138314686478 0.23047351018081491
v 0.31722223448603459 -0.92321397670747551 0.23217811040986264
v 0.35104656360583802 -0.91106193876145736 0.23150198768334282
v 0.36546092746903019 -0.91324398562930409 0.19820309389425636
v 0.34582340252810329 -0.92726063158464389 0.16569428698722077
v 0.21302089454418671 -0.95265555313248429 0.23222837441758046
v 0.24185853583844649 -0.95947543594871743 0.16664900591612722
v 0.22758857175082317 -0.95668901325026467 0.1995247160342952
v 0.24800895628034322 -0.94406852154767884 0.23256559226640111
v 0.28260199847923118 -0.93429459121735103 0.23257331328827843
v 0.283203786335257 -0.96032491725647884 0.06657533006598193
v 0.32540189364343347 -0.93988181817692784 0.13265159151026704
v 0.3045890970549146 -0.95086484578264718 0.099710403326797717
v 0.26976825458937387 -0.96129469628174924 0.099990921146586753
v 0.25606428149504334 -0.96101167033827639 0.13322246378807046
v 0.29728787419337971 -0.93736845939670499 0.19955181451469473
v 0.27686630488897024 -0.94998968333044154 0.16650902127654857
v 0.31158899923272854 -0.93923177231111155 0.1661825074971684
v -0.020401375296329675 -0.55110259124810701 0.83829002117083184
v 6.2392682909373678e-07 -0.5744889490393662 0.8226924713424959
v -0.040714895389659438 -0.61928051324007605 0.78847595008940818
v -0.020401428299399251 -0.59726163145332933 0.80605380892192058
v -0.061107723936223768 -0.59623900879630076 0.80475167459707053
v 0.02040267615305744 -0.59726163145332933 0.80605380892192058
v 0.040716143243317619 -0.61928051324007605 0.78847595008940818
v -0.12110835383056712 -0.70015772550181732 0.7084999392644642
v -0.10126522535116531 -0.68119141865600785 0.72978344588330057
v -0.14144954276775581 -0.67774815174266301 0.72629862585922123
v -0.020402441995530284 -0.68464714718767627 0.73328193479755976
v -0.060851048736870569 -0.68349450669535761 0.73211524434894582
v -0.040456727668191472 -0.70474035535028545 0.71313716832596052
v -0.10152159053676404 -0.63852165457518706 0.76736155622456237
v -0.081235757963316224 -0.66137735413000065 0.75022733559044974
v -0.061109215873489803 -0.64083854695485609 0.76970901278500303
v 0.10126647320482349 -0.68119141865600785 0.72978344588330057
v 0.1211096016842253 -0.70015772550181732 0.7084999392644642
v 0.061110463727147984 -0.64083854695485609 0.76970901278500303
v 0.081237005816974406 -0.66137735413000065 0.75022733559044974
v 0.040457975521849654 -0.70474035535028545 0.71313716832596052
v 0.060852296590528751 -0.68349450669535761 0.73211524434894582
v 0.020403689849188472 -0.68464714718767627 0.73328193479755976
v -0.020402496413087036 -0.64186134055637689 0.77101112299934182
v 6.2392682909373678e-07 -0.66369500658009395 0.75257514335093767
v 0.020403744266745225 -0.64186134055637689 0.77101112299934182
v -0.27236937773222475 -0.82151675819515457 0.50772544107773931
v -0.25461037128981262 -0.80972231354387902 0.53514796792155384
v -0.29253405741323052 -0.80057543043632329 0.52949294301558536
v -0.17757519206552019 -0.82418856629876258 0.54409591127807966
v -0.21622676748352637 -0.8176053449832319 0.54002550164516083
v -0.19575778775282682 -0.83716262152846643 0.51739511640106162
v -0.25642394845561473 -0.77529171459899504 0.58312052401739423
v -0.23647932958765358 -0.79694331076832725 0.5619776945935655
v -0.21806560481248854 -0.78325950923769128 0.5880578257850918
v -0.020419701754721471 -0.83747978646224464 0.55233226820582204
v -0.059807094282892721 -0.83613891766242976 0.55150255199039622
v -0.039393637646001949 -0.8529055452213985 0.52712477832558979
v -0.10051346470767025 -0.79940014879226917 0.59809418741423326
v -0.080211667307012388 -0.81826944803864066 0.57520555087686964
v -0.061155674292905388 -0.80211327593897885 0.59977873857618835
v -0.11793928206914624 -0.84764709729706611 0.52387487878028094
v -0.099170097295935927 -0.83347788561466651 0.54985461831238558
v -0.13831171637569104 -0.82950793620901764 0.54739985513913203
v -0.18070047402422407 -0.71373075105841233 0.68175942243615295
v -0.16093630590144492 -0.73651136811199613 0.66220138869509826
v -0.14147990578201258 -0.71924722779875216 0.68522044920507419
v -0.19918393858700398 -0.76846741190832424 0.61371304373419366
v -0.18020203211957544 -0.75295193310801678 0.63831869037678646
v -0.21908651811731097 -0.74629722950549648 0.63395712332807197
v -0.10157814696170613 -0.76263496504781281 0.64415061872961965
v -0.14096767448630412 -0.75840579435068989 0.64172342046740027
v -0.12088348315476233 -0.77928880813325585 0.62044849395495349
v -0.15884197247688425 -0.81023480612930443 0.57021830884335634
v -0.13991369272398774 -0.7952373557095388 0.59571962464512362
v -0.17916377036074368 -0.78984908522110508 0.5923671870813304
v 0.2546116191434708 -0.80972231354387902 0.53514796792155384
v 0.27237062558588293 -0.82151675819515457 0.50772544107773931
v 0.21806685266614673 -0.78325950923769128 0.5880578257850918
v 0.23648057744131176 -0.79694331076832725 0.5619776945935655
v 0.195759035606485 -0.83716262152846643 0.51739511640106162
v 0.21622801533718455 -0.8176053449832319 0.54002550164516083
v 0.17757643991917837 -0.82418856629876258 0.54409591127807966
v 0.14148115363567076 -0.71924722779875216 0.68522044920507419
v 0.1609375537551031 -0.73651136811199613 0.66220138869509826
v 0.12088473100842051 -0.77928880813325585 0.62044849395495349
v 0.1409689223399623 -0.75840579435068989 0.64172342046740027
v 0.10157939481536431 -0.76263496504781281 0.64415061872961965
v 0.18020327997323363 -0.75295193310801678 0.63831869037678646
v 0.19918518644066216 -0.76846741190832424 0.61371304373419366
v 0.03939488549966013 -0.8529055452213985 0.52712477832558979
v 0.059808342136550903 -0.83613891766242976 0.55150255199039622
v 0.02042094960837966 -0.83747978646224464 0.55233226820582204
v 0.13831296422934922 -0.82950793620901764 0.54739985513913203
v 0.099171345149594109 -0.83347788561466651 0.54985461831238558
v 0.11794052992280442 -0.84764709729706611 0.52387487878028094
v 0.061156922146563569 -0.80211327593897885 0.59977873857618835
v 0.08021291516067057 -0.81826944803864066 0.57520555087686964
v 0.10051471256132843 -0.79940014879226917 0.59809418741423326
v 0.17916501821440187 -0.78984908522110508 0.5923671870813304
v 0.13991494057764592 -0.7952373557095388 0.59571962464512362
v 0.15884322033054243 -0.81023480612930443 0.57021830884335634
v -0.10129402207838982 -0.72269220305699966 0.68870585267910767
v -0.061157329064162179 -0.76495793304670467 0.64649781163884756
v -0.081277685089635093 -0.74433637394747632 0.66799518315986861
v -0.060871206487286514 -0.72499795665471334 0.6910375959969326
v -0.020420884957840731 -0.72615158691741055 0.69220460137105855
v 6.2392682909373678e-07 -0.82100178559825676 0.57690241256916586
v 0.040744086567613781 -0.78481818120789337 0.62390763520935355
v 0.020421008456349161 -0.80341143436261286 0.60081062727546142
v -0.020419760602690972 -0.80341143436261286 0.60081062727546142
v -0.040742838713955599 -0.78481818120789337 0.62390763520935355
v 0.101295269932048 -0.72269220305699966 0.68870585267910767
v 0.020422132811498919 -0.72615158691741055 0.69220460137105855
v 0.060872454340944696 -0.72499795665471334 0.6910375959969326
v 0.081278932943293275 -0.74433637394747632 0.66799518315986861
v 0.061158576917820361 -0.76495793304670467 0.64649781163884756
v -0.020420945377580397 -0.76625605824371712 0.64752989662982385
v 0.020422193231238586 -0.76625605824371712 0.64752989662982385
v 6.2392682909373678e-07 -0.74665956587270721 0.67034308924147223
v -0.49768910237902708 -0.87130088691512009 -2.5196067753406744e-11
v -0.48804463711484058 -0.8761175084114331 0.033018650928759288
v -0.51809110160218574 -0.85869175795675889 0.033011128156323774
v -0.42616377573180098 -0.90782817183149633 0.033048372522869171
v -0.45734550446639505 -0.8925262451395749 0.033041014616222476
v -0.4362549156300749 -0.9036267959986104 -2.5196067753406744e-11
v -0.49736326349312776 -0.86585976002289167 0.098875383813575454
v -0.47774755669262348 -0.87991708342351538 0.066052228558510395
v -0.4668792950482894 -0.88266459702430344 0.098927466646550472
v -0.29627266156510496 -0.95811415049125959 0.033161251025691868
v -0.3292738554952212 -0.94727997532018737 0.033154560519076566
v -0.30742644615749992 -0.95516954084816619 -2.5196067753406744e-11
v -0.37146770531507467 -0.92683698861803199 0.09922069820294066
v -0.35065571504483212 -0.9378204445288979 0.066281294880044653
v -0.33893396126174613 -0.93921746734019906 0.099268119552451156
v -0.37273268503194273 -0.93162768740258062 -2.5196067753406744e-11
v -0.36195092605953444 -0.93528255943345617 0.033134198410485538
v -0.39412204549507784 -0.92218771043809156 0.033127340079541628
v -0.44887661285208486 -0.86774853011657438 0.2288711774009807
v -0.43053970477321557 -0.88469423856676266 0.19700614655049548
v -0.41738163932250105 -0.88326468589443374 0.22911969337991397
v -0.45523188529539677 -0.88441975239443349 0.1320051379235187
v -0.44318730794967964 -0.88507571430227994 0.16457742543180709
v -0.47425489949553584 -0.86888350825092386 0.16426639359005382
v -0.37939131285676669 -0.91421344895967149 0.16472948952799921
v -0.41150738770853185 -0.90021204255044862 0.16474136952219359
v -0.39187077123743408 -0.91422720040330918 0.13223355234002288
v -0.41521277391262051 -0.91108715485211156 0.066168790524241475
v -0.40375233938823368 -0.91322806096729237 0.09928912564867684
v -0.43561589425253666 -0.89847733300548915 0.099181732710780124
v -0.020710165020967414 -1.0026506482398789 0.033510760426164361
v -0.05541964232398159 -1.0013321707057701 0.033506849292210351
v -0.034709330335526319 -1.0028237378746896 -2.5196067753406744e-11
v -0.09670595223007919 -0.9937044071626312 0.10029767826495367
v -0.076121461218207662 -0.9982872580877048 0.066994111985295729
v -0.062004054015661079 -0.99646897196013795 0.10032567634724394
v -0.10396310708669806 -0.99802393524561428 -2.5196067753406744e-11
v -0.090139797035963393 -0.99880580361350202 0.033494827271115607
v -0.12467445599363926 -0.99508528733805768 0.033490739024939355
v -0.177839837205265 -0.96001169134937414 0.231539576505048
v -0.15788923766876134 -0.97068342125070561 0.19926046859680824
v -0.14319275995327552 -0.96575091603712793 0.23169176205692454
v -0.18658238124327137 -0.97683591083482879 0.13356133156707375
v -0.17238504986772671 -0.97438357591524738 0.16649345797186549
v -0.20678570457233625 -0.96771092628618471 0.16623846151008259
v -0.10291566355219159 -0.98414373149053636 0.16652205111181462
v -0.13769683393646151 -0.97987047114314607 0.16659385369785054
v -0.11736686110541031 -0.98752675850353555 0.13370120750985462
v -0.24064877335372986 -0.97413967828814907 -2.5196067753406744e-11
v -0.22766847793014261 -0.97668310392669644 0.033423621195152166
v -0.2613544018870404 -0.96821329298873315 0.033418828492381966
v -0.15944180587882087 -0.99011108244491219 0.033442380878122666
v -0.1936336920291368 -0.98399588805682459 0.033437763425608252
v -0.17271928367146028 -0.98844730321633512 -2.5196067753406744e-11
v -0.23467154232901824 -0.97044947295204564 0.10008517368100416
v -0.21432001954138988 -0.97798643626035175 0.066853836676386433
v -0.20069713195193414 -0.97803732960826595 0.1001181095195888
v -0.13151797461631948 -0.98968789362049936 0.10040402640529951
v -0.16624757940732313 -0.98445619914156846 0.10033826122812466
v -0.14557542877847052 -0.99054971898453392 0.066926106325029266
v -0.32724401167558581 -0.8220273619184133 0.47333105727114
v -0.31003063754062327 -0.84397392175244879 0.44547609346217354
v -0.29308016668002129 -0.83431672969871851 0.47421468062637884
v -0.34274068473295682 -0.86031294617865028 0.38632930892366435
v -0.32661975055044601 -0.85265315468355662 0.41612742971554367
v -0.36038767946914185 -0.83954483396260637 0.4149036736402556
v -0.25776246569531697 -0.87548361995841617 0.41706944002862167
v -0.29234885262856314 -0.86465138089737803 0.41685738058597799
v -0.27428176822242845 -0.8839565172993622 0.38762138412057195
v -0.40283493159588196 -0.88077351688232963 0.26233913430762706
v -0.38860540775841651 -0.87721861124776634 0.29382504370235629
v -0.42134987130478296 -0.86246025794997427 0.29238051826403189
v -0.32158123903352548 -0.90332684273216057 0.29571270347728551
v -0.35528831795452304 -0.8908632365047976 0.29494533484507379
v -0.33625031321755339 -0.90767034000749258 0.26444307751409241
v -0.3918064257156002 -0.85304400293498062 0.35449044230029864
v -0.37383634807554128 -0.87262452175713989 0.32501178577169759
v -0.35862636839265383 -0.86700825277708526 0.35572977305978265
v -0.18258702152610659 -0.94140392342341439 0.29543301624346913
v -0.21769695587848317 -0.93372021860752141 0.29603138944971413
v -0.19826016288681556 -0.9473912360168335 0.26458035751913916
v -0.25567920140793038 -0.90204503113303625 0.35749527518287411
v -0.23686755515922644 -0.91857959473863671 0.32705545132512492
v -0.2208555695481669 -0.9112528609550562 0.35735282764327025
v -0.2679420027920707 -0.92991425536026429 0.26519143065573769
v -0.25259734110156812 -0.92480965361722822 0.29627967150372619
v -0.28709646987777071 -0.91471478771048864 0.29619654332591322
v -0.32473982306604321 -0.87982003374102646 0.35682018585610947
v -0.30616189605813987 -0.89798439593864843 0.32672438108186158
v -0.29036057102003271 -0.89151777018172274 0.35741674624778952
v -0.28320253848159882 -0.96032491725647884 0.06657533006598193
v -0.25606303364138516 -0.96101167033827639 0.13322246378807046
v -0.26976700673571569 -0.96129469628174924 0.099990921146586753
v -0.30458784920125642 -0.95086484578264718 0.099710403326797717
v -0.32540064578977529 -0.93988181817692784 0.13265159151026704
v -0.21301964669052853 -0.95265555313248429 0.23222837441758046
v -0.28260075062557299 -0.93429459121735103 0.23257331328827843
v -0.24800770842668504 -0.94406852154767884 0.23256559226640111
v -0.22758732389716499 -0.95668901325026467 0.1995247160342952
v -0.24185728798478831 -0.95947543594871743 0.16664900591612722
v -0.38449718448681769 -0.89772138314686478 0.23047351018081491
v -0.3458221546744451 -0.92726063158464389 0.16569428698722077
v -0.36545967961537201 -0.91324398562930409 0.19820309389425636
v -0.35104531575217984 -0.91106193876145736 0.23150198768334282
v -0.31722098663237641 -0.92321397670747551 0.23217811040986264
v -0.27686505703531206 -0.94998968333044154 0.16650902127654857
v -0.29728662633972153 -0.93736845939670499 0.19955181451469473
v -0.31158775137907035 -0.93923177231111155 0.1661825074971684
v 0.25515740457249519 -0.84348755042592249 0.47987923830086504
v 0.17808962925506661 -0.85800864950481481 0.48884125206286316
v 0.21674397771867532 -0.85140370051206549 0.48476217568101987
v 0.23745484556195837 -0.8642037207757215 0.45125128757408073
v 0.21938667195867942 -0.88353162553050324 0.42202123333356173
v 0.020738184000656912 -0.87140165689641713 0.49708088385280946
v 0.060132325367085702 -0.87004835786231272 0.49624624261040229
v 0.10146594258907082 -0.89993970907255405 0.43205739583722857
v 0.080866378792575189 -0.88575887099890893 0.46449138176444371
v 0.06207532700869834 -0.90270026852659646 0.43375020362486022
v 0.099530501688648201 -0.86736895472726849 0.49459599781696661
v 0.13867753824360071 -0.86338400447278307 0.49213522287737288
v 0.16267830872104891 -0.93342526098484291 0.33032335613390873
v 0.14323828458713866 -0.9471108826841439 0.29887155747860095
v 0.2006844287849599 -0.90170637036403734 0.3918059664447594
v 0.18187030190257225 -0.91825774988634945 0.36136740244396182
v 0.10299945662735617 -0.92799277159093341 0.36753357094186545
v 0.14250029780584253 -0.92385072780896649 0.36476560594111873
v 0.12217831393441977 -0.91274065855158892 0.39854407501284461
v 0.15966259977938516 -0.87762549199949202 0.45950173571585379
v 0.14098230412143944 -0.89590904272772354 0.42933837387147622
v 0.18037505218253461 -0.89042649157500287 0.42598828373719355
v -0.25515615671883701 -0.84348755042592249 0.47987923830086504
v -0.21938542410502124 -0.88353162553050324 0.42202123333356173
v -0.23745359770830018 -0.8642037207757215 0.45125128757408073
v -0.21674272986501714 -0.85140370051206549 0.48476217568101987
v -0.17808838140140842 -0.85800864950481481 0.48884125206286316
v -0.14323703673348048 -0.9471108826841439 0.29887155747860095
v -0.16267706086739073 -0.93342526098484291 0.33032335613390873
v -0.12217706608076159 -0.91274065855158892 0.39854407501284461
v -0.14249904995218435 -0.92385072780896649 0.36476560594111873
v -0.10299820877369799 -0.92799277159093341 0.36753357094186545
v -0.18186905404891407 -0.91825774988634945 0.36136740244396182
v -0.20068318093130172 -0.90170637036403734 0.3918059664447594
v -0.060131077513427521 -0.87004835786231272 0.49624624261040229
v -0.020736936146998723 -0.87140165689641713 0.49708088385280946
v -0.13867629038994253 -0.86338400447278307 0.49213522287737288
v -0.09952925383499002 -0.86736895472726849 0.49459599781696661
v -0.062074079155040159 -0.90270026852659646 0.43375020362486022
v -0.080865130938917007 -0.88575887099890893 0.46449138176444371
v -0.10146469473541264 -0.89993970907255405 0.43205739583722857
v -0.18037380432887642 -0.89042649157500287 0.42598828373719355
v -0.14098105626778126 -0.89590904272772354 0.42933837387147622
v -0.15966135192572697 -0.87762549199949202 0.45950173571585379
v 6.2392682909373678e-07 -1.0011831133249454 0.067026894756175973
v 0.041297666630441897 -0.99359668384601529 0.13386716968981233
v 0.020711491770112139 -0.99815848025472598 0.10055317430323009
v -0.020710243916453951 -0.99815848025472598 0.10055317430323009
v -0.041296418776783715 -0.99359668384601529 0.13386716968981233
v 0.12250072451331086 -0.95992739965351226 0.26531748043540471
v 0.1025466072807923 -0.97058869627628264 0.23302821940221258
v 0.020712995272178042 -0.97544967416419337 0.23436974073799835
v 0.061634542940096439 -0.97382851284191485 0.23392206604242435
v 0.040924753545486928 -0.96635704793708632 0.26709459151384307
v 0.082340424140753113 -0.97977059723927595 0.20032467732921605
v 0.062007514468188273 -0.9874134168667591 0.16742200562526593
v -0.10254535942713412 -0.97058869627628264 0.23302821940221258
v -0.12249947665965268 -0.95992739965351226 0.26531748043540471
v -0.062006266614530091 -0.9874134168667591 0.16742200562526593
v -0.082339176287094931 -0.97977059723927595 0.20032467732921605
v -0.040923505691828746 -0.96635704793708632 0.26709459151384307
v -0.061633295086438257 -0.97382851284191485 0.23392206604242435
v -0.020711747418519853 -0.97544967416419337 0.23436974073799835
v 0.020713076329978538 -0.9891030193628475 0.16764978009679282
v 6.2392682909373678e-07 -0.98304051287906069 0.20122522352552874
v -0.020711828476320349 -0.9891030193628475 0.16764978009679282
v 6.2392682909373678e-07 -0.88854771968191604 0.46620085797942906
v -0.041337218880595258 -0.91844855808324044 0.40199963102853187
v -0.020737023905991341 -0.904265485688174 0.43443545347857621
v 0.02073827175964953 -0.904265485688174 0.43443545347857621
v 0.04133846673425344 -0.91844855808324044 0.40199963102853187
v -0.10258736619092473 -0.95195058441222624 0.30021000313136492
v -0.020738693912145657 -0.95681435328780262 0.30155667517757073
v -0.06166273339058758 -0.95519210757817563 0.30110782643833722
v -0.082400381223408009 -0.9423755363707671 0.33466204547856643
v -0.062076536719570009 -0.93126616141121388 0.36844270986158373
v 0.10258861404458292 -0.95195058441222624 0.30021000313136492
v 0.062077784573228191 -0.93126616141121388 0.36844270986158373
v 0.082401629077066191 -0.9423755363707671 0.33466204547856643
v 0.061663981244245762 -0.95519210757817563 0.30110782643833722
v 0.020739941765803845 -0.95681435328780262 0.30155667517757073
v -0.020738784079244649 -0.93283163387234269 0.369127737638973
v 6.2392682909373678e-07 -0.94564929292664779 0.33557067057859397
v 0.020740031932902837 -0.93283163387234269 0.369127737638973
v 0.48804588496849877 -0.8761175084114331 -0.033018650979151423
v 0.51809234945584393 -0.85869175795675889 -0.033011128206715909
v 0.42616502358545916 -0.90782817183149633 -0.033048372573261306
v 0.45734675232005323 -0.8925262451395749 -0.033041014666614611
v 0.49736451134678594 -0.86585976002289167 -0.098875383863967589
v 0.47774880454628166 -0.87991708342351538 -0.06605222860890253
v 0.46688054290194758 -0.88266459702430344 -0.098927466696942606
v 0.29627390941876314 -0.95811415049125959 -0.033161251076084003
v 0.32927510334887938 -0.94727997532018737 -0.033154560569468701
v 0.37146895316873285 -0.92683698861803199 -0.099220698253332795
v 0.3506569628984903 -0.9378204445288979 -0.066281294930436788
v 0.33893520911540431 -0.93921746734019906 -0.099268119602843291
v 0.36195217391319262 -0.93528255943345617 -0.033134198460877673
v 0.39412329334873603 -0.92218771043809156 -0.033127340129933763
v 0.44887786070574304 -0.86774853011657438 -0.22887117745137284
v 0.43054095262687375 -0.88469423856676266 -0.19700614660088761
v 0.41738288717615923 -0.88326468589443374 -0.22911969343030611
v 0.45523313314905495 -0.88441975239443349 -0.13200513797391084
v 0.44318855580333782 -0.88507571430227994 -0.16457742548219922
v 0.47425614734919402 -0.86888350825092386 -0.16426639364044596
v 0.37939256071042488 -0.91421344895967149 -0.16472948957839134
v 0.41150863556219003 -0.90021204255044862 -0.16474136957258573
v 0.39187201909109226 -0.91422720040330918 -0.13223355239041501
v 0.4152140217662787 -0.91108715485211156 -0.06616879057463361
v 0.40375358724189186 -0.91322806096729237 -0.099289125699068975
v 0.43561714210619484 -0.89847733300548915 -0.099181732761172259
v 0.020711412874625603 -1.0026506482398789 -0.033510760476556496
v 0.055420890177639771 -1.0013321707057701 -0.033506849342602486
v 0.096707200083737371 -0.9937044071626312 -0.10029767831534581
v 0.076122709071865843 -0.9982872580877048 -0.066994112035687864
v 0.062005301869319261 -0.99646897196013795 -0.10032567639763608
v 0.090141044889621574 -0.99880580361350202 -0.033494827321507742
v 0.12467570384729744 -0.99508528733805768 -0.03349073907533149
v 0.17784108505892318 -0.96001169134937414 -0.23153957655544014
v 0.15789048552241952 -0.97068342125070561 -0.19926046864720037
v 0.1431940078069337 -0.96575091603712793 -0.23169176210731668
v 0.18658362909692955 -0.97683591083482879 -0.13356133161746589
v 0.17238629772138489 -0.97438357591524738 -0.16649345802225762
v 0.20678695242599443 -0.96771092628618471 -0.16623846156047473
v 0.10291691140584977 -0.98414373149053636 -0.16652205116220675
v 0.13769808179011969 -0.97987047114314607 -0.16659385374824268
v 0.11736810895906849 -0.98752675850353555 -0.13370120756024675
v 0.22766972578380079 -0.97668310392669644 -0.033423621245544301
v 0.26135564974069858 -0.96821329298873315 -0.033418828542774101
v 0.15944305373247905 -0.99011108244491219 -0.0334423809285148
v 0.19363493988279498 -0.98399588805682459 -0.033437763476000387
v 0.23467279018267642 -0.97044947295204564 -0.10008517373139629
v 0.21432126739504806 -0.97798643626035175 -0.066853836726778568
v 0.20069837980559233 -0.97803732960826595 -0.10011810956998093
v 0.13151922246997766 -0.98968789362049936 -0.10040402645569164
v 0.16624882726098131 -0.98445619914156846 -0.10033826127851679
v 0.1455766766321287 -0.99054971898453392 -0.066926106375421401
v 0.32724525952924399 -0.8220273619184133 -0.47333105732153213
v 0.31003188539428145 -0.84397392175244879 -0.44547609351256567
v 0.29308141453367947 -0.83431672969871851 -0.47421468067677097
v 0.34274193258661501 -0.86031294617865028 -0.38632930897405648
v 0.32662099840410419 -0.85265315468355662 -0.41612742976593581
v 0.36038892732280003 -0.83954483396260637 -0.41490367369064773
v 0.25776371354897515 -0.87548361995841617 -0.41706944007901381
v 0.29235010048222132 -0.86465138089737803 -0.41685738063637012
v 0.27428301607608663 -0.8839565172993622 -0.38762138417096409
v 0.40283617944954014 -0.88077351688232963 -0.2623391343580192
v 0.38860665561207469 -0.87721861124776634 -0.29382504375274843
v 0.42135111915844115 -0.86246025794997427 -0.29238051831442402
v 0.32158248688718366 -0.90332684273216057 -0.29571270352767764
v 0.35528956580818122 -0.8908632365047976 -0.29494533489546593
v 0.33625156107121157 -0.90767034000749258 -0.26444307756448454
v 0.39180767356925839 -0.85304400293498062 -0.35449044235069077
v 0.37383759592919946 -0.87262452175713989 -0.32501178582208973
v 0.35862761624631201 -0.86700825277708526 -0.35572977311017479
v 0.18258826937976477 -0.94140392342341439 -0.29543301629386126
v 0.21769820373214135 -0.93372021860752141 -0.29603138950010627
v 0.19826141074047374 -0.9473912360168335 -0.2645803575695313
v 0.25568044926158856 -0.90204503113303625 -0.35749527523326624
v 0.23686880301288463 -0.91857959473863671 -0.32705545137551706
v 0.22085681740182508 -0.9112528609550562 -0.35735282769366239
v 0.26794325064572888 -0.92991425536026429 -0.26519143070612983
v 0.2525985889552263 -0.92480965361722822 -0.29627967155411833
v 0.28709771773142889 -0.91471478771048864 -0.29619654337630535
v 0.32474107091970139 -0.87982003374102646 -0.35682018590650161
v 0.30616314391179805 -0.89798439593864843 -0.32672438113225372
v 0.29036181887369089 -0.89151777018172274 -0.35741674629818165
v 0.283203786335257 -0.96032491725647884 -0.066575330116374065
v 0.25606428149504334 -0.96101167033827639 -0.13322246383846259
v 0.26976825458937387 -0.96129469628174924 -0.099990921196978888
v 0.3045890970549146 -0.95086484578264718 -0.099710403377189852
v 0.32540189364343347 -0.93988181817692784 -0.13265159156065917
v 0.21302089454418671 -0.95265555313248429 -0.23222837446797259
v 0.28260199847923118 -0.93429459121735103 -0.23257331333867057
v 0.24800895628034322 -0.94406852154767884 -0.23256559231679325
v 0.22758857175082317 -0.95668901325026467 -0.19952471608468733
v 0.24185853583844649 -0.95947543594871743 -0.16664900596651935
v 0.38449843234047587 -0.89772138314686478 -0.23047351023120705
v 0.34582340252810329 -0.92726063158464389 -0.16569428703761291
v 0.36546092746903019 -0.91324398562930409 -0.1982030939446485
v 0.35104656360583802 -0.91106193876145736 -0.23150198773373495
v 0.31722223448603459 -0.92321397670747551 -0.23217811046025477
v 0.27686630488897024 -0.94998968333044154 -0.1665090213269407
v 0.29728787419337971 -0.93736845939670499 -0.19955181456508686
v 0.31158899923272854 -0.93923177231111155 -0.16618250754756053
v -0.51809110160218574 -0.85869175795675889 -0.033011128206715909
v -0.48804463711484058 -0.8761175084114331 -0.033018650979151423
v -0.4668792950482894 -0.88266459702430344 -0.098927466696942606
v -0.47774755669262348 -0.87991708342351538 -0.06605222860890253
v -0.49736326349312776 -0.86585976002289167 -0.098875383863967589
v -0.45734550446639505 -0.8925262451395749 -0.033041014666614611
v -0.42616377573180098 -0.90782817183149633 -0.033048372573261306
v -0.41738163932250105 -0.88326468589443374 -0.22911969343030611
v -0.43053970477321557 -0.88469423856676266 -0.19700614660088761
v -0.44887661285208486 -0.86774853011657438 -0.22887117745137284
v -0.39187077123743408 -0.91422720040330918 -0.13223355239041501
v -0.41150738770853185 -0.90021204255044862 -0.16474136957258573
v -0.37939131285676669 -0.91421344895967149 -0.16472948957839134
v -0.47425489949553584 -0.86888350825092386 -0.16426639364044596
v -0.44318730794967964 -0.88507571430227994 -0.16457742548219922
v -0.45523188529539677 -0.88441975239443349 -0.13200513797391084
v -0.3292738554952212 -0.94727997532018737 -0.033154560569468701
v -0.29627266156510496 -0.95811415049125959 -0.033161251076084003
v -0.39412204549507784 -0.92218771043809156 -0.033127340129933763
v -0.36195092605953444 -0.93528255943345617 -0.033134198460877673
v -0.33893396126174613 -0.93921746734019906 -0.099268119602843291
v -0.35065571504483212 -0.9378204445288979 -0.066281294930436788
v -0.37146770531507467 -0.92683698861803199 -0.099220698253332795
v -0.43561589425253666 -0.89847733300548915 -0.099181732761172259
v -0.40375233938823368 -0.91322806096729237 -0.099289125699068975
v -0.41521277391262051 -0.91108715485211156 -0.06616879057463361
v -0.29308016668002129 -0.83431672969871851 -0.47421468067677097
v -0.31003063754062327 -0.84397392175244879 -0.44547609351256567
v -0.32724401167558581 -0.8220273619184133 -0.47333105732153213
v -0.27428176822242845 -0.8839565172993622 -0.38762138417096409
v -0.29234885262856314 -0.86465138089737803 -0.41685738063637012
v -0.25776246569531697 -0.87548361995841617 -0.41706944007901381
v -0.36038767946914185 -0.83954483396260637 -0.41490367369064773
v -0.32661975055044601 -0.85265315468355662 -0.41612742976593581
v -0.34274068473295682 -0.86031294617865028 -0.38632930897405648
v -0.19826016288681556 -0.9473912360168335 -0.2645803575695313
v -0.21769695587848317 -0.93372021860752141 -0.29603138950010627
v -0.18258702152610659 -0.94140392342341439 -0.29543301629386126
v -0.28709646987777071 -0.91471478771048864 -0.29619654337630535
v -0.25259734110156812 -0.92480965361722822 -0.29627967155411833
v -0.2679420027920707 -0.92991425536026429 -0.26519143070612983
v -0.2208555695481669 -0.9112528609550562 -0.35735282769366239
v -0.23686755515922644 -0.91857959473863671 -0.32705545137551706
v -0.25567920140793038 -0.90204503113303625 -0.35749527523326624
v -0.42134987130478296 -0.86246025794997427 -0.29238051831442402
v -0.38860540775841651 -0.87721861124776634 -0.29382504375274843
v -0.40283493159588196 -0.88077351688232963 -0.2623391343580192
v -0.35862636839265383 -0.86700825277708526 -0.35572977311017479
v -0.37383634807554128 -0.87262452175713989 -0.32501178582208973
v -0.3918064257156002 -0.85304400293498062 -0.35449044235069077
v -0.33625031321755339 -0.90767034000749258 -0.26444307756448454
v -0.35528831795452304 -0.8908632365047976 -0.29494533489546593
v -0.32158123903352548 -0.90332684273216057 -0.29571270352767764
v -0.29036057102003271 -0.89151777018172274 -0.35741674629818165
v -0.30616189605813987 -0.89798439593864843 -0.32672438113225372
v -0.32473982306604321 -0.87982003374102646 -0.35682018590650161
v -0.05541964232398159 -1.0013321707057701 -0.033506849342602486
v -0.020710165020967414 -1.0026506482398789 -0.033510760476556496
v -0.12467445599363926 -0.99508528733805768 -0.03349073907533149
v -0.090139797035963393 -0.99880580361350202 -0.033494827321507742
v -0.062004054015661079 -0.99646897196013795 -0.10032567639763608
v -0.076121461218207662 -0.9982872580877048 -0.066994112035687864
v -0.09670595223007919 -0.9937044071626312 -0.10029767831534581
v -0.2613544018870404 -0.96821329298873315 -0.033418828542774101
v -0.22766847793014261 -0.97668310392669644 -0.033423621245544301
v -0.20069713195193414 -0.97803732960826595 -0.10011810956998093
v -0.21432001954138988 -0.97798643626035175 -0.066853836726778568
v -0.23467154232901824 -0.97044947295204564 -0.10008517373139629
v -0.1936336920291368 -0.98399588805682459 -0.033437763476000387
v -0.15944180587882087 -0.99011108244491219 -0.0334423809285148
v -0.14319275995327552 -0.96575091603712793 -0.23169176210731668
v -0.15788923766876134 -0.97068342125070561 -0.19926046864720037
v -0.177839837205265 -0.96001169134937414 -0.23153957655544014
v -0.11736686110541031 -0.98752675850353555 -0.13370120756024675
v -0.13769683393646151 -0.97987047114314607 -0.16659385374824268
v -0.10291566355219159 -0.98414373149053636 -0.16652205116220675
v -0.20678570457233625 -0.96771092628618471 -0.16623846156047473
v -0.17238504986772671 -0.97438357591524738 -0.16649345802225762
v -0.18658238124327137 -0.97683591083482879 -0.13356133161746589
v -0.14557542877847052 -0.99054971898453392 -0.066926106375421401
v -0.16624757940732313 -0.98445619914156846 -0.10033826127851679
v -0.13151797461631948 -0.98968789362049936 -0.10040402645569164
v -0.38449718448681769 -0.89772138314686478 -0.23047351023120705
v -0.31722098663237641 -0.92321397670747551 -0.23217811046025477
v -0.35104531575217984 -0.91106193876145736 -0.23150198773373495
v -0.36545967961537201 -0.91324398562930409 -0.1982030939446485
v -0.3458221546744451 -0.92726063158464389 -0.16569428703761291
v -0.21301964669052853 -0.95265555313248429 -0.23222837446797259
v -0.24185728798478831 -0.95947543594871743 -0.16664900596651935
v -0.22758732389716499 -0.95668901325026467 -0.19952471608468733
v -0.24800770842668504 -0.94406852154767884 -0.23256559231679325
v -0.28260075062557299 -0.93429459121735103 -0.23257331333867057
v -0.28320253848159882 -0.96032491725647884 -0.066575330116374065
v -0.32540064578977529 -0.93988181817692784 -0.13265159156065917
v -0.30458784920125642 -0.95086484578264718 -0.099710403377189852
v -0.26976700673571569 -0.96129469628174924 -0.099990921196978888
v -0.25606303364138516 -0.96101167033827639 -0.13322246383846259
v -0.29728662633972153 -0.93736845939670499 -0.19955181456508686
v -0.27686505703531206 -0.94998968333044154 -0.1665090213269407
v -0.31158775137907035 -0.93923177231111155 -0.16618250754756053
v 0.020402623149987864 -0.55110259124810701 -0.83829002122122398
v 6.2392682909373678e-07 -0.5744889490393662 -0.82269247139288804
v -0.020401375296329675 -0.55110259124810701 -0.83829002122122398
v 0.040716143243317619 -0.61928051324007605 -0.78847595013980032
v 0.02040267615305744 -0.59726163145332933 -0.80605380897231271
v 0.06110897178988195 -0.59623900879630076 -0.80475167464746267
v -0.061107723936223768 -0.59623900879630076 -0.80475167464746267
v -0.020401428299399251 -0.59726163145332933 -0.80605380897231271
v -0.040714895389659438 -0.61928051324007605 -0.78847595013980032
v 0.1211096016842253 -0.70015772550181732 -0.70849993931485633
v 0.10126647320482349 -0.68119141865600785 -0.72978344593369271
v 0.141450790621414 -0.67774815174266301 -0.72629862590961336
v 0.020403689849188472 -0.68464714718767627 -0.7332819348479519
v 0.060852296590528751 -0.68349450669535761 -0.73211524439933795
v 0.040457975521849654 -0.70474035535028545 -0.71313716837635266
v 0.10152283839042223 -0.63852165457518706 -0.7673615562749545
v 0.081237005816974406 -0.66137735413000065 -0.75022733564084187
v 0.061110463727147984 -0.64083854695485609 -0.76970901283539517
v -0.14144954276775581 -0.67774815174266301 -0.72629862590961336
v -0.10126522535116531 -0.68119141865600785 -0.72978344593369271
v -0.12110835383056712 -0.70015772550181732 -0.70849993931485633
v -0.061109215873489803 -0.64083854695485609 -0.76970901283539517
v -0.081235757963316224 -0.66137735413000065 -0.75022733564084187
v -0.10152159053676404 -0.63852165457518706 -0.7673615562749545
v -0.040456727668191472 -0.70474035535028545 -0.71313716837635266
v -0.060851048736870569 -0.68349450669535761 -0.73211524439933795
v -0.020402441995530284 -0.68464714718767627 -0.7332819348479519
v 0.020403744266745225 -0.64186134055637689 -0.77101112304973396
v 6.2392682909373678e-07 -0.66369500658009395 -0.7525751434013298
v -0.020402496413087036 -0.64186134055637689 -0.77101112304973396
v 0.27237062558588293 -0.82151675819515457 -0.50772544112813145
v 0.2546116191434708 -0.80972231354387902 -0.53514796797194597
v 0.2925353052668887 -0.80057543043632329 -0.52949294306597749
v 0.17757643991917837 -0.82418856629876258 -0.54409591132847179
v 0.21622801533718455 -0.8176053449832319 -0.54002550169555297
v 0.195759035606485 -0.83716262152846643 -0.51739511645145375
v 0.25642519630927291 -0.77529171459899504 -0.58312052406778636
v 0.23648057744131176 -0.79694331076832725 -0.56197769464395764
v 0.21806685266614673 -0.78325950923769128 -0.58805782583548394
v 0.02042094960837966 -0.83747978646224464 -0.55233226825621418
v 0.059808342136550903 -0.83613891766242976 -0.55150255204078835
v 0.03939488549966013 -0.8529055452213985 -0.52712477837598193
v 0.10051471256132843 -0.79940014879226917 -0.59809418746462539
v 0.08021291516067057 -0.81826944803864066 -0.57520555092726178
v 0.061156922146563569 -0.80211327593897885 -0.59977873862658049
v 0.11794052992280442 -0.84764709729706611 -0.52387487883067307
v 0.099171345149594109 -0.83347788561466651 -0.54985461836277771
v 0.13831296422934922 -0.82950793620901764 -0.54739985518952416
v 0.18070172187788225 -0.71373075105841233 -0.68175942248654509
v 0.1609375537551031 -0.73651136811199613 -0.66220138874549039
v 0.14148115363567076 -0.71924722779875216 -0.68522044925546632
v 0.19918518644066216 -0.76846741190832424 -0.6137130437845858
v 0.18020327997323363 -0.75295193310801678 -0.63831869042717859
v 0.21908776597096916 -0.74629722950549648 -0.6339571233784641
v 0.10157939481536431 -0.76263496504781281 -0.64415061878001179
v 0.1409689223399623 -0.75840579435068989 -0.64172342051779241
v 0.12088473100842051 -0.77928880813325585 -0.62044849400534563
v 0.15884322033054243 -0.81023480612930443 -0.57021830889374847
v 0.13991494057764592 -0.7952373557095388 -0.59571962469551576
v 0.17916501821440187 -0.78984908522110508 -0.59236718713172254
v -0.29253405741323052 -0.80057543043632329 -0.52949294306597749
v -0.25461037128981262 -0.80972231354387902 -0.53514796797194597
v -0.27236937773222475 -0.82151675819515457 -0.50772544112813145
v -0.21806560481248854 -0.78325950923769128 -0.58805782583548394
v -0.23647932958765358 -0.79694331076832725 -0.56197769464395764
v -0.25642394845561473 -0.77529171459899504 -0.58312052406778636
v -0.19575778775282682 -0.83716262152846643 -0.51739511645145375
v -0.21622676748352637 -0.8176053449832319 -0.54002550169555297
v -0.17757519206552019 -0.82418856629876258 -0.54409591132847179
v -0.14147990578201258 -0.71924722779875216 -0.68522044925546632
v -0.16093630590144492 -0.73651136811199613 -0.66220138874549039
v -0.18070047402422407 -0.71373075105841233 -0.68175942248654509
v -0.12088348315476233 -0.77928880813325585 -0.62044849400534563
v -0.14096767448630412 -0.75840579435068989 -0.64172342051779241
v -0.10157814696170613 -0.76263496504781281 -0.64415061878001179
v -0.21908651811731097 -0.74629722950549648 -0.6339571233784641
v -0.18020203211957544 -0.75295193310801678 -0.63831869042717859
v -0.19918393858700398 -0.76846741190832424 -0.6137130437845858
v -0.039393637646001949 -0.8529055452213985 -0.52712477837598193
v -0.059807094282892721 -0.83613891766242976 -0.55150255204078835
v -0.020419701754721471 -0.83747978646224464 -0.55233226825621418
v -0.13831171637569104 -0.82950793620901764 -0.54739985518952416
v -0.099170097295935927 -0.83347788561466651 -0.54985461836277771
v -0.11793928206914624 -0.84764709729706611 -0.52387487883067307
v -0.061155674292905388 -0.80211327593897885 -0.59977873862658049
v -0.080211667307012388 -0.81826944803864066 -0.57520555092726178
v -0.10051346470767025 -0.79940014879226917 -0.59809418746462539
v -0.17916377036074368 -0.78984908522110508 -0.59236718713172254
v -0.13991369272398774 -0.7952373557095388 -0.59571962469551576
v -0.15884197247688425 -0.81023480612930443 -0.57021830889374847
v 0.101295269932048 -0.72269220305699966 -0.6887058527294998
v 0.061158576917820361 -0.76495793304670467 -0.6464978116892397
v 0.081278932943293275 -0.74433637394747632 -0.66799518321026075
v 0.060872454340944696 -0.72499795665471334 -0.69103759604732473
v 0.020422132811498919 -0.72615158691741055 -0.69220460142145068
v 6.2392682909373678e-07 -0.82100178559825676 -0.57690241261955799
v -0.040742838713955599 -0.78481818120789337 -0.62390763525974569
v -0.020419760602690972 -0.80341143436261286 -0.60081062732585355
v 0.020421008456349161 -0.80341143436261286 -0.60081062732585355
v 0.040744086567613781 -0.78481818120789337 -0.62390763525974569
v -0.10129402207838982 -0.72269220305699966 -0.6887058527294998
v -0.020420884957840731 -0.72615158691741055 -0.69220460142145068
v -0.060871206487286514 -0.72499795665471334 -0.69103759604732473
v -0.081277685089635093 -0.74433637394747632 -0.66799518321026075
v -0.061157329064162179 -0.76495793304670467 -0.6464978116892397
v 0.020422193231238586 -0.76625605824371712 -0.64752989668021599
v -0.020420945377580397 -0.76625605824371712 -0.64752989668021599
v 6.2392682909373678e-07 -0.74665956587270721 -0.67034308929186437
v 6.2392682909373678e-07 -1.0011831133249454 -0.067026894806568107
v -0.041296418776783715 -0.99359668384601529 -0.13386716974020446
v -0.020710243916453951 -0.99815848025472598 -0.10055317435362222
v 0.020711491770112139 -0.99815848025472598 -0.10055317435362222
v 0.041297666630441897 -0.99359668384601529 -0.13386716974020446
v -0.12249947665965268 -0.95992739965351226 -0.26531748048579684
v -0.10254535942713412 -0.97058869627628264 -0.23302821945260471
v -0.020711747418519853 -0.97544967416419337 -0.23436974078839048
v -0.061633295086438257 -0.97382851284191485 -0.23392206609281649
v -0.040923505691828746 -0.96635704793708632 -0.26709459156423521
v -0.082339176287094931 -0.97977059723927595 -0.20032467737960818
v -0.062006266614530091 -0.9874134168667591 -0.16742200567565807
v 0.1025466072807923 -0.97058869627628264 -0.23302821945260471
v 0.12250072451331086 -0.95992739965351226 -0.26531748048579684
v 0.062007514468188273 -0.9874134168667591 -0.16742200567565807
v 0.082340424140753113 -0.97977059723927595 -0.20032467737960818
v 0.040924753545486928 -0.96635704793708632 -0.26709459156423521
v 0.061634542940096439 -0.97382851284191485 -0.23392206609281649
v 0.020712995272178042 -0.97544967416419337 -0.23436974078839048
v -0.020711828476320349 -0.9891030193628475 -0.16764978014718496
v 6.2392682909373678e-07 -0.98304051287906069 -0.20122522357592088
v 0.020713076329978538 -0.9891030193628475 -0.16764978014718496
v -0.25515615671883701 -0.84348755042592249 -0.47987923835125718
v -0.17808838140140842 -0.85800864950481481 -0.4888412521132553
v -0.21674272986501714 -0.85140370051206549 -0.484762175731412
v -0.23745359770830018 -0.8642037207757215 -0.45125128762447286
v -0.21938542410502124 -0.88353162553050324 -0.42202123338395386
v -0.020736936146998723 -0.87140165689641713 -0.4970808839032016
v -0.060131077513427521 -0.87004835786231272 -0.49624624266079442
v -0.10146469473541264 -0.89993970907255405 -0.43205739588762071
v -0.080865130938917007 -0.88575887099890893 -0.46449138181483585
v -0.062074079155040159 -0.90270026852659646 -0.43375020367525235
v -0.09952925383499002 -0.86736895472726849 -0.49459599786735875
v -0.13867629038994253 -0.86338400447278307 -0.49213522292776501
v -0.16267706086739073 -0.93342526098484291 -0.33032335618430086
v -0.14323703673348048 -0.9471108826841439 -0.29887155752899308
v -0.20068318093130172 -0.90170637036403734 -0.39180596649515154
v -0.18186905404891407 -0.91825774988634945 -0.36136740249435395
v -0.10299820877369799 -0.92799277159093341 -0.36753357099225759
v -0.14249904995218435 -0.92385072780896649 -0.36476560599151087
v -0.12217706608076159 -0.91274065855158892 -0.39854407506323675
v -0.15966135192572697 -0.87762549199949202 -0.45950173576624592
v -0.14098105626778126 -0.89590904272772354 -0.42933837392186835
v -0.18037380432887642 -0.89042649157500287 -0.42598828378758569
v 0.25515740457249519 -0.84348755042592249 -0.47987923835125718
v 0.21938667195867942 -0.88353162553050324 -0.42202123338395386
v 0.23745484556195837 -0.8642037207757215 -0.45125128762447286
v 0.21674397771867532 -0.85140370051206549 -0.484762175731412
v 0.17808962925506661 -0.85800864950481481 -0.4888412521132553
v 0.14323828458713866 -0.9471108826841439 -0.29887155752899308
v 0.16267830872104891 -0.93342526098484291 -0.33032335618430086
v 0.12217831393441977 -0.91274065855158892 -0.39854407506323675
v 0.14250029780584253 -0.92385072780896649 -0.36476560599151087
v 0.10299945662735617 -0.92799277159093341 -0.36753357099225759
v 0.18187030190257225 -0.91825774988634945 -0.36136740249435395
v 0.2006844287849599 -0.90170637036403734 -0.39180596649515154
v 0.060132325367085702 -0.87004835786231272 -0.49624624266079442
v 0.020738184000656912 -0.87140165689641713 -0.4970808839032016
v 0.13867753824360071 -0.86338400447278307 -0.49213522292776501
v 0.099530501688648201 -0.86736895472726849 -0.49459599786735875
v 0.06207532700869834 -0.90270026852659646 -0.43375020367525235
v 0.080866378792575189 -0.88575887099890893 -0.46449138181483585
v 0.10146594258907082 -0.89993970907255405 -0.43205739588762071
v 0.18037505218253461 -0.89042649157500287 -0.42598828378758569
v 0.14098230412143944 -0.89590904272772354 -0.42933837392186835
v 0.15966259977938516 -0.87762549199949202 -0.45950173576624592
v -0.10258736619092473 -0.95195058441222624 -0.30021000318175706
v -0.062076536719570009 -0.93126616141121388 -0.36844270991197586
v -0.082400381223408009 -0.9423755363707671 -0.33466204552895856
v -0.06166273339058758 -0.95519210757817563 -0.30110782648872936
v -0.020738693912145657 -0.95681435328780262 -0.30155667522796287
v 6.2392682909373678e-07 -0.88854771968191604 -0.4662008580298212
v 0.04133846673425344 -0.91844855808324044 -0.401999631078924
v 0.02073827175964953 -0.904265485688174 -0.43443545352896834
v -0.020737023905991341 -0.904265485688174 -0.43443545352896834
v -0.041337218880595258 -0.91844855808324044 -0.401999631078924
v 0.10258861404458292 -0.95195058441222624 -0.30021000318175706
v 0.020739941765803845 -0.95681435328780262 -0.30155667522796287
v 0.061663981244245762 -0.95519210757817563 -0.30110782648872936
v 0.082401629077066191 -0.9423755363707671 -0.33466204552895856
v 0.062077784573228191 -0.93126616141121388 -0.36844270991197586
v -0.020738784079244649 -0.93283163387234269 -0.36912773768936513
v 0.020740031932902837 -0.93283163387234269 -0.36912773768936513
v 6.2392682909373678e-07 -0.94564929292664779 -0.3355706706289861
v 0.54147118447466769 -0.84309885745747781 -0.053425299531364982
v 0.55110347763736378 -0.83828975873360012 -0.020401999248354841
v 0.52035393295758614 -0.84961622447623819 -0.11935248420451593
v 0.5312102892588797 -0.84687606878209687 -0.08647269868008213
v 0.59623989518555742 -0.80475141215983881 -0.061108347888248933
v 0.56422150320116771 -0.8264740165558685 -0.07386353696402255
v 0.58623302708126757 -0.80890070515974977 -0.094188909397323162
v 0.47103891848596402 -0.85010343484354567 -0.24961447368922299
v 0.48418615846957302 -0.8515396780224902 -0.21749679189931437
v 0.55241448121171399 -0.81500650217517256 -0.19355531628290004
v 0.51875402353722466 -0.8339307476452078 -0.20570546264237974
v 0.54001175218634689 -0.81494532938202435 -0.22608056147666616
v 0.49680081506225426 -0.85194151586659828 -0.18505548630543406
v 0.50883429539539793 -0.85129241228969577 -0.15247896011551626
v 0.67774903813191978 -0.72629836342198961 -0.141450166719781
v 0.64803774450099194 -0.75027382874449577 -0.15491105514588985
v 0.66699736084018613 -0.72899445708614952 -0.17476500909239714
v 0.60771209323937514 -0.79018257248937684 -0.1147110020718581
v 0.62824404208357587 -0.77070513397645313 -0.13484864117425785
v 0.63852254096444372 -0.76736129378733076 -0.10152221448878923
v 0.60547312216189497 -0.77448797778700385 -0.20107654309613873
v 0.61721409817937356 -0.7730790749815083 -0.16809706066393049
v 0.58542733534879621 -0.79460343625281316 -0.18094552806817721
v 0.54268049420965747 -0.83230854245605146 -0.14007629431519752
v 0.56440676729547801 -0.81393893529341943 -0.16065318007878224
v 0.57569343639619619 -0.81190542211613537 -0.12746647246857504
v 0.34730296393283644 -0.80080596924735803 -0.49492546962456746
v 0.36424710644576636 -0.81046707243504246 -0.46618446524664409
v 0.43656806854225144 -0.78365883900921252 -0.44960875834697905
v 0.40074885076131461 -0.79765726888688626 -0.45826201890497165
v 0.42009406786390546 -0.77515794358597623 -0.47907411802150407
v 0.38081676741684423 -0.81915832738724481 -0.43682837148236414
v 0.39693108667808757 -0.82682220712851484 -0.40702772401539361
v 0.57290031530716623 -0.71585165948658935 -0.40767968560597961
v 0.54010841457677639 -0.73445974998551711 -0.41918113172273697
v 0.55747341534199024 -0.70971216134129378 -0.43862640017396587
v 0.5032044918304166 -0.78115345611821874 -0.37874198588302327
v 0.521990662898975 -0.75831619562016661 -0.39917828750080553
v 0.53692273164730187 -0.7636757938249854 -0.3679324501724241
v 0.49029515601785667 -0.7447308098180454 -0.46026911517268315
v 0.5064233206536024 -0.75198574101559001 -0.43001611529318812
v 0.47201354739020424 -0.76834382359798548 -0.4401271658268312
v 0.44268721077370043 -0.8437949900274182 -0.31448197769402592
v 0.45690897985518569 -0.84735468836475158 -0.28299310624608676
v 0.41273852521260218 -0.83356587187376652 -0.37639830117314621
v 0.42794103370037984 -0.83918675830633549 -0.34567746014246581
v 0.49819277389778088 -0.8075851663012924 -0.32629911668485373
v 0.46346134586967686 -0.82400939980321497 -0.33626327825537916
v 0.48357699102003088 -0.80320873318737562 -0.35758909811574008
v 0.45281894624557556 -0.79111374375122701 -0.4194698472395707
v 0.4685138609917377 -0.79764613468532763 -0.38873683695887268
v 0.43302978572905626 -0.81289392739080102 -0.39818279436563114
v 0.80057631682558017 -0.52949268057835364 -0.29253468136525562
v 0.77621635061572947 -0.55585607721840069 -0.30882621629332258
v 0.78800688413305076 -0.52843596758830425 -0.32659155108340687
v 0.7497696565768126 -0.60875597838919715 -0.27225538285598616
v 0.76344936986127243 -0.58267837387276222 -0.29067572255241875
v 0.77529260098825181 -0.5831202615801625 -0.25642457240763988
v 0.73683783154528315 -0.57939953190632032 -0.35808876601978218
v 0.75061211936199679 -0.58142987747653085 -0.32462614171464477
v 0.72389177439786967 -0.60608302301686312 -0.33986086848371005
v 0.68582928567043089 -0.70587415865590997 -0.19555333013968335
v 0.70308863328090443 -0.6828580601991443 -0.21501748501509577
v 0.7137316374476691 -0.68175915999892134 -0.18070109797624923
v 0.67917158497772756 -0.68232462610578426 -0.2828786112396347
v 0.69155284403836426 -0.68304110139008178 -0.24914007849982489
v 0.66255067773086918 -0.70600639541275712 -0.26351998374030056
v 0.74629811589475314 -0.63395686089084047 -0.2190871420693361
v 0.71951505604646915 -0.65898410225993098 -0.23430609384278103
v 0.73502591739426226 -0.63438130935993353 -0.25329547150531923
v 0.62121466952853466 -0.67031789976846279 -0.41427940756025239
v 0.63687933542968223 -0.67465203177579536 -0.38221792907955282
v 0.60594109632125726 -0.69543133380503885 -0.39505923027343903
v 0.69580761506322375 -0.63003148329546532 -0.35464543845633179
v 0.66688491828087682 -0.65281501979282497 -0.3687252388886787
v 0.6811259325493122 -0.62679090382207014 -0.38737824463720283
v 0.63587570079295697 -0.70251949560525107 -0.33013577924650345
v 0.65177687643083571 -0.67810390438632517 -0.3496043652027862
v 0.66583970358925626 -0.68063936748371956 -0.31662086275868323
v 0.72292386526013652 -0.63372953310322822 -0.28745310912212357
v 0.69489998084547466 -0.65773181803451086 -0.30226503375595248
v 0.70983166608806558 -0.63227114734751377 -0.32129972380079402
v 0.49221957924024545 -0.83114605305568678 -0.27161932703979869
v 0.53278070900090269 -0.78999151289420899 -0.3145141211618564
v 0.51283527262819406 -0.81107101758967448 -0.2932997755843082
v 0.52679574912451765 -0.81353358227731043 -0.25982751224814216
v 0.56045818629425037 -0.79460904004918087 -0.247677479268297
v 0.58877429754473676 -0.72042717868970785 -0.37575340302574611
v 0.61817006165582666 -0.72690212263524301 -0.31038721847042516
v 0.60388760469237801 -0.72412342095866744 -0.3432581567346451
v 0.57084672846027207 -0.74454380548818744 -0.35587864843723099
v 0.55224575428367551 -0.76764558527602766 -0.33556806320179161
v 0.65611775935507843 -0.72985140705046792 -0.20901579293018469
v 0.59350088177120408 -0.77418753116451089 -0.23505629267601308
v 0.62528843969197612 -0.75266175186319473 -0.22220665209479912
v 0.64434633916495021 -0.72979270857321032 -0.24306701806401634
v 0.63173635562269492 -0.72883355990321763 -0.27671642753105558
v 0.56670513009308288 -0.77085943809496027 -0.30246004916304547
v 0.59974792333122884 -0.75043786879055085 -0.28983882522930882
v 0.58047794473959946 -0.77304926478874714 -0.26888894553206694
v 0.033011752108348939 -0.51809146306658715 -0.85869202044438264
v 0.053425923432998006 -0.54147029808541081 -0.84309911994510156
v 0.11935310810614898 -0.52035304656832948 -0.84961648696386205
v 0.086473322581715167 -0.53120940286962304 -0.84687633126972051
v 0.09887600776560064 -0.49736362495752912 -0.86586002251051541
v 0.073864160865655573 -0.56422061681191094 -0.82647427904349224
v 0.094189533298956171 -0.58623214069201079 -0.80890096764737351
v 0.24961509759085607 -0.47103803209670725 -0.85010369733116942
v 0.21749741580094745 -0.48418527208031631 -0.85153994051011384
v 0.22887180135300592 -0.44887697431648621 -0.86774879260419813
v 0.19355594018453307 -0.55241359482245722 -0.8150067646627962
v 0.20570608654401282 -0.51875313714796789 -0.83393101013283155
v 0.22608118537829924 -0.54001086579709023 -0.81494559186964799
v 0.16426701754207901 -0.47425526095993725 -0.86888377073854761
v 0.18505611020706714 -0.49679992867299744 -0.85194177835422202
v 0.15247958401714928 -0.50883340900614116 -0.85129267477731951
v 0.15491167904752284 -0.64803685811173517 -0.75027409123211952
v 0.17476563299403014 -0.66699647445092936 -0.72899471957377315
v 0.11471162597349112 -0.60771120685011837 -0.7901828349770007
v 0.13484926507589085 -0.6282431556943191 -0.77070539646407676
v 0.20107716699777176 -0.6054722357726382 -0.77448824027462759
v 0.16809768456556351 -0.61721321179011679 -0.77307933746913204
v 0.18094615196981026 -0.58542644895953944 -0.79460369874043679
v 0.14007691821683058 -0.5426796078204007 -0.83230880494367521
v 0.16065380398041526 -0.56440588090622124 -0.81393919778104318
v 0.12746709637020806 -0.57569255000693942 -0.81190568460375911
v 0.49492609352620054 -0.34730207754357967 -0.80080623173498167
v 0.46618508914827717 -0.36424622005650953 -0.81046733492266609
v 0.47333168122316527 -0.32724437313998728 -0.82202762440603705
v 0.44960938224861219 -0.43656718215299462 -0.78365910149683615
v 0.45826264280660473 -0.40074796437205779 -0.7976575313745099
v 0.47907474192313715 -0.42009318147464864 -0.77515820607359986
v 0.41490429759228087 -0.36038804093354326 -0.83954509645023001
v 0.43682899538399728 -0.38081588102758746 -0.81915858987486856
v 0.40702834791702674 -0.39693020028883075 -0.82682246961613848
v 0.40768030950761269 -0.57289942891790946 -0.7158519219742131
v 0.41918175562437004 -0.5401075281875195 -0.73446001247314097
v 0.43862702407559895 -0.55747252895273336 -0.70971242382891753
v 0.37874260978465629 -0.50320360544115994 -0.78115371860584248
v 0.39917891140243855 -0.52198977650971823 -0.75831645810779036
v 0.36793307407405718 -0.53692184525804509 -0.76367605631260915
v 0.46026973907431629 -0.49029426962859979 -0.74473107230566926
v 0.43001673919482114 -0.50642243426434563 -0.75198600350321376
v 0.44012778972846428 -0.47201266100094752 -0.76834408608560911
v 0.29238114221605715 -0.42135023276918437 -0.86246052043759802
v 0.31448260159565894 -0.44268632438444361 -0.84379525251504184
v 0.28299373014771978 -0.45690809346592892 -0.84735495085237533
v 0.3763989250747794 -0.41273763882334541 -0.83356613436139027
v 0.34567808404409889 -0.42794014731112306 -0.83918702079395913
v 0.35449106625232391 -0.39180678718000161 -0.85304426542260414
v 0.32629974058648675 -0.49819188750852411 -0.80758542878891604
v 0.33626390215701218 -0.46346045948042008 -0.82400966229083872
v 0.3575897220173731 -0.48357610463077411 -0.80320899567499937
v 0.41947047114120378 -0.45281805985631884 -0.79111400623885064
v 0.3887374608605057 -0.46851297460248092 -0.79764639717295127
v 0.39818341826726422 -0.43302889933979949 -0.81289418987842477
v 0.3088268401949556 -0.77621546422647258 -0.55585633970602455
v 0.32659217498503995 -0.7880059977437941 -0.52843623007592799
v 0.27225600675761924 -0.74976877018755583 -0.6087562408768209
v 0.29067634645405177 -0.76344848347201555 -0.58267863636038597
v 0.3580893899214152 -0.73683694515602627 -0.57939979439394396
v 0.32462676561627779 -0.75061123297274002 -0.5814301399641546
v 0.33986149238534313 -0.7238908880086129 -0.60608328550448687
v 0.19555395404131637 -0.68582839928117412 -0.70587442114353371
v 0.21501810891672879 -0.70308774689164777 -0.68285832268676794
v 0.28287923514126778 -0.6791706985884709 -0.68232488859340812
v 0.24914070240145797 -0.69155195764910748 -0.68304136387770575
v 0.26352060764193358 -0.6625497913416124 -0.70600665790038086
v 0.23430671774441403 -0.71951416965721227 -0.65898436474755473
v 0.25329609540695225 -0.73502503100500549 -0.63438157184755739
v 0.41428003146188541 -0.62121378313927789 -0.67031816225608654
v 0.3822185529811859 -0.63687844904042545 -0.67465229426341899
v 0.39505985417507211 -0.60594020993200048 -0.6954315962926626
v 0.35464606235796486 -0.69580672867396687 -0.63003174578308907
v 0.36872586279031183 -0.66688403189162004 -0.65281528228044872
v 0.38737886853883591 -0.68112504616005554 -0.62679116630969389
v 0.33013640314813653 -0.63587481440370019 -0.70251975809287481
v 0.34960498910441928 -0.65177599004157893 -0.67810416687394892
v 0.3166214866603162 -0.66583881719999938 -0.6806396299713432
v 0.28745373302375665 -0.72292297887087975 -0.63372979559085207
v 0.30226565765758562 -0.69489909445621778 -0.65773208052213461
v 0.3213003477024271 -0.70983077969880881 -0.63227140983513752
v 0.27161995094143176 -0.49221869285098874 -0.83114631554331042
v 0.31451474506348948 -0.53277982261164614 -0.78999177538183263
v 0.29330039948594128 -0.5128343862389374 -0.81107128007729834
v 0.25982813614977524 -0.52679486273526099 -0.81353384476493407
v 0.24767810316993005 -0.5604572999049936 -0.79460930253680451
v 0.37575402692737914 -0.58877341115547988 -0.72042744117733148
v 0.31038784237205819 -0.61816917526656989 -0.72690238512286676
v 0.34325878063627813 -0.60388671830312124 -0.72412368344629119
v 0.35587927233886407 -0.57084584207101541 -0.74454406797581119
v 0.33556868710342463 -0.55224486789441884 -0.76764584776365141
v 0.20901641683181771 -0.65611687296582155 -0.72985166953809155
v 0.23505691657764613 -0.59349999538194742 -0.77418779365213464
v 0.22220727599643214 -0.62528755330271935 -0.75266201435081848
v 0.24306764196564942 -0.64434545277569355 -0.72979297106083407
v 0.2767170514326886 -0.63173546923343815 -0.72883382239084127
v 0.30246067306467844 -0.56670424370382622 -0.77085970058258391
v 0.28983944913094184 -0.59974703694197218 -0.75043813127817449
v 0.26888956943369996 -0.58047705835034269 -0.77304952727637077
v 0.85869264434601567 -0.033010865719092113 -0.5180917255542109
v 0.84309974384673458 -0.053425037043741186 -0.54147056057303466
v 0.83829064512285689 -0.020401736760731041 -0.55110285373573076
v 0.84961711086549507 -0.11935222171689214 -0.52035330905595323
v 0.84687695517135364 -0.086472436192458327 -0.53120966535724667
v 0.86586064641214844 -0.098875121376343814 -0.49736388744515292
v 0.80475229854909558 -0.06110808540062513 -0.5962392712839244
v 0.82647490294512527 -0.073863274476398746 -0.56422087929953468
v 0.80890159154900654 -0.094188646909699358 -0.58623240317963454
v 0.85010432123280244 -0.24961421120159924 -0.47103829458433105
v 0.85154056441174686 -0.21749652941169059 -0.48418553456794006
v 0.86774941650583115 -0.22887091496374909 -0.44887723680411001
v 0.81500738856442934 -0.19355505379527621 -0.55241385731008086
v 0.83393163403446458 -0.20570520015475599 -0.51875339963559164
v 0.81494621577128112 -0.22608029898904242 -0.54001112828471387
v 0.86888439464018064 -0.16426613115282218 -0.47425552344756106
v 0.85194240225585505 -0.18505522381781031 -0.49680019116062124
v 0.85129329867895254 -0.15247869762789246 -0.50883367149376491
v 0.72629924981124638 -0.1414499042321572 -0.67774841423028676
v 0.75027471513375255 -0.15491079265826604 -0.64803712059935892
v 0.72899534347540629 -0.17476474660477337 -0.6669967369385531
v 0.79018345887863362 -0.11471073958423429 -0.60771146933774212
v 0.7707060203657099 -0.13484837868663405 -0.62824341818194285
v 0.76736218017658753 -0.10152195200116543 -0.6385219170628107
v 0.77448886417626062 -0.20107628060851496 -0.60547249826026195
v 0.77307996137076507 -0.16809679817630671 -0.61721347427774054
v 0.79460432264206993 -0.18094526558055343 -0.58542671144716318
v 0.83230942884530823 -0.14007603182757375 -0.54267987030802445
v 0.8139398216826762 -0.16065291759115843 -0.56440614339384498
v 0.81190630850539214 -0.12746620998095123 -0.57569281249456317
v 0.80080685563661469 -0.49492520713694371 -0.34730234003120347
v 0.81046795882429912 -0.46618420275902034 -0.36424648254413333
v 0.82202824830767007 -0.47333079483390844 -0.32724463562761108
v 0.78365972539846918 -0.44960849585935536 -0.43656744464061842
v 0.79765815527614292 -0.4582617564173479 -0.40074822685968159
v 0.77515882997523289 -0.47907385553388032 -0.42009344396227244
v 0.83954572035186303 -0.41490341120302404 -0.36038830342116707
v 0.81915921377650158 -0.43682810899474045 -0.38081614351521126
v 0.8268230935177715 -0.40702746152776992 -0.39693046277645455
v 0.71585254587584612 -0.40767942311835587 -0.5728996914055331
v 0.73446063637477388 -0.41918086923511327 -0.54010779067514336
v 0.70971304773055055 -0.43862613768634223 -0.55747279144035711
v 0.7811543425074754 -0.37874172339539958 -0.50320386792878369
v 0.75831708200942327 -0.39917802501318173 -0.52199003899734209
v 0.76367668021424218 -0.36793218768480035 -0.53692210774566884
v 0.74473169620730229 -0.46026885268505946 -0.49029453211622359
v 0.7519866274048469 -0.43001585280556437 -0.50642269675196938
v 0.76834470998724225 -0.44012690333920751 -0.47201292348857132
v 0.86246114433923105 -0.29238025582680033 -0.42135049525680818
v 0.84379587641667486 -0.31448171520640211 -0.44268658687206741
v 0.84735557475400836 -0.28299284375846295 -0.45690835595355273
v 0.83356675826302329 -0.37639803868552257 -0.41273790131096921
v 0.83918764469559215 -0.34567719765484206 -0.42794040979874687
v 0.85304488932423717 -0.35449017986306708 -0.39180704966762542
v 0.80758605269054906 -0.32629885419722998 -0.49819214999614791
v 0.82401028619247174 -0.33626301576775536 -0.46346072196804389
v 0.80320961957663239 -0.35758883562811627 -0.48357636711839791
v 0.79111463014048367 -0.41946958475194696 -0.45281832234394259
v 0.79764702107458429 -0.38873657447124887 -0.46851323709010473
v 0.81289481378005779 -0.3981825318780074 -0.43302916182742329
v 0.52949356696761052 -0.29253441887763182 -0.80057569292394715
v 0.55585696360765757 -0.30882595380569872 -0.77621572671409633
v 0.52843685397756102 -0.32659128859578307 -0.78800626023141773
v 0.60875686477845392 -0.27225512036836241 -0.74976903267517958
v 0.58267926026201899 -0.29067546006479494 -0.7634487459596393
v 0.58312114796941938 -0.25642430992001608 -0.77529197708661879
v 0.57940041829557709 -0.35808850353215838 -0.73683720764364991
v 0.58143076386578763 -0.32462587922702096 -0.75061149546036376
v 0.60608390940611989 -0.33986060599608631 -0.72389115049623665
v 0.70587504504516674 -0.19555306765205954 -0.68582866176879786
v 0.68285894658840107 -0.21501722252747196 -0.70308800937927141
v 0.68176004638817811 -0.18070083548862542 -0.71373101354603607
v 0.68232551249504114 -0.28287834875201096 -0.67917096107609465
v 0.68304198777933878 -0.24913981601220114 -0.69155222013673112
v 0.70600728180201389 -0.26351972125267681 -0.66255005382923615
v 0.63395774728009724 -0.2190868795817123 -0.74629749199312012
v 0.65898498864918775 -0.23430583135515723 -0.71951443214483601
v 0.63438219574919041 -0.25329520901769542 -0.73502529349262924
v 0.67031878615771956 -0.4142791450726287 -0.62121404562690163
v 0.67465291816505213 -0.38221766659192907 -0.63687871152804931
v 0.69543222019429551 -0.39505896778581534 -0.60594047241962434
v 0.6300323696847222 -0.35464517596870804 -0.69580699116159062
v 0.65281590618208174 -0.36872497640105495 -0.66688429437924368
v 0.62679179021132692 -0.38737798214957908 -0.68112530864767917
v 0.70252038199450784 -0.3301355167588797 -0.63587507689132394
v 0.67810479077558183 -0.34960410271516246 -0.65177625252920268
v 0.68064025387297622 -0.31662060027105937 -0.66583907968762313
v 0.6337304194924851 -0.28745284663449983 -0.7229232413585035
v 0.65773270442376763 -0.30226477126832879 -0.69489935694384153
v 0.63227203373677054 -0.32129946131317028 -0.70983104218643256
v 0.83114693944494356 -0.27161906455217494 -0.49221895533861248
v 0.78999239928346565 -0.31451385867423265 -0.53278008509926977
v 0.81107190397893125 -0.29329951309668451 -0.51283464872656115
v 0.81353446866656709 -0.25982724976051835 -0.52679512522288463
v 0.79460992643843753 -0.24767721678067328 -0.56045756239261735
v 0.7204280650789644 -0.37575314053812237 -0.58877367364310373
v 0.72690300902449978 -0.31038695598280136 -0.61816943775419364
v 0.72412430734792421 -0.34325789424702124 -0.6038869807907451
v 0.74454469187744421 -0.35587838594960725 -0.57084610455863916
v 0.76764647166528444 -0.33556780071416781 -0.55224513038204259
v 0.72985229343972458 -0.20901553044256091 -0.6561171354534453
v 0.77418841755376766 -0.23505603018838928 -0.59350025786957106
v 0.7526626382524515 -0.22220638960717531 -0.62528781579034309
v 0.7297935949624671 -0.2430667555763926 -0.64434571526331719
v 0.72883444629247429 -0.27671616504343177 -0.6317357317210619
v 0.77086032448421693 -0.30245978667542162 -0.56670450619144996
v 0.75043875517980752 -0.28983856274168501 -0.59974729942959593
v 0.7730501511780038 -0.26888868304444313 -0.58047732083796644
v 0.36360919848911816 -0.77646065564455047 -0.52130413748650806
v 0.39469125983170089 -0.72414147978980636 -0.57157571297488108
v 0.37944243145876227 -0.75085052618363923 -0.54690745514307293
v 0.40015329930204535 -0.76365054644729546 -0.51339656703613368
v 0.43598830253531373 -0.7496644558154949 -0.50475569424557976
v 0.45003088519539514 -0.60608417643581636 -0.66105610463733899
v 0.43717990473850143 -0.63702013843490413 -0.64026560260480136
v 0.48068414907842111 -0.66556996830935944 -0.57690586161377655
v 0.45936023240858359 -0.65183680493128837 -0.60906316936322369
v 0.49424345433013389 -0.63560567698755721 -0.59882373945764855
v 0.42366263843344348 -0.66704427737285632 -0.61840345725774182
v 0.40957203385072516 -0.6959619988223209 -0.59560771288442749
v 0.53972588809246469 -0.70039704155743432 -0.47434271612830808
v 0.572530985781877 -0.6817934022235429 -0.46284677826313048
v 0.47157892439208443 -0.73428436471357528 -0.49527845645181395
v 0.50600243864736749 -0.71793307253193717 -0.48517486188473691
v 0.53516758394879171 -0.66089818005189405 -0.53260710677465395
v 0.5209941514218509 -0.68992866174134604 -0.50933739353989871
v 0.50139652042377014 -0.67837091778839442 -0.54339254078939259
v 0.43092564222320978 -0.70997571187750297 -0.56311499808808152
v 0.46657155522030802 -0.69468381917699873 -0.55370240147001215
v 0.45163809462635918 -0.72277671145301381 -0.52960154610942123
v 0.52130476138814119 -0.36360831209986127 -0.7764609181321741
v 0.57157633687651421 -0.39469037344244395 -0.72414174227743
v 0.54690807904470595 -0.3794415450695055 -0.75085078867126298
v 0.5133971909377667 -0.40015241291278852 -0.7636508089349191
v 0.50475631814721289 -0.43598741614605685 -0.74966471830311865
v 0.66105672853897202 -0.45002999880613831 -0.60608443892344011
v 0.6402662265064345 -0.43717901834924461 -0.63702040092252787
v 0.57690648551540968 -0.48068326268916423 -0.6655702307969833
v 0.60906379326485671 -0.45935934601932665 -0.65183706741891212
v 0.59882436335928158 -0.49424256794087701 -0.63560593947518096
v 0.61840408115937495 -0.4236617520441866 -0.66704453986048007
v 0.59560833678606051 -0.40957114746146828 -0.69596226130994465
v 0.47434334002994111 -0.53972500170320781 -0.70039730404505818
v 0.46284740216476356 -0.57253009939262023 -0.68179366471116676
v 0.49527908035344703 -0.47157803800282755 -0.73428462720119914
v 0.48517548578636999 -0.50600155225811072 -0.71793333501956103
v 0.53260773067628697 -0.53516669755953494 -0.66089844253951779
v 0.50933801744153184 -0.52099326503259413 -0.68992892422896979
v 0.54339316469102561 -0.50139563403451326 -0.67837118027601828
v 0.56311562198971465 -0.43092475583395284 -0.70997597436512672
v 0.55370302537164517 -0.46657066883105114 -0.69468408166462248
v 0.52960217001105436 -0.45163720823710224 -0.72277697394063756
v 0.77646154203380724 -0.52130387499888442 -0.36360857458748513
v 0.72414236617906302 -0.57157545048725733 -0.39469063593006776
v 0.750851412572896 -0.54690719265544918 -0.37944180755712925
v 0.76365143283655212 -0.51339630454850993 -0.40015267540041233
v 0.74966534220475167 -0.50475543175795612 -0.43598767863368065
v 0.60608506282507313 -0.66105584214971524 -0.45003026129376206
v 0.6370210248241609 -0.64026534011717773 -0.43717928083686836
v 0.66557085469861632 -0.57690559912615291 -0.48068352517678803
v 0.65183769132054514 -0.60906290687559994 -0.45935960850695046
v 0.63560656337681398 -0.5988234769700248 -0.49424283042850076
v 0.66704516376211309 -0.61840319477011818 -0.42366201453181035
v 0.69596288521157779 -0.59560745039680385 -0.40957140994909208
v 0.7003979279466912 -0.47434245364068434 -0.53972526419083167
v 0.68179428861279978 -0.46284651577550673 -0.57253036188024387
v 0.73428525110283216 -0.49527819396419021 -0.47157830049045135
v 0.71793395892119405 -0.48517459939711322 -0.50600181474573447
v 0.66089906644115082 -0.5326068442870302 -0.53516696004715858
v 0.68992954813060292 -0.50933713105227496 -0.52099352752021777
v 0.67837180417765131 -0.54339227830176884 -0.50139589652213701
v 0.70997659826675985 -0.56311473560045788 -0.43092501832157665
v 0.6946847055662555 -0.5537021389823884 -0.46657093131867494
v 0.72277759784227069 -0.5296012836217977 -0.4516374707247261
v 0.48575061279685799 -0.58833771652535516 -0.651740843743289
v 0.55481560862333146 -0.5500058481964607 -0.62970974869607088
v 0.5207575404636603 -0.56960344018441156 -0.64126797239485733
v 0.50794096925625176 -0.6031576592246406 -0.62053032456203694
v 0.52926741674674271 -0.6168918828804737 -0.58837190588864652
v 0.65174146764492202 -0.48574972640760122 -0.5883379790129788
v 0.62971037259770379 -0.55481472223407458 -0.55000611068408445
v 0.64126859629649036 -0.52075665407440352 -0.56960370267203531
v 0.62053094846366996 -0.50794008286699488 -0.60315792171226446
v 0.58837252979027954 -0.52926653035748583 -0.61689214536809756
v 0.58833860291461193 -0.65174058125566525 -0.48574998889522497
v 0.55000673458571747 -0.62970948620844702 -0.55481498472169832
v 0.56960432657366833 -0.64126770990723359 -0.52075691656202716
v 0.60315854561389737 -0.62053006207441308 -0.50794034535461852
v 0.61689276926973047 -0.58837164340102277 -0.52926679284510958
v 0.5765224416517355 -0.56370389620817363 -0.59726122575617635
v 0.59726184965780937 -0.57652155526247872 -0.56370415869579737
v 0.5637047825974304 -0.59726096326855249 -0.57652181775010247
v 0.57448983542862309 -0.82269220890526429 -2.5196067753406744e-11
v 0.61928139962933282 -0.78847568765217646 -0.040715519341684603
v 0.59726251784258622 -0.80605354648468897 -0.02040205225142442
v 0.59726251784258622 -0.80605354648468897 0.020402052201032285
v 0.61928139962933282 -0.78847568765217646 0.040715519291292468
v 0.70015861189107409 -0.70849967682723258 -0.12110897778259229
v 0.68119230504526451 -0.72978318344606918 -0.10126584930319046
v 0.68464803357693294 -0.73328167236032804 -0.020403065947555449
v 0.68349539308461427 -0.7321149819117142 -0.060851672688895742
v 0.70474124173954222 -0.71313690588872902 -0.040457351620216631
v 0.66137824051925742 -0.75022707315321813 -0.08123638191534141
v 0.64083943334411275 -0.76970875034777153 -0.061109839825514982
v 0.68119230504526451 -0.72978318344606918 0.10126584925279833
v 0.70015861189107409 -0.70849967682723258 0.12110897773220015
v 0.64083943334411275 -0.76970875034777153 0.061109839775122847
v 0.66137824051925742 -0.75022707315321813 0.081236381864949275
v 0.70474124173954222 -0.71313690588872902 0.040457351569824496
v 0.68349539308461427 -0.7321149819117142 0.060851672638503607
v 0.68464803357693294 -0.73328167236032804 0.020403065897163314
v 0.64186222694563366 -0.77101086056211021 -0.020403120365112205
v 0.66369589296935072 -0.75257488091370617 -2.5196067753406744e-11
v 0.64186222694563366 -0.77101086056211021 0.02040312031472007
v 0.82151764458441134 -0.50772517864050781 -0.27237000168424996
v 0.8097231999331358 -0.53514770548432222 -0.25461099524183778
v 0.82418945268801935 -0.54409564884084827 -0.17757581601754535
v 0.81760623137248856 -0.54002523920792944 -0.21622739143555153
v 0.83716350791772309 -0.51739485396383011 -0.195758411704852
v 0.79694419715758402 -0.56197743215633389 -0.23647995353967874
v 0.78326039562694805 -0.5880575633478603 -0.2180662287645137
v 0.83748067285150141 -0.55233200576859054 -0.020420325706746636
v 0.83613980405168653 -0.55150228955316483 -0.059807718234917893
v 0.85290643161065527 -0.52712451588835829 -0.039394261598027107
v 0.79940103518152594 -0.59809392497700165 -0.10051408865969545
v 0.81827033442789732 -0.57520528843963825 -0.080212291259037546
v 0.80211416232823562 -0.59977847613895685 -0.061156298244930553
v 0.84764798368632299 -0.52387461634304944 -0.11793990602117142
v 0.83347877200392329 -0.54985435587515408 -0.099170721247961086
v 0.82950882259827441 -0.54739959270190053 -0.13831234032771619
v 0.73651225450125279 -0.66220112625786665 -0.16093692985347008
v 0.71924811418800882 -0.68522018676784247 -0.14148052973403774
v 0.76846829829758101 -0.61371278129696205 -0.19918456253902914
v 0.75295281949727344 -0.63831842793955496 -0.18020265607160066
v 0.76263585143706958 -0.64415035629238804 -0.10157877091373128
v 0.75840668073994666 -0.64172315803016866 -0.14096829843832928
v 0.77928969452251262 -0.62044823151772188 -0.12088410710678751
v 0.81023569251856109 -0.57021804640612472 -0.15884259642890938
v 0.79523824209879546 -0.59571936220789201 -0.1399143166760129
v 0.78984997161036186 -0.5923669246440989 -0.17916439431276887
v 0.8097231999331358 -0.53514770548432222 0.25461099519144564
v 0.82151764458441134 -0.50772517864050781 0.27237000163385783
v 0.78326039562694805 -0.5880575633478603 0.21806622871412157
v 0.79694419715758402 -0.56197743215633389 0.2364799534892866
v 0.83716350791772309 -0.51739485396383011 0.19575841165445987
v 0.81760623137248856 -0.54002523920792944 0.2162273913851594
v 0.82418945268801935 -0.54409564884084827 0.17757581596715322
v 0.71924811418800882 -0.68522018676784247 0.14148052968364561
v 0.73651225450125279 -0.66220112625786665 0.16093692980307794
v 0.77928969452251262 -0.62044823151772188 0.12088410705639538
v 0.75840668073994666 -0.64172315803016866 0.14096829838793715
v 0.76263585143706958 -0.64415035629238804 0.10157877086333915
v 0.75295281949727344 -0.63831842793955496 0.18020265602120852
v 0.76846829829758101 -0.61371278129696205 0.199184562488637
v 0.85290643161065527 -0.52712451588835829 0.039394261547634972
v 0.83613980405168653 -0.55150228955316483 0.059807718184525759
v 0.83748067285150141 -0.55233200576859054 0.020420325656354502
v 0.82950882259827441 -0.54739959270190053 0.13831234027732406
v 0.83347877200392329 -0.54985435587515408 0.099170721197568951
v 0.84764798368632299 -0.52387461634304944 0.11793990597077929
v 0.80211416232823562 -0.59977847613895685 0.061156298194538418
v 0.81827033442789732 -0.57520528843963825 0.080212291208645412
v 0.79940103518152594 -0.59809392497700165 0.10051408860930332
v 0.78984997161036186 -0.5923669246440989 0.17916439426237674
v 0.79523824209879546 -0.59571936220789201 0.13991431662562076
v 0.81023569251856109 -0.57021804640612472 0.15884259637851725
v 0.72269308944625643 -0.68870559024187605 -0.10129464603041498
v 0.76495881943596145 -0.64649754920161606 -0.061157953016187344
v 0.74433726033673309 -0.66799492072263711 -0.081278309041660238
v 0.72499884304397 -0.69103733355970121 -0.060871830439311665
v 0.72615247330666732 -0.69220433893382693 -0.020421508909865892
v 0.82100267198751342 -0.57690215013193435 -2.5196067753406744e-11
v 0.78481906759715014 -0.62390737277212194 0.04074346261558863
v 0.80341232075186952 -0.6008103648382298 0.020420384504323999
v 0.80341232075186952 -0.6008103648382298 -0.020420384554716134
v 0.78481906759715014 -0.62390737277212194 -0.040743462665980765
v 0.72269308944625643 -0.68870559024187605 0.10129464598002284
v 0.72615247330666732 -0.69220433893382693 0.020421508859473757
v 0.72499884304397 -0.69103733355970121 0.06087183038891953
v 0.74433726033673309 -0.66799492072263711 0.081278308991268103
v 0.76495881943596145 -0.64649754920161606 0.061157952965795209
v 0.76625694463297378 -0.64752963419259224 -0.020421569329605555
v 0.76625694463297378 -0.64752963419259224 0.02042156927921342
v 0.74666045226196387 -0.67034282680424073 -2.5196067753406744e-11
v 0.87130177330437686 2.6246242773267185e-07 -0.49768972633105224
v 0.87611839480068987 -0.033018388491527627 -0.48804526106686574
v 0.9078290582207531 -0.03304811008563751 -0.42616439968382613
v 0.89252713152883167 -0.033040752178990815 -0.45734612841842021
v 0.90362768238786717 2.6246242773267185e-07 -0.43625553958210006
v 0.87991796981277215 -0.066051966121278755 -0.47774818064464863
v 0.88266548341356021 -0.098927204209318831 -0.46687991900031456
v 0.95811503688051636 -0.033160988588460207 -0.29627328551713011
v 0.94728086170944414 -0.033154298081844905 -0.32927447944724636
v 0.95517042723742296 2.6246242773267185e-07 -0.30742707010952508
v 0.92683787500728876 -0.099220435765709006 -0.37146832926709983
v 0.93782133091815467 -0.066281032442813012 -0.35065633899685728
v 0.93921835372945583 -0.099267857115219502 -0.33893458521377129
v 0.93162857379183739 2.6246242773267185e-07 -0.37273330898396789
v 0.93528344582271283 -0.03313393597325387 -0.36195155001155954
v 0.92218859682734833 -0.033127077642309967 -0.394122669447103
v 0.88469512495601943 -0.19700588411326386 -0.43054032872524073
v 0.8832655722836904 -0.22911943094268231 -0.41738226327452616
v 0.88442063878369026 -0.13200487548628706 -0.45523250924742192
v 0.88507660069153671 -0.16457716299457542 -0.44318793190170486
v 0.91421433534892826 -0.16472922709076757 -0.37939193680879185
v 0.90021292893970539 -0.16474110708496192 -0.411508011660557
v 0.91422808679256595 -0.13223328990279121 -0.39187139518945924
v 0.91108804124136833 -0.066168528087009834 -0.41521339786464567
v 0.91322894735654914 -0.099288863211445186 -0.40375296334025884
v 0.89847821939474593 -0.099181470273548455 -0.43561651820456182
v 1.0026515346291358 -0.0335104979889327 -0.02071078897299258
v 1.001333057095027 -0.03350658685497869 -0.055420266276006748
v 1.0028246242639465 2.6246242773267185e-07 -0.034709954287551477
v 0.99370529355188797 -0.10029741582772203 -0.096706576182104362
v 0.99828814447696157 -0.066993849548064074 -0.076122085170232834
v 0.99646985834939472 -0.10032541391001229 -0.062004677967686252
v 0.99802482163487105 2.6246242773267185e-07 -0.10396373103872322
v 0.99880669000275879 -0.033494564833883946 -0.090140420987988565
v 0.99508617372731445 -0.033490476587707693 -0.12467507994566443
v 0.96001257773863091 -0.23153931406781639 -0.17784046115729019
v 0.97068430763996238 -0.1992602061595766 -0.15788986162078653
v 0.9657518024263847 -0.2316914996196929 -0.1431933839053007
v 0.97683679722408556 -0.13356106912984214 -0.18658300519529653
v 0.97438446230450415 -0.16649319553463385 -0.17238567381975187
v 0.96771181267544149 -0.16623819907285095 -0.20678632852436143
v 0.98414461787979313 -0.166521788674583 -0.10291628750421677
v 0.97987135753240284 -0.16659359126061893 -0.1376974578884867
v 0.98752764489279232 -0.13370094507262298 -0.11736748505743549
v 0.97414056467740584 2.6246242773267185e-07 -0.24064939730575502
v 0.97668399031595321 -0.033423358757920511 -0.2276691018821678
v 0.96821417937798993 -0.033418566055150305 -0.26135502583906556
v 0.99011196883416897 -0.033442118440891004 -0.15944242983084603
v 0.98399677444608136 -0.033437500988376591 -0.19363431598116196
v 0.98844818960559189 2.6246242773267185e-07 -0.17271990762348544
v 0.97045035934130242 -0.1000849112437725 -0.23467216628104337
v 0.97798732264960853 -0.066853574239154792 -0.21432064349341506
v 0.97803821599752272 -0.10011784708235716 -0.2006977559039593
v 0.98968878000975613 -0.10040376396806787 -0.13151859856834466
v 0.98445708553082523 -0.10033799879089302 -0.16624820335934831
v 0.99055060537379069 -0.066925843887797598 -0.14557605273049568
v 0.84397480814170545 -0.44547583102494187 -0.31003126149264848
v 0.83431761608797517 -0.47421441818914722 -0.29308079063204651
v 0.86031383256790694 -0.38632904648643279 -0.34274130868498209
v 0.85265404107281328 -0.41612716727831212 -0.32662037450247128
v 0.87548450634767283 -0.41706917759139006 -0.25776308964734218
v 0.8646522672866348 -0.41685711814874643 -0.29234947658058835
v 0.88395740368861886 -0.3876211216833404 -0.27428239217445372
v 0.8807744032715864 -0.26233887187039551 -0.40283555554790723
v 0.87721949763702312 -0.29382478126512468 -0.38860603171044178
v 0.90332772912141723 -0.29571244104005406 -0.32158186298555069
v 0.89086412289405426 -0.29494507240784223 -0.35528894190654825
v 0.90767122639674935 -0.2644428150768609 -0.33625093716957866
v 0.87262540814639644 -0.32501152333446603 -0.37383697202756649
v 0.86700913916634192 -0.35572951062255115 -0.3586269923446791
v 0.94140480981267116 -0.29543275380623746 -0.1825876454781318
v 0.93372110499677818 -0.29603112701248258 -0.21769757983050839
v 0.94739212240609016 -0.26458009508190761 -0.19826078683884074
v 0.90204591752229291 -0.35749501274564249 -0.25567982535995565
v 0.91858048112789348 -0.32705518888789337 -0.23686817911125166
v 0.91125374734431286 -0.35735256520603864 -0.22085619350019209
v 0.92991514174952095 -0.26519116821850613 -0.26794262674409591
v 0.92481054000648488 -0.29627940906649464 -0.25259796505359339
v 0.91471567409974541 -0.29619628088868166 -0.28709709382979587
v 0.87982092013028323 -0.35681992341887803 -0.32474044701806853
v 0.89798528232790509 -0.32672411864463008 -0.30616252001016508
v 0.8915186565709794 -0.35741648381055796 -0.29036119497205798
v 0.96032580364573561 -0.06657506762875029 -0.28320316243362392
v 0.96101255672753305 -0.13322220135083876 -0.25606365759341032
v 0.96129558267100601 -0.099990658709355112 -0.2697676306877409
v 0.95086573217190395 -0.099710140889566076 -0.30458847315328158
v 0.93988270456618461 -0.13265132907303542 -0.32540126974180045
v 0.95265643952174106 -0.2322281119803489 -0.21302027064255374
v 0.93429547760660769 -0.23257305085104688 -0.28260137457759826
v 0.94406940793693561 -0.23256532982916958 -0.24800833237871028
v 0.95668989963952145 -0.19952445359706361 -0.2275879478491902
v 0.9594763223379742 -0.16664874347889561 -0.24185791193681352
v 0.89772226953612144 -0.2304732477435833 -0.3844978084388429
v 0.92726151797390066 -0.16569402454998913 -0.34582277862647032
v 0.91324487201856086 -0.19820283145702472 -0.36546030356739717
v 0.91106282515071413 -0.23150172524611129 -0.35104593970420511
v 0.92321486309673217 -0.23217784797263102 -0.31722161058440168
v 0.94999056971969831 -0.16650875883931698 -0.27686568098733721
v 0.93736934578596176 -0.19955155207746314 -0.29728725029174674
v 0.93923265870036832 -0.16618224505993678 -0.31158837533109551
v 0.87611839480068987 -0.033018388491527627 0.48804526101647361
v 0.87130177330437686 2.6246242773267185e-07 0.49768972628066011
v 0.88266548341356021 -0.098927204209318831 0.46687991894992242
v 0.87991796981277215 -0.066051966121278755 0.4777481805942565
v 0.90362768238786717 2.6246242773267185e-07 0.43625553953170793
v 0.89252713152883167 -0.033040752178990815 0.45734612836802807
v 0.9078290582207531 -0.03304811008563751 0.426164399633434
v 0.8832655722836904 -0.22911943094268231 0.41738226322413402
v 0.88469512495601943 -0.19700588411326386 0.43054032867484859
v 0.91422808679256595 -0.13223328990279121 0.3918713951390671
v 0.90021292893970539 -0.16474110708496192 0.41150801161016487
v 0.91421433534892826 -0.16472922709076757 0.37939193675839972
v 0.88507660069153671 -0.16457716299457542 0.44318793185131272
v 0.88442063878369026 -0.13200487548628706 0.45523250919702979
v 0.95517042723742296 2.6246242773267185e-07 0.30742707005913295
v 0.94728086170944414 -0.033154298081844905 0.32927447939685422
v 0.95811503688051636 -0.033160988588460207 0.29627328546673798
v 0.92218859682734833 -0.033127077642309967 0.39412266939671087
v 0.93528344582271283 -0.03313393597325387 0.36195154996116741
v 0.93162857379183739 2.6246242773267185e-07 0.37273330893357576
v 0.93921835372945583 -0.099267857115219502 0.33893458516337915
v 0.93782133091815467 -0.066281032442813012 0.35065633894646514
v 0.92683787500728876 -0.099220435765709006 0.37146832921670769
v 0.89847821939474593 -0.099181470273548455 0.43561651815416969
v 0.91322894735654914 -0.099288863211445186 0.40375296328986671
v 0.91108804124136833 -0.066168528087009834 0.41521339781425354
v 0.83431761608797517 -0.47421441818914722 0.29308079058165437
v 0.84397480814170545 -0.44547583102494187 0.31003126144225635
v 0.88395740368861886 -0.3876211216833404 0.27428239212406158
v 0.8646522672866348 -0.41685711814874643 0.29234947653019622
v 0.87548450634767283 -0.41706917759139006 0.25776308959695005
v 0.85265404107281328 -0.41612716727831212 0.32662037445207914
v 0.86031383256790694 -0.38632904648643279 0.34274130863458996
v 0.94739212240609016 -0.26458009508190761 0.19826078678844861
v 0.93372110499677818 -0.29603112701248258 0.21769757978011625
v 0.94140480981267116 -0.29543275380623746 0.18258764542773967
v 0.91471567409974541 -0.29619628088868166 0.28709709377940373
v 0.92481054000648488 -0.29627940906649464 0.25259796500320125
v 0.92991514174952095 -0.26519116821850613 0.26794262669370378
v 0.91125374734431286 -0.35735256520603864 0.22085619344979995
v 0.91858048112789348 -0.32705518888789337 0.23686817906085952
v 0.90204591752229291 -0.35749501274564249 0.25567982530956351
v 0.87721949763702312 -0.29382478126512468 0.38860603166004964
v 0.8807744032715864 -0.26233887187039551 0.4028355554975151
v 0.86700913916634192 -0.35572951062255115 0.35862699229428696
v 0.87262540814639644 -0.32501152333446603 0.37383697197717436
v 0.90767122639674935 -0.2644428150768609 0.33625093711918652
v 0.89086412289405426 -0.29494507240784223 0.35528894185615612
v 0.90332772912141723 -0.29571244104005406 0.32158186293515856
v 0.8915186565709794 -0.35741648381055796 0.29036119492166584
v 0.89798528232790509 -0.32672411864463008 0.30616251995977295
v 0.87982092013028323 -0.35681992341887803 0.3247404469676764
v 1.0028246242639465 2.6246242773267185e-07 0.034709954237159342
v 1.001333057095027 -0.03350658685497869 0.055420266225614613
v 1.0026515346291358 -0.0335104979889327 0.020710788922600445
v 0.99508617372731445 -0.033490476587707693 0.12467507989527229
v 0.99880669000275879 -0.033494564833883946 0.09014042093759643
v 0.99802482163487105 2.6246242773267185e-07 0.10396373098833109
v 0.99646985834939472 -0.10032541391001229 0.062004677917294117
v 0.99828814447696157 -0.066993849548064074 0.076122085119840699
v 0.99370529355188797 -0.10029741582772203 0.096706576131712227
v 0.96821417937798993 -0.033418566055150305 0.26135502578867342
v 0.97668399031595321 -0.033423358757920511 0.22766910183177566
v 0.97414056467740584 2.6246242773267185e-07 0.24064939725536288
v 0.97803821599752272 -0.10011784708235716 0.20069775585356717
v 0.97798732264960853 -0.066853574239154792 0.21432064344302293
v 0.97045035934130242 -0.1000849112437725 0.23467216623065124
v 0.98844818960559189 2.6246242773267185e-07 0.1727199075730933
v 0.98399677444608136 -0.033437500988376591 0.19363431593076982
v 0.99011196883416897 -0.033442118440891004 0.15944242978045389
v 0.9657518024263847 -0.2316914996196929 0.14319338385490857
v 0.97068430763996238 -0.1992602061595766 0.15788986157039439
v 0.96001257773863091 -0.23153931406781639 0.17784046110689805
v 0.98752764489279232 -0.13370094507262298 0.11736748500704336
v 0.97987135753240284 -0.16659359126061893 0.13769745783809456
v 0.98414461787979313 -0.166521788674583 0.10291628745382464
v 0.96771181267544149 -0.16623819907285095 0.2067863284739693
v 0.97438446230450415 -0.16649319553463385 0.17238567376935973
v 0.97683679722408556 -0.13356106912984214 0.18658300514490439
v 0.99055060537379069 -0.066925843887797598 0.14557605268010354
v 0.98445708553082523 -0.10033799879089302 0.16624820330895618
v 0.98968878000975613 -0.10040376396806787 0.13151859851795253
v 0.89772226953612144 -0.2304732477435833 0.38449780838845077
v 0.92321486309673217 -0.23217784797263102 0.31722161053400955
v 0.91106282515071413 -0.23150172524611129 0.35104593965381298
v 0.91324487201856086 -0.19820283145702472 0.36546030351700504
v 0.92726151797390066 -0.16569402454998913 0.34582277857607818
v 0.95265643952174106 -0.2322281119803489 0.21302027059216161
v 0.9594763223379742 -0.16664874347889561 0.24185791188642139
v 0.95668989963952145 -0.19952445359706361 0.22758794779879807
v 0.94406940793693561 -0.23256532982916958 0.24800833232831815
v 0.93429547760660769 -0.23257305085104688 0.28260137452720613
v 0.96032580364573561 -0.06657506762875029 0.28320316238323179
v 0.93988270456618461 -0.13265132907303542 0.32540126969140831
v 0.95086573217190395 -0.099710140889566076 0.30458847310288945
v 0.96129558267100601 -0.099990658709355112 0.26976763063734877
v 0.96101255672753305 -0.13322220135083876 0.25606365754301819
v 0.93736934578596176 -0.19955155207746314 0.29728725024135461
v 0.94999056971969831 -0.16650875883931698 0.27686568093694508
v 0.93923265870036832 -0.16618224505993678 0.31158837528070338
v 0.84348843681517915 -0.47987897586363348 -0.25515678067086223
v 0.88353251191976001 -0.42202097089633023 -0.21938604805704645
v 0.86420460716497816 -0.45125102513684917 -0.2374542216603254
v 0.85140458690132226 -0.48476191324378837 -0.21674335381704232
v 0.85800953589407147 -0.48884098962563161 -0.17808900535343364
v 0.94711176907340067 -0.29887129504136928 -0.14323766068550567
v 0.93342614737409968 -0.33032309369667712 -0.16267768481941591
v 0.91274154494084569 -0.39854381257561294 -0.12217769003278676
v 0.92385161419822337 -0.36476534350388712 -0.14249967390420951
v 0.92799365798019018 -0.36753330850463378 -0.10299883272572316
v 0.91825863627560622 -0.36136714000673015 -0.18186967800093923
v 0.90170725675329411 -0.39180570400752773 -0.20068380488332691
v 0.87004924425156949 -0.49624598017317068 -0.060131701465452679
v 0.8714025432856739 -0.49708062141557779 -0.020737560099023881
v 0.86338489086203973 -0.49213496044014138 -0.13867691434196766
v 0.86736984111652526 -0.49459573537973511 -0.099529877787015192
v 0.90270115491585323 -0.43374994118762855 -0.062074703107065317
v 0.88575975738816548 -0.46449111932721215 -0.080865754890942165
v 0.89994059546181071 -0.43205713339999696 -0.1014653186874378
v 0.89042737796425953 -0.42598802129996194 -0.18037442828090164
v 0.89590992911698031 -0.42933811143424466 -0.14098168021980645
v 0.8776263783887488 -0.45950147327862229 -0.15966197587775219
v 1.0011839997142022 -0.067026632318944318 -2.5196067753406744e-11
v 0.99359757023527207 -0.13386690725258069 0.041297042678416745
v 0.99815936664398275 -0.10055291186599843 0.020710867818086981
v 0.99815936664398275 -0.10055291186599843 -0.020710867868479116
v 0.99359757023527207 -0.13386690725258069 -0.04129704272880888
v 0.95992828604276903 -0.26531721799817309 0.12250010056128571
v 0.9705895826655393 -0.23302795696498094 0.10254598332876715
v 0.97545056055345014 -0.23436947830076674 0.020712371320152884
v 0.97382939923117162 -0.23392180360519277 0.061633918988071294
v 0.96635793432634309 -0.26709432907661151 0.040924129593461776
v 0.97977148362853272 -0.20032441489198444 0.082339800188727968
v 0.98741430325601587 -0.16742174318803432 0.062006890516163121
v 0.9705895826655393 -0.23302795696498094 -0.10254598337915928
v 0.95992828604276903 -0.26531721799817309 -0.12250010061167785
v 0.98741430325601587 -0.16742174318803432 -0.062006890566555256
v 0.97977148362853272 -0.20032441489198444 -0.082339800239120103
v 0.96635793432634309 -0.26709432907661151 -0.040924129643853911
v 0.97382939923117162 -0.23392180360519277 -0.061633919038463429
v 0.97545056055345014 -0.23436947830076674 -0.020712371370545019
v 0.98910390575210416 -0.16764951765956118 0.020712452377953376
v 0.98304139926831746 -0.20122496108829713 -2.5196067753406744e-11
v 0.98910390575210416 -0.16764951765956118 -0.020712452428345511
v 0.84348843681517915 -0.47987897586363348 0.25515678062047009
v 0.85800953589407147 -0.48884098962563161 0.1780890053030415
v 0.85140458690132226 -0.48476191324378837 0.21674335376665019
v 0.86420460716497816 -0.45125102513684917 0.23745422160993326
v 0.88353251191976001 -0.42202097089633023 0.21938604800665432
v 0.8714025432856739 -0.49708062141557779 0.020737560048631747
v 0.87004924425156949 -0.49624598017317068 0.060131701415060544
v 0.89994059546181071 -0.43205713339999696 0.10146531863704567
v 0.88575975738816548 -0.46449111932721215 0.08086575484055003
v 0.90270115491585323 -0.43374994118762855 0.062074703056673182
v 0.86736984111652526 -0.49459573537973511 0.099529877736623057
v 0.86338489086203973 -0.49213496044014138 0.13867691429157553
v 0.93342614737409968 -0.33032309369667712 0.16267768476902378
v 0.94711176907340067 -0.29887129504136928 0.14323766063511353
v 0.90170725675329411 -0.39180570400752773 0.20068380483293477
v 0.91825863627560622 -0.36136714000673015 0.18186967795054709
v 0.92799365798019018 -0.36753330850463378 0.10299883267533103
v 0.92385161419822337 -0.36476534350388712 0.14249967385381737
v 0.91274154494084569 -0.39854381257561294 0.12217768998239463
v 0.8776263783887488 -0.45950147327862229 0.15966197582736005
v 0.89590992911698031 -0.42933811143424466 0.14098168016941431
v 0.89042737796425953 -0.42598802129996194 0.1803744282305095
v 0.95195147080148301 -0.30020974069413331 -0.10258799014294991
v 0.95681523967705939 -0.30155641274033912 -0.020739317864170818
v 0.9551929939674324 -0.30110756400110572 -0.06166335734261276
v 0.94237642276002387 -0.33466178304133476 -0.082401005175433195
v 0.93126704780047065 -0.36844244742435212 -0.062077160671595168
v 0.95195147080148301 -0.30020974069413331 0.10258799009255777
v 0.93126704780047065 -0.36844244742435212 0.062077160621203033
v 0.94237642276002387 -0.33466178304133476 0.08240100512504106
v 0.9551929939674324 -0.30110756400110572 0.061663357292220625
v 0.95681523967705939 -0.30155641274033912 0.020739317813778683
v 0.88854860607117281 -0.46620059554219745 -2.5196067753406744e-11
v 0.91844944447249721 -0.4019993685913002 -0.041337842832620417
v 0.90426637207743077 -0.43443519104134454 -0.020737647858016503
v 0.90426637207743077 -0.43443519104134454 0.020737647807624368
v 0.91844944447249721 -0.4019993685913002 0.041337842782228282
v 0.94565017931590456 -0.33557040814136241 -2.5196067753406744e-11
v 0.93283252026159946 -0.36912747520174138 0.020739407980877679
v 0.93283252026159946 -0.36912747520174138 -0.020739408031269814
v 0.03301927488078446 -0.488044998579242 0.87611777084866482
v 0.098928090598575658 -0.46687965651269087 0.88266485946153506
v 0.066052852510535581 -0.47774791815702478 0.87991734586074688
v 0.033041638568247648 -0.4573458659307964 0.89252650757680652
v 0.033048996474894343 -0.42616413719620239 0.90782843426872795
v 0.22912031733193913 -0.41738200078690235 0.88326494833166525
v 0.19700677050252069 -0.43054006623761693 0.88469450100399427
v 0.13223417629204803 -0.39187113270183549 0.91422746284054091
v 0.16474199347421872 -0.41150774917293315 0.90021230498768012
v 0.16473011348002439 -0.37939167432116805 0.91421371139690311
v 0.16457804938383225 -0.44318766941408105 0.88507597673951155
v 0.13200576187554389 -0.45523224675979812 0.8844200148316651
v 0.033155184471101724 -0.3292742169596225 0.94728023775741887
v 0.033161874977717033 -0.29627302302950631 0.9581144129284912
v 0.033127964031566794 -0.3941224069594792 0.92218797287532317
v 0.033134822362510703 -0.36195128752393579 0.93528282187068779
v 0.099268743504476328 -0.33893432272614749 0.93921772977743068
v 0.066281918832069839 -0.35065607650923347 0.93782070696612951
v 0.099221322154965833 -0.37146806677947602 0.9268372510552636
v 0.099182356662805282 -0.43561625571693802 0.89847759544272077
v 0.099289749600702012 -0.40375270085263504 0.91322832340452398
v 0.066169414476266661 -0.41521313537702192 0.91108741728934317
v 0.47421530457840405 -0.2930805281444227 0.83431699213595001
v 0.44547671741419875 -0.31003099900502473 0.8439741841896804
v 0.38762200807259722 -0.27428212968682991 0.8839567797365937
v 0.41685800453800326 -0.29234921409296455 0.86465164333460964
v 0.41707006398064689 -0.25776282715971838 0.87548388239564767
v 0.41612805366756894 -0.32662011201484747 0.85265341712078813
v 0.38632993287568962 -0.34274104619735829 0.86031320861588179
v 0.26458098147116443 -0.19826052435121694 0.94739149845406501
v 0.2960320134017394 -0.21769731734288458 0.93372048104475303
v 0.29543364019549428 -0.182587382990508 0.941404185860646
v 0.29619716727793843 -0.28709683134217207 0.91471505014772014
v 0.29628029545575146 -0.25259770256596958 0.92480991605445972
v 0.26519205460776296 -0.26794236425647211 0.92991451779749579
v 0.35735345159529547 -0.22085593101256829 0.9112531233922877
v 0.32705607527715019 -0.23686791662362786 0.91857985717586832
v 0.35749589913489932 -0.25567956287233184 0.90204529357026775
v 0.29382566765438151 -0.38860576922281798 0.87721887368499796
v 0.26233975825965233 -0.40283529306028343 0.88077377931956125
v 0.35573039701180798 -0.35862672985705529 0.86700851521431677
v 0.32501240972372286 -0.37383670953994269 0.87262478419437128
v 0.26444370146611768 -0.3362506746819548 0.90767060244472408
v 0.29494595879709906 -0.35528867941892445 0.8908634989420291
v 0.29571332742931089 -0.32158160049792689 0.90332710516939208
v 0.35741737019981479 -0.29036093248443418 0.89151803261895424
v 0.32672500503388691 -0.30616225752254128 0.89798465837587993
v 0.3568208098081348 -0.32474018453044468 0.87982029617825797
v 0.033507473244235517 -0.055420003788382945 1.0013324331430018
v 0.033511384378189527 -0.02071052648536878 1.0026509106771107
v 0.03349136297696452 -0.12467481745804063 0.99508554977528929
v 0.033495451223140772 -0.090140158500364748 0.99880606605073363
v 0.10032630029926912 -0.062004415480062448 0.99646923439736956
v 0.066994735937320915 -0.076121822682609031 0.99828752052493641
v 0.10029830221697884 -0.096706313694480558 0.99370466959986281
v 0.033419452444407131 -0.26135476335144175 0.96821355542596477
v 0.033424245147177331 -0.22766883939454396 0.97668336636392805
v 0.10011873347161399 -0.2006974934163355 0.97803759204549756
v 0.066854460628411619 -0.21432038100579123 0.97798669869758337
v 0.10008579763302934 -0.2346719037934196 0.97044973538927726
v 0.033438387377633418 -0.19363405349353816 0.9839961504940562
v 0.033443004830147831 -0.15944216734322222 0.99011134488214381
v 0.23169238600894973 -0.1431931214176769 0.96575117847435954
v 0.19926109254883342 -0.15788959913316272 0.97068368368793723
v 0.23154020045707321 -0.17784019866966638 0.96001195378660575
v 0.13370183146187981 -0.11736722256981169 0.98752702094076716
v 0.16659447764987576 -0.13769719540086289 0.97987073358037768
v 0.16652267506383983 -0.10291602501659297 0.98414399392776797
v 0.16623908546210778 -0.20678606603673763 0.96771118872341633
v 0.16649408192389067 -0.17238541133212806 0.97438383835247899
v 0.13356195551909897 -0.18658274270767272 0.9768361732720604
v 0.066926730277054439 -0.14557579024287187 0.99054998142176554
v 0.10033888518014984 -0.16624794087172451 0.98445646157880007
v 0.1004046503573247 -0.13151833608072086 0.98968815605773097
v 0.23047413413284012 -0.3844975459512191 0.89772164558409628
v 0.23217873436188785 -0.31722134809677788 0.92321423914470702
v 0.23150261163536812 -0.35104567721658131 0.91106220119868897
v 0.19820371784628155 -0.36546004107977337 0.9132442480665357
v 0.16569491093924596 -0.34582251613884651 0.9272608940218755
v 0.23222899836960573 -0.21302000815492994 0.9526558155697159
v 0.16664962986815243 -0.24185764944918972 0.95947569838594904
v 0.19952533998632044 -0.2275876853615664 0.95668927568749629
v 0.23256621621842641 -0.24800806989108648 0.94406878398491045
v 0.2325739372403037 -0.28260111208997446 0.93429485365458254
v 0.066575954018007102 -0.28320289994600018 0.96032517969371045
v 0.13265221546229225 -0.32540100725417664 0.93988208061415945
v 0.099711027278822903 -0.30458821066565778 0.9508651082198788
v 0.099991545098611925 -0.26976736820011704 0.96129495871898085
v 0.13322308774009561 -0.25606339510578652 0.961011932775508
v 0.19955243846671997 -0.29728698780412294 0.9373687218339366
v 0.16650964522857381 -0.27686541849971341 0.94998994576767315
v 0.16618313144919361 -0.31158811284347171 0.93923203474834327
v 0.82269309529452106 2.6246242773267185e-07 0.57448921147659793
v 0.78847657404143323 0.040715781778916271 0.61928077567730766
v 0.80605443287394574 0.020402314688656085 0.59726189389056106
v 0.80605443287394574 -0.02040178976380062 0.59726189389056106
v 0.78847657404143323 -0.0407152568540608 0.61928077567730766
v 0.70850056321648935 0.12110924021982396 0.70015798793904893
v 0.72978406983532595 0.10126611174042213 0.68119168109323935
v 0.73328255874958481 0.020403328384787114 0.68464740962490778
v 0.73211586830097097 0.06085193512612741 0.68349476913258911
v 0.71313779227798579 0.040457614057448299 0.70474061778751707
v 0.7502279595424749 0.081236644352573079 0.66137761656723226
v 0.7697096367370283 0.06111010226274665 0.64083880939208759
v 0.72978406983532595 -0.10126558681556666 0.68119168109323935
v 0.70850056321648935 -0.12110871529496849 0.70015798793904893
v 0.7697096367370283 -0.061109577337891179 0.64083880939208759
v 0.7502279595424749 -0.081236119427717607 0.66137761656723226
v 0.71313779227798579 -0.040457089132592827 0.70474061778751707
v 0.73211586830097097 -0.060851410201271938 0.68349476913258911
v 0.73328255874958481 -0.020402803459931649 0.68464740962490778
v 0.77101174695136698 0.02040338280234387 0.6418616029936085
v 0.75257576730296294 2.6246242773267185e-07 0.66369526901732556
v 0.77101174695136698 -0.020402857877488405 0.6418616029936085
v 0.50772606502976447 0.27237026412148163 0.82151702063238607
v 0.5351485918735791 0.25461125767906945 0.80972257598111064
v 0.54409653523010504 0.17757607845477702 0.82418882873599408
v 0.5400261255971861 0.21622765387278317 0.81760560742046351
v 0.51739574035308689 0.19575867414208367 0.83716288396569793
v 0.56197831854559066 0.23648021597691041 0.79694357320555886
v 0.58805844973711707 0.21806649120174537 0.78325977167492289
v 0.55233289215784731 0.020420588143978301 0.83748004889947625
v 0.5515031759424216 0.059807980672149562 0.83613918009966137
v 0.52712540227761506 0.039394524035258775 0.85290580765863011
v 0.59809481136625842 0.10051435109692709 0.79940041122950078
v 0.57520617482889491 0.080212553696269201 0.81826971047587205
v 0.59977936252821362 0.061156560682162221 0.80211353837621047
v 0.52387550273230621 0.11794016845840308 0.84764735973429772
v 0.54985524226441074 0.099170983685192768 0.83347814805189813
v 0.54740047909115741 0.13831260276494789 0.82950819864624914
v 0.66220201264712342 0.16093719229070175 0.73651163054922764
v 0.68522107315709935 0.14148079217126944 0.71924749023598367
v 0.61371366768621871 0.1991848249762608 0.76846767434555585
v 0.63831931432881173 0.18020291850883233 0.75295219554524828
v 0.64415124268164481 0.10157903335096295 0.76263522748504442
v 0.64172404441942543 0.14096856087556098 0.75840605678792161
v 0.62044911790697865 0.1208843695440192 0.77928907057048746
v 0.57021893279538161 0.15884285886614108 0.81023506856653604
v 0.59572024859714867 0.13991457911324456 0.7952376181467703
v 0.59236781103335556 0.17916465675000054 0.7898493476583367
v 0.5351485918735791 -0.25461073275421398 0.80972257598111064
v 0.50772606502976447 -0.27236973919662616 0.82151702063238607
v 0.58805844973711707 -0.2180659662768899 0.78325977167492289
v 0.56197831854559066 -0.23647969105205494 0.79694357320555886
v 0.51739574035308689 -0.1957581492172282 0.83716288396569793
v 0.5400261255971861 -0.2162271289479277 0.81760560742046351
v 0.54409653523010504 -0.17757555352992155 0.82418882873599408
v 0.68522107315709935 -0.14148026724641397 0.71924749023598367
v 0.66220201264712342 -0.16093666736584628 0.73651163054922764
v 0.62044911790697865 -0.12088384461916372 0.77928907057048746
v 0.64172404441942543 -0.14096803595070551 0.75840605678792161
v 0.64415124268164481 -0.10157850842610748 0.76263522748504442
v 0.63831931432881173 -0.18020239358397686 0.75295219554524828
v 0.61371366768621871 -0.19918430005140533 0.76846767434555585
v 0.52712540227761506 -0.039393999110403304 0.85290580765863011
v 0.5515031759424216 -0.05980745574729409 0.83613918009966137
v 0.55233289215784731 -0.020420063219122837 0.83748004889947625
v 0.54740047909115741 -0.13831207784009242 0.82950819864624914
v 0.54985524226441074 -0.099170458760337296 0.83347814805189813
v 0.52387550273230621 -0.11793964353354761 0.84764735973429772
v 0.59977936252821362 -0.06115603575730675 0.80211353837621047
v 0.57520617482889491 -0.080212028771413729 0.81826971047587205
v 0.59809481136625842 -0.10051382617207162 0.79940041122950078
v 0.59236781103335556 -0.17916413182514507 0.7898493476583367
v 0.59572024859714867 -0.13991405418838909 0.7952376181467703
v 0.57021893279538161 -0.15884233394128561 0.81023506856653604
v 0.68870647663113282 0.10129490846764665 0.72269246549423127
v 0.64649843559087272 0.061158215453419006 0.76495819548393618
v 0.66799580711189388 0.081278571478891906 0.74433663638470793
v 0.69103821994895798 0.060872092876543334 0.72499821909194484
v 0.69220522532308371 0.020421771347097557 0.72615184935464216
v 0.57690303652119113 2.6246242773267185e-07 0.82100204803548826
v 0.62390825916137871 -0.040743200178356961 0.78481844364512499
v 0.60081125122748658 -0.020420122067092334 0.80341169679984437
v 0.60081125122748658 0.020420646991947799 0.80341169679984437
v 0.62390825916137871 0.040743725103212433 0.78481844364512499
v 0.68870647663113282 -0.10129438354279117 0.72269246549423127
v 0.69220522532308371 -0.020421246422242093 0.72615184935464216
v 0.69103821994895798 -0.060871567951687862 0.72499821909194484
v 0.66799580711189388 -0.081278046554036434 0.74433663638470793
v 0.64649843559087272 -0.061157690528563534 0.76495819548393618
v 0.64753052058184901 0.02042183176683722 0.76625632068094862
v 0.64753052058184901 -0.020421306841981755 0.76625632068094862
v 0.6703437131934975 2.6246242773267185e-07 0.74665982830993871
v 0.03301927488078446 0.48804552350409747 0.87611777084866482
v 0.033048996474894343 0.42616466212105786 0.90782843426872795
v 0.033041638568247648 0.45734639085565187 0.89252650757680652
v 0.066052852510535581 0.47774844308188025 0.87991734586074688
v 0.098928090598575658 0.46688018143754634 0.88266485946153506
v 0.033161874977717033 0.29627354795436178 0.9581144129284912
v 0.033155184471101724 0.32927474188447797 0.94728023775741887
v 0.099221322154965833 0.3714685917043315 0.9268372510552636
v 0.066281918832069839 0.35065660143408894 0.93782070696612951
v 0.099268743504476328 0.33893484765100296 0.93921772977743068
v 0.033134822362510703 0.36195181244879127 0.93528282187068779
v 0.033127964031566794 0.39412293188433467 0.92218797287532317
v 0.19700677050252069 0.4305405911624724 0.88469450100399427
v 0.22912031733193913 0.41738252571175782 0.88326494833166525
v 0.13200576187554389 0.45523277168465359 0.8844200148316651
v 0.16457804938383225 0.44318819433893653 0.88507597673951155
v 0.16473011348002439 0.37939219924602352 0.91421371139690311
v 0.16474199347421872 0.41150827409778862 0.90021230498768012
v 0.13223417629204803 0.39187165762669096 0.91422746284054091
v 0.066169414476266661 0.4152136603018774 0.91108741728934317
v 0.099289749600702012 0.40375322577749051 0.91322832340452398
v 0.099182356662805282 0.43561678064179349 0.89847759544272077
v 0.033511384378189527 0.020711051410224245 1.0026509106771107
v 0.033507473244235517 0.055420528713238416 1.0013324331430018
v 0.10029830221697884 0.09670683861933603 0.99370466959986281
v 0.066994735937320915 0.076122347607464502 0.99828752052493641
v 0.10032630029926912 0.06200494040491792 0.99646923439736956
v 0.033495451223140772 0.090140683425220219 0.99880606605073363
v 0.03349136297696452 0.1246753423828961 0.99508554977528929
v 0.23154020045707321 0.17784072359452185 0.96001195378660575
v 0.19926109254883342 0.15789012405801819 0.97068368368793723
v 0.23169238600894973 0.14319364634253237 0.96575117847435954
v 0.13356195551909897 0.18658326763252819 0.9768361732720604
v 0.16649408192389067 0.17238593625698354 0.97438383835247899
v 0.16623908546210778 0.2067865909615931 0.96771118872341633
v 0.16652267506383983 0.10291654994144844 0.98414399392776797
v 0.16659447764987576 0.13769772032571836 0.97987073358037768
v 0.13370183146187981 0.11736774749466716 0.98752702094076716
v 0.033424245147177331 0.22766936431939944 0.97668336636392805
v 0.033419452444407131 0.26135528827629723 0.96821355542596477
v 0.033443004830147831 0.1594426922680777 0.99011134488214381
v 0.033438387377633418 0.19363457841839363 0.9839961504940562
v 0.10008579763302934 0.23467242871827507 0.97044973538927726
v 0.066854460628411619 0.2143209059306467 0.97798669869758337
v 0.10011873347161399 0.20069801834119097 0.97803759204549756
v 0.1004046503573247 0.13151886100557633 0.98968815605773097
v 0.10033888518014984 0.16624846579657998 0.98445646157880007
v 0.066926730277054439 0.14557631516772734 0.99054998142176554
v 0.44547671741419875 0.3100315239298802 0.8439741841896804
v 0.47421530457840405 0.29308105306927817 0.83431699213595001
v 0.38632993287568962 0.34274157112221376 0.86031320861588179
v 0.41612805366756894 0.32662063693970295 0.85265341712078813
v 0.41707006398064689 0.25776335208457385 0.87548388239564767
v 0.41685800453800326 0.29234973901782002 0.86465164333460964
v 0.38762200807259722 0.27428265461168538 0.8839567797365937
v 0.26233975825965233 0.4028358179851389 0.88077377931956125
v 0.29382566765438151 0.38860629414767345 0.87721887368499796
v 0.29571332742931089 0.32158212542278236 0.90332710516939208
v 0.29494595879709906 0.35528920434377992 0.8908634989420291
v 0.26444370146611768 0.33625119960681027 0.90767060244472408
v 0.32501240972372286 0.37383723446479816 0.87262478419437128
v 0.35573039701180798 0.35862725478191076 0.86700851521431677
v 0.29543364019549428 0.18258790791536347 0.941404185860646
v 0.2960320134017394 0.21769784226774005 0.93372048104475303
v 0.26458098147116443 0.19826104927607241 0.94739149845406501
v 0.35749589913489932 0.25568008779718732 0.90204529357026775
v 0.32705607527715019 0.23686844154848333 0.91857985717586832
v 0.35735345159529547 0.22085645593742376 0.9112531233922877
v 0.26519205460776296 0.26794288918132758 0.92991451779749579
v 0.29628029545575146 0.25259822749082506 0.92480991605445972
v 0.29619716727793843 0.28709735626702754 0.91471505014772014
v 0.3568208098081348 0.32474070945530015 0.87982029617825797
v 0.32672500503388691 0.30616278244739675 0.89798465837587993
v 0.35741737019981479 0.29036145740928965 0.89151803261895424
v 0.066575954018007102 0.28320342487085565 0.96032517969371045
v 0.13322308774009561 0.25606392003064199 0.961011932775508
v 0.099991545098611925 0.26976789312497251 0.96129495871898085
v 0.099711027278822903 0.30458873559051325 0.9508651082198788
v 0.13265221546229225 0.32540153217903212 0.93988208061415945
v 0.23222899836960573 0.21302053307978541 0.9526558155697159
v 0.2325739372403037 0.28260163701482993 0.93429485365458254
v 0.23256621621842641 0.24800859481594195 0.94406878398491045
v 0.19952533998632044 0.22758821028642187 0.95668927568749629
v 0.16664962986815243 0.24185817437404519 0.95947569838594904
v 0.23047413413284012 0.38449807087607457 0.89772164558409628
v 0.16569491093924596 0.34582304106370199 0.9272608940218755
v 0.19820371784628155 0.36546056600462884 0.9132442480665357
v 0.23150261163536812 0.35104620214143678 0.91106220119868897
v 0.23217873436188785 0.31722187302163335 0.92321423914470702
v 0.16650964522857381 0.27686594342456888 0.94998994576767315
v 0.19955243846671997 0.29728751272897841 0.9373687218339366
v 0.16618313144919361 0.31158863776832718 0.93923203474834327
v 0.47987986225289031 -0.25515651818323842 0.843487812863154
v 0.48884187601488843 -0.17808874286580981 0.85800891194204632
v 0.48476279963304519 -0.21674309132941852 0.85140396294929699
v 0.451251911526106 -0.2374539591727016 0.86420398321295311
v 0.422021857285587 -0.21938578556942265 0.88353188796773485
v 0.49708150780483462 -0.020737297611400082 0.87140191933364874
v 0.4962468665624275 -0.060131438977828876 0.87004862029954433
v 0.43205801978925379 -0.101465056199814 0.89993997150978555
v 0.46449200571646898 -0.080865492403318362 0.88575913343614032
v 0.43375082757688538 -0.062074440619441514 0.90270053096382807
v 0.49459662176899194 -0.099529615299391389 0.86736921716450011
v 0.4921358468293982 -0.13867665185434386 0.86338426691001458
v 0.33032398008593394 -0.16267742233179211 0.93342552342207452
v 0.2988721814306261 -0.14323739819788187 0.94711114512137551
v 0.39180659039678456 -0.2006835423957031 0.90170663280126895
v 0.36136802639598697 -0.18186941551331542 0.91825801232358106
v 0.36753419489389061 -0.10299857023809936 0.92799303402816502
v 0.36476622989314389 -0.1424994114165857 0.9238509902461981
v 0.39854469896486977 -0.12217742754516296 0.91274092098882054
v 0.45950235966787911 -0.15966171339012836 0.87762575443672353
v 0.42933899782350149 -0.14098141773218265 0.89590930516495515
v 0.42598890768921882 -0.18037416579327781 0.89042675401223448
v 0.47987986225289031 0.25515704310809389 0.843487812863154
v 0.422021857285587 0.21938631049427812 0.88353188796773485
v 0.451251911526106 0.23745448409755707 0.86420398321295311
v 0.48476279963304519 0.21674361625427399 0.85140396294929699
v 0.48884187601488843 0.17808926779066528 0.85800891194204632
v 0.2988721814306261 0.14323792312273734 0.94711114512137551
v 0.33032398008593394 0.16267794725664758 0.93342552342207452
v 0.39854469896486977 0.12217795247001843 0.91274092098882054
v 0.36476622989314389 0.14249993634144117 0.9238509902461981
v 0.36753419489389061 0.10299909516295483 0.92799303402816502
v 0.36136802639598697 0.1818699404381709 0.91825801232358106
v 0.39180659039678456 0.20068406732055857 0.90170663280126895
v 0.4962468665624275 0.060131963902684347 0.87004862029954433
v 0.49708150780483462 0.020737822536255546 0.87140191933364874
v 0.4921358468293982 0.13867717677919933 0.86338426691001458
v 0.49459662176899194 0.09953014022424686 0.86736921716450011
v 0.43375082757688538 0.062074965544296985 0.90270053096382807
v 0.46449200571646898 0.080866017328173834 0.88575913343614032
v 0.43205801978925379 0.10146558112466947 0.89993997150978555
v 0.42598890768921882 0.18037469071813328 0.89042675401223448
v 0.42933899782350149 0.14098194265703812 0.89590930516495515
v 0.45950235966787911 0.15966223831498383 0.87762575443672353
v 0.067027518708201145 2.6246242773267185e-07 1.0011833757621771
v 0.13386779364183751 -0.041296780241185077 0.99359694628324691
v 0.10055379825525526 -0.020710605380855316 0.99815874269195759
v 0.10055379825525526 0.020711130305710781 0.99815874269195759
v 0.13386779364183751 0.041297305166040549 0.99359694628324691
v 0.26531810438742992 -0.12249983812405404 0.95992766209074387
v 0.23302884335423776 -0.10254572089153548 0.97058895871351414
v 0.23437036469002356 -0.020712108882921219 0.97544993660142498
v 0.23392268999444957 -0.061633656550839619 0.97382877527914635
v 0.26709521546586834 -0.040923867156230108 0.96635731037431793
v 0.20032530128124126 -0.0823395377514963 0.97977085967650757
v 0.16742262957729115 -0.062006628078931453 0.98741367930399071
v 0.23302884335423776 0.10254624581639095 0.97058895871351414
v 0.26531810438742992 0.12250036304890952 0.95992766209074387
v 0.16742262957729115 0.062007153003786925 0.98741367930399071
v 0.20032530128124126 0.082340062676351772 0.97977085967650757
v 0.26709521546586834 0.04092439208108558 0.96635731037431793
v 0.23392268999444957 0.061634181475695091 0.97382877527914635
v 0.23437036469002356 0.020712633807776683 0.97544993660142498
v 0.16765040404881804 -0.020712189940721718 0.98910328180007911
v 0.20122584747755395 2.6246242773267185e-07 0.9830407753162923
v 0.16765040404881804 0.020712714865577183 0.98910328180007911
v 0.46620148193145428 2.6246242773267185e-07 0.88854798211914765
v 0.40200025498055703 0.041338105269852085 0.91844882052047205
v 0.43443607743060136 0.020737910295248168 0.90426574812540561
v 0.43443607743060136 -0.020737385370392703 0.90426574812540561
v 0.40200025498055703 -0.041337580344996613 0.91844882052047205
v 0.30021062708339014 0.10258825258018157 0.95195084684945785
v 0.30155729912959595 0.020739580301402483 0.95681461572503423
v 0.30110845039036255 0.061663619779844428 0.95519237001540724
v 0.33466266943059159 0.082401267612664864 0.94237579880799871
v 0.36844333381360894 0.062077423108826836 0.93126642384844549
v 0.30021062708339014 -0.1025877276553261 0.95195084684945785
v 0.36844333381360894 -0.062076898183971364 0.93126642384844549
v 0.33466266943059159 -0.082400742687809392 0.94237579880799871
v 0.30110845039036255 -0.061663094854988956 0.95519237001540724
v 0.30155729912959595 -0.020739055376547019 0.95681461572503423
v 0.36912836159099821 0.020739670468501479 0.9328318963095743
v 0.33557129453061924 2.6246242773267185e-07 0.9456495553638794
v 0.36912836159099821 -0.020739145543646014 0.9328318963095743
v -0.54146993662100951 -0.84309885745747781 0.053425299480972847
v -0.52035268510392796 -0.84961622447623819 0.11935248415412379
v -0.53120904140522152 -0.84687606878209687 0.086472698629689995
v -0.56422025534750953 -0.8264740165558685 0.073863536913630415
v -0.58623177922760938 -0.80890070515974977 0.094188909346931027
v -0.47103767063230584 -0.85010343484354567 0.24961447363883085
v -0.48418491061591484 -0.8515396780224902 0.21749679184892223
v -0.55241323335805581 -0.81500650217517256 0.19355531623250791
v -0.51875277568356648 -0.8339307476452078 0.2057054625919876
v -0.54001050433268871 -0.81494532938202435 0.22608056142627403
v -0.49679956720859608 -0.85194151586659828 0.18505548625504192
v -0.50883304754173975 -0.85129241228969577 0.15247896006512413
v -0.64803649664733376 -0.75027382874449577 0.15491105509549771
v -0.66699611298652794 -0.72899445708614952 0.17476500904200501
v -0.60771084538571696 -0.79018257248937684 0.11471100202146596
v -0.62824279422991769 -0.77070513397645313 0.13484864112386571
v -0.60547187430823679 -0.77448797778700385 0.2010765430457466
v -0.61721285032571538 -0.7730790749815083 0.16809706061353835
v -0.58542608749513803 -0.79460343625281316 0.18094552801778507
v -0.54267924635599929 -0.83230854245605146 0.14007629426480539
v -0.56440551944181983 -0.81393893529341943 0.1606531800283901
v -0.57569218854253801 -0.81190542211613537 0.1274664724181829
v -0.34730171607917826 -0.80080596924735803 0.49492546957417533
v -0.36424585859210817 -0.81046707243504246 0.46618446519625195
v -0.43656682068859326 -0.78365883900921252 0.44960875829658692
v -0.40074760290765643 -0.79765726888688626 0.45826201885457951
v -0.42009282001024728 -0.77515794358597623 0.47907411797111193
v -0.38081551956318604 -0.81915832738724481 0.43682837143197201
v -0.39692983882442939 -0.82682220712851484 0.40702772396500148
v -0.57289906745350805 -0.71585165948658935 0.40767968555558748
v -0.5401071667231182 -0.73445974998551711 0.41918113167234483
v -0.55747216748833206 -0.70971216134129378 0.43862640012357373
v -0.50320324397675842 -0.78115345611821874 0.37874198583263113
v -0.52198941504531682 -0.75831619562016661 0.39917828745041339
v -0.53692148379364368 -0.7636757938249854 0.36793245012203196
v -0.49029390816419849 -0.7447308098180454 0.46026911512229102
v -0.50642207279994422 -0.75198574101559001 0.43001611524279598
v -0.47201229953654605 -0.76834382359798548 0.44012716577643907
v -0.44268596292004225 -0.8437949900274182 0.31448197764363378
v -0.45690773200152751 -0.84735468836475158 0.28299310619569462
v -0.412737277358944 -0.83356587187376652 0.37639830112275408
v -0.42793978584672165 -0.83918675830633549 0.34567746009207367
v -0.4981915260441227 -0.8075851663012924 0.32629911663446159
v -0.46346009801601867 -0.82400939980321497 0.33626327820498703
v -0.4835757431663727 -0.80320873318737562 0.35758909806534794
v -0.45281769839191738 -0.79111374375122701 0.41946984718917857
v -0.46851261313807951 -0.79764613468532763 0.38873683690848054
v -0.43302853787539808 -0.81289392739080102 0.39818279431523901
v -0.77621510276207129 -0.55585607721840069 0.30882621624293044
v -0.78800563627939257 -0.52843596758830425 0.32659155103301474
v -0.74976840872315442 -0.60875597838919715 0.27225538280559403
v -0.76344812200761425 -0.58267837387276222 0.29067572250202661
v -0.73683658369162497 -0.57939953190632032 0.35808876596939004
v -0.75061087150833861 -0.58142987747653085 0.32462614166425263
v -0.72389052654421149 -0.60608302301686312 0.33986086843331792
v -0.68582803781677271 -0.70587415865590997 0.19555333008929121
v -0.70308738542724625 -0.6828580601991443 0.21501748496470363
v -0.67917033712406938 -0.68232462610578426 0.28287861118924257
v -0.69155159618470607 -0.68304110139008178 0.24914007844943276
v -0.66254942987721099 -0.70600639541275712 0.26351998368990842
v -0.71951380819281097 -0.65898410225993098 0.2343060937923889
v -0.73502466954060408 -0.63438130935993353 0.25329547145492709
v -0.62121342167487648 -0.67031789976846279 0.41427940750986025
v -0.63687808757602404 -0.67465203177579536 0.38221792902916069
v -0.60593984846759907 -0.69543133380503885 0.3950592302230469
v -0.69580636720956557 -0.63003148329546532 0.35464543840593965
v -0.66688367042721863 -0.65281501979282497 0.36872523883828656
v -0.68112468469565401 -0.62679090382207014 0.38737824458681069
v -0.63587445293929878 -0.70251949560525107 0.33013577919611131
v -0.65177562857717752 -0.67810390438632517 0.34960436515239407
v -0.66583845573559808 -0.68063936748371956 0.3166208627082911
v -0.72292261740647834 -0.63372953310322822 0.28745310907173144
v -0.69489873299181648 -0.65773181803451086 0.30226503370556035
v -0.7098304182344074 -0.63227114734751377 0.32129972375040189
v -0.49221833138658727 -0.83114605305568678 0.27161932698940655
v -0.5327794611472445 -0.78999151289420899 0.31451412111146426
v -0.51283402477453588 -0.81107101758967448 0.29329977553391606
v -0.52679450127085947 -0.81353358227731043 0.25982751219775002
v -0.56045693844059219 -0.79460904004918087 0.24767747921790487
v -0.58877304969107858 -0.72042717868970785 0.37575340297535398
v -0.61816881380216848 -0.72690212263524301 0.31038721842003303
v -0.60388635683871983 -0.72412342095866744 0.34325815668425297
v -0.57084548060661389 -0.74454380548818744 0.35587864838683886
v -0.55224450643001732 -0.76764558527602766 0.33556806315139948
v -0.65611651150142025 -0.72985140705046792 0.20901579287979255
v -0.5934996339175459 -0.77418753116451089 0.23505629262562094
v -0.62528719183831794 -0.75266175186319473 0.22220665204440698
v -0.64434509131129203 -0.72979270857321032 0.24306701801362421
v -0.63173510776903674 -0.72883355990321763 0.27671642748066344
v -0.56670388223942469 -0.77085943809496027 0.30246004911265334
v -0.59974667547757066 -0.75043786879055085 0.28983882517891668
v -0.58047669688594128 -0.77304926478874714 0.2688889454816748
v -0.053424675579339824 -0.54147029808541081 0.84309911989470943
v -0.1193518602524908 -0.52035304656832948 0.84961648691346991
v -0.086472074728056986 -0.53120940286962304 0.84687633121932837
v -0.073862913011997391 -0.56422061681191094 0.82647427899310011
v -0.09418828544529799 -0.58623214069201079 0.80890096759698138
v -0.24961384973719788 -0.47103803209670725 0.85010369728077728
v -0.21749616794728927 -0.48418527208031631 0.8515399404597217
v -0.19355469233087488 -0.55241359482245722 0.81500676461240407
v -0.20570483869035464 -0.51875313714796789 0.83393101008243942
v -0.22607993752464106 -0.54001086579709023 0.81494559181925585
v -0.18505486235340896 -0.49679992867299744 0.85194177830382989
v -0.1524783361634911 -0.50883340900614116 0.85129267472692738
v -0.15491043119386466 -0.64803685811173517 0.75027409118172739
v -0.17476438514037196 -0.66699647445092936 0.72899471952338102
v -0.11471037811983294 -0.60771120685011837 0.79018283492660857
v -0.13484801722223266 -0.6282431556943191 0.77070539641368463
v -0.20107591914411357 -0.6054722357726382 0.77448824022423546
v -0.16809643671190533 -0.61721321179011679 0.77307933741873991
v -0.18094490411615208 -0.58542644895953944 0.79460369869004466
v -0.14007567036317239 -0.5426796078204007 0.83230880489328307
v -0.16065255612675708 -0.56440588090622124 0.81393919773065104
v -0.12746584851654988 -0.57569255000693942 0.81190568455336698
v -0.49492484567254236 -0.34730207754357967 0.80080623168458953
v -0.46618384129461898 -0.36424622005650953 0.81046733487227396
v -0.44960813439495401 -0.43656718215299462 0.78365910144644402
v -0.45826139495294654 -0.40074796437205779 0.79765753132411776
v -0.47907349406947897 -0.42009318147464864 0.77515820602320773
v -0.43682774753033909 -0.38081588102758746 0.81915858982447642
v -0.40702710006336856 -0.39693020028883075 0.82682246956574634
v -0.40767906165395451 -0.57289942891790946 0.71585192192382097
v -0.41918050777071186 -0.5401075281875195 0.73446001242274883
v -0.43862577622194077 -0.55747252895273336 0.70971242377852539
v -0.37874136193099811 -0.50320360544115994 0.78115371855545035
v -0.39917766354878037 -0.52198977650971823 0.75831645805739822
v -0.36793182622039899 -0.53692184525804509 0.76367605626221702
v -0.4602684912206581 -0.49029426962859979 0.74473107225527713
v -0.43001549134116296 -0.50642243426434563 0.75198600345282163
v -0.4401265418748061 -0.47201266100094752 0.76834408603521698
v -0.31448135374200076 -0.44268632438444361 0.8437952524646497
v -0.2829924822940616 -0.45690809346592892 0.8473549508019832
v -0.37639767722112122 -0.41273763882334541 0.83356613431099813
v -0.34567683619044071 -0.42794014731112306 0.83918702074356699
v -0.32629849273282857 -0.49819188750852411 0.8075854287385239
v -0.336262654303354 -0.46346045948042008 0.82400966224044658
v -0.35758847416371492 -0.48357610463077411 0.80320899562460724
v -0.4194692232875456 -0.45281805985631884 0.79111400618845851
v -0.38873621300684752 -0.46851297460248092 0.79764639712255914
v -0.39818217041360604 -0.43302889933979949 0.81289418982803263
v -0.30882559234129742 -0.77621546422647258 0.55585633965563241
v -0.32659092713138177 -0.7880059977437941 0.52843623002553586
v -0.27225475890396106 -0.74976877018755583 0.60875624082642876
v -0.29067509860039359 -0.76344848347201555 0.58267863630999384
v -0.35808814206775702 -0.73683694515602627 0.57939979434355182
v -0.32462551776261961 -0.75061123297274002 0.58143013991376247
v -0.33986024453168495 -0.7238908880086129 0.60608328545409473
v -0.19555270618765819 -0.68582839928117412 0.70587442109314158
v -0.21501686106307061 -0.70308774689164777 0.6828583226363758
v -0.2828779872876096 -0.6791706985884709 0.68232488854301598
v -0.24913945454779979 -0.69155195764910748 0.68304136382731362
v -0.2635193597882754 -0.6625497913416124 0.70600665784998873
v -0.23430546989075585 -0.71951416965721227 0.65898436469716259
v -0.25329484755329407 -0.73502503100500549 0.63438157179716526
v -0.41427878360822723 -0.62121378313927789 0.6703181622056944
v -0.38221730512752772 -0.63687844904042545 0.67465229421302686
v -0.39505860632141393 -0.60594020993200048 0.69543159624227047
v -0.35464481450430668 -0.69580672867396687 0.63003174573269694
v -0.36872461493665365 -0.66688403189162004 0.65281528223005658
v -0.38737762068517773 -0.68112504616005554 0.62679116625930176
v -0.33013515529447834 -0.63587481440370019 0.70251975804248268
v -0.3496037412507611 -0.65177599004157893 0.67810416682355679
v -0.31662023880665802 -0.66583881719999938 0.68063962992095106
v -0.28745248517009847 -0.72292297887087975 0.63372979554045994
v -0.30226440980392744 -0.69489909445621778 0.65773208047174248
v -0.32129909984876892 -0.70983077969880881 0.63227140978474539
v -0.27161870308777358 -0.49221869285098874 0.83114631549291829
v -0.31451349720983129 -0.53277982261164614 0.78999177533144049
v -0.29329915163228309 -0.5128343862389374 0.81107128002690621
v -0.25982688829611705 -0.52679486273526099 0.81353384471454193
v -0.24767685531627187 -0.5604572999049936 0.79460930248641237
v -0.37575277907372095 -0.58877341115547988 0.72042744112693935
v -0.31038659451840001 -0.61816917526656989 0.72690238507247462
v -0.34325753278261995 -0.60388671830312124 0.72412368339589905
v -0.35587802448520589 -0.57084584207101541 0.74454406792541905
v -0.33556743924976645 -0.55224486789441884 0.76764584771325928
v -0.20901516897815953 -0.65611687296582155 0.72985166948769942
v -0.23505566872398795 -0.59349999538194742 0.7741877936017425
v -0.22220602814277396 -0.62528755330271935 0.75266201430042634
v -0.24306639411199124 -0.64434545277569355 0.72979297101044194
v -0.27671580357903042 -0.63173546923343815 0.72883382234044913
v -0.30245942521102026 -0.56670424370382622 0.77085970053219177
v -0.28983820127728366 -0.59974703694197218 0.75043813122778236
v -0.26888832158004178 -0.58047705835034269 0.77304952722597864
v -0.8430984959930764 -0.053425037043741186 0.54147056052264253
v -0.84961586301183689 -0.11935222171689214 0.52035330900556109
v -0.84687570731769546 -0.086472436192458327 0.53120966530685454
v -0.82647365509146709 -0.073863274476398746 0.56422087924914255
v -0.80890034369534836 -0.094188646909699358 0.58623240312924241
v -0.85010307337914426 -0.24961421120159924 0.47103829453393892
v -0.85153931655808868 -0.21749652941169059 0.48418553451754792
v -0.81500614071077115 -0.19355505379527621 0.55241385725968872
v -0.83393038618080639 -0.20570520015475599 0.5187533995851995
v -0.81494496791762294 -0.22608029898904242 0.54001112823432174
v -0.85194115440219687 -0.18505522381781031 0.49680019111022911
v -0.85129205082529436 -0.15247869762789246 0.50883367144337277
v -0.75027346728009436 -0.15491079265826604 0.64803712054896678
v -0.72899409562174811 -0.17476474660477337 0.66699673688816097
v -0.79018221102497543 -0.11471073958423429 0.60771146928734998
v -0.77070477251205172 -0.13484837868663405 0.62824341813155071
v -0.77448761632260243 -0.20107628060851496 0.60547249820986981
v -0.77307871351710689 -0.16809679817630671 0.6172134742273484
v -0.79460307478841175 -0.18094526558055343 0.58542671139677105
v -0.83230818099165005 -0.14007603182757375 0.54267987025763231
v -0.81393857382901802 -0.16065291759115843 0.56440614334345285
v -0.81190506065173396 -0.12746620998095123 0.57569281244417103
v -0.80080560778295651 -0.49492520713694371 0.34730233998081134
v -0.81046671097064094 -0.46618420275902034 0.3642464824937412
v -0.78365847754481099 -0.44960849585935536 0.43656744459022628
v -0.79765690742248474 -0.4582617564173479 0.40074822680928945
v -0.77515758212157471 -0.47907385553388032 0.4200934439118803
v -0.8191579659228434 -0.43682810899474045 0.38081614346481912
v -0.82682184566411332 -0.40702746152776992 0.39693046272606242
v -0.71585129802218794 -0.40767942311835587 0.57289969135514096
v -0.7344593885211157 -0.41918086923511327 0.54010779062475123
v -0.70971179987689237 -0.43862613768634223 0.55747279138996497
v -0.78115309465381721 -0.37874172339539958 0.50320386787839155
v -0.75831583415576509 -0.39917802501318173 0.52199003894694995
v -0.76367543236058399 -0.36793218768480035 0.53692210769527671
v -0.7447304483536441 -0.46026885268505946 0.49029453206583146
v -0.75198537955118872 -0.43001585280556437 0.50642269670157725
v -0.76834346213358407 -0.44012690333920751 0.47201292343817919
v -0.84379462856301668 -0.31448171520640211 0.44268658682167528
v -0.84735432690035017 -0.28299284375846295 0.45690835590316059
v -0.83356551040936511 -0.37639803868552257 0.41273790126057708
v -0.83918639684193397 -0.34567719765484206 0.42794040974835473
v -0.80758480483689088 -0.32629885419722998 0.49819214994575578
v -0.82400903833881356 -0.33626301576775536 0.46346072191765175
v -0.80320837172297421 -0.35758883562811627 0.48357636706800577
v -0.79111338228682548 -0.41946958475194696 0.45281832229355046
v -0.79764577322092611 -0.38873657447124887 0.46851323703971259
v -0.81289356592639961 -0.3981825318780074 0.43302916177703116
v -0.55585571575399939 -0.30882595380569872 0.7762157266637042
v -0.52843560612390283 -0.32659128859578307 0.7880062601810256
v -0.60875561692479574 -0.27225512036836241 0.74976903262478745
v -0.58267801240836081 -0.29067546006479494 0.76344874590924716
v -0.57939917044191891 -0.35808850353215838 0.73683720759325777
v -0.58142951601212944 -0.32462587922702096 0.75061149540997163
v -0.60608266155246171 -0.33986060599608631 0.72389115044584451
v -0.70587379719150856 -0.19555306765205954 0.68582866171840573
v -0.68285769873474289 -0.21501722252747196 0.70308800932887927
v -0.68232426464138296 -0.28287834875201096 0.67917096102570251
v -0.6830407399256806 -0.24913981601220114 0.69155222008633899
v -0.7060060339483557 -0.26351972125267681 0.66255005377884402
v -0.65898374079552957 -0.23430583135515723 0.71951443209444388
v -0.63438094789553223 -0.25329520901769542 0.7350252934422371
v -0.67031753830406138 -0.4142791450726287 0.6212140455765095
v -0.67465167031139395 -0.38221766659192907 0.63687871147765718
v -0.69543097234063733 -0.39505896778581534 0.60594047236923221
v -0.63003112183106402 -0.35464517596870804 0.69580699111119848
v -0.65281465832842356 -0.36872497640105495 0.66688429432885155
v -0.62679054235766873 -0.38737798214957908 0.68112530859728704
v -0.70251913414084965 -0.3301355167588797 0.63587507684093181
v -0.67810354292192365 -0.34960410271516246 0.65177625247881055
v -0.68063900601931804 -0.31662060027105937 0.66583907963723099
v -0.63372917163882692 -0.28745284663449983 0.72292324130811136
v -0.65773145657010945 -0.30226477126832879 0.69489935689344939
v -0.63227078588311236 -0.32129946131317028 0.70983104213604042
v -0.83114569159128537 -0.27161906455217494 0.49221895528822035
v -0.78999115142980747 -0.31451385867423265 0.53278008504887764
v -0.81107065612527307 -0.29329951309668451 0.51283464867616901
v -0.81353322081290891 -0.25982724976051835 0.5267951251724925
v -0.79460867858477935 -0.24767721678067328 0.56045756234222521
v -0.72042681722530622 -0.37575314053812237 0.5887736735927116
v -0.7269017611708416 -0.31038695598280136 0.61816943770380151
v -0.72412305949426603 -0.34325789424702124 0.60388698074035296
v -0.74454344402378603 -0.35587838594960725 0.57084610450824702
v -0.76764522381162625 -0.33556780071416781 0.55224513033165046
v -0.72985104558606639 -0.20901553044256091 0.65611713540305316
v -0.77418716970010948 -0.23505603018838928 0.59350025781917892
v -0.75266139039879332 -0.22220638960717531 0.62528781573995096
v -0.72979234710880891 -0.2430667555763926 0.64434571521292505
v -0.72883319843881611 -0.27671616504343177 0.63173573167066976
v -0.77085907663055875 -0.30245978667542162 0.56670450614105783
v -0.75043750732614933 -0.28983856274168501 0.59974729937920379
v -0.77304890332434562 -0.26888868304444313 0.5804773207875743
v -0.36360795063545998 -0.77646065564455047 0.52130413743611592
v -0.39469001197804271 -0.72414147978980636 0.57157571292448894
v -0.37944118360510409 -0.75085052618363923 0.54690745509268079
v -0.40015205144838717 -0.76365054644729546 0.51339656698574154
v -0.43598705468165555 -0.7496644558154949 0.50475569419518762
v -0.45002963734173695 -0.60608417643581636 0.66105610458694686
v -0.43717865688484325 -0.63702013843490413 0.64026560255440923
v -0.48068290122476293 -0.66556996830935944 0.57690586156338441
v -0.45935898455492541 -0.65183680493128837 0.60906316931283155
v -0.49424220647647571 -0.63560567698755721 0.59882373940725642
v -0.4236613905797853 -0.66704427737285632 0.61840345720734968
v -0.40957078599706698 -0.6959619988223209 0.59560771283403535
v -0.53972464023880651 -0.70039704155743432 0.47434271607791595
v -0.57252973792821882 -0.6817934022235429 0.46284677821273834
v -0.47157767653842625 -0.73428436471357528 0.49527845640142182
v -0.50600119079370931 -0.71793307253193717 0.48517486183434477
v -0.53516633609513353 -0.66089818005189405 0.53260710672426181
v -0.52099290356819272 -0.68992866174134604 0.50933739348950657
v -0.50139527257011196 -0.67837091778839442 0.54339254073900045
v -0.4309243943695516 -0.70997571187750297 0.56311499803768938
v -0.46657030736664984 -0.69468381917699873 0.55370240141962002
v -0.45163684677270099 -0.72277671145301381 0.52960154605902909
v -0.52130351353448301 -0.36360831209986127 0.77646091808178197
v -0.57157508902285603 -0.39469037344244395 0.72414174222703787
v -0.54690683119104777 -0.3794415450695055 0.75085078862087085
v -0.51339594308410852 -0.40015241291278852 0.76365080888452697
v -0.50475507029355471 -0.43598741614605685 0.74966471825272651
v -0.66105548068531383 -0.45002999880613831 0.60608443887304797
v -0.64026497865277632 -0.43717901834924461 0.63702040087213574
v -0.5769052376617515 -0.48068326268916423 0.66557023074659116
v -0.60906254541119853 -0.45935934601932665 0.65183706736851998
v -0.59882311550562339 -0.49424256794087701 0.63560593942478882
v -0.61840283330571677 -0.4236617520441866 0.66704453981008793
v -0.59560708893240233 -0.40957114746146828 0.69596226125955252
v -0.47434209217628293 -0.53972500170320781 0.70039730399466604
v -0.46284615431110537 -0.57253009939262023 0.68179366466077462
v -0.49527783249978885 -0.47157803800282755 0.734284627150807
v -0.4851742379327118 -0.50600155225811072 0.71793333496916889
v -0.53260648282262879 -0.53516669755953494 0.66089844248912566
v -0.50933676958787366 -0.52099326503259413 0.68992892417857765
v -0.54339191683736743 -0.50139563403451326 0.67837118022562615
v -0.56311437413605647 -0.43092475583395284 0.70997597431473458
v -0.55370177751798699 -0.46657066883105114 0.69468408161423034
v -0.52960092215739618 -0.45163720823710224 0.72277697389024542
v -0.77646029418014906 -0.52130387499888442 0.363608574537093
v -0.72414111832540484 -0.57157545048725733 0.39469063587967562
v -0.75085016471923782 -0.54690719265544918 0.37944180750673712
v -0.76365018498289394 -0.51339630454850993 0.40015267535002019
v -0.74966409435109349 -0.50475543175795612 0.43598767858328852
v -0.60608381497141495 -0.66105584214971524 0.45003026124336992
v -0.63701977697050272 -0.64026534011717773 0.43717928078647622
v -0.66556960684495814 -0.57690559912615291 0.48068352512639589
v -0.65183644346688696 -0.60906290687559994 0.45935960845655832
v -0.6356053155231558 -0.5988234769700248 0.49424283037810862
v -0.66704391590845491 -0.61840319477011818 0.42366201448141821
v -0.6959616373579196 -0.59560745039680385 0.40957140989869995
v -0.70039668009303302 -0.47434245364068434 0.53972526414043953
v -0.6817930407591416 -0.46284651577550673 0.57253036182985173
v -0.73428400324917398 -0.49527819396419021 0.47157830044005922
v -0.71793271106753587 -0.48517459939711322 0.50600181469534233
v -0.66089781858749264 -0.5326068442870302 0.53516695999676644
v -0.68992830027694474 -0.50933713105227496 0.52099352746982563
v -0.67837055632399312 -0.54339227830176884 0.50139589647174487
v -0.70997535041310167 -0.56311473560045788 0.43092501827118451
v -0.69468345771259732 -0.5537021389823884 0.46657093126828281
v -0.72277634998861251 -0.5296012836217977 0.45163747067433396
v -0.48574936494319981 -0.58833771652535516 0.65174084369289687
v -0.55481436076967328 -0.5500058481964607 0.62970974864567875
v -0.52075629261000211 -0.56960344018441156 0.6412679723444652
v -0.50793972140259358 -0.6031576592246406 0.6205303245116448
v -0.52926616889308453 -0.6168918828804737 0.58837190583825438
v -0.65174021979126384 -0.48574972640760122 0.58833797896258666
v -0.62970912474404561 -0.55481472223407458 0.55000611063369231
v -0.64126734844283217 -0.52075665407440352 0.56960370262164317
v -0.62052970061001178 -0.50794008286699488 0.60315792166187232
v -0.58837128193662136 -0.52926653035748583 0.61689214531770542
v -0.58833735506095375 -0.65174058125566525 0.48574998884483284
v -0.55000548673205929 -0.62970948620844702 0.55481498467130619
v -0.56960307872001015 -0.64126770990723359 0.52075691651163503
v -0.60315729776023919 -0.62053006207441308 0.50794034530422638
v -0.61689152141607229 -0.58837164340102277 0.52926679279471744
v -0.57652119379807731 -0.56370389620817363 0.59726122570578422
v -0.59726060180415119 -0.57652155526247872 0.56370415864540524
v -0.56370353474377222 -0.59726096326855249 0.57652181769971034
v -0.053424675579339824 -0.54147029808541081 -0.84309911994510156
v -0.09418828544529799 -0.58623214069201079 -0.80890096764737351
v -0.073862913011997391 -0.56422061681191094 -0.82647427904349224
v -0.086472074728056986 -0.53120940286962304 -0.84687633126972051
v -0.1193518602524908 -0.52035304656832948 -0.84961648696386205
v -0.17476438514037196 -0.66699647445092936 -0.72899471957377315
v -0.15491043119386466 -0.64803685811173517 -0.75027409123211952
v -0.18094490411615208 -0.58542644895953944 -0.79460369874043679
v -0.16809643671190533 -0.61721321179011679 -0.77307933746913204
v -0.20107591914411357 -0.6054722357726382 -0.77448824027462759
v -0.13484801722223266 -0.6282431556943191 -0.77070539646407676
v -0.11471037811983294 -0.60771120685011837 -0.7901828349770007
v -0.21749616794728927 -0.48418527208031631 -0.85153994051011384
v -0.24961384973719788 -0.47103803209670725 -0.85010369733116942
v -0.1524783361634911 -0.50883340900614116 -0.85129267477731951
v -0.18505486235340896 -0.49679992867299744 -0.85194177835422202
v -0.22607993752464106 -0.54001086579709023 -0.81494559186964799
v -0.20570483869035464 -0.51875313714796789 -0.83393101013283155
v -0.19355469233087488 -0.55241359482245722 -0.8150067646627962
v -0.12746584851654988 -0.57569255000693942 -0.81190568460375911
v -0.16065255612675708 -0.56440588090622124 -0.81393919778104318
v -0.14007567036317239 -0.5426796078204007 -0.83230880494367521
v -0.32659092713138177 -0.7880059977437941 -0.52843623007592799
v -0.30882559234129742 -0.77621546422647258 -0.55585633970602455
v -0.33986024453168495 -0.7238908880086129 -0.60608328550448687
v -0.32462551776261961 -0.75061123297274002 -0.5814301399641546
v -0.35808814206775702 -0.73683694515602627 -0.57939979439394396
v -0.29067509860039359 -0.76344848347201555 -0.58267863636038597
v -0.27225475890396106 -0.74976877018755583 -0.6087562408768209
v -0.39505860632141393 -0.60594020993200048 -0.6954315962926626
v -0.38221730512752772 -0.63687844904042545 -0.67465229426341899
v -0.41427878360822723 -0.62121378313927789 -0.67031816225608654
v -0.31662023880665802 -0.66583881719999938 -0.6806396299713432
v -0.3496037412507611 -0.65177599004157893 -0.67810416687394892
v -0.33013515529447834 -0.63587481440370019 -0.70251975809287481
v -0.38737762068517773 -0.68112504616005554 -0.62679116630969389
v -0.36872461493665365 -0.66688403189162004 -0.65281528228044872
v -0.35464481450430668 -0.69580672867396687 -0.63003174578308907
v -0.21501686106307061 -0.70308774689164777 -0.68285832268676794
v -0.19555270618765819 -0.68582839928117412 -0.70587442114353371
v -0.25329484755329407 -0.73502503100500549 -0.63438157184755739
v -0.23430546989075585 -0.71951416965721227 -0.65898436474755473
v -0.2635193597882754 -0.6625497913416124 -0.70600665790038086
v -0.24913945454779979 -0.69155195764910748 -0.68304136387770575
v -0.2828779872876096 -0.6791706985884709 -0.68232488859340812
v -0.32129909984876892 -0.70983077969880881 -0.63227140983513752
v -0.30226440980392744 -0.69489909445621778 -0.65773208052213461
v -0.28745248517009847 -0.72292297887087975 -0.63372979559085207
v -0.46618384129461898 -0.36424622005650953 -0.81046733492266609
v -0.49492484567254236 -0.34730207754357967 -0.80080623173498167
v -0.40702710006336856 -0.39693020028883075 -0.82682246961613848
v -0.43682774753033909 -0.38081588102758746 -0.81915858987486856
v -0.47907349406947897 -0.42009318147464864 -0.77515820607359986
v -0.45826139495294654 -0.40074796437205779 -0.7976575313745099
v -0.44960813439495401 -0.43656718215299462 -0.78365910149683615
v -0.2829924822940616 -0.45690809346592892 -0.84735495085237533
v -0.31448135374200076 -0.44268632438444361 -0.84379525251504184
v -0.35758847416371492 -0.48357610463077411 -0.80320899567499937
v -0.336262654303354 -0.46346045948042008 -0.82400966229083872
v -0.32629849273282857 -0.49819188750852411 -0.80758542878891604
v -0.34567683619044071 -0.42794014731112306 -0.83918702079395913
v -0.37639767722112122 -0.41273763882334541 -0.83356613436139027
v -0.43862577622194077 -0.55747252895273336 -0.70971242382891753
v -0.41918050777071186 -0.5401075281875195 -0.73446001247314097
v -0.40767906165395451 -0.57289942891790946 -0.7158519219742131
v -0.4401265418748061 -0.47201266100094752 -0.76834408608560911
v -0.43001549134116296 -0.50642243426434563 -0.75198600350321376
v -0.4602684912206581 -0.49029426962859979 -0.74473107230566926
v -0.36793182622039899 -0.53692184525804509 -0.76367605631260915
v -0.39917766354878037 -0.52198977650971823 -0.75831645810779036
v -0.37874136193099811 -0.50320360544115994 -0.78115371860584248
v -0.39818217041360604 -0.43302889933979949 -0.81289418987842477
v -0.38873621300684752 -0.46851297460248092 -0.79764639717295127
v -0.4194692232875456 -0.45281805985631884 -0.79111400623885064
v -0.20901516897815953 -0.65611687296582155 -0.72985166953809155
v -0.27671580357903042 -0.63173546923343815 -0.72883382239084127
v -0.24306639411199124 -0.64434545277569355 -0.72979297106083407
v -0.22220602814277396 -0.62528755330271935 -0.75266201435081848
v -0.23505566872398795 -0.59349999538194742 -0.77418779365213464
v -0.37575277907372095 -0.58877341115547988 -0.72042744117733148
v -0.33556743924976645 -0.55224486789441884 -0.76764584776365141
v -0.35587802448520589 -0.57084584207101541 -0.74454406797581119
v -0.34325753278261995 -0.60388671830312124 -0.72412368344629119
v -0.31038659451840001 -0.61816917526656989 -0.72690238512286676
v -0.27161870308777358 -0.49221869285098874 -0.83114631554331042
v -0.24767685531627187 -0.5604572999049936 -0.79460930253680451
v -0.25982688829611705 -0.52679486273526099 -0.81353384476493407
v -0.29329915163228309 -0.5128343862389374 -0.81107128007729834
v -0.31451349720983129 -0.53277982261164614 -0.78999177538183263
v -0.28983820127728366 -0.59974703694197218 -0.75043813127817449
v -0.30245942521102026 -0.56670424370382622 -0.77085970058258391
v -0.26888832158004178 -0.58047705835034269 -0.77304952727637077
v -0.54146993662100951 -0.84309885745747781 -0.053425299531364982
v -0.58623177922760938 -0.80890070515974977 -0.094188909397323162
v -0.56422025534750953 -0.8264740165558685 -0.07386353696402255
v -0.53120904140522152 -0.84687606878209687 -0.08647269868008213
v -0.52035268510392796 -0.84961622447623819 -0.11935248420451593
v -0.66699611298652794 -0.72899445708614952 -0.17476500909239714
v -0.64803649664733376 -0.75027382874449577 -0.15491105514588985
v -0.58542608749513803 -0.79460343625281316 -0.18094552806817721
v -0.61721285032571538 -0.7730790749815083 -0.16809706066393049
v -0.60547187430823679 -0.77448797778700385 -0.20107654309613873
v -0.62824279422991769 -0.77070513397645313 -0.13484864117425785
v -0.60771084538571696 -0.79018257248937684 -0.1147110020718581
v -0.48418491061591484 -0.8515396780224902 -0.21749679189931437
v -0.47103767063230584 -0.85010343484354567 -0.24961447368922299
v -0.50883304754173975 -0.85129241228969577 -0.15247896011551626
v -0.49679956720859608 -0.85194151586659828 -0.18505548630543406
v -0.54001050433268871 -0.81494532938202435 -0.22608056147666616
v -0.51875277568356648 -0.8339307476452078 -0.20570546264237974
v -0.55241323335805581 -0.81500650217517256 -0.19355531628290004
v -0.57569218854253801 -0.81190542211613537 -0.12746647246857504
v -0.56440551944181983 -0.81393893529341943 -0.16065318007878224
v -0.54267924635599929 -0.83230854245605146 -0.14007629431519752
v -0.78800563627939257 -0.52843596758830425 -0.32659155108340687
v -0.77621510276207129 -0.55585607721840069 -0.30882621629332258
v -0.72389052654421149 -0.60608302301686312 -0.33986086848371005
v -0.75061087150833861 -0.58142987747653085 -0.32462614171464477
v -0.73683658369162497 -0.57939953190632032 -0.35808876601978218
v -0.76344812200761425 -0.58267837387276222 -0.29067572255241875
v -0.74976840872315442 -0.60875597838919715 -0.27225538285598616
v -0.60593984846759907 -0.69543133380503885 -0.39505923027343903
v -0.63687808757602404 -0.67465203177579536 -0.38221792907955282
v -0.62121342167487648 -0.67031789976846279 -0.41427940756025239
v -0.66583845573559808 -0.68063936748371956 -0.31662086275868323
v -0.65177562857717752 -0.67810390438632517 -0.3496043652027862
v -0.63587445293929878 -0.70251949560525107 -0.33013577924650345
v -0.68112468469565401 -0.62679090382207014 -0.38737824463720283
v -0.66688367042721863 -0.65281501979282497 -0.3687252388886787
v -0.69580636720956557 -0.63003148329546532 -0.35464543845633179
v -0.70308738542724625 -0.6828580601991443 -0.21501748501509577
v -0.68582803781677271 -0.70587415865590997 -0.19555333013968335
v -0.73502466954060408 -0.63438130935993353 -0.25329547150531923
v -0.71951380819281097 -0.65898410225993098 -0.23430609384278103
v -0.66254942987721099 -0.70600639541275712 -0.26351998374030056
v -0.69155159618470607 -0.68304110139008178 -0.24914007849982489
v -0.67917033712406938 -0.68232462610578426 -0.2828786112396347
v -0.7098304182344074 -0.63227114734751377 -0.32129972380079402
v -0.69489873299181648 -0.65773181803451086 -0.30226503375595248
v -0.72292261740647834 -0.63372953310322822 -0.28745310912212357
v -0.36424585859210817 -0.81046707243504246 -0.46618446524664409
v -0.34730171607917826 -0.80080596924735803 -0.49492546962456746
v -0.39692983882442939 -0.82682220712851484 -0.40702772401539361
v -0.38081551956318604 -0.81915832738724481 -0.43682837148236414
v -0.42009282001024728 -0.77515794358597623 -0.47907411802150407
v -0.40074760290765643 -0.79765726888688626 -0.45826201890497165
v -0.43656682068859326 -0.78365883900921252 -0.44960875834697905
v -0.45690773200152751 -0.84735468836475158 -0.28299310624608676
v -0.44268596292004225 -0.8437949900274182 -0.31448197769402592
v -0.4835757431663727 -0.80320873318737562 -0.35758909811574008
v -0.46346009801601867 -0.82400939980321497 -0.33626327825537916
v -0.4981915260441227 -0.8075851663012924 -0.32629911668485373
v -0.42793978584672165 -0.83918675830633549 -0.34567746014246581
v -0.412737277358944 -0.83356587187376652 -0.37639830117314621
v -0.55747216748833206 -0.70971216134129378 -0.43862640017396587
v -0.5401071667231182 -0.73445974998551711 -0.41918113172273697
v -0.57289906745350805 -0.71585165948658935 -0.40767968560597961
v -0.47201229953654605 -0.76834382359798548 -0.4401271658268312
v -0.50642207279994422 -0.75198574101559001 -0.43001611529318812
v -0.49029390816419849 -0.7447308098180454 -0.46026911517268315
v -0.53692148379364368 -0.7636757938249854 -0.3679324501724241
v -0.52198941504531682 -0.75831619562016661 -0.39917828750080553
v -0.50320324397675842 -0.78115345611821874 -0.37874198588302327
v -0.43302853787539808 -0.81289392739080102 -0.39818279436563114
v -0.46851261313807951 -0.79764613468532763 -0.38873683695887268
v -0.45281769839191738 -0.79111374375122701 -0.4194698472395707
v -0.65611651150142025 -0.72985140705046792 -0.20901579293018469
v -0.63173510776903674 -0.72883355990321763 -0.27671642753105558
v -0.64434509131129203 -0.72979270857321032 -0.24306701806401634
v -0.62528719183831794 -0.75266175186319473 -0.22220665209479912
v -0.5934996339175459 -0.77418753116451089 -0.23505629267601308
v -0.58877304969107858 -0.72042717868970785 -0.37575340302574611
v -0.55224450643001732 -0.76764558527602766 -0.33556806320179161
v -0.57084548060661389 -0.74454380548818744 -0.35587864843723099
v -0.60388635683871983 -0.72412342095866744 -0.3432581567346451
v -0.61816881380216848 -0.72690212263524301 -0.31038721847042516
v -0.49221833138658727 -0.83114605305568678 -0.27161932703979869
v -0.56045693844059219 -0.79460904004918087 -0.247677479268297
v -0.52679450127085947 -0.81353358227731043 -0.25982751224814216
v -0.51283402477453588 -0.81107101758967448 -0.2932997755843082
v -0.5327794611472445 -0.78999151289420899 -0.3145141211618564
v -0.59974667547757066 -0.75043786879055085 -0.28983882522930882
v -0.56670388223942469 -0.77085943809496027 -0.30246004916304547
v -0.58047669688594128 -0.77304926478874714 -0.26888894553206694
v -0.8430984959930764 -0.053425037043741186 -0.54147056057303466
v -0.80890034369534836 -0.094188646909699358 -0.58623240317963454
v -0.82647365509146709 -0.073863274476398746 -0.56422087929953468
v -0.84687570731769546 -0.086472436192458327 -0.53120966535724667
v -0.84961586301183689 -0.11935222171689214 -0.52035330905595323
v -0.72899409562174811 -0.17476474660477337 -0.6669967369385531
v -0.75027346728009436 -0.15491079265826604 -0.64803712059935892
v -0.79460307478841175 -0.18094526558055343 -0.58542671144716318
v -0.77307871351710689 -0.16809679817630671 -0.61721347427774054
v -0.77448761632260243 -0.20107628060851496 -0.60547249826026195
v -0.77070477251205172 -0.13484837868663405 -0.62824341818194285
v -0.79018221102497543 -0.11471073958423429 -0.60771146933774212
v -0.85153931655808868 -0.21749652941169059 -0.48418553456794006
v -0.85010307337914426 -0.24961421120159924 -0.47103829458433105
v -0.85129205082529436 -0.15247869762789246 -0.50883367149376491
v -0.85194115440219687 -0.18505522381781031 -0.49680019116062124
v -0.81494496791762294 -0.22608029898904242 -0.54001112828471387
v -0.83393038618080639 -0.20570520015475599 -0.51875339963559164
v -0.81500614071077115 -0.19355505379527621 -0.55241385731008086
v -0.81190506065173396 -0.12746620998095123 -0.57569281249456317
v -0.81393857382901802 -0.16065291759115843 -0.56440614339384498
v -0.83230818099165005 -0.14007603182757375 -0.54267987030802445
v -0.52843560612390283 -0.32659128859578307 -0.78800626023141773
v -0.55585571575399939 -0.30882595380569872 -0.77621572671409633
v -0.60608266155246171 -0.33986060599608631 -0.72389115049623665
v -0.58142951601212944 -0.32462587922702096 -0.75061149546036376
v -0.57939917044191891 -0.35808850353215838 -0.73683720764364991
v -0.58267801240836081 -0.29067546006479494 -0.7634487459596393
v -0.60875561692479574 -0.27225512036836241 -0.74976903267517958
v -0.69543097234063733 -0.39505896778581534 -0.60594047241962434
v -0.67465167031139395 -0.38221766659192907 -0.63687871152804931
v -0.67031753830406138 -0.4142791450726287 -0.62121404562690163
v -0.68063900601931804 -0.31662060027105937 -0.66583907968762313
v -0.67810354292192365 -0.34960410271516246 -0.65177625252920268
v -0.70251913414084965 -0.3301355167588797 -0.63587507689132394
v -0.62679054235766873 -0.38737798214957908 -0.68112530864767917
v -0.65281465832842356 -0.36872497640105495 -0.66688429437924368
v -0.63003112183106402 -0.35464517596870804 -0.69580699116159062
v -0.68285769873474289 -0.21501722252747196 -0.70308800937927141
v -0.70587379719150856 -0.19555306765205954 -0.68582866176879786
v -0.63438094789553223 -0.25329520901769542 -0.73502529349262924
v -0.65898374079552957 -0.23430583135515723 -0.71951443214483601
v -0.7060060339483557 -0.26351972125267681 -0.66255005382923615
v -0.6830407399256806 -0.24913981601220114 -0.69155222013673112
v -0.68232426464138296 -0.28287834875201096 -0.67917096107609465
v -0.63227078588311236 -0.32129946131317028 -0.70983104218643256
v -0.65773145657010945 -0.30226477126832879 -0.69489935694384153
v -0.63372917163882692 -0.28745284663449983 -0.7229232413585035
v -0.81046671097064094 -0.46618420275902034 -0.36424648254413333
v -0.80080560778295651 -0.49492520713694371 -0.34730234003120347
v -0.82682184566411332 -0.40702746152776992 -0.39693046277645455
v -0.8191579659228434 -0.43682810899474045 -0.38081614351521126
v -0.77515758212157471 -0.47907385553388032 -0.42009344396227244
v -0.79765690742248474 -0.4582617564173479 -0.40074822685968159
v -0.78365847754481099 -0.44960849585935536 -0.43656744464061842
v -0.84735432690035017 -0.28299284375846295 -0.45690835595355273
v -0.84379462856301668 -0.31448171520640211 -0.44268658687206741
v -0.80320837172297421 -0.35758883562811627 -0.48357636711839791
v -0.82400903833881356 -0.33626301576775536 -0.46346072196804389
v -0.80758480483689088 -0.32629885419722998 -0.49819214999614791
v -0.83918639684193397 -0.34567719765484206 -0.42794040979874687
v -0.83356551040936511 -0.37639803868552257 -0.41273790131096921
v -0.70971179987689237 -0.43862613768634223 -0.55747279144035711
v -0.7344593885211157 -0.41918086923511327 -0.54010779067514336
v -0.71585129802218794 -0.40767942311835587 -0.5728996914055331
v -0.76834346213358407 -0.44012690333920751 -0.47201292348857132
v -0.75198537955118872 -0.43001585280556437 -0.50642269675196938
v -0.7447304483536441 -0.46026885268505946 -0.49029453211622359
v -0.76367543236058399 -0.36793218768480035 -0.53692210774566884
v -0.75831583415576509 -0.39917802501318173 -0.52199003899734209
v -0.78115309465381721 -0.37874172339539958 -0.50320386792878369
v -0.81289356592639961 -0.3981825318780074 -0.43302916182742329
v -0.79764577322092611 -0.38873657447124887 -0.46851323709010473
v -0.79111338228682548 -0.41946958475194696 -0.45281832234394259
v -0.72985104558606639 -0.20901553044256091 -0.6561171354534453
v -0.72883319843881611 -0.27671616504343177 -0.6317357317210619
v -0.72979234710880891 -0.2430667555763926 -0.64434571526331719
v -0.75266139039879332 -0.22220638960717531 -0.62528781579034309
v -0.77418716970010948 -0.23505603018838928 -0.59350025786957106
v -0.72042681722530622 -0.37575314053812237 -0.58877367364310373
v -0.76764522381162625 -0.33556780071416781 -0.55224513038204259
v -0.74454344402378603 -0.35587838594960725 -0.57084610455863916
v -0.72412305949426603 -0.34325789424702124 -0.6038869807907451
v -0.7269017611708416 -0.31038695598280136 -0.61816943775419364
v -0.83114569159128537 -0.27161906455217494 -0.49221895533861248
v -0.79460867858477935 -0.24767721678067328 -0.56045756239261735
v -0.81353322081290891 -0.25982724976051835 -0.52679512522288463
v -0.81107065612527307 -0.29329951309668451 -0.51283464872656115
v -0.78999115142980747 -0.31451385867423265 -0.53278008509926977
v -0.75043750732614933 -0.28983856274168501 -0.59974729942959593
v -0.77085907663055875 -0.30245978667542162 -0.56670450619144996
v -0.77304890332434562 -0.26888868304444313 -0.58047732083796644
v -0.36360795063545998 -0.77646065564455047 -0.52130413748650806
v -0.43598705468165555 -0.7496644558154949 -0.50475569424557976
v -0.40015205144838717 -0.76365054644729546 -0.51339656703613368
v -0.37944118360510409 -0.75085052618363923 -0.54690745514307293
v -0.39469001197804271 -0.72414147978980636 -0.57157571297488108
v -0.57252973792821882 -0.6817934022235429 -0.46284677826313048
v -0.53972464023880651 -0.70039704155743432 -0.47434271612830808
v -0.50139527257011196 -0.67837091778839442 -0.54339254078939259
v -0.52099290356819272 -0.68992866174134604 -0.50933739353989871
v -0.53516633609513353 -0.66089818005189405 -0.53260710677465395
v -0.50600119079370931 -0.71793307253193717 -0.48517486188473691
v -0.47157767653842625 -0.73428436471357528 -0.49527845645181395
v -0.43717865688484325 -0.63702013843490413 -0.64026560260480136
v -0.45002963734173695 -0.60608417643581636 -0.66105610463733899
v -0.40957078599706698 -0.6959619988223209 -0.59560771288442749
v -0.4236613905797853 -0.66704427737285632 -0.61840345725774182
v -0.49424220647647571 -0.63560567698755721 -0.59882373945764855
v -0.45935898455492541 -0.65183680493128837 -0.60906316936322369
v -0.48068290122476293 -0.66556996830935944 -0.57690586161377655
v -0.45163684677270099 -0.72277671145301381 -0.52960154610942123
v -0.46657030736664984 -0.69468381917699873 -0.55370240147001215
v -0.4309243943695516 -0.70997571187750297 -0.56311499808808152
v -0.77646029418014906 -0.52130387499888442 -0.36360857458748513
v -0.74966409435109349 -0.50475543175795612 -0.43598767863368065
v -0.76365018498289394 -0.51339630454850993 -0.40015267540041233
v -0.75085016471923782 -0.54690719265544918 -0.37944180755712925
v -0.72414111832540484 -0.57157545048725733 -0.39469063593006776
v -0.6817930407591416 -0.46284651577550673 -0.57253036188024387
v -0.70039668009303302 -0.47434245364068434 -0.53972526419083167
v -0.67837055632399312 -0.54339227830176884 -0.50139589652213701
v -0.68992830027694474 -0.50933713105227496 -0.52099352752021777
v -0.66089781858749264 -0.5326068442870302 -0.53516696004715858
v -0.71793271106753587 -0.48517459939711322 -0.50600181474573447
v -0.73428400324917398 -0.49527819396419021 -0.47157830049045135
v -0.63701977697050272 -0.64026534011717773 -0.43717928083686836
v -0.60608381497141495 -0.66105584214971524 -0.45003026129376206
v -0.6959616373579196 -0.59560745039680385 -0.40957140994909208
v -0.66704391590845491 -0.61840319477011818 -0.42366201453181035
v -0.6356053155231558 -0.5988234769700248 -0.49424283042850076
v -0.65183644346688696 -0.60906290687559994 -0.45935960850695046
v -0.66556960684495814 -0.57690559912615291 -0.48068352517678803
v -0.72277634998861251 -0.5296012836217977 -0.4516374707247261
v -0.69468345771259732 -0.5537021389823884 -0.46657093131867494
v -0.70997535041310167 -0.56311473560045788 -0.43092501832157665
v -0.52130351353448301 -0.36360831209986127 -0.7764609181321741
v -0.50475507029355471 -0.43598741614605685 -0.74966471830311865
v -0.51339594308410852 -0.40015241291278852 -0.7636508089349191
v -0.54690683119104777 -0.3794415450695055 -0.75085078867126298
v -0.57157508902285603 -0.39469037344244395 -0.72414174227743
v -0.46284615431110537 -0.57253009939262023 -0.68179366471116676
v -0.47434209217628293 -0.53972500170320781 -0.70039730404505818
v -0.54339191683736743 -0.50139563403451326 -0.67837118027601828
v -0.50933676958787366 -0.52099326503259413 -0.68992892422896979
v -0.53260648282262879 -0.53516669755953494 -0.66089844253951779
v -0.4851742379327118 -0.50600155225811072 -0.71793333501956103
v -0.49527783249978885 -0.47157803800282755 -0.73428462720119914
v -0.64026497865277632 -0.43717901834924461 -0.63702040092252787
v -0.66105548068531383 -0.45002999880613831 -0.60608443892344011
v -0.59560708893240233 -0.40957114746146828 -0.69596226130994465
v -0.61840283330571677 -0.4236617520441866 -0.66704453986048007
v -0.59882311550562339 -0.49424256794087701 -0.63560593947518096
v -0.60906254541119853 -0.45935934601932665 -0.65183706741891212
v -0.5769052376617515 -0.48068326268916423 -0.6655702307969833
v -0.52960092215739618 -0.45163720823710224 -0.72277697394063756
v -0.55370177751798699 -0.46657066883105114 -0.69468408166462248
v -0.56311437413605647 -0.43092475583395284 -0.70997597436512672
v -0.58833735506095375 -0.65174058125566525 -0.48574998889522497
v -0.61689152141607229 -0.58837164340102277 -0.52926679284510958
v -0.60315729776023919 -0.62053006207441308 -0.50794034535461852
v -0.56960307872001015 -0.64126770990723359 -0.52075691656202716
v -0.55000548673205929 -0.62970948620844702 -0.55481498472169832
v -0.65174021979126384 -0.48574972640760122 -0.5883379790129788
v -0.58837128193662136 -0.52926653035748583 -0.61689214536809756
v -0.62052970061001178 -0.50794008286699488 -0.60315792171226446
v -0.64126734844283217 -0.52075665407440352 -0.56960370267203531
v -0.62970912474404561 -0.55481472223407458 -0.55000611068408445
v -0.48574936494319981 -0.58833771652535516 -0.651740843743289
v -0.52926616889308453 -0.6168918828804737 -0.58837190588864652
v -0.50793972140259358 -0.6031576592246406 -0.62053032456203694
v -0.52075629261000211 -0.56960344018441156 -0.64126797239485733
v -0.55481436076967328 -0.5500058481964607 -0.62970974869607088
v -0.59726060180415119 -0.57652155526247872 -0.56370415869579737
v -0.57652119379807731 -0.56370389620817363 -0.59726122575617635
v -0.56370353474377222 -0.59726096326855249 -0.57652181775010247
v 0.82269309529452106 2.6246242773267185e-07 -0.57448921152699006
v 0.78847657404143323 -0.0407152568540608 -0.61928077572769979
v 0.80605443287394574 -0.02040178976380062 -0.59726189394095319
v 0.80605443287394574 0.020402314688656085 -0.59726189394095319
v 0.78847657404143323 0.040715781778916271 -0.61928077572769979
v 0.70850056321648935 -0.12110871529496849 -0.70015798798944107
v 0.72978406983532595 -0.10126558681556666 -0.68119168114363149
v 0.73328255874958481 -0.020402803459931649 -0.68464740967529991
v 0.73211586830097097 -0.060851410201271938 -0.68349476918298124
v 0.71313779227798579 -0.040457089132592827 -0.7047406178379092
v 0.7502279595424749 -0.081236119427717607 -0.6613776166176244
v 0.7697096367370283 -0.061109577337891179 -0.64083880944247973
v 0.72978406983532595 0.10126611174042213 -0.68119168114363149
v 0.70850056321648935 0.12110924021982396 -0.70015798798944107
v 0.7697096367370283 0.06111010226274665 -0.64083880944247973
v 0.7502279595424749 0.081236644352573079 -0.6613776166176244
v 0.71313779227798579 0.040457614057448299 -0.7047406178379092
v 0.73211586830097097 0.06085193512612741 -0.68349476918298124
v 0.73328255874958481 0.020403328384787114 -0.68464740967529991
v 0.77101174695136698 -0.020402857877488405 -0.64186160304400064
v 0.75257576730296294 2.6246242773267185e-07 -0.6636952690677177
v 0.77101174695136698 0.02040338280234387 -0.64186160304400064
v 0.50772606502976447 -0.27236973919662616 -0.82151702068277821
v 0.5351485918735791 -0.25461073275421398 -0.80972257603150277
v 0.54409653523010504 -0.17757555352992155 -0.82418882878638622
v 0.5400261255971861 -0.2162271289479277 -0.81760560747085564
v 0.51739574035308689 -0.1957581492172282 -0.83716288401609007
v 0.56197831854559066 -0.23647969105205494 -0.796943573255951
v 0.58805844973711707 -0.2180659662768899 -0.78325977172531502
v 0.55233289215784731 -0.020420063219122837 -0.83748004894986838
v 0.5515031759424216 -0.05980745574729409 -0.83613918015005351
v 0.52712540227761506 -0.039393999110403304 -0.85290580770902225
v 0.59809481136625842 -0.10051382617207162 -0.79940041127989292
v 0.57520617482889491 -0.080212028771413729 -0.81826971052626418
v 0.59977936252821362 -0.06115603575730675 -0.8021135384266026
v 0.52387550273230621 -0.11793964353354761 -0.84764735978468986
v 0.54985524226441074 -0.099170458760337296 -0.83347814810229026
v 0.54740047909115741 -0.13831207784009242 -0.82950819869664127
v 0.66220201264712342 -0.16093666736584628 -0.73651163059961977
v 0.68522107315709935 -0.14148026724641397 -0.7192474902863758
v 0.61371366768621871 -0.19918430005140533 -0.76846767439594799
v 0.63831931432881173 -0.18020239358397686 -0.75295219559564042
v 0.64415124268164481 -0.10157850842610748 -0.76263522753543656
v 0.64172404441942543 -0.14096803595070551 -0.75840605683831375
v 0.62044911790697865 -0.12088384461916372 -0.7792890706208796
v 0.57021893279538161 -0.15884233394128561 -0.81023506861692818
v 0.59572024859714867 -0.13991405418838909 -0.79523761819716243
v 0.59236781103335556 -0.17916413182514507 -0.78984934770872883
v 0.5351485918735791 0.25461125767906945 -0.80972257603150277
v 0.50772606502976447 0.27237026412148163 -0.82151702068277821
v 0.58805844973711707 0.21806649120174537 -0.78325977172531502
v 0.56197831854559066 0.23648021597691041 -0.796943573255951
v 0.51739574035308689 0.19575867414208367 -0.83716288401609007
v 0.5400261255971861 0.21622765387278317 -0.81760560747085564
v 0.54409653523010504 0.17757607845477702 -0.82418882878638622
v 0.68522107315709935 0.14148079217126944 -0.7192474902863758
v 0.66220201264712342 0.16093719229070175 -0.73651163059961977
v 0.62044911790697865 0.1208843695440192 -0.7792890706208796
v 0.64172404441942543 0.14096856087556098 -0.75840605683831375
v 0.64415124268164481 0.10157903335096295 -0.76263522753543656
v 0.63831931432881173 0.18020291850883233 -0.75295219559564042
v 0.61371366768621871 0.1991848249762608 -0.76846767439594799
v 0.52712540227761506 0.039394524035258775 -0.85290580770902225
v 0.5515031759424216 0.059807980672149562 -0.83613918015005351
v 0.55233289215784731 0.020420588143978301 -0.83748004894986838
v 0.54740047909115741 0.13831260276494789 -0.82950819869664127
v 0.54985524226441074 0.099170983685192768 -0.83347814810229026
v 0.52387550273230621 0.11794016845840308 -0.84764735978468986
v 0.59977936252821362 0.061156560682162221 -0.8021135384266026
v 0.57520617482889491 0.080212553696269201 -0.81826971052626418
v 0.59809481136625842 0.10051435109692709 -0.79940041127989292
v 0.59236781103335556 0.17916465675000054 -0.78984934770872883
v 0.59572024859714867 0.13991457911324456 -0.79523761819716243
v 0.57021893279538161 0.15884285886614108 -0.81023506861692818
v 0.68870647663113282 -0.10129438354279117 -0.72269246554462341
v 0.64649843559087272 -0.061157690528563534 -0.76495819553432831
v 0.66799580711189388 -0.081278046554036434 -0.74433663643510006
v 0.69103821994895798 -0.060871567951687862 -0.72499821914233697
v 0.69220522532308371 -0.020421246422242093 -0.7261518494050343
v 0.57690303652119113 2.6246242773267185e-07 -0.8210020480858804
v 0.62390825916137871 0.040743725103212433 -0.78481844369551712
v 0.60081125122748658 0.020420646991947799 -0.8034116968502365
v 0.60081125122748658 -0.020420122067092334 -0.8034116968502365
v 0.62390825916137871 -0.040743200178356961 -0.78481844369551712
v 0.68870647663113282 0.10129490846764665 -0.72269246554462341
v 0.69220522532308371 0.020421771347097557 -0.7261518494050343
v 0.69103821994895798 0.060872092876543334 -0.72499821914233697
v 0.66799580711189388 0.081278571478891906 -0.74433663643510006
v 0.64649843559087272 0.061158215453419006 -0.76495819553432831
v 0.64753052058184901 -0.020421306841981755 -0.76625632073134076
v 0.64753052058184901 0.02042183176683722 -0.76625632073134076
v 0.6703437131934975 2.6246242773267185e-07 -0.74665982836033085
v 0.03301927488078446 -0.488044998579242 -0.87611777089905696
v 0.033048996474894343 -0.42616413719620239 -0.90782843431912008
v 0.033041638568247648 -0.4573458659307964 -0.89252650762719865
v 0.066052852510535581 -0.47774791815702478 -0.87991734591113901
v 0.098928090598575658 -0.46687965651269087 -0.88266485951192719
v 0.033161874977717033 -0.29627302302950631 -0.95811441297888333
v 0.033155184471101724 -0.3292742169596225 -0.94728023780781101
v 0.099221322154965833 -0.37146806677947602 -0.92683725110565574
v 0.066281918832069839 -0.35065607650923347 -0.93782070701652165
v 0.099268743504476328 -0.33893432272614749 -0.93921772982782281
v 0.033134822362510703 -0.36195128752393579 -0.93528282192107992
v 0.033127964031566794 -0.3941224069594792 -0.9221879729257153
v 0.19700677050252069 -0.43054006623761693 -0.88469450105438641
v 0.22912031733193913 -0.41738200078690235 -0.88326494838205738
v 0.13200576187554389 -0.45523224675979812 -0.88442001488205724
v 0.16457804938383225 -0.44318766941408105 -0.88507597678990368
v 0.16473011348002439 -0.37939167432116805 -0.91421371144729524
v 0.16474199347421872 -0.41150774917293315 -0.90021230503807226
v 0.13223417629204803 -0.39187113270183549 -0.91422746289093304
v 0.066169414476266661 -0.41521313537702192 -0.91108741733973531
v 0.099289749600702012 -0.40375270085263504 -0.91322832345491611
v 0.099182356662805282 -0.43561625571693802 -0.8984775954931129
v 0.033511384378189527 -0.02071052648536878 -1.0026509107275028
v 0.033507473244235517 -0.055420003788382945 -1.0013324331933939
v 0.10029830221697884 -0.096706313694480558 -0.99370466965025495
v 0.066994735937320915 -0.076121822682609031 -0.99828752057532855
v 0.10032630029926912 -0.062004415480062448 -0.9964692344477617
v 0.033495451223140772 -0.090140158500364748 -0.99880606610112577
v 0.03349136297696452 -0.12467481745804063 -0.99508554982568143
v 0.23154020045707321 -0.17784019866966638 -0.96001195383699789
v 0.19926109254883342 -0.15788959913316272 -0.97068368373832936
v 0.23169238600894973 -0.1431931214176769 -0.96575117852475167
v 0.13356195551909897 -0.18658274270767272 -0.97683617332245254
v 0.16649408192389067 -0.17238541133212806 -0.97438383840287113
v 0.16623908546210778 -0.20678606603673763 -0.96771118877380846
v 0.16652267506383983 -0.10291602501659297 -0.9841439939781601
v 0.16659447764987576 -0.13769719540086289 -0.97987073363076982
v 0.13370183146187981 -0.11736722256981169 -0.9875270209911593
v 0.033424245147177331 -0.22766883939454396 -0.97668336641432019
v 0.033419452444407131 -0.26135476335144175 -0.9682135554763569
v 0.033443004830147831 -0.15944216734322222 -0.99011134493253594
v 0.033438387377633418 -0.19363405349353816 -0.98399615054444833
v 0.10008579763302934 -0.2346719037934196 -0.97044973543966939
v 0.066854460628411619 -0.21432038100579123 -0.9779866987479755
v 0.10011873347161399 -0.2006974934163355 -0.9780375920958897
v 0.1004046503573247 -0.13151833608072086 -0.98968815610812311
v 0.10033888518014984 -0.16624794087172451 -0.9844564616291922
v 0.066926730277054439 -0.14557579024287187 -0.99054998147215767
v 0.44547671741419875 -0.31003099900502473 -0.84397418424007253
v 0.47421530457840405 -0.2930805281444227 -0.83431699218634214
v 0.38632993287568962 -0.34274104619735829 -0.86031320866627392
v 0.41612805366756894 -0.32662011201484747 -0.85265341717118026
v 0.41707006398064689 -0.25776282715971838 -0.87548388244603981
v 0.41685800453800326 -0.29234921409296455 -0.86465164338500178
v 0.38762200807259722 -0.27428212968682991 -0.88395677978698584
v 0.26233975825965233 -0.40283529306028343 -0.88077377936995338
v 0.29382566765438151 -0.38860576922281798 -0.87721887373539009
v 0.29571332742931089 -0.32158160049792689 -0.90332710521978421
v 0.29494595879709906 -0.35528867941892445 -0.89086349899242123
v 0.26444370146611768 -0.3362506746819548 -0.90767060249511622
v 0.32501240972372286 -0.37383670953994269 -0.87262478424476342
v 0.35573039701180798 -0.35862672985705529 -0.8670085152647089
v 0.29543364019549428 -0.182587382990508 -0.94140418591103814
v 0.2960320134017394 -0.21769731734288458 -0.93372048109514516
v 0.26458098147116443 -0.19826052435121694 -0.94739149850445714
v 0.35749589913489932 -0.25567956287233184 -0.90204529362065988
v 0.32705607527715019 -0.23686791662362786 -0.91857985722626045
v 0.35735345159529547 -0.22085593101256829 -0.91125312344267984
v 0.26519205460776296 -0.26794236425647211 -0.92991451784788792
v 0.29628029545575146 -0.25259770256596958 -0.92480991610485186
v 0.29619716727793843 -0.28709683134217207 -0.91471505019811228
v 0.3568208098081348 -0.32474018453044468 -0.8798202962286501
v 0.32672500503388691 -0.30616225752254128 -0.89798465842627206
v 0.35741737019981479 -0.29036093248443418 -0.89151803266934637
v 0.066575954018007102 -0.28320289994600018 -0.96032517974410259
v 0.13322308774009561 -0.25606339510578652 -0.96101193282590014
v 0.099991545098611925 -0.26976736820011704 -0.96129495876937299
v 0.099711027278822903 -0.30458821066565778 -0.95086510827027093
v 0.13265221546229225 -0.32540100725417664 -0.93988208066455159
v 0.23222899836960573 -0.21302000815492994 -0.95265581562010804
v 0.2325739372403037 -0.28260111208997446 -0.93429485370497467
v 0.23256621621842641 -0.24800806989108648 -0.94406878403530259
v 0.19952533998632044 -0.2275876853615664 -0.95668927573788842
v 0.16664962986815243 -0.24185764944918972 -0.95947569843634117
v 0.23047413413284012 -0.3844975459512191 -0.89772164563448842
v 0.16569491093924596 -0.34582251613884651 -0.92726089407226764
v 0.19820371784628155 -0.36546004107977337 -0.91324424811692784
v 0.23150261163536812 -0.35104567721658131 -0.91106220124908111
v 0.23217873436188785 -0.31722134809677788 -0.92321423919509915
v 0.16650964522857381 -0.27686541849971341 -0.94998994581806528
v 0.19955243846671997 -0.29728698780412294 -0.93736872188432874
v 0.16618313144919361 -0.31158811284347171 -0.9392320347987354
v 0.03301927488078446 0.48804552350409747 -0.87611777089905696
v 0.098928090598575658 0.46688018143754634 -0.88266485951192719
v 0.066052852510535581 0.47774844308188025 -0.87991734591113901
v 0.033041638568247648 0.45734639085565187 -0.89252650762719865
v 0.033048996474894343 0.42616466212105786 -0.90782843431912008
v 0.22912031733193913 0.41738252571175782 -0.88326494838205738
v 0.19700677050252069 0.4305405911624724 -0.88469450105438641
v 0.13223417629204803 0.39187165762669096 -0.91422746289093304
v 0.16474199347421872 0.41150827409778862 -0.90021230503807226
v 0.16473011348002439 0.37939219924602352 -0.91421371144729524
v 0.16457804938383225 0.44318819433893653 -0.88507597678990368
v 0.13200576187554389 0.45523277168465359 -0.88442001488205724
v 0.033155184471101724 0.32927474188447797 -0.94728023780781101
v 0.033161874977717033 0.29627354795436178 -0.95811441297888333
v 0.033127964031566794 0.39412293188433467 -0.9221879729257153
v 0.033134822362510703 0.36195181244879127 -0.93528282192107992
v 0.099268743504476328 0.33893484765100296 -0.93921772982782281
v 0.066281918832069839 0.35065660143408894 -0.93782070701652165
v 0.099221322154965833 0.3714685917043315 -0.92683725110565574
v 0.099182356662805282 0.43561678064179349 -0.8984775954931129
v 0.099289749600702012 0.40375322577749051 -0.91322832345491611
v 0.066169414476266661 0.4152136603018774 -0.91108741733973531
v 0.47421530457840405 0.29308105306927817 -0.83431699218634214
v 0.44547671741419875 0.3100315239298802 -0.84397418424007253
v 0.38762200807259722 0.27428265461168538 -0.88395677978698584
v 0.41685800453800326 0.29234973901782002 -0.86465164338500178
v 0.41707006398064689 0.25776335208457385 -0.87548388244603981
v 0.41612805366756894 0.32662063693970295 -0.85265341717118026
v 0.38632993287568962 0.34274157112221376 -0.86031320866627392
v 0.26458098147116443 0.19826104927607241 -0.94739149850445714
v 0.2960320134017394 0.21769784226774005 -0.93372048109514516
v 0.29543364019549428 0.18258790791536347 -0.94140418591103814
v 0.29619716727793843 0.28709735626702754 -0.91471505019811228
v 0.29628029545575146 0.25259822749082506 -0.92480991610485186
v 0.26519205460776296 0.26794288918132758 -0.92991451784788792
v 0.35735345159529547 0.22085645593742376 -0.91125312344267984
v 0.32705607527715019 0.23686844154848333 -0.91857985722626045
v 0.35749589913489932 0.25568008779718732 -0.90204529362065988
v 0.29382566765438151 0.38860629414767345 -0.87721887373539009
v 0.26233975825965233 0.4028358179851389 -0.88077377936995338
v 0.35573039701180798 0.35862725478191076 -0.8670085152647089
v 0.32501240972372286 0.37383723446479816 -0.87262478424476342
v 0.26444370146611768 0.33625119960681027 -0.90767060249511622
v 0.29494595879709906 0.35528920434377992 -0.89086349899242123
v 0.29571332742931089 0.32158212542278236 -0.90332710521978421
v 0.35741737019981479 0.29036145740928965 -0.89151803266934637
v 0.32672500503388691 0.30616278244739675 -0.89798465842627206
v 0.3568208098081348 0.32474070945530015 -0.8798202962286501
v 0.033507473244235517 0.055420528713238416 -1.0013324331933939
v 0.033511384378189527 0.020711051410224245 -1.0026509107275028
v 0.03349136297696452 0.1246753423828961 -0.99508554982568143
v 0.033495451223140772 0.090140683425220219 -0.99880606610112577
v 0.10032630029926912 0.06200494040491792 -0.9964692344477617
v 0.066994735937320915 0.076122347607464502 -0.99828752057532855
v 0.10029830221697884 0.09670683861933603 -0.99370466965025495
v 0.033419452444407131 0.26135528827629723 -0.9682135554763569
v 0.033424245147177331 0.22766936431939944 -0.97668336641432019
v 0.10011873347161399 0.20069801834119097 -0.9780375920958897
v 0.066854460628411619 0.2143209059306467 -0.9779866987479755
v 0.10008579763302934 0.23467242871827507 -0.97044973543966939
v 0.033438387377633418 0.19363457841839363 -0.98399615054444833
v 0.033443004830147831 0.1594426922680777 -0.99011134493253594
v 0.23169238600894973 0.14319364634253237 -0.96575117852475167
v 0.19926109254883342 0.15789012405801819 -0.97068368373832936
v 0.23154020045707321 0.17784072359452185 -0.96001195383699789
v 0.13370183146187981 0.11736774749466716 -0.9875270209911593
v 0.16659447764987576 0.13769772032571836 -0.97987073363076982
v 0.16652267506383983 0.10291654994144844 -0.9841439939781601
v 0.16623908546210778 0.2067865909615931 -0.96771118877380846
v 0.16649408192389067 0.17238593625698354 -0.97438383840287113
v 0.13356195551909897 0.18658326763252819 -0.97683617332245254
v 0.066926730277054439 0.14557631516772734 -0.99054998147215767
v 0.10033888518014984 0.16624846579657998 -0.9844564616291922
v 0.1004046503573247 0.13151886100557633 -0.98968815610812311
v 0.23047413413284012 0.38449807087607457 -0.89772164563448842
v 0.23217873436188785 0.31722187302163335 -0.92321423919509915
v 0.23150261163536812 0.35104620214143678 -0.91106220124908111
v 0.19820371784628155 0.36546056600462884 -0.91324424811692784
v 0.16569491093924596 0.34582304106370199 -0.92726089407226764
v 0.23222899836960573 0.21302053307978541 -0.95265581562010804
v 0.16664962986815243 0.24185817437404519 -0.95947569843634117
v 0.19952533998632044 0.22758821028642187 -0.95668927573788842
v 0.23256621621842641 0.24800859481594195 -0.94406878403530259
v 0.2325739372403037 0.28260163701482993 -0.93429485370497467
v 0.066575954018007102 0.28320342487085565 -0.96032517974410259
v 0.13265221546229225 0.32540153217903212 -0.93988208066455159
v 0.099711027278822903 0.30458873559051325 -0.95086510827027093
v 0.099991545098611925 0.26976789312497251 -0.96129495876937299
v 0.13322308774009561 0.25606392003064199 -0.96101193282590014
v 0.19955243846671997 0.29728751272897841 -0.93736872188432874
v 0.16650964522857381 0.27686594342456888 -0.94998994581806528
v 0.16618313144919361 0.31158863776832718 -0.9392320347987354
v 0.47987986225289031 -0.25515651818323842 -0.84348781291354613
v 0.422021857285587 -0.21938578556942265 -0.88353188801812699
v 0.451251911526106 -0.2374539591727016 -0.86420398326334524
v 0.48476279963304519 -0.21674309132941852 -0.85140396299968912
v 0.48884187601488843 -0.17808874286580981 -0.85800891199243845
v 0.2988721814306261 -0.14323739819788187 -0.94711114517176764
v 0.33032398008593394 -0.16267742233179211 -0.93342552347246666
v 0.39854469896486977 -0.12217742754516296 -0.91274092103921267
v 0.36476622989314389 -0.1424994114165857 -0.92385099029659024
v 0.36753419489389061 -0.10299857023809936 -0.92799303407855716
v 0.36136802639598697 -0.18186941551331542 -0.9182580123739732
v 0.39180659039678456 -0.2006835423957031 -0.90170663285166108
v 0.4962468665624275 -0.060131438977828876 -0.87004862034993646
v 0.49708150780483462 -0.020737297611400082 -0.87140191938404088
v 0.4921358468293982 -0.13867665185434386 -0.86338426696040671
v 0.49459662176899194 -0.099529615299391389 -0.86736921721489224
v 0.43375082757688538 -0.062074440619441514 -0.90270053101422021
v 0.46449200571646898 -0.080865492403318362 -0.88575913348653246
v 0.43205801978925379 -0.101465056199814 -0.89993997156017769
v 0.42598890768921882 -0.18037416579327781 -0.89042675406262661
v 0.42933899782350149 -0.14098141773218265 -0.89590930521534728
v 0.45950235966787911 -0.15966171339012836 -0.87762575448711566
v 0.067027518708201145 2.6246242773267185e-07 -1.0011833758125692
v 0.13386779364183751 0.041297305166040549 -0.99359694633363904
v 0.10055379825525526 0.020711130305710781 -0.99815874274234972
v 0.10055379825525526 -0.020710605380855316 -0.99815874274234972
v 0.13386779364183751 -0.041296780241185077 -0.99359694633363904
v 0.26531810438742992 0.12250036304890952 -0.95992766214113601
v 0.23302884335423776 0.10254624581639095 -0.97058895876390627
v 0.23437036469002356 0.020712633807776683 -0.97544993665181712
v 0.23392268999444957 0.061634181475695091 -0.97382877532953849
v 0.26709521546586834 0.04092439208108558 -0.96635731042471007
v 0.20032530128124126 0.082340062676351772 -0.9797708597268997
v 0.16742262957729115 0.062007153003786925 -0.98741367935438284
v 0.23302884335423776 -0.10254572089153548 -0.97058895876390627
v 0.26531810438742992 -0.12249983812405404 -0.95992766214113601
v 0.16742262957729115 -0.062006628078931453 -0.98741367935438284
v 0.20032530128124126 -0.0823395377514963 -0.9797708597268997
v 0.26709521546586834 -0.040923867156230108 -0.96635731042471007
v 0.23392268999444957 -0.061633656550839619 -0.97382877532953849
v 0.23437036469002356 -0.020712108882921219 -0.97544993665181712
v 0.16765040404881804 0.020712714865577183 -0.98910328185047125
v 0.20122584747755395 2.6246242773267185e-07 -0.98304077536668444
v 0.16765040404881804 -0.020712189940721718 -0.98910328185047125
v 0.47987986225289031 0.25515704310809389 -0.84348781291354613
v 0.48884187601488843 0.17808926779066528 -0.85800891199243845
v 0.48476279963304519 0.21674361625427399 -0.85140396299968912
v 0.451251911526106 0.23745448409755707 -0.86420398326334524
v 0.422021857285587 0.21938631049427812 -0.88353188801812699
v 0.49708150780483462 0.020737822536255546 -0.87140191938404088
v 0.4962468665624275 0.060131963902684347 -0.87004862034993646
v 0.43205801978925379 0.10146558112466947 -0.89993997156017769
v 0.46449200571646898 0.080866017328173834 -0.88575913348653246
v 0.43375082757688538 0.062074965544296985 -0.90270053101422021
v 0.49459662176899194 0.09953014022424686 -0.86736921721489224
v 0.4921358468293982 0.13867717677919933 -0.86338426696040671
v 0.33032398008593394 0.16267794725664758 -0.93342552347246666
v 0.2988721814306261 0.14323792312273734 -0.94711114517176764
v 0.39180659039678456 0.20068406732055857 -0.90170663285166108
v 0.36136802639598697 0.1818699404381709 -0.9182580123739732
v 0.36753419489389061 0.10299909516295483 -0.92799303407855716
v 0.36476622989314389 0.14249993634144117 -0.92385099029659024
v 0.39854469896486977 0.12217795247001843 -0.91274092103921267
v 0.45950235966787911 0.15966223831498383 -0.87762575448711566
v 0.42933899782350149 0.14098194265703812 -0.89590930521534728
v 0.42598890768921882 0.18037469071813328 -0.89042675406262661
v 0.30021062708339014 -0.1025877276553261 -0.95195084689984999
v 0.30155729912959595 -0.020739055376547019 -0.95681461577542637
v 0.30110845039036255 -0.061663094854988956 -0.95519237006579938
v 0.33466266943059159 -0.082400742687809392 -0.94237579885839085
v 0.36844333381360894 -0.062076898183971364 -0.93126642389883763
v 0.30021062708339014 0.10258825258018157 -0.95195084689984999
v 0.36844333381360894 0.062077423108826836 -0.93126642389883763
v 0.33466266943059159 0.082401267612664864 -0.94237579885839085
v 0.30110845039036255 0.061663619779844428 -0.95519237006579938
v 0.30155729912959595 0.020739580301402483 -0.95681461577542637
v 0.46620148193145428 2.6246242773267185e-07 -0.88854798216953979
v 0.40200025498055703 -0.041337580344996613 -0.91844882057086419
v 0.43443607743060136 -0.020737385370392703 -0.90426574817579775
v 0.43443607743060136 0.020737910295248168 -0.90426574817579775
v 0.40200025498055703 0.041338105269852085 -0.91844882057086419
v 0.33557129453061924 2.6246242773267185e-07 -0.94564955541427154
v 0.36912836159099821 0.020739670468501479 -0.93283189635996644
v 0.36912836159099821 -0.020739145543646014 -0.93283189635996644
v 0.87611839480068987 0.033018913416383099 0.48804526101647361
v 0.9078290582207531 0.033048635010492981 0.426164399633434
v 0.89252713152883167 0.033041277103846287 0.45734612836802807
v 0.87991796981277215 0.066052491046134226 0.4777481805942565
v 0.88266548341356021 0.098927729134174303 0.46687991894992242
v 0.95811503688051636 0.033161513513315678 0.29627328546673798
v 0.94728086170944414 0.033154823006700376 0.32927447939685422
v 0.92683787500728876 0.099220960690564478 0.37146832921670769
v 0.93782133091815467 0.066281557367668484 0.35065633894646514
v 0.93921835372945583 0.099268382040074973 0.33893458516337915
v 0.93528344582271283 0.033134460898109341 0.36195154996116741
v 0.92218859682734833 0.033127602567165439 0.39412266939671087
v 0.88469512495601943 0.19700640903811933 0.43054032867484859
v 0.8832655722836904 0.22911995586753778 0.41738226322413402
v 0.88442063878369026 0.13200540041114253 0.45523250919702979
v 0.88507660069153671 0.16457768791943089 0.44318793185131272
v 0.91421433534892826 0.16472975201562304 0.37939193675839972
v 0.90021292893970539 0.1647416320098174 0.41150801161016487
v 0.91422808679256595 0.13223381482764668 0.3918713951390671
v 0.91108804124136833 0.066169053011865306 0.41521339781425354
v 0.91322894735654914 0.099289388136300658 0.40375296328986671
v 0.89847821939474593 0.099181995198403927 0.43561651815416969
v 1.0026515346291358 0.033511022913788172 0.020710788922600445
v 1.001333057095027 0.033507111779834162 0.055420266225614613
v 0.99370529355188797 0.1002979407525775 0.096706576131712227
v 0.99828814447696157 0.066994374472919546 0.076122085119840699
v 0.99646985834939472 0.10032593883486776 0.062004677917294117
v 0.99880669000275879 0.033495089758739417 0.09014042093759643
v 0.99508617372731445 0.033491001512563165 0.12467507989527229
v 0.96001257773863091 0.23153983899267186 0.17784046110689805
v 0.97068430763996238 0.19926073108443207 0.15788986157039439
v 0.9657518024263847 0.23169202454454838 0.14319338385490857
v 0.97683679722408556 0.13356159405469761 0.18658300514490439
v 0.97438446230450415 0.16649372045948932 0.17238567376935973
v 0.96771181267544149 0.16623872399770642 0.2067863284739693
v 0.98414461787979313 0.16652231359943848 0.10291628745382464
v 0.97987135753240284 0.1665941161854744 0.13769745783809456
v 0.98752764489279232 0.13370146999747845 0.11736748500704336
v 0.97668399031595321 0.033423883682775983 0.22766910183177566
v 0.96821417937798993 0.033419090980005776 0.26135502578867342
v 0.99011196883416897 0.033442643365746476 0.15944242978045389
v 0.98399677444608136 0.033438025913232063 0.19363431593076982
v 0.97045035934130242 0.10008543616862797 0.23467216623065124
v 0.97798732264960853 0.066854099164010264 0.21432064344302293
v 0.97803821599752272 0.10011837200721263 0.20069775585356717
v 0.98968878000975613 0.10040428889292334 0.13151859851795253
v 0.98445708553082523 0.10033852371574849 0.16624820330895618
v 0.99055060537379069 0.06692636881265307 0.14557605268010354
v 0.84397480814170545 0.44547635594979734 0.31003126144225635
v 0.83431761608797517 0.4742149431140027 0.29308079058165437
v 0.86031383256790694 0.38632957141128826 0.34274130863458996
v 0.85265404107281328 0.41612769220316759 0.32662037445207914
v 0.87548450634767283 0.41706970251624553 0.25776308959695005
v 0.8646522672866348 0.4168576430736019 0.29234947653019622
v 0.88395740368861886 0.38762164660819587 0.27428239212406158
v 0.8807744032715864 0.26233939679525098 0.4028355554975151
v 0.87721949763702312 0.29382530618998015 0.38860603166004964
v 0.90332772912141723 0.29571296596490954 0.32158186293515856
v 0.89086412289405426 0.29494559733269771 0.35528894185615612
v 0.90767122639674935 0.26444334000171638 0.33625093711918652
v 0.87262540814639644 0.32501204825932151 0.37383697197717436
v 0.86700913916634192 0.35573003554740662 0.35862699229428696
v 0.94140480981267116 0.29543327873109293 0.18258764542773967
v 0.93372110499677818 0.29603165193733805 0.21769757978011625
v 0.94739212240609016 0.26458062000676308 0.19826078678844861
v 0.90204591752229291 0.35749553767049796 0.25567982530956351
v 0.91858048112789348 0.32705571381274884 0.23686817906085952
v 0.91125374734431286 0.35735309013089411 0.22085619344979995
v 0.92991514174952095 0.26519169314336161 0.26794262669370378
v 0.92481054000648488 0.29627993399135011 0.25259796500320125
v 0.91471567409974541 0.29619680581353713 0.28709709377940373
v 0.87982092013028323 0.3568204483437335 0.3247404469676764
v 0.89798528232790509 0.32672464356948555 0.30616251995977295
v 0.8915186565709794 0.35741700873541343 0.29036119492166584
v 0.96032580364573561 0.066575592553605761 0.28320316238323179
v 0.96101255672753305 0.13322272627569423 0.25606365754301819
v 0.96129558267100601 0.099991183634210584 0.26976763063734877
v 0.95086573217190395 0.099710665814421548 0.30458847310288945
v 0.93988270456618461 0.1326518539978909 0.32540126969140831
v 0.95265643952174106 0.23222863690520437 0.21302027059216161
v 0.93429547760660769 0.23257357577590235 0.28260137452720613
v 0.94406940793693561 0.23256585475402505 0.24800833232831815
v 0.95668989963952145 0.19952497852191908 0.22758794779879807
v 0.9594763223379742 0.16664926840375108 0.24185791188642139
v 0.89772226953612144 0.23047377266843877 0.38449780838845077
v 0.92726151797390066 0.1656945494748446 0.34582277857607818
v 0.91324487201856086 0.19820335638188019 0.36546030351700504
v 0.91106282515071413 0.23150225017096676 0.35104593965381298
v 0.92321486309673217 0.2321783728974865 0.31722161053400955
v 0.94999056971969831 0.16650928376417246 0.27686568093694508
v 0.93736934578596176 0.19955207700231861 0.29728725024135461
v 0.93923265870036832 0.16618276998479226 0.31158837528070338
v 0.87611839480068987 0.033018913416383099 -0.48804526106686574
v 0.88266548341356021 0.098927729134174303 -0.46687991900031456
v 0.87991796981277215 0.066052491046134226 -0.47774818064464863
v 0.89252713152883167 0.033041277103846287 -0.45734612841842021
v 0.9078290582207531 0.033048635010492981 -0.42616439968382613
v 0.8832655722836904 0.22911995586753778 -0.41738226327452616
v 0.88469512495601943 0.19700640903811933 -0.43054032872524073
v 0.91422808679256595 0.13223381482764668 -0.39187139518945924
v 0.90021292893970539 0.1647416320098174 -0.411508011660557
v 0.91421433534892826 0.16472975201562304 -0.37939193680879185
v 0.88507660069153671 0.16457768791943089 -0.44318793190170486
v 0.88442063878369026 0.13200540041114253 -0.45523250924742192
v 0.94728086170944414 0.033154823006700376 -0.32927447944724636
v 0.95811503688051636 0.033161513513315678 -0.29627328551713011
v 0.92218859682734833 0.033127602567165439 -0.394122669447103
v 0.93528344582271283 0.033134460898109341 -0.36195155001155954
v 0.93921835372945583 0.099268382040074973 -0.33893458521377129
v 0.93782133091815467 0.066281557367668484 -0.35065633899685728
v 0.92683787500728876 0.099220960690564478 -0.37146832926709983
v 0.89847821939474593 0.099181995198403927 -0.43561651820456182
v 0.91322894735654914 0.099289388136300658 -0.40375296334025884
v 0.91108804124136833 0.066169053011865306 -0.41521339786464567
v 0.83431761608797517 0.4742149431140027 -0.29308079063204651
v 0.84397480814170545 0.44547635594979734 -0.31003126149264848
v 0.88395740368861886 0.38762164660819587 -0.27428239217445372
v 0.8646522672866348 0.4168576430736019 -0.29234947658058835
v 0.87548450634767283 0.41706970251624553 -0.25776308964734218
v 0.85265404107281328 0.41612769220316759 -0.32662037450247128
v 0.86031383256790694 0.38632957141128826 -0.34274130868498209
v 0.94739212240609016 0.26458062000676308 -0.19826078683884074
v 0.93372110499677818 0.29603165193733805 -0.21769757983050839
v 0.94140480981267116 0.29543327873109293 -0.1825876454781318
v 0.91471567409974541 0.29619680581353713 -0.28709709382979587
v 0.92481054000648488 0.29627993399135011 -0.25259796505359339
v 0.92991514174952095 0.26519169314336161 -0.26794262674409591
v 0.91125374734431286 0.35735309013089411 -0.22085619350019209
v 0.91858048112789348 0.32705571381274884 -0.23686817911125166
v 0.90204591752229291 0.35749553767049796 -0.25567982535995565
v 0.87721949763702312 0.29382530618998015 -0.38860603171044178
v 0.8807744032715864 0.26233939679525098 -0.40283555554790723
v 0.86700913916634192 0.35573003554740662 -0.3586269923446791
v 0.87262540814639644 0.32501204825932151 -0.37383697202756649
v 0.90767122639674935 0.26444334000171638 -0.33625093716957866
v 0.89086412289405426 0.29494559733269771 -0.35528894190654825
v 0.90332772912141723 0.29571296596490954 -0.32158186298555069
v 0.8915186565709794 0.35741700873541343 -0.29036119497205798
v 0.89798528232790509 0.32672464356948555 -0.30616252001016508
v 0.87982092013028323 0.3568204483437335 -0.32474044701806853
v 1.001333057095027 0.033507111779834162 -0.055420266276006748
v 1.0026515346291358 0.033511022913788172 -0.02071078897299258
v 0.99508617372731445 0.033491001512563165 -0.12467507994566443
v 0.99880669000275879 0.033495089758739417 -0.090140420987988565
v 0.99646985834939472 0.10032593883486776 -0.062004677967686252
v 0.99828814447696157 0.066994374472919546 -0.076122085170232834
v 0.99370529355188797 0.1002979407525775 -0.096706576182104362
v 0.96821417937798993 0.033419090980005776 -0.26135502583906556
v 0.97668399031595321 0.033423883682775983 -0.2276691018821678
v 0.97803821599752272 0.10011837200721263 -0.2006977559039593
v 0.97798732264960853 0.066854099164010264 -0.21432064349341506
v 0.97045035934130242 0.10008543616862797 -0.23467216628104337
v 0.98399677444608136 0.033438025913232063 -0.19363431598116196
v 0.99011196883416897 0.033442643365746476 -0.15944242983084603
v 0.9657518024263847 0.23169202454454838 -0.1431933839053007
v 0.97068430763996238 0.19926073108443207 -0.15788986162078653
v 0.96001257773863091 0.23153983899267186 -0.17784046115729019
v 0.98752764489279232 0.13370146999747845 -0.11736748505743549
v 0.97987135753240284 0.1665941161854744 -0.1376974578884867
v 0.98414461787979313 0.16652231359943848 -0.10291628750421677
v 0.96771181267544149 0.16623872399770642 -0.20678632852436143
v 0.97438446230450415 0.16649372045948932 -0.17238567381975187
v 0.97683679722408556 0.13356159405469761 -0.18658300519529653
v 0.99055060537379069 0.06692636881265307 -0.14557605273049568
v 0.98445708553082523 0.10033852371574849 -0.16624820335934831
v 0.98968878000975613 0.10040428889292334 -0.13151859856834466
v 0.89772226953612144 0.23047377266843877 -0.3844978084388429
v 0.92321486309673217 0.2321783728974865 -0.31722161058440168
v 0.91106282515071413 0.23150225017096676 -0.35104593970420511
v 0.91324487201856086 0.19820335638188019 -0.36546030356739717
v 0.92726151797390066 0.1656945494748446 -0.34582277862647032
v 0.95265643952174106 0.23222863690520437 -0.21302027064255374
v 0.9594763223379742 0.16664926840375108 -0.24185791193681352
v 0.95668989963952145 0.19952497852191908 -0.2275879478491902
v 0.94406940793693561 0.23256585475402505 -0.24800833237871028
v 0.93429547760660769 0.23257357577590235 -0.28260137457759826
v 0.96032580364573561 0.066575592553605761 -0.28320316243362392
v 0.93988270456618461 0.1326518539978909 -0.32540126974180045
v 0.95086573217190395 0.099710665814421548 -0.30458847315328158
v 0.96129558267100601 0.099991183634210584 -0.2697676306877409
v 0.96101255672753305 0.13322272627569423 -0.25606365759341032
v 0.93736934578596176 0.19955207700231861 -0.29728725029174674
v 0.94999056971969831 0.16650928376417246 -0.27686568098733721
v 0.93923265870036832 0.16618276998479226 -0.31158837533109551
v 0.57448983542862309 0.82269273383011965 -2.5196067753406744e-11
v 0.61928139962933282 0.78847621257703182 0.040715519291292468
v 0.59726251784258622 0.80605407140954433 0.020402052201032285
v 0.59726251784258622 0.80605407140954433 -0.02040205225142442
v 0.61928139962933282 0.78847621257703182 -0.040715519341684603
v 0.70015861189107409 0.70850020175208794 0.12110897773220015
v 0.68119230504526451 0.72978370837092454 0.10126584925279833
v 0.68464803357693294 0.7332821972851834 0.020403065897163314
v 0.68349539308461427 0.73211550683656956 0.060851672638503607
v 0.70474124173954222 0.71313743081358438 0.040457351569824496
v 0.66137824051925742 0.75022759807807349 0.081236381864949275
v 0.64083943334411275 0.76970927527262689 0.061109839775122847
v 0.68119230504526451 0.72978370837092454 -0.10126584930319046
v 0.70015861189107409 0.70850020175208794 -0.12110897778259229
v 0.64083943334411275 0.76970927527262689 -0.061109839825514982
v 0.66137824051925742 0.75022759807807349 -0.08123638191534141
v 0.70474124173954222 0.71313743081358438 -0.040457351620216631
v 0.68349539308461427 0.73211550683656956 -0.060851672688895742
v 0.68464803357693294 0.7332821972851834 -0.020403065947555449
v 0.64186222694563366 0.77101138548696557 0.02040312031472007
v 0.66369589296935072 0.75257540583856153 -2.5196067753406744e-11
v 0.64186222694563366 0.77101138548696557 -0.020403120365112205
v 0.82151764458441134 0.50772570356536317 0.27237000163385783
v 0.8097231999331358 0.53514823040917758 0.25461099519144564
v 0.82418945268801935 0.54409617376570363 0.17757581596715322
v 0.81760623137248856 0.5400257641327848 0.2162273913851594
v 0.83716350791772309 0.51739537888868548 0.19575841165445987
v 0.79694419715758402 0.56197795708118925 0.2364799534892866
v 0.78326039562694805 0.58805808827271566 0.21806622871412157
v 0.83748067285150141 0.5523325306934459 0.020420325656354502
v 0.83613980405168653 0.55150281447802019 0.059807718184525759
v 0.85290643161065527 0.52712504081321365 0.039394261547634972
v 0.79940103518152594 0.59809444990185701 0.10051408860930332
v 0.81827033442789732 0.57520581336449361 0.080212291208645412
v 0.80211416232823562 0.59977900106381221 0.061156298194538418
v 0.84764798368632299 0.5238751412679048 0.11793990597077929
v 0.83347877200392329 0.54985488080000944 0.099170721197568951
v 0.82950882259827441 0.54740011762675589 0.13831234027732406
v 0.73651225450125279 0.66220165118272201 0.16093692980307794
v 0.71924811418800882 0.68522071169269783 0.14148052968364561
v 0.76846829829758101 0.61371330622181741 0.199184562488637
v 0.75295281949727344 0.63831895286441032 0.18020265602120852
v 0.76263585143706958 0.6441508812172434 0.10157877086333915
v 0.75840668073994666 0.64172368295502402 0.14096829838793715
v 0.77928969452251262 0.62044875644257724 0.12088410705639538
v 0.81023569251856109 0.57021857133098008 0.15884259637851725
v 0.79523824209879546 0.59571988713274737 0.13991431662562076
v 0.78984997161036186 0.59236744956895426 0.17916439426237674
v 0.8097231999331358 0.53514823040917758 -0.25461099524183778
v 0.82151764458441134 0.50772570356536317 -0.27237000168424996
v 0.78326039562694805 0.58805808827271566 -0.2180662287645137
v 0.79694419715758402 0.56197795708118925 -0.23647995353967874
v 0.83716350791772309 0.51739537888868548 -0.195758411704852
v 0.81760623137248856 0.5400257641327848 -0.21622739143555153
v 0.82418945268801935 0.54409617376570363 -0.17757581601754535
v 0.71924811418800882 0.68522071169269783 -0.14148052973403774
v 0.73651225450125279 0.66220165118272201 -0.16093692985347008
v 0.77928969452251262 0.62044875644257724 -0.12088410710678751
v 0.75840668073994666 0.64172368295502402 -0.14096829843832928
v 0.76263585143706958 0.6441508812172434 -0.10157877091373128
v 0.75295281949727344 0.63831895286441032 -0.18020265607160066
v 0.76846829829758101 0.61371330622181741 -0.19918456253902914
v 0.85290643161065527 0.52712504081321365 -0.039394261598027107
v 0.83613980405168653 0.55150281447802019 -0.059807718234917893
v 0.83748067285150141 0.5523325306934459 -0.020420325706746636
v 0.82950882259827441 0.54740011762675589 -0.13831234032771619
v 0.83347877200392329 0.54985488080000944 -0.099170721247961086
v 0.84764798368632299 0.5238751412679048 -0.11793990602117142
v 0.80211416232823562 0.59977900106381221 -0.061156298244930553
v 0.81827033442789732 0.57520581336449361 -0.080212291259037546
v 0.79940103518152594 0.59809444990185701 -0.10051408865969545
v 0.78984997161036186 0.59236744956895426 -0.17916439431276887
v 0.79523824209879546 0.59571988713274737 -0.1399143166760129
v 0.81023569251856109 0.57021857133098008 -0.15884259642890938
v 0.72269308944625643 0.68870611516673141 0.10129464598002284
v 0.76495881943596145 0.64649807412647142 0.061157952965795209
v 0.74433726033673309 0.66799544564749247 0.081278308991268103
v 0.72499884304397 0.69103785848455657 0.06087183038891953
v 0.72615247330666732 0.6922048638586823 0.020421508859473757
v 0.82100267198751342 0.57690267505678972 -2.5196067753406744e-11
v 0.78481906759715014 0.6239078976969773 -0.040743462665980765
v 0.80341232075186952 0.60081088976308517 -0.020420384554716134
v 0.80341232075186952 0.60081088976308517 0.020420384504323999
v 0.78481906759715014 0.6239078976969773 0.04074346261558863
v 0.72269308944625643 0.68870611516673141 -0.10129464603041498
v 0.72615247330666732 0.6922048638586823 -0.020421508909865892
v 0.72499884304397 0.69103785848455657 -0.060871830439311665
v 0.74433726033673309 0.66799544564749247 -0.081278309041660238
v 0.76495881943596145 0.64649807412647142 -0.061157953016187344
v 0.76625694463297378 0.6475301591174476 0.02042156927921342
v 0.76625694463297378 0.6475301591174476 -0.020421569329605555
v 0.74666045226196387 0.67034335172909609 -2.5196067753406744e-11
v 1.0011839997142022 0.06702715724379979 -2.5196067753406744e-11
v 0.99359757023527207 0.13386743217743616 -0.04129704272880888
v 0.99815936664398275 0.10055343679085391 -0.020710867868479116
v 0.99815936664398275 0.10055343679085391 0.020710867818086981
v 0.99359757023527207 0.13386743217743616 0.041297042678416745
v 0.95992828604276903 0.26531774292302857 -0.12250010061167785
v 0.9705895826655393 0.23302848188983641 -0.10254598337915928
v 0.97545056055345014 0.23437000322562221 -0.020712371370545019
v 0.97382939923117162 0.23392232853004824 -0.061633919038463429
v 0.96635793432634309 0.26709485400146699 -0.040924129643853911
v 0.97977148362853272 0.20032493981683991 -0.082339800239120103
v 0.98741430325601587 0.16742226811288979 -0.062006890566555256
v 0.9705895826655393 0.23302848188983641 0.10254598332876715
v 0.95992828604276903 0.26531774292302857 0.12250010056128571
v 0.98741430325601587 0.16742226811288979 0.062006890516163121
v 0.97977148362853272 0.20032493981683991 0.082339800188727968
v 0.96635793432634309 0.26709485400146699 0.040924129593461776
v 0.97382939923117162 0.23392232853004824 0.061633918988071294
v 0.97545056055345014 0.23437000322562221 0.020712371320152884
v 0.98910390575210416 0.16765004258441665 -0.020712452428345511
v 0.98304139926831746 0.2012254860131526 -2.5196067753406744e-11
v 0.98910390575210416 0.16765004258441665 0.020712452377953376
v 0.84348843681517915 0.47987950078848896 -0.25515678067086223
v 0.85800953589407147 0.48884151455048708 -0.17808900535343364
v 0.85140458690132226 0.48476243816864384 -0.21674335381704232
v 0.86420460716497816 0.45125155006170464 -0.2374542216603254
v 0.88353251191976001 0.4220214958211857 -0.21938604805704645
v 0.8714025432856739 0.49708114634043327 -0.020737560099023881
v 0.87004924425156949 0.49624650509802615 -0.060131701465452679
v 0.89994059546181071 0.43205765832485243 -0.1014653186874378
v 0.88575975738816548 0.46449164425206763 -0.080865754890942165
v 0.90270115491585323 0.43375046611248402 -0.062074703107065317
v 0.86736984111652526 0.49459626030459058 -0.099529877787015192
v 0.86338489086203973 0.49213548536499685 -0.13867691434196766
v 0.93342614737409968 0.33032361862153259 -0.16267768481941591
v 0.94711176907340067 0.29887181996622475 -0.14323766068550567
v 0.90170725675329411 0.3918062289323832 -0.20068380488332691
v 0.91825863627560622 0.36136766493158562 -0.18186967800093923
v 0.92799365798019018 0.36753383342948925 -0.10299883272572316
v 0.92385161419822337 0.36476586842874259 -0.14249967390420951
v 0.91274154494084569 0.39854433750046842 -0.12217769003278676
v 0.8776263783887488 0.45950199820347776 -0.15966197587775219
v 0.89590992911698031 0.42933863635910013 -0.14098168021980645
v 0.89042737796425953 0.42598854622481741 -0.18037442828090164
v 0.84348843681517915 0.47987950078848896 0.25515678062047009
v 0.88353251191976001 0.4220214958211857 0.21938604800665432
v 0.86420460716497816 0.45125155006170464 0.23745422160993326
v 0.85140458690132226 0.48476243816864384 0.21674335376665019
v 0.85800953589407147 0.48884151455048708 0.1780890053030415
v 0.94711176907340067 0.29887181996622475 0.14323766063511353
v 0.93342614737409968 0.33032361862153259 0.16267768476902378
v 0.91274154494084569 0.39854433750046842 0.12217768998239463
v 0.92385161419822337 0.36476586842874259 0.14249967385381737
v 0.92799365798019018 0.36753383342948925 0.10299883267533103
v 0.91825863627560622 0.36136766493158562 0.18186967795054709
v 0.90170725675329411 0.3918062289323832 0.20068380483293477
v 0.87004924425156949 0.49624650509802615 0.060131701415060544
v 0.8714025432856739 0.49708114634043327 0.020737560048631747
v 0.86338489086203973 0.49213548536499685 0.13867691429157553
v 0.86736984111652526 0.49459626030459058 0.099529877736623057
v 0.90270115491585323 0.43375046611248402 0.062074703056673182
v 0.88575975738816548 0.46449164425206763 0.08086575484055003
v 0.89994059546181071 0.43205765832485243 0.10146531863704567
v 0.89042737796425953 0.42598854622481741 0.1803744282305095
v 0.89590992911698031 0.42933863635910013 0.14098168016941431
v 0.8776263783887488 0.45950199820347776 0.15966197582736005
v 0.95195147080148301 0.30021026561898878 -0.10258799014294991
v 0.93126704780047065 0.36844297234920759 -0.062077160671595168
v 0.94237642276002387 0.33466230796619023 -0.082401005175433195
v 0.9551929939674324 0.30110808892596119 -0.06166335734261276
v 0.95681523967705939 0.30155693766519459 -0.020739317864170818
v 0.88854860607117281 0.46620112046705292 -2.5196067753406744e-11
v 0.91844944447249721 0.40199989351615567 0.041337842782228282
v 0.90426637207743077 0.43443571596620001 0.020737647807624368
v 0.90426637207743077 0.43443571596620001 -0.020737647858016503
v 0.91844944447249721 0.40199989351615567 -0.041337842832620417
v 0.95195147080148301 0.30021026561898878 0.10258799009255777
v 0.95681523967705939 0.30155693766519459 0.020739317813778683
v 0.9551929939674324 0.30110808892596119 0.061663357292220625
v 0.94237642276002387 0.33466230796619023 0.08240100512504106
v 0.93126704780047065 0.36844297234920759 0.062077160621203033
v 0.93283252026159946 0.36912800012659686 -0.020739408031269814
v 0.93283252026159946 0.36912800012659686 0.020739407980877679
v 0.94565017931590456 0.33557093306621788 -2.5196067753406744e-11
f 1 2563 2565
f 643 2564 2563
f 645 2565 2564
f 2563 2564 2565
f 163 2566 2568
f 644 2567 2566
f 643 2568 2567
f 2566 2567 2568
f 165 2569 2571
f 645 2570 2569
f 644 2571 2570
f 2569 2570 2571
f 643 2567 2564
f 644 2570 2567
f 645 2564 2570
f 2567 2570 2564
f 43 2572 2574
f 646 2573 2572
f 648 2574 2573
f 2572 2573 2574
f 164 2575 2577
f 647 2576 2575
f 646 2577 2576
f 2575 2576 2577
f 163 2578 2580
f 648 2579 2578
f 647 2580 2579
f 2578 2579 2580
f 646 2576 2573
f 647 2579 2576
f 648 2573 2579
f 2576 2579 2573
f 45 2581 2583
f 649 2582 2581
f 651 2583 2582
f 2581 2582 2583
f 165 2584 2586
f 650 2585 2584
f 649 2586 2585
f 2584 2585 2586
f 164 2587 2589
f 651 2588 2587
f 650 2589 2588
f 2587 2588 2589
f 649 2585 2582
f 650 2588 2585
f 651 2582 2588
f 2585 2588 2582
f 163 2580 2566
f 647 2590 2580
f 644 2566 2590
f 2580 2590 2566
f 164 2589 2575
f 650 2591 2589
f 647 2575 2591
f 2589 2591 2575
f 165 2571 2584
f 644 2592 2571
f 650 2584 2592
f 2571 2592 2584
f 647 2591 2590
f 650 2592 2591
f 644 2590 2592
f 2591 2592 2590
f 13 2593 2595
f 652 2594 2593
f 654 2595 2594
f 2593 2594 2595
f 166 2596 2598
f 653 2597 2596
f 652 2598 2597
f 2596 2597 2598
f 168 2599 2601
f 654 2600 2599
f 653 2601 2600
f 2599 2600 2601
f 652 2597 2594
f 653 2600 2597
f 654 2594 2600
f 2597 2600 2594
f 44 2602 2604
f 655 2603 2602
f 657 2604 2603
f 2602 2603 2604
f 167 2605 2607
f 656 2606 2605
f 655 2607 2606
f 2605 2606 2607
f 166 2608 2610
f 657 2609 2608
f 656 2610 2609
f 2608 2609 2610
f 655 2606 2603
f 656 2609 2606
f 657 2603 2609
f 2606 2609 2603
f 43 2611 2613
f 658 2612 2611
f 660 2613 2612
f 2611 2612 2613
f 168 2614 2616
f 659 2615 2614
f 658 2616 2615
f 2614 2615 2616
f 167 2617 2619
f 660 2618 2617
f 659 2619 2618
f 2617 2618 2619
f 658 2615 2612
f 659 2618 2615
f 660 2612 2618
f 2615 2618 2612
f 166 2610 2596
f 656 2620 2610
f 653 2596 2620
f 2610 2620 2596
f 167 2619 2605
f 659 2621 2619
f 656 2605 2621
f 2619 2621 2605
f 168 2601 2614
f 653 2622 2601
f 659 2614 2622
f 2601 2622 2614
f 656 2621 2620
f 659 2622 2621
f 653 2620 2622
f 2621 2622 2620
f 15 2623 2625
f 661 2624 2623
f 663 2625 2624
f 2623 2624 2625
f 169 2626 2628
f 662 2627 2626
f 661 2628 2627
f 2626 2627 2628
f 171 2629 2631
f 663 2630 2629
f 662 2631 2630
f 2629 2630 2631
f 661 2627 2624
f 662 2630 2627
f 663 2624 2630
f 2627 2630 2624
f 45 2632 2634
f 664 2633 2632
f 666 2634 2633
f 2632 2633 2634
f 170 2635 2637
f 665 2636 2635
f 664 2637 2636
f 2635 2636 2637
f 169 2638 2640
f 666 2639 2638
f 665 2640 2639
f 2638 2639 2640
f 664 2636 2633
f 665 2639 2636
f 666 2633 2639
f 2636 2639 2633
f 44 2641 2643
f 667 2642 2641
f 669 2643 2642
f 2641 2642 2643
f 171 2644 2646
f 668 2645 2644
f 667 2646 2645
f 2644 2645 2646
f 170 2647 2649
f 669 2648 2647
f 668 2649 2648
f 2647 2648 2649
f 667 2645 2642
f 668 2648 2645
f 669 2642 2648
f 2645 2648 2642
f 169 2640 2626
f 665 2650 2640
f 662 2626 2650
f 2640 2650 2626
f 170 2649 2635
f 668 2651 2649
f 665 2635 2651
f 2649 2651 2635
f 171 2631 2644
f 662 2652 2631
f 668 2644 2652
f 2631 2652 2644
f 665 2651 2650
f 668 2652 2651
f 662 2650 2652
f 2651 2652 2650
f 43 2613 2572
f 660 2653 2613
f 646 2572 2653
f 2613 2653 2572
f 167 2654 2617
f 670 2655 2654
f 660 2617 2655
f 2654 2655 2617
f 164 2577 2657
f 646 2656 2577
f 670 2657 2656
f 2577 2656 2657
f 660 2655 2653
f 670 2656 2655
f 646 2653 2656
f 2655 2656 2653
f 44 2643 2602
f 669 2658 2643
f 655 2602 2658
f 2643 2658 2602
f 170 2659 2647
f 671 2660 2659
f 669 2647 2660
f 2659 2660 2647
f 167 2607 2662
f 655 2661 2607
f 671 2662 2661
f 2607 2661 2662
f 669 2660 2658
f 671 2661 2660
f 655 2658 2661
f 2660 2661 2658
f 45 2583 2632
f 651 2663 2583
f 664 2632 2663
f 2583 2663 2632
f 164 2664 2587
f 672 2665 2664
f 651 2587 2665
f 2664 2665 2587
f 170 2637 2667
f 664 2666 2637
f 672 2667 2666
f 2637 2666 2667
f 651 2665 2663
f 672 2666 2665
f 664 2663 2666
f 2665 2666 2663
f 167 2662 2654
f 671 2668 2662
f 670 2654 2668
f 2662 2668 2654
f 170 2667 2659
f 672 2669 2667
f 671 2659 2669
f 2667 2669 2659
f 164 2657 2664
f 670 2670 2657
f 672 2664 2670
f 2657 2670 2664
f 671 2669 2668
f 672 2670 2669
f 670 2668 2670
f 2669 2670 2668
f 12 2671 2673
f 673 2672 2671
f 675 2673 2672
f 2671 2672 2673
f 172 2674 2676
f 674 2675 2674
f 673 2676 2675
f 2674 2675 2676
f 174 2677 2679
f 675 2678 2677
f 674 2679 2678
f 2677 2678 2679
f 673 2675 2672
f 674 2678 2675
f 675 2672 2678
f 2675 2678 2672
f 46 2680 2682
f 676 2681 2680
f 678 2682 2681
f 2680 2681 2682
f 173 2683 2685
f 677 2684 2683
f 676 2685 2684
f 2683 2684 2685
f 172 2686 2688
f 678 2687 2686
f 677 2688 2687
f 2686 2687 2688
f 676 2684 2681
f 677 2687 2684
f 678 2681 2687
f 2684 2687 2681
f 48 2689 2691
f 679 2690 2689
f 681 2691 2690
f 2689 2690 2691
f 174 2692 2694
f 680 2693 2692
f 679 2694 2693
f 2692 2693 2694
f 173 2695 2697
f 681 2696 2695
f 680 2697 2696
f 2695 2696 2697
f 679 2693 2690
f 680 2696 2693
f 681 2690 2696
f 2693 2696 2690
f 172 2688 2674
f 677 2698 2688
f 674 2674 2698
f 2688 2698 2674
f 173 2697 2683
f 680 2699 2697
f 677 2683 2699
f 2697 2699 2683
f 174 2679 2692
f 674 2700 2679
f 680 2692 2700
f 2679 2700 2692
f 677 2699 2698
f 680 2700 2699
f 674 2698 2700
f 2699 2700 2698
f 14 2701 2703
f 682 2702 2701
f 684 2703 2702
f 2701 2702 2703
f 175 2704 2706
f 683 2705 2704
f 682 2706 2705
f 2704 2705 2706
f 177 2707 2709
f 684 2708 2707
f 683 2709 2708
f 2707 2708 2709
f 682 2705 2702
f 683 2708 2705
f 684 2702 2708
f 2705 2708 2702
f 47 2710 2712
f 685 2711 2710
f 687 2712 2711
f 2710 2711 2712
f 176 2713 2715
f 686 2714 2713
f 685 2715 2714
f 2713 2714 2715
f 175 2716 2718
f 687 2717 2716
f 686 2718 2717
f 2716 2717 2718
f 685 2714 2711
f 686 2717 2714
f 687 2711 2717
f 2714 2717 2711
f 46 2719 2721
f 688 2720 2719
f 690 2721 2720
f 2719 2720 2721
f 177 2722 2724
f 689 2723 2722
f 688 2724 2723
f 2722 2723 2724
f 176 2725 2727
f 690 2726 2725
f 689 2727 2726
f 2725 2726 2727
f 688 2723 2720
f 689 2726 2723
f 690 2720 2726
f 2723 2726 2720
f 175 2718 2704
f 686 2728 2718
f 683 2704 2728
f 2718 2728 2704
f 176 2727 2713
f 689 2729 2727
f 686 2713 2729
f 2727 2729 2713
f 177 2709 2722
f 683 2730 2709
f 689 2722 2730
f 2709 2730 2722
f 686 2729 2728
f 689 2730 2729
f 683 2728 2730
f 2729 2730 2728
f 13 2731 2733
f 691 2732 2731
f 693 2733 2732
f 2731 2732 2733
f 178 2734 2736
f 692 2735 2734
f 691 2736 2735
f 2734 2735 2736
f 180 2737 2739
f 693 2738 2737
f 692 2739 2738
f 2737 2738 2739
f 691 2735 2732
f 692 2738 2735
f 693 2732 2738
f 2735 2738 2732
f 48 2740 2742
f 694 2741 2740
f 696 2742 2741
f 2740 2741 2742
f 179 2743 2745
f 695 2744 2743
f 694 2745 2744
f 2743 2744 2745
f 178 2746 2748
f 696 2747 2746
f 695 2748 2747
f 2746 2747 2748
f 694 2744 2741
f 695 2747 2744
f 696 2741 2747
f 2744 2747 2741
f 47 2749 2751
f 697 2750 2749
f 699 2751 2750
f 2749 2750 2751
f 180 2752 2754
f 698 2753 2752
f 697 2754 2753
f 2752 2753 2754
f 179 2755 2757
f 699 2756 2755
f 698 2757 2756
f 2755 2756 2757
f 697 2753 2750
f 698 2756 2753
f 699 2750 2756
f 2753 2756 2750
f 178 2748 2734
f 695 2758 2748
f 692 2734 2758
f 2748 2758 2734
f 179 2757 2743
f 698 2759 2757
f 695 2743 2759
f 2757 2759 2743
f 180 2739 2752
f 692 2760 2739
f 698 2752 2760
f 2739 2760 2752
f 695 2759 2758
f 698 2760 2759
f 692 2758 2760
f 2759 2760 2758
f 46 2721 2680
f 690 2761 2721
f 676 2680 2761
f 2721 2761 2680
f 176 2762 2725
f 700 2763 2762
f 690 2725 2763
f 2762 2763 2725
f 173 2685 2765
f 676 2764 2685
f 700 2765 2764
f 2685 2764 2765
f 690 2763 2761
f 700 2764 2763
f 676 2761 2764
f 2763 2764 2761
f 47 2751 2710
f 699 2766 2751
f 685 2710 2766
f 2751 2766 2710
f 179 2767 2755
f 701 2768 2767
f 699 2755 2768
f 2767 2768 2755
f 176 2715 2770
f 685 2769 2715
f 701 2770 2769
f 2715 2769 2770
f 699 2768 2766
f 701 2769 2768
f 685 2766 2769
f 2768 2769 2766
f 48 2691 2740
f 681 2771 2691
f 694 2740 2771
f 2691 2771 2740
f 173 2772 2695
f 702 2773 2772
f 681 2695 2773
f 2772 2773 2695
f 179 2745 2775
f 694 2774 2745
f 702 2775 2774
f 2745 2774 2775
f 681 2773 2771
f 702 2774 2773
f 694 2771 2774
f 2773 2774 2771
f 176 2770 2762
f 701 2776 2770
f 700 2762 2776
f 2770 2776 2762
f 179 2775 2767
f 702 2777 2775
f 701 2767 2777
f 2775 2777 2767
f 173 2765 2772
f 700 2778 2765
f 702 2772 2778
f 2765 2778 2772
f 701 2777 2776
f 702 2778 2777
f 700 2776 2778
f 2777 2778 2776
f 6 2779 2781
f 703 2780 2779
f 705 2781 2780
f 2779 2780 2781
f 181 2782 2784
f 704 2783 2782
f 703 2784 2783
f 2782 2783 2784
f 183 2785 2787
f 705 2786 2785
f 704 2787 2786
f 2785 2786 2787
f 703 2783 2780
f 704 2786 2783
f 705 2780 2786
f 2783 2786 2780
f 49 2788 2790
f 706 2789 2788
f 708 2790 2789
f 2788 2789 2790
f 182 2791 2793
f 707 2792 2791
f 706 2793 2792
f 2791 2792 2793
f 181 2794 2796
f 708 2795 2794
f 707 2796 2795
f 2794 2795 2796
f 706 2792 2789
f 707 2795 2792
f 708 2789 2795
f 2792 2795 2789
f 51 2797 2799
f 709 2798 2797
f 711 2799 2798
f 2797 2798 2799
f 183 2800 2802
f 710 2801 2800
f 709 2802 2801
f 2800 2801 2802
f 182 2803 2805
f 711 2804 2803
f 710 2805 2804
f 2803 2804 2805
f 709 2801 2798
f 710 2804 2801
f 711 2798 2804
f 2801 2804 2798
f 181 2796 2782
f 707 2806 2796
f 704 2782 2806
f 2796 2806 2782
f 182 2805 2791
f 710 2807 2805
f 707 2791 2807
f 2805 2807 2791
f 183 2787 2800
f 704 2808 2787
f 710 2800 2808
f 2787 2808 2800
f 707 2807 2806
f 710 2808 2807
f 704 2806 2808
f 2807 2808 2806
f 15 2809 2811
f 712 2810 2809
f 714 2811 2810
f 2809 2810 2811
f 184 2812 2814
f 713 2813 2812
f 712 2814 2813
f 2812 2813 2814
f 186 2815 2817
f 714 2816 2815
f 713 2817 2816
f 2815 2816 2817
f 712 2813 2810
f 713 2816 2813
f 714 2810 2816
f 2813 2816 2810
f 50 2818 2820
f 715 2819 2818
f 717 2820 2819
f 2818 2819 2820
f 185 2821 2823
f 716 2822 2821
f 715 2823 2822
f 2821 2822 2823
f 184 2824 2826
f 717 2825 2824
f 716 2826 2825
f 2824 2825 2826
f 715 2822 2819
f 716 2825 2822
f 717 2819 2825
f 2822 2825 2819
f 49 2827 2829
f 718 2828 2827
f 720 2829 2828
f 2827 2828 2829
f 186 2830 2832
f 719 2831 2830
f 718 2832 2831
f 2830 2831 2832
f 185 2833 2835
f 720 2834 2833
f 719 2835 2834
f 2833 2834 2835
f 718 2831 2828
f 719 2834 2831
f 720 2828 2834
f 2831 2834 2828
f 184 2826 2812
f 716 2836 2826
f 713 2812 2836
f 2826 2836 2812
f 185 2835 2821
f 719 2837 2835
f 716 2821 2837
f 2835 2837 2821
f 186 2817 2830
f 713 2838 2817
f 719 2830 2838
f 2817 2838 2830
f 716 2837 2836
f 719 2838 2837
f 713 2836 2838
f 2837 2838 2836
f 14 2839 2841
f 721 2840 2839
f 723 2841 2840
f 2839 2840 2841
f 187 2842 2844
f 722 2843 2842
f 721 2844 2843
f 2842 2843 2844
f 189 2845 2847
f 723 2846 2845
f 722 2847 2846
f 2845 2846 2847
f 721 2843 2840
f 722 2846 2843
f 723 2840 2846
f 2843 2846 2840
f 51 2848 2850
f 724 2849 2848
f 726 2850 2849
f 2848 2849 2850
f 188 2851 2853
f 725 2852 2851
f 724 2853 2852
f 2851 2852 2853
f 187 2854 2856
f 726 2855 2854
f 725 2856 2855
f 2854 2855 2856
f 724 2852 2849
f 725 2855 2852
f 726 2849 2855
f 2852 2855 2849
f 50 2857 2859
f 727 2858 2857
f 729 2859 2858
f 2857 2858 2859
f 189 2860 2862
f 728 2861 2860
f 727 2862 2861
f 2860 2861 2862
f 188 2863 2865
f 729 2864 2863
f 728 2865 2864
f 2863 2864 2865
f 727 2861 2858
f 728 2864 2861
f 729 2858 2864
f 2861 2864 2858
f 187 2856 2842
f 725 2866 2856
f 722 2842 2866
f 2856 2866 2842
f 188 2865 2851
f 728 2867 2865
f 725 2851 2867
f 2865 2867 2851
f 189 2847 2860
f 722 2868 2847
f 728 2860 2868
f 2847 2868 2860
f 725 2867 2866
f 728 2868 2867
f 722 2866 2868
f 2867 2868 2866
f 49 2829 2788
f 720 2869 2829
f 706 2788 2869
f 2829 2869 2788
f 185 2870 2833
f 730 2871 2870
f 720 2833 2871
f 2870 2871 2833
f 182 2793 2873
f 706 2872 2793
f 730 2873 2872
f 2793 2872 2873
f 720 2871 2869
f 730 2872 2871
f 706 2869 2872
f 2871 2872 2869
f 50 2859 2818
f 729 2874 2859
f 715 2818 2874
f 2859 2874 2818
f 188 2875 2863
f 731 2876 2875
f 729 2863 2876
f 2875 2876 2863
f 185 2823 2878
f 715 2877 2823
f 731 2878 2877
f 2823 2877 2878
f 729 2876 2874
f 731 2877 2876
f 715 2874 2877
f 2876 2877 2874
f 51 2799 2848
f 711 2879 2799
f 724 2848 2879
f 2799 2879 2848
f 182 2880 2803
f 732 2881 2880
f 711 2803 2881
f 2880 2881 2803
f 188 2853 2883
f 724 2882 2853
f 732 2883 2882
f 2853 2882 2883
f 711 2881 2879
f 732 2882 2881
f 724 2879 2882
f 2881 2882 2879
f 185 2878 2870
f 731 2884 2878
f 730 2870 2884
f 2878 2884 2870
f 188 2883 2875
f 732 2885 2883
f 731 2875 2885
f 2883 2885 2875
f 182 2873 2880
f 730 2886 2873
f 732 2880 2886
f 2873 2886 2880
f 731 2885 2884
f 732 2886 2885
f 730 2884 2886
f 2885 2886 2884
f 13 2733 2593
f 693 2887 2733
f 652 2593 2887
f 2733 2887 2593
f 180 2888 2737
f 733 2889 2888
f 693 2737 2889
f 2888 2889 2737
f 166 2598 2891
f 652 2890 2598
f 733 2891 2890
f 2598 2890 2891
f 693 2889 2887
f 733 2890 2889
f 652 2887 2890
f 2889 2890 2887
f 47 2892 2749
f 734 2893 2892
f 697 2749 2893
f 2892 2893 2749
f 190 2894 2896
f 735 2895 2894
f 734 2896 2895
f 2894 2895 2896
f 180 2754 2898
f 697 2897 2754
f 735 2898 2897
f 2754 2897 2898
f 734 2895 2893
f 735 2897 2895
f 697 2893 2897
f 2895 2897 2893
f 44 2604 2900
f 657 2899 2604
f 737 2900 2899
f 2604 2899 2900
f 166 2901 2608
f 736 2902 2901
f 657 2608 2902
f 2901 2902 2608
f 190 2903 2905
f 737 2904 2903
f 736 2905 2904
f 2903 2904 2905
f 657 2902 2899
f 736 2904 2902
f 737 2899 2904
f 2902 2904 2899
f 180 2898 2888
f 735 2906 2898
f 733 2888 2906
f 2898 2906 2888
f 190 2905 2894
f 736 2907 2905
f 735 2894 2907
f 2905 2907 2894
f 166 2891 2901
f 733 2908 2891
f 736 2901 2908
f 2891 2908 2901
f 735 2907 2906
f 736 2908 2907
f 733 2906 2908
f 2907 2908 2906
f 14 2841 2701
f 723 2909 2841
f 682 2701 2909
f 2841 2909 2701
f 189 2910 2845
f 738 2911 2910
f 723 2845 2911
f 2910 2911 2845
f 175 2706 2913
f 682 2912 2706
f 738 2913 2912
f 2706 2912 2913
f 723 2911 2909
f 738 2912 2911
f 682 2909 2912
f 2911 2912 2909
f 50 2914 2857
f 739 2915 2914
f 727 2857 2915
f 2914 2915 2857
f 191 2916 2918
f 740 2917 2916
f 739 2918 2917
f 2916 2917 2918
f 189 2862 2920
f 727 2919 2862
f 740 2920 2919
f 2862 2919 2920
f 739 2917 2915
f 740 2919 2917
f 727 2915 2919
f 2917 2919 2915
f 47 2712 2922
f 687 2921 2712
f 742 2922 2921
f 2712 2921 2922
f 175 2923 2716
f 741 2924 2923
f 687 2716 2924
f 2923 2924 2716
f 191 2925 2927
f 742 2926 2925
f 741 2927 2926
f 2925 2926 2927
f 687 2924 2921
f 741 2926 2924
f 742 2921 2926
f 2924 2926 2921
f 189 2920 2910
f 740 2928 2920
f 738 2910 2928
f 2920 2928 2910
f 191 2927 2916
f 741 2929 2927
f 740 2916 2929
f 2927 2929 2916
f 175 2913 2923
f 738 2930 2913
f 741 2923 2930
f 2913 2930 2923
f 740 2929 2928
f 741 2930 2929
f 738 2928 2930
f 2929 2930 2928
f 15 2625 2809
f 663 2931 2625
f 712 2809 2931
f 2625 2931 2809
f 171 2932 2629
f 743 2933 2932
f 663 2629 2933
f 2932 2933 2629
f 184 2814 2935
f 712 2934 2814
f 743 2935 2934
f 2814 2934 2935
f 663 2933 2931
f 743 2934 2933
f 712 2931 2934
f 2933 2934 2931
f 44 2936 2641
f 744 2937 2936
f 667 2641 2937
f 2936 2937 2641
f 192 2938 2940
f 745 2939 2938
f 744 2940 2939
f 2938 2939 2940
f 171 2646 2942
f 667 2941 2646
f 745 2942 2941
f 2646 2941 2942
f 744 2939 2937
f 745 2941 2939
f 667 2937 2941
f 2939 2941 2937
f 50 2820 2944
f 717 2943 2820
f 747 2944 2943
f 2820 2943 2944
f 184 2945 2824
f 746 2946 2945
f 717 2824 2946
f 2945 2946 2824
f 192 2947 2949
f 747 2948 2947
f 746 2949 2948
f 2947 2948 2949
f 717 2946 2943
f 746 2948 2946
f 747 2943 2948
f 2946 2948 2943
f 171 2942 2932
f 745 2950 2942
f 743 2932 2950
f 2942 2950 2932
f 192 2949 2938
f 746 2951 2949
f 745 2938 2951
f 2949 2951 2938
f 184 2935 2945
f 743 2952 2935
f 746 2945 2952
f 2935 2952 2945
f 745 2951 2950
f 746 2952 2951
f 743 2950 2952
f 2951 2952 2950
f 47 2922 2892
f 742 2953 2922
f 734 2892 2953
f 2922 2953 2892
f 191 2954 2925
f 748 2955 2954
f 742 2925 2955
f 2954 2955 2925
f 190 2896 2957
f 734 2956 2896
f 748 2957 2956
f 2896 2956 2957
f 742 2955 2953
f 748 2956 2955
f 734 2953 2956
f 2955 2956 2953
f 50 2944 2914
f 747 2958 2944
f 739 2914 2958
f 2944 2958 2914
f 192 2959 2947
f 749 2960 2959
f 747 2947 2960
f 2959 2960 2947
f 191 2918 2962
f 739 2961 2918
f 749 2962 2961
f 2918 2961 2962
f 747 2960 2958
f 749 2961 2960
f 739 2958 2961
f 2960 2961 2958
f 44 2900 2936
f 737 2963 2900
f 744 2936 2963
f 2900 2963 2936
f 190 2964 2903
f 750 2965 2964
f 737 2903 2965
f 2964 2965 2903
f 192 2940 2967
f 744 2966 2940
f 750 2967 2966
f 2940 2966 2967
f 737 2965 2963
f 750 2966 2965
f 744 2963 2966
f 2965 2966 2963
f 191 2962 2954
f 749 2968 2962
f 748 2954 2968
f 2962 2968 2954
f 192 2967 2959
f 750 2969 2967
f 749 2959 2969
f 2967 2969 2959
f 190 2957 2964
f 748 2970 2957
f 750 2964 2970
f 2957 2970 2964
f 749 2969 2968
f 750 2970 2969
f 748 2968 2970
f 2969 2970 2968
f 1 2565 2972
f 645 2971 2565
f 752 2972 2971
f 2565 2971 2972
f 165 2973 2569
f 751 2974 2973
f 645 2569 2974
f 2973 2974 2569
f 194 2975 2977
f 752 2976 2975
f 751 2977 2976
f 2975 2976 2977
f 645 2974 2971
f 751 2976 2974
f 752 2971 2976
f 2974 2976 2971
f 45 2978 2581
f 753 2979 2978
f 649 2581 2979
f 2978 2979 2581
f 193 2980 2982
f 754 2981 2980
f 753 2982 2981
f 2980 2981 2982
f 165 2586 2984
f 649 2983 2586
f 754 2984 2983
f 2586 2983 2984
f 753 2981 2979
f 754 2983 2981
f 649 2979 2983
f 2981 2983 2979
f 53 2985 2987
f 755 2986 2985
f 757 2987 2986
f 2985 2986 2987
f 194 2988 2990
f 756 2989 2988
f 755 2990 2989
f 2988 2989 2990
f 193 2991 2993
f 757 2992 2991
f 756 2993 2992
f 2991 2992 2993
f 755 2989 2986
f 756 2992 2989
f 757 2986 2992
f 2989 2992 2986
f 165 2984 2973
f 754 2994 2984
f 751 2973 2994
f 2984 2994 2973
f 193 2993 2980
f 756 2995 2993
f 754 2980 2995
f 2993 2995 2980
f 194 2977 2988
f 751 2996 2977
f 756 2988 2996
f 2977 2996 2988
f 754 2995 2994
f 756 2996 2995
f 751 2994 2996
f 2995 2996 2994
f 15 2997 2623
f 758 2998 2997
f 661 2623 2998
f 2997 2998 2623
f 195 2999 3001
f 759 3000 2999
f 758 3001 3000
f 2999 3000 3001
f 169 2628 3003
f 661 3002 2628
f 759 3003 3002
f 2628 3002 3003
f 758 3000 2998
f 759 3002 3000
f 661 2998 3002
f 3000 3002 2998
f 52 3004 3006
f 760 3005 3004
f 762 3006 3005
f 3004 3005 3006
f 196 3007 3009
f 761 3008 3007
f 760 3009 3008
f 3007 3008 3009
f 195 3010 3012
f 762 3011 3010
f 761 3012 3011
f 3010 3011 3012
f 760 3008 3005
f 761 3011 3008
f 762 3005 3011
f 3008 3011 3005
f 45 2634 3014
f 666 3013 2634
f 764 3014 3013
f 2634 3013 3014
f 169 3015 2638
f 763 3016 3015
f 666 2638 3016
f 3015 3016 2638
f 196 3017 3019
f 764 3018 3017
f 763 3019 3018
f 3017 3018 3019
f 666 3016 3013
f 763 3018 3016
f 764 3013 3018
f 3016 3018 3013
f 195 3012 2999
f 761 3020 3012
f 759 2999 3020
f 3012 3020 2999
f 196 3019 3007
f 763 3021 3019
f 761 3007 3021
f 3019 3021 3007
f 169 3003 3015
f 759 3022 3003
f 763 3015 3022
f 3003 3022 3015
f 761 3021 3020
f 763 3022 3021
f 759 3020 3022
f 3021 3022 3020
f 17 3023 3025
f 765 3024 3023
f 767 3025 3024
f 3023 3024 3025
f 197 3026 3028
f 766 3027 3026
f 765 3028 3027
f 3026 3027 3028
f 199 3029 3031
f 767 3030 3029
f 766 3031 3030
f 3029 3030 3031
f 765 3027 3024
f 766 3030 3027
f 767 3024 3030
f 3027 3030 3024
f 53 3032 3034
f 768 3033 3032
f 770 3034 3033
f 3032 3033 3034
f 198 3035 3037
f 769 3036 3035
f 768 3037 3036
f 3035 3036 3037
f 197 3038 3040
f 770 3039 3038
f 769 3040 3039
f 3038 3039 3040
f 768 3036 3033
f 769 3039 3036
f 770 3033 3039
f 3036 3039 3033
f 52 3041 3043
f 771 3042 3041
f 773 3043 3042
f 3041 3042 3043
f 199 3044 3046
f 772 3045 3044
f 771 3046 3045
f 3044 3045 3046
f 198 3047 3049
f 773 3048 3047
f 772 3049 3048
f 3047 3048 3049
f 771 3045 3042
f 772 3048 3045
f 773 3042 3048
f 3045 3048 3042
f 197 3040 3026
f 769 3050 3040
f 766 3026 3050
f 3040 3050 3026
f 198 3049 3035
f 772 3051 3049
f 769 3035 3051
f 3049 3051 3035
f 199 3031 3044
f 766 3052 3031
f 772 3044 3052
f 3031 3052 3044
f 769 3051 3050
f 772 3052 3051
f 766 3050 3052
f 3051 3052 3050
f 45 3014 2978
f 764 3053 3014
f 753 2978 3053
f 3014 3053 2978
f 196 3054 3017
f 774 3055 3054
f 764 3017 3055
f 3054 3055 3017
f 193 2982 3057
f 753 3056 2982
f 774 3057 3056
f 2982 3056 3057
f 764 3055 3053
f 774 3056 3055
f 753 3053 3056
f 3055 3056 3053
f 52 3043 3004
f 773 3058 3043
f 760 3004 3058
f 3043 3058 3004
f 198 3059 3047
f 775 3060 3059
f 773 3047 3060
f 3059 3060 3047
f 196 3009 3062
f 760 3061 3009
f 775 3062 3061
f 3009 3061 3062
f 773 3060 3058
f 775 3061 3060
f 760 3058 3061
f 3060 3061 3058
f 53 2987 3032
f 757 3063 2987
f 768 3032 3063
f 2987 3063 3032
f 193 3064 2991
f 776 3065 3064
f 757 2991 3065
f 3064 3065 2991
f 198 3037 3067
f 768 3066 3037
f 776 3067 3066
f 3037 3066 3067
f 757 3065 3063
f 776 3066 3065
f 768 3063 3066
f 3065 3066 3063
f 196 3062 3054
f 775 3068 3062
f 774 3054 3068
f 3062 3068 3054
f 198 3067 3059
f 776 3069 3067
f 775 3059 3069
f 3067 3069 3059
f 193 3057 3064
f 774 3070 3057
f 776 3064 3070
f 3057 3070 3064
f 775 3069 3068
f 776 3070 3069
f 774 3068 3070
f 3069 3070 3068
f 6 3071 2779
f 777 3072 3071
f 703 2779 3072
f 3071 3072 2779
f 200 3073 3075
f 778 3074 3073
f 777 3075 3074
f 3073 3074 3075
f 181 2784 3077
f 703 3076 2784
f 778 3077 3076
f 2784 3076 3077
f 777 3074 3072
f 778 3076 3074
f 703 3072 3076
f 3074 3076 3072
f 54 3078 3080
f 779 3079 3078
f 781 3080 3079
f 3078 3079 3080
f 201 3081 3083
f 780 3082 3081
f 779 3083 3082
f 3081 3082 3083
f 200 3084 3086
f 781 3085 3084
f 780 3086 3085
f 3084 3085 3086
f 779 3082 3079
f 780 3085 3082
f 781 3079 3085
f 3082 3085 3079
f 49 2790 3088
f 708 3087 2790
f 783 3088 3087
f 2790 3087 3088
f 181 3089 2794
f 782 3090 3089
f 708 2794 3090
f 3089 3090 2794
f 201 3091 3093
f 783 3092 3091
f 782 3093 3092
f 3091 3092 3093
f 708 3090 3087
f 782 3092 3090
f 783 3087 3092
f 3090 3092 3087
f 200 3086 3073
f 780 3094 3086
f 778 3073 3094
f 3086 3094 3073
f 201 3093 3081
f 782 3095 3093
f 780 3081 3095
f 3093 3095 3081
f 181 3077 3089
f 778 3096 3077
f 782 3089 3096
f 3077 3096 3089
f 780 3095 3094
f 782 3096 3095
f 778 3094 3096
f 3095 3096 3094
f 16 3097 3099
f 784 3098 3097
f 786 3099 3098
f 3097 3098 3099
f 202 3100 3102
f 785 3101 3100
f 784 3102 3101
f 3100 3101 3102
f 204 3103 3105
f 786 3104 3103
f 785 3105 3104
f 3103 3104 3105
f 784 3101 3098
f 785 3104 3101
f 786 3098 3104
f 3101 3104 3098
f 55 3106 3108
f 787 3107 3106
f 789 3108 3107
f 3106 3107 3108
f 203 3109 3111
f 788 3110 3109
f 787 3111 3110
f 3109 3110 3111
f 202 3112 3114
f 789 3113 3112
f 788 3114 3113
f 3112 3113 3114
f 787 3110 3107
f 788 3113 3110
f 789 3107 3113
f 3110 3113 3107
f 54 3115 3117
f 790 3116 3115
f 792 3117 3116
f 3115 3116 3117
f 204 3118 3120
f 791 3119 3118
f 790 3120 3119
f 3118 3119 3120
f 203 3121 3123
f 792 3122 3121
f 791 3123 3122
f 3121 3122 3123
f 790 3119 3116
f 791 3122 3119
f 792 3116 3122
f 3119 3122 3116
f 202 3114 3100
f 788 3124 3114
f 785 3100 3124
f 3114 3124 3100
f 203 3123 3109
f 791 3125 3123
f 788 3109 3125
f 3123 3125 3109
f 204 3105 3118
f 785 3126 3105
f 791 3118 3126
f 3105 3126 3118
f 788 3125 3124
f 791 3126 3125
f 785 3124 3126
f 3125 3126 3124
f 15 2811 3128
f 714 3127 2811
f 794 3128 3127
f 2811 3127 3128
f 186 3129 2815
f 793 3130 3129
f 714 2815 3130
f 3129 3130 2815
f 206 3131 3133
f 794 3132 3131
f 793 3133 3132
f 3131 3132 3133
f 714 3130 3127
f 793 3132 3130
f 794 3127 3132
f 3130 3132 3127
f 49 3134 2827
f 795 3135 3134
f 718 2827 3135
f 3134 3135 2827
f 205 3136 3138
f 796 3137 3136
f 795 3138 3137
f 3136 3137 3138
f 186 2832 3140
f 718 3139 2832
f 796 3140 3139
f 2832 3139 3140
f 795 3137 3135
f 796 3139 3137
f 718 3135 3139
f 3137 3139 3135
f 55 3141 3143
f 797 3142 3141
f 799 3143 3142
f 3141 3142 3143
f 206 3144 3146
f 798 3145 3144
f 797 3146 3145
f 3144 3145 3146
f 205 3147 3149
f 799 3148 3147
f 798 3149 3148
f 3147 3148 3149
f 797 3145 3142
f 798 3148 3145
f 799 3142 3148
f 3145 3148 3142
f 186 3140 3129
f 796 3150 3140
f 793 3129 3150
f 3140 3150 3129
f 205 3149 3136
f 798 3151 3149
f 796 3136 3151
f 3149 3151 3136
f 206 3133 3144
f 793 3152 3133
f 798 3144 3152
f 3133 3152 3144
f 796 3151 3150
f 798 3152 3151
f 793 3150 3152
f 3151 3152 3150
f 54 3117 3078
f 792 3153 3117
f 779 3078 3153
f 3117 3153 3078
f 203 3154 3121
f 800 3155 3154
f 792 3121 3155
f 3154 3155 3121
f 201 3083 3157
f 779 3156 3083
f 800 3157 3156
f 3083 3156 3157
f 792 3155 3153
f 800 3156 3155
f 779 3153 3156
f 3155 3156 3153
f 55 3143 3106
f 799 3158 3143
f 787 3106 3158
f 3143 3158 3106
f 205 3159 3147
f 801 3160 3159
f 799 3147 3160
f 3159 3160 3147
f 203 3111 3162
f 787 3161 3111
f 801 3162 3161
f 3111 3161 3162
f 799 3160 3158
f 801 3161 3160
f 787 3158 3161
f 3160 3161 3158
f 49 3088 3134
f 783 3163 3088
f 795 3134 3163
f 3088 3163 3134
f 201 3164 3091
f 802 3165 3164
f 783 3091 3165
f 3164 3165 3091
f 205 3138 3167
f 795 3166 3138
f 802 3167 3166
f 3138 3166 3167
f 783 3165 3163
f 802 3166 3165
f 795 3163 3166
f 3165 3166 3163
f 203 3162 3154
f 801 3168 3162
f 800 3154 3168
f 3162 3168 3154
f 205 3167 3159
f 802 3169 3167
f 801 3159 3169
f 3167 3169 3159
f 201 3157 3164
f 800 3170 3157
f 802 3164 3170
f 3157 3170 3164
f 801 3169 3168
f 802 3170 3169
f 800 3168 3170
f 3169 3170 3168
f 2 3171 3173
f 803 3172 3171
f 805 3173 3172
f 3171 3172 3173
f 207 3174 3176
f 804 3175 3174
f 803 3176 3175
f 3174 3175 3176
f 209 3177 3179
f 805 3178 3177
f 804 3179 3178
f 3177 3178 3179
f 803 3175 3172
f 804 3178 3175
f 805 3172 3178
f 3175 3178 3172
f 56 3180 3182
f 806 3181 3180
f 808 3182 3181
f 3180 3181 3182
f 208 3183 3185
f 807 3184 3183
f 806 3185 3184
f 3183 3184 3185
f 207 3186 3188
f 808 3187 3186
f 807 3188 3187
f 3186 3187 3188
f 806 3184 3181
f 807 3187 3184
f 808 3181 3187
f 3184 3187 3181
f 58 3189 3191
f 809 3190 3189
f 811 3191 3190
f 3189 3190 3191
f 209 3192 3194
f 810 3193 3192
f 809 3194 3193
f 3192 3193 3194
f 208 3195 3197
f 811 3196 3195
f 810 3197 3196
f 3195 3196 3197
f 809 3193 3190
f 810 3196 3193
f 811 3190 3196
f 3193 3196 3190
f 207 3188 3174
f 807 3198 3188
f 804 3174 3198
f 3188 3198 3174
f 208 3197 3183
f 810 3199 3197
f 807 3183 3199
f 3197 3199 3183
f 209 3179 3192
f 804 3200 3179
f 810 3192 3200
f 3179 3200 3192
f 807 3199 3198
f 810 3200 3199
f 804 3198 3200
f 3199 3200 3198
f 17 3201 3203
f 812 3202 3201
f 814 3203 3202
f 3201 3202 3203
f 210 3204 3206
f 813 3205 3204
f 812 3206 3205
f 3204 3205 3206
f 212 3207 3209
f 814 3208 3207
f 813 3209 3208
f 3207 3208 3209
f 812 3205 3202
f 813 3208 3205
f 814 3202 3208
f 3205 3208 3202
f 57 3210 3212
f 815 3211 3210
f 817 3212 3211
f 3210 3211 3212
f 211 3213 3215
f 816 3214 3213
f 815 3215 3214
f 3213 3214 3215
f 210 3216 3218
f 817 3217 3216
f 816 3218 3217
f 3216 3217 3218
f 815 3214 3211
f 816 3217 3214
f 817 3211 3217
f 3214 3217 3211
f 56 3219 3221
f 818 3220 3219
f 820 3221 3220
f 3219 3220 3221
f 212 3222 3224
f 819 3223 3222
f 818 3224 3223
f 3222 3223 3224
f 211 3225 3227
f 820 3226 3225
f 819 3227 3226
f 3225 3226 3227
f 818 3223 3220
f 819 3226 3223
f 820 3220 3226
f 3223 3226 3220
f 210 3218 3204
f 816 3228 3218
f 813 3204 3228
f 3218 3228 3204
f 211 3227 3213
f 819 3229 3227
f 816 3213 3229
f 3227 3229 3213
f 212 3209 3222
f 813 3230 3209
f 819 3222 3230
f 3209 3230 3222
f 816 3229 3228
f 819 3230 3229
f 813 3228 3230
f 3229 3230 3228
f 16 3231 3233
f 821 3232 3231
f 823 3233 3232
f 3231 3232 3233
f 213 3234 3236
f 822 3235 3234
f 821 3236 3235
f 3234 3235 3236
f 215 3237 3239
f 823 3238 3237
f 822 3239 3238
f 3237 3238 3239
f 821 3235 3232
f 822 3238 3235
f 823 3232 3238
f 3235 3238 3232
f 58 3240 3242
f 824 3241 3240
f 826 3242 3241
f 3240 3241 3242
f 214 3243 3245
f 825 3244 3243
f 824 3245 3244
f 3243 3244 3245
f 213 3246 3248
f 826 3247 3246
f 825 3248 3247
f 3246 3247 3248
f 824 3244 3241
f 825 3247 3244
f 826 3241 3247
f 3244 3247 3241
f 57 3249 3251
f 827 3250 3249
f 829 3251 3250
f 3249 3250 3251
f 215 3252 3254
f 828 3253 3252
f 827 3254 3253
f 3252 3253 3254
f 214 3255 3257
f 829 3256 3255
f 828 3257 3256
f 3255 3256 3257
f 827 3253 3250
f 828 3256 3253
f 829 3250 3256
f 3253 3256 3250
f 213 3248 3234
f 825 3258 3248
f 822 3234 3258
f 3248 3258 3234
f 214 3257 3243
f 828 3259 3257
f 825 3243 3259
f 3257 3259 3243
f 215 3239 3252
f 822 3260 3239
f 828 3252 3260
f 3239 3260 3252
f 825 3259 3258
f 828 3260 3259
f 822 3258 3260
f 3259 3260 3258
f 56 3221 3180
f 820 3261 3221
f 806 3180 3261
f 3221 3261 3180
f 211 3262 3225
f 830 3263 3262
f 820 3225 3263
f 3262 3263 3225
f 208 3185 3265
f 806 3264 3185
f 830 3265 3264
f 3185 3264 3265
f 820 3263 3261
f 830 3264 3263
f 806 3261 3264
f 3263 3264 3261
f 57 3251 3210
f 829 3266 3251
f 815 3210 3266
f 3251 3266 3210
f 214 3267 3255
f 831 3268 3267
f 829 3255 3268
f 3267 3268 3255
f 211 3215 3270
f 815 3269 3215
f 831 3270 3269
f 3215 3269 3270
f 829 3268 3266
f 831 3269 3268
f 815 3266 3269
f 3268 3269 3266
f 58 3191 3240
f 811 3271 3191
f 824 3240 3271
f 3191 3271 3240
f 208 3272 3195
f 832 3273 3272
f 811 3195 3273
f 3272 3273 3195
f 214 3245 3275
f 824 3274 3245
f 832 3275 3274
f 3245 3274 3275
f 811 3273 3271
f 832 3274 3273
f 824 3271 3274
f 3273 3274 3271
f 211 3270 3262
f 831 3276 3270
f 830 3262 3276
f 3270 3276 3262
f 214 3275 3267
f 832 3277 3275
f 831 3267 3277
f 3275 3277 3267
f 208 3265 3272
f 830 3278 3265
f 832 3272 3278
f 3265 3278 3272
f 831 3277 3276
f 832 3278 3277
f 830 3276 3278
f 3277 3278 3276
f 15 3128 2997
f 794 3279 3128
f 758 2997 3279
f 3128 3279 2997
f 206 3280 3131
f 833 3281 3280
f 794 3131 3281
f 3280 3281 3131
f 195 3001 3283
f 758 3282 3001
f 833 3283 3282
f 3001 3282 3283
f 794 3281 3279
f 833 3282 3281
f 758 3279 3282
f 3281 3282 3279
f 55 3284 3141
f 834 3285 3284
f 797 3141 3285
f 3284 3285 3141
f 216 3286 3288
f 835 3287 3286
f 834 3288 3287
f 3286 3287 3288
f 206 3146 3290
f 797 3289 3146
f 835 3290 3289
f 3146 3289 3290
f 834 3287 3285
f 835 3289 3287
f 797 3285 3289
f 3287 3289 3285
f 52 3006 3292
f 762 3291 3006
f 837 3292 3291
f 3006 3291 3292
f 195 3293 3010
f 836 3294 3293
f 762 3010 3294
f 3293 3294 3010
f 216 3295 3297
f 837 3296 3295
f 836 3297 3296
f 3295 3296 3297
f 762 3294 3291
f 836 3296 3294
f 837 3291 3296
f 3294 3296 3291
f 206 3290 3280
f 835 3298 3290
f 833 3280 3298
f 3290 3298 3280
f 216 3297 3286
f 836 3299 3297
f 835 3286 3299
f 3297 3299 3286
f 195 3283 3293
f 833 3300 3283
f 836 3293 3300
f 3283 3300 3293
f 835 3299 3298
f 836 3300 3299
f 833 3298 3300
f 3299 3300 3298
f 16 3233 3097
f 823 3301 3233
f 784 3097 3301
f 3233 3301 3097
f 215 3302 3237
f 838 3303 3302
f 823 3237 3303
f 3302 3303 3237
f 202 3102 3305
f 784 3304 3102
f 838 3305 3304
f 3102 3304 3305
f 823 3303 3301
f 838 3304 3303
f 784 3301 3304
f 3303 3304 3301
f 57 3306 3249
f 839 3307 3306
f 827 3249 3307
f 3306 3307 3249
f 217 3308 3310
f 840 3309 3308
f 839 3310 3309
f 3308 3309 3310
f 215 3254 3312
f 827 3311 3254
f 840 3312 3311
f 3254 3311 3312
f 839 3309 3307
f 840 3311 3309
f 827 3307 3311
f 3309 3311 3307
f 55 3108 3314
f 789 3313 3108
f 842 3314 3313
f 3108 3313 3314
f 202 3315 3112
f 841 3316 3315
f 789 3112 3316
f 3315 3316 3112
f 217 3317 3319
f 842 3318 3317
f 841 3319 3318
f 3317 3318 3319
f 789 3316 3313
f 841 3318 3316
f 842 3313 3318
f 3316 3318 3313
f 215 3312 3302
f 840 3320 3312
f 838 3302 3320
f 3312 3320 3302
f 217 3319 3308
f 841 3321 3319
f 840 3308 3321
f 3319 3321 3308
f 202 3305 3315
f 838 3322 3305
f 841 3315 3322
f 3305 3322 3315
f 840 3321 3320
f 841 3322 3321
f 838 3320 3322
f 3321 3322 3320
f 17 3025 3201
f 767 3323 3025
f 812 3201 3323
f 3025 3323 3201
f 199 3324 3029
f 843 3325 3324
f 767 3029 3325
f 3324 3325 3029
f 210 3206 3327
f 812 3326 3206
f 843 3327 3326
f 3206 3326 3327
f 767 3325 3323
f 843 3326 3325
f 812 3323 3326
f 3325 3326 3323
f 52 3328 3041
f 844 3329 3328
f 771 3041 3329
f 3328 3329 3041
f 218 3330 3332
f 845 3331 3330
f 844 3332 3331
f 3330 3331 3332
f 199 3046 3334
f 771 3333 3046
f 845 3334 3333
f 3046 3333 3334
f 844 3331 3329
f 845 3333 3331
f 771 3329 3333
f 3331 3333 3329
f 57 3212 3336
f 817 3335 3212
f 847 3336 3335
f 3212 3335 3336
f 210 3337 3216
f 846 3338 3337
f 817 3216 3338
f 3337 3338 3216
f 218 3339 3341
f 847 3340 3339
f 846 3341 3340
f 3339 3340 3341
f 817 3338 3335
f 846 3340 3338
f 847 3335 3340
f 3338 3340 3335
f 199 3334 3324
f 845 3342 3334
f 843 3324 3342
f 3334 3342 3324
f 218 3341 3330
f 846 3343 3341
f 845 3330 3343
f 3341 3343 3330
f 210 3327 3337
f 843 3344 3327
f 846 3337 3344
f 3327 3344 3337
f 845 3343 3342
f 846 3344 3343
f 843 3342 3344
f 3343 3344 3342
f 55 3314 3284
f 842 3345 3314
f 834 3284 3345
f 3314 3345 3284
f 217 3346 3317
f 848 3347 3346
f 842 3317 3347
f 3346 3347 3317
f 216 3288 3349
f 834 3348 3288
f 848 3349 3348
f 3288 3348 3349
f 842 3347 3345
f 848 3348 3347
f 834 3345 3348
f 3347 3348 3345
f 57 3336 3306
f 847 3350 3336
f 839 3306 3350
f 3336 3350 3306
f 218 3351 3339
f 849 3352 3351
f 847 3339 3352
f 3351 3352 3339
f 217 3310 3354
f 839 3353 3310
f 849 3354 3353
f 3310 3353 3354
f 847 3352 3350
f 849 3353 3352
f 839 3350 3353
f 3352 3353 3350
f 52 3292 3328
f 837 3355 3292
f 844 3328 3355
f 3292 3355 3328
f 216 3356 3295
f 850 3357 3356
f 837 3295 3357
f 3356 3357 3295
f 218 3332 3359
f 844 3358 3332
f 850 3359 3358
f 3332 3358 3359
f 837 3357 3355
f 850 3358 3357
f 844 3355 3358
f 3357 3358 3355
f 217 3354 3346
f 849 3360 3354
f 848 3346 3360
f 3354 3360 3346
f 218 3359 3351
f 850 3361 3359
f 849 3351 3361
f 3359 3361 3351
f 216 3349 3356
f 848 3362 3349
f 850 3356 3362
f 3349 3362 3356
f 849 3361 3360
f 850 3362 3361
f 848 3360 3362
f 3361 3362 3360
f 1 2972 3364
f 752 3363 2972
f 852 3364 3363
f 2972 3363 3364
f 194 3365 2975
f 851 3366 3365
f 752 2975 3366
f 3365 3366 2975
f 220 3367 3369
f 852 3368 3367
f 851 3369 3368
f 3367 3368 3369
f 752 3366 3363
f 851 3368 3366
f 852 3363 3368
f 3366 3368 3363
f 53 3370 2985
f 853 3371 3370
f 755 2985 3371
f 3370 3371 2985
f 219 3372 3374
f 854 3373 3372
f 853 3374 3373
f 3372 3373 3374
f 194 2990 3376
f 755 3375 2990
f 854 3376 3375
f 2990 3375 3376
f 853 3373 3371
f 854 3375 3373
f 755 3371 3375
f 3373 3375 3371
f 60 3377 3379
f 855 3378 3377
f 857 3379 3378
f 3377 3378 3379
f 220 3380 3382
f 856 3381 3380
f 855 3382 3381
f 3380 3381 3382
f 219 3383 3385
f 857 3384 3383
f 856 3385 3384
f 3383 3384 3385
f 855 3381 3378
f 856 3384 3381
f 857 3378 3384
f 3381 3384 3378
f 194 3376 3365
f 854 3386 3376
f 851 3365 3386
f 3376 3386 3365
f 219 3385 3372
f 856 3387 3385
f 854 3372 3387
f 3385 3387 3372
f 220 3369 3380
f 851 3388 3369
f 856 3380 3388
f 3369 3388 3380
f 854 3387 3386
f 856 3388 3387
f 851 3386 3388
f 3387 3388 3386
f 17 3389 3023
f 858 3390 3389
f 765 3023 3390
f 3389 3390 3023
f 221 3391 3393
f 859 3392 3391
f 858 3393 3392
f 3391 3392 3393
f 197 3028 3395
f 765 3394 3028
f 859 3395 3394
f 3028 3394 3395
f 858 3392 3390
f 859 3394 3392
f 765 3390 3394
f 3392 3394 3390
f 59 3396 3398
f 860 3397 3396
f 862 3398 3397
f 3396 3397 3398
f 222 3399 3401
f 861 3400 3399
f 860 3401 3400
f 3399 3400 3401
f 221 3402 3404
f 862 3403 3402
f 861 3404 3403
f 3402 3403 3404
f 860 3400 3397
f 861 3403 3400
f 862 3397 3403
f 3400 3403 3397
f 53 3034 3406
f 770 3405 3034
f 864 3406 3405
f 3034 3405 3406
f 197 3407 3038
f 863 3408 3407
f 770 3038 3408
f 3407 3408 3038
f 222 3409 3411
f 864 3410 3409
f 863 3411 3410
f 3409 3410 3411
f 770 3408 3405
f 863 3410 3408
f 864 3405 3410
f 3408 3410 3405
f 221 3404 3391
f 861 3412 3404
f 859 3391 3412
f 3404 3412 3391
f 222 3411 3399
f 863 3413 3411
f 861 3399 3413
f 3411 3413 3399
f 197 3395 3407
f 859 3414 3395
f 863 3407 3414
f 3395 3414 3407
f 861 3413 3412
f 863 3414 3413
f 859 3412 3414
f 3413 3414 3412
f 19 3415 3417
f 865 3416 3415
f 867 3417 3416
f 3415 3416 3417
f 223 3418 3420
f 866 3419 3418
f 865 3420 3419
f 3418 3419 3420
f 225 3421 3423
f 867 3422 3421
f 866 3423 3422
f 3421 3422 3423
f 865 3419 3416
f 866 3422 3419
f 867 3416 3422
f 3419 3422 3416
f 60 3424 3426
f 868 3425 3424
f 870 3426 3425
f 3424 3425 3426
f 224 3427 3429
f 869 3428 3427
f 868 3429 3428
f 3427 3428 3429
f 223 3430 3432
f 870 3431 3430
f 869 3432 3431
f 3430 3431 3432
f 868 3428 3425
f 869 3431 3428
f 870 3425 3431
f 3428 3431 3425
f 59 3433 3435
f 871 3434 3433
f 873 3435 3434
f 3433 3434 3435
f 225 3436 3438
f 872 3437 3436
f 871 3438 3437
f 3436 3437 3438
f 224 3439 3441
f 873 3440 3439
f 872 3441 3440
f 3439 3440 3441
f 871 3437 3434
f 872 3440 3437
f 873 3434 3440
f 3437 3440 3434
f 223 3432 3418
f 869 3442 3432
f 866 3418 3442
f 3432 3442 3418
f 224 3441 3427
f 872 3443 3441
f 869 3427 3443
f 3441 3443 3427
f 225 3423 3436
f 866 3444 3423
f 872 3436 3444
f 3423 3444 3436
f 869 3443 3442
f 872 3444 3443
f 866 3442 3444
f 3443 3444 3442
f 53 3406 3370
f 864 3445 3406
f 853 3370 3445
f 3406 3445 3370
f 222 3446 3409
f 874 3447 3446
f 864 3409 3447
f 3446 3447 3409
f 219 3374 3449
f 853 3448 3374
f 874 3449 3448
f 3374 3448 3449
f 864 3447 3445
f 874 3448 3447
f 853 3445 3448
f 3447 3448 3445
f 59 3435 3396
f 873 3450 3435
f 860 3396 3450
f 3435 3450 3396
f 224 3451 3439
f 875 3452 3451
f 873 3439 3452
f 3451 3452 3439
f 222 3401 3454
f 860 3453 3401
f 875 3454 3453
f 3401 3453 3454
f 873 3452 3450
f 875 3453 3452
f 860 3450 3453
f 3452 3453 3450
f 60 3379 3424
f 857 3455 3379
f 868 3424 3455
f 3379 3455 3424
f 219 3456 3383
f 876 3457 3456
f 857 3383 3457
f 3456 3457 3383
f 224 3429 3459
f 868 3458 3429
f 876 3459 3458
f 3429 3458 3459
f 857 3457 3455
f 876 3458 3457
f 868 3455 3458
f 3457 3458 3455
f 222 3454 3446
f 875 3460 3454
f 874 3446 3460
f 3454 3460 3446
f 224 3459 3451
f 876 3461 3459
f 875 3451 3461
f 3459 3461 3451
f 219 3449 3456
f 874 3462 3449
f 876 3456 3462
f 3449 3462 3456
f 875 3461 3460
f 876 3462 3461
f 874 3460 3462
f 3461 3462 3460
f 2 3463 3171
f 877 3464 3463
f 803 3171 3464
f 3463 3464 3171
f 226 3465 3467
f 878 3466 3465
f 877 3467 3466
f 3465 3466 3467
f 207 3176 3469
f 803 3468 3176
f 878 3469 3468
f 3176 3468 3469
f 877 3466 3464
f 878 3468 3466
f 803 3464 3468
f 3466 3468 3464
f 61 3470 3472
f 879 3471 3470
f 881 3472 3471
f 3470 3471 3472
f 227 3473 3475
f 880 3474 3473
f 879 3475 3474
f 3473 3474 3475
f 226 3476 3478
f 881 3477 3476
f 880 3478 3477
f 3476 3477 3478
f 879 3474 3471
f 880 3477 3474
f 881 3471 3477
f 3474 3477 3471
f 56 3182 3480
f 808 3479 3182
f 883 3480 3479
f 3182 3479 3480
f 207 3481 3186
f 882 3482 3481
f 808 3186 3482
f 3481 3482 3186
f 227 3483 3485
f 883 3484 3483
f 882 3485 3484
f 3483 3484 3485
f 808 3482 3479
f 882 3484 3482
f 883 3479 3484
f 3482 3484 3479
f 226 3478 3465
f 880 3486 3478
f 878 3465 3486
f 3478 3486 3465
f 227 3485 3473
f 882 3487 3485
f 880 3473 3487
f 3485 3487 3473
f 207 3469 3481
f 878 3488 3469
f 882 3481 3488
f 3469 3488 3481
f 880 3487 3486
f 882 3488 3487
f 878 3486 3488
f 3487 3488 3486
f 18 3489 3491
f 884 3490 3489
f 886 3491 3490
f 3489 3490 3491
f 228 3492 3494
f 885 3493 3492
f 884 3494 3493
f 3492 3493 3494
f 230 3495 3497
f 886 3496 3495
f 885 3497 3496
f 3495 3496 3497
f 884 3493 3490
f 885 3496 3493
f 886 3490 3496
f 3493 3496 3490
f 62 3498 3500
f 887 3499 3498
f 889 3500 3499
f 3498 3499 3500
f 229 3501 3503
f 888 3502 3501
f 887 3503 3502
f 3501 3502 3503
f 228 3504 3506
f 889 3505 3504
f 888 3506 3505
f 3504 3505 3506
f 887 3502 3499
f 888 3505 3502
f 889 3499 3505
f 3502 3505 3499
f 61 3507 3509
f 890 3508 3507
f 892 3509 3508
f 3507 3508 3509
f 230 3510 3512
f 891 3511 3510
f 890 3512 3511
f 3510 3511 3512
f 229 3513 3515
f 892 3514 3513
f 891 3515 3514
f 3513 3514 3515
f 890 3511 3508
f 891 3514 3511
f 892 3508 3514
f 3511 3514 3508
f 228 3506 3492
f 888 3516 3506
f 885 3492 3516
f 3506 3516 3492
f 229 3515 3501
f 891 3517 3515
f 888 3501 3517
f 3515 3517 3501
f 230 3497 3510
f 885 3518 3497
f 891 3510 3518
f 3497 3518 3510
f 888 3517 3516
f 891 3518 3517
f 885 3516 3518
f 3517 3518 3516
f 17 3203 3520
f 814 3519 3203
f 894 3520 3519
f 3203 3519 3520
f 212 3521 3207
f 893 3522 3521
f 814 3207 3522
f 3521 3522 3207
f 232 3523 3525
f 894 3524 3523
f 893 3525 3524
f 3523 3524 3525
f 814 3522 3519
f 893 3524 3522
f 894 3519 3524
f 3522 3524 3519
f 56 3526 3219
f 895 3527 3526
f 818 3219 3527
f 3526 3527 3219
f 231 3528 3530
f 896 3529 3528
f 895 3530 3529
f 3528 3529 3530
f 212 3224 3532
f 818 3531 3224
f 896 3532 3531
f 3224 3531 3532
f 895 3529 3527
f 896 3531 3529
f 818 3527 3531
f 3529 3531 3527
f 62 3533 3535
f 897 3534 3533
f 899 3535 3534
f 3533 3534 3535
f 232 3536 3538
f 898 3537 3536
f 897 3538 3537
f 3536 3537 3538
f 231 3539 3541
f 899 3540 3539
f 898 3541 3540
f 3539 3540 3541
f 897 3537 3534
f 898 3540 3537
f 899 3534 3540
f 3537 3540 3534
f 212 3532 3521
f 896 3542 3532
f 893 3521 3542
f 3532 3542 3521
f 231 3541 3528
f 898 3543 3541
f 896 3528 3543
f 3541 3543 3528
f 232 3525 3536
f 893 3544 3525
f 898 3536 3544
f 3525 3544 3536
f 896 3543 3542
f 898 3544 3543
f 893 3542 3544
f 3543 3544 3542
f 61 3509 3470
f 892 3545 3509
f 879 3470 3545
f 3509 3545 3470
f 229 3546 3513
f 900 3547 3546
f 892 3513 3547
f 3546 3547 3513
f 227 3475 3549
f 879 3548 3475
f 900 3549 3548
f 3475 3548 3549
f 892 3547 3545
f 900 3548 3547
f 879 3545 3548
f 3547 3548 3545
f 62 3535 3498
f 899 3550 3535
f 887 3498 3550
f 3535 3550 3498
f 231 3551 3539
f 901 3552 3551
f 899 3539 3552
f 3551 3552 3539
f 229 3503 3554
f 887 3553 3503
f 901 3554 3553
f 3503 3553 3554
f 899 3552 3550
f 901 3553 3552
f 887 3550 3553
f 3552 3553 3550
f 56 3480 3526
f 883 3555 3480
f 895 3526 3555
f 3480 3555 3526
f 227 3556 3483
f 902 3557 3556
f 883 3483 3557
f 3556 3557 3483
f 231 3530 3559
f 895 3558 3530
f 902 3559 3558
f 3530 3558 3559
f 883 3557 3555
f 902 3558 3557
f 895 3555 3558
f 3557 3558 3555
f 229 3554 3546
f 901 3560 3554
f 900 3546 3560
f 3554 3560 3546
f 231 3559 3551
f 902 3561 3559
f 901 3551 3561
f 3559 3561 3551
f 227 3549 3556
f 900 3562 3549
f 902 3556 3562
f 3549 3562 3556
f 901 3561 3560
f 902 3562 3561
f 900 3560 3562
f 3561 3562 3560
f 8 3563 3565
f 903 3564 3563
f 905 3565 3564
f 3563 3564 3565
f 233 3566 3568
f 904 3567 3566
f 903 3568 3567
f 3566 3567 3568
f 235 3569 3571
f 905 3570 3569
f 904 3571 3570
f 3569 3570 3571
f 903 3567 3564
f 904 3570 3567
f 905 3564 3570
f 3567 3570 3564
f 63 3572 3574
f 906 3573 3572
f 908 3574 3573
f 3572 3573 3574
f 234 3575 3577
f 907 3576 3575
f 906 3577 3576
f 3575 3576 3577
f 233 3578 3580
f 908 3579 3578
f 907 3580 3579
f 3578 3579 3580
f 906 3576 3573
f 907 3579 3576
f 908 3573 3579
f 3576 3579 3573
f 65 3581 3583
f 909 3582 3581
f 911 3583 3582
f 3581 3582 3583
f 235 3584 3586
f 910 3585 3584
f 909 3586 3585
f 3584 3585 3586
f 234 3587 3589
f 911 3588 3587
f 910 3589 3588
f 3587 3588 3589
f 909 3585 3582
f 910 3588 3585
f 911 3582 3588
f 3585 3588 3582
f 233 3580 3566
f 907 3590 3580
f 904 3566 3590
f 3580 3590 3566
f 234 3589 3575
f 910 3591 3589
f 907 3575 3591
f 3589 3591 3575
f 235 3571 3584
f 904 3592 3571
f 910 3584 3592
f 3571 3592 3584
f 907 3591 3590
f 910 3592 3591
f 904 3590 3592
f 3591 3592 3590
f 19 3593 3595
f 912 3594 3593
f 914 3595 3594
f 3593 3594 3595
f 236 3596 3598
f 913 3597 3596
f 912 3598 3597
f 3596 3597 3598
f 238 3599 3601
f 914 3600 3599
f 913 3601 3600
f 3599 3600 3601
f 912 3597 3594
f 913 3600 3597
f 914 3594 3600
f 3597 3600 3594
f 64 3602 3604
f 915 3603 3602
f 917 3604 3603
f 3602 3603 3604
f 237 3605 3607
f 916 3606 3605
f 915 3607 3606
f 3605 3606 3607
f 236 3608 3610
f 917 3609 3608
f 916 3610 3609
f 3608 3609 3610
f 915 3606 3603
f 916 3609 3606
f 917 3603 3609
f 3606 3609 3603
f 63 3611 3613
f 918 3612 3611
f 920 3613 3612
f 3611 3612 3613
f 238 3614 3616
f 919 3615 3614
f 918 3616 3615
f 3614 3615 3616
f 237 3617 3619
f 920 3618 3617
f 919 3619 3618
f 3617 3618 3619
f 918 3615 3612
f 919 3618 3615
f 920 3612 3618
f 3615 3618 3612
f 236 3610 3596
f 916 3620 3610
f 913 3596 3620
f 3610 3620 3596
f 237 3619 3605
f 919 3621 3619
f 916 3605 3621
f 3619 3621 3605
f 238 3601 3614
f 913 3622 3601
f 919 3614 3622
f 3601 3622 3614
f 916 3621 3620
f 919 3622 3621
f 913 3620 3622
f 3621 3622 3620
f 18 3623 3625
f 921 3624 3623
f 923 3625 3624
f 3623 3624 3625
f 239 3626 3628
f 922 3627 3626
f 921 3628 3627
f 3626 3627 3628
f 241 3629 3631
f 923 3630 3629
f 922 3631 3630
f 3629 3630 3631
f 921 3627 3624
f 922 3630 3627
f 923 3624 3630
f 3627 3630 3624
f 65 3632 3634
f 924 3633 3632
f 926 3634 3633
f 3632 3633 3634
f 240 3635 3637
f 925 3636 3635
f 924 3637 3636
f 3635 3636 3637
f 239 3638 3640
f 926 3639 3638
f 925 3640 3639
f 3638 3639 3640
f 924 3636 3633
f 925 3639 3636
f 926 3633 3639
f 3636 3639 3633
f 64 3641 3643
f 927 3642 3641
f 929 3643 3642
f 3641 3642 3643
f 241 3644 3646
f 928 3645 3644
f 927 3646 3645
f 3644 3645 3646
f 240 3647 3649
f 929 3648 3647
f 928 3649 3648
f 3647 3648 3649
f 927 3645 3642
f 928 3648 3645
f 929 3642 3648
f 3645 3648 3642
f 239 3640 3626
f 925 3650 3640
f 922 3626 3650
f 3640 3650 3626
f 240 3649 3635
f 928 3651 3649
f 925 3635 3651
f 3649 3651 3635
f 241 3631 3644
f 922 3652 3631
f 928 3644 3652
f 3631 3652 3644
f 925 3651 3650
f 928 3652 3651
f 922 3650 3652
f 3651 3652 3650
f 63 3613 3572
f 920 3653 3613
f 906 3572 3653
f 3613 3653 3572
f 237 3654 3617
f 930 3655 3654
f 920 3617 3655
f 3654 3655 3617
f 234 3577 3657
f 906 3656 3577
f 930 3657 3656
f 3577 3656 3657
f 920 3655 3653
f 930 3656 3655
f 906 3653 3656
f 3655 3656 3653
f 64 3643 3602
f 929 3658 3643
f 915 3602 3658
f 3643 3658 3602
f 240 3659 3647
f 931 3660 3659
f 929 3647 3660
f 3659 3660 3647
f 237 3607 3662
f 915 3661 3607
f 931 3662 3661
f 3607 3661 3662
f 929 3660 3658
f 931 3661 3660
f 915 3658 3661
f 3660 3661 3658
f 65 3583 3632
f 911 3663 3583
f 924 3632 3663
f 3583 3663 3632
f 234 3664 3587
f 932 3665 3664
f 911 3587 3665
f 3664 3665 3587
f 240 3637 3667
f 924 3666 3637
f 932 3667 3666
f 3637 3666 3667
f 911 3665 3663
f 932 3666 3665
f 924 3663 3666
f 3665 3666 3663
f 237 3662 3654
f 931 3668 3662
f 930 3654 3668
f 3662 3668 3654
f 240 3667 3659
f 932 3669 3667
f 931 3659 3669
f 3667 3669 3659
f 234 3657 3664
f 930 3670 3657
f 932 3664 3670
f 3657 3670 3664
f 931 3669 3668
f 932 3670 3669
f 930 3668 3670
f 3669 3670 3668
f 17 3520 3389
f 894 3671 3520
f 858 3389 3671
f 3520 3671 3389
f 232 3672 3523
f 933 3673 3672
f 894 3523 3673
f 3672 3673 3523
f 221 3393 3675
f 858 3674 3393
f 933 3675 3674
f 3393 3674 3675
f 894 3673 3671
f 933 3674 3673
f 858 3671 3674
f 3673 3674 3671
f 62 3676 3533
f 934 3677 3676
f 897 3533 3677
f 3676 3677 3533
f 242 3678 3680
f 935 3679 3678
f 934 3680 3679
f 3678 3679 3680
f 232 3538 3682
f 897 3681 3538
f 935 3682 3681
f 3538 3681 3682
f 934 3679 3677
f 935 3681 3679
f 897 3677 3681
f 3679 3681 3677
f 59 3398 3684
f 862 3683 3398
f 937 3684 3683
f 3398 3683 3684
f 221 3685 3402
f 936 3686 3685
f 862 3402 3686
f 3685 3686 3402
f 242 3687 3689
f 937 3688 3687
f 936 3689 3688
f 3687 3688 3689
f 862 3686 3683
f 936 3688 3686
f 937 3683 3688
f 3686 3688 3683
f 232 3682 3672
f 935 3690 3682
f 933 3672 3690
f 3682 3690 3672
f 242 3689 3678
f 936 3691 3689
f 935 3678 3691
f 3689 3691 3678
f 221 3675 3685
f 933 3692 3675
f 936 3685 3692
f 3675 3692 3685
f 935 3691 3690
f 936 3692 3691
f 933 3690 3692
f 3691 3692 3690
f 18 3625 3489
f 923 3693 3625
f 884 3489 3693
f 3625 3693 3489
f 241 3694 3629
f 938 3695 3694
f 923 3629 3695
f 3694 3695 3629
f 228 3494 3697
f 884 3696 3494
f 938 3697 3696
f 3494 3696 3697
f 923 3695 3693
f 938 3696 3695
f 884 3693 3696
f 3695 3696 3693
f 64 3698 3641
f 939 3699 3698
f 927 3641 3699
f 3698 3699 3641
f 243 3700 3702
f 940 3701 3700
f 939 3702 3701
f 3700 3701 3702
f 241 3646 3704
f 927 3703 3646
f 940 3704 3703
f 3646 3703 3704
f 939 3701 3699
f 940 3703 3701
f 927 3699 3703
f 3701 3703 3699
f 62 3500 3706
f 889 3705 3500
f 942 3706 3705
f 3500 3705 3706
f 228 3707 3504
f 941 3708 3707
f 889 3504 3708
f 3707 3708 3504
f 243 3709 3711
f 942 3710 3709
f 941 3711 3710
f 3709 3710 3711
f 889 3708 3705
f 941 3710 3708
f 942 3705 3710
f 3708 3710 3705
f 241 3704 3694
f 940 3712 3704
f 938 3694 3712
f 3704 3712 3694
f 243 3711 3700
f 941 3713 3711
f 940 3700 3713
f 3711 3713 3700
f 228 3697 3707
f 938 3714 3697
f 941 3707 3714
f 3697 3714 3707
f 940 3713 3712
f 941 3714 3713
f 938 3712 3714
f 3713 3714 3712
f 19 3417 3593
f 867 3715 3417
f 912 3593 3715
f 3417 3715 3593
f 225 3716 3421
f 943 3717 3716
f 867 3421 3717
f 3716 3717 3421
f 236 3598 3719
f 912 3718 3598
f 943 3719 3718
f 3598 3718 3719
f 867 3717 3715
f 943 3718 3717
f 912 3715 3718
f 3717 3718 3715
f 59 3720 3433
f 944 3721 3720
f 871 3433 3721
f 3720 3721 3433
f 244 3722 3724
f 945 3723 3722
f 944 3724 3723
f 3722 3723 3724
f 225 3438 3726
f 871 3725 3438
f 945 3726 3725
f 3438 3725 3726
f 944 3723 3721
f 945 3725 3723
f 871 3721 3725
f 3723 3725 3721
f 64 3604 3728
f 917 3727 3604
f 947 3728 3727
f 3604 3727 3728
f 236 3729 3608
f 946 3730 3729
f 917 3608 3730
f 3729 3730 3608
f 244 3731 3733
f 947 3732 3731
f 946 3733 3732
f 3731 3732 3733
f 917 3730 3727
f 946 3732 3730
f 947 3727 3732
f 3730 3732 3727
f 225 3726 3716
f 945 3734 3726
f 943 3716 3734
f 3726 3734 3716
f 244 3733 3722
f 946 3735 3733
f 945 3722 3735
f 3733 3735 3722
f 236 3719 3729
f 943 3736 3719
f 946 3729 3736
f 3719 3736 3729
f 945 3735 3734
f 946 3736 3735
f 943 3734 3736
f 3735 3736 3734
f 62 3706 3676
f 942 3737 3706
f 934 3676 3737
f 3706 3737 3676
f 243 3738 3709
f 948 3739 3738
f 942 3709 3739
f 3738 3739 3709
f 242 3680 3741
f 934 3740 3680
f 948 3741 3740
f 3680 3740 3741
f 942 3739 3737
f 948 3740 3739
f 934 3737 3740
f 3739 3740 3737
f 64 3728 3698
f 947 3742 3728
f 939 3698 3742
f 3728 3742 3698
f 244 3743 3731
f 949 3744 3743
f 947 3731 3744
f 3743 3744 3731
f 243 3702 3746
f 939 3745 3702
f 949 3746 3745
f 3702 3745 3746
f 947 3744 3742
f 949 3745 3744
f 939 3742 3745
f 3744 3745 3742
f 59 3684 3720
f 937 3747 3684
f 944 3720 3747
f 3684 3747 3720
f 242 3748 3687
f 950 3749 3748
f 937 3687 3749
f 3748 3749 3687
f 244 3724 3751
f 944 3750 3724
f 950 3751 3750
f 3724 3750 3751
f 937 3749 3747
f 950 3750 3749
f 944 3747 3750
f 3749 3750 3747
f 243 3746 3738
f 949 3752 3746
f 948 3738 3752
f 3746 3752 3738
f 244 3751 3743
f 950 3753 3751
f 949 3743 3753
f 3751 3753 3743
f 242 3741 3748
f 948 3754 3741
f 950 3748 3754
f 3741 3754 3748
f 949 3753 3752
f 950 3754 3753
f 948 3752 3754
f 3753 3754 3752
f 1 3364 3756
f 852 3755 3364
f 952 3756 3755
f 3364 3755 3756
f 220 3757 3367
f 951 3758 3757
f 852 3367 3758
f 3757 3758 3367
f 246 3759 3761
f 952 3760 3759
f 951 3761 3760
f 3759 3760 3761
f 852 3758 3755
f 951 3760 3758
f 952 3755 3760
f 3758 3760 3755
f 60 3762 3377
f 953 3763 3762
f 855 3377 3763
f 3762 3763 3377
f 245 3764 3766
f 954 3765 3764
f 953 3766 3765
f 3764 3765 3766
f 220 3382 3768
f 855 3767 3382
f 954 3768 3767
f 3382 3767 3768
f 953 3765 3763
f 954 3767 3765
f 855 3763 3767
f 3765 3767 3763
f 67 3769 3771
f 955 3770 3769
f 957 3771 3770
f 3769 3770 3771
f 246 3772 3774
f 956 3773 3772
f 955 3774 3773
f 3772 3773 3774
f 245 3775 3777
f 957 3776 3775
f 956 3777 3776
f 3775 3776 3777
f 955 3773 3770
f 956 3776 3773
f 957 3770 3776
f 3773 3776 3770
f 220 3768 3757
f 954 3778 3768
f 951 3757 3778
f 3768 3778 3757
f 245 3777 3764
f 956 3779 3777
f 954 3764 3779
f 3777 3779 3764
f 246 3761 3772
f 951 3780 3761
f 956 3772 3780
f 3761 3780 3772
f 954 3779 3778
f 956 3780 3779
f 951 3778 3780
f 3779 3780 3778
f 19 3781 3415
f 958 3782 3781
f 865 3415 3782
f 3781 3782 3415
f 247 3783 3785
f 959 3784 3783
f 958 3785 3784
f 3783 3784 3785
f 223 3420 3787
f 865 3786 3420
f 959 3787 3786
f 3420 3786 3787
f 958 3784 3782
f 959 3786 3784
f 865 3782 3786
f 3784 3786 3782
f 66 3788 3790
f 960 3789 3788
f 962 3790 3789
f 3788 3789 3790
f 248 3791 3793
f 961 3792 3791
f 960 3793 3792
f 3791 3792 3793
f 247 3794 3796
f 962 3795 3794
f 961 3796 3795
f 3794 3795 3796
f 960 3792 3789
f 961 3795 3792
f 962 3789 3795
f 3792 3795 3789
f 60 3426 3798
f 870 3797 3426
f 964 3798 3797
f 3426 3797 3798
f 223 3799 3430
f 963 3800 3799
f 870 3430 3800
f 3799 3800 3430
f 248 3801 3803
f 964 3802 3801
f 963 3803 3802
f 3801 3802 3803
f 870 3800 3797
f 963 3802 3800
f 964 3797 3802
f 3800 3802 3797
f 247 3796 3783
f 961 3804 3796
f 959 3783 3804
f 3796 3804 3783
f 248 3803 3791
f 963 3805 3803
f 961 3791 3805
f 3803 3805 3791
f 223 3787 3799
f 959 3806 3787
f 963 3799 3806
f 3787 3806 3799
f 961 3805 3804
f 963 3806 3805
f 959 3804 3806
f 3805 3806 3804
f 21 3807 3809
f 965 3808 3807
f 967 3809 3808
f 3807 3808 3809
f 249 3810 3812
f 966 3811 3810
f 965 3812 3811
f 3810 3811 3812
f 251 3813 3815
f 967 3814 3813
f 966 3815 3814
f 3813 3814 3815
f 965 3811 3808
f 966 3814 3811
f 967 3808 3814
f 3811 3814 3808
f 67 3816 3818
f 968 3817 3816
f 970 3818 3817
f 3816 3817 3818
f 250 3819 3821
f 969 3820 3819
f 968 3821 3820
f 3819 3820 3821
f 249 3822 3824
f 970 3823 3822
f 969 3824 3823
f 3822 3823 3824
f 968 3820 3817
f 969 3823 3820
f 970 3817 3823
f 3820 3823 3817
f 66 3825 3827
f 971 3826 3825
f 973 3827 3826
f 3825 3826 3827
f 251 3828 3830
f 972 3829 3828
f 971 3830 3829
f 3828 3829 3830
f 250 3831 3833
f 973 3832 3831
f 972 3833 3832
f 3831 3832 3833
f 971 3829 3826
f 972 3832 3829
f 973 3826 3832
f 3829 3832 3826
f 249 3824 3810
f 969 3834 3824
f 966 3810 3834
f 3824 3834 3810
f 250 3833 3819
f 972 3835 3833
f 969 3819 3835
f 3833 3835 3819
f 251 3815 3828
f 966 3836 3815
f 972 3828 3836
f 3815 3836 3828
f 969 3835 3834
f 972 3836 3835
f 966 3834 3836
f 3835 3836 3834
f 60 3798 3762
f 964 3837 3798
f 953 3762 3837
f 3798 3837 3762
f 248 3838 3801
f 974 3839 3838
f 964 3801 3839
f 3838 3839 3801
f 245 3766 3841
f 953 3840 3766
f 974 3841 3840
f 3766 3840 3841
f 964 3839 3837
f 974 3840 3839
f 953 3837 3840
f 3839 3840 3837
f 66 3827 3788
f 973 3842 3827
f 960 3788 3842
f 3827 3842 3788
f 250 3843 3831
f 975 3844 3843
f 973 3831 3844
f 3843 3844 3831
f 248 3793 3846
f 960 3845 3793
f 975 3846 3845
f 3793 3845 3846
f 973 3844 3842
f 975 3845 3844
f 960 3842 3845
f 3844 3845 3842
f 67 3771 3816
f 957 3847 3771
f 968 3816 3847
f 3771 3847 3816
f 245 3848 3775
f 976 3849 3848
f 957 3775 3849
f 3848 3849 3775
f 250 3821 3851
f 968 3850 3821
f 976 3851 3850
f 3821 3850 3851
f 957 3849 3847
f 976 3850 3849
f 968 3847 3850
f 3849 3850 3847
f 248 3846 3838
f 975 3852 3846
f 974 3838 3852
f 3846 3852 3838
f 250 3851 3843
f 976 3853 3851
f 975 3843 3853
f 3851 3853 3843
f 245 3841 3848
f 974 3854 3841
f 976 3848 3854
f 3841 3854 3848
f 975 3853 3852
f 976 3854 3853
f 974 3852 3854
f 3853 3854 3852
f 8 3855 3563
f 977 3856 3855
f 903 3563 3856
f 3855 3856 3563
f 252 3857 3859
f 978 3858 3857
f 977 3859 3858
f 3857 3858 3859
f 233 3568 3861
f 903 3860 3568
f 978 3861 3860
f 3568 3860 3861
f 977 3858 3856
f 978 3860 3858
f 903 3856 3860
f 3858 3860 3856
f 68 3862 3864
f 979 3863 3862
f 981 3864 3863
f 3862 3863 3864
f 253 3865 3867
f 980 3866 3865
f 979 3867 3866
f 3865 3866 3867
f 252 3868 3870
f 981 3869 3868
f 980 3870 3869
f 3868 3869 3870
f 979 3866 3863
f 980 3869 3866
f 981 3863 3869
f 3866 3869 3863
f 63 3574 3872
f 908 3871 3574
f 983 3872 3871
f 3574 3871 3872
f 233 3873 3578
f 982 3874 3873
f 908 3578 3874
f 3873 3874 3578
f 253 3875 3877
f 983 3876 3875
f 982 3877 3876
f 3875 3876 3877
f 908 3874 3871
f 982 3876 3874
f 983 3871 3876
f 3874 3876 3871
f 252 3870 3857
f 980 3878 3870
f 978 3857 3878
f 3870 3878 3857
f 253 3877 3865
f 982 3879 3877
f 980 3865 3879
f 3877 3879 3865
f 233 3861 3873
f 978 3880 3861
f 982 3873 3880
f 3861 3880 3873
f 980 3879 3878
f 982 3880 3879
f 978 3878 3880
f 3879 3880 3878
f 20 3881 3883
f 984 3882 3881
f 986 3883 3882
f 3881 3882 3883
f 254 3884 3886
f 985 3885 3884
f 984 3886 3885
f 3884 3885 3886
f 256 3887 3889
f 986 3888 3887
f 985 3889 3888
f 3887 3888 3889
f 984 3885 3882
f 985 3888 3885
f 986 3882 3888
f 3885 3888 3882
f 69 3890 3892
f 987 3891 3890
f 989 3892 3891
f 3890 3891 3892
f 255 3893 3895
f 988 3894 3893
f 987 3895 3894
f 3893 3894 3895
f 254 3896 3898
f 989 3897 3896
f 988 3898 3897
f 3896 3897 3898
f 987 3894 3891
f 988 3897 3894
f 989 3891 3897
f 3894 3897 3891
f 68 3899 3901
f 990 3900 3899
f 992 3901 3900
f 3899 3900 3901
f 256 3902 3904
f 991 3903 3902
f 990 3904 3903
f 3902 3903 3904
f 255 3905 3907
f 992 3906 3905
f 991 3907 3906
f 3905 3906 3907
f 990 3903 3900
f 991 3906 3903
f 992 3900 3906
f 3903 3906 3900
f 254 3898 3884
f 988 3908 3898
f 985 3884 3908
f 3898 3908 3884
f 255 3907 3893
f 991 3909 3907
f 988 3893 3909
f 3907 3909 3893
f 256 3889 3902
f 985 3910 3889
f 991 3902 3910
f 3889 3910 3902
f 988 3909 3908
f 991 3910 3909
f 985 3908 3910
f 3909 3910 3908
f 19 3595 3912
f 914 3911 3595
f 994 3912 3911
f 3595 3911 3912
f 238 3913 3599
f 993 3914 3913
f 914 3599 3914
f 3913 3914 3599
f 258 3915 3917
f 994 3916 3915
f 993 3917 3916
f 3915 3916 3917
f 914 3914 3911
f 993 3916 3914
f 994 3911 3916
f 3914 3916 3911
f 63 3918 3611
f 995 3919 3918
f 918 3611 3919
f 3918 3919 3611
f 257 3920 3922
f 996 3921 3920
f 995 3922 3921
f 3920 3921 3922
f 238 3616 3924
f 918 3923 3616
f 996 3924 3923
f 3616 3923 3924
f 995 3921 3919
f 996 3923 3921
f 918 3919 3923
f 3921 3923 3919
f 69 3925 3927
f 997 3926 3925
f 999 3927 3926
f 3925 3926 3927
f 258 3928 3930
f 998 3929 3928
f 997 3930 3929
f 3928 3929 3930
f 257 3931 3933
f 999 3932 3931
f 998 3933 3932
f 3931 3932 3933
f 997 3929 3926
f 998 3932 3929
f 999 3926 3932
f 3929 3932 3926
f 238 3924 3913
f 996 3934 3924
f 993 3913 3934
f 3924 3934 3913
f 257 3933 3920
f 998 3935 3933
f 996 3920 3935
f 3933 3935 3920
f 258 3917 3928
f 993 3936 3917
f 998 3928 3936
f 3917 3936 3928
f 996 3935 3934
f 998 3936 3935
f 993 3934 3936
f 3935 3936 3934
f 68 3901 3862
f 992 3937 3901
f 979 3862 3937
f 3901 3937 3862
f 255 3938 3905
f 1000 3939 3938
f 992 3905 3939
f 3938 3939 3905
f 253 3867 3941
f 979 3940 3867
f 1000 3941 3940
f 3867 3940 3941
f 992 3939 3937
f 1000 3940 3939
f 979 3937 3940
f 3939 3940 3937
f 69 3927 3890
f 999 3942 3927
f 987 3890 3942
f 3927 3942 3890
f 257 3943 3931
f 1001 3944 3943
f 999 3931 3944
f 3943 3944 3931
f 255 3895 3946
f 987 3945 3895
f 1001 3946 3945
f 3895 3945 3946
f 999 3944 3942
f 1001 3945 3944
f 987 3942 3945
f 3944 3945 3942
f 63 3872 3918
f 983 3947 3872
f 995 3918 3947
f 3872 3947 3918
f 253 3948 3875
f 1002 3949 3948
f 983 3875 3949
f 3948 3949 3875
f 257 3922 3951
f 995 3950 3922
f 1002 3951 3950
f 3922 3950 3951
f 983 3949 3947
f 1002 3950 3949
f 995 3947 3950
f 3949 3950 3947
f 255 3946 3938
f 1001 3952 3946
f 1000 3938 3952
f 3946 3952 3938
f 257 3951 3943
f 1002 3953 3951
f 1001 3943 3953
f 3951 3953 3943
f 253 3941 3948
f 1000 3954 3941
f 1002 3948 3954
f 3941 3954 3948
f 1001 3953 3952
f 1002 3954 3953
f 1000 3952 3954
f 3953 3954 3952
f 11 3955 3957
f 1003 3956 3955
f 1005 3957 3956
f 3955 3956 3957
f 259 3958 3960
f 1004 3959 3958
f 1003 3960 3959
f 3958 3959 3960
f 261 3961 3963
f 1005 3962 3961
f 1004 3963 3962
f 3961 3962 3963
f 1003 3959 3956
f 1004 3962 3959
f 1005 3956 3962
f 3959 3962 3956
f 70 3964 3966
f 1006 3965 3964
f 1008 3966 3965
f 3964 3965 3966
f 260 3967 3969
f 1007 3968 3967
f 1006 3969 3968
f 3967 3968 3969
f 259 3970 3972
f 1008 3971 3970
f 1007 3972 3971
f 3970 3971 3972
f 1006 3968 3965
f 1007 3971 3968
f 1008 3965 3971
f 3968 3971 3965
f 72 3973 3975
f 1009 3974 3973
f 1011 3975 3974
f 3973 3974 3975
f 261 3976 3978
f 1010 3977 3976
f 1009 3978 3977
f 3976 3977 3978
f 260 3979 3981
f 1011 3980 3979
f 1010 3981 3980
f 3979 3980 3981
f 1009 3977 3974
f 1010 3980 3977
f 1011 3974 3980
f 3977 3980 3974
f 259 3972 3958
f 1007 3982 3972
f 1004 3958 3982
f 3972 3982 3958
f 260 3981 3967
f 1010 3983 3981
f 1007 3967 3983
f 3981 3983 3967
f 261 3963 3976
f 1004 3984 3963
f 1010 3976 3984
f 3963 3984 3976
f 1007 3983 3982
f 1010 3984 3983
f 1004 3982 3984
f 3983 3984 3982
f 21 3985 3987
f 1012 3986 3985
f 1014 3987 3986
f 3985 3986 3987
f 262 3988 3990
f 1013 3989 3988
f 1012 3990 3989
f 3988 3989 3990
f 264 3991 3993
f 1014 3992 3991
f 1013 3993 3992
f 3991 3992 3993
f 1012 3989 3986
f 1013 3992 3989
f 1014 3986 3992
f 3989 3992 3986
f 71 3994 3996
f 1015 3995 3994
f 1017 3996 3995
f 3994 3995 3996
f 263 3997 3999
f 1016 3998 3997
f 1015 3999 3998
f 3997 3998 3999
f 262 4000 4002
f 1017 4001 4000
f 1016 4002 4001
f 4000 4001 4002
f 1015 3998 3995
f 1016 4001 3998
f 1017 3995 4001
f 3998 4001 3995
f 70 4003 4005
f 1018 4004 4003
f 1020 4005 4004
f 4003 4004 4005
f 264 4006 4008
f 1019 4007 4006
f 1018 4008 4007
f 4006 4007 4008
f 263 4009 4011
f 1020 4010 4009
f 1019 4011 4010
f 4009 4010 4011
f 1018 4007 4004
f 1019 4010 4007
f 1020 4004 4010
f 4007 4010 4004
f 262 4002 3988
f 1016 4012 4002
f 1013 3988 4012
f 4002 4012 3988
f 263 4011 3997
f 1019 4013 4011
f 1016 3997 4013
f 4011 4013 3997
f 264 3993 4006
f 1013 4014 3993
f 1019 4006 4014
f 3993 4014 4006
f 1016 4013 4012
f 1019 4014 4013
f 1013 4012 4014
f 4013 4014 4012
f 20 4015 4017
f 1021 4016 4015
f 1023 4017 4016
f 4015 4016 4017
f 265 4018 4020
f 1022 4019 4018
f 1021 4020 4019
f 4018 4019 4020
f 267 4021 4023
f 1023 4022 4021
f 1022 4023 4022
f 4021 4022 4023
f 1021 4019 4016
f 1022 4022 4019
f 1023 4016 4022
f 4019 4022 4016
f 72 4024 4026
f 1024 4025 4024
f 1026 4026 4025
f 4024 4025 4026
f 266 4027 4029
f 1025 4028 4027
f 1024 4029 4028
f 4027 4028 4029
f 265 4030 4032
f 1026 4031 4030
f 1025 4032 4031
f 4030 4031 4032
f 1024 4028 4025
f 1025 4031 4028
f 1026 4025 4031
f 4028 4031 4025
f 71 4033 4035
f 1027 4034 4033
f 1029 4035 4034
f 4033 4034 4035
f 267 4036 4038
f 1028 4037 4036
f 1027 4038 4037
f 4036 4037 4038
f 266 4039 4041
f 1029 4040 4039
f 1028 4041 4040
f 4039 4040 4041
f 1027 4037 4034
f 1028 4040 4037
f 1029 4034 4040
f 4037 4040 4034
f 265 4032 4018
f 1025 4042 4032
f 1022 4018 4042
f 4032 4042 4018
f 266 4041 4027
f 1028 4043 4041
f 1025 4027 4043
f 4041 4043 4027
f 267 4023 4036
f 1022 4044 4023
f 1028 4036 4044
f 4023 4044 4036
f 1025 4043 4042
f 1028 4044 4043
f 1022 4042 4044
f 4043 4044 4042
f 70 4005 3964
f 1020 4045 4005
f 1006 3964 4045
f 4005 4045 3964
f 263 4046 4009
f 1030 4047 4046
f 1020 4009 4047
f 4046 4047 4009
f 260 3969 4049
f 1006 4048 3969
f 1030 4049 4048
f 3969 4048 4049
f 1020 4047 4045
f 1030 4048 4047
f 1006 4045 4048
f 4047 4048 4045
f 71 4035 3994
f 1029 4050 4035
f 1015 3994 4050
f 4035 4050 3994
f 266 4051 4039
f 1031 4052 4051
f 1029 4039 4052
f 4051 4052 4039
f 263 3999 4054
f 1015 4053 3999
f 1031 4054 4053
f 3999 4053 4054
f 1029 4052 4050
f 1031 4053 4052
f 1015 4050 4053
f 4052 4053 4050
f 72 3975 4024
f 1011 4055 3975
f 1024 4024 4055
f 3975 4055 4024
f 260 4056 3979
f 1032 4057 4056
f 1011 3979 4057
f 4056 4057 3979
f 266 4029 4059
f 1024 4058 4029
f 1032 4059 4058
f 4029 4058 4059
f 1011 4057 4055
f 1032 4058 4057
f 1024 4055 4058
f 4057 4058 4055
f 263 4054 4046
f 1031 4060 4054
f 1030 4046 4060
f 4054 4060 4046
f 266 4059 4051
f 1032 4061 4059
f 1031 4051 4061
f 4059 4061 4051
f 260 4049 4056
f 1030 4062 4049
f 1032 4056 4062
f 4049 4062 4056
f 1031 4061 4060
f 1032 4062 4061
f 1030 4060 4062
f 4061 4062 4060
f 19 3912 3781
f 994 4063 3912
f 958 3781 4063
f 3912 4063 3781
f 258 4064 3915
f 1033 4065 4064
f 994 3915 4065
f 4064 4065 3915
f 247 3785 4067
f 958 4066 3785
f 1033 4067 4066
f 3785 4066 4067
f 994 4065 4063
f 1033 4066 4065
f 958 4063 4066
f 4065 4066 4063
f 69 4068 3925
f 1034 4069 4068
f 997 3925 4069
f 4068 4069 3925
f 268 4070 4072
f 1035 4071 4070
f 1034 4072 4071
f 4070 4071 4072
f 258 3930 4074
f 997 4073 3930
f 1035 4074 4073
f 3930 4073 4074
f 1034 4071 4069
f 1035 4073 4071
f 997 4069 4073
f 4071 4073 4069
f 66 3790 4076
f 962 4075 3790
f 1037 4076 4075
f 3790 4075 4076
f 247 4077 3794
f 1036 4078 4077
f 962 3794 4078
f 4077 4078 3794
f 268 4079 4081
f 1037 4080 4079
f 1036 4081 4080
f 4079 4080 4081
f 962 4078 4075
f 1036 4080 4078
f 1037 4075 4080
f 4078 4080 4075
f 258 4074 4064
f 1035 4082 4074
f 1033 4064 4082
f 4074 4082 4064
f 268 4081 4070
f 1036 4083 4081
f 1035 4070 4083
f 4081 4083 4070
f 247 4067 4077
f 1033 4084 4067
f 1036 4077 4084
f 4067 4084 4077
f 1035 4083 4082
f 1036 4084 4083
f 1033 4082 4084
f 4083 4084 4082
f 20 4017 3881
f 1023 4085 4017
f 984 3881 4085
f 4017 4085 3881
f 267 4086 4021
f 1038 4087 4086
f 1023 4021 4087
f 4086 4087 4021
f 254 3886 4089
f 984 4088 3886
f 1038 4089 4088
f 3886 4088 4089
f 1023 4087 4085
f 1038 4088 4087
f 984 4085 4088
f 4087 4088 4085
f 71 4090 4033
f 1039 4091 4090
f 1027 4033 4091
f 4090 4091 4033
f 269 4092 4094
f 1040 4093 4092
f 1039 4094 4093
f 4092 4093 4094
f 267 4038 4096
f 1027 4095 4038
f 1040 4096 4095
f 4038 4095 4096
f 1039 4093 4091
f 1040 4095 4093
f 1027 4091 4095
f 4093 4095 4091
f 69 3892 4098
f 989 4097 3892
f 1042 4098 4097
f 3892 4097 4098
f 254 4099 3896
f 1041 4100 4099
f 989 3896 4100
f 4099 4100 3896
f 269 4101 4103
f 1042 4102 4101
f 1041 4103 4102
f 4101 4102 4103
f 989 4100 4097
f 1041 4102 4100
f 1042 4097 4102
f 4100 4102 4097
f 267 4096 4086
f 1040 4104 4096
f 1038 4086 4104
f 4096 4104 4086
f 269 4103 4092
f 1041 4105 4103
f 1040 4092 4105
f 4103 4105 4092
f 254 4089 4099
f 1038 4106 4089
f 1041 4099 4106
f 4089 4106 4099
f 1040 4105 4104
f 1041 4106 4105
f 1038 4104 4106
f 4105 4106 4104
f 21 3809 3985
f 967 4107 3809
f 1012 3985 4107
f 3809 4107 3985
f 251 4108 3813
f 1043 4109 4108
f 967 3813 4109
f 4108 4109 3813
f 262 3990 4111
f 1012 4110 3990
f 1043 4111 4110
f 3990 4110 4111
f 967 4109 4107
f 1043 4110 4109
f 1012 4107 4110
f 4109 4110 4107
f 66 4112 3825
f 1044 4113 4112
f 971 3825 4113
f 4112 4113 3825
f 270 4114 4116
f 1045 4115 4114
f 1044 4116 4115
f 4114 4115 4116
f 251 3830 4118
f 971 4117 3830
f 1045 4118 4117
f 3830 4117 4118
f 1044 4115 4113
f 1045 4117 4115
f 971 4113 4117
f 4115 4117 4113
f 71 3996 4120
f 1017 4119 3996
f 1047 4120 4119
f 3996 4119 4120
f 262 4121 4000
f 1046 4122 4121
f 1017 4000 4122
f 4121 4122 4000
f 270 4123 4125
f 1047 4124 4123
f 1046 4125 4124
f 4123 4124 4125
f 1017 4122 4119
f 1046 4124 4122
f 1047 4119 4124
f 4122 4124 4119
f 251 4118 4108
f 1045 4126 4118
f 1043 4108 4126
f 4118 4126 4108
f 270 4125 4114
f 1046 4127 4125
f 1045 4114 4127
f 4125 4127 4114
f 262 4111 4121
f 1043 4128 4111
f 1046 4121 4128
f 4111 4128 4121
f 1045 4127 4126
f 1046 4128 4127
f 1043 4126 4128
f 4127 4128 4126
f 69 4098 4068
f 1042 4129 4098
f 1034 4068 4129
f 4098 4129 4068
f 269 4130 4101
f 1048 4131 4130
f 1042 4101 4131
f 4130 4131 4101
f 268 4072 4133
f 1034 4132 4072
f 1048 4133 4132
f 4072 4132 4133
f 1042 4131 4129
f 1048 4132 4131
f 1034 4129 4132
f 4131 4132 4129
f 71 4120 4090
f 1047 4134 4120
f 1039 4090 4134
f 4120 4134 4090
f 270 4135 4123
f 1049 4136 4135
f 1047 4123 4136
f 4135 4136 4123
f 269 4094 4138
f 1039 4137 4094
f 1049 4138 4137
f 4094 4137 4138
f 1047 4136 4134
f 1049 4137 4136
f 1039 4134 4137
f 4136 4137 4134
f 66 4076 4112
f 1037 4139 4076
f 1044 4112 4139
f 4076 4139 4112
f 268 4140 4079
f 1050 4141 4140
f 1037 4079 4141
f 4140 4141 4079
f 270 4116 4143
f 1044 4142 4116
f 1050 4143 4142
f 4116 4142 4143
f 1037 4141 4139
f 1050 4142 4141
f 1044 4139 4142
f 4141 4142 4139
f 269 4138 4130
f 1049 4144 4138
f 1048 4130 4144
f 4138 4144 4130
f 270 4143 4135
f 1050 4145 4143
f 1049 4135 4145
f 4143 4145 4135
f 268 4133 4140
f 1048 4146 4133
f 1050 4140 4146
f 4133 4146 4140
f 1049 4145 4144
f 1050 4146 4145
f 1048 4144 4146
f 4145 4146 4144
f 1 3756 2563
f 952 4147 3756
f 643 2563 4147
f 3756 4147 2563
f 246 4148 3759
f 1051 4149 4148
f 952 3759 4149
f 4148 4149 3759
f 163 2568 4151
f 643 4150 2568
f 1051 4151 4150
f 2568 4150 4151
f 952 4149 4147
f 1051 4150 4149
f 643 4147 4150
f 4149 4150 4147
f 67 4152 3769
f 1052 4153 4152
f 955 3769 4153
f 4152 4153 3769
f 271 4154 4156
f 1053 4155 4154
f 1052 4156 4155
f 4154 4155 4156
f 246 3774 4158
f 955 4157 3774
f 1053 4158 4157
f 3774 4157 4158
f 1052 4155 4153
f 1053 4157 4155
f 955 4153 4157
f 4155 4157 4153
f 43 2574 4160
f 648 4159 2574
f 1055 4160 4159
f 2574 4159 4160
f 163 4161 2578
f 1054 4162 4161
f 648 2578 4162
f 4161 4162 2578
f 271 4163 4165
f 1055 4164 4163
f 1054 4165 4164
f 4163 4164 4165
f 648 4162 4159
f 1054 4164 4162
f 1055 4159 4164
f 4162 4164 4159
f 246 4158 4148
f 1053 4166 4158
f 1051 4148 4166
f 4158 4166 4148
f 271 4165 4154
f 1054 4167 4165
f 1053 4154 4167
f 4165 4167 4154
f 163 4151 4161
f 1051 4168 4151
f 1054 4161 4168
f 4151 4168 4161
f 1053 4167 4166
f 1054 4168 4167
f 1051 4166 4168
f 4167 4168 4166
f 21 4169 3807
f 1056 4170 4169
f 965 3807 4170
f 4169 4170 3807
f 272 4171 4173
f 1057 4172 4171
f 1056 4173 4172
f 4171 4172 4173
f 249 3812 4175
f 965 4174 3812
f 1057 4175 4174
f 3812 4174 4175
f 1056 4172 4170
f 1057 4174 4172
f 965 4170 4174
f 4172 4174 4170
f 73 4176 4178
f 1058 4177 4176
f 1060 4178 4177
f 4176 4177 4178
f 273 4179 4181
f 1059 4180 4179
f 1058 4181 4180
f 4179 4180 4181
f 272 4182 4184
f 1060 4183 4182
f 1059 4184 4183
f 4182 4183 4184
f 1058 4180 4177
f 1059 4183 4180
f 1060 4177 4183
f 4180 4183 4177
f 67 3818 4186
f 970 4185 3818
f 1062 4186 4185
f 3818 4185 4186
f 249 4187 3822
f 1061 4188 4187
f 970 3822 4188
f 4187 4188 3822
f 273 4189 4191
f 1062 4190 4189
f 1061 4191 4190
f 4189 4190 4191
f 970 4188 4185
f 1061 4190 4188
f 1062 4185 4190
f 4188 4190 4185
f 272 4184 4171
f 1059 4192 4184
f 1057 4171 4192
f 4184 4192 4171
f 273 4191 4179
f 1061 4193 4191
f 1059 4179 4193
f 4191 4193 4179
f 249 4175 4187
f 1057 4194 4175
f 1061 4187 4194
f 4175 4194 4187
f 1059 4193 4192
f 1061 4194 4193
f 1057 4192 4194
f 4193 4194 4192
f 13 2595 4196
f 654 4195 2595
f 1064 4196 4195
f 2595 4195 4196
f 168 4197 2599
f 1063 4198 4197
f 654 2599 4198
f 4197 4198 2599
f 275 4199 4201
f 1064 4200 4199
f 1063 4201 4200
f 4199 4200 4201
f 654 4198 4195
f 1063 4200 4198
f 1064 4195 4200
f 4198 4200 4195
f 43 4202 2611
f 1065 4203 4202
f 658 2611 4203
f 4202 4203 2611
f 274 4204 4206
f 1066 4205 4204
f 1065 4206 4205
f 4204 4205 4206
f 168 2616 4208
f 658 4207 2616
f 1066 4208 4207
f 2616 4207 4208
f 1065 4205 4203
f 1066 4207 4205
f 658 4203 4207
f 4205 4207 4203
f 73 4209 4211
f 1067 4210 4209
f 1069 4211 4210
f 4209 4210 4211
f 275 4212 4214
f 1068 4213 4212
f 1067 4214 4213
f 4212 4213 4214
f 274 4215 4217
f 1069 4216 4215
f 1068 4217 4216
f 4215 4216 4217
f 1067 4213 4210
f 1068 4216 4213
f 1069 4210 4216
f 4213 4216 4210
f 168 4208 4197
f 1066 4218 4208
f 1063 4197 4218
f 4208 4218 4197
f 274 4217 4204
f 1068 4219 4217
f 1066 4204 4219
f 4217 4219 4204
f 275 4201 4212
f 1063 4220 4201
f 1068 4212 4220
f 4201 4220 4212
f 1066 4219 4218
f 1068 4220 4219
f 1063 4218 4220
f 4219 4220 4218
f 67 4186 4152
f 1062 4221 4186
f 1052 4152 4221
f 4186 4221 4152
f 273 4222 4189
f 1070 4223 4222
f 1062 4189 4223
f 4222 4223 4189
f 271 4156 4225
f 1052 4224 4156
f 1070 4225 4224
f 4156 4224 4225
f 1062 4223 4221
f 1070 4224 4223
f 1052 4221 4224
f 4223 4224 4221
f 73 4211 4176
f 1069 4226 4211
f 1058 4176 4226
f 4211 4226 4176
f 274 4227 4215
f 1071 4228 4227
f 1069 4215 4228
f 4227 4228 4215
f 273 4181 4230
f 1058 4229 4181
f 1071 4230 4229
f 4181 4229 4230
f 1069 4228 4226
f 1071 4229 4228
f 1058 4226 4229
f 4228 4229 4226
f 43 4160 4202
f 1055 4231 4160
f 1065 4202 4231
f 4160 4231 4202
f 271 4232 4163
f 1072 4233 4232
f 1055 4163 4233
f 4232 4233 4163
f 274 4206 4235
f 1065 4234 4206
f 1072 4235 4234
f 4206 4234 4235
f 1055 4233 4231
f 1072 4234 4233
f 1065 4231 4234
f 4233 4234 4231
f 273 4230 4222
f 1071 4236 4230
f 1070 4222 4236
f 4230 4236 4222
f 274 4235 4227
f 1072 4237 4235
f 1071 4227 4237
f 4235 4237 4227
f 271 4225 4232
f 1070 4238 4225
f 1072 4232 4238
f 4225 4238 4232
f 1071 4237 4236
f 1072 4238 4237
f 1070 4236 4238
f 4237 4238 4236
f 11 4239 3955
f 1073 4240 4239
f 1003 3955 4240
f 4239 4240 3955
f 276 4241 4243
f 1074 4242 4241
f 1073 4243 4242
f 4241 4242 4243
f 259 3960 4245
f 1003 4244 3960
f 1074 4245 4244
f 3960 4244 4245
f 1073 4242 4240
f 1074 4244 4242
f 1003 4240 4244
f 4242 4244 4240
f 74 4246 4248
f 1075 4247 4246
f 1077 4248 4247
f 4246 4247 4248
f 277 4249 4251
f 1076 4250 4249
f 1075 4251 4250
f 4249 4250 4251
f 276 4252 4254
f 1077 4253 4252
f 1076 4254 4253
f 4252 4253 4254
f 1075 4250 4247
f 1076 4253 4250
f 1077 4247 4253
f 4250 4253 4247
f 70 3966 4256
f 1008 4255 3966
f 1079 4256 4255
f 3966 4255 4256
f 259 4257 3970
f 1078 4258 4257
f 1008 3970 4258
f 4257 4258 3970
f 277 4259 4261
f 1079 4260 4259
f 1078 4261 4260
f 4259 4260 4261
f 1008 4258 4255
f 1078 4260 4258
f 1079 4255 4260
f 4258 4260 4255
f 276 4254 4241
f 1076 4262 4254
f 1074 4241 4262
f 4254 4262 4241
f 277 4261 4249
f 1078 4263 4261
f 1076 4249 4263
f 4261 4263 4249
f 259 4245 4257
f 1074 4264 4245
f 1078 4257 4264
f 4245 4264 4257
f 1076 4263 4262
f 1078 4264 4263
f 1074 4262 4264
f 4263 4264 4262
f 22 4265 4267
f 1080 4266 4265
f 1082 4267 4266
f 4265 4266 4267
f 278 4268 4270
f 1081 4269 4268
f 1080 4270 4269
f 4268 4269 4270
f 280 4271 4273
f 1082 4272 4271
f 1081 4273 4272
f 4271 4272 4273
f 1080 4269 4266
f 1081 4272 4269
f 1082 4266 4272
f 4269 4272 4266
f 75 4274 4276
f 1083 4275 4274
f 1085 4276 4275
f 4274 4275 4276
f 279 4277 4279
f 1084 4278 4277
f 1083 4279 4278
f 4277 4278 4279
f 278 4280 4282
f 1085 4281 4280
f 1084 4282 4281
f 4280 4281 4282
f 1083 4278 4275
f 1084 4281 4278
f 1085 4275 4281
f 4278 4281 4275
f 74 4283 4285
f 1086 4284 4283
f 1088 4285 4284
f 4283 4284 4285
f 280 4286 4288
f 1087 4287 4286
f 1086 4288 4287
f 4286 4287 4288
f 279 4289 4291
f 1088 4290 4289
f 1087 4291 4290
f 4289 4290 4291
f 1086 4287 4284
f 1087 4290 4287
f 1088 4284 4290
f 4287 4290 4284
f 278 4282 4268
f 1084 4292 4282
f 1081 4268 4292
f 4282 4292 4268
f 279 4291 4277
f 1087 4293 4291
f 1084 4277 4293
f 4291 4293 4277
f 280 4273 4286
f 1081 4294 4273
f 1087 4286 4294
f 4273 4294 4286
f 1084 4293 4292
f 1087 4294 4293
f 1081 4292 4294
f 4293 4294 4292
f 21 3987 4296
f 1014 4295 3987
f 1090 4296 4295
f 3987 4295 4296
f 264 4297 3991
f 1089 4298 4297
f 1014 3991 4298
f 4297 4298 3991
f 282 4299 4301
f 1090 4300 4299
f 1089 4301 4300
f 4299 4300 4301
f 1014 4298 4295
f 1089 4300 4298
f 1090 4295 4300
f 4298 4300 4295
f 70 4302 4003
f 1091 4303 4302
f 1018 4003 4303
f 4302 4303 4003
f 281 4304 4306
f 1092 4305 4304
f 1091 4306 4305
f 4304 4305 4306
f 264 4008 4308
f 1018 4307 4008
f 1092 4308 4307
f 4008 4307 4308
f 1091 4305 4303
f 1092 4307 4305
f 1018 4303 4307
f 4305 4307 4303
f 75 4309 4311
f 1093 4310 4309
f 1095 4311 4310
f 4309 4310 4311
f 282 4312 4314
f 1094 4313 4312
f 1093 4314 4313
f 4312 4313 4314
f 281 4315 4317
f 1095 4316 4315
f 1094 4317 4316
f 4315 4316 4317
f 1093 4313 4310
f 1094 4316 4313
f 1095 4310 4316
f 4313 4316 4310
f 264 4308 4297
f 1092 4318 4308
f 1089 4297 4318
f 4308 4318 4297
f 281 4317 4304
f 1094 4319 4317
f 1092 4304 4319
f 4317 4319 4304
f 282 4301 4312
f 1089 4320 4301
f 1094 4312 4320
f 4301 4320 4312
f 1092 4319 4318
f 1094 4320 4319
f 1089 4318 4320
f 4319 4320 4318
f 74 4285 4246
f 1088 4321 4285
f 1075 4246 4321
f 4285 4321 4246
f 279 4322 4289
f 1096 4323 4322
f 1088 4289 4323
f 4322 4323 4289
f 277 4251 4325
f 1075 4324 4251
f 1096 4325 4324
f 4251 4324 4325
f 1088 4323 4321
f 1096 4324 4323
f 1075 4321 4324
f 4323 4324 4321
f 75 4311 4274
f 1095 4326 4311
f 1083 4274 4326
f 4311 4326 4274
f 281 4327 4315
f 1097 4328 4327
f 1095 4315 4328
f 4327 4328 4315
f 279 4279 4330
f 1083 4329 4279
f 1097 4330 4329
f 4279 4329 4330
f 1095 4328 4326
f 1097 4329 4328
f 1083 4326 4329
f 4328 4329 4326
f 70 4256 4302
f 1079 4331 4256
f 1091 4302 4331
f 4256 4331 4302
f 277 4332 4259
f 1098 4333 4332
f 1079 4259 4333
f 4332 4333 4259
f 281 4306 4335
f 1091 4334 4306
f 1098 4335 4334
f 4306 4334 4335
f 1079 4333 4331
f 1098 4334 4333
f 1091 4331 4334
f 4333 4334 4331
f 279 4330 4322
f 1097 4336 4330
f 1096 4322 4336
f 4330 4336 4322
f 281 4335 4327
f 1098 4337 4335
f 1097 4327 4337
f 4335 4337 4327
f 277 4325 4332
f 1096 4338 4325
f 1098 4332 4338
f 4325 4338 4332
f 1097 4337 4336
f 1098 4338 4337
f 1096 4336 4338
f 4337 4338 4336
f 12 2673 4340
f 675 4339 2673
f 1100 4340 4339
f 2673 4339 4340
f 174 4341 2677
f 1099 4342 4341
f 675 2677 4342
f 4341 4342 2677
f 284 4343 4345
f 1100 4344 4343
f 1099 4345 4344
f 4343 4344 4345
f 675 4342 4339
f 1099 4344 4342
f 1100 4339 4344
f 4342 4344 4339
f 48 4346 2689
f 1101 4347 4346
f 679 2689 4347
f 4346 4347 2689
f 283 4348 4350
f 1102 4349 4348
f 1101 4350 4349
f 4348 4349 4350
f 174 2694 4352
f 679 4351 2694
f 1102 4352 4351
f 2694 4351 4352
f 1101 4349 4347
f 1102 4351 4349
f 679 4347 4351
f 4349 4351 4347
f 77 4353 4355
f 1103 4354 4353
f 1105 4355 4354
f 4353 4354 4355
f 284 4356 4358
f 1104 4357 4356
f 1103 4358 4357
f 4356 4357 4358
f 283 4359 4361
f 1105 4360 4359
f 1104 4361 4360
f 4359 4360 4361
f 1103 4357 4354
f 1104 4360 4357
f 1105 4354 4360
f 4357 4360 4354
f 174 4352 4341
f 1102 4362 4352
f 1099 4341 4362
f 4352 4362 4341
f 283 4361 4348
f 1104 4363 4361
f 1102 4348 4363
f 4361 4363 4348
f 284 4345 4356
f 1099 4364 4345
f 1104 4356 4364
f 4345 4364 4356
f 1102 4363 4362
f 1104 4364 4363
f 1099 4362 4364
f 4363 4364 4362
f 13 4365 2731
f 1106 4366 4365
f 691 2731 4366
f 4365 4366 2731
f 285 4367 4369
f 1107 4368 4367
f 1106 4369 4368
f 4367 4368 4369
f 178 2736 4371
f 691 4370 2736
f 1107 4371 4370
f 2736 4370 4371
f 1106 4368 4366
f 1107 4370 4368
f 691 4366 4370
f 4368 4370 4366
f 76 4372 4374
f 1108 4373 4372
f 1110 4374 4373
f 4372 4373 4374
f 286 4375 4377
f 1109 4376 4375
f 1108 4377 4376
f 4375 4376 4377
f 285 4378 4380
f 1110 4379 4378
f 1109 4380 4379
f 4378 4379 4380
f 1108 4376 4373
f 1109 4379 4376
f 1110 4373 4379
f 4376 4379 4373
f 48 2742 4382
f 696 4381 2742
f 1112 4382 4381
f 2742 4381 4382
f 178 4383 2746
f 1111 4384 4383
f 696 2746 4384
f 4383 4384 2746
f 286 4385 4387
f 1112 4386 4385
f 1111 4387 4386
f 4385 4386 4387
f 696 4384 4381
f 1111 4386 4384
f 1112 4381 4386
f 4384 4386 4381
f 285 4380 4367
f 1109 4388 4380
f 1107 4367 4388
f 4380 4388 4367
f 286 4387 4375
f 1111 4389 4387
f 1109 4375 4389
f 4387 4389 4375
f 178 4371 4383
f 1107 4390 4371
f 1111 4383 4390
f 4371 4390 4383
f 1109 4389 4388
f 1111 4390 4389
f 1107 4388 4390
f 4389 4390 4388
f 22 4391 4393
f 1113 4392 4391
f 1115 4393 4392
f 4391 4392 4393
f 287 4394 4396
f 1114 4395 4394
f 1113 4396 4395
f 4394 4395 4396
f 289 4397 4399
f 1115 4398 4397
f 1114 4399 4398
f 4397 4398 4399
f 1113 4395 4392
f 1114 4398 4395
f 1115 4392 4398
f 4395 4398 4392
f 77 4400 4402
f 1116 4401 4400
f 1118 4402 4401
f 4400 4401 4402
f 288 4403 4405
f 1117 4404 4403
f 1116 4405 4404
f 4403 4404 4405
f 287 4406 4408
f 1118 4407 4406
f 1117 4408 4407
f 4406 4407 4408
f 1116 4404 4401
f 1117 4407 4404
f 1118 4401 4407
f 4404 4407 4401
f 76 4409 4411
f 1119 4410 4409
f 1121 4411 4410
f 4409 4410 4411
f 289 4412 4414
f 1120 4413 4412
f 1119 4414 4413
f 4412 4413 4414
f 288 4415 4417
f 1121 4416 4415
f 1120 4417 4416
f 4415 4416 4417
f 1119 4413 4410
f 1120 4416 4413
f 1121 4410 4416
f 4413 4416 4410
f 287 4408 4394
f 1117 4418 4408
f 1114 4394 4418
f 4408 4418 4394
f 288 4417 4403
f 1120 4419 4417
f 1117 4403 4419
f 4417 4419 4403
f 289 4399 4412
f 1114 4420 4399
f 1120 4412 4420
f 4399 4420 4412
f 1117 4419 4418
f 1120 4420 4419
f 1114 4418 4420
f 4419 4420 4418
f 48 4382 4346
f 1112 4421 4382
f 1101 4346 4421
f 4382 4421 4346
f 286 4422 4385
f 1122 4423 4422
f 1112 4385 4423
f 4422 4423 4385
f 283 4350 4425
f 1101 4424 4350
f 1122 4425 4424
f 4350 4424 4425
f 1112 4423 4421
f 1122 4424 4423
f 1101 4421 4424
f 4423 4424 4421
f 76 4411 4372
f 1121 4426 4411
f 1108 4372 4426
f 4411 4426 4372
f 288 4427 4415
f 1123 4428 4427
f 1121 4415 4428
f 4427 4428 4415
f 286 4377 4430
f 1108 4429 4377
f 1123 4430 4429
f 4377 4429 4430
f 1121 4428 4426
f 1123 4429 4428
f 1108 4426 4429
f 4428 4429 4426
f 77 4355 4400
f 1105 4431 4355
f 1116 4400 4431
f 4355 4431 4400
f 283 4432 4359
f 1124 4433 4432
f 1105 4359 4433
f 4432 4433 4359
f 288 4405 4435
f 1116 4434 4405
f 1124 4435 4434
f 4405 4434 4435
f 1105 4433 4431
f 1124 4434 4433
f 1116 4431 4434
f 4433 4434 4431
f 286 4430 4422
f 1123 4436 4430
f 1122 4422 4436
f 4430 4436 4422
f 288 4435 4427
f 1124 4437 4435
f 1123 4427 4437
f 4435 4437 4427
f 283 4425 4432
f 1122 4438 4425
f 1124 4432 4438
f 4425 4438 4432
f 1123 4437 4436
f 1124 4438 4437
f 1122 4436 4438
f 4437 4438 4436
f 21 4296 4169
f 1090 4439 4296
f 1056 4169 4439
f 4296 4439 4169
f 282 4440 4299
f 1125 4441 4440
f 1090 4299 4441
f 4440 4441 4299
f 272 4173 4443
f 1056 4442 4173
f 1125 4443 4442
f 4173 4442 4443
f 1090 4441 4439
f 1125 4442 4441
f 1056 4439 4442
f 4441 4442 4439
f 75 4444 4309
f 1126 4445 4444
f 1093 4309 4445
f 4444 4445 4309
f 290 4446 4448
f 1127 4447 4446
f 1126 4448 4447
f 4446 4447 4448
f 282 4314 4450
f 1093 4449 4314
f 1127 4450 4449
f 4314 4449 4450
f 1126 4447 4445
f 1127 4449 4447
f 1093 4445 4449
f 4447 4449 4445
f 73 4178 4452
f 1060 4451 4178
f 1129 4452 4451
f 4178 4451 4452
f 272 4453 4182
f 1128 4454 4453
f 1060 4182 4454
f 4453 4454 4182
f 290 4455 4457
f 1129 4456 4455
f 1128 4457 4456
f 4455 4456 4457
f 1060 4454 4451
f 1128 4456 4454
f 1129 4451 4456
f 4454 4456 4451
f 282 4450 4440
f 1127 4458 4450
f 1125 4440 4458
f 4450 4458 4440
f 290 4457 4446
f 1128 4459 4457
f 1127 4446 4459
f 4457 4459 4446
f 272 4443 4453
f 1125 4460 4443
f 1128 4453 4460
f 4443 4460 4453
f 1127 4459 4458
f 1128 4460 4459
f 1125 4458 4460
f 4459 4460 4458
f 22 4393 4265
f 1115 4461 4393
f 1080 4265 4461
f 4393 4461 4265
f 289 4462 4397
f 1130 4463 4462
f 1115 4397 4463
f 4462 4463 4397
f 278 4270 4465
f 1080 4464 4270
f 1130 4465 4464
f 4270 4464 4465
f 1115 4463 4461
f 1130 4464 4463
f 1080 4461 4464
f 4463 4464 4461
f 76 4466 4409
f 1131 4467 4466
f 1119 4409 4467
f 4466 4467 4409
f 291 4468 4470
f 1132 4469 4468
f 1131 4470 4469
f 4468 4469 4470
f 289 4414 4472
f 1119 4471 4414
f 1132 4472 4471
f 4414 4471 4472
f 1131 4469 4467
f 1132 4471 4469
f 1119 4467 4471
f 4469 4471 4467
f 75 4276 4474
f 1085 4473 4276
f 1134 4474 4473
f 4276 4473 4474
f 278 4475 4280
f 1133 4476 4475
f 1085 4280 4476
f 4475 4476 4280
f 291 4477 4479
f 1134 4478 4477
f 1133 4479 4478
f 4477 4478 4479
f 1085 4476 4473
f 1133 4478 4476
f 1134 4473 4478
f 4476 4478 4473
f 289 4472 4462
f 1132 4480 4472
f 1130 4462 4480
f 4472 4480 4462
f 291 4479 4468
f 1133 4481 4479
f 1132 4468 4481
f 4479 4481 4468
f 278 4465 4475
f 1130 4482 4465
f 1133 4475 4482
f 4465 4482 4475
f 1132 4481 4480
f 1133 4482 4481
f 1130 4480 4482
f 4481 4482 4480
f 13 4196 4365
f 1064 4483 4196
f 1106 4365 4483
f 4196 4483 4365
f 275 4484 4199
f 1135 4485 4484
f 1064 4199 4485
f 4484 4485 4199
f 285 4369 4487
f 1106 4486 4369
f 1135 4487 4486
f 4369 4486 4487
f 1064 4485 4483
f 1135 4486 4485
f 1106 4483 4486
f 4485 4486 4483
f 73 4488 4209
f 1136 4489 4488
f 1067 4209 4489
f 4488 4489 4209
f 292 4490 4492
f 1137 4491 4490
f 1136 4492 4491
f 4490 4491 4492
f 275 4214 4494
f 1067 4493 4214
f 1137 4494 4493
f 4214 4493 4494
f 1136 4491 4489
f 1137 4493 4491
f 1067 4489 4493
f 4491 4493 4489
f 76 4374 4496
f 1110 4495 4374
f 1139 4496 4495
f 4374 4495 4496
f 285 4497 4378
f 1138 4498 4497
f 1110 4378 4498
f 4497 4498 4378
f 292 4499 4501
f 1139 4500 4499
f 1138 4501 4500
f 4499 4500 4501
f 1110 4498 4495
f 1138 4500 4498
f 1139 4495 4500
f 4498 4500 4495
f 275 4494 4484
f 1137 4502 4494
f 1135 4484 4502
f 4494 4502 4484
f 292 4501 4490
f 1138 4503 4501
f 1137 4490 4503
f 4501 4503 4490
f 285 4487 4497
f 1135 4504 4487
f 1138 4497 4504
f 4487 4504 4497
f 1137 4503 4502
f 1138 4504 4503
f 1135 4502 4504
f 4503 4504 4502
f 75 4474 4444
f 1134 4505 4474
f 1126 4444 4505
f 4474 4505 4444
f 291 4506 4477
f 1140 4507 4506
f 1134 4477 4507
f 4506 4507 4477
f 290 4448 4509
f 1126 4508 4448
f 1140 4509 4508
f 4448 4508 4509
f 1134 4507 4505
f 1140 4508 4507
f 1126 4505 4508
f 4507 4508 4505
f 76 4496 4466
f 1139 4510 4496
f 1131 4466 4510
f 4496 4510 4466
f 292 4511 4499
f 1141 4512 4511
f 1139 4499 4512
f 4511 4512 4499
f 291 4470 4514
f 1131 4513 4470
f 1141 4514 4513
f 4470 4513 4514
f 1139 4512 4510
f 1141 4513 4512
f 1131 4510 4513
f 4512 4513 4510
f 73 4452 4488
f 1129 4515 4452
f 1136 4488 4515
f 4452 4515 4488
f 290 4516 4455
f 1142 4517 4516
f 1129 4455 4517
f 4516 4517 4455
f 292 4492 4519
f 1136 4518 4492
f 1142 4519 4518
f 4492 4518 4519
f 1129 4517 4515
f 1142 4518 4517
f 1136 4515 4518
f 4517 4518 4515
f 291 4514 4506
f 1141 4520 4514
f 1140 4506 4520
f 4514 4520 4506
f 292 4519 4511
f 1142 4521 4519
f 1141 4511 4521
f 4519 4521 4511
f 290 4509 4516
f 1140 4522 4509
f 1142 4516 4522
f 4509 4522 4516
f 1141 4521 4520
f 1142 4522 4521
f 1140 4520 4522
f 4521 4522 4520
f 2 3173 4524
f 805 4523 3173
f 1144 4524 4523
f 3173 4523 4524
f 209 4525 3177
f 1143 4526 4525
f 805 3177 4526
f 4525 4526 3177
f 294 4527 4529
f 1144 4528 4527
f 1143 4529 4528
f 4527 4528 4529
f 805 4526 4523
f 1143 4528 4526
f 1144 4523 4528
f 4526 4528 4523
f 58 4530 3189
f 1145 4531 4530
f 809 3189 4531
f 4530 4531 3189
f 293 4532 4534
f 1146 4533 4532
f 1145 4534 4533
f 4532 4533 4534
f 209 3194 4536
f 809 4535 3194
f 1146 4536 4535
f 3194 4535 4536
f 1145 4533 4531
f 1146 4535 4533
f 809 4531 4535
f 4533 4535 4531
f 79 4537 4539
f 1147 4538 4537
f 1149 4539 4538
f 4537 4538 4539
f 294 4540 4542
f 1148 4541 4540
f 1147 4542 4541
f 4540 4541 4542
f 293 4543 4545
f 1149 4544 4543
f 1148 4545 4544
f 4543 4544 4545
f 1147 4541 4538
f 1148 4544 4541
f 1149 4538 4544
f 4541 4544 4538
f 209 4536 4525
f 1146 4546 4536
f 1143 4525 4546
f 4536 4546 4525
f 293 4545 4532
f 1148 4547 4545
f 1146 4532 4547
f 4545 4547 4532
f 294 4529 4540
f 1143 4548 4529
f 1148 4540 4548
f 4529 4548 4540
f 1146 4547 4546
f 1148 4548 4547
f 1143 4546 4548
f 4547 4548 4546
f 16 4549 3231
f 1150 4550 4549
f 821 3231 4550
f 4549 4550 3231
f 295 4551 4553
f 1151 4552 4551
f 1150 4553 4552
f 4551 4552 4553
f 213 3236 4555
f 821 4554 3236
f 1151 4555 4554
f 3236 4554 4555
f 1150 4552 4550
f 1151 4554 4552
f 821 4550 4554
f 4552 4554 4550
f 78 4556 4558
f 1152 4557 4556
f 1154 4558 4557
f 4556 4557 4558
f 296 4559 4561
f 1153 4560 4559
f 1152 4561 4560
f 4559 4560 4561
f 295 4562 4564
f 1154 4563 4562
f 1153 4564 4563
f 4562 4563 4564
f 1152 4560 4557
f 1153 4563 4560
f 1154 4557 4563
f 4560 4563 4557
f 58 3242 4566
f 826 4565 3242
f 1156 4566 4565
f 3242 4565 4566
f 213 4567 3246
f 1155 4568 4567
f 826 3246 4568
f 4567 4568 3246
f 296 4569 4571
f 1156 4570 4569
f 1155 4571 4570
f 4569 4570 4571
f 826 4568 4565
f 1155 4570 4568
f 1156 4565 4570
f 4568 4570 4565
f 295 4564 4551
f 1153 4572 4564
f 1151 4551 4572
f 4564 4572 4551
f 296 4571 4559
f 1155 4573 4571
f 1153 4559 4573
f 4571 4573 4559
f 213 4555 4567
f 1151 4574 4555
f 1155 4567 4574
f 4555 4574 4567
f 1153 4573 4572
f 1155 4574 4573
f 1151 4572 4574
f 4573 4574 4572
f 24 4575 4577
f 1157 4576 4575
f 1159 4577 4576
f 4575 4576 4577
f 297 4578 4580
f 1158 4579 4578
f 1157 4580 4579
f 4578 4579 4580
f 299 4581 4583
f 1159 4582 4581
f 1158 4583 4582
f 4581 4582 4583
f 1157 4579 4576
f 1158 4582 4579
f 1159 4576 4582
f 4579 4582 4576
f 79 4584 4586
f 1160 4585 4584
f 1162 4586 4585
f 4584 4585 4586
f 298 4587 4589
f 1161 4588 4587
f 1160 4589 4588
f 4587 4588 4589
f 297 4590 4592
f 1162 4591 4590
f 1161 4592 4591
f 4590 4591 4592
f 1160 4588 4585
f 1161 4591 4588
f 1162 4585 4591
f 4588 4591 4585
f 78 4593 4595
f 1163 4594 4593
f 1165 4595 4594
f 4593 4594 4595
f 299 4596 4598
f 1164 4597 4596
f 1163 4598 4597
f 4596 4597 4598
f 298 4599 4601
f 1165 4600 4599
f 1164 4601 4600
f 4599 4600 4601
f 1163 4597 4594
f 1164 4600 4597
f 1165 4594 4600
f 4597 4600 4594
f 297 4592 4578
f 1161 4602 4592
f 1158 4578 4602
f 4592 4602 4578
f 298 4601 4587
f 1164 4603 4601
f 1161 4587 4603
f 4601 4603 4587
f 299 4583 4596
f 1158 4604 4583
f 1164 4596 4604
f 4583 4604 4596
f 1161 4603 4602
f 1164 4604 4603
f 1158 4602 4604
f 4603 4604 4602
f 58 4566 4530
f 1156 4605 4566
f 1145 4530 4605
f 4566 4605 4530
f 296 4606 4569
f 1166 4607 4606
f 1156 4569 4607
f 4606 4607 4569
f 293 4534 4609
f 1145 4608 4534
f 1166 4609 4608
f 4534 4608 4609
f 1156 4607 4605
f 1166 4608 4607
f 1145 4605 4608
f 4607 4608 4605
f 78 4595 4556
f 1165 4610 4595
f 1152 4556 4610
f 4595 4610 4556
f 298 4611 4599
f 1167 4612 4611
f 1165 4599 4612
f 4611 4612 4599
f 296 4561 4614
f 1152 4613 4561
f 1167 4614 4613
f 4561 4613 4614
f 1165 4612 4610
f 1167 4613 4612
f 1152 4610 4613
f 4612 4613 4610
f 79 4539 4584
f 1149 4615 4539
f 1160 4584 4615
f 4539 4615 4584
f 293 4616 4543
f 1168 4617 4616
f 1149 4543 4617
f 4616 4617 4543
f 298 4589 4619
f 1160 4618 4589
f 1168 4619 4618
f 4589 4618 4619
f 1149 4617 4615
f 1168 4618 4617
f 1160 4615 4618
f 4617 4618 4615
f 296 4614 4606
f 1167 4620 4614
f 1166 4606 4620
f 4614 4620 4606
f 298 4619 4611
f 1168 4621 4619
f 1167 4611 4621
f 4619 4621 4611
f 293 4609 4616
f 1166 4622 4609
f 1168 4616 4622
f 4609 4622 4616
f 1167 4621 4620
f 1168 4622 4621
f 1166 4620 4622
f 4621 4622 4620
f 6 4623 3071
f 1169 4624 4623
f 777 3071 4624
f 4623 4624 3071
f 300 4625 4627
f 1170 4626 4625
f 1169 4627 4626
f 4625 4626 4627
f 200 3075 4629
f 777 4628 3075
f 1170 4629 4628
f 3075 4628 4629
f 1169 4626 4624
f 1170 4628 4626
f 777 4624 4628
f 4626 4628 4624
f 80 4630 4632
f 1171 4631 4630
f 1173 4632 4631
f 4630 4631 4632
f 301 4633 4635
f 1172 4634 4633
f 1171 4635 4634
f 4633 4634 4635
f 300 4636 4638
f 1173 4637 4636
f 1172 4638 4637
f 4636 4637 4638
f 1171 4634 4631
f 1172 4637 4634
f 1173 4631 4637
f 4634 4637 4631
f 54 3080 4640
f 781 4639 3080
f 1175 4640 4639
f 3080 4639 4640
f 200 4641 3084
f 1174 4642 4641
f 781 3084 4642
f 4641 4642 3084
f 301 4643 4645
f 1175 4644 4643
f 1174 4645 4644
f 4643 4644 4645
f 781 4642 4639
f 1174 4644 4642
f 1175 4639 4644
f 4642 4644 4639
f 300 4638 4625
f 1172 4646 4638
f 1170 4625 4646
f 4638 4646 4625
f 301 4645 4633
f 1174 4647 4645
f 1172 4633 4647
f 4645 4647 4633
f 200 4629 4641
f 1170 4648 4629
f 1174 4641 4648
f 4629 4648 4641
f 1172 4647 4646
f 1174 4648 4647
f 1170 4646 4648
f 4647 4648 4646
f 23 4649 4651
f 1176 4650 4649
f 1178 4651 4650
f 4649 4650 4651
f 302 4652 4654
f 1177 4653 4652
f 1176 4654 4653
f 4652 4653 4654
f 304 4655 4657
f 1178 4656 4655
f 1177 4657 4656
f 4655 4656 4657
f 1176 4653 4650
f 1177 4656 4653
f 1178 4650 4656
f 4653 4656 4650
f 81 4658 4660
f 1179 4659 4658
f 1181 4660 4659
f 4658 4659 4660
f 303 4661 4663
f 1180 4662 4661
f 1179 4663 4662
f 4661 4662 4663
f 302 4664 4666
f 1181 4665 4664
f 1180 4666 4665
f 4664 4665 4666
f 1179 4662 4659
f 1180 4665 4662
f 1181 4659 4665
f 4662 4665 4659
f 80 4667 4669
f 1182 4668 4667
f 1184 4669 4668
f 4667 4668 4669
f 304 4670 4672
f 1183 4671 4670
f 1182 4672 4671
f 4670 4671 4672
f 303 4673 4675
f 1184 4674 4673
f 1183 4675 4674
f 4673 4674 4675
f 1182 4671 4668
f 1183 4674 4671
f 1184 4668 4674
f 4671 4674 4668
f 302 4666 4652
f 1180 4676 4666
f 1177 4652 4676
f 4666 4676 4652
f 303 4675 4661
f 1183 4677 4675
f 1180 4661 4677
f 4675 4677 4661
f 304 4657 4670
f 1177 4678 4657
f 1183 4670 4678
f 4657 4678 4670
f 1180 4677 4676
f 1183 4678 4677
f 1177 4676 4678
f 4677 4678 4676
f 16 3099 4680
f 786 4679 3099
f 1186 4680 4679
f 3099 4679 4680
f 204 4681 3103
f 1185 4682 4681
f 786 3103 4682
f 4681 4682 3103
f 306 4683 4685
f 1186 4684 4683
f 1185 4685 4684
f 4683 4684 4685
f 786 4682 4679
f 1185 4684 4682
f 1186 4679 4684
f 4682 4684 4679
f 54 4686 3115
f 1187 4687 4686
f 790 3115 4687
f 4686 4687 3115
f 305 4688 4690
f 1188 4689 4688
f 1187 4690 4689
f 4688 4689 4690
f 204 3120 4692
f 790 4691 3120
f 1188 4692 4691
f 3120 4691 4692
f 1187 4689 4687
f 1188 4691 4689
f 790 4687 4691
f 4689 4691 4687
f 81 4693 4695
f 1189 4694 4693
f 1191 4695 4694
f 4693 4694 4695
f 306 4696 4698
f 1190 4697 4696
f 1189 4698 4697
f 4696 4697 4698
f 305 4699 4701
f 1191 4700 4699
f 1190 4701 4700
f 4699 4700 4701
f 1189 4697 4694
f 1190 4700 4697
f 1191 4694 4700
f 4697 4700 4694
f 204 4692 4681
f 1188 4702 4692
f 1185 4681 4702
f 4692 4702 4681
f 305 4701 4688
f 1190 4703 4701
f 1188 4688 4703
f 4701 4703 4688
f 306 4685 4696
f 1185 4704 4685
f 1190 4696 4704
f 4685 4704 4696
f 1188 4703 4702
f 1190 4704 4703
f 1185 4702 4704
f 4703 4704 4702
f 80 4669 4630
f 1184 4705 4669
f 1171 4630 4705
f 4669 4705 4630
f 303 4706 4673
f 1192 4707 4706
f 1184 4673 4707
f 4706 4707 4673
f 301 4635 4709
f 1171 4708 4635
f 1192 4709 4708
f 4635 4708 4709
f 1184 4707 4705
f 1192 4708 4707
f 1171 4705 4708
f 4707 4708 4705
f 81 4695 4658
f 1191 4710 4695
f 1179 4658 4710
f 4695 4710 4658
f 305 4711 4699
f 1193 4712 4711
f 1191 4699 4712
f 4711 4712 4699
f 303 4663 4714
f 1179 4713 4663
f 1193 4714 4713
f 4663 4713 4714
f 1191 4712 4710
f 1193 4713 4712
f 1179 4710 4713
f 4712 4713 4710
f 54 4640 4686
f 1175 4715 4640
f 1187 4686 4715
f 4640 4715 4686
f 301 4716 4643
f 1194 4717 4716
f 1175 4643 4717
f 4716 4717 4643
f 305 4690 4719
f 1187 4718 4690
f 1194 4719 4718
f 4690 4718 4719
f 1175 4717 4715
f 1194 4718 4717
f 1187 4715 4718
f 4717 4718 4715
f 303 4714 4706
f 1193 4720 4714
f 1192 4706 4720
f 4714 4720 4706
f 305 4719 4711
f 1194 4721 4719
f 1193 4711 4721
f 4719 4721 4711
f 301 4709 4716
f 1192 4722 4709
f 1194 4716 4722
f 4709 4722 4716
f 1193 4721 4720
f 1194 4722 4721
f 1192 4720 4722
f 4721 4722 4720
f 10 4723 4725
f 1195 4724 4723
f 1197 4725 4724
f 4723 4724 4725
f 307 4726 4728
f 1196 4727 4726
f 1195 4728 4727
f 4726 4727 4728
f 309 4729 4731
f 1197 4730 4729
f 1196 4731 4730
f 4729 4730 4731
f 1195 4727 4724
f 1196 4730 4727
f 1197 4724 4730
f 4727 4730 4724
f 82 4732 4734
f 1198 4733 4732
f 1200 4734 4733
f 4732 4733 4734
f 308 4735 4737
f 1199 4736 4735
f 1198 4737 4736
f 4735 4736 4737
f 307 4738 4740
f 1200 4739 4738
f 1199 4740 4739
f 4738 4739 4740
f 1198 4736 4733
f 1199 4739 4736
f 1200 4733 4739
f 4736 4739 4733
f 84 4741 4743
f 1201 4742 4741
f 1203 4743 4742
f 4741 4742 4743
f 309 4744 4746
f 1202 4745 4744
f 1201 4746 4745
f 4744 4745 4746
f 308 4747 4749
f 1203 4748 4747
f 1202 4749 4748
f 4747 4748 4749
f 1201 4745 4742
f 1202 4748 4745
f 1203 4742 4748
f 4745 4748 4742
f 307 4740 4726
f 1199 4750 4740
f 1196 4726 4750
f 4740 4750 4726
f 308 4749 4735
f 1202 4751 4749
f 1199 4735 4751
f 4749 4751 4735
f 309 4731 4744
f 1196 4752 4731
f 1202 4744 4752
f 4731 4752 4744
f 1199 4751 4750
f 1202 4752 4751
f 1196 4750 4752
f 4751 4752 4750
f 24 4753 4755
f 1204 4754 4753
f 1206 4755 4754
f 4753 4754 4755
f 310 4756 4758
f 1205 4757 4756
f 1204 4758 4757
f 4756 4757 4758
f 312 4759 4761
f 1206 4760 4759
f 1205 4761 4760
f 4759 4760 4761
f 1204 4757 4754
f 1205 4760 4757
f 1206 4754 4760
f 4757 4760 4754
f 83 4762 4764
f 1207 4763 4762
f 1209 4764 4763
f 4762 4763 4764
f 311 4765 4767
f 1208 4766 4765
f 1207 4767 4766
f 4765 4766 4767
f 310 4768 4770
f 1209 4769 4768
f 1208 4770 4769
f 4768 4769 4770
f 1207 4766 4763
f 1208 4769 4766
f 1209 4763 4769
f 4766 4769 4763
f 82 4771 4773
f 1210 4772 4771
f 1212 4773 4772
f 4771 4772 4773
f 312 4774 4776
f 1211 4775 4774
f 1210 4776 4775
f 4774 4775 4776
f 311 4777 4779
f 1212 4778 4777
f 1211 4779 4778
f 4777 4778 4779
f 1210 4775 4772
f 1211 4778 4775
f 1212 4772 4778
f 4775 4778 4772
f 310 4770 4756
f 1208 4780 4770
f 1205 4756 4780
f 4770 4780 4756
f 311 4779 4765
f 1211 4781 4779
f 1208 4765 4781
f 4779 4781 4765
f 312 4761 4774
f 1205 4782 4761
f 1211 4774 4782
f 4761 4782 4774
f 1208 4781 4780
f 1211 4782 4781
f 1205 4780 4782
f 4781 4782 4780
f 23 4783 4785
f 1213 4784 4783
f 1215 4785 4784
f 4783 4784 4785
f 313 4786 4788
f 1214 4787 4786
f 1213 4788 4787
f 4786 4787 4788
f 315 4789 4791
f 1215 4790 4789
f 1214 4791 4790
f 4789 4790 4791
f 1213 4787 4784
f 1214 4790 4787
f 1215 4784 4790
f 4787 4790 4784
f 84 4792 4794
f 1216 4793 4792
f 1218 4794 4793
f 4792 4793 4794
f 314 4795 4797
f 1217 4796 4795
f 1216 4797 4796
f 4795 4796 4797
f 313 4798 4800
f 1218 4799 4798
f 1217 4800 4799
f 4798 4799 4800
f 1216 4796 4793
f 1217 4799 4796
f 1218 4793 4799
f 4796 4799 4793
f 83 4801 4803
f 1219 4802 4801
f 1221 4803 4802
f 4801 4802 4803
f 315 4804 4806
f 1220 4805 4804
f 1219 4806 4805
f 4804 4805 4806
f 314 4807 4809
f 1221 4808 4807
f 1220 4809 4808
f 4807 4808 4809
f 1219 4805 4802
f 1220 4808 4805
f 1221 4802 4808
f 4805 4808 4802
f 313 4800 4786
f 1217 4810 4800
f 1214 4786 4810
f 4800 4810 4786
f 314 4809 4795
f 1220 4811 4809
f 1217 4795 4811
f 4809 4811 4795
f 315 4791 4804
f 1214 4812 4791
f 1220 4804 4812
f 4791 4812 4804
f 1217 4811 4810
f 1220 4812 4811
f 1214 4810 4812
f 4811 4812 4810
f 82 4773 4732
f 1212 4813 4773
f 1198 4732 4813
f 4773 4813 4732
f 311 4814 4777
f 1222 4815 4814
f 1212 4777 4815
f 4814 4815 4777
f 308 4737 4817
f 1198 4816 4737
f 1222 4817 4816
f 4737 4816 4817
f 1212 4815 4813
f 1222 4816 4815
f 1198 4813 4816
f 4815 4816 4813
f 83 4803 4762
f 1221 4818 4803
f 1207 4762 4818
f 4803 4818 4762
f 314 4819 4807
f 1223 4820 4819
f 1221 4807 4820
f 4819 4820 4807
f 311 4767 4822
f 1207 4821 4767
f 1223 4822 4821
f 4767 4821 4822
f 1221 4820 4818
f 1223 4821 4820
f 1207 4818 4821
f 4820 4821 4818
f 84 4743 4792
f 1203 4823 4743
f 1216 4792 4823
f 4743 4823 4792
f 308 4824 4747
f 1224 4825 4824
f 1203 4747 4825
f 4824 4825 4747
f 314 4797 4827
f 1216 4826 4797
f 1224 4827 4826
f 4797 4826 4827
f 1203 4825 4823
f 1224 4826 4825
f 1216 4823 4826
f 4825 4826 4823
f 311 4822 4814
f 1223 4828 4822
f 1222 4814 4828
f 4822 4828 4814
f 314 4827 4819
f 1224 4829 4827
f 1223 4819 4829
f 4827 4829 4819
f 308 4817 4824
f 1222 4830 4817
f 1224 4824 4830
f 4817 4830 4824
f 1223 4829 4828
f 1224 4830 4829
f 1222 4828 4830
f 4829 4830 4828
f 16 4680 4549
f 1186 4831 4680
f 1150 4549 4831
f 4680 4831 4549
f 306 4832 4683
f 1225 4833 4832
f 1186 4683 4833
f 4832 4833 4683
f 295 4553 4835
f 1150 4834 4553
f 1225 4835 4834
f 4553 4834 4835
f 1186 4833 4831
f 1225 4834 4833
f 1150 4831 4834
f 4833 4834 4831
f 81 4836 4693
f 1226 4837 4836
f 1189 4693 4837
f 4836 4837 4693
f 316 4838 4840
f 1227 4839 4838
f 1226 4840 4839
f 4838 4839 4840
f 306 4698 4842
f 1189 4841 4698
f 1227 4842 4841
f 4698 4841 4842
f 1226 4839 4837
f 1227 4841 4839
f 1189 4837 4841
f 4839 4841 4837
f 78 4558 4844
f 1154 4843 4558
f 1229 4844 4843
f 4558 4843 4844
f 295 4845 4562
f 1228 4846 4845
f 1154 4562 4846
f 4845 4846 4562
f 316 4847 4849
f 1229 4848 4847
f 1228 4849 4848
f 4847 4848 4849
f 1154 4846 4843
f 1228 4848 4846
f 1229 4843 4848
f 4846 4848 4843
f 306 4842 4832
f 1227 4850 4842
f 1225 4832 4850
f 4842 4850 4832
f 316 4849 4838
f 1228 4851 4849
f 1227 4838 4851
f 4849 4851 4838
f 295 4835 4845
f 1225 4852 4835
f 1228 4845 4852
f 4835 4852 4845
f 1227 4851 4850
f 1228 4852 4851
f 1225 4850 4852
f 4851 4852 4850
f 23 4785 4649
f 1215 4853 4785
f 1176 4649 4853
f 4785 4853 4649
f 315 4854 4789
f 1230 4855 4854
f 1215 4789 4855
f 4854 4855 4789
f 302 4654 4857
f 1176 4856 4654
f 1230 4857 4856
f 4654 4856 4857
f 1215 4855 4853
f 1230 4856 4855
f 1176 4853 4856
f 4855 4856 4853
f 83 4858 4801
f 1231 4859 4858
f 1219 4801 4859
f 4858 4859 4801
f 317 4860 4862
f 1232 4861 4860
f 1231 4862 4861
f 4860 4861 4862
f 315 4806 4864
f 1219 4863 4806
f 1232 4864 4863
f 4806 4863 4864
f 1231 4861 4859
f 1232 4863 4861
f 1219 4859 4863
f 4861 4863 4859
f 81 4660 4866
f 1181 4865 4660
f 1234 4866 4865
f 4660 4865 4866
f 302 4867 4664
f 1233 4868 4867
f 1181 4664 4868
f 4867 4868 4664
f 317 4869 4871
f 1234 4870 4869
f 1233 4871 4870
f 4869 4870 4871
f 1181 4868 4865
f 1233 4870 4868
f 1234 4865 4870
f 4868 4870 4865
f 315 4864 4854
f 1232 4872 4864
f 1230 4854 4872
f 4864 4872 4854
f 317 4871 4860
f 1233 4873 4871
f 1232 4860 4873
f 4871 4873 4860
f 302 4857 4867
f 1230 4874 4857
f 1233 4867 4874
f 4857 4874 4867
f 1232 4873 4872
f 1233 4874 4873
f 1230 4872 4874
f 4873 4874 4872
f 24 4577 4753
f 1159 4875 4577
f 1204 4753 4875
f 4577 4875 4753
f 299 4876 4581
f 1235 4877 4876
f 1159 4581 4877
f 4876 4877 4581
f 310 4758 4879
f 1204 4878 4758
f 1235 4879 4878
f 4758 4878 4879
f 1159 4877 4875
f 1235 4878 4877
f 1204 4875 4878
f 4877 4878 4875
f 78 4880 4593
f 1236 4881 4880
f 1163 4593 4881
f 4880 4881 4593
f 318 4882 4884
f 1237 4883 4882
f 1236 4884 4883
f 4882 4883 4884
f 299 4598 4886
f 1163 4885 4598
f 1237 4886 4885
f 4598 4885 4886
f 1236 4883 4881
f 1237 4885 4883
f 1163 4881 4885
f 4883 4885 4881
f 83 4764 4888
f 1209 4887 4764
f 1239 4888 4887
f 4764 4887 4888
f 310 4889 4768
f 1238 4890 4889
f 1209 4768 4890
f 4889 4890 4768
f 318 4891 4893
f 1239 4892 4891
f 1238 4893 4892
f 4891 4892 4893
f 1209 4890 4887
f 1238 4892 4890
f 1239 4887 4892
f 4890 4892 4887
f 299 4886 4876
f 1237 4894 4886
f 1235 4876 4894
f 4886 4894 4876
f 318 4893 4882
f 1238 4895 4893
f 1237 4882 4895
f 4893 4895 4882
f 310 4879 4889
f 1235 4896 4879
f 1238 4889 4896
f 4879 4896 4889
f 1237 4895 4894
f 1238 4896 4895
f 1235 4894 4896
f 4895 4896 4894
f 81 4866 4836
f 1234 4897 4866
f 1226 4836 4897
f 4866 4897 4836
f 317 4898 4869
f 1240 4899 4898
f 1234 4869 4899
f 4898 4899 4869
f 316 4840 4901
f 1226 4900 4840
f 1240 4901 4900
f 4840 4900 4901
f 1234 4899 4897
f 1240 4900 4899
f 1226 4897 4900
f 4899 4900 4897
f 83 4888 4858
f 1239 4902 4888
f 1231 4858 4902
f 4888 4902 4858
f 318 4903 4891
f 1241 4904 4903
f 1239 4891 4904
f 4903 4904 4891
f 317 4862 4906
f 1231 4905 4862
f 1241 4906 4905
f 4862 4905 4906
f 1239 4904 4902
f 1241 4905 4904
f 1231 4902 4905
f 4904 4905 4902
f 78 4844 4880
f 1229 4907 4844
f 1236 4880 4907
f 4844 4907 4880
f 316 4908 4847
f 1242 4909 4908
f 1229 4847 4909
f 4908 4909 4847
f 318 4884 4911
f 1236 4910 4884
f 1242 4911 4910
f 4884 4910 4911
f 1229 4909 4907
f 1242 4910 4909
f 1236 4907 4910
f 4909 4910 4907
f 317 4906 4898
f 1241 4912 4906
f 1240 4898 4912
f 4906 4912 4898
f 318 4911 4903
f 1242 4913 4911
f 1241 4903 4913
f 4911 4913 4903
f 316 4901 4908
f 1240 4914 4901
f 1242 4908 4914
f 4901 4914 4908
f 1241 4913 4912
f 1242 4914 4913
f 1240 4912 4914
f 4913 4914 4912
f 6 2781 4916
f 705 4915 2781
f 1244 4916 4915
f 2781 4915 4916
f 183 4917 2785
f 1243 4918 4917
f 705 2785 4918
f 4917 4918 2785
f 320 4919 4921
f 1244 4920 4919
f 1243 4921 4920
f 4919 4920 4921
f 705 4918 4915
f 1243 4920 4918
f 1244 4915 4920
f 4918 4920 4915
f 51 4922 2797
f 1245 4923 4922
f 709 2797 4923
f 4922 4923 2797
f 319 4924 4926
f 1246 4925 4924
f 1245 4926 4925
f 4924 4925 4926
f 183 2802 4928
f 709 4927 2802
f 1246 4928 4927
f 2802 4927 4928
f 1245 4925 4923
f 1246 4927 4925
f 709 4923 4927
f 4925 4927 4923
f 86 4929 4931
f 1247 4930 4929
f 1249 4931 4930
f 4929 4930 4931
f 320 4932 4934
f 1248 4933 4932
f 1247 4934 4933
f 4932 4933 4934
f 319 4935 4937
f 1249 4936 4935
f 1248 4937 4936
f 4935 4936 4937
f 1247 4933 4930
f 1248 4936 4933
f 1249 4930 4936
f 4933 4936 4930
f 183 4928 4917
f 1246 4938 4928
f 1243 4917 4938
f 4928 4938 4917
f 319 4937 4924
f 1248 4939 4937
f 1246 4924 4939
f 4937 4939 4924
f 320 4921 4932
f 1243 4940 4921
f 1248 4932 4940
f 4921 4940 4932
f 1246 4939 4938
f 1248 4940 4939
f 1243 4938 4940
f 4939 4940 4938
f 14 4941 2839
f 1250 4942 4941
f 721 2839 4942
f 4941 4942 2839
f 321 4943 4945
f 1251 4944 4943
f 1250 4945 4944
f 4943 4944 4945
f 187 2844 4947
f 721 4946 2844
f 1251 4947 4946
f 2844 4946 4947
f 1250 4944 4942
f 1251 4946 4944
f 721 4942 4946
f 4944 4946 4942
f 85 4948 4950
f 1252 4949 4948
f 1254 4950 4949
f 4948 4949 4950
f 322 4951 4953
f 1253 4952 4951
f 1252 4953 4952
f 4951 4952 4953
f 321 4954 4956
f 1254 4955 4954
f 1253 4956 4955
f 4954 4955 4956
f 1252 4952 4949
f 1253 4955 4952
f 1254 4949 4955
f 4952 4955 4949
f 51 2850 4958
f 726 4957 2850
f 1256 4958 4957
f 2850 4957 4958
f 187 4959 2854
f 1255 4960 4959
f 726 2854 4960
f 4959 4960 2854
f 322 4961 4963
f 1256 4962 4961
f 1255 4963 4962
f 4961 4962 4963
f 726 4960 4957
f 1255 4962 4960
f 1256 4957 4962
f 4960 4962 4957
f 321 4956 4943
f 1253 4964 4956
f 1251 4943 4964
f 4956 4964 4943
f 322 4963 4951
f 1255 4965 4963
f 1253 4951 4965
f 4963 4965 4951
f 187 4947 4959
f 1251 4966 4947
f 1255 4959 4966
f 4947 4966 4959
f 1253 4965 4964
f 1255 4966 4965
f 1251 4964 4966
f 4965 4966 4964
f 26 4967 4969
f 1257 4968 4967
f 1259 4969 4968
f 4967 4968 4969
f 323 4970 4972
f 1258 4971 4970
f 1257 4972 4971
f 4970 4971 4972
f 325 4973 4975
f 1259 4974 4973
f 1258 4975 4974
f 4973 4974 4975
f 1257 4971 4968
f 1258 4974 4971
f 1259 4968 4974
f 4971 4974 4968
f 86 4976 4978
f 1260 4977 4976
f 1262 4978 4977
f 4976 4977 4978
f 324 4979 4981
f 1261 4980 4979
f 1260 4981 4980
f 4979 4980 4981
f 323 4982 4984
f 1262 4983 4982
f 1261 4984 4983
f 4982 4983 4984
f 1260 4980 4977
f 1261 4983 4980
f 1262 4977 4983
f 4980 4983 4977
f 85 4985 4987
f 1263 4986 4985
f 1265 4987 4986
f 4985 4986 4987
f 325 4988 4990
f 1264 4989 4988
f 1263 4990 4989
f 4988 4989 4990
f 324 4991 4993
f 1265 4992 4991
f 1264 4993 4992
f 4991 4992 4993
f 1263 4989 4986
f 1264 4992 4989
f 1265 4986 4992
f 4989 4992 4986
f 323 4984 4970
f 1261 4994 4984
f 1258 4970 4994
f 4984 4994 4970
f 324 4993 4979
f 1264 4995 4993
f 1261 4979 4995
f 4993 4995 4979
f 325 4975 4988
f 1258 4996 4975
f 1264 4988 4996
f 4975 4996 4988
f 1261 4995 4994
f 1264 4996 4995
f 1258 4994 4996
f 4995 4996 4994
f 51 4958 4922
f 1256 4997 4958
f 1245 4922 4997
f 4958 4997 4922
f 322 4998 4961
f 1266 4999 4998
f 1256 4961 4999
f 4998 4999 4961
f 319 4926 5001
f 1245 5000 4926
f 1266 5001 5000
f 4926 5000 5001
f 1256 4999 4997
f 1266 5000 4999
f 1245 4997 5000
f 4999 5000 4997
f 85 4987 4948
f 1265 5002 4987
f 1252 4948 5002
f 4987 5002 4948
f 324 5003 4991
f 1267 5004 5003
f 1265 4991 5004
f 5003 5004 4991
f 322 4953 5006
f 1252 5005 4953
f 1267 5006 5005
f 4953 5005 5006
f 1265 5004 5002
f 1267 5005 5004
f 1252 5002 5005
f 5004 5005 5002
f 86 4931 4976
f 1249 5007 4931
f 1260 4976 5007
f 4931 5007 4976
f 319 5008 4935
f 1268 5009 5008
f 1249 4935 5009
f 5008 5009 4935
f 324 4981 5011
f 1260 5010 4981
f 1268 5011 5010
f 4981 5010 5011
f 1249 5009 5007
f 1268 5010 5009
f 1260 5007 5010
f 5009 5010 5007
f 322 5006 4998
f 1267 5012 5006
f 1266 4998 5012
f 5006 5012 4998
f 324 5011 5003
f 1268 5013 5011
f 1267 5003 5013
f 5011 5013 5003
f 319 5001 5008
f 1266 5014 5001
f 1268 5008 5014
f 5001 5014 5008
f 1267 5013 5012
f 1268 5014 5013
f 1266 5012 5014
f 5013 5014 5012
f 12 5015 2671
f 1269 5016 5015
f 673 2671 5016
f 5015 5016 2671
f 326 5017 5019
f 1270 5018 5017
f 1269 5019 5018
f 5017 5018 5019
f 172 2676 5021
f 673 5020 2676
f 1270 5021 5020
f 2676 5020 5021
f 1269 5018 5016
f 1270 5020 5018
f 673 5016 5020
f 5018 5020 5016
f 87 5022 5024
f 1271 5023 5022
f 1273 5024 5023
f 5022 5023 5024
f 327 5025 5027
f 1272 5026 5025
f 1271 5027 5026
f 5025 5026 5027
f 326 5028 5030
f 1273 5029 5028
f 1272 5030 5029
f 5028 5029 5030
f 1271 5026 5023
f 1272 5029 5026
f 1273 5023 5029
f 5026 5029 5023
f 46 2682 5032
f 678 5031 2682
f 1275 5032 5031
f 2682 5031 5032
f 172 5033 2686
f 1274 5034 5033
f 678 2686 5034
f 5033 5034 2686
f 327 5035 5037
f 1275 5036 5035
f 1274 5037 5036
f 5035 5036 5037
f 678 5034 5031
f 1274 5036 5034
f 1275 5031 5036
f 5034 5036 5031
f 326 5030 5017
f 1272 5038 5030
f 1270 5017 5038
f 5030 5038 5017
f 327 5037 5025
f 1274 5039 5037
f 1272 5025 5039
f 5037 5039 5025
f 172 5021 5033
f 1270 5040 5021
f 1274 5033 5040
f 5021 5040 5033
f 1272 5039 5038
f 1274 5040 5039
f 1270 5038 5040
f 5039 5040 5038
f 25 5041 5043
f 1276 5042 5041
f 1278 5043 5042
f 5041 5042 5043
f 328 5044 5046
f 1277 5045 5044
f 1276 5046 5045
f 5044 5045 5046
f 330 5047 5049
f 1278 5048 5047
f 1277 5049 5048
f 5047 5048 5049
f 1276 5045 5042
f 1277 5048 5045
f 1278 5042 5048
f 5045 5048 5042
f 88 5050 5052
f 1279 5051 5050
f 1281 5052 5051
f 5050 5051 5052
f 329 5053 5055
f 1280 5054 5053
f 1279 5055 5054
f 5053 5054 5055
f 328 5056 5058
f 1281 5057 5056
f 1280 5058 5057
f 5056 5057 5058
f 1279 5054 5051
f 1280 5057 5054
f 1281 5051 5057
f 5054 5057 5051
f 87 5059 5061
f 1282 5060 5059
f 1284 5061 5060
f 5059 5060 5061
f 330 5062 5064
f 1283 5063 5062
f 1282 5064 5063
f 5062 5063 5064
f 329 5065 5067
f 1284 5066 5065
f 1283 5067 5066
f 5065 5066 5067
f 1282 5063 5060
f 1283 5066 5063
f 1284 5060 5066
f 5063 5066 5060
f 328 5058 5044
f 1280 5068 5058
f 1277 5044 5068
f 5058 5068 5044
f 329 5067 5053
f 1283 5069 5067
f 1280 5053 5069
f 5067 5069 5053
f 330 5049 5062
f 1277 5070 5049
f 1283 5062 5070
f 5049 5070 5062
f 1280 5069 5068
f 1283 5070 5069
f 1277 5068 5070
f 5069 5070 5068
f 14 2703 5072
f 684 5071 2703
f 1286 5072 5071
f 2703 5071 5072
f 177 5073 2707
f 1285 5074 5073
f 684 2707 5074
f 5073 5074 2707
f 332 5075 5077
f 1286 5076 5075
f 1285 5077 5076
f 5075 5076 5077
f 684 5074 5071
f 1285 5076 5074
f 1286 5071 5076
f 5074 5076 5071
f 46 5078 2719
f 1287 5079 5078
f 688 2719 5079
f 5078 5079 2719
f 331 5080 5082
f 1288 5081 5080
f 1287 5082 5081
f 5080 5081 5082
f 177 2724 5084
f 688 5083 2724
f 1288 5084 5083
f 2724 5083 5084
f 1287 5081 5079
f 1288 5083 5081
f 688 5079 5083
f 5081 5083 5079
f 88 5085 5087
f 1289 5086 5085
f 1291 5087 5086
f 5085 5086 5087
f 332 5088 5090
f 1290 5089 5088
f 1289 5090 5089
f 5088 5089 5090
f 331 5091 5093
f 1291 5092 5091
f 1290 5093 5092
f 5091 5092 5093
f 1289 5089 5086
f 1290 5092 5089
f 1291 5086 5092
f 5089 5092 5086
f 177 5084 5073
f 1288 5094 5084
f 1285 5073 5094
f 5084 5094 5073
f 331 5093 5080
f 1290 5095 5093
f 1288 5080 5095
f 5093 5095 5080
f 332 5077 5088
f 1285 5096 5077
f 1290 5088 5096
f 5077 5096 5088
f 1288 5095 5094
f 1290 5096 5095
f 1285 5094 5096
f 5095 5096 5094
f 87 5061 5022
f 1284 5097 5061
f 1271 5022 5097
f 5061 5097 5022
f 329 5098 5065
f 1292 5099 5098
f 1284 5065 5099
f 5098 5099 5065
f 327 5027 5101
f 1271 5100 5027
f 1292 5101 5100
f 5027 5100 5101
f 1284 5099 5097
f 1292 5100 5099
f 1271 5097 5100
f 5099 5100 5097
f 88 5087 5050
f 1291 5102 5087
f 1279 5050 5102
f 5087 5102 5050
f 331 5103 5091
f 1293 5104 5103
f 1291 5091 5104
f 5103 5104 5091
f 329 5055 5106
f 1279 5105 5055
f 1293 5106 5105
f 5055 5105 5106
f 1291 5104 5102
f 1293 5105 5104
f 1279 5102 5105
f 5104 5105 5102
f 46 5032 5078
f 1275 5107 5032
f 1287 5078 5107
f 5032 5107 5078
f 327 5108 5035
f 1294 5109 5108
f 1275 5035 5109
f 5108 5109 5035
f 331 5082 5111
f 1287 5110 5082
f 1294 5111 5110
f 5082 5110 5111
f 1275 5109 5107
f 1294 5110 5109
f 1287 5107 5110
f 5109 5110 5107
f 329 5106 5098
f 1293 5112 5106
f 1292 5098 5112
f 5106 5112 5098
f 331 5111 5103
f 1294 5113 5111
f 1293 5103 5113
f 5111 5113 5103
f 327 5101 5108
f 1292 5114 5101
f 1294 5108 5114
f 5101 5114 5108
f 1293 5113 5112
f 1294 5114 5113
f 1292 5112 5114
f 5113 5114 5112
f 5 5115 5117
f 1295 5116 5115
f 1297 5117 5116
f 5115 5116 5117
f 333 5118 5120
f 1296 5119 5118
f 1295 5120 5119
f 5118 5119 5120
f 335 5121 5123
f 1297 5122 5121
f 1296 5123 5122
f 5121 5122 5123
f 1295 5119 5116
f 1296 5122 5119
f 1297 5116 5122
f 5119 5122 5116
f 89 5124 5126
f 1298 5125 5124
f 1300 5126 5125
f 5124 5125 5126
f 334 5127 5129
f 1299 5128 5127
f 1298 5129 5128
f 5127 5128 5129
f 333 5130 5132
f 1300 5131 5130
f 1299 5132 5131
f 5130 5131 5132
f 1298 5128 5125
f 1299 5131 5128
f 1300 5125 5131
f 5128 5131 5125
f 91 5133 5135
f 1301 5134 5133
f 1303 5135 5134
f 5133 5134 5135
f 335 5136 5138
f 1302 5137 5136
f 1301 5138 5137
f 5136 5137 5138
f 334 5139 5141
f 1303 5140 5139
f 1302 5141 5140
f 5139 5140 5141
f 1301 5137 5134
f 1302 5140 5137
f 1303 5134 5140
f 5137 5140 5134
f 333 5132 5118
f 1299 5142 5132
f 1296 5118 5142
f 5132 5142 5118
f 334 5141 5127
f 1302 5143 5141
f 1299 5127 5143
f 5141 5143 5127
f 335 5123 5136
f 1296 5144 5123
f 1302 5136 5144
f 5123 5144 5136
f 1299 5143 5142
f 1302 5144 5143
f 1296 5142 5144
f 5143 5144 5142
f 26 5145 5147
f 1304 5146 5145
f 1306 5147 5146
f 5145 5146 5147
f 336 5148 5150
f 1305 5149 5148
f 1304 5150 5149
f 5148 5149 5150
f 338 5151 5153
f 1306 5152 5151
f 1305 5153 5152
f 5151 5152 5153
f 1304 5149 5146
f 1305 5152 5149
f 1306 5146 5152
f 5149 5152 5146
f 90 5154 5156
f 1307 5155 5154
f 1309 5156 5155
f 5154 5155 5156
f 337 5157 5159
f 1308 5158 5157
f 1307 5159 5158
f 5157 5158 5159
f 336 5160 5162
f 1309 5161 5160
f 1308 5162 5161
f 5160 5161 5162
f 1307 5158 5155
f 1308 5161 5158
f 1309 5155 5161
f 5158 5161 5155
f 89 5163 5165
f 1310 5164 5163
f 1312 5165 5164
f 5163 5164 5165
f 338 5166 5168
f 1311 5167 5166
f 1310 5168 5167
f 5166 5167 5168
f 337 5169 5171
f 1312 5170 5169
f 1311 5171 5170
f 5169 5170 5171
f 1310 5167 5164
f 1311 5170 5167
f 1312 5164 5170
f 5167 5170 5164
f 336 5162 5148
f 1308 5172 5162
f 1305 5148 5172
f 5162 5172 5148
f 337 5171 5157
f 1311 5173 5171
f 1308 5157 5173
f 5171 5173 5157
f 338 5153 5166
f 1305 5174 5153
f 1311 5166 5174
f 5153 5174 5166
f 1308 5173 5172
f 1311 5174 5173
f 1305 5172 5174
f 5173 5174 5172
f 25 5175 5177
f 1313 5176 5175
f 1315 5177 5176
f 5175 5176 5177
f 339 5178 5180
f 1314 5179 5178
f 1313 5180 5179
f 5178 5179 5180
f 341 5181 5183
f 1315 5182 5181
f 1314 5183 5182
f 5181 5182 5183
f 1313 5179 5176
f 1314 5182 5179
f 1315 5176 5182
f 5179 5182 5176
f 91 5184 5186
f 1316 5185 5184
f 1318 5186 5185
f 5184 5185 5186
f 340 5187 5189
f 1317 5188 5187
f 1316 5189 5188
f 5187 5188 5189
f 339 5190 5192
f 1318 5191 5190
f 1317 5192 5191
f 5190 5191 5192
f 1316 5188 5185
f 1317 5191 5188
f 1318 5185 5191
f 5188 5191 5185
f 90 5193 5195
f 1319 5194 5193
f 1321 5195 5194
f 5193 5194 5195
f 341 5196 5198
f 1320 5197 5196
f 1319 5198 5197
f 5196 5197 5198
f 340 5199 5201
f 1321 5200 5199
f 1320 5201 5200
f 5199 5200 5201
f 1319 5197 5194
f 1320 5200 5197
f 1321 5194 5200
f 5197 5200 5194
f 339 5192 5178
f 1317 5202 5192
f 1314 5178 5202
f 5192 5202 5178
f 340 5201 5187
f 1320 5203 5201
f 1317 5187 5203
f 5201 5203 5187
f 341 5183 5196
f 1314 5204 5183
f 1320 5196 5204
f 5183 5204 5196
f 1317 5203 5202
f 1320 5204 5203
f 1314 5202 5204
f 5203 5204 5202
f 89 5165 5124
f 1312 5205 5165
f 1298 5124 5205
f 5165 5205 5124
f 337 5206 5169
f 1322 5207 5206
f 1312 5169 5207
f 5206 5207 5169
f 334 5129 5209
f 1298 5208 5129
f 1322 5209 5208
f 5129 5208 5209
f 1312 5207 5205
f 1322 5208 5207
f 1298 5205 5208
f 5207 5208 5205
f 90 5195 5154
f 1321 5210 5195
f 1307 5154 5210
f 5195 5210 5154
f 340 5211 5199
f 1323 5212 5211
f 1321 5199 5212
f 5211 5212 5199
f 337 5159 5214
f 1307 5213 5159
f 1323 5214 5213
f 5159 5213 5214
f 1321 5212 5210
f 1323 5213 5212
f 1307 5210 5213
f 5212 5213 5210
f 91 5135 5184
f 1303 5215 5135
f 1316 5184 5215
f 5135 5215 5184
f 334 5216 5139
f 1324 5217 5216
f 1303 5139 5217
f 5216 5217 5139
f 340 5189 5219
f 1316 5218 5189
f 1324 5219 5218
f 5189 5218 5219
f 1303 5217 5215
f 1324 5218 5217
f 1316 5215 5218
f 5217 5218 5215
f 337 5214 5206
f 1323 5220 5214
f 1322 5206 5220
f 5214 5220 5206
f 340 5219 5211
f 1324 5221 5219
f 1323 5211 5221
f 5219 5221 5211
f 334 5209 5216
f 1322 5222 5209
f 1324 5216 5222
f 5209 5222 5216
f 1323 5221 5220
f 1324 5222 5221
f 1322 5220 5222
f 5221 5222 5220
f 14 5072 4941
f 1286 5223 5072
f 1250 4941 5223
f 5072 5223 4941
f 332 5224 5075
f 1325 5225 5224
f 1286 5075 5225
f 5224 5225 5075
f 321 4945 5227
f 1250 5226 4945
f 1325 5227 5226
f 4945 5226 5227
f 1286 5225 5223
f 1325 5226 5225
f 1250 5223 5226
f 5225 5226 5223
f 88 5228 5085
f 1326 5229 5228
f 1289 5085 5229
f 5228 5229 5085
f 342 5230 5232
f 1327 5231 5230
f 1326 5232 5231
f 5230 5231 5232
f 332 5090 5234
f 1289 5233 5090
f 1327 5234 5233
f 5090 5233 5234
f 1326 5231 5229
f 1327 5233 5231
f 1289 5229 5233
f 5231 5233 5229
f 85 4950 5236
f 1254 5235 4950
f 1329 5236 5235
f 4950 5235 5236
f 321 5237 4954
f 1328 5238 5237
f 1254 4954 5238
f 5237 5238 4954
f 342 5239 5241
f 1329 5240 5239
f 1328 5241 5240
f 5239 5240 5241
f 1254 5238 5235
f 1328 5240 5238
f 1329 5235 5240
f 5238 5240 5235
f 332 5234 5224
f 1327 5242 5234
f 1325 5224 5242
f 5234 5242 5224
f 342 5241 5230
f 1328 5243 5241
f 1327 5230 5243
f 5241 5243 5230
f 321 5227 5237
f 1325 5244 5227
f 1328 5237 5244
f 5227 5244 5237
f 1327 5243 5242
f 1328 5244 5243
f 1325 5242 5244
f 5243 5244 5242
f 25 5177 5041
f 1315 5245 5177
f 1276 5041 5245
f 5177 5245 5041
f 341 5246 5181
f 1330 5247 5246
f 1315 5181 5247
f 5246 5247 5181
f 328 5046 5249
f 1276 5248 5046
f 1330 5249 5248
f 5046 5248 5249
f 1315 5247 5245
f 1330 5248 5247
f 1276 5245 5248
f 5247 5248 5245
f 90 5250 5193
f 1331 5251 5250
f 1319 5193 5251
f 5250 5251 5193
f 343 5252 5254
f 1332 5253 5252
f 1331 5254 5253
f 5252 5253 5254
f 341 5198 5256
f 1319 5255 5198
f 1332 5256 5255
f 5198 5255 5256
f 1331 5253 5251
f 1332 5255 5253
f 1319 5251 5255
f 5253 5255 5251
f 88 5052 5258
f 1281 5257 5052
f 1334 5258 5257
f 5052 5257 5258
f 328 5259 5056
f 1333 5260 5259
f 1281 5056 5260
f 5259 5260 5056
f 343 5261 5263
f 1334 5262 5261
f 1333 5263 5262
f 5261 5262 5263
f 1281 5260 5257
f 1333 5262 5260
f 1334 5257 5262
f 5260 5262 5257
f 341 5256 5246
f 1332 5264 5256
f 1330 5246 5264
f 5256 5264 5246
f 343 5263 5252
f 1333 5265 5263
f 1332 5252 5265
f 5263 5265 5252
f 328 5249 5259
f 1330 5266 5249
f 1333 5259 5266
f 5249 5266 5259
f 1332 5265 5264
f 1333 5266 5265
f 1330 5264 5266
f 5265 5266 5264
f 26 4969 5145
f 1259 5267 4969
f 1304 5145 5267
f 4969 5267 5145
f 325 5268 4973
f 1335 5269 5268
f 1259 4973 5269
f 5268 5269 4973
f 336 5150 5271
f 1304 5270 5150
f 1335 5271 5270
f 5150 5270 5271
f 1259 5269 5267
f 1335 5270 5269
f 1304 5267 5270
f 5269 5270 5267
f 85 5272 4985
f 1336 5273 5272
f 1263 4985 5273
f 5272 5273 4985
f 344 5274 5276
f 1337 5275 5274
f 1336 5276 5275
f 5274 5275 5276
f 325 4990 5278
f 1263 5277 4990
f 1337 5278 5277
f 4990 5277 5278
f 1336 5275 5273
f 1337 5277 5275
f 1263 5273 5277
f 5275 5277 5273
f 90 5156 5280
f 1309 5279 5156
f 1339 5280 5279
f 5156 5279 5280
f 336 5281 5160
f 1338 5282 5281
f 1309 5160 5282
f 5281 5282 5160
f 344 5283 5285
f 1339 5284 5283
f 1338 5285 5284
f 5283 5284 5285
f 1309 5282 5279
f 1338 5284 5282
f 1339 5279 5284
f 5282 5284 5279
f 325 5278 5268
f 1337 5286 5278
f 1335 5268 5286
f 5278 5286 5268
f 344 5285 5274
f 1338 5287 5285
f 1337 5274 5287
f 5285 5287 5274
f 336 5271 5281
f 1335 5288 5271
f 1338 5281 5288
f 5271 5288 5281
f 1337 5287 5286
f 1338 5288 5287
f 1335 5286 5288
f 5287 5288 5286
f 88 5258 5228
f 1334 5289 5258
f 1326 5228 5289
f 5258 5289 5228
f 343 5290 5261
f 1340 5291 5290
f 1334 5261 5291
f 5290 5291 5261
f 342 5232 5293
f 1326 5292 5232
f 1340 5293 5292
f 5232 5292 5293
f 1334 5291 5289
f 1340 5292 5291
f 1326 5289 5292
f 5291 5292 5289
f 90 5280 5250
f 1339 5294 5280
f 1331 5250 5294
f 5280 5294 5250
f 344 5295 5283
f 1341 5296 5295
f 1339 5283 5296
f 5295 5296 5283
f 343 5254 5298
f 1331 5297 5254
f 1341 5298 5297
f 5254 5297 5298
f 1339 5296 5294
f 1341 5297 5296
f 1331 5294 5297
f 5296 5297 5294
f 85 5236 5272
f 1329 5299 5236
f 1336 5272 5299
f 5236 5299 5272
f 342 5300 5239
f 1342 5301 5300
f 1329 5239 5301
f 5300 5301 5239
f 344 5276 5303
f 1336 5302 5276
f 1342 5303 5302
f 5276 5302 5303
f 1329 5301 5299
f 1342 5302 5301
f 1336 5299 5302
f 5301 5302 5299
f 343 5298 5290
f 1341 5304 5298
f 1340 5290 5304
f 5298 5304 5290
f 344 5303 5295
f 1342 5305 5303
f 1341 5295 5305
f 5303 5305 5295
f 342 5293 5300
f 1340 5306 5293
f 1342 5300 5306
f 5293 5306 5300
f 1341 5305 5304
f 1342 5306 5305
f 1340 5304 5306
f 5305 5306 5304
f 12 4340 5308
f 1100 5307 4340
f 1344 5308 5307
f 4340 5307 5308
f 284 5309 4343
f 1343 5310 5309
f 1100 4343 5310
f 5309 5310 4343
f 346 5311 5313
f 1344 5312 5311
f 1343 5313 5312
f 5311 5312 5313
f 1100 5310 5307
f 1343 5312 5310
f 1344 5307 5312
f 5310 5312 5307
f 77 5314 4353
f 1345 5315 5314
f 1103 4353 5315
f 5314 5315 4353
f 345 5316 5318
f 1346 5317 5316
f 1345 5318 5317
f 5316 5317 5318
f 284 4358 5320
f 1103 5319 4358
f 1346 5320 5319
f 4358 5319 5320
f 1345 5317 5315
f 1346 5319 5317
f 1103 5315 5319
f 5317 5319 5315
f 93 5321 5323
f 1347 5322 5321
f 1349 5323 5322
f 5321 5322 5323
f 346 5324 5326
f 1348 5325 5324
f 1347 5326 5325
f 5324 5325 5326
f 345 5327 5329
f 1349 5328 5327
f 1348 5329 5328
f 5327 5328 5329
f 1347 5325 5322
f 1348 5328 5325
f 1349 5322 5328
f 5325 5328 5322
f 284 5320 5309
f 1346 5330 5320
f 1343 5309 5330
f 5320 5330 5309
f 345 5329 5316
f 1348 5331 5329
f 1346 5316 5331
f 5329 5331 5316
f 346 5313 5324
f 1343 5332 5313
f 1348 5324 5332
f 5313 5332 5324
f 1346 5331 5330
f 1348 5332 5331
f 1343 5330 5332
f 5331 5332 5330
f 22 5333 4391
f 1350 5334 5333
f 1113 4391 5334
f 5333 5334 4391
f 347 5335 5337
f 1351 5336 5335
f 1350 5337 5336
f 5335 5336 5337
f 287 4396 5339
f 1113 5338 4396
f 1351 5339 5338
f 4396 5338 5339
f 1350 5336 5334
f 1351 5338 5336
f 1113 5334 5338
f 5336 5338 5334
f 92 5340 5342
f 1352 5341 5340
f 1354 5342 5341
f 5340 5341 5342
f 348 5343 5345
f 1353 5344 5343
f 1352 5345 5344
f 5343 5344 5345
f 347 5346 5348
f 1354 5347 5346
f 1353 5348 5347
f 5346 5347 5348
f 1352 5344 5341
f 1353 5347 5344
f 1354 5341 5347
f 5344 5347 5341
f 77 4402 5350
f 1118 5349 4402
f 1356 5350 5349
f 4402 5349 5350
f 287 5351 4406
f 1355 5352 5351
f 1118 4406 5352
f 5351 5352 4406
f 348 5353 5355
f 1356 5354 5353
f 1355 5355 5354
f 5353 5354 5355
f 1118 5352 5349
f 1355 5354 5352
f 1356 5349 5354
f 5352 5354 5349
f 347 5348 5335
f 1353 5356 5348
f 1351 5335 5356
f 5348 5356 5335
f 348 5355 5343
f 1355 5357 5355
f 1353 5343 5357
f 5355 5357 5343
f 287 5339 5351
f 1351 5358 5339
f 1355 5351 5358
f 5339 5358 5351
f 1353 5357 5356
f 1355 5358 5357
f 1351 5356 5358
f 5357 5358 5356
f 28 5359 5361
f 1357 5360 5359
f 1359 5361 5360
f 5359 5360 5361
f 349 5362 5364
f 1358 5363 5362
f 1357 5364 5363
f 5362 5363 5364
f 351 5365 5367
f 1359 5366 5365
f 1358 5367 5366
f 5365 5366 5367
f 1357 5363 5360
f 1358 5366 5363
f 1359 5360 5366
f 5363 5366 5360
f 93 5368 5370
f 1360 5369 5368
f 1362 5370 5369
f 5368 5369 5370
f 350 5371 5373
f 1361 5372 5371
f 1360 5373 5372
f 5371 5372 5373
f 349 5374 5376
f 1362 5375 5374
f 1361 5376 5375
f 5374 5375 5376
f 1360 5372 5369
f 1361 5375 5372
f 1362 5369 5375
f 5372 5375 5369
f 92 5377 5379
f 1363 5378 5377
f 1365 5379 5378
f 5377 5378 5379
f 351 5380 5382
f 1364 5381 5380
f 1363 5382 5381
f 5380 5381 5382
f 350 5383 5385
f 1365 5384 5383
f 1364 5385 5384
f 5383 5384 5385
f 1363 5381 5378
f 1364 5384 5381
f 1365 5378 5384
f 5381 5384 5378
f 349 5376 5362
f 1361 5386 5376
f 1358 5362 5386
f 5376 5386 5362
f 350 5385 5371
f 1364 5387 5385
f 1361 5371 5387
f 5385 5387 5371
f 351 5367 5380
f 1358 5388 5367
f 1364 5380 5388
f 5367 5388 5380
f 1361 5387 5386
f 1364 5388 5387
f 1358 5386 5388
f 5387 5388 5386
f 77 5350 5314
f 1356 5389 5350
f 1345 5314 5389
f 5350 5389 5314
f 348 5390 5353
f 1366 5391 5390
f 1356 5353 5391
f 5390 5391 5353
f 345 5318 5393
f 1345 5392 5318
f 1366 5393 5392
f 5318 5392 5393
f 1356 5391 5389
f 1366 5392 5391
f 1345 5389 5392
f 5391 5392 5389
f 92 5379 5340
f 1365 5394 5379
f 1352 5340 5394
f 5379 5394 5340
f 350 5395 5383
f 1367 5396 5395
f 1365 5383 5396
f 5395 5396 5383
f 348 5345 5398
f 1352 5397 5345
f 1367 5398 5397
f 5345 5397 5398
f 1365 5396 5394
f 1367 5397 5396
f 1352 5394 5397
f 5396 5397 5394
f 93 5323 5368
f 1349 5399 5323
f 1360 5368 5399
f 5323 5399 5368
f 345 5400 5327
f 1368 5401 5400
f 1349 5327 5401
f 5400 5401 5327
f 350 5373 5403
f 1360 5402 5373
f 1368 5403 5402
f 5373 5402 5403
f 1349 5401 5399
f 1368 5402 5401
f 1360 5399 5402
f 5401 5402 5399
f 348 5398 5390
f 1367 5404 5398
f 1366 5390 5404
f 5398 5404 5390
f 350 5403 5395
f 1368 5405 5403
f 1367 5395 5405
f 5403 5405 5395
f 345 5393 5400
f 1366 5406 5393
f 1368 5400 5406
f 5393 5406 5400
f 1367 5405 5404
f 1368 5406 5405
f 1366 5404 5406
f 5405 5406 5404
f 11 5407 4239
f 1369 5408 5407
f 1073 4239 5408
f 5407 5408 4239
f 352 5409 5411
f 1370 5410 5409
f 1369 5411 5410
f 5409 5410 5411
f 276 4243 5413
f 1073 5412 4243
f 1370 5413 5412
f 4243 5412 5413
f 1369 5410 5408
f 1370 5412 5410
f 1073 5408 5412
f 5410 5412 5408
f 94 5414 5416
f 1371 5415 5414
f 1373 5416 5415
f 5414 5415 5416
f 353 5417 5419
f 1372 5418 5417
f 1371 5419 5418
f 5417 5418 5419
f 352 5420 5422
f 1373 5421 5420
f 1372 5422 5421
f 5420 5421 5422
f 1371 5418 5415
f 1372 5421 5418
f 1373 5415 5421
f 5418 5421 5415
f 74 4248 5424
f 1077 5423 4248
f 1375 5424 5423
f 4248 5423 5424
f 276 5425 4252
f 1374 5426 5425
f 1077 4252 5426
f 5425 5426 4252
f 353 5427 5429
f 1375 5428 5427
f 1374 5429 5428
f 5427 5428 5429
f 1077 5426 5423
f 1374 5428 5426
f 1375 5423 5428
f 5426 5428 5423
f 352 5422 5409
f 1372 5430 5422
f 1370 5409 5430
f 5422 5430 5409
f 353 5429 5417
f 1374 5431 5429
f 1372 5417 5431
f 5429 5431 5417
f 276 5413 5425
f 1370 5432 5413
f 1374 5425 5432
f 5413 5432 5425
f 1372 5431 5430
f 1374 5432 5431
f 1370 5430 5432
f 5431 5432 5430
f 27 5433 5435
f 1376 5434 5433
f 1378 5435 5434
f 5433 5434 5435
f 354 5436 5438
f 1377 5437 5436
f 1376 5438 5437
f 5436 5437 5438
f 356 5439 5441
f 1378 5440 5439
f 1377 5441 5440
f 5439 5440 5441
f 1376 5437 5434
f 1377 5440 5437
f 1378 5434 5440
f 5437 5440 5434
f 95 5442 5444
f 1379 5443 5442
f 1381 5444 5443
f 5442 5443 5444
f 355 5445 5447
f 1380 5446 5445
f 1379 5447 5446
f 5445 5446 5447
f 354 5448 5450
f 1381 5449 5448
f 1380 5450 5449
f 5448 5449 5450
f 1379 5446 5443
f 1380 5449 5446
f 1381 5443 5449
f 5446 5449 5443
f 94 5451 5453
f 1382 5452 5451
f 1384 5453 5452
f 5451 5452 5453
f 356 5454 5456
f 1383 5455 5454
f 1382 5456 5455
f 5454 5455 5456
f 355 5457 5459
f 1384 5458 5457
f 1383 5459 5458
f 5457 5458 5459
f 1382 5455 5452
f 1383 5458 5455
f 1384 5452 5458
f 5455 5458 5452
f 354 5450 5436
f 1380 5460 5450
f 1377 5436 5460
f 5450 5460 5436
f 355 5459 5445
f 1383 5461 5459
f 1380 5445 5461
f 5459 5461 5445
f 356 5441 5454
f 1377 5462 5441
f 1383 5454 5462
f 5441 5462 5454
f 1380 5461 5460
f 1383 5462 5461
f 1377 5460 5462
f 5461 5462 5460
f 22 4267 5464
f 1082 5463 4267
f 1386 5464 5463
f 4267 5463 5464
f 280 5465 4271
f 1385 5466 5465
f 1082 4271 5466
f 5465 5466 4271
f 358 5467 5469
f 1386 5468 5467
f 1385 5469 5468
f 5467 5468 5469
f 1082 5466 5463
f 1385 5468 5466
f 1386 5463 5468
f 5466 5468 5463
f 74 5470 4283
f 1387 5471 5470
f 1086 4283 5471
f 5470 5471 4283
f 357 5472 5474
f 1388 5473 5472
f 1387 5474 5473
f 5472 5473 5474
f 280 4288 5476
f 1086 5475 4288
f 1388 5476 5475
f 4288 5475 5476
f 1387 5473 5471
f 1388 5475 5473
f 1086 5471 5475
f 5473 5475 5471
f 95 5477 5479
f 1389 5478 5477
f 1391 5479 5478
f 5477 5478 5479
f 358 5480 5482
f 1390 5481 5480
f 1389 5482 5481
f 5480 5481 5482
f 357 5483 5485
f 1391 5484 5483
f 1390 5485 5484
f 5483 5484 5485
f 1389 5481 5478
f 1390 5484 5481
f 1391 5478 5484
f 5481 5484 5478
f 280 5476 5465
f 1388 5486 5476
f 1385 5465 5486
f 5476 5486 5465
f 357 5485 5472
f 1390 5487 5485
f 1388 5472 5487
f 5485 5487 5472
f 358 5469 5480
f 1385 5488 5469
f 1390 5480 5488
f 5469 5488 5480
f 1388 5487 5486
f 1390 5488 5487
f 1385 5486 5488
f 5487 5488 5486
f 94 5453 5414
f 1384 5489 5453
f 1371 5414 5489
f 5453 5489 5414
f 355 5490 5457
f 1392 5491 5490
f 1384 5457 5491
f 5490 5491 5457
f 353 5419 5493
f 1371 5492 5419
f 1392 5493 5492
f 5419 5492 5493
f 1384 5491 5489
f 1392 5492 5491
f 1371 5489 5492
f 5491 5492 5489
f 95 5479 5442
f 1391 5494 5479
f 1379 5442 5494
f 5479 5494 5442
f 357 5495 5483
f 1393 5496 5495
f 1391 5483 5496
f 5495 5496 5483
f 355 5447 5498
f 1379 5497 5447
f 1393 5498 5497
f 5447 5497 5498
f 1391 5496 5494
f 1393 5497 5496
f 1379 5494 5497
f 5496 5497 5494
f 74 5424 5470
f 1375 5499 5424
f 1387 5470 5499
f 5424 5499 5470
f 353 5500 5427
f 1394 5501 5500
f 1375 5427 5501
f 5500 5501 5427
f 357 5474 5503
f 1387 5502 5474
f 1394 5503 5502
f 5474 5502 5503
f 1375 5501 5499
f 1394 5502 5501
f 1387 5499 5502
f 5501 5502 5499
f 355 5498 5490
f 1393 5504 5498
f 1392 5490 5504
f 5498 5504 5490
f 357 5503 5495
f 1394 5505 5503
f 1393 5495 5505
f 5503 5505 5495
f 353 5493 5500
f 1392 5506 5493
f 1394 5500 5506
f 5493 5506 5500
f 1393 5505 5504
f 1394 5506 5505
f 1392 5504 5506
f 5505 5506 5504
f 3 5507 5509
f 1395 5508 5507
f 1397 5509 5508
f 5507 5508 5509
f 359 5510 5512
f 1396 5511 5510
f 1395 5512 5511
f 5510 5511 5512
f 361 5513 5515
f 1397 5514 5513
f 1396 5515 5514
f 5513 5514 5515
f 1395 5511 5508
f 1396 5514 5511
f 1397 5508 5514
f 5511 5514 5508
f 96 5516 5518
f 1398 5517 5516
f 1400 5518 5517
f 5516 5517 5518
f 360 5519 5521
f 1399 5520 5519
f 1398 5521 5520
f 5519 5520 5521
f 359 5522 5524
f 1400 5523 5522
f 1399 5524 5523
f 5522 5523 5524
f 1398 5520 5517
f 1399 5523 5520
f 1400 5517 5523
f 5520 5523 5517
f 98 5525 5527
f 1401 5526 5525
f 1403 5527 5526
f 5525 5526 5527
f 361 5528 5530
f 1402 5529 5528
f 1401 5530 5529
f 5528 5529 5530
f 360 5531 5533
f 1403 5532 5531
f 1402 5533 5532
f 5531 5532 5533
f 1401 5529 5526
f 1402 5532 5529
f 1403 5526 5532
f 5529 5532 5526
f 359 5524 5510
f 1399 5534 5524
f 1396 5510 5534
f 5524 5534 5510
f 360 5533 5519
f 1402 5535 5533
f 1399 5519 5535
f 5533 5535 5519
f 361 5515 5528
f 1396 5536 5515
f 1402 5528 5536
f 5515 5536 5528
f 1399 5535 5534
f 1402 5536 5535
f 1396 5534 5536
f 5535 5536 5534
f 28 5537 5539
f 1404 5538 5537
f 1406 5539 5538
f 5537 5538 5539
f 362 5540 5542
f 1405 5541 5540
f 1404 5542 5541
f 5540 5541 5542
f 364 5543 5545
f 1406 5544 5543
f 1405 5545 5544
f 5543 5544 5545
f 1404 5541 5538
f 1405 5544 5541
f 1406 5538 5544
f 5541 5544 5538
f 97 5546 5548
f 1407 5547 5546
f 1409 5548 5547
f 5546 5547 5548
f 363 5549 5551
f 1408 5550 5549
f 1407 5551 5550
f 5549 5550 5551
f 362 5552 5554
f 1409 5553 5552
f 1408 5554 5553
f 5552 5553 5554
f 1407 5550 5547
f 1408 5553 5550
f 1409 5547 5553
f 5550 5553 5547
f 96 5555 5557
f 1410 5556 5555
f 1412 5557 5556
f 5555 5556 5557
f 364 5558 5560
f 1411 5559 5558
f 1410 5560 5559
f 5558 5559 5560
f 363 5561 5563
f 1412 5562 5561
f 1411 5563 5562
f 5561 5562 5563
f 1410 5559 5556
f 1411 5562 5559
f 1412 5556 5562
f 5559 5562 5556
f 362 5554 5540
f 1408 5564 5554
f 1405 5540 5564
f 5554 5564 5540
f 363 5563 5549
f 1411 5565 5563
f 1408 5549 5565
f 5563 5565 5549
f 364 5545 5558
f 1405 5566 5545
f 1411 5558 5566
f 5545 5566 5558
f 1408 5565 5564
f 1411 5566 5565
f 1405 5564 5566
f 5565 5566 5564
f 27 5567 5569
f 1413 5568 5567
f 1415 5569 5568
f 5567 5568 5569
f 365 5570 5572
f 1414 5571 5570
f 1413 5572 5571
f 5570 5571 5572
f 367 5573 5575
f 1415 5574 5573
f 1414 5575 5574
f 5573 5574 5575
f 1413 5571 5568
f 1414 5574 5571
f 1415 5568 5574
f 5571 5574 5568
f 98 5576 5578
f 1416 5577 5576
f 1418 5578 5577
f 5576 5577 5578
f 366 5579 5581
f 1417 5580 5579
f 1416 5581 5580
f 5579 5580 5581
f 365 5582 5584
f 1418 5583 5582
f 1417 5584 5583
f 5582 5583 5584
f 1416 5580 5577
f 1417 5583 5580
f 1418 5577 5583
f 5580 5583 5577
f 97 5585 5587
f 1419 5586 5585
f 1421 5587 5586
f 5585 5586 5587
f 367 5588 5590
f 1420 5589 5588
f 1419 5590 5589
f 5588 5589 5590
f 366 5591 5593
f 1421 5592 5591
f 1420 5593 5592
f 5591 5592 5593
f 1419 5589 5586
f 1420 5592 5589
f 1421 5586 5592
f 5589 5592 5586
f 365 5584 5570
f 1417 5594 5584
f 1414 5570 5594
f 5584 5594 5570
f 366 5593 5579
f 1420 5595 5593
f 1417 5579 5595
f 5593 5595 5579
f 367 5575 5588
f 1414 5596 5575
f 1420 5588 5596
f 5575 5596 5588
f 1417 5595 5594
f 1420 5596 5595
f 1414 5594 5596
f 5595 5596 5594
f 96 5557 5516
f 1412 5597 5557
f 1398 5516 5597
f 5557 5597 5516
f 363 5598 5561
f 1422 5599 5598
f 1412 5561 5599
f 5598 5599 5561
f 360 5521 5601
f 1398 5600 5521
f 1422 5601 5600
f 5521 5600 5601
f 1412 5599 5597
f 1422 5600 5599
f 1398 5597 5600
f 5599 5600 5597
f 97 5587 5546
f 1421 5602 5587
f 1407 5546 5602
f 5587 5602 5546
f 366 5603 5591
f 1423 5604 5603
f 1421 5591 5604
f 5603 5604 5591
f 363 5551 5606
f 1407 5605 5551
f 1423 5606 5605
f 5551 5605 5606
f 1421 5604 5602
f 1423 5605 5604
f 1407 5602 5605
f 5604 5605 5602
f 98 5527 5576
f 1403 5607 5527
f 1416 5576 5607
f 5527 5607 5576
f 360 5608 5531
f 1424 5609 5608
f 1403 5531 5609
f 5608 5609 5531
f 366 5581 5611
f 1416 5610 5581
f 1424 5611 5610
f 5581 5610 5611
f 1403 5609 5607
f 1424 5610 5609
f 1416 5607 5610
f 5609 5610 5607
f 363 5606 5598
f 1423 5612 5606
f 1422 5598 5612
f 5606 5612 5598
f 366 5611 5603
f 1424 5613 5611
f 1423 5603 5613
f 5611 5613 5603
f 360 5601 5608
f 1422 5614 5601
f 1424 5608 5614
f 5601 5614 5608
f 1423 5613 5612
f 1424 5614 5613
f 1422 5612 5614
f 5613 5614 5612
f 22 5464 5333
f 1386 5615 5464
f 1350 5333 5615
f 5464 5615 5333
f 358 5616 5467
f 1425 5617 5616
f 1386 5467 5617
f 5616 5617 5467
f 347 5337 5619
f 1350 5618 5337
f 1425 5619 5618
f 5337 5618 5619
f 1386 5617 5615
f 1425 5618 5617
f 1350 5615 5618
f 5617 5618 5615
f 95 5620 5477
f 1426 5621 5620
f 1389 5477 5621
f 5620 5621 5477
f 368 5622 5624
f 1427 5623 5622
f 1426 5624 5623
f 5622 5623 5624
f 358 5482 5626
f 1389 5625 5482
f 1427 5626 5625
f 5482 5625 5626
f 1426 5623 5621
f 1427 5625 5623
f 1389 5621 5625
f 5623 5625 5621
f 92 5342 5628
f 1354 5627 5342
f 1429 5628 5627
f 5342 5627 5628
f 347 5629 5346
f 1428 5630 5629
f 1354 5346 5630
f 5629 5630 5346
f 368 5631 5633
f 1429 5632 5631
f 1428 5633 5632
f 5631 5632 5633
f 1354 5630 5627
f 1428 5632 5630
f 1429 5627 5632
f 5630 5632 5627
f 358 5626 5616
f 1427 5634 5626
f 1425 5616 5634
f 5626 5634 5616
f 368 5633 5622
f 1428 5635 5633
f 1427 5622 5635
f 5633 5635 5622
f 347 5619 5629
f 1425 5636 5619
f 1428 5629 5636
f 5619 5636 5629
f 1427 5635 5634
f 1428 5636 5635
f 1425 5634 5636
f 5635 5636 5634
f 27 5569 5433
f 1415 5637 5569
f 1376 5433 5637
f 5569 5637 5433
f 367 5638 5573
f 1430 5639 5638
f 1415 5573 5639
f 5638 5639 5573
f 354 5438 5641
f 1376 5640 5438
f 1430 5641 5640
f 5438 5640 5641
f 1415 5639 5637
f 1430 5640 5639
f 1376 5637 5640
f 5639 5640 5637
f 97 5642 5585
f 1431 5643 5642
f 1419 5585 5643
f 5642 5643 5585
f 369 5644 5646
f 1432 5645 5644
f 1431 5646 5645
f 5644 5645 5646
f 367 5590 5648
f 1419 5647 5590
f 1432 5648 5647
f 5590 5647 5648
f 1431 5645 5643
f 1432 5647 5645
f 1419 5643 5647
f 5645 5647 5643
f 95 5444 5650
f 1381 5649 5444
f 1434 5650 5649
f 5444 5649 5650
f 354 5651 5448
f 1433 5652 5651
f 1381 5448 5652
f 5651 5652 5448
f 369 5653 5655
f 1434 5654 5653
f 1433 5655 5654
f 5653 5654 5655
f 1381 5652 5649
f 1433 5654 5652
f 1434 5649 5654
f 5652 5654 5649
f 367 5648 5638
f 1432 5656 5648
f 1430 5638 5656
f 5648 5656 5638
f 369 5655 5644
f 1433 5657 5655
f 1432 5644 5657
f 5655 5657 5644
f 354 5641 5651
f 1430 5658 5641
f 1433 5651 5658
f 5641 5658 5651
f 1432 5657 5656
f 1433 5658 5657
f 1430 5656 5658
f 5657 5658 5656
f 28 5361 5537
f 1359 5659 5361
f 1404 5537 5659
f 5361 5659 5537
f 351 5660 5365
f 1435 5661 5660
f 1359 5365 5661
f 5660 5661 5365
f 362 5542 5663
f 1404 5662 5542
f 1435 5663 5662
f 5542 5662 5663
f 1359 5661 5659
f 1435 5662 5661
f 1404 5659 5662
f 5661 5662 5659
f 92 5664 5377
f 1436 5665 5664
f 1363 5377 5665
f 5664 5665 5377
f 370 5666 5668
f 1437 5667 5666
f 1436 5668 5667
f 5666 5667 5668
f 351 5382 5670
f 1363 5669 5382
f 1437 5670 5669
f 5382 5669 5670
f 1436 5667 5665
f 1437 5669 5667
f 1363 5665 5669
f 5667 5669 5665
f 97 5548 5672
f 1409 5671 5548
f 1439 5672 5671
f 5548 5671 5672
f 362 5673 5552
f 1438 5674 5673
f 1409 5552 5674
f 5673 5674 5552
f 370 5675 5677
f 1439 5676 5675
f 1438 5677 5676
f 5675 5676 5677
f 1409 5674 5671
f 1438 5676 5674
f 1439 5671 5676
f 5674 5676 5671
f 351 5670 5660
f 1437 5678 5670
f 1435 5660 5678
f 5670 5678 5660
f 370 5677 5666
f 1438 5679 5677
f 1437 5666 5679
f 5677 5679 5666
f 362 5663 5673
f 1435 5680 5663
f 1438 5673 5680
f 5663 5680 5673
f 1437 5679 5678
f 1438 5680 5679
f 1435 5678 5680
f 5679 5680 5678
f 95 5650 5620
f 1434 5681 5650
f 1426 5620 5681
f 5650 5681 5620
f 369 5682 5653
f 1440 5683 5682
f 1434 5653 5683
f 5682 5683 5653
f 368 5624 5685
f 1426 5684 5624
f 1440 5685 5684
f 5624 5684 5685
f 1434 5683 5681
f 1440 5684 5683
f 1426 5681 5684
f 5683 5684 5681
f 97 5672 5642
f 1439 5686 5672
f 1431 5642 5686
f 5672 5686 5642
f 370 5687 5675
f 1441 5688 5687
f 1439 5675 5688
f 5687 5688 5675
f 369 5646 5690
f 1431 5689 5646
f 1441 5690 5689
f 5646 5689 5690
f 1439 5688 5686
f 1441 5689 5688
f 1431 5686 5689
f 5688 5689 5686
f 92 5628 5664
f 1429 5691 5628
f 1436 5664 5691
f 5628 5691 5664
f 368 5692 5631
f 1442 5693 5692
f 1429 5631 5693
f 5692 5693 5631
f 370 5668 5695
f 1436 5694 5668
f 1442 5695 5694
f 5668 5694 5695
f 1429 5693 5691
f 1442 5694 5693
f 1436 5691 5694
f 5693 5694 5691
f 369 5690 5682
f 1441 5696 5690
f 1440 5682 5696
f 5690 5696 5682
f 370 5695 5687
f 1442 5697 5695
f 1441 5687 5697
f 5695 5697 5687
f 368 5685 5692
f 1440 5698 5685
f 1442 5692 5698
f 5685 5698 5692
f 1441 5697 5696
f 1442 5698 5697
f 1440 5696 5698
f 5697 5698 5696
f 11 3957 5700
f 1005 5699 3957
f 1444 5700 5699
f 3957 5699 5700
f 261 5701 3961
f 1443 5702 5701
f 1005 3961 5702
f 5701 5702 3961
f 372 5703 5705
f 1444 5704 5703
f 1443 5705 5704
f 5703 5704 5705
f 1005 5702 5699
f 1443 5704 5702
f 1444 5699 5704
f 5702 5704 5699
f 72 5706 3973
f 1445 5707 5706
f 1009 3973 5707
f 5706 5707 3973
f 371 5708 5710
f 1446 5709 5708
f 1445 5710 5709
f 5708 5709 5710
f 261 3978 5712
f 1009 5711 3978
f 1446 5712 5711
f 3978 5711 5712
f 1445 5709 5707
f 1446 5711 5709
f 1009 5707 5711
f 5709 5711 5707
f 100 5713 5715
f 1447 5714 5713
f 1449 5715 5714
f 5713 5714 5715
f 372 5716 5718
f 1448 5717 5716
f 1447 5718 5717
f 5716 5717 5718
f 371 5719 5721
f 1449 5720 5719
f 1448 5721 5720
f 5719 5720 5721
f 1447 5717 5714
f 1448 5720 5717
f 1449 5714 5720
f 5717 5720 5714
f 261 5712 5701
f 1446 5722 5712
f 1443 5701 5722
f 5712 5722 5701
f 371 5721 5708
f 1448 5723 5721
f 1446 5708 5723
f 5721 5723 5708
f 372 5705 5716
f 1443 5724 5705
f 1448 5716 5724
f 5705 5724 5716
f 1446 5723 5722
f 1448 5724 5723
f 1443 5722 5724
f 5723 5724 5722
f 20 5725 4015
f 1450 5726 5725
f 1021 4015 5726
f 5725 5726 4015
f 373 5727 5729
f 1451 5728 5727
f 1450 5729 5728
f 5727 5728 5729
f 265 4020 5731
f 1021 5730 4020
f 1451 5731 5730
f 4020 5730 5731
f 1450 5728 5726
f 1451 5730 5728
f 1021 5726 5730
f 5728 5730 5726
f 99 5732 5734
f 1452 5733 5732
f 1454 5734 5733
f 5732 5733 5734
f 374 5735 5737
f 1453 5736 5735
f 1452 5737 5736
f 5735 5736 5737
f 373 5738 5740
f 1454 5739 5738
f 1453 5740 5739
f 5738 5739 5740
f 1452 5736 5733
f 1453 5739 5736
f 1454 5733 5739
f 5736 5739 5733
f 72 4026 5742
f 1026 5741 4026
f 1456 5742 5741
f 4026 5741 5742
f 265 5743 4030
f 1455 5744 5743
f 1026 4030 5744
f 5743 5744 4030
f 374 5745 5747
f 1456 5746 5745
f 1455 5747 5746
f 5745 5746 5747
f 1026 5744 5741
f 1455 5746 5744
f 1456 5741 5746
f 5744 5746 5741
f 373 5740 5727
f 1453 5748 5740
f 1451 5727 5748
f 5740 5748 5727
f 374 5747 5735
f 1455 5749 5747
f 1453 5735 5749
f 5747 5749 5735
f 265 5731 5743
f 1451 5750 5731
f 1455 5743 5750
f 5731 5750 5743
f 1453 5749 5748
f 1455 5750 5749
f 1451 5748 5750
f 5749 5750 5748
f 30 5751 5753
f 1457 5752 5751
f 1459 5753 5752
f 5751 5752 5753
f 375 5754 5756
f 1458 5755 5754
f 1457 5756 5755
f 5754 5755 5756
f 377 5757 5759
f 1459 5758 5757
f 1458 5759 5758
f 5757 5758 5759
f 1457 5755 5752
f 1458 5758 5755
f 1459 5752 5758
f 5755 5758 5752
f 100 5760 5762
f 1460 5761 5760
f 1462 5762 5761
f 5760 5761 5762
f 376 5763 5765
f 1461 5764 5763
f 1460 5765 5764
f 5763 5764 5765
f 375 5766 5768
f 1462 5767 5766
f 1461 5768 5767
f 5766 5767 5768
f 1460 5764 5761
f 1461 5767 5764
f 1462 5761 5767
f 5764 5767 5761
f 99 5769 5771
f 1463 5770 5769
f 1465 5771 5770
f 5769 5770 5771
f 377 5772 5774
f 1464 5773 5772
f 1463 5774 5773
f 5772 5773 5774
f 376 5775 5777
f 1465 5776 5775
f 1464 5777 5776
f 5775 5776 5777
f 1463 5773 5770
f 1464 5776 5773
f 1465 5770 5776
f 5773 5776 5770
f 375 5768 5754
f 1461 5778 5768
f 1458 5754 5778
f 5768 5778 5754
f 376 5777 5763
f 1464 5779 5777
f 1461 5763 5779
f 5777 5779 5763
f 377 5759 5772
f 1458 5780 5759
f 1464 5772 5780
f 5759 5780 5772
f 1461 5779 5778
f 1464 5780 5779
f 1458 5778 5780
f 5779 5780 5778
f 72 5742 5706
f 1456 5781 5742
f 1445 5706 5781
f 5742 5781 5706
f 374 5782 5745
f 1466 5783 5782
f 1456 5745 5783
f 5782 5783 5745
f 371 5710 5785
f 1445 5784 5710
f 1466 5785 5784
f 5710 5784 5785
f 1456 5783 5781
f 1466 5784 5783
f 1445 5781 5784
f 5783 5784 5781
f 99 5771 5732
f 1465 5786 5771
f 1452 5732 5786
f 5771 5786 5732
f 376 5787 5775
f 1467 5788 5787
f 1465 5775 5788
f 5787 5788 5775
f 374 5737 5790
f 1452 5789 5737
f 1467 5790 5789
f 5737 5789 5790
f 1465 5788 5786
f 1467 5789 5788
f 1452 5786 5789
f 5788 5789 5786
f 100 5715 5760
f 1449 5791 5715
f 1460 5760 5791
f 5715 5791 5760
f 371 5792 5719
f 1468 5793 5792
f 1449 5719 5793
f 5792 5793 5719
f 376 5765 5795
f 1460 5794 5765
f 1468 5795 5794
f 5765 5794 5795
f 1449 5793 5791
f 1468 5794 5793
f 1460 5791 5794
f 5793 5794 5791
f 374 5790 5782
f 1467 5796 5790
f 1466 5782 5796
f 5790 5796 5782
f 376 5795 5787
f 1468 5797 5795
f 1467 5787 5797
f 5795 5797 5787
f 371 5785 5792
f 1466 5798 5785
f 1468 5792 5798
f 5785 5798 5792
f 1467 5797 5796
f 1468 5798 5797
f 1466 5796 5798
f 5797 5798 5796
f 8 5799 3855
f 1469 5800 5799
f 977 3855 5800
f 5799 5800 3855
f 378 5801 5803
f 1470 5802 5801
f 1469 5803 5802
f 5801 5802 5803
f 252 3859 5805
f 977 5804 3859
f 1470 5805 5804
f 3859 5804 5805
f 1469 5802 5800
f 1470 5804 5802
f 977 5800 5804
f 5802 5804 5800
f 101 5806 5808
f 1471 5807 5806
f 1473 5808 5807
f 5806 5807 5808
f 379 5809 5811
f 1472 5810 5809
f 1471 5811 5810
f 5809 5810 5811
f 378 5812 5814
f 1473 5813 5812
f 1472 5814 5813
f 5812 5813 5814
f 1471 5810 5807
f 1472 5813 5810
f 1473 5807 5813
f 5810 5813 5807
f 68 3864 5816
f 981 5815 3864
f 1475 5816 5815
f 3864 5815 5816
f 252 5817 3868
f 1474 5818 5817
f 981 3868 5818
f 5817 5818 3868
f 379 5819 5821
f 1475 5820 5819
f 1474 5821 5820
f 5819 5820 5821
f 981 5818 5815
f 1474 5820 5818
f 1475 5815 5820
f 5818 5820 5815
f 378 5814 5801
f 1472 5822 5814
f 1470 5801 5822
f 5814 5822 5801
f 379 5821 5809
f 1474 5823 5821
f 1472 5809 5823
f 5821 5823 5809
f 252 5805 5817
f 1470 5824 5805
f 1474 5817 5824
f 5805 5824 5817
f 1472 5823 5822
f 1474 5824 5823
f 1470 5822 5824
f 5823 5824 5822
f 29 5825 5827
f 1476 5826 5825
f 1478 5827 5826
f 5825 5826 5827
f 380 5828 5830
f 1477 5829 5828
f 1476 5830 5829
f 5828 5829 5830
f 382 5831 5833
f 1478 5832 5831
f 1477 5833 5832
f 5831 5832 5833
f 1476 5829 5826
f 1477 5832 5829
f 1478 5826 5832
f 5829 5832 5826
f 102 5834 5836
f 1479 5835 5834
f 1481 5836 5835
f 5834 5835 5836
f 381 5837 5839
f 1480 5838 5837
f 1479 5839 5838
f 5837 5838 5839
f 380 5840 5842
f 1481 5841 5840
f 1480 5842 5841
f 5840 5841 5842
f 1479 5838 5835
f 1480 5841 5838
f 1481 5835 5841
f 5838 5841 5835
f 101 5843 5845
f 1482 5844 5843
f 1484 5845 5844
f 5843 5844 5845
f 382 5846 5848
f 1483 5847 5846
f 1482 5848 5847
f 5846 5847 5848
f 381 5849 5851
f 1484 5850 5849
f 1483 5851 5850
f 5849 5850 5851
f 1482 5847 5844
f 1483 5850 5847
f 1484 5844 5850
f 5847 5850 5844
f 380 5842 5828
f 1480 5852 5842
f 1477 5828 5852
f 5842 5852 5828
f 381 5851 5837
f 1483 5853 5851
f 1480 5837 5853
f 5851 5853 5837
f 382 5833 5846
f 1477 5854 5833
f 1483 5846 5854
f 5833 5854 5846
f 1480 5853 5852
f 1483 5854 5853
f 1477 5852 5854
f 5853 5854 5852
f 20 3883 5856
f 986 5855 3883
f 1486 5856 5855
f 3883 5855 5856
f 256 5857 3887
f 1485 5858 5857
f 986 3887 5858
f 5857 5858 3887
f 384 5859 5861
f 1486 5860 5859
f 1485 5861 5860
f 5859 5860 5861
f 986 5858 5855
f 1485 5860 5858
f 1486 5855 5860
f 5858 5860 5855
f 68 5862 3899
f 1487 5863 5862
f 990 3899 5863
f 5862 5863 3899
f 383 5864 5866
f 1488 5865 5864
f 1487 5866 5865
f 5864 5865 5866
f 256 3904 5868
f 990 5867 3904
f 1488 5868 5867
f 3904 5867 5868
f 1487 5865 5863
f 1488 5867 5865
f 990 5863 5867
f 5865 5867 5863
f 102 5869 5871
f 1489 5870 5869
f 1491 5871 5870
f 5869 5870 5871
f 384 5872 5874
f 1490 5873 5872
f 1489 5874 5873
f 5872 5873 5874
f 383 5875 5877
f 1491 5876 5875
f 1490 5877 5876
f 5875 5876 5877
f 1489 5873 5870
f 1490 5876 5873
f 1491 5870 5876
f 5873 5876 5870
f 256 5868 5857
f 1488 5878 5868
f 1485 5857 5878
f 5868 5878 5857
f 383 5877 5864
f 1490 5879 5877
f 1488 5864 5879
f 5877 5879 5864
f 384 5861 5872
f 1485 5880 5861
f 1490 5872 5880
f 5861 5880 5872
f 1488 5879 5878
f 1490 5880 5879
f 1485 5878 5880
f 5879 5880 5878
f 101 5845 5806
f 1484 5881 5845
f 1471 5806 5881
f 5845 5881 5806
f 381 5882 5849
f 1492 5883 5882
f 1484 5849 5883
f 5882 5883 5849
f 379 5811 5885
f 1471 5884 5811
f 1492 5885 5884
f 5811 5884 5885
f 1484 5883 5881
f 1492 5884 5883
f 1471 5881 5884
f 5883 5884 5881
f 102 5871 5834
f 1491 5886 5871
f 1479 5834 5886
f 5871 5886 5834
f 383 5887 5875
f 1493 5888 5887
f 1491 5875 5888
f 5887 5888 5875
f 381 5839 5890
f 1479 5889 5839
f 1493 5890 5889
f 5839 5889 5890
f 1491 5888 5886
f 1493 5889 5888
f 1479 5886 5889
f 5888 5889 5886
f 68 5816 5862
f 1475 5891 5816
f 1487 5862 5891
f 5816 5891 5862
f 379 5892 5819
f 1494 5893 5892
f 1475 5819 5893
f 5892 5893 5819
f 383 5866 5895
f 1487 5894 5866
f 1494 5895 5894
f 5866 5894 5895
f 1475 5893 5891
f 1494 5894 5893
f 1487 5891 5894
f 5893 5894 5891
f 381 5890 5882
f 1493 5896 5890
f 1492 5882 5896
f 5890 5896 5882
f 383 5895 5887
f 1494 5897 5895
f 1493 5887 5897
f 5895 5897 5887
f 379 5885 5892
f 1492 5898 5885
f 1494 5892 5898
f 5885 5898 5892
f 1493 5897 5896
f 1494 5898 5897
f 1492 5896 5898
f 5897 5898 5896
f 7 5899 5901
f 1495 5900 5899
f 1497 5901 5900
f 5899 5900 5901
f 385 5902 5904
f 1496 5903 5902
f 1495 5904 5903
f 5902 5903 5904
f 387 5905 5907
f 1497 5906 5905
f 1496 5907 5906
f 5905 5906 5907
f 1495 5903 5900
f 1496 5906 5903
f 1497 5900 5906
f 5903 5906 5900
f 103 5908 5910
f 1498 5909 5908
f 1500 5910 5909
f 5908 5909 5910
f 386 5911 5913
f 1499 5912 5911
f 1498 5913 5912
f 5911 5912 5913
f 385 5914 5916
f 1500 5915 5914
f 1499 5916 5915
f 5914 5915 5916
f 1498 5912 5909
f 1499 5915 5912
f 1500 5909 5915
f 5912 5915 5909
f 105 5917 5919
f 1501 5918 5917
f 1503 5919 5918
f 5917 5918 5919
f 387 5920 5922
f 1502 5921 5920
f 1501 5922 5921
f 5920 5921 5922
f 386 5923 5925
f 1503 5924 5923
f 1502 5925 5924
f 5923 5924 5925
f 1501 5921 5918
f 1502 5924 5921
f 1503 5918 5924
f 5921 5924 5918
f 385 5916 5902
f 1499 5926 5916
f 1496 5902 5926
f 5916 5926 5902
f 386 5925 5911
f 1502 5927 5925
f 1499 5911 5927
f 5925 5927 5911
f 387 5907 5920
f 1496 5928 5907
f 1502 5920 5928
f 5907 5928 5920
f 1499 5927 5926
f 1502 5928 5927
f 1496 5926 5928
f 5927 5928 5926
f 30 5929 5931
f 1504 5930 5929
f 1506 5931 5930
f 5929 5930 5931
f 388 5932 5934
f 1505 5933 5932
f 1504 5934 5933
f 5932 5933 5934
f 390 5935 5937
f 1506 5936 5935
f 1505 5937 5936
f 5935 5936 5937
f 1504 5933 5930
f 1505 5936 5933
f 1506 5930 5936
f 5933 5936 5930
f 104 5938 5940
f 1507 5939 5938
f 1509 5940 5939
f 5938 5939 5940
f 389 5941 5943
f 1508 5942 5941
f 1507 5943 5942
f 5941 5942 5943
f 388 5944 5946
f 1509 5945 5944
f 1508 5946 5945
f 5944 5945 5946
f 1507 5942 5939
f 1508 5945 5942
f 1509 5939 5945
f 5942 5945 5939
f 103 5947 5949
f 1510 5948 5947
f 1512 5949 5948
f 5947 5948 5949
f 390 5950 5952
f 1511 5951 5950
f 1510 5952 5951
f 5950 5951 5952
f 389 5953 5955
f 1512 5954 5953
f 1511 5955 5954
f 5953 5954 5955
f 1510 5951 5948
f 1511 5954 5951
f 1512 5948 5954
f 5951 5954 5948
f 388 5946 5932
f 1508 5956 5946
f 1505 5932 5956
f 5946 5956 5932
f 389 5955 5941
f 1511 5957 5955
f 1508 5941 5957
f 5955 5957 5941
f 390 5937 5950
f 1505 5958 5937
f 1511 5950 5958
f 5937 5958 5950
f 1508 5957 5956
f 1511 5958 5957
f 1505 5956 5958
f 5957 5958 5956
f 29 5959 5961
f 1513 5960 5959
f 1515 5961 5960
f 5959 5960 5961
f 391 5962 5964
f 1514 5963 5962
f 1513 5964 5963
f 5962 5963 5964
f 393 5965 5967
f 1515 5966 5965
f 1514 5967 5966
f 5965 5966 5967
f 1513 5963 5960
f 1514 5966 5963
f 1515 5960 5966
f 5963 5966 5960
f 105 5968 5970
f 1516 5969 5968
f 1518 5970 5969
f 5968 5969 5970
f 392 5971 5973
f 1517 5972 5971
f 1516 5973 5972
f 5971 5972 5973
f 391 5974 5976
f 1518 5975 5974
f 1517 5976 5975
f 5974 5975 5976
f 1516 5972 5969
f 1517 5975 5972
f 1518 5969 5975
f 5972 5975 5969
f 104 5977 5979
f 1519 5978 5977
f 1521 5979 5978
f 5977 5978 5979
f 393 5980 5982
f 1520 5981 5980
f 1519 5982 5981
f 5980 5981 5982
f 392 5983 5985
f 1521 5984 5983
f 1520 5985 5984
f 5983 5984 5985
f 1519 5981 5978
f 1520 5984 5981
f 1521 5978 5984
f 5981 5984 5978
f 391 5976 5962
f 1517 5986 5976
f 1514 5962 5986
f 5976 5986 5962
f 392 5985 5971
f 1520 5987 5985
f 1517 5971 5987
f 5985 5987 5971
f 393 5967 5980
f 1514 5988 5967
f 1520 5980 5988
f 5967 5988 5980
f 1517 5987 5986
f 1520 5988 5987
f 1514 5986 5988
f 5987 5988 5986
f 103 5949 5908
f 1512 5989 5949
f 1498 5908 5989
f 5949 5989 5908
f 389 5990 5953
f 1522 5991 5990
f 1512 5953 5991
f 5990 5991 5953
f 386 5913 5993
f 1498 5992 5913
f 1522 5993 5992
f 5913 5992 5993
f 1512 5991 5989
f 1522 5992 5991
f 1498 5989 5992
f 5991 5992 5989
f 104 5979 5938
f 1521 5994 5979
f 1507 5938 5994
f 5979 5994 5938
f 392 5995 5983
f 1523 5996 5995
f 1521 5983 5996
f 5995 5996 5983
f 389 5943 5998
f 1507 5997 5943
f 1523 5998 5997
f 5943 5997 5998
f 1521 5996 5994
f 1523 5997 5996
f 1507 5994 5997
f 5996 5997 5994
f 105 5919 5968
f 1503 5999 5919
f 1516 5968 5999
f 5919 5999 5968
f 386 6000 5923
f 1524 6001 6000
f 1503 5923 6001
f 6000 6001 5923
f 392 5973 6003
f 1516 6002 5973
f 1524 6003 6002
f 5973 6002 6003
f 1503 6001 5999
f 1524 6002 6001
f 1516 5999 6002
f 6001 6002 5999
f 389 5998 5990
f 1523 6004 5998
f 1522 5990 6004
f 5998 6004 5990
f 392 6003 5995
f 1524 6005 6003
f 1523 5995 6005
f 6003 6005 5995
f 386 5993 6000
f 1522 6006 5993
f 1524 6000 6006
f 5993 6006 6000
f 1523 6005 6004
f 1524 6006 6005
f 1522 6004 6006
f 6005 6006 6004
f 20 5856 5725
f 1486 6007 5856
f 1450 5725 6007
f 5856 6007 5725
f 384 6008 5859
f 1525 6009 6008
f 1486 5859 6009
f 6008 6009 5859
f 373 5729 6011
f 1450 6010 5729
f 1525 6011 6010
f 5729 6010 6011
f 1486 6009 6007
f 1525 6010 6009
f 1450 6007 6010
f 6009 6010 6007
f 102 6012 5869
f 1526 6013 6012
f 1489 5869 6013
f 6012 6013 5869
f 394 6014 6016
f 1527 6015 6014
f 1526 6016 6015
f 6014 6015 6016
f 384 5874 6018
f 1489 6017 5874
f 1527 6018 6017
f 5874 6017 6018
f 1526 6015 6013
f 1527 6017 6015
f 1489 6013 6017
f 6015 6017 6013
f 99 5734 6020
f 1454 6019 5734
f 1529 6020 6019
f 5734 6019 6020
f 373 6021 5738
f 1528 6022 6021
f 1454 5738 6022
f 6021 6022 5738
f 394 6023 6025
f 1529 6024 6023
f 1528 6025 6024
f 6023 6024 6025
f 1454 6022 6019
f 1528 6024 6022
f 1529 6019 6024
f 6022 6024 6019
f 384 6018 6008
f 1527 6026 6018
f 1525 6008 6026
f 6018 6026 6008
f 394 6025 6014
f 1528 6027 6025
f 1527 6014 6027
f 6025 6027 6014
f 373 6011 6021
f 1525 6028 6011
f 1528 6021 6028
f 6011 6028 6021
f 1527 6027 6026
f 1528 6028 6027
f 1525 6026 6028
f 6027 6028 6026
f 29 5961 5825
f 1515 6029 5961
f 1476 5825 6029
f 5961 6029 5825
f 393 6030 5965
f 1530 6031 6030
f 1515 5965 6031
f 6030 6031 5965
f 380 5830 6033
f 1476 6032 5830
f 1530 6033 6032
f 5830 6032 6033
f 1515 6031 6029
f 1530 6032 6031
f 1476 6029 6032
f 6031 6032 6029
f 104 6034 5977
f 1531 6035 6034
f 1519 5977 6035
f 6034 6035 5977
f 395 6036 6038
f 1532 6037 6036
f 1531 6038 6037
f 6036 6037 6038
f 393 5982 6040
f 1519 6039 5982
f 1532 6040 6039
f 5982 6039 6040
f 1531 6037 6035
f 1532 6039 6037
f 1519 6035 6039
f 6037 6039 6035
f 102 5836 6042
f 1481 6041 5836
f 1534 6042 6041
f 5836 6041 6042
f 380 6043 5840
f 1533 6044 6043
f 1481 5840 6044
f 6043 6044 5840
f 395 6045 6047
f 1534 6046 6045
f 1533 6047 6046
f 6045 6046 6047
f 1481 6044 6041
f 1533 6046 6044
f 1534 6041 6046
f 6044 6046 6041
f 393 6040 6030
f 1532 6048 6040
f 1530 6030 6048
f 6040 6048 6030
f 395 6047 6036
f 1533 6049 6047
f 1532 6036 6049
f 6047 6049 6036
f 380 6033 6043
f 1530 6050 6033
f 1533 6043 6050
f 6033 6050 6043
f 1532 6049 6048
f 1533 6050 6049
f 1530 6048 6050
f 6049 6050 6048
f 30 5753 5929
f 1459 6051 5753
f 1504 5929 6051
f 5753 6051 5929
f 377 6052 5757
f 1535 6053 6052
f 1459 5757 6053
f 6052 6053 5757
f 388 5934 6055
f 1504 6054 5934
f 1535 6055 6054
f 5934 6054 6055
f 1459 6053 6051
f 1535 6054 6053
f 1504 6051 6054
f 6053 6054 6051
f 99 6056 5769
f 1536 6057 6056
f 1463 5769 6057
f 6056 6057 5769
f 396 6058 6060
f 1537 6059 6058
f 1536 6060 6059
f 6058 6059 6060
f 377 5774 6062
f 1463 6061 5774
f 1537 6062 6061
f 5774 6061 6062
f 1536 6059 6057
f 1537 6061 6059
f 1463 6057 6061
f 6059 6061 6057
f 104 5940 6064
f 1509 6063 5940
f 1539 6064 6063
f 5940 6063 6064
f 388 6065 5944
f 1538 6066 6065
f 1509 5944 6066
f 6065 6066 5944
f 396 6067 6069
f 1539 6068 6067
f 1538 6069 6068
f 6067 6068 6069
f 1509 6066 6063
f 1538 6068 6066
f 1539 6063 6068
f 6066 6068 6063
f 377 6062 6052
f 1537 6070 6062
f 1535 6052 6070
f 6062 6070 6052
f 396 6069 6058
f 1538 6071 6069
f 1537 6058 6071
f 6069 6071 6058
f 388 6055 6065
f 1535 6072 6055
f 1538 6065 6072
f 6055 6072 6065
f 1537 6071 6070
f 1538 6072 6071
f 1535 6070 6072
f 6071 6072 6070
f 102 6042 6012
f 1534 6073 6042
f 1526 6012 6073
f 6042 6073 6012
f 395 6074 6045
f 1540 6075 6074
f 1534 6045 6075
f 6074 6075 6045
f 394 6016 6077
f 1526 6076 6016
f 1540 6077 6076
f 6016 6076 6077
f 1534 6075 6073
f 1540 6076 6075
f 1526 6073 6076
f 6075 6076 6073
f 104 6064 6034
f 1539 6078 6064
f 1531 6034 6078
f 6064 6078 6034
f 396 6079 6067
f 1541 6080 6079
f 1539 6067 6080
f 6079 6080 6067
f 395 6038 6082
f 1531 6081 6038
f 1541 6082 6081
f 6038 6081 6082
f 1539 6080 6078
f 1541 6081 6080
f 1531 6078 6081
f 6080 6081 6078
f 99 6020 6056
f 1529 6083 6020
f 1536 6056 6083
f 6020 6083 6056
f 394 6084 6023
f 1542 6085 6084
f 1529 6023 6085
f 6084 6085 6023
f 396 6060 6087
f 1536 6086 6060
f 1542 6087 6086
f 6060 6086 6087
f 1529 6085 6083
f 1542 6086 6085
f 1536 6083 6086
f 6085 6086 6083
f 395 6082 6074
f 1541 6088 6082
f 1540 6074 6088
f 6082 6088 6074
f 396 6087 6079
f 1542 6089 6087
f 1541 6079 6089
f 6087 6089 6079
f 394 6077 6084
f 1540 6090 6077
f 1542 6084 6090
f 6077 6090 6084
f 1541 6089 6088
f 1542 6090 6089
f 1540 6088 6090
f 6089 6090 6088
f 8 3565 6092
f 905 6091 3565
f 1544 6092 6091
f 3565 6091 6092
f 235 6093 3569
f 1543 6094 6093
f 905 3569 6094
f 6093 6094 3569
f 398 6095 6097
f 1544 6096 6095
f 1543 6097 6096
f 6095 6096 6097
f 905 6094 6091
f 1543 6096 6094
f 1544 6091 6096
f 6094 6096 6091
f 65 6098 3581
f 1545 6099 6098
f 909 3581 6099
f 6098 6099 3581
f 397 6100 6102
f 1546 6101 6100
f 1545 6102 6101
f 6100 6101 6102
f 235 3586 6104
f 909 6103 3586
f 1546 6104 6103
f 3586 6103 6104
f 1545 6101 6099
f 1546 6103 6101
f 909 6099 6103
f 6101 6103 6099
f 107 6105 6107
f 1547 6106 6105
f 1549 6107 6106
f 6105 6106 6107
f 398 6108 6110
f 1548 6109 6108
f 1547 6110 6109
f 6108 6109 6110
f 397 6111 6113
f 1549 6112 6111
f 1548 6113 6112
f 6111 6112 6113
f 1547 6109 6106
f 1548 6112 6109
f 1549 6106 6112
f 6109 6112 6106
f 235 6104 6093
f 1546 6114 6104
f 1543 6093 6114
f 6104 6114 6093
f 397 6113 6100
f 1548 6115 6113
f 1546 6100 6115
f 6113 6115 6100
f 398 6097 6108
f 1543 6116 6097
f 1548 6108 6116
f 6097 6116 6108
f 1546 6115 6114
f 1548 6116 6115
f 1543 6114 6116
f 6115 6116 6114
f 18 6117 3623
f 1550 6118 6117
f 921 3623 6118
f 6117 6118 3623
f 399 6119 6121
f 1551 6120 6119
f 1550 6121 6120
f 6119 6120 6121
f 239 3628 6123
f 921 6122 3628
f 1551 6123 6122
f 3628 6122 6123
f 1550 6120 6118
f 1551 6122 6120
f 921 6118 6122
f 6120 6122 6118
f 106 6124 6126
f 1552 6125 6124
f 1554 6126 6125
f 6124 6125 6126
f 400 6127 6129
f 1553 6128 6127
f 1552 6129 6128
f 6127 6128 6129
f 399 6130 6132
f 1554 6131 6130
f 1553 6132 6131
f 6130 6131 6132
f 1552 6128 6125
f 1553 6131 6128
f 1554 6125 6131
f 6128 6131 6125
f 65 3634 6134
f 926 6133 3634
f 1556 6134 6133
f 3634 6133 6134
f 239 6135 3638
f 1555 6136 6135
f 926 3638 6136
f 6135 6136 3638
f 400 6137 6139
f 1556 6138 6137
f 1555 6139 6138
f 6137 6138 6139
f 926 6136 6133
f 1555 6138 6136
f 1556 6133 6138
f 6136 6138 6133
f 399 6132 6119
f 1553 6140 6132
f 1551 6119 6140
f 6132 6140 6119
f 400 6139 6127
f 1555 6141 6139
f 1553 6127 6141
f 6139 6141 6127
f 239 6123 6135
f 1551 6142 6123
f 1555 6135 6142
f 6123 6142 6135
f 1553 6141 6140
f 1555 6142 6141
f 1551 6140 6142
f 6141 6142 6140
f 32 6143 6145
f 1557 6144 6143
f 1559 6145 6144
f 6143 6144 6145
f 401 6146 6148
f 1558 6147 6146
f 1557 6148 6147
f 6146 6147 6148
f 403 6149 6151
f 1559 6150 6149
f 1558 6151 6150
f 6149 6150 6151
f 1557 6147 6144
f 1558 6150 6147
f 1559 6144 6150
f 6147 6150 6144
f 107 6152 6154
f 1560 6153 6152
f 1562 6154 6153
f 6152 6153 6154
f 402 6155 6157
f 1561 6156 6155
f 1560 6157 6156
f 6155 6156 6157
f 401 6158 6160
f 1562 6159 6158
f 1561 6160 6159
f 6158 6159 6160
f 1560 6156 6153
f 1561 6159 6156
f 1562 6153 6159
f 6156 6159 6153
f 106 6161 6163
f 1563 6162 6161
f 1565 6163 6162
f 6161 6162 6163
f 403 6164 6166
f 1564 6165 6164
f 1563 6166 6165
f 6164 6165 6166
f 402 6167 6169
f 1565 6168 6167
f 1564 6169 6168
f 6167 6168 6169
f 1563 6165 6162
f 1564 6168 6165
f 1565 6162 6168
f 6165 6168 6162
f 401 6160 6146
f 1561 6170 6160
f 1558 6146 6170
f 6160 6170 6146
f 402 6169 6155
f 1564 6171 6169
f 1561 6155 6171
f 6169 6171 6155
f 403 6151 6164
f 1558 6172 6151
f 1564 6164 6172
f 6151 6172 6164
f 1561 6171 6170
f 1564 6172 6171
f 1558 6170 6172
f 6171 6172 6170
f 65 6134 6098
f 1556 6173 6134
f 1545 6098 6173
f 6134 6173 6098
f 400 6174 6137
f 1566 6175 6174
f 1556 6137 6175
f 6174 6175 6137
f 397 6102 6177
f 1545 6176 6102
f 1566 6177 6176
f 6102 6176 6177
f 1556 6175 6173
f 1566 6176 6175
f 1545 6173 6176
f 6175 6176 6173
f 106 6163 6124
f 1565 6178 6163
f 1552 6124 6178
f 6163 6178 6124
f 402 6179 6167
f 1567 6180 6179
f 1565 6167 6180
f 6179 6180 6167
f 400 6129 6182
f 1552 6181 6129
f 1567 6182 6181
f 6129 6181 6182
f 1565 6180 6178
f 1567 6181 6180
f 1552 6178 6181
f 6180 6181 6178
f 107 6107 6152
f 1549 6183 6107
f 1560 6152 6183
f 6107 6183 6152
f 397 6184 6111
f 1568 6185 6184
f 1549 6111 6185
f 6184 6185 6111
f 402 6157 6187
f 1560 6186 6157
f 1568 6187 6186
f 6157 6186 6187
f 1549 6185 6183
f 1568 6186 6185
f 1560 6183 6186
f 6185 6186 6183
f 400 6182 6174
f 1567 6188 6182
f 1566 6174 6188
f 6182 6188 6174
f 402 6187 6179
f 1568 6189 6187
f 1567 6179 6189
f 6187 6189 6179
f 397 6177 6184
f 1566 6190 6177
f 1568 6184 6190
f 6177 6190 6184
f 1567 6189 6188
f 1568 6190 6189
f 1566 6188 6190
f 6189 6190 6188
f 2 6191 3463
f 1569 6192 6191
f 877 3463 6192
f 6191 6192 3463
f 404 6193 6195
f 1570 6194 6193
f 1569 6195 6194
f 6193 6194 6195
f 226 3467 6197
f 877 6196 3467
f 1570 6197 6196
f 3467 6196 6197
f 1569 6194 6192
f 1570 6196 6194
f 877 6192 6196
f 6194 6196 6192
f 108 6198 6200
f 1571 6199 6198
f 1573 6200 6199
f 6198 6199 6200
f 405 6201 6203
f 1572 6202 6201
f 1571 6203 6202
f 6201 6202 6203
f 404 6204 6206
f 1573 6205 6204
f 1572 6206 6205
f 6204 6205 6206
f 1571 6202 6199
f 1572 6205 6202
f 1573 6199 6205
f 6202 6205 6199
f 61 3472 6208
f 881 6207 3472
f 1575 6208 6207
f 3472 6207 6208
f 226 6209 3476
f 1574 6210 6209
f 881 3476 6210
f 6209 6210 3476
f 405 6211 6213
f 1575 6212 6211
f 1574 6213 6212
f 6211 6212 6213
f 881 6210 6207
f 1574 6212 6210
f 1575 6207 6212
f 6210 6212 6207
f 404 6206 6193
f 1572 6214 6206
f 1570 6193 6214
f 6206 6214 6193
f 405 6213 6201
f 1574 6215 6213
f 1572 6201 6215
f 6213 6215 6201
f 226 6197 6209
f 1570 6216 6197
f 1574 6209 6216
f 6197 6216 6209
f 1572 6215 6214
f 1574 6216 6215
f 1570 6214 6216
f 6215 6216 6214
f 31 6217 6219
f 1576 6218 6217
f 1578 6219 6218
f 6217 6218 6219
f 406 6220 6222
f 1577 6221 6220
f 1576 6222 6221
f 6220 6221 6222
f 408 6223 6225
f 1578 6224 6223
f 1577 6225 6224
f 6223 6224 6225
f 1576 6221 6218
f 1577 6224 6221
f 1578 6218 6224
f 6221 6224 6218
f 109 6226 6228
f 1579 6227 6226
f 1581 6228 6227
f 6226 6227 6228
f 407 6229 6231
f 1580 6230 6229
f 1579 6231 6230
f 6229 6230 6231
f 406 6232 6234
f 1581 6233 6232
f 1580 6234 6233
f 6232 6233 6234
f 1579 6230 6227
f 1580 6233 6230
f 1581 6227 6233
f 6230 6233 6227
f 108 6235 6237
f 1582 6236 6235
f 1584 6237 6236
f 6235 6236 6237
f 408 6238 6240
f 1583 6239 6238
f 1582 6240 6239
f 6238 6239 6240
f 407 6241 6243
f 1584 6242 6241
f 1583 6243 6242
f 6241 6242 6243
f 1582 6239 6236
f 1583 6242 6239
f 1584 6236 6242
f 6239 6242 6236
f 406 6234 6220
f 1580 6244 6234
f 1577 6220 6244
f 6234 6244 6220
f 407 6243 6229
f 1583 6245 6243
f 1580 6229 6245
f 6243 6245 6229
f 408 6225 6238
f 1577 6246 6225
f 1583 6238 6246
f 6225 6246 6238
f 1580 6245 6244
f 1583 6246 6245
f 1577 6244 6246
f 6245 6246 6244
f 18 3491 6248
f 886 6247 3491
f 1586 6248 6247
f 3491 6247 6248
f 230 6249 3495
f 1585 6250 6249
f 886 3495 6250
f 6249 6250 3495
f 410 6251 6253
f 1586 6252 6251
f 1585 6253 6252
f 6251 6252 6253
f 886 6250 6247
f 1585 6252 6250
f 1586 6247 6252
f 6250 6252 6247
f 61 6254 3507
f 1587 6255 6254
f 890 3507 6255
f 6254 6255 3507
f 409 6256 6258
f 1588 6257 6256
f 1587 6258 6257
f 6256 6257 6258
f 230 3512 6260
f 890 6259 3512
f 1588 6260 6259
f 3512 6259 6260
f 1587 6257 6255
f 1588 6259 6257
f 890 6255 6259
f 6257 6259 6255
f 109 6261 6263
f 1589 6262 6261
f 1591 6263 6262
f 6261 6262 6263
f 410 6264 6266
f 1590 6265 6264
f 1589 6266 6265
f 6264 6265 6266
f 409 6267 6269
f 1591 6268 6267
f 1590 6269 6268
f 6267 6268 6269
f 1589 6265 6262
f 1590 6268 6265
f 1591 6262 6268
f 6265 6268 6262
f 230 6260 6249
f 1588 6270 6260
f 1585 6249 6270
f 6260 6270 6249
f 409 6269 6256
f 1590 6271 6269
f 1588 6256 6271
f 6269 6271 6256
f 410 6253 6264
f 1585 6272 6253
f 1590 6264 6272
f 6253 6272 6264
f 1588 6271 6270
f 1590 6272 6271
f 1585 6270 6272
f 6271 6272 6270
f 108 6237 6198
f 1584 6273 6237
f 1571 6198 6273
f 6237 6273 6198
f 407 6274 6241
f 1592 6275 6274
f 1584 6241 6275
f 6274 6275 6241
f 405 6203 6277
f 1571 6276 6203
f 1592 6277 6276
f 6203 6276 6277
f 1584 6275 6273
f 1592 6276 6275
f 1571 6273 6276
f 6275 6276 6273
f 109 6263 6226
f 1591 6278 6263
f 1579 6226 6278
f 6263 6278 6226
f 409 6279 6267
f 1593 6280 6279
f 1591 6267 6280
f 6279 6280 6267
f 407 6231 6282
f 1579 6281 6231
f 1593 6282 6281
f 6231 6281 6282
f 1591 6280 6278
f 1593 6281 6280
f 1579 6278 6281
f 6280 6281 6278
f 61 6208 6254
f 1575 6283 6208
f 1587 6254 6283
f 6208 6283 6254
f 405 6284 6211
f 1594 6285 6284
f 1575 6211 6285
f 6284 6285 6211
f 409 6258 6287
f 1587 6286 6258
f 1594 6287 6286
f 6258 6286 6287
f 1575 6285 6283
f 1594 6286 6285
f 1587 6283 6286
f 6285 6286 6283
f 407 6282 6274
f 1593 6288 6282
f 1592 6274 6288
f 6282 6288 6274
f 409 6287 6279
f 1594 6289 6287
f 1593 6279 6289
f 6287 6289 6279
f 405 6277 6284
f 1592 6290 6277
f 1594 6284 6290
f 6277 6290 6284
f 1593 6289 6288
f 1594 6290 6289
f 1592 6288 6290
f 6289 6290 6288
f 9 6291 6293
f 1595 6292 6291
f 1597 6293 6292
f 6291 6292 6293
f 411 6294 6296
f 1596 6295 6294
f 1595 6296 6295
f 6294 6295 6296
f 413 6297 6299
f 1597 6298 6297
f 1596 6299 6298
f 6297 6298 6299
f 1595 6295 6292
f 1596 6298 6295
f 1597 6292 6298
f 6295 6298 6292
f 110 6300 6302
f 1598 6301 6300
f 1600 6302 6301
f 6300 6301 6302
f 412 6303 6305
f 1599 6304 6303
f 1598 6305 6304
f 6303 6304 6305
f 411 6306 6308
f 1600 6307 6306
f 1599 6308 6307
f 6306 6307 6308
f 1598 6304 6301
f 1599 6307 6304
f 1600 6301 6307
f 6304 6307 6301
f 112 6309 6311
f 1601 6310 6309
f 1603 6311 6310
f 6309 6310 6311
f 413 6312 6314
f 1602 6313 6312
f 1601 6314 6313
f 6312 6313 6314
f 412 6315 6317
f 1603 6316 6315
f 1602 6317 6316
f 6315 6316 6317
f 1601 6313 6310
f 1602 6316 6313
f 1603 6310 6316
f 6313 6316 6310
f 411 6308 6294
f 1599 6318 6308
f 1596 6294 6318
f 6308 6318 6294
f 412 6317 6303
f 1602 6319 6317
f 1599 6303 6319
f 6317 6319 6303
f 413 6299 6312
f 1596 6320 6299
f 1602 6312 6320
f 6299 6320 6312
f 1599 6319 6318
f 1602 6320 6319
f 1596 6318 6320
f 6319 6320 6318
f 32 6321 6323
f 1604 6322 6321
f 1606 6323 6322
f 6321 6322 6323
f 414 6324 6326
f 1605 6325 6324
f 1604 6326 6325
f 6324 6325 6326
f 416 6327 6329
f 1606 6328 6327
f 1605 6329 6328
f 6327 6328 6329
f 1604 6325 6322
f 1605 6328 6325
f 1606 6322 6328
f 6325 6328 6322
f 111 6330 6332
f 1607 6331 6330
f 1609 6332 6331
f 6330 6331 6332
f 415 6333 6335
f 1608 6334 6333
f 1607 6335 6334
f 6333 6334 6335
f 414 6336 6338
f 1609 6337 6336
f 1608 6338 6337
f 6336 6337 6338
f 1607 6334 6331
f 1608 6337 6334
f 1609 6331 6337
f 6334 6337 6331
f 110 6339 6341
f 1610 6340 6339
f 1612 6341 6340
f 6339 6340 6341
f 416 6342 6344
f 1611 6343 6342
f 1610 6344 6343
f 6342 6343 6344
f 415 6345 6347
f 1612 6346 6345
f 1611 6347 6346
f 6345 6346 6347
f 1610 6343 6340
f 1611 6346 6343
f 1612 6340 6346
f 6343 6346 6340
f 414 6338 6324
f 1608 6348 6338
f 1605 6324 6348
f 6338 6348 6324
f 415 6347 6333
f 1611 6349 6347
f 1608 6333 6349
f 6347 6349 6333
f 416 6329 6342
f 1605 6350 6329
f 1611 6342 6350
f 6329 6350 6342
f 1608 6349 6348
f 1611 6350 6349
f 1605 6348 6350
f 6349 6350 6348
f 31 6351 6353
f 1613 6352 6351
f 1615 6353 6352
f 6351 6352 6353
f 417 6354 6356
f 1614 6355 6354
f 1613 6356 6355
f 6354 6355 6356
f 419 6357 6359
f 1615 6358 6357
f 1614 6359 6358
f 6357 6358 6359
f 1613 6355 6352
f 1614 6358 6355
f 1615 6352 6358
f 6355 6358 6352
f 112 6360 6362
f 1616 6361 6360
f 1618 6362 6361
f 6360 6361 6362
f 418 6363 6365
f 1617 6364 6363
f 1616 6365 6364
f 6363 6364 6365
f 417 6366 6368
f 1618 6367 6366
f 1617 6368 6367
f 6366 6367 6368
f 1616 6364 6361
f 1617 6367 6364
f 1618 6361 6367
f 6364 6367 6361
f 111 6369 6371
f 1619 6370 6369
f 1621 6371 6370
f 6369 6370 6371
f 419 6372 6374
f 1620 6373 6372
f 1619 6374 6373
f 6372 6373 6374
f 418 6375 6377
f 1621 6376 6375
f 1620 6377 6376
f 6375 6376 6377
f 1619 6373 6370
f 1620 6376 6373
f 1621 6370 6376
f 6373 6376 6370
f 417 6368 6354
f 1617 6378 6368
f 1614 6354 6378
f 6368 6378 6354
f 418 6377 6363
f 1620 6379 6377
f 1617 6363 6379
f 6377 6379 6363
f 419 6359 6372
f 1614 6380 6359
f 1620 6372 6380
f 6359 6380 6372
f 1617 6379 6378
f 1620 6380 6379
f 1614 6378 6380
f 6379 6380 6378
f 110 6341 6300
f 1612 6381 6341
f 1598 6300 6381
f 6341 6381 6300
f 415 6382 6345
f 1622 6383 6382
f 1612 6345 6383
f 6382 6383 6345
f 412 6305 6385
f 1598 6384 6305
f 1622 6385 6384
f 6305 6384 6385
f 1612 6383 6381
f 1622 6384 6383
f 1598 6381 6384
f 6383 6384 6381
f 111 6371 6330
f 1621 6386 6371
f 1607 6330 6386
f 6371 6386 6330
f 418 6387 6375
f 1623 6388 6387
f 1621 6375 6388
f 6387 6388 6375
f 415 6335 6390
f 1607 6389 6335
f 1623 6390 6389
f 6335 6389 6390
f 1621 6388 6386
f 1623 6389 6388
f 1607 6386 6389
f 6388 6389 6386
f 112 6311 6360
f 1603 6391 6311
f 1616 6360 6391
f 6311 6391 6360
f 412 6392 6315
f 1624 6393 6392
f 1603 6315 6393
f 6392 6393 6315
f 418 6365 6395
f 1616 6394 6365
f 1624 6395 6394
f 6365 6394 6395
f 1603 6393 6391
f 1624 6394 6393
f 1616 6391 6394
f 6393 6394 6391
f 415 6390 6382
f 1623 6396 6390
f 1622 6382 6396
f 6390 6396 6382
f 418 6395 6387
f 1624 6397 6395
f 1623 6387 6397
f 6395 6397 6387
f 412 6385 6392
f 1622 6398 6385
f 1624 6392 6398
f 6385 6398 6392
f 1623 6397 6396
f 1624 6398 6397
f 1622 6396 6398
f 6397 6398 6396
f 18 6248 6117
f 1586 6399 6248
f 1550 6117 6399
f 6248 6399 6117
f 410 6400 6251
f 1625 6401 6400
f 1586 6251 6401
f 6400 6401 6251
f 399 6121 6403
f 1550 6402 6121
f 1625 6403 6402
f 6121 6402 6403
f 1586 6401 6399
f 1625 6402 6401
f 1550 6399 6402
f 6401 6402 6399
f 109 6404 6261
f 1626 6405 6404
f 1589 6261 6405
f 6404 6405 6261
f 420 6406 6408
f 1627 6407 6406
f 1626 6408 6407
f 6406 6407 6408
f 410 6266 6410
f 1589 6409 6266
f 1627 6410 6409
f 6266 6409 6410
f 1626 6407 6405
f 1627 6409 6407
f 1589 6405 6409
f 6407 6409 6405
f 106 6126 6412
f 1554 6411 6126
f 1629 6412 6411
f 6126 6411 6412
f 399 6413 6130
f 1628 6414 6413
f 1554 6130 6414
f 6413 6414 6130
f 420 6415 6417
f 1629 6416 6415
f 1628 6417 6416
f 6415 6416 6417
f 1554 6414 6411
f 1628 6416 6414
f 1629 6411 6416
f 6414 6416 6411
f 410 6410 6400
f 1627 6418 6410
f 1625 6400 6418
f 6410 6418 6400
f 420 6417 6406
f 1628 6419 6417
f 1627 6406 6419
f 6417 6419 6406
f 399 6403 6413
f 1625 6420 6403
f 1628 6413 6420
f 6403 6420 6413
f 1627 6419 6418
f 1628 6420 6419
f 1625 6418 6420
f 6419 6420 6418
f 31 6353 6217
f 1615 6421 6353
f 1576 6217 6421
f 6353 6421 6217
f 419 6422 6357
f 1630 6423 6422
f 1615 6357 6423
f 6422 6423 6357
f 406 6222 6425
f 1576 6424 6222
f 1630 6425 6424
f 6222 6424 6425
f 1615 6423 6421
f 1630 6424 6423
f 1576 6421 6424
f 6423 6424 6421
f 111 6426 6369
f 1631 6427 6426
f 1619 6369 6427
f 6426 6427 6369
f 421 6428 6430
f 1632 6429 6428
f 1631 6430 6429
f 6428 6429 6430
f 419 6374 6432
f 1619 6431 6374
f 1632 6432 6431
f 6374 6431 6432
f 1631 6429 6427
f 1632 6431 6429
f 1619 6427 6431
f 6429 6431 6427
f 109 6228 6434
f 1581 6433 6228
f 1634 6434 6433
f 6228 6433 6434
f 406 6435 6232
f 1633 6436 6435
f 1581 6232 6436
f 6435 6436 6232
f 421 6437 6439
f 1634 6438 6437
f 1633 6439 6438
f 6437 6438 6439
f 1581 6436 6433
f 1633 6438 6436
f 1634 6433 6438
f 6436 6438 6433
f 419 6432 6422
f 1632 6440 6432
f 1630 6422 6440
f 6432 6440 6422
f 421 6439 6428
f 1633 6441 6439
f 1632 6428 6441
f 6439 6441 6428
f 406 6425 6435
f 1630 6442 6425
f 1633 6435 6442
f 6425 6442 6435
f 1632 6441 6440
f 1633 6442 6441
f 1630 6440 6442
f 6441 6442 6440
f 32 6145 6321
f 1559 6443 6145
f 1604 6321 6443
f 6145 6443 6321
f 403 6444 6149
f 1635 6445 6444
f 1559 6149 6445
f 6444 6445 6149
f 414 6326 6447
f 1604 6446 6326
f 1635 6447 6446
f 6326 6446 6447
f 1559 6445 6443
f 1635 6446 6445
f 1604 6443 6446
f 6445 6446 6443
f 106 6448 6161
f 1636 6449 6448
f 1563 6161 6449
f 6448 6449 6161
f 422 6450 6452
f 1637 6451 6450
f 1636 6452 6451
f 6450 6451 6452
f 403 6166 6454
f 1563 6453 6166
f 1637 6454 6453
f 6166 6453 6454
f 1636 6451 6449
f 1637 6453 6451
f 1563 6449 6453
f 6451 6453 6449
f 111 6332 6456
f 1609 6455 6332
f 1639 6456 6455
f 6332 6455 6456
f 414 6457 6336
f 1638 6458 6457
f 1609 6336 6458
f 6457 6458 6336
f 422 6459 6461
f 1639 6460 6459
f 1638 6461 6460
f 6459 6460 6461
f 1609 6458 6455
f 1638 6460 6458
f 1639 6455 6460
f 6458 6460 6455
f 403 6454 6444
f 1637 6462 6454
f 1635 6444 6462
f 6454 6462 6444
f 422 6461 6450
f 1638 6463 6461
f 1637 6450 6463
f 6461 6463 6450
f 414 6447 6457
f 1635 6464 6447
f 1638 6457 6464
f 6447 6464 6457
f 1637 6463 6462
f 1638 6464 6463
f 1635 6462 6464
f 6463 6464 6462
f 109 6434 6404
f 1634 6465 6434
f 1626 6404 6465
f 6434 6465 6404
f 421 6466 6437
f 1640 6467 6466
f 1634 6437 6467
f 6466 6467 6437
f 420 6408 6469
f 1626 6468 6408
f 1640 6469 6468
f 6408 6468 6469
f 1634 6467 6465
f 1640 6468 6467
f 1626 6465 6468
f 6467 6468 6465
f 111 6456 6426
f 1639 6470 6456
f 1631 6426 6470
f 6456 6470 6426
f 422 6471 6459
f 1641 6472 6471
f 1639 6459 6472
f 6471 6472 6459
f 421 6430 6474
f 1631 6473 6430
f 1641 6474 6473
f 6430 6473 6474
f 1639 6472 6470
f 1641 6473 6472
f 1631 6470 6473
f 6472 6473 6470
f 106 6412 6448
f 1629 6475 6412
f 1636 6448 6475
f 6412 6475 6448
f 420 6476 6415
f 1642 6477 6476
f 1629 6415 6477
f 6476 6477 6415
f 422 6452 6479
f 1636 6478 6452
f 1642 6479 6478
f 6452 6478 6479
f 1629 6477 6475
f 1642 6478 6477
f 1636 6475 6478
f 6477 6478 6475
f 421 6474 6466
f 1641 6480 6474
f 1640 6466 6480
f 6474 6480 6466
f 422 6479 6471
f 1642 6481 6479
f 1641 6471 6481
f 6479 6481 6471
f 420 6469 6476
f 1640 6482 6469
f 1642 6476 6482
f 6469 6482 6476
f 1641 6481 6480
f 1642 6482 6481
f 1640 6480 6482
f 6481 6482 6480
f 4 6483 6485
f 1643 6484 6483
f 1645 6485 6484
f 6483 6484 6485
f 423 6486 6488
f 1644 6487 6486
f 1643 6488 6487
f 6486 6487 6488
f 425 6489 6491
f 1645 6490 6489
f 1644 6491 6490
f 6489 6490 6491
f 1643 6487 6484
f 1644 6490 6487
f 1645 6484 6490
f 6487 6490 6484
f 113 6492 6494
f 1646 6493 6492
f 1648 6494 6493
f 6492 6493 6494
f 424 6495 6497
f 1647 6496 6495
f 1646 6497 6496
f 6495 6496 6497
f 423 6498 6500
f 1648 6499 6498
f 1647 6500 6499
f 6498 6499 6500
f 1646 6496 6493
f 1647 6499 6496
f 1648 6493 6499
f 6496 6499 6493
f 115 6501 6503
f 1649 6502 6501
f 1651 6503 6502
f 6501 6502 6503
f 425 6504 6506
f 1650 6505 6504
f 1649 6506 6505
f 6504 6505 6506
f 424 6507 6509
f 1651 6508 6507
f 1650 6509 6508
f 6507 6508 6509
f 1649 6505 6502
f 1650 6508 6505
f 1651 6502 6508
f 6505 6508 6502
f 423 6500 6486
f 1647 6510 6500
f 1644 6486 6510
f 6500 6510 6486
f 424 6509 6495
f 1650 6511 6509
f 1647 6495 6511
f 6509 6511 6495
f 425 6491 6504
f 1644 6512 6491
f 1650 6504 6512
f 6491 6512 6504
f 1647 6511 6510
f 1650 6512 6511
f 1644 6510 6512
f 6511 6512 6510
f 33 6513 6515
f 1652 6514 6513
f 1654 6515 6514
f 6513 6514 6515
f 426 6516 6518
f 1653 6517 6516
f 1652 6518 6517
f 6516 6517 6518
f 428 6519 6521
f 1654 6520 6519
f 1653 6521 6520
f 6519 6520 6521
f 1652 6517 6514
f 1653 6520 6517
f 1654 6514 6520
f 6517 6520 6514
f 114 6522 6524
f 1655 6523 6522
f 1657 6524 6523
f 6522 6523 6524
f 427 6525 6527
f 1656 6526 6525
f 1655 6527 6526
f 6525 6526 6527
f 426 6528 6530
f 1657 6529 6528
f 1656 6530 6529
f 6528 6529 6530
f 1655 6526 6523
f 1656 6529 6526
f 1657 6523 6529
f 6526 6529 6523
f 113 6531 6533
f 1658 6532 6531
f 1660 6533 6532
f 6531 6532 6533
f 428 6534 6536
f 1659 6535 6534
f 1658 6536 6535
f 6534 6535 6536
f 427 6537 6539
f 1660 6538 6537
f 1659 6539 6538
f 6537 6538 6539
f 1658 6535 6532
f 1659 6538 6535
f 1660 6532 6538
f 6535 6538 6532
f 426 6530 6516
f 1656 6540 6530
f 1653 6516 6540
f 6530 6540 6516
f 427 6539 6525
f 1659 6541 6539
f 1656 6525 6541
f 6539 6541 6525
f 428 6521 6534
f 1653 6542 6521
f 1659 6534 6542
f 6521 6542 6534
f 1656 6541 6540
f 1659 6542 6541
f 1653 6540 6542
f 6541 6542 6540
f 35 6543 6545
f 1661 6544 6543
f 1663 6545 6544
f 6543 6544 6545
f 429 6546 6548
f 1662 6547 6546
f 1661 6548 6547
f 6546 6547 6548
f 431 6549 6551
f 1663 6550 6549
f 1662 6551 6550
f 6549 6550 6551
f 1661 6547 6544
f 1662 6550 6547
f 1663 6544 6550
f 6547 6550 6544
f 115 6552 6554
f 1664 6553 6552
f 1666 6554 6553
f 6552 6553 6554
f 430 6555 6557
f 1665 6556 6555
f 1664 6557 6556
f 6555 6556 6557
f 429 6558 6560
f 1666 6559 6558
f 1665 6560 6559
f 6558 6559 6560
f 1664 6556 6553
f 1665 6559 6556
f 1666 6553 6559
f 6556 6559 6553
f 114 6561 6563
f 1667 6562 6561
f 1669 6563 6562
f 6561 6562 6563
f 431 6564 6566
f 1668 6565 6564
f 1667 6566 6565
f 6564 6565 6566
f 430 6567 6569
f 1669 6568 6567
f 1668 6569 6568
f 6567 6568 6569
f 1667 6565 6562
f 1668 6568 6565
f 1669 6562 6568
f 6565 6568 6562
f 429 6560 6546
f 1665 6570 6560
f 1662 6546 6570
f 6560 6570 6546
f 430 6569 6555
f 1668 6571 6569
f 1665 6555 6571
f 6569 6571 6555
f 431 6551 6564
f 1662 6572 6551
f 1668 6564 6572
f 6551 6572 6564
f 1665 6571 6570
f 1668 6572 6571
f 1662 6570 6572
f 6571 6572 6570
f 113 6533 6492
f 1660 6573 6533
f 1646 6492 6573
f 6533 6573 6492
f 427 6574 6537
f 1670 6575 6574
f 1660 6537 6575
f 6574 6575 6537
f 424 6497 6577
f 1646 6576 6497
f 1670 6577 6576
f 6497 6576 6577
f 1660 6575 6573
f 1670 6576 6575
f 1646 6573 6576
f 6575 6576 6573
f 114 6563 6522
f 1669 6578 6563
f 1655 6522 6578
f 6563 6578 6522
f 430 6579 6567
f 1671 6580 6579
f 1669 6567 6580
f 6579 6580 6567
f 427 6527 6582
f 1655 6581 6527
f 1671 6582 6581
f 6527 6581 6582
f 1669 6580 6578
f 1671 6581 6580
f 1655 6578 6581
f 6580 6581 6578
f 115 6503 6552
f 1651 6583 6503
f 1664 6552 6583
f 6503 6583 6552
f 424 6584 6507
f 1672 6585 6584
f 1651 6507 6585
f 6584 6585 6507
f 430 6557 6587
f 1664 6586 6557
f 1672 6587 6586
f 6557 6586 6587
f 1651 6585 6583
f 1672 6586 6585
f 1664 6583 6586
f 6585 6586 6583
f 427 6582 6574
f 1671 6588 6582
f 1670 6574 6588
f 6582 6588 6574
f 430 6587 6579
f 1672 6589 6587
f 1671 6579 6589
f 6587 6589 6579
f 424 6577 6584
f 1670 6590 6577
f 1672 6584 6590
f 6577 6590 6584
f 1671 6589 6588
f 1672 6590 6589
f 1670 6588 6590
f 6589 6590 6588
f 10 6591 6593
f 1673 6592 6591
f 1675 6593 6592
f 6591 6592 6593
f 432 6594 6596
f 1674 6595 6594
f 1673 6596 6595
f 6594 6595 6596
f 434 6597 6599
f 1675 6598 6597
f 1674 6599 6598
f 6597 6598 6599
f 1673 6595 6592
f 1674 6598 6595
f 1675 6592 6598
f 6595 6598 6592
f 116 6600 6602
f 1676 6601 6600
f 1678 6602 6601
f 6600 6601 6602
f 433 6603 6605
f 1677 6604 6603
f 1676 6605 6604
f 6603 6604 6605
f 432 6606 6608
f 1678 6607 6606
f 1677 6608 6607
f 6606 6607 6608
f 1676 6604 6601
f 1677 6607 6604
f 1678 6601 6607
f 6604 6607 6601
f 118 6609 6611
f 1679 6610 6609
f 1681 6611 6610
f 6609 6610 6611
f 434 6612 6614
f 1680 6613 6612
f 1679 6614 6613
f 6612 6613 6614
f 433 6615 6617
f 1681 6616 6615
f 1680 6617 6616
f 6615 6616 6617
f 1679 6613 6610
f 1680 6616 6613
f 1681 6610 6616
f 6613 6616 6610
f 432 6608 6594
f 1677 6618 6608
f 1674 6594 6618
f 6608 6618 6594
f 433 6617 6603
f 1680 6619 6617
f 1677 6603 6619
f 6617 6619 6603
f 434 6599 6612
f 1674 6620 6599
f 1680 6612 6620
f 6599 6620 6612
f 1677 6619 6618
f 1680 6620 6619
f 1674 6618 6620
f 6619 6620 6618
f 34 6621 6623
f 1682 6622 6621
f 1684 6623 6622
f 6621 6622 6623
f 435 6624 6626
f 1683 6625 6624
f 1682 6626 6625
f 6624 6625 6626
f 437 6627 6629
f 1684 6628 6627
f 1683 6629 6628
f 6627 6628 6629
f 1682 6625 6622
f 1683 6628 6625
f 1684 6622 6628
f 6625 6628 6622
f 117 6630 6632
f 1685 6631 6630
f 1687 6632 6631
f 6630 6631 6632
f 436 6633 6635
f 1686 6634 6633
f 1685 6635 6634
f 6633 6634 6635
f 435 6636 6638
f 1687 6637 6636
f 1686 6638 6637
f 6636 6637 6638
f 1685 6634 6631
f 1686 6637 6634
f 1687 6631 6637
f 6634 6637 6631
f 116 6639 6641
f 1688 6640 6639
f 1690 6641 6640
f 6639 6640 6641
f 437 6642 6644
f 1689 6643 6642
f 1688 6644 6643
f 6642 6643 6644
f 436 6645 6647
f 1690 6646 6645
f 1689 6647 6646
f 6645 6646 6647
f 1688 6643 6640
f 1689 6646 6643
f 1690 6640 6646
f 6643 6646 6640
f 435 6638 6624
f 1686 6648 6638
f 1683 6624 6648
f 6638 6648 6624
f 436 6647 6633
f 1689 6649 6647
f 1686 6633 6649
f 6647 6649 6633
f 437 6629 6642
f 1683 6650 6629
f 1689 6642 6650
f 6629 6650 6642
f 1686 6649 6648
f 1689 6650 6649
f 1683 6648 6650
f 6649 6650 6648
f 33 6651 6653
f 1691 6652 6651
f 1693 6653 6652
f 6651 6652 6653
f 438 6654 6656
f 1692 6655 6654
f 1691 6656 6655
f 6654 6655 6656
f 440 6657 6659
f 1693 6658 6657
f 1692 6659 6658
f 6657 6658 6659
f 1691 6655 6652
f 1692 6658 6655
f 1693 6652 6658
f 6655 6658 6652
f 118 6660 6662
f 1694 6661 6660
f 1696 6662 6661
f 6660 6661 6662
f 439 6663 6665
f 1695 6664 6663
f 1694 6665 6664
f 6663 6664 6665
f 438 6666 6668
f 1696 6667 6666
f 1695 6668 6667
f 6666 6667 6668
f 1694 6664 6661
f 1695 6667 6664
f 1696 6661 6667
f 6664 6667 6661
f 117 6669 6671
f 1697 6670 6669
f 1699 6671 6670
f 6669 6670 6671
f 440 6672 6674
f 1698 6673 6672
f 1697 6674 6673
f 6672 6673 6674
f 439 6675 6677
f 1699 6676 6675
f 1698 6677 6676
f 6675 6676 6677
f 1697 6673 6670
f 1698 6676 6673
f 1699 6670 6676
f 6673 6676 6670
f 438 6668 6654
f 1695 6678 6668
f 1692 6654 6678
f 6668 6678 6654
f 439 6677 6663
f 1698 6679 6677
f 1695 6663 6679
f 6677 6679 6663
f 440 6659 6672
f 1692 6680 6659
f 1698 6672 6680
f 6659 6680 6672
f 1695 6679 6678
f 1698 6680 6679
f 1692 6678 6680
f 6679 6680 6678
f 116 6641 6600
f 1690 6681 6641
f 1676 6600 6681
f 6641 6681 6600
f 436 6682 6645
f 1700 6683 6682
f 1690 6645 6683
f 6682 6683 6645
f 433 6605 6685
f 1676 6684 6605
f 1700 6685 6684
f 6605 6684 6685
f 1690 6683 6681
f 1700 6684 6683
f 1676 6681 6684
f 6683 6684 6681
f 117 6671 6630
f 1699 6686 6671
f 1685 6630 6686
f 6671 6686 6630
f 439 6687 6675
f 1701 6688 6687
f 1699 6675 6688
f 6687 6688 6675
f 436 6635 6690
f 1685 6689 6635
f 1701 6690 6689
f 6635 6689 6690
f 1699 6688 6686
f 1701 6689 6688
f 1685 6686 6689
f 6688 6689 6686
f 118 6611 6660
f 1681 6691 6611
f 1694 6660 6691
f 6611 6691 6660
f 433 6692 6615
f 1702 6693 6692
f 1681 6615 6693
f 6692 6693 6615
f 439 6665 6695
f 1694 6694 6665
f 1702 6695 6694
f 6665 6694 6695
f 1681 6693 6691
f 1702 6694 6693
f 1694 6691 6694
f 6693 6694 6691
f 436 6690 6682
f 1701 6696 6690
f 1700 6682 6696
f 6690 6696 6682
f 439 6695 6687
f 1702 6697 6695
f 1701 6687 6697
f 6695 6697 6687
f 433 6685 6692
f 1700 6698 6685
f 1702 6692 6698
f 6685 6698 6692
f 1701 6697 6696
f 1702 6698 6697
f 1700 6696 6698
f 6697 6698 6696
f 5 6699 6701
f 1703 6700 6699
f 1705 6701 6700
f 6699 6700 6701
f 441 6702 6704
f 1704 6703 6702
f 1703 6704 6703
f 6702 6703 6704
f 443 6705 6707
f 1705 6706 6705
f 1704 6707 6706
f 6705 6706 6707
f 1703 6703 6700
f 1704 6706 6703
f 1705 6700 6706
f 6703 6706 6700
f 119 6708 6710
f 1706 6709 6708
f 1708 6710 6709
f 6708 6709 6710
f 442 6711 6713
f 1707 6712 6711
f 1706 6713 6712
f 6711 6712 6713
f 441 6714 6716
f 1708 6715 6714
f 1707 6716 6715
f 6714 6715 6716
f 1706 6712 6709
f 1707 6715 6712
f 1708 6709 6715
f 6712 6715 6709
f 121 6717 6719
f 1709 6718 6717
f 1711 6719 6718
f 6717 6718 6719
f 443 6720 6722
f 1710 6721 6720
f 1709 6722 6721
f 6720 6721 6722
f 442 6723 6725
f 1711 6724 6723
f 1710 6725 6724
f 6723 6724 6725
f 1709 6721 6718
f 1710 6724 6721
f 1711 6718 6724
f 6721 6724 6718
f 441 6716 6702
f 1707 6726 6716
f 1704 6702 6726
f 6716 6726 6702
f 442 6725 6711
f 1710 6727 6725
f 1707 6711 6727
f 6725 6727 6711
f 443 6707 6720
f 1704 6728 6707
f 1710 6720 6728
f 6707 6728 6720
f 1707 6727 6726
f 1710 6728 6727
f 1704 6726 6728
f 6727 6728 6726
f 35 6729 6731
f 1712 6730 6729
f 1714 6731 6730
f 6729 6730 6731
f 444 6732 6734
f 1713 6733 6732
f 1712 6734 6733
f 6732 6733 6734
f 446 6735 6737
f 1714 6736 6735
f 1713 6737 6736
f 6735 6736 6737
f 1712 6733 6730
f 1713 6736 6733
f 1714 6730 6736
f 6733 6736 6730
f 120 6738 6740
f 1715 6739 6738
f 1717 6740 6739
f 6738 6739 6740
f 445 6741 6743
f 1716 6742 6741
f 1715 6743 6742
f 6741 6742 6743
f 444 6744 6746
f 1717 6745 6744
f 1716 6746 6745
f 6744 6745 6746
f 1715 6742 6739
f 1716 6745 6742
f 1717 6739 6745
f 6742 6745 6739
f 119 6747 6749
f 1718 6748 6747
f 1720 6749 6748
f 6747 6748 6749
f 446 6750 6752
f 1719 6751 6750
f 1718 6752 6751
f 6750 6751 6752
f 445 6753 6755
f 1720 6754 6753
f 1719 6755 6754
f 6753 6754 6755
f 1718 6751 6748
f 1719 6754 6751
f 1720 6748 6754
f 6751 6754 6748
f 444 6746 6732
f 1716 6756 6746
f 1713 6732 6756
f 6746 6756 6732
f 445 6755 6741
f 1719 6757 6755
f 1716 6741 6757
f 6755 6757 6741
f 446 6737 6750
f 1713 6758 6737
f 1719 6750 6758
f 6737 6758 6750
f 1716 6757 6756
f 1719 6758 6757
f 1713 6756 6758
f 6757 6758 6756
f 34 6759 6761
f 1721 6760 6759
f 1723 6761 6760
f 6759 6760 6761
f 447 6762 6764
f 1722 6763 6762
f 1721 6764 6763
f 6762 6763 6764
f 449 6765 6767
f 1723 6766 6765
f 1722 6767 6766
f 6765 6766 6767
f 1721 6763 6760
f 1722 6766 6763
f 1723 6760 6766
f 6763 6766 6760
f 121 6768 6770
f 1724 6769 6768
f 1726 6770 6769
f 6768 6769 6770
f 448 6771 6773
f 1725 6772 6771
f 1724 6773 6772
f 6771 6772 6773
f 447 6774 6776
f 1726 6775 6774
f 1725 6776 6775
f 6774 6775 6776
f 1724 6772 6769
f 1725 6775 6772
f 1726 6769 6775
f 6772 6775 6769
f 120 6777 6779
f 1727 6778 6777
f 1729 6779 6778
f 6777 6778 6779
f 449 6780 6782
f 1728 6781 6780
f 1727 6782 6781
f 6780 6781 6782
f 448 6783 6785
f 1729 6784 6783
f 1728 6785 6784
f 6783 6784 6785
f 1727 6781 6778
f 1728 6784 6781
f 1729 6778 6784
f 6781 6784 6778
f 447 6776 6762
f 1725 6786 6776
f 1722 6762 6786
f 6776 6786 6762
f 448 6785 6771
f 1728 6787 6785
f 1725 6771 6787
f 6785 6787 6771
f 449 6767 6780
f 1722 6788 6767
f 1728 6780 6788
f 6767 6788 6780
f 1725 6787 6786
f 1728 6788 6787
f 1722 6786 6788
f 6787 6788 6786
f 119 6749 6708
f 1720 6789 6749
f 1706 6708 6789
f 6749 6789 6708
f 445 6790 6753
f 1730 6791 6790
f 1720 6753 6791
f 6790 6791 6753
f 442 6713 6793
f 1706 6792 6713
f 1730 6793 6792
f 6713 6792 6793
f 1720 6791 6789
f 1730 6792 6791
f 1706 6789 6792
f 6791 6792 6789
f 120 6779 6738
f 1729 6794 6779
f 1715 6738 6794
f 6779 6794 6738
f 448 6795 6783
f 1731 6796 6795
f 1729 6783 6796
f 6795 6796 6783
f 445 6743 6798
f 1715 6797 6743
f 1731 6798 6797
f 6743 6797 6798
f 1729 6796 6794
f 1731 6797 6796
f 1715 6794 6797
f 6796 6797 6794
f 121 6719 6768
f 1711 6799 6719
f 1724 6768 6799
f 6719 6799 6768
f 442 6800 6723
f 1732 6801 6800
f 1711 6723 6801
f 6800 6801 6723
f 448 6773 6803
f 1724 6802 6773
f 1732 6803 6802
f 6773 6802 6803
f 1711 6801 6799
f 1732 6802 6801
f 1724 6799 6802
f 6801 6802 6799
f 445 6798 6790
f 1731 6804 6798
f 1730 6790 6804
f 6798 6804 6790
f 448 6803 6795
f 1732 6805 6803
f 1731 6795 6805
f 6803 6805 6795
f 442 6793 6800
f 1730 6806 6793
f 1732 6800 6806
f 6793 6806 6800
f 1731 6805 6804
f 1732 6806 6805
f 1730 6804 6806
f 6805 6806 6804
f 33 6653 6513
f 1693 6807 6653
f 1652 6513 6807
f 6653 6807 6513
f 440 6808 6657
f 1733 6809 6808
f 1693 6657 6809
f 6808 6809 6657
f 426 6518 6811
f 1652 6810 6518
f 1733 6811 6810
f 6518 6810 6811
f 1693 6809 6807
f 1733 6810 6809
f 1652 6807 6810
f 6809 6810 6807
f 117 6812 6669
f 1734 6813 6812
f 1697 6669 6813
f 6812 6813 6669
f 450 6814 6816
f 1735 6815 6814
f 1734 6816 6815
f 6814 6815 6816
f 440 6674 6818
f 1697 6817 6674
f 1735 6818 6817
f 6674 6817 6818
f 1734 6815 6813
f 1735 6817 6815
f 1697 6813 6817
f 6815 6817 6813
f 114 6524 6820
f 1657 6819 6524
f 1737 6820 6819
f 6524 6819 6820
f 426 6821 6528
f 1736 6822 6821
f 1657 6528 6822
f 6821 6822 6528
f 450 6823 6825
f 1737 6824 6823
f 1736 6825 6824
f 6823 6824 6825
f 1657 6822 6819
f 1736 6824 6822
f 1737 6819 6824
f 6822 6824 6819
f 440 6818 6808
f 1735 6826 6818
f 1733 6808 6826
f 6818 6826 6808
f 450 6825 6814
f 1736 6827 6825
f 1735 6814 6827
f 6825 6827 6814
f 426 6811 6821
f 1733 6828 6811
f 1736 6821 6828
f 6811 6828 6821
f 1735 6827 6826
f 1736 6828 6827
f 1733 6826 6828
f 6827 6828 6826
f 34 6761 6621
f 1723 6829 6761
f 1682 6621 6829
f 6761 6829 6621
f 449 6830 6765
f 1738 6831 6830
f 1723 6765 6831
f 6830 6831 6765
f 435 6626 6833
f 1682 6832 6626
f 1738 6833 6832
f 6626 6832 6833
f 1723 6831 6829
f 1738 6832 6831
f 1682 6829 6832
f 6831 6832 6829
f 120 6834 6777
f 1739 6835 6834
f 1727 6777 6835
f 6834 6835 6777
f 451 6836 6838
f 1740 6837 6836
f 1739 6838 6837
f 6836 6837 6838
f 449 6782 6840
f 1727 6839 6782
f 1740 6840 6839
f 6782 6839 6840
f 1739 6837 6835
f 1740 6839 6837
f 1727 6835 6839
f 6837 6839 6835
f 117 6632 6842
f 1687 6841 6632
f 1742 6842 6841
f 6632 6841 6842
f 435 6843 6636
f 1741 6844 6843
f 1687 6636 6844
f 6843 6844 6636
f 451 6845 6847
f 1742 6846 6845
f 1741 6847 6846
f 6845 6846 6847
f 1687 6844 6841
f 1741 6846 6844
f 1742 6841 6846
f 6844 6846 6841
f 449 6840 6830
f 1740 6848 6840
f 1738 6830 6848
f 6840 6848 6830
f 451 6847 6836
f 1741 6849 6847
f 1740 6836 6849
f 6847 6849 6836
f 435 6833 6843
f 1738 6850 6833
f 1741 6843 6850
f 6833 6850 6843
f 1740 6849 6848
f 1741 6850 6849
f 1738 6848 6850
f 6849 6850 6848
f 35 6545 6729
f 1663 6851 6545
f 1712 6729 6851
f 6545 6851 6729
f 431 6852 6549
f 1743 6853 6852
f 1663 6549 6853
f 6852 6853 6549
f 444 6734 6855
f 1712 6854 6734
f 1743 6855 6854
f 6734 6854 6855
f 1663 6853 6851
f 1743 6854 6853
f 1712 6851 6854
f 6853 6854 6851
f 114 6856 6561
f 1744 6857 6856
f 1667 6561 6857
f 6856 6857 6561
f 452 6858 6860
f 1745 6859 6858
f 1744 6860 6859
f 6858 6859 6860
f 431 6566 6862
f 1667 6861 6566
f 1745 6862 6861
f 6566 6861 6862
f 1744 6859 6857
f 1745 6861 6859
f 1667 6857 6861
f 6859 6861 6857
f 120 6740 6864
f 1717 6863 6740
f 1747 6864 6863
f 6740 6863 6864
f 444 6865 6744
f 1746 6866 6865
f 1717 6744 6866
f 6865 6866 6744
f 452 6867 6869
f 1747 6868 6867
f 1746 6869 6868
f 6867 6868 6869
f 1717 6866 6863
f 1746 6868 6866
f 1747 6863 6868
f 6866 6868 6863
f 431 6862 6852
f 1745 6870 6862
f 1743 6852 6870
f 6862 6870 6852
f 452 6869 6858
f 1746 6871 6869
f 1745 6858 6871
f 6869 6871 6858
f 444 6855 6865
f 1743 6872 6855
f 1746 6865 6872
f 6855 6872 6865
f 1745 6871 6870
f 1746 6872 6871
f 1743 6870 6872
f 6871 6872 6870
f 117 6842 6812
f 1742 6873 6842
f 1734 6812 6873
f 6842 6873 6812
f 451 6874 6845
f 1748 6875 6874
f 1742 6845 6875
f 6874 6875 6845
f 450 6816 6877
f 1734 6876 6816
f 1748 6877 6876
f 6816 6876 6877
f 1742 6875 6873
f 1748 6876 6875
f 1734 6873 6876
f 6875 6876 6873
f 120 6864 6834
f 1747 6878 6864
f 1739 6834 6878
f 6864 6878 6834
f 452 6879 6867
f 1749 6880 6879
f 1747 6867 6880
f 6879 6880 6867
f 451 6838 6882
f 1739 6881 6838
f 1749 6882 6881
f 6838 6881 6882
f 1747 6880 6878
f 1749 6881 6880
f 1739 6878 6881
f 6880 6881 6878
f 114 6820 6856
f 1737 6883 6820
f 1744 6856 6883
f 6820 6883 6856
f 450 6884 6823
f 1750 6885 6884
f 1737 6823 6885
f 6884 6885 6823
f 452 6860 6887
f 1744 6886 6860
f 1750 6887 6886
f 6860 6886 6887
f 1737 6885 6883
f 1750 6886 6885
f 1744 6883 6886
f 6885 6886 6883
f 451 6882 6874
f 1749 6888 6882
f 1748 6874 6888
f 6882 6888 6874
f 452 6887 6879
f 1750 6889 6887
f 1749 6879 6889
f 6887 6889 6879
f 450 6877 6884
f 1748 6890 6877
f 1750 6884 6890
f 6877 6890 6884
f 1749 6889 6888
f 1750 6890 6889
f 1748 6888 6890
f 6889 6890 6888
f 4 6485 6892
f 1645 6891 6485
f 1752 6892 6891
f 6485 6891 6892
f 425 6893 6489
f 1751 6894 6893
f 1645 6489 6894
f 6893 6894 6489
f 454 6895 6897
f 1752 6896 6895
f 1751 6897 6896
f 6895 6896 6897
f 1645 6894 6891
f 1751 6896 6894
f 1752 6891 6896
f 6894 6896 6891
f 115 6898 6501
f 1753 6899 6898
f 1649 6501 6899
f 6898 6899 6501
f 453 6900 6902
f 1754 6901 6900
f 1753 6902 6901
f 6900 6901 6902
f 425 6506 6904
f 1649 6903 6506
f 1754 6904 6903
f 6506 6903 6904
f 1753 6901 6899
f 1754 6903 6901
f 1649 6899 6903
f 6901 6903 6899
f 123 6905 6907
f 1755 6906 6905
f 1757 6907 6906
f 6905 6906 6907
f 454 6908 6910
f 1756 6909 6908
f 1755 6910 6909
f 6908 6909 6910
f 453 6911 6913
f 1757 6912 6911
f 1756 6913 6912
f 6911 6912 6913
f 1755 6909 6906
f 1756 6912 6909
f 1757 6906 6912
f 6909 6912 6906
f 425 6904 6893
f 1754 6914 6904
f 1751 6893 6914
f 6904 6914 6893
f 453 6913 6900
f 1756 6915 6913
f 1754 6900 6915
f 6913 6915 6900
f 454 6897 6908
f 1751 6916 6897
f 1756 6908 6916
f 6897 6916 6908
f 1754 6915 6914
f 1756 6916 6915
f 1751 6914 6916
f 6915 6916 6914
f 35 6917 6543
f 1758 6918 6917
f 1661 6543 6918
f 6917 6918 6543
f 455 6919 6921
f 1759 6920 6919
f 1758 6921 6920
f 6919 6920 6921
f 429 6548 6923
f 1661 6922 6548
f 1759 6923 6922
f 6548 6922 6923
f 1758 6920 6918
f 1759 6922 6920
f 1661 6918 6922
f 6920 6922 6918
f 122 6924 6926
f 1760 6925 6924
f 1762 6926 6925
f 6924 6925 6926
f 456 6927 6929
f 1761 6928 6927
f 1760 6929 6928
f 6927 6928 6929
f 455 6930 6932
f 1762 6931 6930
f 1761 6932 6931
f 6930 6931 6932
f 1760 6928 6925
f 1761 6931 6928
f 1762 6925 6931
f 6928 6931 6925
f 115 6554 6934
f 1666 6933 6554
f 1764 6934 6933
f 6554 6933 6934
f 429 6935 6558
f 1763 6936 6935
f 1666 6558 6936
f 6935 6936 6558
f 456 6937 6939
f 1764 6938 6937
f 1763 6939 6938
f 6937 6938 6939
f 1666 6936 6933
f 1763 6938 6936
f 1764 6933 6938
f 6936 6938 6933
f 455 6932 6919
f 1761 6940 6932
f 1759 6919 6940
f 6932 6940 6919
f 456 6939 6927
f 1763 6941 6939
f 1761 6927 6941
f 6939 6941 6927
f 429 6923 6935
f 1759 6942 6923
f 1763 6935 6942
f 6923 6942 6935
f 1761 6941 6940
f 1763 6942 6941
f 1759 6940 6942
f 6941 6942 6940
f 37 6943 6945
f 1765 6944 6943
f 1767 6945 6944
f 6943 6944 6945
f 457 6946 6948
f 1766 6947 6946
f 1765 6948 6947
f 6946 6947 6948
f 459 6949 6951
f 1767 6950 6949
f 1766 6951 6950
f 6949 6950 6951
f 1765 6947 6944
f 1766 6950 6947
f 1767 6944 6950
f 6947 6950 6944
f 123 6952 6954
f 1768 6953 6952
f 1770 6954 6953
f 6952 6953 6954
f 458 6955 6957
f 1769 6956 6955
f 1768 6957 6956
f 6955 6956 6957
f 457 6958 6960
f 1770 6959 6958
f 1769 6960 6959
f 6958 6959 6960
f 1768 6956 6953
f 1769 6959 6956
f 1770 6953 6959
f 6956 6959 6953
f 122 6961 6963
f 1771 6962 6961
f 1773 6963 6962
f 6961 6962 6963
f 459 6964 6966
f 1772 6965 6964
f 1771 6966 6965
f 6964 6965 6966
f 458 6967 6969
f 1773 6968 6967
f 1772 6969 6968
f 6967 6968 6969
f 1771 6965 6962
f 1772 6968 6965
f 1773 6962 6968
f 6965 6968 6962
f 457 6960 6946
f 1769 6970 6960
f 1766 6946 6970
f 6960 6970 6946
f 458 6969 6955
f 1772 6971 6969
f 1769 6955 6971
f 6969 6971 6955
f 459 6951 6964
f 1766 6972 6951
f 1772 6964 6972
f 6951 6972 6964
f 1769 6971 6970
f 1772 6972 6971
f 1766 6970 6972
f 6971 6972 6970
f 115 6934 6898
f 1764 6973 6934
f 1753 6898 6973
f 6934 6973 6898
f 456 6974 6937
f 1774 6975 6974
f 1764 6937 6975
f 6974 6975 6937
f 453 6902 6977
f 1753 6976 6902
f 1774 6977 6976
f 6902 6976 6977
f 1764 6975 6973
f 1774 6976 6975
f 1753 6973 6976
f 6975 6976 6973
f 122 6963 6924
f 1773 6978 6963
f 1760 6924 6978
f 6963 6978 6924
f 458 6979 6967
f 1775 6980 6979
f 1773 6967 6980
f 6979 6980 6967
f 456 6929 6982
f 1760 6981 6929
f 1775 6982 6981
f 6929 6981 6982
f 1773 6980 6978
f 1775 6981 6980
f 1760 6978 6981
f 6980 6981 6978
f 123 6907 6952
f 1757 6983 6907
f 1768 6952 6983
f 6907 6983 6952
f 453 6984 6911
f 1776 6985 6984
f 1757 6911 6985
f 6984 6985 6911
f 458 6957 6987
f 1768 6986 6957
f 1776 6987 6986
f 6957 6986 6987
f 1757 6985 6983
f 1776 6986 6985
f 1768 6983 6986
f 6985 6986 6983
f 456 6982 6974
f 1775 6988 6982
f 1774 6974 6988
f 6982 6988 6974
f 458 6987 6979
f 1776 6989 6987
f 1775 6979 6989
f 6987 6989 6979
f 453 6977 6984
f 1774 6990 6977
f 1776 6984 6990
f 6977 6990 6984
f 1775 6989 6988
f 1776 6990 6989
f 1774 6988 6990
f 6989 6990 6988
f 5 6991 6699
f 1777 6992 6991
f 1703 6699 6992
f 6991 6992 6699
f 460 6993 6995
f 1778 6994 6993
f 1777 6995 6994
f 6993 6994 6995
f 441 6704 6997
f 1703 6996 6704
f 1778 6997 6996
f 6704 6996 6997
f 1777 6994 6992
f 1778 6996 6994
f 1703 6992 6996
f 6994 6996 6992
f 124 6998 7000
f 1779 6999 6998
f 1781 7000 6999
f 6998 6999 7000
f 461 7001 7003
f 1780 7002 7001
f 1779 7003 7002
f 7001 7002 7003
f 460 7004 7006
f 1781 7005 7004
f 1780 7006 7005
f 7004 7005 7006
f 1779 7002 6999
f 1780 7005 7002
f 1781 6999 7005
f 7002 7005 6999
f 119 6710 7008
f 1708 7007 6710
f 1783 7008 7007
f 6710 7007 7008
f 441 7009 6714
f 1782 7010 7009
f 1708 6714 7010
f 7009 7010 6714
f 461 7011 7013
f 1783 7012 7011
f 1782 7013 7012
f 7011 7012 7013
f 1708 7010 7007
f 1782 7012 7010
f 1783 7007 7012
f 7010 7012 7007
f 460 7006 6993
f 1780 7014 7006
f 1778 6993 7014
f 7006 7014 6993
f 461 7013 7001
f 1782 7015 7013
f 1780 7001 7015
f 7013 7015 7001
f 441 6997 7009
f 1778 7016 6997
f 1782 7009 7016
f 6997 7016 7009
f 1780 7015 7014
f 1782 7016 7015
f 1778 7014 7016
f 7015 7016 7014
f 36 7017 7019
f 1784 7018 7017
f 1786 7019 7018
f 7017 7018 7019
f 462 7020 7022
f 1785 7021 7020
f 1784 7022 7021
f 7020 7021 7022
f 464 7023 7025
f 1786 7024 7023
f 1785 7025 7024
f 7023 7024 7025
f 1784 7021 7018
f 1785 7024 7021
f 1786 7018 7024
f 7021 7024 7018
f 125 7026 7028
f 1787 7027 7026
f 1789 7028 7027
f 7026 7027 7028
f 463 7029 7031
f 1788 7030 7029
f 1787 7031 7030
f 7029 7030 7031
f 462 7032 7034
f 1789 7033 7032
f 1788 7034 7033
f 7032 7033 7034
f 1787 7030 7027
f 1788 7033 7030
f 1789 7027 7033
f 7030 7033 7027
f 124 7035 7037
f 1790 7036 7035
f 1792 7037 7036
f 7035 7036 7037
f 464 7038 7040
f 1791 7039 7038
f 1790 7040 7039
f 7038 7039 7040
f 463 7041 7043
f 1792 7042 7041
f 1791 7043 7042
f 7041 7042 7043
f 1790 7039 7036
f 1791 7042 7039
f 1792 7036 7042
f 7039 7042 7036
f 462 7034 7020
f 1788 7044 7034
f 1785 7020 7044
f 7034 7044 7020
f 463 7043 7029
f 1791 7045 7043
f 1788 7029 7045
f 7043 7045 7029
f 464 7025 7038
f 1785 7046 7025
f 1791 7038 7046
f 7025 7046 7038
f 1788 7045 7044
f 1791 7046 7045
f 1785 7044 7046
f 7045 7046 7044
f 35 6731 7048
f 1714 7047 6731
f 1794 7048 7047
f 6731 7047 7048
f 446 7049 6735
f 1793 7050 7049
f 1714 6735 7050
f 7049 7050 6735
f 466 7051 7053
f 1794 7052 7051
f 1793 7053 7052
f 7051 7052 7053
f 1714 7050 7047
f 1793 7052 7050
f 1794 7047 7052
f 7050 7052 7047
f 119 7054 6747
f 1795 7055 7054
f 1718 6747 7055
f 7054 7055 6747
f 465 7056 7058
f 1796 7057 7056
f 1795 7058 7057
f 7056 7057 7058
f 446 6752 7060
f 1718 7059 6752
f 1796 7060 7059
f 6752 7059 7060
f 1795 7057 7055
f 1796 7059 7057
f 1718 7055 7059
f 7057 7059 7055
f 125 7061 7063
f 1797 7062 7061
f 1799 7063 7062
f 7061 7062 7063
f 466 7064 7066
f 1798 7065 7064
f 1797 7066 7065
f 7064 7065 7066
f 465 7067 7069
f 1799 7068 7067
f 1798 7069 7068
f 7067 7068 7069
f 1797 7065 7062
f 1798 7068 7065
f 1799 7062 7068
f 7065 7068 7062
f 446 7060 7049
f 1796 7070 7060
f 1793 7049 7070
f 7060 7070 7049
f 465 7069 7056
f 1798 7071 7069
f 1796 7056 7071
f 7069 7071 7056
f 466 7053 7064
f 1793 7072 7053
f 1798 7064 7072
f 7053 7072 7064
f 1796 7071 7070
f 1798 7072 7071
f 1793 7070 7072
f 7071 7072 7070
f 124 7037 6998
f 1792 7073 7037
f 1779 6998 7073
f 7037 7073 6998
f 463 7074 7041
f 1800 7075 7074
f 1792 7041 7075
f 7074 7075 7041
f 461 7003 7077
f 1779 7076 7003
f 1800 7077 7076
f 7003 7076 7077
f 1792 7075 7073
f 1800 7076 7075
f 1779 7073 7076
f 7075 7076 7073
f 125 7063 7026
f 1799 7078 7063
f 1787 7026 7078
f 7063 7078 7026
f 465 7079 7067
f 1801 7080 7079
f 1799 7067 7080
f 7079 7080 7067
f 463 7031 7082
f 1787 7081 7031
f 1801 7082 7081
f 7031 7081 7082
f 1799 7080 7078
f 1801 7081 7080
f 1787 7078 7081
f 7080 7081 7078
f 119 7008 7054
f 1783 7083 7008
f 1795 7054 7083
f 7008 7083 7054
f 461 7084 7011
f 1802 7085 7084
f 1783 7011 7085
f 7084 7085 7011
f 465 7058 7087
f 1795 7086 7058
f 1802 7087 7086
f 7058 7086 7087
f 1783 7085 7083
f 1802 7086 7085
f 1795 7083 7086
f 7085 7086 7083
f 463 7082 7074
f 1801 7088 7082
f 1800 7074 7088
f 7082 7088 7074
f 465 7087 7079
f 1802 7089 7087
f 1801 7079 7089
f 7087 7089 7079
f 461 7077 7084
f 1800 7090 7077
f 1802 7084 7090
f 7077 7090 7084
f 1801 7089 7088
f 1802 7090 7089
f 1800 7088 7090
f 7089 7090 7088
f 3 7091 7093
f 1803 7092 7091
f 1805 7093 7092
f 7091 7092 7093
f 467 7094 7096
f 1804 7095 7094
f 1803 7096 7095
f 7094 7095 7096
f 469 7097 7099
f 1805 7098 7097
f 1804 7099 7098
f 7097 7098 7099
f 1803 7095 7092
f 1804 7098 7095
f 1805 7092 7098
f 7095 7098 7092
f 126 7100 7102
f 1806 7101 7100
f 1808 7102 7101
f 7100 7101 7102
f 468 7103 7105
f 1807 7104 7103
f 1806 7105 7104
f 7103 7104 7105
f 467 7106 7108
f 1808 7107 7106
f 1807 7108 7107
f 7106 7107 7108
f 1806 7104 7101
f 1807 7107 7104
f 1808 7101 7107
f 7104 7107 7101
f 128 7109 7111
f 1809 7110 7109
f 1811 7111 7110
f 7109 7110 7111
f 469 7112 7114
f 1810 7113 7112
f 1809 7114 7113
f 7112 7113 7114
f 468 7115 7117
f 1811 7116 7115
f 1810 7117 7116
f 7115 7116 7117
f 1809 7113 7110
f 1810 7116 7113
f 1811 7110 7116
f 7113 7116 7110
f 467 7108 7094
f 1807 7118 7108
f 1804 7094 7118
f 7108 7118 7094
f 468 7117 7103
f 1810 7119 7117
f 1807 7103 7119
f 7117 7119 7103
f 469 7099 7112
f 1804 7120 7099
f 1810 7112 7120
f 7099 7120 7112
f 1807 7119 7118
f 1810 7120 7119
f 1804 7118 7120
f 7119 7120 7118
f 37 7121 7123
f 1812 7122 7121
f 1814 7123 7122
f 7121 7122 7123
f 470 7124 7126
f 1813 7125 7124
f 1812 7126 7125
f 7124 7125 7126
f 472 7127 7129
f 1814 7128 7127
f 1813 7129 7128
f 7127 7128 7129
f 1812 7125 7122
f 1813 7128 7125
f 1814 7122 7128
f 7125 7128 7122
f 127 7130 7132
f 1815 7131 7130
f 1817 7132 7131
f 7130 7131 7132
f 471 7133 7135
f 1816 7134 7133
f 1815 7135 7134
f 7133 7134 7135
f 470 7136 7138
f 1817 7137 7136
f 1816 7138 7137
f 7136 7137 7138
f 1815 7134 7131
f 1816 7137 7134
f 1817 7131 7137
f 7134 7137 7131
f 126 7139 7141
f 1818 7140 7139
f 1820 7141 7140
f 7139 7140 7141
f 472 7142 7144
f 1819 7143 7142
f 1818 7144 7143
f 7142 7143 7144
f 471 7145 7147
f 1820 7146 7145
f 1819 7147 7146
f 7145 7146 7147
f 1818 7143 7140
f 1819 7146 7143
f 1820 7140 7146
f 7143 7146 7140
f 470 7138 7124
f 1816 7148 7138
f 1813 7124 7148
f 7138 7148 7124
f 471 7147 7133
f 1819 7149 7147
f 1816 7133 7149
f 7147 7149 7133
f 472 7129 7142
f 1813 7150 7129
f 1819 7142 7150
f 7129 7150 7142
f 1816 7149 7148
f 1819 7150 7149
f 1813 7148 7150
f 7149 7150 7148
f 36 7151 7153
f 1821 7152 7151
f 1823 7153 7152
f 7151 7152 7153
f 473 7154 7156
f 1822 7155 7154
f 1821 7156 7155
f 7154 7155 7156
f 475 7157 7159
f 1823 7158 7157
f 1822 7159 7158
f 7157 7158 7159
f 1821 7155 7152
f 1822 7158 7155
f 1823 7152 7158
f 7155 7158 7152
f 128 7160 7162
f 1824 7161 7160
f 1826 7162 7161
f 7160 7161 7162
f 474 7163 7165
f 1825 7164 7163
f 1824 7165 7164
f 7163 7164 7165
f 473 7166 7168
f 1826 7167 7166
f 1825 7168 7167
f 7166 7167 7168
f 1824 7164 7161
f 1825 7167 7164
f 1826 7161 7167
f 7164 7167 7161
f 127 7169 7171
f 1827 7170 7169
f 1829 7171 7170
f 7169 7170 7171
f 475 7172 7174
f 1828 7173 7172
f 1827 7174 7173
f 7172 7173 7174
f 474 7175 7177
f 1829 7176 7175
f 1828 7177 7176
f 7175 7176 7177
f 1827 7173 7170
f 1828 7176 7173
f 1829 7170 7176
f 7173 7176 7170
f 473 7168 7154
f 1825 7178 7168
f 1822 7154 7178
f 7168 7178 7154
f 474 7177 7163
f 1828 7179 7177
f 1825 7163 7179
f 7177 7179 7163
f 475 7159 7172
f 1822 7180 7159
f 1828 7172 7180
f 7159 7180 7172
f 1825 7179 7178
f 1828 7180 7179
f 1822 7178 7180
f 7179 7180 7178
f 126 7141 7100
f 1820 7181 7141
f 1806 7100 7181
f 7141 7181 7100
f 471 7182 7145
f 1830 7183 7182
f 1820 7145 7183
f 7182 7183 7145
f 468 7105 7185
f 1806 7184 7105
f 1830 7185 7184
f 7105 7184 7185
f 1820 7183 7181
f 1830 7184 7183
f 1806 7181 7184
f 7183 7184 7181
f 127 7171 7130
f 1829 7186 7171
f 1815 7130 7186
f 7171 7186 7130
f 474 7187 7175
f 1831 7188 7187
f 1829 7175 7188
f 7187 7188 7175
f 471 7135 7190
f 1815 7189 7135
f 1831 7190 7189
f 7135 7189 7190
f 1829 7188 7186
f 1831 7189 7188
f 1815 7186 7189
f 7188 7189 7186
f 128 7111 7160
f 1811 7191 7111
f 1824 7160 7191
f 7111 7191 7160
f 468 7192 7115
f 1832 7193 7192
f 1811 7115 7193
f 7192 7193 7115
f 474 7165 7195
f 1824 7194 7165
f 1832 7195 7194
f 7165 7194 7195
f 1811 7193 7191
f 1832 7194 7193
f 1824 7191 7194
f 7193 7194 7191
f 471 7190 7182
f 1831 7196 7190
f 1830 7182 7196
f 7190 7196 7182
f 474 7195 7187
f 1832 7197 7195
f 1831 7187 7197
f 7195 7197 7187
f 468 7185 7192
f 1830 7198 7185
f 1832 7192 7198
f 7185 7198 7192
f 1831 7197 7196
f 1832 7198 7197
f 1830 7196 7198
f 7197 7198 7196
f 35 7048 6917
f 1794 7199 7048
f 1758 6917 7199
f 7048 7199 6917
f 466 7200 7051
f 1833 7201 7200
f 1794 7051 7201
f 7200 7201 7051
f 455 6921 7203
f 1758 7202 6921
f 1833 7203 7202
f 6921 7202 7203
f 1794 7201 7199
f 1833 7202 7201
f 1758 7199 7202
f 7201 7202 7199
f 125 7204 7061
f 1834 7205 7204
f 1797 7061 7205
f 7204 7205 7061
f 476 7206 7208
f 1835 7207 7206
f 1834 7208 7207
f 7206 7207 7208
f 466 7066 7210
f 1797 7209 7066
f 1835 7210 7209
f 7066 7209 7210
f 1834 7207 7205
f 1835 7209 7207
f 1797 7205 7209
f 7207 7209 7205
f 122 6926 7212
f 1762 7211 6926
f 1837 7212 7211
f 6926 7211 7212
f 455 7213 6930
f 1836 7214 7213
f 1762 6930 7214
f 7213 7214 6930
f 476 7215 7217
f 1837 7216 7215
f 1836 7217 7216
f 7215 7216 7217
f 1762 7214 7211
f 1836 7216 7214
f 1837 7211 7216
f 7214 7216 7211
f 466 7210 7200
f 1835 7218 7210
f 1833 7200 7218
f 7210 7218 7200
f 476 7217 7206
f 1836 7219 7217
f 1835 7206 7219
f 7217 7219 7206
f 455 7203 7213
f 1833 7220 7203
f 1836 7213 7220
f 7203 7220 7213
f 1835 7219 7218
f 1836 7220 7219
f 1833 7218 7220
f 7219 7220 7218
f 36 7153 7017
f 1823 7221 7153
f 1784 7017 7221
f 7153 7221 7017
f 475 7222 7157
f 1838 7223 7222
f 1823 7157 7223
f 7222 7223 7157
f 462 7022 7225
f 1784 7224 7022
f 1838 7225 7224
f 7022 7224 7225
f 1823 7223 7221
f 1838 7224 7223
f 1784 7221 7224
f 7223 7224 7221
f 127 7226 7169
f 1839 7227 7226
f 1827 7169 7227
f 7226 7227 7169
f 477 7228 7230
f 1840 7229 7228
f 1839 7230 7229
f 7228 7229 7230
f 475 7174 7232
f 1827 7231 7174
f 1840 7232 7231
f 7174 7231 7232
f 1839 7229 7227
f 1840 7231 7229
f 1827 7227 7231
f 7229 7231 7227
f 125 7028 7234
f 1789 7233 7028
f 1842 7234 7233
f 7028 7233 7234
f 462 7235 7032
f 1841 7236 7235
f 1789 7032 7236
f 7235 7236 7032
f 477 7237 7239
f 1842 7238 7237
f 1841 7239 7238
f 7237 7238 7239
f 1789 7236 7233
f 1841 7238 7236
f 1842 7233 7238
f 7236 7238 7233
f 475 7232 7222
f 1840 7240 7232
f 1838 7222 7240
f 7232 7240 7222
f 477 7239 7228
f 1841 7241 7239
f 1840 7228 7241
f 7239 7241 7228
f 462 7225 7235
f 1838 7242 7225
f 1841 7235 7242
f 7225 7242 7235
f 1840 7241 7240
f 1841 7242 7241
f 1838 7240 7242
f 7241 7242 7240
f 37 6945 7121
f 1767 7243 6945
f 1812 7121 7243
f 6945 7243 7121
f 459 7244 6949
f 1843 7245 7244
f 1767 6949 7245
f 7244 7245 6949
f 470 7126 7247
f 1812 7246 7126
f 1843 7247 7246
f 7126 7246 7247
f 1767 7245 7243
f 1843 7246 7245
f 1812 7243 7246
f 7245 7246 7243
f 122 7248 6961
f 1844 7249 7248
f 1771 6961 7249
f 7248 7249 6961
f 478 7250 7252
f 1845 7251 7250
f 1844 7252 7251
f 7250 7251 7252
f 459 6966 7254
f 1771 7253 6966
f 1845 7254 7253
f 6966 7253 7254
f 1844 7251 7249
f 1845 7253 7251
f 1771 7249 7253
f 7251 7253 7249
f 127 7132 7256
f 1817 7255 7132
f 1847 7256 7255
f 7132 7255 7256
f 470 7257 7136
f 1846 7258 7257
f 1817 7136 7258
f 7257 7258 7136
f 478 7259 7261
f 1847 7260 7259
f 1846 7261 7260
f 7259 7260 7261
f 1817 7258 7255
f 1846 7260 7258
f 1847 7255 7260
f 7258 7260 7255
f 459 7254 7244
f 1845 7262 7254
f 1843 7244 7262
f 7254 7262 7244
f 478 7261 7250
f 1846 7263 7261
f 1845 7250 7263
f 7261 7263 7250
f 470 7247 7257
f 1843 7264 7247
f 1846 7257 7264
f 7247 7264 7257
f 1845 7263 7262
f 1846 7264 7263
f 1843 7262 7264
f 7263 7264 7262
f 125 7234 7204
f 1842 7265 7234
f 1834 7204 7265
f 7234 7265 7204
f 477 7266 7237
f 1848 7267 7266
f 1842 7237 7267
f 7266 7267 7237
f 476 7208 7269
f 1834 7268 7208
f 1848 7269 7268
f 7208 7268 7269
f 1842 7267 7265
f 1848 7268 7267
f 1834 7265 7268
f 7267 7268 7265
f 127 7256 7226
f 1847 7270 7256
f 1839 7226 7270
f 7256 7270 7226
f 478 7271 7259
f 1849 7272 7271
f 1847 7259 7272
f 7271 7272 7259
f 477 7230 7274
f 1839 7273 7230
f 1849 7274 7273
f 7230 7273 7274
f 1847 7272 7270
f 1849 7273 7272
f 1839 7270 7273
f 7272 7273 7270
f 122 7212 7248
f 1837 7275 7212
f 1844 7248 7275
f 7212 7275 7248
f 476 7276 7215
f 1850 7277 7276
f 1837 7215 7277
f 7276 7277 7215
f 478 7252 7279
f 1844 7278 7252
f 1850 7279 7278
f 7252 7278 7279
f 1837 7277 7275
f 1850 7278 7277
f 1844 7275 7278
f 7277 7278 7275
f 477 7274 7266
f 1849 7280 7274
f 1848 7266 7280
f 7274 7280 7266
f 478 7279 7271
f 1850 7281 7279
f 1849 7271 7281
f 7279 7281 7271
f 476 7269 7276
f 1848 7282 7269
f 1850 7276 7282
f 7269 7282 7276
f 1849 7281 7280
f 1850 7282 7281
f 1848 7280 7282
f 7281 7282 7280
f 4 6892 7284
f 1752 7283 6892
f 1852 7284 7283
f 6892 7283 7284
f 454 7285 6895
f 1851 7286 7285
f 1752 6895 7286
f 7285 7286 6895
f 480 7287 7289
f 1852 7288 7287
f 1851 7289 7288
f 7287 7288 7289
f 1752 7286 7283
f 1851 7288 7286
f 1852 7283 7288
f 7286 7288 7283
f 123 7290 6905
f 1853 7291 7290
f 1755 6905 7291
f 7290 7291 6905
f 479 7292 7294
f 1854 7293 7292
f 1853 7294 7293
f 7292 7293 7294
f 454 6910 7296
f 1755 7295 6910
f 1854 7296 7295
f 6910 7295 7296
f 1853 7293 7291
f 1854 7295 7293
f 1755 7291 7295
f 7293 7295 7291
f 130 7297 7299
f 1855 7298 7297
f 1857 7299 7298
f 7297 7298 7299
f 480 7300 7302
f 1856 7301 7300
f 1855 7302 7301
f 7300 7301 7302
f 479 7303 7305
f 1857 7304 7303
f 1856 7305 7304
f 7303 7304 7305
f 1855 7301 7298
f 1856 7304 7301
f 1857 7298 7304
f 7301 7304 7298
f 454 7296 7285
f 1854 7306 7296
f 1851 7285 7306
f 7296 7306 7285
f 479 7305 7292
f 1856 7307 7305
f 1854 7292 7307
f 7305 7307 7292
f 480 7289 7300
f 1851 7308 7289
f 1856 7300 7308
f 7289 7308 7300
f 1854 7307 7306
f 1856 7308 7307
f 1851 7306 7308
f 7307 7308 7306
f 37 7309 6943
f 1858 7310 7309
f 1765 6943 7310
f 7309 7310 6943
f 481 7311 7313
f 1859 7312 7311
f 1858 7313 7312
f 7311 7312 7313
f 457 6948 7315
f 1765 7314 6948
f 1859 7315 7314
f 6948 7314 7315
f 1858 7312 7310
f 1859 7314 7312
f 1765 7310 7314
f 7312 7314 7310
f 129 7316 7318
f 1860 7317 7316
f 1862 7318 7317
f 7316 7317 7318
f 482 7319 7321
f 1861 7320 7319
f 1860 7321 7320
f 7319 7320 7321
f 481 7322 7324
f 1862 7323 7322
f 1861 7324 7323
f 7322 7323 7324
f 1860 7320 7317
f 1861 7323 7320
f 1862 7317 7323
f 7320 7323 7317
f 123 6954 7326
f 1770 7325 6954
f 1864 7326 7325
f 6954 7325 7326
f 457 7327 6958
f 1863 7328 7327
f 1770 6958 7328
f 7327 7328 6958
f 482 7329 7331
f 1864 7330 7329
f 1863 7331 7330
f 7329 7330 7331
f 1770 7328 7325
f 1863 7330 7328
f 1864 7325 7330
f 7328 7330 7325
f 481 7324 7311
f 1861 7332 7324
f 1859 7311 7332
f 7324 7332 7311
f 482 7331 7319
f 1863 7333 7331
f 1861 7319 7333
f 7331 7333 7319
f 457 7315 7327
f 1859 7334 7315
f 1863 7327 7334
f 7315 7334 7327
f 1861 7333 7332
f 1863 7334 7333
f 1859 7332 7334
f 7333 7334 7332
f 39 7335 7337
f 1865 7336 7335
f 1867 7337 7336
f 7335 7336 7337
f 483 7338 7340
f 1866 7339 7338
f 1865 7340 7339
f 7338 7339 7340
f 485 7341 7343
f 1867 7342 7341
f 1866 7343 7342
f 7341 7342 7343
f 1865 7339 7336
f 1866 7342 7339
f 1867 7336 7342
f 7339 7342 7336
f 130 7344 7346
f 1868 7345 7344
f 1870 7346 7345
f 7344 7345 7346
f 484 7347 7349
f 1869 7348 7347
f 1868 7349 7348
f 7347 7348 7349
f 483 7350 7352
f 1870 7351 7350
f 1869 7352 7351
f 7350 7351 7352
f 1868 7348 7345
f 1869 7351 7348
f 1870 7345 7351
f 7348 7351 7345
f 129 7353 7355
f 1871 7354 7353
f 1873 7355 7354
f 7353 7354 7355
f 485 7356 7358
f 1872 7357 7356
f 1871 7358 7357
f 7356 7357 7358
f 484 7359 7361
f 1873 7360 7359
f 1872 7361 7360
f 7359 7360 7361
f 1871 7357 7354
f 1872 7360 7357
f 1873 7354 7360
f 7357 7360 7354
f 483 7352 7338
f 1869 7362 7352
f 1866 7338 7362
f 7352 7362 7338
f 484 7361 7347
f 1872 7363 7361
f 1869 7347 7363
f 7361 7363 7347
f 485 7343 7356
f 1866 7364 7343
f 1872 7356 7364
f 7343 7364 7356
f 1869 7363 7362
f 1872 7364 7363
f 1866 7362 7364
f 7363 7364 7362
f 123 7326 7290
f 1864 7365 7326
f 1853 7290 7365
f 7326 7365 7290
f 482 7366 7329
f 1874 7367 7366
f 1864 7329 7367
f 7366 7367 7329
f 479 7294 7369
f 1853 7368 7294
f 1874 7369 7368
f 7294 7368 7369
f 1864 7367 7365
f 1874 7368 7367
f 1853 7365 7368
f 7367 7368 7365
f 129 7355 7316
f 1873 7370 7355
f 1860 7316 7370
f 7355 7370 7316
f 484 7371 7359
f 1875 7372 7371
f 1873 7359 7372
f 7371 7372 7359
f 482 7321 7374
f 1860 7373 7321
f 1875 7374 7373
f 7321 7373 7374
f 1873 7372 7370
f 1875 7373 7372
f 1860 7370 7373
f 7372 7373 7370
f 130 7299 7344
f 1857 7375 7299
f 1868 7344 7375
f 7299 7375 7344
f 479 7376 7303
f 1876 7377 7376
f 1857 7303 7377
f 7376 7377 7303
f 484 7349 7379
f 1868 7378 7349
f 1876 7379 7378
f 7349 7378 7379
f 1857 7377 7375
f 1876 7378 7377
f 1868 7375 7378
f 7377 7378 7375
f 482 7374 7366
f 1875 7380 7374
f 1874 7366 7380
f 7374 7380 7366
f 484 7379 7371
f 1876 7381 7379
f 1875 7371 7381
f 7379 7381 7371
f 479 7369 7376
f 1874 7382 7369
f 1876 7376 7382
f 7369 7382 7376
f 1875 7381 7380
f 1876 7382 7381
f 1874 7380 7382
f 7381 7382 7380
f 3 7383 7091
f 1877 7384 7383
f 1803 7091 7384
f 7383 7384 7091
f 486 7385 7387
f 1878 7386 7385
f 1877 7387 7386
f 7385 7386 7387
f 467 7096 7389
f 1803 7388 7096
f 1878 7389 7388
f 7096 7388 7389
f 1877 7386 7384
f 1878 7388 7386
f 1803 7384 7388
f 7386 7388 7384
f 131 7390 7392
f 1879 7391 7390
f 1881 7392 7391
f 7390 7391 7392
f 487 7393 7395
f 1880 7394 7393
f 1879 7395 7394
f 7393 7394 7395
f 486 7396 7398
f 1881 7397 7396
f 1880 7398 7397
f 7396 7397 7398
f 1879 7394 7391
f 1880 7397 7394
f 1881 7391 7397
f 7394 7397 7391
f 126 7102 7400
f 1808 7399 7102
f 1883 7400 7399
f 7102 7399 7400
f 467 7401 7106
f 1882 7402 7401
f 1808 7106 7402
f 7401 7402 7106
f 487 7403 7405
f 1883 7404 7403
f 1882 7405 7404
f 7403 7404 7405
f 1808 7402 7399
f 1882 7404 7402
f 1883 7399 7404
f 7402 7404 7399
f 486 7398 7385
f 1880 7406 7398
f 1878 7385 7406
f 7398 7406 7385
f 487 7405 7393
f 1882 7407 7405
f 1880 7393 7407
f 7405 7407 7393
f 467 7389 7401
f 1878 7408 7389
f 1882 7401 7408
f 7389 7408 7401
f 1880 7407 7406
f 1882 7408 7407
f 1878 7406 7408
f 7407 7408 7406
f 38 7409 7411
f 1884 7410 7409
f 1886 7411 7410
f 7409 7410 7411
f 488 7412 7414
f 1885 7413 7412
f 1884 7414 7413
f 7412 7413 7414
f 490 7415 7417
f 1886 7416 7415
f 1885 7417 7416
f 7415 7416 7417
f 1884 7413 7410
f 1885 7416 7413
f 1886 7410 7416
f 7413 7416 7410
f 132 7418 7420
f 1887 7419 7418
f 1889 7420 7419
f 7418 7419 7420
f 489 7421 7423
f 1888 7422 7421
f 1887 7423 7422
f 7421 7422 7423
f 488 7424 7426
f 1889 7425 7424
f 1888 7426 7425
f 7424 7425 7426
f 1887 7422 7419
f 1888 7425 7422
f 1889 7419 7425
f 7422 7425 7419
f 131 7427 7429
f 1890 7428 7427
f 1892 7429 7428
f 7427 7428 7429
f 490 7430 7432
f 1891 7431 7430
f 1890 7432 7431
f 7430 7431 7432
f 489 7433 7435
f 1892 7434 7433
f 1891 7435 7434
f 7433 7434 7435
f 1890 7431 7428
f 1891 7434 7431
f 1892 7428 7434
f 7431 7434 7428
f 488 7426 7412
f 1888 7436 7426
f 1885 7412 7436
f 7426 7436 7412
f 489 7435 7421
f 1891 7437 7435
f 1888 7421 7437
f 7435 7437 7421
f 490 7417 7430
f 1885 7438 7417
f 1891 7430 7438
f 7417 7438 7430
f 1888 7437 7436
f 1891 7438 7437
f 1885 7436 7438
f 7437 7438 7436
f 37 7123 7440
f 1814 7439 7123
f 1894 7440 7439
f 7123 7439 7440
f 472 7441 7127
f 1893 7442 7441
f 1814 7127 7442
f 7441 7442 7127
f 492 7443 7445
f 1894 7444 7443
f 1893 7445 7444
f 7443 7444 7445
f 1814 7442 7439
f 1893 7444 7442
f 1894 7439 7444
f 7442 7444 7439
f 126 7446 7139
f 1895 7447 7446
f 1818 7139 7447
f 7446 7447 7139
f 491 7448 7450
f 1896 7449 7448
f 1895 7450 7449
f 7448 7449 7450
f 472 7144 7452
f 1818 7451 7144
f 1896 7452 7451
f 7144 7451 7452
f 1895 7449 7447
f 1896 7451 7449
f 1818 7447 7451
f 7449 7451 7447
f 132 7453 7455
f 1897 7454 7453
f 1899 7455 7454
f 7453 7454 7455
f 492 7456 7458
f 1898 7457 7456
f 1897 7458 7457
f 7456 7457 7458
f 491 7459 7461
f 1899 7460 7459
f 1898 7461 7460
f 7459 7460 7461
f 1897 7457 7454
f 1898 7460 7457
f 1899 7454 7460
f 7457 7460 7454
f 472 7452 7441
f 1896 7462 7452
f 1893 7441 7462
f 7452 7462 7441
f 491 7461 7448
f 1898 7463 7461
f 1896 7448 7463
f 7461 7463 7448
f 492 7445 7456
f 1893 7464 7445
f 1898 7456 7464
f 7445 7464 7456
f 1896 7463 7462
f 1898 7464 7463
f 1893 7462 7464
f 7463 7464 7462
f 131 7429 7390
f 1892 7465 7429
f 1879 7390 7465
f 7429 7465 7390
f 489 7466 7433
f 1900 7467 7466
f 1892 7433 7467
f 7466 7467 7433
f 487 7395 7469
f 1879 7468 7395
f 1900 7469 7468
f 7395 7468 7469
f 1892 7467 7465
f 1900 7468 7467
f 1879 7465 7468
f 7467 7468 7465
f 132 7455 7418
f 1899 7470 7455
f 1887 7418 7470
f 7455 7470 7418
f 491 7471 7459
f 1901 7472 7471
f 1899 7459 7472
f 7471 7472 7459
f 489 7423 7474
f 1887 7473 7423
f 1901 7474 7473
f 7423 7473 7474
f 1899 7472 7470
f 1901 7473 7472
f 1887 7470 7473
f 7472 7473 7470
f 126 7400 7446
f 1883 7475 7400
f 1895 7446 7475
f 7400 7475 7446
f 487 7476 7403
f 1902 7477 7476
f 1883 7403 7477
f 7476 7477 7403
f 491 7450 7479
f 1895 7478 7450
f 1902 7479 7478
f 7450 7478 7479
f 1883 7477 7475
f 1902 7478 7477
f 1895 7475 7478
f 7477 7478 7475
f 489 7474 7466
f 1901 7480 7474
f 1900 7466 7480
f 7474 7480 7466
f 491 7479 7471
f 1902 7481 7479
f 1901 7471 7481
f 7479 7481 7471
f 487 7469 7476
f 1900 7482 7469
f 1902 7476 7482
f 7469 7482 7476
f 1901 7481 7480
f 1902 7482 7481
f 1900 7480 7482
f 7481 7482 7480
f 7 7483 7485
f 1903 7484 7483
f 1905 7485 7484
f 7483 7484 7485
f 493 7486 7488
f 1904 7487 7486
f 1903 7488 7487
f 7486 7487 7488
f 495 7489 7491
f 1905 7490 7489
f 1904 7491 7490
f 7489 7490 7491
f 1903 7487 7484
f 1904 7490 7487
f 1905 7484 7490
f 7487 7490 7484
f 133 7492 7494
f 1906 7493 7492
f 1908 7494 7493
f 7492 7493 7494
f 494 7495 7497
f 1907 7496 7495
f 1906 7497 7496
f 7495 7496 7497
f 493 7498 7500
f 1908 7499 7498
f 1907 7500 7499
f 7498 7499 7500
f 1906 7496 7493
f 1907 7499 7496
f 1908 7493 7499
f 7496 7499 7493
f 135 7501 7503
f 1909 7502 7501
f 1911 7503 7502
f 7501 7502 7503
f 495 7504 7506
f 1910 7505 7504
f 1909 7506 7505
f 7504 7505 7506
f 494 7507 7509
f 1911 7508 7507
f 1910 7509 7508
f 7507 7508 7509
f 1909 7505 7502
f 1910 7508 7505
f 1911 7502 7508
f 7505 7508 7502
f 493 7500 7486
f 1907 7510 7500
f 1904 7486 7510
f 7500 7510 7486
f 494 7509 7495
f 1910 7511 7509
f 1907 7495 7511
f 7509 7511 7495
f 495 7491 7504
f 1904 7512 7491
f 1910 7504 7512
f 7491 7512 7504
f 1907 7511 7510
f 1910 7512 7511
f 1904 7510 7512
f 7511 7512 7510
f 39 7513 7515
f 1912 7514 7513
f 1914 7515 7514
f 7513 7514 7515
f 496 7516 7518
f 1913 7517 7516
f 1912 7518 7517
f 7516 7517 7518
f 498 7519 7521
f 1914 7520 7519
f 1913 7521 7520
f 7519 7520 7521
f 1912 7517 7514
f 1913 7520 7517
f 1914 7514 7520
f 7517 7520 7514
f 134 7522 7524
f 1915 7523 7522
f 1917 7524 7523
f 7522 7523 7524
f 497 7525 7527
f 1916 7526 7525
f 1915 7527 7526
f 7525 7526 7527
f 496 7528 7530
f 1917 7529 7528
f 1916 7530 7529
f 7528 7529 7530
f 1915 7526 7523
f 1916 7529 7526
f 1917 7523 7529
f 7526 7529 7523
f 133 7531 7533
f 1918 7532 7531
f 1920 7533 7532
f 7531 7532 7533
f 498 7534 7536
f 1919 7535 7534
f 1918 7536 7535
f 7534 7535 7536
f 497 7537 7539
f 1920 7538 7537
f 1919 7539 7538
f 7537 7538 7539
f 1918 7535 7532
f 1919 7538 7535
f 1920 7532 7538
f 7535 7538 7532
f 496 7530 7516
f 1916 7540 7530
f 1913 7516 7540
f 7530 7540 7516
f 497 7539 7525
f 1919 7541 7539
f 1916 7525 7541
f 7539 7541 7525
f 498 7521 7534
f 1913 7542 7521
f 1919 7534 7542
f 7521 7542 7534
f 1916 7541 7540
f 1919 7542 7541
f 1913 7540 7542
f 7541 7542 7540
f 38 7543 7545
f 1921 7544 7543
f 1923 7545 7544
f 7543 7544 7545
f 499 7546 7548
f 1922 7547 7546
f 1921 7548 7547
f 7546 7547 7548
f 501 7549 7551
f 1923 7550 7549
f 1922 7551 7550
f 7549 7550 7551
f 1921 7547 7544
f 1922 7550 7547
f 1923 7544 7550
f 7547 7550 7544
f 135 7552 7554
f 1924 7553 7552
f 1926 7554 7553
f 7552 7553 7554
f 500 7555 7557
f 1925 7556 7555
f 1924 7557 7556
f 7555 7556 7557
f 499 7558 7560
f 1926 7559 7558
f 1925 7560 7559
f 7558 7559 7560
f 1924 7556 7553
f 1925 7559 7556
f 1926 7553 7559
f 7556 7559 7553
f 134 7561 7563
f 1927 7562 7561
f 1929 7563 7562
f 7561 7562 7563
f 501 7564 7566
f 1928 7565 7564
f 1927 7566 7565
f 7564 7565 7566
f 500 7567 7569
f 1929 7568 7567
f 1928 7569 7568
f 7567 7568 7569
f 1927 7565 7562
f 1928 7568 7565
f 1929 7562 7568
f 7565 7568 7562
f 499 7560 7546
f 1925 7570 7560
f 1922 7546 7570
f 7560 7570 7546
f 500 7569 7555
f 1928 7571 7569
f 1925 7555 7571
f 7569 7571 7555
f 501 7551 7564
f 1922 7572 7551
f 1928 7564 7572
f 7551 7572 7564
f 1925 7571 7570
f 1928 7572 7571
f 1922 7570 7572
f 7571 7572 7570
f 133 7533 7492
f 1920 7573 7533
f 1906 7492 7573
f 7533 7573 7492
f 497 7574 7537
f 1930 7575 7574
f 1920 7537 7575
f 7574 7575 7537
f 494 7497 7577
f 1906 7576 7497
f 1930 7577 7576
f 7497 7576 7577
f 1920 7575 7573
f 1930 7576 7575
f 1906 7573 7576
f 7575 7576 7573
f 134 7563 7522
f 1929 7578 7563
f 1915 7522 7578
f 7563 7578 7522
f 500 7579 7567
f 1931 7580 7579
f 1929 7567 7580
f 7579 7580 7567
f 497 7527 7582
f 1915 7581 7527
f 1931 7582 7581
f 7527 7581 7582
f 1929 7580 7578
f 1931 7581 7580
f 1915 7578 7581
f 7580 7581 7578
f 135 7503 7552
f 1911 7583 7503
f 1924 7552 7583
f 7503 7583 7552
f 494 7584 7507
f 1932 7585 7584
f 1911 7507 7585
f 7584 7585 7507
f 500 7557 7587
f 1924 7586 7557
f 1932 7587 7586
f 7557 7586 7587
f 1911 7585 7583
f 1932 7586 7585
f 1924 7583 7586
f 7585 7586 7583
f 497 7582 7574
f 1931 7588 7582
f 1930 7574 7588
f 7582 7588 7574
f 500 7587 7579
f 1932 7589 7587
f 1931 7579 7589
f 7587 7589 7579
f 494 7577 7584
f 1930 7590 7577
f 1932 7584 7590
f 7577 7590 7584
f 1931 7589 7588
f 1932 7590 7589
f 1930 7588 7590
f 7589 7590 7588
f 37 7440 7309
f 1894 7591 7440
f 1858 7309 7591
f 7440 7591 7309
f 492 7592 7443
f 1933 7593 7592
f 1894 7443 7593
f 7592 7593 7443
f 481 7313 7595
f 1858 7594 7313
f 1933 7595 7594
f 7313 7594 7595
f 1894 7593 7591
f 1933 7594 7593
f 1858 7591 7594
f 7593 7594 7591
f 132 7596 7453
f 1934 7597 7596
f 1897 7453 7597
f 7596 7597 7453
f 502 7598 7600
f 1935 7599 7598
f 1934 7600 7599
f 7598 7599 7600
f 492 7458 7602
f 1897 7601 7458
f 1935 7602 7601
f 7458 7601 7602
f 1934 7599 7597
f 1935 7601 7599
f 1897 7597 7601
f 7599 7601 7597
f 129 7318 7604
f 1862 7603 7318
f 1937 7604 7603
f 7318 7603 7604
f 481 7605 7322
f 1936 7606 7605
f 1862 7322 7606
f 7605 7606 7322
f 502 7607 7609
f 1937 7608 7607
f 1936 7609 7608
f 7607 7608 7609
f 1862 7606 7603
f 1936 7608 7606
f 1937 7603 7608
f 7606 7608 7603
f 492 7602 7592
f 1935 7610 7602
f 1933 7592 7610
f 7602 7610 7592
f 502 7609 7598
f 1936 7611 7609
f 1935 7598 7611
f 7609 7611 7598
f 481 7595 7605
f 1933 7612 7595
f 1936 7605 7612
f 7595 7612 7605
f 1935 7611 7610
f 1936 7612 7611
f 1933 7610 7612
f 7611 7612 7610
f 38 7545 7409
f 1923 7613 7545
f 1884 7409 7613
f 7545 7613 7409
f 501 7614 7549
f 1938 7615 7614
f 1923 7549 7615
f 7614 7615 7549
f 488 7414 7617
f 1884 7616 7414
f 1938 7617 7616
f 7414 7616 7617
f 1923 7615 7613
f 1938 7616 7615
f 1884 7613 7616
f 7615 7616 7613
f 134 7618 7561
f 1939 7619 7618
f 1927 7561 7619
f 7618 7619 7561
f 503 7620 7622
f 1940 7621 7620
f 1939 7622 7621
f 7620 7621 7622
f 501 7566 7624
f 1927 7623 7566
f 1940 7624 7623
f 7566 7623 7624
f 1939 7621 7619
f 1940 7623 7621
f 1927 7619 7623
f 7621 7623 7619
f 132 7420 7626
f 1889 7625 7420
f 1942 7626 7625
f 7420 7625 7626
f 488 7627 7424
f 1941 7628 7627
f 1889 7424 7628
f 7627 7628 7424
f 503 7629 7631
f 1942 7630 7629
f 1941 7631 7630
f 7629 7630 7631
f 1889 7628 7625
f 1941 7630 7628
f 1942 7625 7630
f 7628 7630 7625
f 501 7624 7614
f 1940 7632 7624
f 1938 7614 7632
f 7624 7632 7614
f 503 7631 7620
f 1941 7633 7631
f 1940 7620 7633
f 7631 7633 7620
f 488 7617 7627
f 1938 7634 7617
f 1941 7627 7634
f 7617 7634 7627
f 1940 7633 7632
f 1941 7634 7633
f 1938 7632 7634
f 7633 7634 7632
f 39 7337 7513
f 1867 7635 7337
f 1912 7513 7635
f 7337 7635 7513
f 485 7636 7341
f 1943 7637 7636
f 1867 7341 7637
f 7636 7637 7341
f 496 7518 7639
f 1912 7638 7518
f 1943 7639 7638
f 7518 7638 7639
f 1867 7637 7635
f 1943 7638 7637
f 1912 7635 7638
f 7637 7638 7635
f 129 7640 7353
f 1944 7641 7640
f 1871 7353 7641
f 7640 7641 7353
f 504 7642 7644
f 1945 7643 7642
f 1944 7644 7643
f 7642 7643 7644
f 485 7358 7646
f 1871 7645 7358
f 1945 7646 7645
f 7358 7645 7646
f 1944 7643 7641
f 1945 7645 7643
f 1871 7641 7645
f 7643 7645 7641
f 134 7524 7648
f 1917 7647 7524
f 1947 7648 7647
f 7524 7647 7648
f 496 7649 7528
f 1946 7650 7649
f 1917 7528 7650
f 7649 7650 7528
f 504 7651 7653
f 1947 7652 7651
f 1946 7653 7652
f 7651 7652 7653
f 1917 7650 7647
f 1946 7652 7650
f 1947 7647 7652
f 7650 7652 7647
f 485 7646 7636
f 1945 7654 7646
f 1943 7636 7654
f 7646 7654 7636
f 504 7653 7642
f 1946 7655 7653
f 1945 7642 7655
f 7653 7655 7642
f 496 7639 7649
f 1943 7656 7639
f 1946 7649 7656
f 7639 7656 7649
f 1945 7655 7654
f 1946 7656 7655
f 1943 7654 7656
f 7655 7656 7654
f 132 7626 7596
f 1942 7657 7626
f 1934 7596 7657
f 7626 7657 7596
f 503 7658 7629
f 1948 7659 7658
f 1942 7629 7659
f 7658 7659 7629
f 502 7600 7661
f 1934 7660 7600
f 1948 7661 7660
f 7600 7660 7661
f 1942 7659 7657
f 1948 7660 7659
f 1934 7657 7660
f 7659 7660 7657
f 134 7648 7618
f 1947 7662 7648
f 1939 7618 7662
f 7648 7662 7618
f 504 7663 7651
f 1949 7664 7663
f 1947 7651 7664
f 7663 7664 7651
f 503 7622 7666
f 1939 7665 7622
f 1949 7666 7665
f 7622 7665 7666
f 1947 7664 7662
f 1949 7665 7664
f 1939 7662 7665
f 7664 7665 7662
f 129 7604 7640
f 1937 7667 7604
f 1944 7640 7667
f 7604 7667 7640
f 502 7668 7607
f 1950 7669 7668
f 1937 7607 7669
f 7668 7669 7607
f 504 7644 7671
f 1944 7670 7644
f 1950 7671 7670
f 7644 7670 7671
f 1937 7669 7667
f 1950 7670 7669
f 1944 7667 7670
f 7669 7670 7667
f 503 7666 7658
f 1949 7672 7666
f 1948 7658 7672
f 7666 7672 7658
f 504 7671 7663
f 1950 7673 7671
f 1949 7663 7673
f 7671 7673 7663
f 502 7661 7668
f 1948 7674 7661
f 1950 7668 7674
f 7661 7674 7668
f 1949 7673 7672
f 1950 7674 7673
f 1948 7672 7674
f 7673 7674 7672
f 4 7284 7676
f 1852 7675 7284
f 1952 7676 7675
f 7284 7675 7676
f 480 7677 7287
f 1951 7678 7677
f 1852 7287 7678
f 7677 7678 7287
f 506 7679 7681
f 1952 7680 7679
f 1951 7681 7680
f 7679 7680 7681
f 1852 7678 7675
f 1951 7680 7678
f 1952 7675 7680
f 7678 7680 7675
f 130 7682 7297
f 1953 7683 7682
f 1855 7297 7683
f 7682 7683 7297
f 505 7684 7686
f 1954 7685 7684
f 1953 7686 7685
f 7684 7685 7686
f 480 7302 7688
f 1855 7687 7302
f 1954 7688 7687
f 7302 7687 7688
f 1953 7685 7683
f 1954 7687 7685
f 1855 7683 7687
f 7685 7687 7683
f 137 7689 7691
f 1955 7690 7689
f 1957 7691 7690
f 7689 7690 7691
f 506 7692 7694
f 1956 7693 7692
f 1955 7694 7693
f 7692 7693 7694
f 505 7695 7697
f 1957 7696 7695
f 1956 7697 7696
f 7695 7696 7697
f 1955 7693 7690
f 1956 7696 7693
f 1957 7690 7696
f 7693 7696 7690
f 480 7688 7677
f 1954 7698 7688
f 1951 7677 7698
f 7688 7698 7677
f 505 7697 7684
f 1956 7699 7697
f 1954 7684 7699
f 7697 7699 7684
f 506 7681 7692
f 1951 7700 7681
f 1956 7692 7700
f 7681 7700 7692
f 1954 7699 7698
f 1956 7700 7699
f 1951 7698 7700
f 7699 7700 7698
f 39 7701 7335
f 1958 7702 7701
f 1865 7335 7702
f 7701 7702 7335
f 507 7703 7705
f 1959 7704 7703
f 1958 7705 7704
f 7703 7704 7705
f 483 7340 7707
f 1865 7706 7340
f 1959 7707 7706
f 7340 7706 7707
f 1958 7704 7702
f 1959 7706 7704
f 1865 7702 7706
f 7704 7706 7702
f 136 7708 7710
f 1960 7709 7708
f 1962 7710 7709
f 7708 7709 7710
f 508 7711 7713
f 1961 7712 7711
f 1960 7713 7712
f 7711 7712 7713
f 507 7714 7716
f 1962 7715 7714
f 1961 7716 7715
f 7714 7715 7716
f 1960 7712 7709
f 1961 7715 7712
f 1962 7709 7715
f 7712 7715 7709
f 130 7346 7718
f 1870 7717 7346
f 1964 7718 7717
f 7346 7717 7718
f 483 7719 7350
f 1963 7720 7719
f 1870 7350 7720
f 7719 7720 7350
f 508 7721 7723
f 1964 7722 7721
f 1963 7723 7722
f 7721 7722 7723
f 1870 7720 7717
f 1963 7722 7720
f 1964 7717 7722
f 7720 7722 7717
f 507 7716 7703
f 1961 7724 7716
f 1959 7703 7724
f 7716 7724 7703
f 508 7723 7711
f 1963 7725 7723
f 1961 7711 7725
f 7723 7725 7711
f 483 7707 7719
f 1959 7726 7707
f 1963 7719 7726
f 7707 7726 7719
f 1961 7725 7724
f 1963 7726 7725
f 1959 7724 7726
f 7725 7726 7724
f 41 7727 7729
f 1965 7728 7727
f 1967 7729 7728
f 7727 7728 7729
f 509 7730 7732
f 1966 7731 7730
f 1965 7732 7731
f 7730 7731 7732
f 511 7733 7735
f 1967 7734 7733
f 1966 7735 7734
f 7733 7734 7735
f 1965 7731 7728
f 1966 7734 7731
f 1967 7728 7734
f 7731 7734 7728
f 137 7736 7738
f 1968 7737 7736
f 1970 7738 7737
f 7736 7737 7738
f 510 7739 7741
f 1969 7740 7739
f 1968 7741 7740
f 7739 7740 7741
f 509 7742 7744
f 1970 7743 7742
f 1969 7744 7743
f 7742 7743 7744
f 1968 7740 7737
f 1969 7743 7740
f 1970 7737 7743
f 7740 7743 7737
f 136 7745 7747
f 1971 7746 7745
f 1973 7747 7746
f 7745 7746 7747
f 511 7748 7750
f 1972 7749 7748
f 1971 7750 7749
f 7748 7749 7750
f 510 7751 7753
f 1973 7752 7751
f 1972 7753 7752
f 7751 7752 7753
f 1971 7749 7746
f 1972 7752 7749
f 1973 7746 7752
f 7749 7752 7746
f 509 7744 7730
f 1969 7754 7744
f 1966 7730 7754
f 7744 7754 7730
f 510 7753 7739
f 1972 7755 7753
f 1969 7739 7755
f 7753 7755 7739
f 511 7735 7748
f 1966 7756 7735
f 1972 7748 7756
f 7735 7756 7748
f 1969 7755 7754
f 1972 7756 7755
f 1966 7754 7756
f 7755 7756 7754
f 130 7718 7682
f 1964 7757 7718
f 1953 7682 7757
f 7718 7757 7682
f 508 7758 7721
f 1974 7759 7758
f 1964 7721 7759
f 7758 7759 7721
f 505 7686 7761
f 1953 7760 7686
f 1974 7761 7760
f 7686 7760 7761
f 1964 7759 7757
f 1974 7760 7759
f 1953 7757 7760
f 7759 7760 7757
f 136 7747 7708
f 1973 7762 7747
f 1960 7708 7762
f 7747 7762 7708
f 510 7763 7751
f 1975 7764 7763
f 1973 7751 7764
f 7763 7764 7751
f 508 7713 7766
f 1960 7765 7713
f 1975 7766 7765
f 7713 7765 7766
f 1973 7764 7762
f 1975 7765 7764
f 1960 7762 7765
f 7764 7765 7762
f 137 7691 7736
f 1957 7767 7691
f 1968 7736 7767
f 7691 7767 7736
f 505 7768 7695
f 1976 7769 7768
f 1957 7695 7769
f 7768 7769 7695
f 510 7741 7771
f 1968 7770 7741
f 1976 7771 7770
f 7741 7770 7771
f 1957 7769 7767
f 1976 7770 7769
f 1968 7767 7770
f 7769 7770 7767
f 508 7766 7758
f 1975 7772 7766
f 1974 7758 7772
f 7766 7772 7758
f 510 7771 7763
f 1976 7773 7771
f 1975 7763 7773
f 7771 7773 7763
f 505 7761 7768
f 1974 7774 7761
f 1976 7768 7774
f 7761 7774 7768
f 1975 7773 7772
f 1976 7774 7773
f 1974 7772 7774
f 7773 7774 7772
f 7 7775 7483
f 1977 7776 7775
f 1903 7483 7776
f 7775 7776 7483
f 512 7777 7779
f 1978 7778 7777
f 1977 7779 7778
f 7777 7778 7779
f 493 7488 7781
f 1903 7780 7488
f 1978 7781 7780
f 7488 7780 7781
f 1977 7778 7776
f 1978 7780 7778
f 1903 7776 7780
f 7778 7780 7776
f 138 7782 7784
f 1979 7783 7782
f 1981 7784 7783
f 7782 7783 7784
f 513 7785 7787
f 1980 7786 7785
f 1979 7787 7786
f 7785 7786 7787
f 512 7788 7790
f 1981 7789 7788
f 1980 7790 7789
f 7788 7789 7790
f 1979 7786 7783
f 1980 7789 7786
f 1981 7783 7789
f 7786 7789 7783
f 133 7494 7792
f 1908 7791 7494
f 1983 7792 7791
f 7494 7791 7792
f 493 7793 7498
f 1982 7794 7793
f 1908 7498 7794
f 7793 7794 7498
f 513 7795 7797
f 1983 7796 7795
f 1982 7797 7796
f 7795 7796 7797
f 1908 7794 7791
f 1982 7796 7794
f 1983 7791 7796
f 7794 7796 7791
f 512 7790 7777
f 1980 7798 7790
f 1978 7777 7798
f 7790 7798 7777
f 513 7797 7785
f 1982 7799 7797
f 1980 7785 7799
f 7797 7799 7785
f 493 7781 7793
f 1978 7800 7781
f 1982 7793 7800
f 7781 7800 7793
f 1980 7799 7798
f 1982 7800 7799
f 1978 7798 7800
f 7799 7800 7798
f 40 7801 7803
f 1984 7802 7801
f 1986 7803 7802
f 7801 7802 7803
f 514 7804 7806
f 1985 7805 7804
f 1984 7806 7805
f 7804 7805 7806
f 516 7807 7809
f 1986 7808 7807
f 1985 7809 7808
f 7807 7808 7809
f 1984 7805 7802
f 1985 7808 7805
f 1986 7802 7808
f 7805 7808 7802
f 139 7810 7812
f 1987 7811 7810
f 1989 7812 7811
f 7810 7811 7812
f 515 7813 7815
f 1988 7814 7813
f 1987 7815 7814
f 7813 7814 7815
f 514 7816 7818
f 1989 7817 7816
f 1988 7818 7817
f 7816 7817 7818
f 1987 7814 7811
f 1988 7817 7814
f 1989 7811 7817
f 7814 7817 7811
f 138 7819 7821
f 1990 7820 7819
f 1992 7821 7820
f 7819 7820 7821
f 516 7822 7824
f 1991 7823 7822
f 1990 7824 7823
f 7822 7823 7824
f 515 7825 7827
f 1992 7826 7825
f 1991 7827 7826
f 7825 7826 7827
f 1990 7823 7820
f 1991 7826 7823
f 1992 7820 7826
f 7823 7826 7820
f 514 7818 7804
f 1988 7828 7818
f 1985 7804 7828
f 7818 7828 7804
f 515 7827 7813
f 1991 7829 7827
f 1988 7813 7829
f 7827 7829 7813
f 516 7809 7822
f 1985 7830 7809
f 1991 7822 7830
f 7809 7830 7822
f 1988 7829 7828
f 1991 7830 7829
f 1985 7828 7830
f 7829 7830 7828
f 39 7515 7832
f 1914 7831 7515
f 1994 7832 7831
f 7515 7831 7832
f 498 7833 7519
f 1993 7834 7833
f 1914 7519 7834
f 7833 7834 7519
f 518 7835 7837
f 1994 7836 7835
f 1993 7837 7836
f 7835 7836 7837
f 1914 7834 7831
f 1993 7836 7834
f 1994 7831 7836
f 7834 7836 7831
f 133 7838 7531
f 1995 7839 7838
f 1918 7531 7839
f 7838 7839 7531
f 517 7840 7842
f 1996 7841 7840
f 1995 7842 7841
f 7840 7841 7842
f 498 7536 7844
f 1918 7843 7536
f 1996 7844 7843
f 7536 7843 7844
f 1995 7841 7839
f 1996 7843 7841
f 1918 7839 7843
f 7841 7843 7839
f 139 7845 7847
f 1997 7846 7845
f 1999 7847 7846
f 7845 7846 7847
f 518 7848 7850
f 1998 7849 7848
f 1997 7850 7849
f 7848 7849 7850
f 517 7851 7853
f 1999 7852 7851
f 1998 7853 7852
f 7851 7852 7853
f 1997 7849 7846
f 1998 7852 7849
f 1999 7846 7852
f 7849 7852 7846
f 498 7844 7833
f 1996 7854 7844
f 1993 7833 7854
f 7844 7854 7833
f 517 7853 7840
f 1998 7855 7853
f 1996 7840 7855
f 7853 7855 7840
f 518 7837 7848
f 1993 7856 7837
f 1998 7848 7856
f 7837 7856 7848
f 1996 7855 7854
f 1998 7856 7855
f 1993 7854 7856
f 7855 7856 7854
f 138 7821 7782
f 1992 7857 7821
f 1979 7782 7857
f 7821 7857 7782
f 515 7858 7825
f 2000 7859 7858
f 1992 7825 7859
f 7858 7859 7825
f 513 7787 7861
f 1979 7860 7787
f 2000 7861 7860
f 7787 7860 7861
f 1992 7859 7857
f 2000 7860 7859
f 1979 7857 7860
f 7859 7860 7857
f 139 7847 7810
f 1999 7862 7847
f 1987 7810 7862
f 7847 7862 7810
f 517 7863 7851
f 2001 7864 7863
f 1999 7851 7864
f 7863 7864 7851
f 515 7815 7866
f 1987 7865 7815
f 2001 7866 7865
f 7815 7865 7866
f 1999 7864 7862
f 2001 7865 7864
f 1987 7862 7865
f 7864 7865 7862
f 133 7792 7838
f 1983 7867 7792
f 1995 7838 7867
f 7792 7867 7838
f 513 7868 7795
f 2002 7869 7868
f 1983 7795 7869
f 7868 7869 7795
f 517 7842 7871
f 1995 7870 7842
f 2002 7871 7870
f 7842 7870 7871
f 1983 7869 7867
f 2002 7870 7869
f 1995 7867 7870
f 7869 7870 7867
f 515 7866 7858
f 2001 7872 7866
f 2000 7858 7872
f 7866 7872 7858
f 517 7871 7863
f 2002 7873 7871
f 2001 7863 7873
f 7871 7873 7863
f 513 7861 7868
f 2000 7874 7861
f 2002 7868 7874
f 7861 7874 7868
f 2001 7873 7872
f 2002 7874 7873
f 2000 7872 7874
f 7873 7874 7872
f 9 7875 7877
f 2003 7876 7875
f 2005 7877 7876
f 7875 7876 7877
f 519 7878 7880
f 2004 7879 7878
f 2003 7880 7879
f 7878 7879 7880
f 521 7881 7883
f 2005 7882 7881
f 2004 7883 7882
f 7881 7882 7883
f 2003 7879 7876
f 2004 7882 7879
f 2005 7876 7882
f 7879 7882 7876
f 140 7884 7886
f 2006 7885 7884
f 2008 7886 7885
f 7884 7885 7886
f 520 7887 7889
f 2007 7888 7887
f 2006 7889 7888
f 7887 7888 7889
f 519 7890 7892
f 2008 7891 7890
f 2007 7892 7891
f 7890 7891 7892
f 2006 7888 7885
f 2007 7891 7888
f 2008 7885 7891
f 7888 7891 7885
f 142 7893 7895
f 2009 7894 7893
f 2011 7895 7894
f 7893 7894 7895
f 521 7896 7898
f 2010 7897 7896
f 2009 7898 7897
f 7896 7897 7898
f 520 7899 7901
f 2011 7900 7899
f 2010 7901 7900
f 7899 7900 7901
f 2009 7897 7894
f 2010 7900 7897
f 2011 7894 7900
f 7897 7900 7894
f 519 7892 7878
f 2007 7902 7892
f 2004 7878 7902
f 7892 7902 7878
f 520 7901 7887
f 2010 7903 7901
f 2007 7887 7903
f 7901 7903 7887
f 521 7883 7896
f 2004 7904 7883
f 2010 7896 7904
f 7883 7904 7896
f 2007 7903 7902
f 2010 7904 7903
f 2004 7902 7904
f 7903 7904 7902
f 41 7905 7907
f 2012 7906 7905
f 2014 7907 7906
f 7905 7906 7907
f 522 7908 7910
f 2013 7909 7908
f 2012 7910 7909
f 7908 7909 7910
f 524 7911 7913
f 2014 7912 7911
f 2013 7913 7912
f 7911 7912 7913
f 2012 7909 7906
f 2013 7912 7909
f 2014 7906 7912
f 7909 7912 7906
f 141 7914 7916
f 2015 7915 7914
f 2017 7916 7915
f 7914 7915 7916
f 523 7917 7919
f 2016 7918 7917
f 2015 7919 7918
f 7917 7918 7919
f 522 7920 7922
f 2017 7921 7920
f 2016 7922 7921
f 7920 7921 7922
f 2015 7918 7915
f 2016 7921 7918
f 2017 7915 7921
f 7918 7921 7915
f 140 7923 7925
f 2018 7924 7923
f 2020 7925 7924
f 7923 7924 7925
f 524 7926 7928
f 2019 7927 7926
f 2018 7928 7927
f 7926 7927 7928
f 523 7929 7931
f 2020 7930 7929
f 2019 7931 7930
f 7929 7930 7931
f 2018 7927 7924
f 2019 7930 7927
f 2020 7924 7930
f 7927 7930 7924
f 522 7922 7908
f 2016 7932 7922
f 2013 7908 7932
f 7922 7932 7908
f 523 7931 7917
f 2019 7933 7931
f 2016 7917 7933
f 7931 7933 7917
f 524 7913 7926
f 2013 7934 7913
f 2019 7926 7934
f 7913 7934 7926
f 2016 7933 7932
f 2019 7934 7933
f 2013 7932 7934
f 7933 7934 7932
f 40 7935 7937
f 2021 7936 7935
f 2023 7937 7936
f 7935 7936 7937
f 525 7938 7940
f 2022 7939 7938
f 2021 7940 7939
f 7938 7939 7940
f 527 7941 7943
f 2023 7942 7941
f 2022 7943 7942
f 7941 7942 7943
f 2021 7939 7936
f 2022 7942 7939
f 2023 7936 7942
f 7939 7942 7936
f 142 7944 7946
f 2024 7945 7944
f 2026 7946 7945
f 7944 7945 7946
f 526 7947 7949
f 2025 7948 7947
f 2024 7949 7948
f 7947 7948 7949
f 525 7950 7952
f 2026 7951 7950
f 2025 7952 7951
f 7950 7951 7952
f 2024 7948 7945
f 2025 7951 7948
f 2026 7945 7951
f 7948 7951 7945
f 141 7953 7955
f 2027 7954 7953
f 2029 7955 7954
f 7953 7954 7955
f 527 7956 7958
f 2028 7957 7956
f 2027 7958 7957
f 7956 7957 7958
f 526 7959 7961
f 2029 7960 7959
f 2028 7961 7960
f 7959 7960 7961
f 2027 7957 7954
f 2028 7960 7957
f 2029 7954 7960
f 7957 7960 7954
f 525 7952 7938
f 2025 7962 7952
f 2022 7938 7962
f 7952 7962 7938
f 526 7961 7947
f 2028 7963 7961
f 2025 7947 7963
f 7961 7963 7947
f 527 7943 7956
f 2022 7964 7943
f 2028 7956 7964
f 7943 7964 7956
f 2025 7963 7962
f 2028 7964 7963
f 2022 7962 7964
f 7963 7964 7962
f 140 7925 7884
f 2020 7965 7925
f 2006 7884 7965
f 7925 7965 7884
f 523 7966 7929
f 2030 7967 7966
f 2020 7929 7967
f 7966 7967 7929
f 520 7889 7969
f 2006 7968 7889
f 2030 7969 7968
f 7889 7968 7969
f 2020 7967 7965
f 2030 7968 7967
f 2006 7965 7968
f 7967 7968 7965
f 141 7955 7914
f 2029 7970 7955
f 2015 7914 7970
f 7955 7970 7914
f 526 7971 7959
f 2031 7972 7971
f 2029 7959 7972
f 7971 7972 7959
f 523 7919 7974
f 2015 7973 7919
f 2031 7974 7973
f 7919 7973 7974
f 2029 7972 7970
f 2031 7973 7972
f 2015 7970 7973
f 7972 7973 7970
f 142 7895 7944
f 2011 7975 7895
f 2024 7944 7975
f 7895 7975 7944
f 520 7976 7899
f 2032 7977 7976
f 2011 7899 7977
f 7976 7977 7899
f 526 7949 7979
f 2024 7978 7949
f 2032 7979 7978
f 7949 7978 7979
f 2011 7977 7975
f 2032 7978 7977
f 2024 7975 7978
f 7977 7978 7975
f 523 7974 7966
f 2031 7980 7974
f 2030 7966 7980
f 7974 7980 7966
f 526 7979 7971
f 2032 7981 7979
f 2031 7971 7981
f 7979 7981 7971
f 520 7969 7976
f 2030 7982 7969
f 2032 7976 7982
f 7969 7982 7976
f 2031 7981 7980
f 2032 7982 7981
f 2030 7980 7982
f 7981 7982 7980
f 39 7832 7701
f 1994 7983 7832
f 1958 7701 7983
f 7832 7983 7701
f 518 7984 7835
f 2033 7985 7984
f 1994 7835 7985
f 7984 7985 7835
f 507 7705 7987
f 1958 7986 7705
f 2033 7987 7986
f 7705 7986 7987
f 1994 7985 7983
f 2033 7986 7985
f 1958 7983 7986
f 7985 7986 7983
f 139 7988 7845
f 2034 7989 7988
f 1997 7845 7989
f 7988 7989 7845
f 528 7990 7992
f 2035 7991 7990
f 2034 7992 7991
f 7990 7991 7992
f 518 7850 7994
f 1997 7993 7850
f 2035 7994 7993
f 7850 7993 7994
f 2034 7991 7989
f 2035 7993 7991
f 1997 7989 7993
f 7991 7993 7989
f 136 7710 7996
f 1962 7995 7710
f 2037 7996 7995
f 7710 7995 7996
f 507 7997 7714
f 2036 7998 7997
f 1962 7714 7998
f 7997 7998 7714
f 528 7999 8001
f 2037 8000 7999
f 2036 8001 8000
f 7999 8000 8001
f 1962 7998 7995
f 2036 8000 7998
f 2037 7995 8000
f 7998 8000 7995
f 518 7994 7984
f 2035 8002 7994
f 2033 7984 8002
f 7994 8002 7984
f 528 8001 7990
f 2036 8003 8001
f 2035 7990 8003
f 8001 8003 7990
f 507 7987 7997
f 2033 8004 7987
f 2036 7997 8004
f 7987 8004 7997
f 2035 8003 8002
f 2036 8004 8003
f 2033 8002 8004
f 8003 8004 8002
f 40 7937 7801
f 2023 8005 7937
f 1984 7801 8005
f 7937 8005 7801
f 527 8006 7941
f 2038 8007 8006
f 2023 7941 8007
f 8006 8007 7941
f 514 7806 8009
f 1984 8008 7806
f 2038 8009 8008
f 7806 8008 8009
f 2023 8007 8005
f 2038 8008 8007
f 1984 8005 8008
f 8007 8008 8005
f 141 8010 7953
f 2039 8011 8010
f 2027 7953 8011
f 8010 8011 7953
f 529 8012 8014
f 2040 8013 8012
f 2039 8014 8013
f 8012 8013 8014
f 527 7958 8016
f 2027 8015 7958
f 2040 8016 8015
f 7958 8015 8016
f 2039 8013 8011
f 2040 8015 8013
f 2027 8011 8015
f 8013 8015 8011
f 139 7812 8018
f 1989 8017 7812
f 2042 8018 8017
f 7812 8017 8018
f 514 8019 7816
f 2041 8020 8019
f 1989 7816 8020
f 8019 8020 7816
f 529 8021 8023
f 2042 8022 8021
f 2041 8023 8022
f 8021 8022 8023
f 1989 8020 8017
f 2041 8022 8020
f 2042 8017 8022
f 8020 8022 8017
f 527 8016 8006
f 2040 8024 8016
f 2038 8006 8024
f 8016 8024 8006
f 529 8023 8012
f 2041 8025 8023
f 2040 8012 8025
f 8023 8025 8012
f 514 8009 8019
f 2038 8026 8009
f 2041 8019 8026
f 8009 8026 8019
f 2040 8025 8024
f 2041 8026 8025
f 2038 8024 8026
f 8025 8026 8024
f 41 7729 7905
f 1967 8027 7729
f 2012 7905 8027
f 7729 8027 7905
f 511 8028 7733
f 2043 8029 8028
f 1967 7733 8029
f 8028 8029 7733
f 522 7910 8031
f 2012 8030 7910
f 2043 8031 8030
f 7910 8030 8031
f 1967 8029 8027
f 2043 8030 8029
f 2012 8027 8030
f 8029 8030 8027
f 136 8032 7745
f 2044 8033 8032
f 1971 7745 8033
f 8032 8033 7745
f 530 8034 8036
f 2045 8035 8034
f 2044 8036 8035
f 8034 8035 8036
f 511 7750 8038
f 1971 8037 7750
f 2045 8038 8037
f 7750 8037 8038
f 2044 8035 8033
f 2045 8037 8035
f 1971 8033 8037
f 8035 8037 8033
f 141 7916 8040
f 2017 8039 7916
f 2047 8040 8039
f 7916 8039 8040
f 522 8041 7920
f 2046 8042 8041
f 2017 7920 8042
f 8041 8042 7920
f 530 8043 8045
f 2047 8044 8043
f 2046 8045 8044
f 8043 8044 8045
f 2017 8042 8039
f 2046 8044 8042
f 2047 8039 8044
f 8042 8044 8039
f 511 8038 8028
f 2045 8046 8038
f 2043 8028 8046
f 8038 8046 8028
f 530 8045 8034
f 2046 8047 8045
f 2045 8034 8047
f 8045 8047 8034
f 522 8031 8041
f 2043 8048 8031
f 2046 8041 8048
f 8031 8048 8041
f 2045 8047 8046
f 2046 8048 8047
f 2043 8046 8048
f 8047 8048 8046
f 139 8018 7988
f 2042 8049 8018
f 2034 7988 8049
f 8018 8049 7988
f 529 8050 8021
f 2048 8051 8050
f 2042 8021 8051
f 8050 8051 8021
f 528 7992 8053
f 2034 8052 7992
f 2048 8053 8052
f 7992 8052 8053
f 2042 8051 8049
f 2048 8052 8051
f 2034 8049 8052
f 8051 8052 8049
f 141 8040 8010
f 2047 8054 8040
f 2039 8010 8054
f 8040 8054 8010
f 530 8055 8043
f 2049 8056 8055
f 2047 8043 8056
f 8055 8056 8043
f 529 8014 8058
f 2039 8057 8014
f 2049 8058 8057
f 8014 8057 8058
f 2047 8056 8054
f 2049 8057 8056
f 2039 8054 8057
f 8056 8057 8054
f 136 7996 8032
f 2037 8059 7996
f 2044 8032 8059
f 7996 8059 8032
f 528 8060 7999
f 2050 8061 8060
f 2037 7999 8061
f 8060 8061 7999
f 530 8036 8063
f 2044 8062 8036
f 2050 8063 8062
f 8036 8062 8063
f 2037 8061 8059
f 2050 8062 8061
f 2044 8059 8062
f 8061 8062 8059
f 529 8058 8050
f 2049 8064 8058
f 2048 8050 8064
f 8058 8064 8050
f 530 8063 8055
f 2050 8065 8063
f 2049 8055 8065
f 8063 8065 8055
f 528 8053 8060
f 2048 8066 8053
f 2050 8060 8066
f 8053 8066 8060
f 2049 8065 8064
f 2050 8066 8065
f 2048 8064 8066
f 8065 8066 8064
f 4 7676 6483
f 1952 8067 7676
f 1643 6483 8067
f 7676 8067 6483
f 506 8068 7679
f 2051 8069 8068
f 1952 7679 8069
f 8068 8069 7679
f 423 6488 8071
f 1643 8070 6488
f 2051 8071 8070
f 6488 8070 8071
f 1952 8069 8067
f 2051 8070 8069
f 1643 8067 8070
f 8069 8070 8067
f 137 8072 7689
f 2052 8073 8072
f 1955 7689 8073
f 8072 8073 7689
f 531 8074 8076
f 2053 8075 8074
f 2052 8076 8075
f 8074 8075 8076
f 506 7694 8078
f 1955 8077 7694
f 2053 8078 8077
f 7694 8077 8078
f 2052 8075 8073
f 2053 8077 8075
f 1955 8073 8077
f 8075 8077 8073
f 113 6494 8080
f 1648 8079 6494
f 2055 8080 8079
f 6494 8079 8080
f 423 8081 6498
f 2054 8082 8081
f 1648 6498 8082
f 8081 8082 6498
f 531 8083 8085
f 2055 8084 8083
f 2054 8085 8084
f 8083 8084 8085
f 1648 8082 8079
f 2054 8084 8082
f 2055 8079 8084
f 8082 8084 8079
f 506 8078 8068
f 2053 8086 8078
f 2051 8068 8086
f 8078 8086 8068
f 531 8085 8074
f 2054 8087 8085
f 2053 8074 8087
f 8085 8087 8074
f 423 8071 8081
f 2051 8088 8071
f 2054 8081 8088
f 8071 8088 8081
f 2053 8087 8086
f 2054 8088 8087
f 2051 8086 8088
f 8087 8088 8086
f 41 8089 7727
f 2056 8090 8089
f 1965 7727 8090
f 8089 8090 7727
f 532 8091 8093
f 2057 8092 8091
f 2056 8093 8092
f 8091 8092 8093
f 509 7732 8095
f 1965 8094 7732
f 2057 8095 8094
f 7732 8094 8095
f 2056 8092 8090
f 2057 8094 8092
f 1965 8090 8094
f 8092 8094 8090
f 143 8096 8098
f 2058 8097 8096
f 2060 8098 8097
f 8096 8097 8098
f 533 8099 8101
f 2059 8100 8099
f 2058 8101 8100
f 8099 8100 8101
f 532 8102 8104
f 2060 8103 8102
f 2059 8104 8103
f 8102 8103 8104
f 2058 8100 8097
f 2059 8103 8100
f 2060 8097 8103
f 8100 8103 8097
f 137 7738 8106
f 1970 8105 7738
f 2062 8106 8105
f 7738 8105 8106
f 509 8107 7742
f 2061 8108 8107
f 1970 7742 8108
f 8107 8108 7742
f 533 8109 8111
f 2062 8110 8109
f 2061 8111 8110
f 8109 8110 8111
f 1970 8108 8105
f 2061 8110 8108
f 2062 8105 8110
f 8108 8110 8105
f 532 8104 8091
f 2059 8112 8104
f 2057 8091 8112
f 8104 8112 8091
f 533 8111 8099
f 2061 8113 8111
f 2059 8099 8113
f 8111 8113 8099
f 509 8095 8107
f 2057 8114 8095
f 2061 8107 8114
f 8095 8114 8107
f 2059 8113 8112
f 2061 8114 8113
f 2057 8112 8114
f 8113 8114 8112
f 33 6515 8116
f 1654 8115 6515
f 2064 8116 8115
f 6515 8115 8116
f 428 8117 6519
f 2063 8118 8117
f 1654 6519 8118
f 8117 8118 6519
f 535 8119 8121
f 2064 8120 8119
f 2063 8121 8120
f 8119 8120 8121
f 1654 8118 8115
f 2063 8120 8118
f 2064 8115 8120
f 8118 8120 8115
f 113 8122 6531
f 2065 8123 8122
f 1658 6531 8123
f 8122 8123 6531
f 534 8124 8126
f 2066 8125 8124
f 2065 8126 8125
f 8124 8125 8126
f 428 6536 8128
f 1658 8127 6536
f 2066 8128 8127
f 6536 8127 8128
f 2065 8125 8123
f 2066 8127 8125
f 1658 8123 8127
f 8125 8127 8123
f 143 8129 8131
f 2067 8130 8129
f 2069 8131 8130
f 8129 8130 8131
f 535 8132 8134
f 2068 8133 8132
f 2067 8134 8133
f 8132 8133 8134
f 534 8135 8137
f 2069 8136 8135
f 2068 8137 8136
f 8135 8136 8137
f 2067 8133 8130
f 2068 8136 8133
f 2069 8130 8136
f 8133 8136 8130
f 428 8128 8117
f 2066 8138 8128
f 2063 8117 8138
f 8128 8138 8117
f 534 8137 8124
f 2068 8139 8137
f 2066 8124 8139
f 8137 8139 8124
f 535 8121 8132
f 2063 8140 8121
f 2068 8132 8140
f 8121 8140 8132
f 2066 8139 8138
f 2068 8140 8139
f 2063 8138 8140
f 8139 8140 8138
f 137 8106 8072
f 2062 8141 8106
f 2052 8072 8141
f 8106 8141 8072
f 533 8142 8109
f 2070 8143 8142
f 2062 8109 8143
f 8142 8143 8109
f 531 8076 8145
f 2052 8144 8076
f 2070 8145 8144
f 8076 8144 8145
f 2062 8143 8141
f 2070 8144 8143
f 2052 8141 8144
f 8143 8144 8141
f 143 8131 8096
f 2069 8146 8131
f 2058 8096 8146
f 8131 8146 8096
f 534 8147 8135
f 2071 8148 8147
f 2069 8135 8148
f 8147 8148 8135
f 533 8101 8150
f 2058 8149 8101
f 2071 8150 8149
f 8101 8149 8150
f 2069 8148 8146
f 2071 8149 8148
f 2058 8146 8149
f 8148 8149 8146
f 113 8080 8122
f 2055 8151 8080
f 2065 8122 8151
f 8080 8151 8122
f 531 8152 8083
f 2072 8153 8152
f 2055 8083 8153
f 8152 8153 8083
f 534 8126 8155
f 2065 8154 8126
f 2072 8155 8154
f 8126 8154 8155
f 2055 8153 8151
f 2072 8154 8153
f 2065 8151 8154
f 8153 8154 8151
f 533 8150 8142
f 2071 8156 8150
f 2070 8142 8156
f 8150 8156 8142
f 534 8155 8147
f 2072 8157 8155
f 2071 8147 8157
f 8155 8157 8147
f 531 8145 8152
f 2070 8158 8145
f 2072 8152 8158
f 8145 8158 8152
f 2071 8157 8156
f 2072 8158 8157
f 2070 8156 8158
f 8157 8158 8156
f 9 8159 7875
f 2073 8160 8159
f 2003 7875 8160
f 8159 8160 7875
f 536 8161 8163
f 2074 8162 8161
f 2073 8163 8162
f 8161 8162 8163
f 519 7880 8165
f 2003 8164 7880
f 2074 8165 8164
f 7880 8164 8165
f 2073 8162 8160
f 2074 8164 8162
f 2003 8160 8164
f 8162 8164 8160
f 144 8166 8168
f 2075 8167 8166
f 2077 8168 8167
f 8166 8167 8168
f 537 8169 8171
f 2076 8170 8169
f 2075 8171 8170
f 8169 8170 8171
f 536 8172 8174
f 2077 8173 8172
f 2076 8174 8173
f 8172 8173 8174
f 2075 8170 8167
f 2076 8173 8170
f 2077 8167 8173
f 8170 8173 8167
f 140 7886 8176
f 2008 8175 7886
f 2079 8176 8175
f 7886 8175 8176
f 519 8177 7890
f 2078 8178 8177
f 2008 7890 8178
f 8177 8178 7890
f 537 8179 8181
f 2079 8180 8179
f 2078 8181 8180
f 8179 8180 8181
f 2008 8178 8175
f 2078 8180 8178
f 2079 8175 8180
f 8178 8180 8175
f 536 8174 8161
f 2076 8182 8174
f 2074 8161 8182
f 8174 8182 8161
f 537 8181 8169
f 2078 8183 8181
f 2076 8169 8183
f 8181 8183 8169
f 519 8165 8177
f 2074 8184 8165
f 2078 8177 8184
f 8165 8184 8177
f 2076 8183 8182
f 2078 8184 8183
f 2074 8182 8184
f 8183 8184 8182
f 42 8185 8187
f 2080 8186 8185
f 2082 8187 8186
f 8185 8186 8187
f 538 8188 8190
f 2081 8189 8188
f 2080 8190 8189
f 8188 8189 8190
f 540 8191 8193
f 2082 8192 8191
f 2081 8193 8192
f 8191 8192 8193
f 2080 8189 8186
f 2081 8192 8189
f 2082 8186 8192
f 8189 8192 8186
f 145 8194 8196
f 2083 8195 8194
f 2085 8196 8195
f 8194 8195 8196
f 539 8197 8199
f 2084 8198 8197
f 2083 8199 8198
f 8197 8198 8199
f 538 8200 8202
f 2085 8201 8200
f 2084 8202 8201
f 8200 8201 8202
f 2083 8198 8195
f 2084 8201 8198
f 2085 8195 8201
f 8198 8201 8195
f 144 8203 8205
f 2086 8204 8203
f 2088 8205 8204
f 8203 8204 8205
f 540 8206 8208
f 2087 8207 8206
f 2086 8208 8207
f 8206 8207 8208
f 539 8209 8211
f 2088 8210 8209
f 2087 8211 8210
f 8209 8210 8211
f 2086 8207 8204
f 2087 8210 8207
f 2088 8204 8210
f 8207 8210 8204
f 538 8202 8188
f 2084 8212 8202
f 2081 8188 8212
f 8202 8212 8188
f 539 8211 8197
f 2087 8213 8211
f 2084 8197 8213
f 8211 8213 8197
f 540 8193 8206
f 2081 8214 8193
f 2087 8206 8214
f 8193 8214 8206
f 2084 8213 8212
f 2087 8214 8213
f 2081 8212 8214
f 8213 8214 8212
f 41 7907 8216
f 2014 8215 7907
f 2090 8216 8215
f 7907 8215 8216
f 524 8217 7911
f 2089 8218 8217
f 2014 7911 8218
f 8217 8218 7911
f 542 8219 8221
f 2090 8220 8219
f 2089 8221 8220
f 8219 8220 8221
f 2014 8218 8215
f 2089 8220 8218
f 2090 8215 8220
f 8218 8220 8215
f 140 8222 7923
f 2091 8223 8222
f 2018 7923 8223
f 8222 8223 7923
f 541 8224 8226
f 2092 8225 8224
f 2091 8226 8225
f 8224 8225 8226
f 524 7928 8228
f 2018 8227 7928
f 2092 8228 8227
f 7928 8227 8228
f 2091 8225 8223
f 2092 8227 8225
f 2018 8223 8227
f 8225 8227 8223
f 145 8229 8231
f 2093 8230 8229
f 2095 8231 8230
f 8229 8230 8231
f 542 8232 8234
f 2094 8233 8232
f 2093 8234 8233
f 8232 8233 8234
f 541 8235 8237
f 2095 8236 8235
f 2094 8237 8236
f 8235 8236 8237
f 2093 8233 8230
f 2094 8236 8233
f 2095 8230 8236
f 8233 8236 8230
f 524 8228 8217
f 2092 8238 8228
f 2089 8217 8238
f 8228 8238 8217
f 541 8237 8224
f 2094 8239 8237
f 2092 8224 8239
f 8237 8239 8224
f 542 8221 8232
f 2089 8240 8221
f 2094 8232 8240
f 8221 8240 8232
f 2092 8239 8238
f 2094 8240 8239
f 2089 8238 8240
f 8239 8240 8238
f 144 8205 8166
f 2088 8241 8205
f 2075 8166 8241
f 8205 8241 8166
f 539 8242 8209
f 2096 8243 8242
f 2088 8209 8243
f 8242 8243 8209
f 537 8171 8245
f 2075 8244 8171
f 2096 8245 8244
f 8171 8244 8245
f 2088 8243 8241
f 2096 8244 8243
f 2075 8241 8244
f 8243 8244 8241
f 145 8231 8194
f 2095 8246 8231
f 2083 8194 8246
f 8231 8246 8194
f 541 8247 8235
f 2097 8248 8247
f 2095 8235 8248
f 8247 8248 8235
f 539 8199 8250
f 2083 8249 8199
f 2097 8250 8249
f 8199 8249 8250
f 2095 8248 8246
f 2097 8249 8248
f 2083 8246 8249
f 8248 8249 8246
f 140 8176 8222
f 2079 8251 8176
f 2091 8222 8251
f 8176 8251 8222
f 537 8252 8179
f 2098 8253 8252
f 2079 8179 8253
f 8252 8253 8179
f 541 8226 8255
f 2091 8254 8226
f 2098 8255 8254
f 8226 8254 8255
f 2079 8253 8251
f 2098 8254 8253
f 2091 8251 8254
f 8253 8254 8251
f 539 8250 8242
f 2097 8256 8250
f 2096 8242 8256
f 8250 8256 8242
f 541 8255 8247
f 2098 8257 8255
f 2097 8247 8257
f 8255 8257 8247
f 537 8245 8252
f 2096 8258 8245
f 2098 8252 8258
f 8245 8258 8252
f 2097 8257 8256
f 2098 8258 8257
f 2096 8256 8258
f 8257 8258 8256
f 10 6593 8260
f 1675 8259 6593
f 2100 8260 8259
f 6593 8259 8260
f 434 8261 6597
f 2099 8262 8261
f 1675 6597 8262
f 8261 8262 6597
f 544 8263 8265
f 2100 8264 8263
f 2099 8265 8264
f 8263 8264 8265
f 1675 8262 8259
f 2099 8264 8262
f 2100 8259 8264
f 8262 8264 8259
f 118 8266 6609
f 2101 8267 8266
f 1679 6609 8267
f 8266 8267 6609
f 543 8268 8270
f 2102 8269 8268
f 2101 8270 8269
f 8268 8269 8270
f 434 6614 8272
f 1679 8271 6614
f 2102 8272 8271
f 6614 8271 8272
f 2101 8269 8267
f 2102 8271 8269
f 1679 8267 8271
f 8269 8271 8267
f 147 8273 8275
f 2103 8274 8273
f 2105 8275 8274
f 8273 8274 8275
f 544 8276 8278
f 2104 8277 8276
f 2103 8278 8277
f 8276 8277 8278
f 543 8279 8281
f 2105 8280 8279
f 2104 8281 8280
f 8279 8280 8281
f 2103 8277 8274
f 2104 8280 8277
f 2105 8274 8280
f 8277 8280 8274
f 434 8272 8261
f 2102 8282 8272
f 2099 8261 8282
f 8272 8282 8261
f 543 8281 8268
f 2104 8283 8281
f 2102 8268 8283
f 8281 8283 8268
f 544 8265 8276
f 2099 8284 8265
f 2104 8276 8284
f 8265 8284 8276
f 2102 8283 8282
f 2104 8284 8283
f 2099 8282 8284
f 8283 8284 8282
f 33 8285 6651
f 2106 8286 8285
f 1691 6651 8286
f 8285 8286 6651
f 545 8287 8289
f 2107 8288 8287
f 2106 8289 8288
f 8287 8288 8289
f 438 6656 8291
f 1691 8290 6656
f 2107 8291 8290
f 6656 8290 8291
f 2106 8288 8286
f 2107 8290 8288
f 1691 8286 8290
f 8288 8290 8286
f 146 8292 8294
f 2108 8293 8292
f 2110 8294 8293
f 8292 8293 8294
f 546 8295 8297
f 2109 8296 8295
f 2108 8297 8296
f 8295 8296 8297
f 545 8298 8300
f 2110 8299 8298
f 2109 8300 8299
f 8298 8299 8300
f 2108 8296 8293
f 2109 8299 8296
f 2110 8293 8299
f 8296 8299 8293
f 118 6662 8302
f 1696 8301 6662
f 2112 8302 8301
f 6662 8301 8302
f 438 8303 6666
f 2111 8304 8303
f 1696 6666 8304
f 8303 8304 6666
f 546 8305 8307
f 2112 8306 8305
f 2111 8307 8306
f 8305 8306 8307
f 1696 8304 8301
f 2111 8306 8304
f 2112 8301 8306
f 8304 8306 8301
f 545 8300 8287
f 2109 8308 8300
f 2107 8287 8308
f 8300 8308 8287
f 546 8307 8295
f 2111 8309 8307
f 2109 8295 8309
f 8307 8309 8295
f 438 8291 8303
f 2107 8310 8291
f 2111 8303 8310
f 8291 8310 8303
f 2109 8309 8308
f 2111 8310 8309
f 2107 8308 8310
f 8309 8310 8308
f 42 8311 8313
f 2113 8312 8311
f 2115 8313 8312
f 8311 8312 8313
f 547 8314 8316
f 2114 8315 8314
f 2113 8316 8315
f 8314 8315 8316
f 549 8317 8319
f 2115 8318 8317
f 2114 8319 8318
f 8317 8318 8319
f 2113 8315 8312
f 2114 8318 8315
f 2115 8312 8318
f 8315 8318 8312
f 147 8320 8322
f 2116 8321 8320
f 2118 8322 8321
f 8320 8321 8322
f 548 8323 8325
f 2117 8324 8323
f 2116 8325 8324
f 8323 8324 8325
f 547 8326 8328
f 2118 8327 8326
f 2117 8328 8327
f 8326 8327 8328
f 2116 8324 8321
f 2117 8327 8324
f 2118 8321 8327
f 8324 8327 8321
f 146 8329 8331
f 2119 8330 8329
f 2121 8331 8330
f 8329 8330 8331
f 549 8332 8334
f 2120 8333 8332
f 2119 8334 8333
f 8332 8333 8334
f 548 8335 8337
f 2121 8336 8335
f 2120 8337 8336
f 8335 8336 8337
f 2119 8333 8330
f 2120 8336 8333
f 2121 8330 8336
f 8333 8336 8330
f 547 8328 8314
f 2117 8338 8328
f 2114 8314 8338
f 8328 8338 8314
f 548 8337 8323
f 2120 8339 8337
f 2117 8323 8339
f 8337 8339 8323
f 549 8319 8332
f 2114 8340 8319
f 2120 8332 8340
f 8319 8340 8332
f 2117 8339 8338
f 2120 8340 8339
f 2114 8338 8340
f 8339 8340 8338
f 118 8302 8266
f 2112 8341 8302
f 2101 8266 8341
f 8302 8341 8266
f 546 8342 8305
f 2122 8343 8342
f 2112 8305 8343
f 8342 8343 8305
f 543 8270 8345
f 2101 8344 8270
f 2122 8345 8344
f 8270 8344 8345
f 2112 8343 8341
f 2122 8344 8343
f 2101 8341 8344
f 8343 8344 8341
f 146 8331 8292
f 2121 8346 8331
f 2108 8292 8346
f 8331 8346 8292
f 548 8347 8335
f 2123 8348 8347
f 2121 8335 8348
f 8347 8348 8335
f 546 8297 8350
f 2108 8349 8297
f 2123 8350 8349
f 8297 8349 8350
f 2121 8348 8346
f 2123 8349 8348
f 2108 8346 8349
f 8348 8349 8346
f 147 8275 8320
f 2105 8351 8275
f 2116 8320 8351
f 8275 8351 8320
f 543 8352 8279
f 2124 8353 8352
f 2105 8279 8353
f 8352 8353 8279
f 548 8325 8355
f 2116 8354 8325
f 2124 8355 8354
f 8325 8354 8355
f 2105 8353 8351
f 2124 8354 8353
f 2116 8351 8354
f 8353 8354 8351
f 546 8350 8342
f 2123 8356 8350
f 2122 8342 8356
f 8350 8356 8342
f 548 8355 8347
f 2124 8357 8355
f 2123 8347 8357
f 8355 8357 8347
f 543 8345 8352
f 2122 8358 8345
f 2124 8352 8358
f 8345 8358 8352
f 2123 8357 8356
f 2124 8358 8357
f 2122 8356 8358
f 8357 8358 8356
f 41 8216 8089
f 2090 8359 8216
f 2056 8089 8359
f 8216 8359 8089
f 542 8360 8219
f 2125 8361 8360
f 2090 8219 8361
f 8360 8361 8219
f 532 8093 8363
f 2056 8362 8093
f 2125 8363 8362
f 8093 8362 8363
f 2090 8361 8359
f 2125 8362 8361
f 2056 8359 8362
f 8361 8362 8359
f 145 8364 8229
f 2126 8365 8364
f 2093 8229 8365
f 8364 8365 8229
f 550 8366 8368
f 2127 8367 8366
f 2126 8368 8367
f 8366 8367 8368
f 542 8234 8370
f 2093 8369 8234
f 2127 8370 8369
f 8234 8369 8370
f 2126 8367 8365
f 2127 8369 8367
f 2093 8365 8369
f 8367 8369 8365
f 143 8098 8372
f 2060 8371 8098
f 2129 8372 8371
f 8098 8371 8372
f 532 8373 8102
f 2128 8374 8373
f 2060 8102 8374
f 8373 8374 8102
f 550 8375 8377
f 2129 8376 8375
f 2128 8377 8376
f 8375 8376 8377
f 2060 8374 8371
f 2128 8376 8374
f 2129 8371 8376
f 8374 8376 8371
f 542 8370 8360
f 2127 8378 8370
f 2125 8360 8378
f 8370 8378 8360
f 550 8377 8366
f 2128 8379 8377
f 2127 8366 8379
f 8377 8379 8366
f 532 8363 8373
f 2125 8380 8363
f 2128 8373 8380
f 8363 8380 8373
f 2127 8379 8378
f 2128 8380 8379
f 2125 8378 8380
f 8379 8380 8378
f 42 8313 8185
f 2115 8381 8313
f 2080 8185 8381
f 8313 8381 8185
f 549 8382 8317
f 2130 8383 8382
f 2115 8317 8383
f 8382 8383 8317
f 538 8190 8385
f 2080 8384 8190
f 2130 8385 8384
f 8190 8384 8385
f 2115 8383 8381
f 2130 8384 8383
f 2080 8381 8384
f 8383 8384 8381
f 146 8386 8329
f 2131 8387 8386
f 2119 8329 8387
f 8386 8387 8329
f 551 8388 8390
f 2132 8389 8388
f 2131 8390 8389
f 8388 8389 8390
f 549 8334 8392
f 2119 8391 8334
f 2132 8392 8391
f 8334 8391 8392
f 2131 8389 8387
f 2132 8391 8389
f 2119 8387 8391
f 8389 8391 8387
f 145 8196 8394
f 2085 8393 8196
f 2134 8394 8393
f 8196 8393 8394
f 538 8395 8200
f 2133 8396 8395
f 2085 8200 8396
f 8395 8396 8200
f 551 8397 8399
f 2134 8398 8397
f 2133 8399 8398
f 8397 8398 8399
f 2085 8396 8393
f 2133 8398 8396
f 2134 8393 8398
f 8396 8398 8393
f 549 8392 8382
f 2132 8400 8392
f 2130 8382 8400
f 8392 8400 8382
f 551 8399 8388
f 2133 8401 8399
f 2132 8388 8401
f 8399 8401 8388
f 538 8385 8395
f 2130 8402 8385
f 2133 8395 8402
f 8385 8402 8395
f 2132 8401 8400
f 2133 8402 8401
f 2130 8400 8402
f 8401 8402 8400
f 33 8116 8285
f 2064 8403 8116
f 2106 8285 8403
f 8116 8403 8285
f 535 8404 8119
f 2135 8405 8404
f 2064 8119 8405
f 8404 8405 8119
f 545 8289 8407
f 2106 8406 8289
f 2135 8407 8406
f 8289 8406 8407
f 2064 8405 8403
f 2135 8406 8405
f 2106 8403 8406
f 8405 8406 8403
f 143 8408 8129
f 2136 8409 8408
f 2067 8129 8409
f 8408 8409 8129
f 552 8410 8412
f 2137 8411 8410
f 2136 8412 8411
f 8410 8411 8412
f 535 8134 8414
f 2067 8413 8134
f 2137 8414 8413
f 8134 8413 8414
f 2136 8411 8409
f 2137 8413 8411
f 2067 8409 8413
f 8411 8413 8409
f 146 8294 8416
f 2110 8415 8294
f 2139 8416 8415
f 8294 8415 8416
f 545 8417 8298
f 2138 8418 8417
f 2110 8298 8418
f 8417 8418 8298
f 552 8419 8421
f 2139 8420 8419
f 2138 8421 8420
f 8419 8420 8421
f 2110 8418 8415
f 2138 8420 8418
f 2139 8415 8420
f 8418 8420 8415
f 535 8414 8404
f 2137 8422 8414
f 2135 8404 8422
f 8414 8422 8404
f 552 8421 8410
f 2138 8423 8421
f 2137 8410 8423
f 8421 8423 8410
f 545 8407 8417
f 2135 8424 8407
f 2138 8417 8424
f 8407 8424 8417
f 2137 8423 8422
f 2138 8424 8423
f 2135 8422 8424
f 8423 8424 8422
f 145 8394 8364
f 2134 8425 8394
f 2126 8364 8425
f 8394 8425 8364
f 551 8426 8397
f 2140 8427 8426
f 2134 8397 8427
f 8426 8427 8397
f 550 8368 8429
f 2126 8428 8368
f 2140 8429 8428
f 8368 8428 8429
f 2134 8427 8425
f 2140 8428 8427
f 2126 8425 8428
f 8427 8428 8425
f 146 8416 8386
f 2139 8430 8416
f 2131 8386 8430
f 8416 8430 8386
f 552 8431 8419
f 2141 8432 8431
f 2139 8419 8432
f 8431 8432 8419
f 551 8390 8434
f 2131 8433 8390
f 2141 8434 8433
f 8390 8433 8434
f 2139 8432 8430
f 2141 8433 8432
f 2131 8430 8433
f 8432 8433 8430
f 143 8372 8408
f 2129 8435 8372
f 2136 8408 8435
f 8372 8435 8408
f 550 8436 8375
f 2142 8437 8436
f 2129 8375 8437
f 8436 8437 8375
f 552 8412 8439
f 2136 8438 8412
f 2142 8439 8438
f 8412 8438 8439
f 2129 8437 8435
f 2142 8438 8437
f 2136 8435 8438
f 8437 8438 8435
f 551 8434 8426
f 2141 8440 8434
f 2140 8426 8440
f 8434 8440 8426
f 552 8439 8431
f 2142 8441 8439
f 2141 8431 8441
f 8439 8441 8431
f 550 8429 8436
f 2140 8442 8429
f 2142 8436 8442
f 8429 8442 8436
f 2141 8441 8440
f 2142 8442 8441
f 2140 8440 8442
f 8441 8442 8440
f 5 6701 5115
f 1705 8443 6701
f 1295 5115 8443
f 6701 8443 5115
f 443 8444 6705
f 2143 8445 8444
f 1705 6705 8445
f 8444 8445 6705
f 333 5120 8447
f 1295 8446 5120
f 2143 8447 8446
f 5120 8446 8447
f 1705 8445 8443
f 2143 8446 8445
f 1295 8443 8446
f 8445 8446 8443
f 121 8448 6717
f 2144 8449 8448
f 1709 6717 8449
f 8448 8449 6717
f 553 8450 8452
f 2145 8451 8450
f 2144 8452 8451
f 8450 8451 8452
f 443 6722 8454
f 1709 8453 6722
f 2145 8454 8453
f 6722 8453 8454
f 2144 8451 8449
f 2145 8453 8451
f 1709 8449 8453
f 8451 8453 8449
f 89 5126 8456
f 1300 8455 5126
f 2147 8456 8455
f 5126 8455 8456
f 333 8457 5130
f 2146 8458 8457
f 1300 5130 8458
f 8457 8458 5130
f 553 8459 8461
f 2147 8460 8459
f 2146 8461 8460
f 8459 8460 8461
f 1300 8458 8455
f 2146 8460 8458
f 2147 8455 8460
f 8458 8460 8455
f 443 8454 8444
f 2145 8462 8454
f 2143 8444 8462
f 8454 8462 8444
f 553 8461 8450
f 2146 8463 8461
f 2145 8450 8463
f 8461 8463 8450
f 333 8447 8457
f 2143 8464 8447
f 2146 8457 8464
f 8447 8464 8457
f 2145 8463 8462
f 2146 8464 8463
f 2143 8462 8464
f 8463 8464 8462
f 34 8465 6759
f 2148 8466 8465
f 1721 6759 8466
f 8465 8466 6759
f 554 8467 8469
f 2149 8468 8467
f 2148 8469 8468
f 8467 8468 8469
f 447 6764 8471
f 1721 8470 6764
f 2149 8471 8470
f 6764 8470 8471
f 2148 8468 8466
f 2149 8470 8468
f 1721 8466 8470
f 8468 8470 8466
f 148 8472 8474
f 2150 8473 8472
f 2152 8474 8473
f 8472 8473 8474
f 555 8475 8477
f 2151 8476 8475
f 2150 8477 8476
f 8475 8476 8477
f 554 8478 8480
f 2152 8479 8478
f 2151 8480 8479
f 8478 8479 8480
f 2150 8476 8473
f 2151 8479 8476
f 2152 8473 8479
f 8476 8479 8473
f 121 6770 8482
f 1726 8481 6770
f 2154 8482 8481
f 6770 8481 8482
f 447 8483 6774
f 2153 8484 8483
f 1726 6774 8484
f 8483 8484 6774
f 555 8485 8487
f 2154 8486 8485
f 2153 8487 8486
f 8485 8486 8487
f 1726 8484 8481
f 2153 8486 8484
f 2154 8481 8486
f 8484 8486 8481
f 554 8480 8467
f 2151 8488 8480
f 2149 8467 8488
f 8480 8488 8467
f 555 8487 8475
f 2153 8489 8487
f 2151 8475 8489
f 8487 8489 8475
f 447 8471 8483
f 2149 8490 8471
f 2153 8483 8490
f 8471 8490 8483
f 2151 8489 8488
f 2153 8490 8489
f 2149 8488 8490
f 8489 8490 8488
f 26 5147 8492
f 1306 8491 5147
f 2156 8492 8491
f 5147 8491 8492
f 338 8493 5151
f 2155 8494 8493
f 1306 5151 8494
f 8493 8494 5151
f 557 8495 8497
f 2156 8496 8495
f 2155 8497 8496
f 8495 8496 8497
f 1306 8494 8491
f 2155 8496 8494
f 2156 8491 8496
f 8494 8496 8491
f 89 8498 5163
f 2157 8499 8498
f 1310 5163 8499
f 8498 8499 5163
f 556 8500 8502
f 2158 8501 8500
f 2157 8502 8501
f 8500 8501 8502
f 338 5168 8504
f 1310 8503 5168
f 2158 8504 8503
f 5168 8503 8504
f 2157 8501 8499
f 2158 8503 8501
f 1310 8499 8503
f 8501 8503 8499
f 148 8505 8507
f 2159 8506 8505
f 2161 8507 8506
f 8505 8506 8507
f 557 8508 8510
f 2160 8509 8508
f 2159 8510 8509
f 8508 8509 8510
f 556 8511 8513
f 2161 8512 8511
f 2160 8513 8512
f 8511 8512 8513
f 2159 8509 8506
f 2160 8512 8509
f 2161 8506 8512
f 8509 8512 8506
f 338 8504 8493
f 2158 8514 8504
f 2155 8493 8514
f 8504 8514 8493
f 556 8513 8500
f 2160 8515 8513
f 2158 8500 8515
f 8513 8515 8500
f 557 8497 8508
f 2155 8516 8497
f 2160 8508 8516
f 8497 8516 8508
f 2158 8515 8514
f 2160 8516 8515
f 2155 8514 8516
f 8515 8516 8514
f 121 8482 8448
f 2154 8517 8482
f 2144 8448 8517
f 8482 8517 8448
f 555 8518 8485
f 2162 8519 8518
f 2154 8485 8519
f 8518 8519 8485
f 553 8452 8521
f 2144 8520 8452
f 2162 8521 8520
f 8452 8520 8521
f 2154 8519 8517
f 2162 8520 8519
f 2144 8517 8520
f 8519 8520 8517
f 148 8507 8472
f 2161 8522 8507
f 2150 8472 8522
f 8507 8522 8472
f 556 8523 8511
f 2163 8524 8523
f 2161 8511 8524
f 8523 8524 8511
f 555 8477 8526
f 2150 8525 8477
f 2163 8526 8525
f 8477 8525 8526
f 2161 8524 8522
f 2163 8525 8524
f 2150 8522 8525
f 8524 8525 8522
f 89 8456 8498
f 2147 8527 8456
f 2157 8498 8527
f 8456 8527 8498
f 553 8528 8459
f 2164 8529 8528
f 2147 8459 8529
f 8528 8529 8459
f 556 8502 8531
f 2157 8530 8502
f 2164 8531 8530
f 8502 8530 8531
f 2147 8529 8527
f 2164 8530 8529
f 2157 8527 8530
f 8529 8530 8527
f 555 8526 8518
f 2163 8532 8526
f 2162 8518 8532
f 8526 8532 8518
f 556 8531 8523
f 2164 8533 8531
f 2163 8523 8533
f 8531 8533 8523
f 553 8521 8528
f 2162 8534 8521
f 2164 8528 8534
f 8521 8534 8528
f 2163 8533 8532
f 2164 8534 8533
f 2162 8532 8534
f 8533 8534 8532
f 10 4725 6591
f 1197 8535 4725
f 1673 6591 8535
f 4725 8535 6591
f 309 8536 4729
f 2165 8537 8536
f 1197 4729 8537
f 8536 8537 4729
f 432 6596 8539
f 1673 8538 6596
f 2165 8539 8538
f 6596 8538 8539
f 1197 8537 8535
f 2165 8538 8537
f 1673 8535 8538
f 8537 8538 8535
f 84 8540 4741
f 2166 8541 8540
f 1201 4741 8541
f 8540 8541 4741
f 558 8542 8544
f 2167 8543 8542
f 2166 8544 8543
f 8542 8543 8544
f 309 4746 8546
f 1201 8545 4746
f 2167 8546 8545
f 4746 8545 8546
f 2166 8543 8541
f 2167 8545 8543
f 1201 8541 8545
f 8543 8545 8541
f 116 6602 8548
f 1678 8547 6602
f 2169 8548 8547
f 6602 8547 8548
f 432 8549 6606
f 2168 8550 8549
f 1678 6606 8550
f 8549 8550 6606
f 558 8551 8553
f 2169 8552 8551
f 2168 8553 8552
f 8551 8552 8553
f 1678 8550 8547
f 2168 8552 8550
f 2169 8547 8552
f 8550 8552 8547
f 309 8546 8536
f 2167 8554 8546
f 2165 8536 8554
f 8546 8554 8536
f 558 8553 8542
f 2168 8555 8553
f 2167 8542 8555
f 8553 8555 8542
f 432 8539 8549
f 2165 8556 8539
f 2168 8549 8556
f 8539 8556 8549
f 2167 8555 8554
f 2168 8556 8555
f 2165 8554 8556
f 8555 8556 8554
f 23 8557 4783
f 2170 8558 8557
f 1213 4783 8558
f 8557 8558 4783
f 559 8559 8561
f 2171 8560 8559
f 2170 8561 8560
f 8559 8560 8561
f 313 4788 8563
f 1213 8562 4788
f 2171 8563 8562
f 4788 8562 8563
f 2170 8560 8558
f 2171 8562 8560
f 1213 8558 8562
f 8560 8562 8558
f 149 8564 8566
f 2172 8565 8564
f 2174 8566 8565
f 8564 8565 8566
f 560 8567 8569
f 2173 8568 8567
f 2172 8569 8568
f 8567 8568 8569
f 559 8570 8572
f 2174 8571 8570
f 2173 8572 8571
f 8570 8571 8572
f 2172 8568 8565
f 2173 8571 8568
f 2174 8565 8571
f 8568 8571 8565
f 84 4794 8574
f 1218 8573 4794
f 2176 8574 8573
f 4794 8573 8574
f 313 8575 4798
f 2175 8576 8575
f 1218 4798 8576
f 8575 8576 4798
f 560 8577 8579
f 2176 8578 8577
f 2175 8579 8578
f 8577 8578 8579
f 1218 8576 8573
f 2175 8578 8576
f 2176 8573 8578
f 8576 8578 8573
f 559 8572 8559
f 2173 8580 8572
f 2171 8559 8580
f 8572 8580 8559
f 560 8579 8567
f 2175 8581 8579
f 2173 8567 8581
f 8579 8581 8567
f 313 8563 8575
f 2171 8582 8563
f 2175 8575 8582
f 8563 8582 8575
f 2173 8581 8580
f 2175 8582 8581
f 2171 8580 8582
f 8581 8582 8580
f 34 6623 8584
f 1684 8583 6623
f 2178 8584 8583
f 6623 8583 8584
f 437 8585 6627
f 2177 8586 8585
f 1684 6627 8586
f 8585 8586 6627
f 562 8587 8589
f 2178 8588 8587
f 2177 8589 8588
f 8587 8588 8589
f 1684 8586 8583
f 2177 8588 8586
f 2178 8583 8588
f 8586 8588 8583
f 116 8590 6639
f 2179 8591 8590
f 1688 6639 8591
f 8590 8591 6639
f 561 8592 8594
f 2180 8593 8592
f 2179 8594 8593
f 8592 8593 8594
f 437 6644 8596
f 1688 8595 6644
f 2180 8596 8595
f 6644 8595 8596
f 2179 8593 8591
f 2180 8595 8593
f 1688 8591 8595
f 8593 8595 8591
f 149 8597 8599
f 2181 8598 8597
f 2183 8599 8598
f 8597 8598 8599
f 562 8600 8602
f 2182 8601 8600
f 2181 8602 8601
f 8600 8601 8602
f 561 8603 8605
f 2183 8604 8603
f 2182 8605 8604
f 8603 8604 8605
f 2181 8601 8598
f 2182 8604 8601
f 2183 8598 8604
f 8601 8604 8598
f 437 8596 8585
f 2180 8606 8596
f 2177 8585 8606
f 8596 8606 8585
f 561 8605 8592
f 2182 8607 8605
f 2180 8592 8607
f 8605 8607 8592
f 562 8589 8600
f 2177 8608 8589
f 2182 8600 8608
f 8589 8608 8600
f 2180 8607 8606
f 2182 8608 8607
f 2177 8606 8608
f 8607 8608 8606
f 84 8574 8540
f 2176 8609 8574
f 2166 8540 8609
f 8574 8609 8540
f 560 8610 8577
f 2184 8611 8610
f 2176 8577 8611
f 8610 8611 8577
f 558 8544 8613
f 2166 8612 8544
f 2184 8613 8612
f 8544 8612 8613
f 2176 8611 8609
f 2184 8612 8611
f 2166 8609 8612
f 8611 8612 8609
f 149 8599 8564
f 2183 8614 8599
f 2172 8564 8614
f 8599 8614 8564
f 561 8615 8603
f 2185 8616 8615
f 2183 8603 8616
f 8615 8616 8603
f 560 8569 8618
f 2172 8617 8569
f 2185 8618 8617
f 8569 8617 8618
f 2183 8616 8614
f 2185 8617 8616
f 2172 8614 8617
f 8616 8617 8614
f 116 8548 8590
f 2169 8619 8548
f 2179 8590 8619
f 8548 8619 8590
f 558 8620 8551
f 2186 8621 8620
f 2169 8551 8621
f 8620 8621 8551
f 561 8594 8623
f 2179 8622 8594
f 2186 8623 8622
f 8594 8622 8623
f 2169 8621 8619
f 2186 8622 8621
f 2179 8619 8622
f 8621 8622 8619
f 560 8618 8610
f 2185 8624 8618
f 2184 8610 8624
f 8618 8624 8610
f 561 8623 8615
f 2186 8625 8623
f 2185 8615 8625
f 8623 8625 8615
f 558 8613 8620
f 2184 8626 8613
f 2186 8620 8626
f 8613 8626 8620
f 2185 8625 8624
f 2186 8626 8625
f 2184 8624 8626
f 8625 8626 8624
f 6 4916 4623
f 1244 8627 4916
f 1169 4623 8627
f 4916 8627 4623
f 320 8628 4919
f 2187 8629 8628
f 1244 4919 8629
f 8628 8629 4919
f 300 4627 8631
f 1169 8630 4627
f 2187 8631 8630
f 4627 8630 8631
f 1244 8629 8627
f 2187 8630 8629
f 1169 8627 8630
f 8629 8630 8627
f 86 8632 4929
f 2188 8633 8632
f 1247 4929 8633
f 8632 8633 4929
f 563 8634 8636
f 2189 8635 8634
f 2188 8636 8635
f 8634 8635 8636
f 320 4934 8638
f 1247 8637 4934
f 2189 8638 8637
f 4934 8637 8638
f 2188 8635 8633
f 2189 8637 8635
f 1247 8633 8637
f 8635 8637 8633
f 80 4632 8640
f 1173 8639 4632
f 2191 8640 8639
f 4632 8639 8640
f 300 8641 4636
f 2190 8642 8641
f 1173 4636 8642
f 8641 8642 4636
f 563 8643 8645
f 2191 8644 8643
f 2190 8645 8644
f 8643 8644 8645
f 1173 8642 8639
f 2190 8644 8642
f 2191 8639 8644
f 8642 8644 8639
f 320 8638 8628
f 2189 8646 8638
f 2187 8628 8646
f 8638 8646 8628
f 563 8645 8634
f 2190 8647 8645
f 2189 8634 8647
f 8645 8647 8634
f 300 8631 8641
f 2187 8648 8631
f 2190 8641 8648
f 8631 8648 8641
f 2189 8647 8646
f 2190 8648 8647
f 2187 8646 8648
f 8647 8648 8646
f 26 8649 4967
f 2192 8650 8649
f 1257 4967 8650
f 8649 8650 4967
f 564 8651 8653
f 2193 8652 8651
f 2192 8653 8652
f 8651 8652 8653
f 323 4972 8655
f 1257 8654 4972
f 2193 8655 8654
f 4972 8654 8655
f 2192 8652 8650
f 2193 8654 8652
f 1257 8650 8654
f 8652 8654 8650
f 150 8656 8658
f 2194 8657 8656
f 2196 8658 8657
f 8656 8657 8658
f 565 8659 8661
f 2195 8660 8659
f 2194 8661 8660
f 8659 8660 8661
f 564 8662 8664
f 2196 8663 8662
f 2195 8664 8663
f 8662 8663 8664
f 2194 8660 8657
f 2195 8663 8660
f 2196 8657 8663
f 8660 8663 8657
f 86 4978 8666
f 1262 8665 4978
f 2198 8666 8665
f 4978 8665 8666
f 323 8667 4982
f 2197 8668 8667
f 1262 4982 8668
f 8667 8668 4982
f 565 8669 8671
f 2198 8670 8669
f 2197 8671 8670
f 8669 8670 8671
f 1262 8668 8665
f 2197 8670 8668
f 2198 8665 8670
f 8668 8670 8665
f 564 8664 8651
f 2195 8672 8664
f 2193 8651 8672
f 8664 8672 8651
f 565 8671 8659
f 2197 8673 8671
f 2195 8659 8673
f 8671 8673 8659
f 323 8655 8667
f 2193 8674 8655
f 2197 8667 8674
f 8655 8674 8667
f 2195 8673 8672
f 2197 8674 8673
f 2193 8672 8674
f 8673 8674 8672
f 23 4651 8676
f 1178 8675 4651
f 2200 8676 8675
f 4651 8675 8676
f 304 8677 4655
f 2199 8678 8677
f 1178 4655 8678
f 8677 8678 4655
f 567 8679 8681
f 2200 8680 8679
f 2199 8681 8680
f 8679 8680 8681
f 1178 8678 8675
f 2199 8680 8678
f 2200 8675 8680
f 8678 8680 8675
f 80 8682 4667
f 2201 8683 8682
f 1182 4667 8683
f 8682 8683 4667
f 566 8684 8686
f 2202 8685 8684
f 2201 8686 8685
f 8684 8685 8686
f 304 4672 8688
f 1182 8687 4672
f 2202 8688 8687
f 4672 8687 8688
f 2201 8685 8683
f 2202 8687 8685
f 1182 8683 8687
f 8685 8687 8683
f 150 8689 8691
f 2203 8690 8689
f 2205 8691 8690
f 8689 8690 8691
f 567 8692 8694
f 2204 8693 8692
f 2203 8694 8693
f 8692 8693 8694
f 566 8695 8697
f 2205 8696 8695
f 2204 8697 8696
f 8695 8696 8697
f 2203 8693 8690
f 2204 8696 8693
f 2205 8690 8696
f 8693 8696 8690
f 304 8688 8677
f 2202 8698 8688
f 2199 8677 8698
f 8688 8698 8677
f 566 8697 8684
f 2204 8699 8697
f 2202 8684 8699
f 8697 8699 8684
f 567 8681 8692
f 2199 8700 8681
f 2204 8692 8700
f 8681 8700 8692
f 2202 8699 8698
f 2204 8700 8699
f 2199 8698 8700
f 8699 8700 8698
f 86 8666 8632
f 2198 8701 8666
f 2188 8632 8701
f 8666 8701 8632
f 565 8702 8669
f 2206 8703 8702
f 2198 8669 8703
f 8702 8703 8669
f 563 8636 8705
f 2188 8704 8636
f 2206 8705 8704
f 8636 8704 8705
f 2198 8703 8701
f 2206 8704 8703
f 2188 8701 8704
f 8703 8704 8701
f 150 8691 8656
f 2205 8706 8691
f 2194 8656 8706
f 8691 8706 8656
f 566 8707 8695
f 2207 8708 8707
f 2205 8695 8708
f 8707 8708 8695
f 565 8661 8710
f 2194 8709 8661
f 2207 8710 8709
f 8661 8709 8710
f 2205 8708 8706
f 2207 8709 8708
f 2194 8706 8709
f 8708 8709 8706
f 80 8640 8682
f 2191 8711 8640
f 2201 8682 8711
f 8640 8711 8682
f 563 8712 8643
f 2208 8713 8712
f 2191 8643 8713
f 8712 8713 8643
f 566 8686 8715
f 2201 8714 8686
f 2208 8715 8714
f 8686 8714 8715
f 2191 8713 8711
f 2208 8714 8713
f 2201 8711 8714
f 8713 8714 8711
f 565 8710 8702
f 2207 8716 8710
f 2206 8702 8716
f 8710 8716 8702
f 566 8715 8707
f 2208 8717 8715
f 2207 8707 8717
f 8715 8717 8707
f 563 8705 8712
f 2206 8718 8705
f 2208 8712 8718
f 8705 8718 8712
f 2207 8717 8716
f 2208 8718 8717
f 2206 8716 8718
f 8717 8718 8716
f 34 8584 8465
f 2178 8719 8584
f 2148 8465 8719
f 8584 8719 8465
f 562 8720 8587
f 2209 8721 8720
f 2178 8587 8721
f 8720 8721 8587
f 554 8469 8723
f 2148 8722 8469
f 2209 8723 8722
f 8469 8722 8723
f 2178 8721 8719
f 2209 8722 8721
f 2148 8719 8722
f 8721 8722 8719
f 149 8724 8597
f 2210 8725 8724
f 2181 8597 8725
f 8724 8725 8597
f 568 8726 8728
f 2211 8727 8726
f 2210 8728 8727
f 8726 8727 8728
f 562 8602 8730
f 2181 8729 8602
f 2211 8730 8729
f 8602 8729 8730
f 2210 8727 8725
f 2211 8729 8727
f 2181 8725 8729
f 8727 8729 8725
f 148 8474 8732
f 2152 8731 8474
f 2213 8732 8731
f 8474 8731 8732
f 554 8733 8478
f 2212 8734 8733
f 2152 8478 8734
f 8733 8734 8478
f 568 8735 8737
f 2213 8736 8735
f 2212 8737 8736
f 8735 8736 8737
f 2152 8734 8731
f 2212 8736 8734
f 2213 8731 8736
f 8734 8736 8731
f 562 8730 8720
f 2211 8738 8730
f 2209 8720 8738
f 8730 8738 8720
f 568 8737 8726
f 2212 8739 8737
f 2211 8726 8739
f 8737 8739 8726
f 554 8723 8733
f 2209 8740 8723
f 2212 8733 8740
f 8723 8740 8733
f 2211 8739 8738
f 2212 8740 8739
f 2209 8738 8740
f 8739 8740 8738
f 23 8676 8557
f 2200 8741 8676
f 2170 8557 8741
f 8676 8741 8557
f 567 8742 8679
f 2214 8743 8742
f 2200 8679 8743
f 8742 8743 8679
f 559 8561 8745
f 2170 8744 8561
f 2214 8745 8744
f 8561 8744 8745
f 2200 8743 8741
f 2214 8744 8743
f 2170 8741 8744
f 8743 8744 8741
f 150 8746 8689
f 2215 8747 8746
f 2203 8689 8747
f 8746 8747 8689
f 569 8748 8750
f 2216 8749 8748
f 2215 8750 8749
f 8748 8749 8750
f 567 8694 8752
f 2203 8751 8694
f 2216 8752 8751
f 8694 8751 8752
f 2215 8749 8747
f 2216 8751 8749
f 2203 8747 8751
f 8749 8751 8747
f 149 8566 8754
f 2174 8753 8566
f 2218 8754 8753
f 8566 8753 8754
f 559 8755 8570
f 2217 8756 8755
f 2174 8570 8756
f 8755 8756 8570
f 569 8757 8759
f 2218 8758 8757
f 2217 8759 8758
f 8757 8758 8759
f 2174 8756 8753
f 2217 8758 8756
f 2218 8753 8758
f 8756 8758 8753
f 567 8752 8742
f 2216 8760 8752
f 2214 8742 8760
f 8752 8760 8742
f 569 8759 8748
f 2217 8761 8759
f 2216 8748 8761
f 8759 8761 8748
f 559 8745 8755
f 2214 8762 8745
f 2217 8755 8762
f 8745 8762 8755
f 2216 8761 8760
f 2217 8762 8761
f 2214 8760 8762
f 8761 8762 8760
f 26 8492 8649
f 2156 8763 8492
f 2192 8649 8763
f 8492 8763 8649
f 557 8764 8495
f 2219 8765 8764
f 2156 8495 8765
f 8764 8765 8495
f 564 8653 8767
f 2192 8766 8653
f 2219 8767 8766
f 8653 8766 8767
f 2156 8765 8763
f 2219 8766 8765
f 2192 8763 8766
f 8765 8766 8763
f 148 8768 8505
f 2220 8769 8768
f 2159 8505 8769
f 8768 8769 8505
f 570 8770 8772
f 2221 8771 8770
f 2220 8772 8771
f 8770 8771 8772
f 557 8510 8774
f 2159 8773 8510
f 2221 8774 8773
f 8510 8773 8774
f 2220 8771 8769
f 2221 8773 8771
f 2159 8769 8773
f 8771 8773 8769
f 150 8658 8776
f 2196 8775 8658
f 2223 8776 8775
f 8658 8775 8776
f 564 8777 8662
f 2222 8778 8777
f 2196 8662 8778
f 8777 8778 8662
f 570 8779 8781
f 2223 8780 8779
f 2222 8781 8780
f 8779 8780 8781
f 2196 8778 8775
f 2222 8780 8778
f 2223 8775 8780
f 8778 8780 8775
f 557 8774 8764
f 2221 8782 8774
f 2219 8764 8782
f 8774 8782 8764
f 570 8781 8770
f 2222 8783 8781
f 2221 8770 8783
f 8781 8783 8770
f 564 8767 8777
f 2219 8784 8767
f 2222 8777 8784
f 8767 8784 8777
f 2221 8783 8782
f 2222 8784 8783
f 2219 8782 8784
f 8783 8784 8782
f 149 8754 8724
f 2218 8785 8754
f 2210 8724 8785
f 8754 8785 8724
f 569 8786 8757
f 2224 8787 8786
f 2218 8757 8787
f 8786 8787 8757
f 568 8728 8789
f 2210 8788 8728
f 2224 8789 8788
f 8728 8788 8789
f 2218 8787 8785
f 2224 8788 8787
f 2210 8785 8788
f 8787 8788 8785
f 150 8776 8746
f 2223 8790 8776
f 2215 8746 8790
f 8776 8790 8746
f 570 8791 8779
f 2225 8792 8791
f 2223 8779 8792
f 8791 8792 8779
f 569 8750 8794
f 2215 8793 8750
f 2225 8794 8793
f 8750 8793 8794
f 2223 8792 8790
f 2225 8793 8792
f 2215 8790 8793
f 8792 8793 8790
f 148 8732 8768
f 2213 8795 8732
f 2220 8768 8795
f 8732 8795 8768
f 568 8796 8735
f 2226 8797 8796
f 2213 8735 8797
f 8796 8797 8735
f 570 8772 8799
f 2220 8798 8772
f 2226 8799 8798
f 8772 8798 8799
f 2213 8797 8795
f 2226 8798 8797
f 2220 8795 8798
f 8797 8798 8795
f 569 8794 8786
f 2225 8800 8794
f 2224 8786 8800
f 8794 8800 8786
f 570 8799 8791
f 2226 8801 8799
f 2225 8791 8801
f 8799 8801 8791
f 568 8789 8796
f 2224 8802 8789
f 2226 8796 8802
f 8789 8802 8796
f 2225 8801 8800
f 2226 8802 8801
f 2224 8800 8802
f 8801 8802 8800
f 3 7093 5507
f 1805 8803 7093
f 1395 5507 8803
f 7093 8803 5507
f 469 8804 7097
f 2227 8805 8804
f 1805 7097 8805
f 8804 8805 7097
f 359 5512 8807
f 1395 8806 5512
f 2227 8807 8806
f 5512 8806 8807
f 1805 8805 8803
f 2227 8806 8805
f 1395 8803 8806
f 8805 8806 8803
f 128 8808 7109
f 2228 8809 8808
f 1809 7109 8809
f 8808 8809 7109
f 571 8810 8812
f 2229 8811 8810
f 2228 8812 8811
f 8810 8811 8812
f 469 7114 8814
f 1809 8813 7114
f 2229 8814 8813
f 7114 8813 8814
f 2228 8811 8809
f 2229 8813 8811
f 1809 8809 8813
f 8811 8813 8809
f 96 5518 8816
f 1400 8815 5518
f 2231 8816 8815
f 5518 8815 8816
f 359 8817 5522
f 2230 8818 8817
f 1400 5522 8818
f 8817 8818 5522
f 571 8819 8821
f 2231 8820 8819
f 2230 8821 8820
f 8819 8820 8821
f 1400 8818 8815
f 2230 8820 8818
f 2231 8815 8820
f 8818 8820 8815
f 469 8814 8804
f 2229 8822 8814
f 2227 8804 8822
f 8814 8822 8804
f 571 8821 8810
f 2230 8823 8821
f 2229 8810 8823
f 8821 8823 8810
f 359 8807 8817
f 2227 8824 8807
f 2230 8817 8824
f 8807 8824 8817
f 2229 8823 8822
f 2230 8824 8823
f 2227 8822 8824
f 8823 8824 8822
f 36 8825 7151
f 2232 8826 8825
f 1821 7151 8826
f 8825 8826 7151
f 572 8827 8829
f 2233 8828 8827
f 2232 8829 8828
f 8827 8828 8829
f 473 7156 8831
f 1821 8830 7156
f 2233 8831 8830
f 7156 8830 8831
f 2232 8828 8826
f 2233 8830 8828
f 1821 8826 8830
f 8828 8830 8826
f 151 8832 8834
f 2234 8833 8832
f 2236 8834 8833
f 8832 8833 8834
f 573 8835 8837
f 2235 8836 8835
f 2234 8837 8836
f 8835 8836 8837
f 572 8838 8840
f 2236 8839 8838
f 2235 8840 8839
f 8838 8839 8840
f 2234 8836 8833
f 2235 8839 8836
f 2236 8833 8839
f 8836 8839 8833
f 128 7162 8842
f 1826 8841 7162
f 2238 8842 8841
f 7162 8841 8842
f 473 8843 7166
f 2237 8844 8843
f 1826 7166 8844
f 8843 8844 7166
f 573 8845 8847
f 2238 8846 8845
f 2237 8847 8846
f 8845 8846 8847
f 1826 8844 8841
f 2237 8846 8844
f 2238 8841 8846
f 8844 8846 8841
f 572 8840 8827
f 2235 8848 8840
f 2233 8827 8848
f 8840 8848 8827
f 573 8847 8835
f 2237 8849 8847
f 2235 8835 8849
f 8847 8849 8835
f 473 8831 8843
f 2233 8850 8831
f 2237 8843 8850
f 8831 8850 8843
f 2235 8849 8848
f 2237 8850 8849
f 2233 8848 8850
f 8849 8850 8848
f 28 5539 8852
f 1406 8851 5539
f 2240 8852 8851
f 5539 8851 8852
f 364 8853 5543
f 2239 8854 8853
f 1406 5543 8854
f 8853 8854 5543
f 575 8855 8857
f 2240 8856 8855
f 2239 8857 8856
f 8855 8856 8857
f 1406 8854 8851
f 2239 8856 8854
f 2240 8851 8856
f 8854 8856 8851
f 96 8858 5555
f 2241 8859 8858
f 1410 5555 8859
f 8858 8859 5555
f 574 8860 8862
f 2242 8861 8860
f 2241 8862 8861
f 8860 8861 8862
f 364 5560 8864
f 1410 8863 5560
f 2242 8864 8863
f 5560 8863 8864
f 2241 8861 8859
f 2242 8863 8861
f 1410 8859 8863
f 8861 8863 8859
f 151 8865 8867
f 2243 8866 8865
f 2245 8867 8866
f 8865 8866 8867
f 575 8868 8870
f 2244 8869 8868
f 2243 8870 8869
f 8868 8869 8870
f 574 8871 8873
f 2245 8872 8871
f 2244 8873 8872
f 8871 8872 8873
f 2243 8869 8866
f 2244 8872 8869
f 2245 8866 8872
f 8869 8872 8866
f 364 8864 8853
f 2242 8874 8864
f 2239 8853 8874
f 8864 8874 8853
f 574 8873 8860
f 2244 8875 8873
f 2242 8860 8875
f 8873 8875 8860
f 575 8857 8868
f 2239 8876 8857
f 2244 8868 8876
f 8857 8876 8868
f 2242 8875 8874
f 2244 8876 8875
f 2239 8874 8876
f 8875 8876 8874
f 128 8842 8808
f 2238 8877 8842
f 2228 8808 8877
f 8842 8877 8808
f 573 8878 8845
f 2246 8879 8878
f 2238 8845 8879
f 8878 8879 8845
f 571 8812 8881
f 2228 8880 8812
f 2246 8881 8880
f 8812 8880 8881
f 2238 8879 8877
f 2246 8880 8879
f 2228 8877 8880
f 8879 8880 8877
f 151 8867 8832
f 2245 8882 8867
f 2234 8832 8882
f 8867 8882 8832
f 574 8883 8871
f 2247 8884 8883
f 2245 8871 8884
f 8883 8884 8871
f 573 8837 8886
f 2234 8885 8837
f 2247 8886 8885
f 8837 8885 8886
f 2245 8884 8882
f 2247 8885 8884
f 2234 8882 8885
f 8884 8885 8882
f 96 8816 8858
f 2231 8887 8816
f 2241 8858 8887
f 8816 8887 8858
f 571 8888 8819
f 2248 8889 8888
f 2231 8819 8889
f 8888 8889 8819
f 574 8862 8891
f 2241 8890 8862
f 2248 8891 8890
f 8862 8890 8891
f 2231 8889 8887
f 2248 8890 8889
f 2241 8887 8890
f 8889 8890 8887
f 573 8886 8878
f 2247 8892 8886
f 2246 8878 8892
f 8886 8892 8878
f 574 8891 8883
f 2248 8893 8891
f 2247 8883 8893
f 8891 8893 8883
f 571 8881 8888
f 2246 8894 8881
f 2248 8888 8894
f 8881 8894 8888
f 2247 8893 8892
f 2248 8894 8893
f 2246 8892 8894
f 8893 8894 8892
f 5 5117 6991
f 1297 8895 5117
f 1777 6991 8895
f 5117 8895 6991
f 335 8896 5121
f 2249 8897 8896
f 1297 5121 8897
f 8896 8897 5121
f 460 6995 8899
f 1777 8898 6995
f 2249 8899 8898
f 6995 8898 8899
f 1297 8897 8895
f 2249 8898 8897
f 1777 8895 8898
f 8897 8898 8895
f 91 8900 5133
f 2250 8901 8900
f 1301 5133 8901
f 8900 8901 5133
f 576 8902 8904
f 2251 8903 8902
f 2250 8904 8903
f 8902 8903 8904
f 335 5138 8906
f 1301 8905 5138
f 2251 8906 8905
f 5138 8905 8906
f 2250 8903 8901
f 2251 8905 8903
f 1301 8901 8905
f 8903 8905 8901
f 124 7000 8908
f 1781 8907 7000
f 2253 8908 8907
f 7000 8907 8908
f 460 8909 7004
f 2252 8910 8909
f 1781 7004 8910
f 8909 8910 7004
f 576 8911 8913
f 2253 8912 8911
f 2252 8913 8912
f 8911 8912 8913
f 1781 8910 8907
f 2252 8912 8910
f 2253 8907 8912
f 8910 8912 8907
f 335 8906 8896
f 2251 8914 8906
f 2249 8896 8914
f 8906 8914 8896
f 576 8913 8902
f 2252 8915 8913
f 2251 8902 8915
f 8913 8915 8902
f 460 8899 8909
f 2249 8916 8899
f 2252 8909 8916
f 8899 8916 8909
f 2251 8915 8914
f 2252 8916 8915
f 2249 8914 8916
f 8915 8916 8914
f 25 8917 5175
f 2254 8918 8917
f 1313 5175 8918
f 8917 8918 5175
f 577 8919 8921
f 2255 8920 8919
f 2254 8921 8920
f 8919 8920 8921
f 339 5180 8923
f 1313 8922 5180
f 2255 8923 8922
f 5180 8922 8923
f 2254 8920 8918
f 2255 8922 8920
f 1313 8918 8922
f 8920 8922 8918
f 152 8924 8926
f 2256 8925 8924
f 2258 8926 8925
f 8924 8925 8926
f 578 8927 8929
f 2257 8928 8927
f 2256 8929 8928
f 8927 8928 8929
f 577 8930 8932
f 2258 8931 8930
f 2257 8932 8931
f 8930 8931 8932
f 2256 8928 8925
f 2257 8931 8928
f 2258 8925 8931
f 8928 8931 8925
f 91 5186 8934
f 1318 8933 5186
f 2260 8934 8933
f 5186 8933 8934
f 339 8935 5190
f 2259 8936 8935
f 1318 5190 8936
f 8935 8936 5190
f 578 8937 8939
f 2260 8938 8937
f 2259 8939 8938
f 8937 8938 8939
f 1318 8936 8933
f 2259 8938 8936
f 2260 8933 8938
f 8936 8938 8933
f 577 8932 8919
f 2257 8940 8932
f 2255 8919 8940
f 8932 8940 8919
f 578 8939 8927
f 2259 8941 8939
f 2257 8927 8941
f 8939 8941 8927
f 339 8923 8935
f 2255 8942 8923
f 2259 8935 8942
f 8923 8942 8935
f 2257 8941 8940
f 2259 8942 8941
f 2255 8940 8942
f 8941 8942 8940
f 36 7019 8944
f 1786 8943 7019
f 2262 8944 8943
f 7019 8943 8944
f 464 8945 7023
f 2261 8946 8945
f 1786 7023 8946
f 8945 8946 7023
f 580 8947 8949
f 2262 8948 8947
f 2261 8949 8948
f 8947 8948 8949
f 1786 8946 8943
f 2261 8948 8946
f 2262 8943 8948
f 8946 8948 8943
f 124 8950 7035
f 2263 8951 8950
f 1790 7035 8951
f 8950 8951 7035
f 579 8952 8954
f 2264 8953 8952
f 2263 8954 8953
f 8952 8953 8954
f 464 7040 8956
f 1790 8955 7040
f 2264 8956 8955
f 7040 8955 8956
f 2263 8953 8951
f 2264 8955 8953
f 1790 8951 8955
f 8953 8955 8951
f 152 8957 8959
f 2265 8958 8957
f 2267 8959 8958
f 8957 8958 8959
f 580 8960 8962
f 2266 8961 8960
f 2265 8962 8961
f 8960 8961 8962
f 579 8963 8965
f 2267 8964 8963
f 2266 8965 8964
f 8963 8964 8965
f 2265 8961 8958
f 2266 8964 8961
f 2267 8958 8964
f 8961 8964 8958
f 464 8956 8945
f 2264 8966 8956
f 2261 8945 8966
f 8956 8966 8945
f 579 8965 8952
f 2266 8967 8965
f 2264 8952 8967
f 8965 8967 8952
f 580 8949 8960
f 2261 8968 8949
f 2266 8960 8968
f 8949 8968 8960
f 2264 8967 8966
f 2266 8968 8967
f 2261 8966 8968
f 8967 8968 8966
f 91 8934 8900
f 2260 8969 8934
f 2250 8900 8969
f 8934 8969 8900
f 578 8970 8937
f 2268 8971 8970
f 2260 8937 8971
f 8970 8971 8937
f 576 8904 8973
f 2250 8972 8904
f 2268 8973 8972
f 8904 8972 8973
f 2260 8971 8969
f 2268 8972 8971
f 2250 8969 8972
f 8971 8972 8969
f 152 8959 8924
f 2267 8974 8959
f 2256 8924 8974
f 8959 8974 8924
f 579 8975 8963
f 2269 8976 8975
f 2267 8963 8976
f 8975 8976 8963
f 578 8929 8978
f 2256 8977 8929
f 2269 8978 8977
f 8929 8977 8978
f 2267 8976 8974
f 2269 8977 8976
f 2256 8974 8977
f 8976 8977 8974
f 124 8908 8950
f 2253 8979 8908
f 2263 8950 8979
f 8908 8979 8950
f 576 8980 8911
f 2270 8981 8980
f 2253 8911 8981
f 8980 8981 8911
f 579 8954 8983
f 2263 8982 8954
f 2270 8983 8982
f 8954 8982 8983
f 2253 8981 8979
f 2270 8982 8981
f 2263 8979 8982
f 8981 8982 8979
f 578 8978 8970
f 2269 8984 8978
f 2268 8970 8984
f 8978 8984 8970
f 579 8983 8975
f 2270 8985 8983
f 2269 8975 8985
f 8983 8985 8975
f 576 8973 8980
f 2268 8986 8973
f 2270 8980 8986
f 8973 8986 8980
f 2269 8985 8984
f 2270 8986 8985
f 2268 8984 8986
f 8985 8986 8984
f 12 5308 5015
f 1344 8987 5308
f 1269 5015 8987
f 5308 8987 5015
f 346 8988 5311
f 2271 8989 8988
f 1344 5311 8989
f 8988 8989 5311
f 326 5019 8991
f 1269 8990 5019
f 2271 8991 8990
f 5019 8990 8991
f 1344 8989 8987
f 2271 8990 8989
f 1269 8987 8990
f 8989 8990 8987
f 93 8992 5321
f 2272 8993 8992
f 1347 5321 8993
f 8992 8993 5321
f 581 8994 8996
f 2273 8995 8994
f 2272 8996 8995
f 8994 8995 8996
f 346 5326 8998
f 1347 8997 5326
f 2273 8998 8997
f 5326 8997 8998
f 2272 8995 8993
f 2273 8997 8995
f 1347 8993 8997
f 8995 8997 8993
f 87 5024 9000
f 1273 8999 5024
f 2275 9000 8999
f 5024 8999 9000
f 326 9001 5028
f 2274 9002 9001
f 1273 5028 9002
f 9001 9002 5028
f 581 9003 9005
f 2275 9004 9003
f 2274 9005 9004
f 9003 9004 9005
f 1273 9002 8999
f 2274 9004 9002
f 2275 8999 9004
f 9002 9004 8999
f 346 8998 8988
f 2273 9006 8998
f 2271 8988 9006
f 8998 9006 8988
f 581 9005 8994
f 2274 9007 9005
f 2273 8994 9007
f 9005 9007 8994
f 326 8991 9001
f 2271 9008 8991
f 2274 9001 9008
f 8991 9008 9001
f 2273 9007 9006
f 2274 9008 9007
f 2271 9006 9008
f 9007 9008 9006
f 28 9009 5359
f 2276 9010 9009
f 1357 5359 9010
f 9009 9010 5359
f 582 9011 9013
f 2277 9012 9011
f 2276 9013 9012
f 9011 9012 9013
f 349 5364 9015
f 1357 9014 5364
f 2277 9015 9014
f 5364 9014 9015
f 2276 9012 9010
f 2277 9014 9012
f 1357 9010 9014
f 9012 9014 9010
f 153 9016 9018
f 2278 9017 9016
f 2280 9018 9017
f 9016 9017 9018
f 583 9019 9021
f 2279 9020 9019
f 2278 9021 9020
f 9019 9020 9021
f 582 9022 9024
f 2280 9023 9022
f 2279 9024 9023
f 9022 9023 9024
f 2278 9020 9017
f 2279 9023 9020
f 2280 9017 9023
f 9020 9023 9017
f 93 5370 9026
f 1362 9025 5370
f 2282 9026 9025
f 5370 9025 9026
f 349 9027 5374
f 2281 9028 9027
f 1362 5374 9028
f 9027 9028 5374
f 583 9029 9031
f 2282 9030 9029
f 2281 9031 9030
f 9029 9030 9031
f 1362 9028 9025
f 2281 9030 9028
f 2282 9025 9030
f 9028 9030 9025
f 582 9024 9011
f 2279 9032 9024
f 2277 9011 9032
f 9024 9032 9011
f 583 9031 9019
f 2281 9033 9031
f 2279 9019 9033
f 9031 9033 9019
f 349 9015 9027
f 2277 9034 9015
f 2281 9027 9034
f 9015 9034 9027
f 2279 9033 9032
f 2281 9034 9033
f 2277 9032 9034
f 9033 9034 9032
f 25 5043 9036
f 1278 9035 5043
f 2284 9036 9035
f 5043 9035 9036
f 330 9037 5047
f 2283 9038 9037
f 1278 5047 9038
f 9037 9038 5047
f 585 9039 9041
f 2284 9040 9039
f 2283 9041 9040
f 9039 9040 9041
f 1278 9038 9035
f 2283 9040 9038
f 2284 9035 9040
f 9038 9040 9035
f 87 9042 5059
f 2285 9043 9042
f 1282 5059 9043
f 9042 9043 5059
f 584 9044 9046
f 2286 9045 9044
f 2285 9046 9045
f 9044 9045 9046
f 330 5064 9048
f 1282 9047 5064
f 2286 9048 9047
f 5064 9047 9048
f 2285 9045 9043
f 2286 9047 9045
f 1282 9043 9047
f 9045 9047 9043
f 153 9049 9051
f 2287 9050 9049
f 2289 9051 9050
f 9049 9050 9051
f 585 9052 9054
f 2288 9053 9052
f 2287 9054 9053
f 9052 9053 9054
f 584 9055 9057
f 2289 9056 9055
f 2288 9057 9056
f 9055 9056 9057
f 2287 9053 9050
f 2288 9056 9053
f 2289 9050 9056
f 9053 9056 9050
f 330 9048 9037
f 2286 9058 9048
f 2283 9037 9058
f 9048 9058 9037
f 584 9057 9044
f 2288 9059 9057
f 2286 9044 9059
f 9057 9059 9044
f 585 9041 9052
f 2283 9060 9041
f 2288 9052 9060
f 9041 9060 9052
f 2286 9059 9058
f 2288 9060 9059
f 2283 9058 9060
f 9059 9060 9058
f 93 9026 8992
f 2282 9061 9026
f 2272 8992 9061
f 9026 9061 8992
f 583 9062 9029
f 2290 9063 9062
f 2282 9029 9063
f 9062 9063 9029
f 581 8996 9065
f 2272 9064 8996
f 2290 9065 9064
f 8996 9064 9065
f 2282 9063 9061
f 2290 9064 9063
f 2272 9061 9064
f 9063 9064 9061
f 153 9051 9016
f 2289 9066 9051
f 2278 9016 9066
f 9051 9066 9016
f 584 9067 9055
f 2291 9068 9067
f 2289 9055 9068
f 9067 9068 9055
f 583 9021 9070
f 2278 9069 9021
f 2291 9070 9069
f 9021 9069 9070
f 2289 9068 9066
f 2291 9069 9068
f 2278 9066 9069
f 9068 9069 9066
f 87 9000 9042
f 2275 9071 9000
f 2285 9042 9071
f 9000 9071 9042
f 581 9072 9003
f 2292 9073 9072
f 2275 9003 9073
f 9072 9073 9003
f 584 9046 9075
f 2285 9074 9046
f 2292 9075 9074
f 9046 9074 9075
f 2275 9073 9071
f 2292 9074 9073
f 2285 9071 9074
f 9073 9074 9071
f 583 9070 9062
f 2291 9076 9070
f 2290 9062 9076
f 9070 9076 9062
f 584 9075 9067
f 2292 9077 9075
f 2291 9067 9077
f 9075 9077 9067
f 581 9065 9072
f 2290 9078 9065
f 2292 9072 9078
f 9065 9078 9072
f 2291 9077 9076
f 2292 9078 9077
f 2290 9076 9078
f 9077 9078 9076
f 36 8944 8825
f 2262 9079 8944
f 2232 8825 9079
f 8944 9079 8825
f 580 9080 8947
f 2293 9081 9080
f 2262 8947 9081
f 9080 9081 8947
f 572 8829 9083
f 2232 9082 8829
f 2293 9083 9082
f 8829 9082 9083
f 2262 9081 9079
f 2293 9082 9081
f 2232 9079 9082
f 9081 9082 9079
f 152 9084 8957
f 2294 9085 9084
f 2265 8957 9085
f 9084 9085 8957
f 586 9086 9088
f 2295 9087 9086
f 2294 9088 9087
f 9086 9087 9088
f 580 8962 9090
f 2265 9089 8962
f 2295 9090 9089
f 8962 9089 9090
f 2294 9087 9085
f 2295 9089 9087
f 2265 9085 9089
f 9087 9089 9085
f 151 8834 9092
f 2236 9091 8834
f 2297 9092 9091
f 8834 9091 9092
f 572 9093 8838
f 2296 9094 9093
f 2236 8838 9094
f 9093 9094 8838
f 586 9095 9097
f 2297 9096 9095
f 2296 9097 9096
f 9095 9096 9097
f 2236 9094 9091
f 2296 9096 9094
f 2297 9091 9096
f 9094 9096 9091
f 580 9090 9080
f 2295 9098 9090
f 2293 9080 9098
f 9090 9098 9080
f 586 9097 9086
f 2296 9099 9097
f 2295 9086 9099
f 9097 9099 9086
f 572 9083 9093
f 2293 9100 9083
f 2296 9093 9100
f 9083 9100 9093
f 2295 9099 9098
f 2296 9100 9099
f 2293 9098 9100
f 9099 9100 9098
f 25 9036 8917
f 2284 9101 9036
f 2254 8917 9101
f 9036 9101 8917
f 585 9102 9039
f 2298 9103 9102
f 2284 9039 9103
f 9102 9103 9039
f 577 8921 9105
f 2254 9104 8921
f 2298 9105 9104
f 8921 9104 9105
f 2284 9103 9101
f 2298 9104 9103
f 2254 9101 9104
f 9103 9104 9101
f 153 9106 9049
f 2299 9107 9106
f 2287 9049 9107
f 9106 9107 9049
f 587 9108 9110
f 2300 9109 9108
f 2299 9110 9109
f 9108 9109 9110
f 585 9054 9112
f 2287 9111 9054
f 2300 9112 9111
f 9054 9111 9112
f 2299 9109 9107
f 2300 9111 9109
f 2287 9107 9111
f 9109 9111 9107
f 152 8926 9114
f 2258 9113 8926
f 2302 9114 9113
f 8926 9113 9114
f 577 9115 8930
f 2301 9116 9115
f 2258 8930 9116
f 9115 9116 8930
f 587 9117 9119
f 2302 9118 9117
f 2301 9119 9118
f 9117 9118 9119
f 2258 9116 9113
f 2301 9118 9116
f 2302 9113 9118
f 9116 9118 9113
f 585 9112 9102
f 2300 9120 9112
f 2298 9102 9120
f 9112 9120 9102
f 587 9119 9108
f 2301 9121 9119
f 2300 9108 9121
f 9119 9121 9108
f 577 9105 9115
f 2298 9122 9105
f 2301 9115 9122
f 9105 9122 9115
f 2300 9121 9120
f 2301 9122 9121
f 2298 9120 9122
f 9121 9122 9120
f 28 8852 9009
f 2240 9123 8852
f 2276 9009 9123
f 8852 9123 9009
f 575 9124 8855
f 2303 9125 9124
f 2240 8855 9125
f 9124 9125 8855
f 582 9013 9127
f 2276 9126 9013
f 2303 9127 9126
f 9013 9126 9127
f 2240 9125 9123
f 2303 9126 9125
f 2276 9123 9126
f 9125 9126 9123
f 151 9128 8865
f 2304 9129 9128
f 2243 8865 9129
f 9128 9129 8865
f 588 9130 9132
f 2305 9131 9130
f 2304 9132 9131
f 9130 9131 9132
f 575 8870 9134
f 2243 9133 8870
f 2305 9134 9133
f 8870 9133 9134
f 2304 9131 9129
f 2305 9133 9131
f 2243 9129 9133
f 9131 9133 9129
f 153 9018 9136
f 2280 9135 9018
f 2307 9136 9135
f 9018 9135 9136
f 582 9137 9022
f 2306 9138 9137
f 2280 9022 9138
f 9137 9138 9022
f 588 9139 9141
f 2307 9140 9139
f 2306 9141 9140
f 9139 9140 9141
f 2280 9138 9135
f 2306 9140 9138
f 2307 9135 9140
f 9138 9140 9135
f 575 9134 9124
f 2305 9142 9134
f 2303 9124 9142
f 9134 9142 9124
f 588 9141 9130
f 2306 9143 9141
f 2305 9130 9143
f 9141 9143 9130
f 582 9127 9137
f 2303 9144 9127
f 2306 9137 9144
f 9127 9144 9137
f 2305 9143 9142
f 2306 9144 9143
f 2303 9142 9144
f 9143 9144 9142
f 152 9114 9084
f 2302 9145 9114
f 2294 9084 9145
f 9114 9145 9084
f 587 9146 9117
f 2308 9147 9146
f 2302 9117 9147
f 9146 9147 9117
f 586 9088 9149
f 2294 9148 9088
f 2308 9149 9148
f 9088 9148 9149
f 2302 9147 9145
f 2308 9148 9147
f 2294 9145 9148
f 9147 9148 9145
f 153 9136 9106
f 2307 9150 9136
f 2299 9106 9150
f 9136 9150 9106
f 588 9151 9139
f 2309 9152 9151
f 2307 9139 9152
f 9151 9152 9139
f 587 9110 9154
f 2299 9153 9110
f 2309 9154 9153
f 9110 9153 9154
f 2307 9152 9150
f 2309 9153 9152
f 2299 9150 9153
f 9152 9153 9150
f 151 9092 9128
f 2297 9155 9092
f 2304 9128 9155
f 9092 9155 9128
f 586 9156 9095
f 2310 9157 9156
f 2297 9095 9157
f 9156 9157 9095
f 588 9132 9159
f 2304 9158 9132
f 2310 9159 9158
f 9132 9158 9159
f 2297 9157 9155
f 2310 9158 9157
f 2304 9155 9158
f 9157 9158 9155
f 587 9154 9146
f 2309 9160 9154
f 2308 9146 9160
f 9154 9160 9146
f 588 9159 9151
f 2310 9161 9159
f 2309 9151 9161
f 9159 9161 9151
f 586 9149 9156
f 2308 9162 9149
f 2310 9156 9162
f 9149 9162 9156
f 2309 9161 9160
f 2310 9162 9161
f 2308 9160 9162
f 9161 9162 9160
f 7 7485 5899
f 1905 9163 7485
f 1495 5899 9163
f 7485 9163 5899
f 495 9164 7489
f 2311 9165 9164
f 1905 7489 9165
f 9164 9165 7489
f 385 5904 9167
f 1495 9166 5904
f 2311 9167 9166
f 5904 9166 9167
f 1905 9165 9163
f 2311 9166 9165
f 1495 9163 9166
f 9165 9166 9163
f 135 9168 7501
f 2312 9169 9168
f 1909 7501 9169
f 9168 9169 7501
f 589 9170 9172
f 2313 9171 9170
f 2312 9172 9171
f 9170 9171 9172
f 495 7506 9174
f 1909 9173 7506
f 2313 9174 9173
f 7506 9173 9174
f 2312 9171 9169
f 2313 9173 9171
f 1909 9169 9173
f 9171 9173 9169
f 103 5910 9176
f 1500 9175 5910
f 2315 9176 9175
f 5910 9175 9176
f 385 9177 5914
f 2314 9178 9177
f 1500 5914 9178
f 9177 9178 5914
f 589 9179 9181
f 2315 9180 9179
f 2314 9181 9180
f 9179 9180 9181
f 1500 9178 9175
f 2314 9180 9178
f 2315 9175 9180
f 9178 9180 9175
f 495 9174 9164
f 2313 9182 9174
f 2311 9164 9182
f 9174 9182 9164
f 589 9181 9170
f 2314 9183 9181
f 2313 9170 9183
f 9181 9183 9170
f 385 9167 9177
f 2311 9184 9167
f 2314 9177 9184
f 9167 9184 9177
f 2313 9183 9182
f 2314 9184 9183
f 2311 9182 9184
f 9183 9184 9182
f 38 9185 7543
f 2316 9186 9185
f 1921 7543 9186
f 9185 9186 7543
f 590 9187 9189
f 2317 9188 9187
f 2316 9189 9188
f 9187 9188 9189
f 499 7548 9191
f 1921 9190 7548
f 2317 9191 9190
f 7548 9190 9191
f 2316 9188 9186
f 2317 9190 9188
f 1921 9186 9190
f 9188 9190 9186
f 154 9192 9194
f 2318 9193 9192
f 2320 9194 9193
f 9192 9193 9194
f 591 9195 9197
f 2319 9196 9195
f 2318 9197 9196
f 9195 9196 9197
f 590 9198 9200
f 2320 9199 9198
f 2319 9200 9199
f 9198 9199 9200
f 2318 9196 9193
f 2319 9199 9196
f 2320 9193 9199
f 9196 9199 9193
f 135 7554 9202
f 1926 9201 7554
f 2322 9202 9201
f 7554 9201 9202
f 499 9203 7558
f 2321 9204 9203
f 1926 7558 9204
f 9203 9204 7558
f 591 9205 9207
f 2322 9206 9205
f 2321 9207 9206
f 9205 9206 9207
f 1926 9204 9201
f 2321 9206 9204
f 2322 9201 9206
f 9204 9206 9201
f 590 9200 9187
f 2319 9208 9200
f 2317 9187 9208
f 9200 9208 9187
f 591 9207 9195
f 2321 9209 9207
f 2319 9195 9209
f 9207 9209 9195
f 499 9191 9203
f 2317 9210 9191
f 2321 9203 9210
f 9191 9210 9203
f 2319 9209 9208
f 2321 9210 9209
f 2317 9208 9210
f 9209 9210 9208
f 30 5931 9212
f 1506 9211 5931
f 2324 9212 9211
f 5931 9211 9212
f 390 9213 5935
f 2323 9214 9213
f 1506 5935 9214
f 9213 9214 5935
f 593 9215 9217
f 2324 9216 9215
f 2323 9217 9216
f 9215 9216 9217
f 1506 9214 9211
f 2323 9216 9214
f 2324 9211 9216
f 9214 9216 9211
f 103 9218 5947
f 2325 9219 9218
f 1510 5947 9219
f 9218 9219 5947
f 592 9220 9222
f 2326 9221 9220
f 2325 9222 9221
f 9220 9221 9222
f 390 5952 9224
f 1510 9223 5952
f 2326 9224 9223
f 5952 9223 9224
f 2325 9221 9219
f 2326 9223 9221
f 1510 9219 9223
f 9221 9223 9219
f 154 9225 9227
f 2327 9226 9225
f 2329 9227 9226
f 9225 9226 9227
f 593 9228 9230
f 2328 9229 9228
f 2327 9230 9229
f 9228 9229 9230
f 592 9231 9233
f 2329 9232 9231
f 2328 9233 9232
f 9231 9232 9233
f 2327 9229 9226
f 2328 9232 9229
f 2329 9226 9232
f 9229 9232 9226
f 390 9224 9213
f 2326 9234 9224
f 2323 9213 9234
f 9224 9234 9213
f 592 9233 9220
f 2328 9235 9233
f 2326 9220 9235
f 9233 9235 9220
f 593 9217 9228
f 2323 9236 9217
f 2328 9228 9236
f 9217 9236 9228
f 2326 9235 9234
f 2328 9236 9235
f 2323 9234 9236
f 9235 9236 9234
f 135 9202 9168
f 2322 9237 9202
f 2312 9168 9237
f 9202 9237 9168
f 591 9238 9205
f 2330 9239 9238
f 2322 9205 9239
f 9238 9239 9205
f 589 9172 9241
f 2312 9240 9172
f 2330 9241 9240
f 9172 9240 9241
f 2322 9239 9237
f 2330 9240 9239
f 2312 9237 9240
f 9239 9240 9237
f 154 9227 9192
f 2329 9242 9227
f 2318 9192 9242
f 9227 9242 9192
f 592 9243 9231
f 2331 9244 9243
f 2329 9231 9244
f 9243 9244 9231
f 591 9197 9246
f 2318 9245 9197
f 2331 9246 9245
f 9197 9245 9246
f 2329 9244 9242
f 2331 9245 9244
f 2318 9242 9245
f 9244 9245 9242
f 103 9176 9218
f 2315 9247 9176
f 2325 9218 9247
f 9176 9247 9218
f 589 9248 9179
f 2332 9249 9248
f 2315 9179 9249
f 9248 9249 9179
f 592 9222 9251
f 2325 9250 9222
f 2332 9251 9250
f 9222 9250 9251
f 2315 9249 9247
f 2332 9250 9249
f 2325 9247 9250
f 9249 9250 9247
f 591 9246 9238
f 2331 9252 9246
f 2330 9238 9252
f 9246 9252 9238
f 592 9251 9243
f 2332 9253 9251
f 2331 9243 9253
f 9251 9253 9243
f 589 9241 9248
f 2330 9254 9241
f 2332 9248 9254
f 9241 9254 9248
f 2331 9253 9252
f 2332 9254 9253
f 2330 9252 9254
f 9253 9254 9252
f 3 5509 7383
f 1397 9255 5509
f 1877 7383 9255
f 5509 9255 7383
f 361 9256 5513
f 2333 9257 9256
f 1397 5513 9257
f 9256 9257 5513
f 486 7387 9259
f 1877 9258 7387
f 2333 9259 9258
f 7387 9258 9259
f 1397 9257 9255
f 2333 9258 9257
f 1877 9255 9258
f 9257 9258 9255
f 98 9260 5525
f 2334 9261 9260
f 1401 5525 9261
f 9260 9261 5525
f 594 9262 9264
f 2335 9263 9262
f 2334 9264 9263
f 9262 9263 9264
f 361 5530 9266
f 1401 9265 5530
f 2335 9266 9265
f 5530 9265 9266
f 2334 9263 9261
f 2335 9265 9263
f 1401 9261 9265
f 9263 9265 9261
f 131 7392 9268
f 1881 9267 7392
f 2337 9268 9267
f 7392 9267 9268
f 486 9269 7396
f 2336 9270 9269
f 1881 7396 9270
f 9269 9270 7396
f 594 9271 9273
f 2337 9272 9271
f 2336 9273 9272
f 9271 9272 9273
f 1881 9270 9267
f 2336 9272 9270
f 2337 9267 9272
f 9270 9272 9267
f 361 9266 9256
f 2335 9274 9266
f 2333 9256 9274
f 9266 9274 9256
f 594 9273 9262
f 2336 9275 9273
f 2335 9262 9275
f 9273 9275 9262
f 486 9259 9269
f 2333 9276 9259
f 2336 9269 9276
f 9259 9276 9269
f 2335 9275 9274
f 2336 9276 9275
f 2333 9274 9276
f 9275 9276 9274
f 27 9277 5567
f 2338 9278 9277
f 1413 5567 9278
f 9277 9278 5567
f 595 9279 9281
f 2339 9280 9279
f 2338 9281 9280
f 9279 9280 9281
f 365 5572 9283
f 1413 9282 5572
f 2339 9283 9282
f 5572 9282 9283
f 2338 9280 9278
f 2339 9282 9280
f 1413 9278 9282
f 9280 9282 9278
f 155 9284 9286
f 2340 9285 9284
f 2342 9286 9285
f 9284 9285 9286
f 596 9287 9289
f 2341 9288 9287
f 2340 9289 9288
f 9287 9288 9289
f 595 9290 9292
f 2342 9291 9290
f 2341 9292 9291
f 9290 9291 9292
f 2340 9288 9285
f 2341 9291 9288
f 2342 9285 9291
f 9288 9291 9285
f 98 5578 9294
f 1418 9293 5578
f 2344 9294 9293
f 5578 9293 9294
f 365 9295 5582
f 2343 9296 9295
f 1418 5582 9296
f 9295 9296 5582
f 596 9297 9299
f 2344 9298 9297
f 2343 9299 9298
f 9297 9298 9299
f 1418 9296 9293
f 2343 9298 9296
f 2344 9293 9298
f 9296 9298 9293
f 595 9292 9279
f 2341 9300 9292
f 2339 9279 9300
f 9292 9300 9279
f 596 9299 9287
f 2343 9301 9299
f 2341 9287 9301
f 9299 9301 9287
f 365 9283 9295
f 2339 9302 9283
f 2343 9295 9302
f 9283 9302 9295
f 2341 9301 9300
f 2343 9302 9301
f 2339 9300 9302
f 9301 9302 9300
f 38 7411 9304
f 1886 9303 7411
f 2346 9304 9303
f 7411 9303 9304
f 490 9305 7415
f 2345 9306 9305
f 1886 7415 9306
f 9305 9306 7415
f 598 9307 9309
f 2346 9308 9307
f 2345 9309 9308
f 9307 9308 9309
f 1886 9306 9303
f 2345 9308 9306
f 2346 9303 9308
f 9306 9308 9303
f 131 9310 7427
f 2347 9311 9310
f 1890 7427 9311
f 9310 9311 7427
f 597 9312 9314
f 2348 9313 9312
f 2347 9314 9313
f 9312 9313 9314
f 490 7432 9316
f 1890 9315 7432
f 2348 9316 9315
f 7432 9315 9316
f 2347 9313 9311
f 2348 9315 9313
f 1890 9311 9315
f 9313 9315 9311
f 155 9317 9319
f 2349 9318 9317
f 2351 9319 9318
f 9317 9318 9319
f 598 9320 9322
f 2350 9321 9320
f 2349 9322 9321
f 9320 9321 9322
f 597 9323 9325
f 2351 9324 9323
f 2350 9325 9324
f 9323 9324 9325
f 2349 9321 9318
f 2350 9324 9321
f 2351 9318 9324
f 9321 9324 9318
f 490 9316 9305
f 2348 9326 9316
f 2345 9305 9326
f 9316 9326 9305
f 597 9325 9312
f 2350 9327 9325
f 2348 9312 9327
f 9325 9327 9312
f 598 9309 9320
f 2345 9328 9309
f 2350 9320 9328
f 9309 9328 9320
f 2348 9327 9326
f 2350 9328 9327
f 2345 9326 9328
f 9327 9328 9326
f 98 9294 9260
f 2344 9329 9294
f 2334 9260 9329
f 9294 9329 9260
f 596 9330 9297
f 2352 9331 9330
f 2344 9297 9331
f 9330 9331 9297
f 594 9264 9333
f 2334 9332 9264
f 2352 9333 9332
f 9264 9332 9333
f 2344 9331 9329
f 2352 9332 9331
f 2334 9329 9332
f 9331 9332 9329
f 155 9319 9284
f 2351 9334 9319
f 2340 9284 9334
f 9319 9334 9284
f 597 9335 9323
f 2353 9336 9335
f 2351 9323 9336
f 9335 9336 9323
f 596 9289 9338
f 2340 9337 9289
f 2353 9338 9337
f 9289 9337 9338
f 2351 9336 9334
f 2353 9337 9336
f 2340 9334 9337
f 9336 9337 9334
f 131 9268 9310
f 2337 9339 9268
f 2347 9310 9339
f 9268 9339 9310
f 594 9340 9271
f 2354 9341 9340
f 2337 9271 9341
f 9340 9341 9271
f 597 9314 9343
f 2347 9342 9314
f 2354 9343 9342
f 9314 9342 9343
f 2337 9341 9339
f 2354 9342 9341
f 2347 9339 9342
f 9341 9342 9339
f 596 9338 9330
f 2353 9344 9338
f 2352 9330 9344
f 9338 9344 9330
f 597 9343 9335
f 2354 9345 9343
f 2353 9335 9345
f 9343 9345 9335
f 594 9333 9340
f 2352 9346 9333
f 2354 9340 9346
f 9333 9346 9340
f 2353 9345 9344
f 2354 9346 9345
f 2352 9344 9346
f 9345 9346 9344
f 11 5700 5407
f 1444 9347 5700
f 1369 5407 9347
f 5700 9347 5407
f 372 9348 5703
f 2355 9349 9348
f 1444 5703 9349
f 9348 9349 5703
f 352 5411 9351
f 1369 9350 5411
f 2355 9351 9350
f 5411 9350 9351
f 1444 9349 9347
f 2355 9350 9349
f 1369 9347 9350
f 9349 9350 9347
f 100 9352 5713
f 2356 9353 9352
f 1447 5713 9353
f 9352 9353 5713
f 599 9354 9356
f 2357 9355 9354
f 2356 9356 9355
f 9354 9355 9356
f 372 5718 9358
f 1447 9357 5718
f 2357 9358 9357
f 5718 9357 9358
f 2356 9355 9353
f 2357 9357 9355
f 1447 9353 9357
f 9355 9357 9353
f 94 5416 9360
f 1373 9359 5416
f 2359 9360 9359
f 5416 9359 9360
f 352 9361 5420
f 2358 9362 9361
f 1373 5420 9362
f 9361 9362 5420
f 599 9363 9365
f 2359 9364 9363
f 2358 9365 9364
f 9363 9364 9365
f 1373 9362 9359
f 2358 9364 9362
f 2359 9359 9364
f 9362 9364 9359
f 372 9358 9348
f 2357 9366 9358
f 2355 9348 9366
f 9358 9366 9348
f 599 9365 9354
f 2358 9367 9365
f 2357 9354 9367
f 9365 9367 9354
f 352 9351 9361
f 2355 9368 9351
f 2358 9361 9368
f 9351 9368 9361
f 2357 9367 9366
f 2358 9368 9367
f 2355 9366 9368
f 9367 9368 9366
f 30 9369 5751
f 2360 9370 9369
f 1457 5751 9370
f 9369 9370 5751
f 600 9371 9373
f 2361 9372 9371
f 2360 9373 9372
f 9371 9372 9373
f 375 5756 9375
f 1457 9374 5756
f 2361 9375 9374
f 5756 9374 9375
f 2360 9372 9370
f 2361 9374 9372
f 1457 9370 9374
f 9372 9374 9370
f 156 9376 9378
f 2362 9377 9376
f 2364 9378 9377
f 9376 9377 9378
f 601 9379 9381
f 2363 9380 9379
f 2362 9381 9380
f 9379 9380 9381
f 600 9382 9384
f 2364 9383 9382
f 2363 9384 9383
f 9382 9383 9384
f 2362 9380 9377
f 2363 9383 9380
f 2364 9377 9383
f 9380 9383 9377
f 100 5762 9386
f 1462 9385 5762
f 2366 9386 9385
f 5762 9385 9386
f 375 9387 5766
f 2365 9388 9387
f 1462 5766 9388
f 9387 9388 5766
f 601 9389 9391
f 2366 9390 9389
f 2365 9391 9390
f 9389 9390 9391
f 1462 9388 9385
f 2365 9390 9388
f 2366 9385 9390
f 9388 9390 9385
f 600 9384 9371
f 2363 9392 9384
f 2361 9371 9392
f 9384 9392 9371
f 601 9391 9379
f 2365 9393 9391
f 2363 9379 9393
f 9391 9393 9379
f 375 9375 9387
f 2361 9394 9375
f 2365 9387 9394
f 9375 9394 9387
f 2363 9393 9392
f 2365 9394 9393
f 2361 9392 9394
f 9393 9394 9392
f 27 5435 9396
f 1378 9395 5435
f 2368 9396 9395
f 5435 9395 9396
f 356 9397 5439
f 2367 9398 9397
f 1378 5439 9398
f 9397 9398 5439
f 603 9399 9401
f 2368 9400 9399
f 2367 9401 9400
f 9399 9400 9401
f 1378 9398 9395
f 2367 9400 9398
f 2368 9395 9400
f 9398 9400 9395
f 94 9402 5451
f 2369 9403 9402
f 1382 5451 9403
f 9402 9403 5451
f 602 9404 9406
f 2370 9405 9404
f 2369 9406 9405
f 9404 9405 9406
f 356 5456 9408
f 1382 9407 5456
f 2370 9408 9407
f 5456 9407 9408
f 2369 9405 9403
f 2370 9407 9405
f 1382 9403 9407
f 9405 9407 9403
f 156 9409 9411
f 2371 9410 9409
f 2373 9411 9410
f 9409 9410 9411
f 603 9412 9414
f 2372 9413 9412
f 2371 9414 9413
f 9412 9413 9414
f 602 9415 9417
f 2373 9416 9415
f 2372 9417 9416
f 9415 9416 9417
f 2371 9413 9410
f 2372 9416 9413
f 2373 9410 9416
f 9413 9416 9410
f 356 9408 9397
f 2370 9418 9408
f 2367 9397 9418
f 9408 9418 9397
f 602 9417 9404
f 2372 9419 9417
f 2370 9404 9419
f 9417 9419 9404
f 603 9401 9412
f 2367 9420 9401
f 2372 9412 9420
f 9401 9420 9412
f 2370 9419 9418
f 2372 9420 9419
f 2367 9418 9420
f 9419 9420 9418
f 100 9386 9352
f 2366 9421 9386
f 2356 9352 9421
f 9386 9421 9352
f 601 9422 9389
f 2374 9423 9422
f 2366 9389 9423
f 9422 9423 9389
f 599 9356 9425
f 2356 9424 9356
f 2374 9425 9424
f 9356 9424 9425
f 2366 9423 9421
f 2374 9424 9423
f 2356 9421 9424
f 9423 9424 9421
f 156 9411 9376
f 2373 9426 9411
f 2362 9376 9426
f 9411 9426 9376
f 602 9427 9415
f 2375 9428 9427
f 2373 9415 9428
f 9427 9428 9415
f 601 9381 9430
f 2362 9429 9381
f 2375 9430 9429
f 9381 9429 9430
f 2373 9428 9426
f 2375 9429 9428
f 2362 9426 9429
f 9428 9429 9426
f 94 9360 9402
f 2359 9431 9360
f 2369 9402 9431
f 9360 9431 9402
f 599 9432 9363
f 2376 9433 9432
f 2359 9363 9433
f 9432 9433 9363
f 602 9406 9435
f 2369 9434 9406
f 2376 9435 9434
f 9406 9434 9435
f 2359 9433 9431
f 2376 9434 9433
f 2369 9431 9434
f 9433 9434 9431
f 601 9430 9422
f 2375 9436 9430
f 2374 9422 9436
f 9430 9436 9422
f 602 9435 9427
f 2376 9437 9435
f 2375 9427 9437
f 9435 9437 9427
f 599 9425 9432
f 2374 9438 9425
f 2376 9432 9438
f 9425 9438 9432
f 2375 9437 9436
f 2376 9438 9437
f 2374 9436 9438
f 9437 9438 9436
f 38 9304 9185
f 2346 9439 9304
f 2316 9185 9439
f 9304 9439 9185
f 598 9440 9307
f 2377 9441 9440
f 2346 9307 9441
f 9440 9441 9307
f 590 9189 9443
f 2316 9442 9189
f 2377 9443 9442
f 9189 9442 9443
f 2346 9441 9439
f 2377 9442 9441
f 2316 9439 9442
f 9441 9442 9439
f 155 9444 9317
f 2378 9445 9444
f 2349 9317 9445
f 9444 9445 9317
f 604 9446 9448
f 2379 9447 9446
f 2378 9448 9447
f 9446 9447 9448
f 598 9322 9450
f 2349 9449 9322
f 2379 9450 9449
f 9322 9449 9450
f 2378 9447 9445
f 2379 9449 9447
f 2349 9445 9449
f 9447 9449 9445
f 154 9194 9452
f 2320 9451 9194
f 2381 9452 9451
f 9194 9451 9452
f 590 9453 9198
f 2380 9454 9453
f 2320 9198 9454
f 9453 9454 9198
f 604 9455 9457
f 2381 9456 9455
f 2380 9457 9456
f 9455 9456 9457
f 2320 9454 9451
f 2380 9456 9454
f 2381 9451 9456
f 9454 9456 9451
f 598 9450 9440
f 2379 9458 9450
f 2377 9440 9458
f 9450 9458 9440
f 604 9457 9446
f 2380 9459 9457
f 2379 9446 9459
f 9457 9459 9446
f 590 9443 9453
f 2377 9460 9443
f 2380 9453 9460
f 9443 9460 9453
f 2379 9459 9458
f 2380 9460 9459
f 2377 9458 9460
f 9459 9460 9458
f 27 9396 9277
f 2368 9461 9396
f 2338 9277 9461
f 9396 9461 9277
f 603 9462 9399
f 2382 9463 9462
f 2368 9399 9463
f 9462 9463 9399
f 595 9281 9465
f 2338 9464 9281
f 2382 9465 9464
f 9281 9464 9465
f 2368 9463 9461
f 2382 9464 9463
f 2338 9461 9464
f 9463 9464 9461
f 156 9466 9409
f 2383 9467 9466
f 2371 9409 9467
f 9466 9467 9409
f 605 9468 9470
f 2384 9469 9468
f 2383 9470 9469
f 9468 9469 9470
f 603 9414 9472
f 2371 9471 9414
f 2384 9472 9471
f 9414 9471 9472
f 2383 9469 9467
f 2384 9471 9469
f 2371 9467 9471
f 9469 9471 9467
f 155 9286 9474
f 2342 9473 9286
f 2386 9474 9473
f 9286 9473 9474
f 595 9475 9290
f 2385 9476 9475
f 2342 9290 9476
f 9475 9476 9290
f 605 9477 9479
f 2386 9478 9477
f 2385 9479 9478
f 9477 9478 9479
f 2342 9476 9473
f 2385 9478 9476
f 2386 9473 9478
f 9476 9478 9473
f 603 9472 9462
f 2384 9480 9472
f 2382 9462 9480
f 9472 9480 9462
f 605 9479 9468
f 2385 9481 9479
f 2384 9468 9481
f 9479 9481 9468
f 595 9465 9475
f 2382 9482 9465
f 2385 9475 9482
f 9465 9482 9475
f 2384 9481 9480
f 2385 9482 9481
f 2382 9480 9482
f 9481 9482 9480
f 30 9212 9369
f 2324 9483 9212
f 2360 9369 9483
f 9212 9483 9369
f 593 9484 9215
f 2387 9485 9484
f 2324 9215 9485
f 9484 9485 9215
f 600 9373 9487
f 2360 9486 9373
f 2387 9487 9486
f 9373 9486 9487
f 2324 9485 9483
f 2387 9486 9485
f 2360 9483 9486
f 9485 9486 9483
f 154 9488 9225
f 2388 9489 9488
f 2327 9225 9489
f 9488 9489 9225
f 606 9490 9492
f 2389 9491 9490
f 2388 9492 9491
f 9490 9491 9492
f 593 9230 9494
f 2327 9493 9230
f 2389 9494 9493
f 9230 9493 9494
f 2388 9491 9489
f 2389 9493 9491
f 2327 9489 9493
f 9491 9493 9489
f 156 9378 9496
f 2364 9495 9378
f 2391 9496 9495
f 9378 9495 9496
f 600 9497 9382
f 2390 9498 9497
f 2364 9382 9498
f 9497 9498 9382
f 606 9499 9501
f 2391 9500 9499
f 2390 9501 9500
f 9499 9500 9501
f 2364 9498 9495
f 2390 9500 9498
f 2391 9495 9500
f 9498 9500 9495
f 593 9494 9484
f 2389 9502 9494
f 2387 9484 9502
f 9494 9502 9484
f 606 9501 9490
f 2390 9503 9501
f 2389 9490 9503
f 9501 9503 9490
f 600 9487 9497
f 2387 9504 9487
f 2390 9497 9504
f 9487 9504 9497
f 2389 9503 9502
f 2390 9504 9503
f 2387 9502 9504
f 9503 9504 9502
f 155 9474 9444
f 2386 9505 9474
f 2378 9444 9505
f 9474 9505 9444
f 605 9506 9477
f 2392 9507 9506
f 2386 9477 9507
f 9506 9507 9477
f 604 9448 9509
f 2378 9508 9448
f 2392 9509 9508
f 9448 9508 9509
f 2386 9507 9505
f 2392 9508 9507
f 2378 9505 9508
f 9507 9508 9505
f 156 9496 9466
f 2391 9510 9496
f 2383 9466 9510
f 9496 9510 9466
f 606 9511 9499
f 2393 9512 9511
f 2391 9499 9512
f 9511 9512 9499
f 605 9470 9514
f 2383 9513 9470
f 2393 9514 9513
f 9470 9513 9514
f 2391 9512 9510
f 2393 9513 9512
f 2383 9510 9513
f 9512 9513 9510
f 154 9452 9488
f 2381 9515 9452
f 2388 9488 9515
f 9452 9515 9488
f 604 9516 9455
f 2394 9517 9516
f 2381 9455 9517
f 9516 9517 9455
f 606 9492 9519
f 2388 9518 9492
f 2394 9519 9518
f 9492 9518 9519
f 2381 9517 9515
f 2394 9518 9517
f 2388 9515 9518
f 9517 9518 9515
f 605 9514 9506
f 2393 9520 9514
f 2392 9506 9520
f 9514 9520 9506
f 606 9519 9511
f 2394 9521 9519
f 2393 9511 9521
f 9519 9521 9511
f 604 9509 9516
f 2392 9522 9509
f 2394 9516 9522
f 9509 9522 9516
f 2393 9521 9520
f 2394 9522 9521
f 2392 9520 9522
f 9521 9522 9520
f 9 7877 6291
f 2005 9523 7877
f 1595 6291 9523
f 7877 9523 6291
f 521 9524 7881
f 2395 9525 9524
f 2005 7881 9525
f 9524 9525 7881
f 411 6296 9527
f 1595 9526 6296
f 2395 9527 9526
f 6296 9526 9527
f 2005 9525 9523
f 2395 9526 9525
f 1595 9523 9526
f 9525 9526 9523
f 142 9528 7893
f 2396 9529 9528
f 2009 7893 9529
f 9528 9529 7893
f 607 9530 9532
f 2397 9531 9530
f 2396 9532 9531
f 9530 9531 9532
f 521 7898 9534
f 2009 9533 7898
f 2397 9534 9533
f 7898 9533 9534
f 2396 9531 9529
f 2397 9533 9531
f 2009 9529 9533
f 9531 9533 9529
f 110 6302 9536
f 1600 9535 6302
f 2399 9536 9535
f 6302 9535 9536
f 411 9537 6306
f 2398 9538 9537
f 1600 6306 9538
f 9537 9538 6306
f 607 9539 9541
f 2399 9540 9539
f 2398 9541 9540
f 9539 9540 9541
f 1600 9538 9535
f 2398 9540 9538
f 2399 9535 9540
f 9538 9540 9535
f 521 9534 9524
f 2397 9542 9534
f 2395 9524 9542
f 9534 9542 9524
f 607 9541 9530
f 2398 9543 9541
f 2397 9530 9543
f 9541 9543 9530
f 411 9527 9537
f 2395 9544 9527
f 2398 9537 9544
f 9527 9544 9537
f 2397 9543 9542
f 2398 9544 9543
f 2395 9542 9544
f 9543 9544 9542
f 40 9545 7935
f 2400 9546 9545
f 2021 7935 9546
f 9545 9546 7935
f 608 9547 9549
f 2401 9548 9547
f 2400 9549 9548
f 9547 9548 9549
f 525 7940 9551
f 2021 9550 7940
f 2401 9551 9550
f 7940 9550 9551
f 2400 9548 9546
f 2401 9550 9548
f 2021 9546 9550
f 9548 9550 9546
f 157 9552 9554
f 2402 9553 9552
f 2404 9554 9553
f 9552 9553 9554
f 609 9555 9557
f 2403 9556 9555
f 2402 9557 9556
f 9555 9556 9557
f 608 9558 9560
f 2404 9559 9558
f 2403 9560 9559
f 9558 9559 9560
f 2402 9556 9553
f 2403 9559 9556
f 2404 9553 9559
f 9556 9559 9553
f 142 7946 9562
f 2026 9561 7946
f 2406 9562 9561
f 7946 9561 9562
f 525 9563 7950
f 2405 9564 9563
f 2026 7950 9564
f 9563 9564 7950
f 609 9565 9567
f 2406 9566 9565
f 2405 9567 9566
f 9565 9566 9567
f 2026 9564 9561
f 2405 9566 9564
f 2406 9561 9566
f 9564 9566 9561
f 608 9560 9547
f 2403 9568 9560
f 2401 9547 9568
f 9560 9568 9547
f 609 9567 9555
f 2405 9569 9567
f 2403 9555 9569
f 9567 9569 9555
f 525 9551 9563
f 2401 9570 9551
f 2405 9563 9570
f 9551 9570 9563
f 2403 9569 9568
f 2405 9570 9569
f 2401 9568 9570
f 9569 9570 9568
f 32 6323 9572
f 1606 9571 6323
f 2408 9572 9571
f 6323 9571 9572
f 416 9573 6327
f 2407 9574 9573
f 1606 6327 9574
f 9573 9574 6327
f 611 9575 9577
f 2408 9576 9575
f 2407 9577 9576
f 9575 9576 9577
f 1606 9574 9571
f 2407 9576 9574
f 2408 9571 9576
f 9574 9576 9571
f 110 9578 6339
f 2409 9579 9578
f 1610 6339 9579
f 9578 9579 6339
f 610 9580 9582
f 2410 9581 9580
f 2409 9582 9581
f 9580 9581 9582
f 416 6344 9584
f 1610 9583 6344
f 2410 9584 9583
f 6344 9583 9584
f 2409 9581 9579
f 2410 9583 9581
f 1610 9579 9583
f 9581 9583 9579
f 157 9585 9587
f 2411 9586 9585
f 2413 9587 9586
f 9585 9586 9587
f 611 9588 9590
f 2412 9589 9588
f 2411 9590 9589
f 9588 9589 9590
f 610 9591 9593
f 2413 9592 9591
f 2412 9593 9592
f 9591 9592 9593
f 2411 9589 9586
f 2412 9592 9589
f 2413 9586 9592
f 9589 9592 9586
f 416 9584 9573
f 2410 9594 9584
f 2407 9573 9594
f 9584 9594 9573
f 610 9593 9580
f 2412 9595 9593
f 2410 9580 9595
f 9593 9595 9580
f 611 9577 9588
f 2407 9596 9577
f 2412 9588 9596
f 9577 9596 9588
f 2410 9595 9594
f 2412 9596 9595
f 2407 9594 9596
f 9595 9596 9594
f 142 9562 9528
f 2406 9597 9562
f 2396 9528 9597
f 9562 9597 9528
f 609 9598 9565
f 2414 9599 9598
f 2406 9565 9599
f 9598 9599 9565
f 607 9532 9601
f 2396 9600 9532
f 2414 9601 9600
f 9532 9600 9601
f 2406 9599 9597
f 2414 9600 9599
f 2396 9597 9600
f 9599 9600 9597
f 157 9587 9552
f 2413 9602 9587
f 2402 9552 9602
f 9587 9602 9552
f 610 9603 9591
f 2415 9604 9603
f 2413 9591 9604
f 9603 9604 9591
f 609 9557 9606
f 2402 9605 9557
f 2415 9606 9605
f 9557 9605 9606
f 2413 9604 9602
f 2415 9605 9604
f 2402 9602 9605
f 9604 9605 9602
f 110 9536 9578
f 2399 9607 9536
f 2409 9578 9607
f 9536 9607 9578
f 607 9608 9539
f 2416 9609 9608
f 2399 9539 9609
f 9608 9609 9539
f 610 9582 9611
f 2409 9610 9582
f 2416 9611 9610
f 9582 9610 9611
f 2399 9609 9607
f 2416 9610 9609
f 2409 9607 9610
f 9609 9610 9607
f 609 9606 9598
f 2415 9612 9606
f 2414 9598 9612
f 9606 9612 9598
f 610 9611 9603
f 2416 9613 9611
f 2415 9603 9613
f 9611 9613 9603
f 607 9601 9608
f 2414 9614 9601
f 2416 9608 9614
f 9601 9614 9608
f 2415 9613 9612
f 2416 9614 9613
f 2414 9612 9614
f 9613 9614 9612
f 7 5901 7775
f 1497 9615 5901
f 1977 7775 9615
f 5901 9615 7775
f 387 9616 5905
f 2417 9617 9616
f 1497 5905 9617
f 9616 9617 5905
f 512 7779 9619
f 1977 9618 7779
f 2417 9619 9618
f 7779 9618 9619
f 1497 9617 9615
f 2417 9618 9617
f 1977 9615 9618
f 9617 9618 9615
f 105 9620 5917
f 2418 9621 9620
f 1501 5917 9621
f 9620 9621 5917
f 612 9622 9624
f 2419 9623 9622
f 2418 9624 9623
f 9622 9623 9624
f 387 5922 9626
f 1501 9625 5922
f 2419 9626 9625
f 5922 9625 9626
f 2418 9623 9621
f 2419 9625 9623
f 1501 9621 9625
f 9623 9625 9621
f 138 7784 9628
f 1981 9627 7784
f 2421 9628 9627
f 7784 9627 9628
f 512 9629 7788
f 2420 9630 9629
f 1981 7788 9630
f 9629 9630 7788
f 612 9631 9633
f 2421 9632 9631
f 2420 9633 9632
f 9631 9632 9633
f 1981 9630 9627
f 2420 9632 9630
f 2421 9627 9632
f 9630 9632 9627
f 387 9626 9616
f 2419 9634 9626
f 2417 9616 9634
f 9626 9634 9616
f 612 9633 9622
f 2420 9635 9633
f 2419 9622 9635
f 9633 9635 9622
f 512 9619 9629
f 2417 9636 9619
f 2420 9629 9636
f 9619 9636 9629
f 2419 9635 9634
f 2420 9636 9635
f 2417 9634 9636
f 9635 9636 9634
f 29 9637 5959
f 2422 9638 9637
f 1513 5959 9638
f 9637 9638 5959
f 613 9639 9641
f 2423 9640 9639
f 2422 9641 9640
f 9639 9640 9641
f 391 5964 9643
f 1513 9642 5964
f 2423 9643 9642
f 5964 9642 9643
f 2422 9640 9638
f 2423 9642 9640
f 1513 9638 9642
f 9640 9642 9638
f 158 9644 9646
f 2424 9645 9644
f 2426 9646 9645
f 9644 9645 9646
f 614 9647 9649
f 2425 9648 9647
f 2424 9649 9648
f 9647 9648 9649
f 613 9650 9652
f 2426 9651 9650
f 2425 9652 9651
f 9650 9651 9652
f 2424 9648 9645
f 2425 9651 9648
f 2426 9645 9651
f 9648 9651 9645
f 105 5970 9654
f 1518 9653 5970
f 2428 9654 9653
f 5970 9653 9654
f 391 9655 5974
f 2427 9656 9655
f 1518 5974 9656
f 9655 9656 5974
f 614 9657 9659
f 2428 9658 9657
f 2427 9659 9658
f 9657 9658 9659
f 1518 9656 9653
f 2427 9658 9656
f 2428 9653 9658
f 9656 9658 9653
f 613 9652 9639
f 2425 9660 9652
f 2423 9639 9660
f 9652 9660 9639
f 614 9659 9647
f 2427 9661 9659
f 2425 9647 9661
f 9659 9661 9647
f 391 9643 9655
f 2423 9662 9643
f 2427 9655 9662
f 9643 9662 9655
f 2425 9661 9660
f 2427 9662 9661
f 2423 9660 9662
f 9661 9662 9660
f 40 7803 9664
f 1986 9663 7803
f 2430 9664 9663
f 7803 9663 9664
f 516 9665 7807
f 2429 9666 9665
f 1986 7807 9666
f 9665 9666 7807
f 616 9667 9669
f 2430 9668 9667
f 2429 9669 9668
f 9667 9668 9669
f 1986 9666 9663
f 2429 9668 9666
f 2430 9663 9668
f 9666 9668 9663
f 138 9670 7819
f 2431 9671 9670
f 1990 7819 9671
f 9670 9671 7819
f 615 9672 9674
f 2432 9673 9672
f 2431 9674 9673
f 9672 9673 9674
f 516 7824 9676
f 1990 9675 7824
f 2432 9676 9675
f 7824 9675 9676
f 2431 9673 9671
f 2432 9675 9673
f 1990 9671 9675
f 9673 9675 9671
f 158 9677 9679
f 2433 9678 9677
f 2435 9679 9678
f 9677 9678 9679
f 616 9680 9682
f 2434 9681 9680
f 2433 9682 9681
f 9680 9681 9682
f 615 9683 9685
f 2435 9684 9683
f 2434 9685 9684
f 9683 9684 9685
f 2433 9681 9678
f 2434 9684 9681
f 2435 9678 9684
f 9681 9684 9678
f 516 9676 9665
f 2432 9686 9676
f 2429 9665 9686
f 9676 9686 9665
f 615 9685 9672
f 2434 9687 9685
f 2432 9672 9687
f 9685 9687 9672
f 616 9669 9680
f 2429 9688 9669
f 2434 9680 9688
f 9669 9688 9680
f 2432 9687 9686
f 2434 9688 9687
f 2429 9686 9688
f 9687 9688 9686
f 105 9654 9620
f 2428 9689 9654
f 2418 9620 9689
f 9654 9689 9620
f 614 9690 9657
f 2436 9691 9690
f 2428 9657 9691
f 9690 9691 9657
f 612 9624 9693
f 2418 9692 9624
f 2436 9693 9692
f 9624 9692 9693
f 2428 9691 9689
f 2436 9692 9691
f 2418 9689 9692
f 9691 9692 9689
f 158 9679 9644
f 2435 9694 9679
f 2424 9644 9694
f 9679 9694 9644
f 615 9695 9683
f 2437 9696 9695
f 2435 9683 9696
f 9695 9696 9683
f 614 9649 9698
f 2424 9697 9649
f 2437 9698 9697
f 9649 9697 9698
f 2435 9696 9694
f 2437 9697 9696
f 2424 9694 9697
f 9696 9697 9694
f 138 9628 9670
f 2421 9699 9628
f 2431 9670 9699
f 9628 9699 9670
f 612 9700 9631
f 2438 9701 9700
f 2421 9631 9701
f 9700 9701 9631
f 615 9674 9703
f 2431 9702 9674
f 2438 9703 9702
f 9674 9702 9703
f 2421 9701 9699
f 2438 9702 9701
f 2431 9699 9702
f 9701 9702 9699
f 614 9698 9690
f 2437 9704 9698
f 2436 9690 9704
f 9698 9704 9690
f 615 9703 9695
f 2438 9705 9703
f 2437 9695 9705
f 9703 9705 9695
f 612 9693 9700
f 2436 9706 9693
f 2438 9700 9706
f 9693 9706 9700
f 2437 9705 9704
f 2438 9706 9705
f 2436 9704 9706
f 9705 9706 9704
f 8 6092 5799
f 1544 9707 6092
f 1469 5799 9707
f 6092 9707 5799
f 398 9708 6095
f 2439 9709 9708
f 1544 6095 9709
f 9708 9709 6095
f 378 5803 9711
f 1469 9710 5803
f 2439 9711 9710
f 5803 9710 9711
f 1544 9709 9707
f 2439 9710 9709
f 1469 9707 9710
f 9709 9710 9707
f 107 9712 6105
f 2440 9713 9712
f 1547 6105 9713
f 9712 9713 6105
f 617 9714 9716
f 2441 9715 9714
f 2440 9716 9715
f 9714 9715 9716
f 398 6110 9718
f 1547 9717 6110
f 2441 9718 9717
f 6110 9717 9718
f 2440 9715 9713
f 2441 9717 9715
f 1547 9713 9717
f 9715 9717 9713
f 101 5808 9720
f 1473 9719 5808
f 2443 9720 9719
f 5808 9719 9720
f 378 9721 5812
f 2442 9722 9721
f 1473 5812 9722
f 9721 9722 5812
f 617 9723 9725
f 2443 9724 9723
f 2442 9725 9724
f 9723 9724 9725
f 1473 9722 9719
f 2442 9724 9722
f 2443 9719 9724
f 9722 9724 9719
f 398 9718 9708
f 2441 9726 9718
f 2439 9708 9726
f 9718 9726 9708
f 617 9725 9714
f 2442 9727 9725
f 2441 9714 9727
f 9725 9727 9714
f 378 9711 9721
f 2439 9728 9711
f 2442 9721 9728
f 9711 9728 9721
f 2441 9727 9726
f 2442 9728 9727
f 2439 9726 9728
f 9727 9728 9726
f 32 9729 6143
f 2444 9730 9729
f 1557 6143 9730
f 9729 9730 6143
f 618 9731 9733
f 2445 9732 9731
f 2444 9733 9732
f 9731 9732 9733
f 401 6148 9735
f 1557 9734 6148
f 2445 9735 9734
f 6148 9734 9735
f 2444 9732 9730
f 2445 9734 9732
f 1557 9730 9734
f 9732 9734 9730
f 159 9736 9738
f 2446 9737 9736
f 2448 9738 9737
f 9736 9737 9738
f 619 9739 9741
f 2447 9740 9739
f 2446 9741 9740
f 9739 9740 9741
f 618 9742 9744
f 2448 9743 9742
f 2447 9744 9743
f 9742 9743 9744
f 2446 9740 9737
f 2447 9743 9740
f 2448 9737 9743
f 9740 9743 9737
f 107 6154 9746
f 1562 9745 6154
f 2450 9746 9745
f 6154 9745 9746
f 401 9747 6158
f 2449 9748 9747
f 1562 6158 9748
f 9747 9748 6158
f 619 9749 9751
f 2450 9750 9749
f 2449 9751 9750
f 9749 9750 9751
f 1562 9748 9745
f 2449 9750 9748
f 2450 9745 9750
f 9748 9750 9745
f 618 9744 9731
f 2447 9752 9744
f 2445 9731 9752
f 9744 9752 9731
f 619 9751 9739
f 2449 9753 9751
f 2447 9739 9753
f 9751 9753 9739
f 401 9735 9747
f 2445 9754 9735
f 2449 9747 9754
f 9735 9754 9747
f 2447 9753 9752
f 2449 9754 9753
f 2445 9752 9754
f 9753 9754 9752
f 29 5827 9756
f 1478 9755 5827
f 2452 9756 9755
f 5827 9755 9756
f 382 9757 5831
f 2451 9758 9757
f 1478 5831 9758
f 9757 9758 5831
f 621 9759 9761
f 2452 9760 9759
f 2451 9761 9760
f 9759 9760 9761
f 1478 9758 9755
f 2451 9760 9758
f 2452 9755 9760
f 9758 9760 9755
f 101 9762 5843
f 2453 9763 9762
f 1482 5843 9763
f 9762 9763 5843
f 620 9764 9766
f 2454 9765 9764
f 2453 9766 9765
f 9764 9765 9766
f 382 5848 9768
f 1482 9767 5848
f 2454 9768 9767
f 5848 9767 9768
f 2453 9765 9763
f 2454 9767 9765
f 1482 9763 9767
f 9765 9767 9763
f 159 9769 9771
f 2455 9770 9769
f 2457 9771 9770
f 9769 9770 9771
f 621 9772 9774
f 2456 9773 9772
f 2455 9774 9773
f 9772 9773 9774
f 620 9775 9777
f 2457 9776 9775
f 2456 9777 9776
f 9775 9776 9777
f 2455 9773 9770
f 2456 9776 9773
f 2457 9770 9776
f 9773 9776 9770
f 382 9768 9757
f 2454 9778 9768
f 2451 9757 9778
f 9768 9778 9757
f 620 9777 9764
f 2456 9779 9777
f 2454 9764 9779
f 9777 9779 9764
f 621 9761 9772
f 2451 9780 9761
f 2456 9772 9780
f 9761 9780 9772
f 2454 9779 9778
f 2456 9780 9779
f 2451 9778 9780
f 9779 9780 9778
f 107 9746 9712
f 2450 9781 9746
f 2440 9712 9781
f 9746 9781 9712
f 619 9782 9749
f 2458 9783 9782
f 2450 9749 9783
f 9782 9783 9749
f 617 9716 9785
f 2440 9784 9716
f 2458 9785 9784
f 9716 9784 9785
f 2450 9783 9781
f 2458 9784 9783
f 2440 9781 9784
f 9783 9784 9781
f 159 9771 9736
f 2457 9786 9771
f 2446 9736 9786
f 9771 9786 9736
f 620 9787 9775
f 2459 9788 9787
f 2457 9775 9788
f 9787 9788 9775
f 619 9741 9790
f 2446 9789 9741
f 2459 9790 9789
f 9741 9789 9790
f 2457 9788 9786
f 2459 9789 9788
f 2446 9786 9789
f 9788 9789 9786
f 101 9720 9762
f 2443 9791 9720
f 2453 9762 9791
f 9720 9791 9762
f 617 9792 9723
f 2460 9793 9792
f 2443 9723 9793
f 9792 9793 9723
f 620 9766 9795
f 2453 9794 9766
f 2460 9795 9794
f 9766 9794 9795
f 2443 9793 9791
f 2460 9794 9793
f 2453 9791 9794
f 9793 9794 9791
f 619 9790 9782
f 2459 9796 9790
f 2458 9782 9796
f 9790 9796 9782
f 620 9795 9787
f 2460 9797 9795
f 2459 9787 9797
f 9795 9797 9787
f 617 9785 9792
f 2458 9798 9785
f 2460 9792 9798
f 9785 9798 9792
f 2459 9797 9796
f 2460 9798 9797
f 2458 9796 9798
f 9797 9798 9796
f 40 9664 9545
f 2430 9799 9664
f 2400 9545 9799
f 9664 9799 9545
f 616 9800 9667
f 2461 9801 9800
f 2430 9667 9801
f 9800 9801 9667
f 608 9549 9803
f 2400 9802 9549
f 2461 9803 9802
f 9549 9802 9803
f 2430 9801 9799
f 2461 9802 9801
f 2400 9799 9802
f 9801 9802 9799
f 158 9804 9677
f 2462 9805 9804
f 2433 9677 9805
f 9804 9805 9677
f 622 9806 9808
f 2463 9807 9806
f 2462 9808 9807
f 9806 9807 9808
f 616 9682 9810
f 2433 9809 9682
f 2463 9810 9809
f 9682 9809 9810
f 2462 9807 9805
f 2463 9809 9807
f 2433 9805 9809
f 9807 9809 9805
f 157 9554 9812
f 2404 9811 9554
f 2465 9812 9811
f 9554 9811 9812
f 608 9813 9558
f 2464 9814 9813
f 2404 9558 9814
f 9813 9814 9558
f 622 9815 9817
f 2465 9816 9815
f 2464 9817 9816
f 9815 9816 9817
f 2404 9814 9811
f 2464 9816 9814
f 2465 9811 9816
f 9814 9816 9811
f 616 9810 9800
f 2463 9818 9810
f 2461 9800 9818
f 9810 9818 9800
f 622 9817 9806
f 2464 9819 9817
f 2463 9806 9819
f 9817 9819 9806
f 608 9803 9813
f 2461 9820 9803
f 2464 9813 9820
f 9803 9820 9813
f 2463 9819 9818
f 2464 9820 9819
f 2461 9818 9820
f 9819 9820 9818
f 29 9756 9637
f 2452 9821 9756
f 2422 9637 9821
f 9756 9821 9637
f 621 9822 9759
f 2466 9823 9822
f 2452 9759 9823
f 9822 9823 9759
f 613 9641 9825
f 2422 9824 9641
f 2466 9825 9824
f 9641 9824 9825
f 2452 9823 9821
f 2466 9824 9823
f 2422 9821 9824
f 9823 9824 9821
f 159 9826 9769
f 2467 9827 9826
f 2455 9769 9827
f 9826 9827 9769
f 623 9828 9830
f 2468 9829 9828
f 2467 9830 9829
f 9828 9829 9830
f 621 9774 9832
f 2455 9831 9774
f 2468 9832 9831
f 9774 9831 9832
f 2467 9829 9827
f 2468 9831 9829
f 2455 9827 9831
f 9829 9831 9827
f 158 9646 9834
f 2426 9833 9646
f 2470 9834 9833
f 9646 9833 9834
f 613 9835 9650
f 2469 9836 9835
f 2426 9650 9836
f 9835 9836 9650
f 623 9837 9839
f 2470 9838 9837
f 2469 9839 9838
f 9837 9838 9839
f 2426 9836 9833
f 2469 9838 9836
f 2470 9833 9838
f 9836 9838 9833
f 621 9832 9822
f 2468 9840 9832
f 2466 9822 9840
f 9832 9840 9822
f 623 9839 9828
f 2469 9841 9839
f 2468 9828 9841
f 9839 9841 9828
f 613 9825 9835
f 2466 9842 9825
f 2469 9835 9842
f 9825 9842 9835
f 2468 9841 9840
f 2469 9842 9841
f 2466 9840 9842
f 9841 9842 9840
f 32 9572 9729
f 2408 9843 9572
f 2444 9729 9843
f 9572 9843 9729
f 611 9844 9575
f 2471 9845 9844
f 2408 9575 9845
f 9844 9845 9575
f 618 9733 9847
f 2444 9846 9733
f 2471 9847 9846
f 9733 9846 9847
f 2408 9845 9843
f 2471 9846 9845
f 2444 9843 9846
f 9845 9846 9843
f 157 9848 9585
f 2472 9849 9848
f 2411 9585 9849
f 9848 9849 9585
f 624 9850 9852
f 2473 9851 9850
f 2472 9852 9851
f 9850 9851 9852
f 611 9590 9854
f 2411 9853 9590
f 2473 9854 9853
f 9590 9853 9854
f 2472 9851 9849
f 2473 9853 9851
f 2411 9849 9853
f 9851 9853 9849
f 159 9738 9856
f 2448 9855 9738
f 2475 9856 9855
f 9738 9855 9856
f 618 9857 9742
f 2474 9858 9857
f 2448 9742 9858
f 9857 9858 9742
f 624 9859 9861
f 2475 9860 9859
f 2474 9861 9860
f 9859 9860 9861
f 2448 9858 9855
f 2474 9860 9858
f 2475 9855 9860
f 9858 9860 9855
f 611 9854 9844
f 2473 9862 9854
f 2471 9844 9862
f 9854 9862 9844
f 624 9861 9850
f 2474 9863 9861
f 2473 9850 9863
f 9861 9863 9850
f 618 9847 9857
f 2471 9864 9847
f 2474 9857 9864
f 9847 9864 9857
f 2473 9863 9862
f 2474 9864 9863
f 2471 9862 9864
f 9863 9864 9862
f 158 9834 9804
f 2470 9865 9834
f 2462 9804 9865
f 9834 9865 9804
f 623 9866 9837
f 2476 9867 9866
f 2470 9837 9867
f 9866 9867 9837
f 622 9808 9869
f 2462 9868 9808
f 2476 9869 9868
f 9808 9868 9869
f 2470 9867 9865
f 2476 9868 9867
f 2462 9865 9868
f 9867 9868 9865
f 159 9856 9826
f 2475 9870 9856
f 2467 9826 9870
f 9856 9870 9826
f 624 9871 9859
f 2477 9872 9871
f 2475 9859 9872
f 9871 9872 9859
f 623 9830 9874
f 2467 9873 9830
f 2477 9874 9873
f 9830 9873 9874
f 2475 9872 9870
f 2477 9873 9872
f 2467 9870 9873
f 9872 9873 9870
f 157 9812 9848
f 2465 9875 9812
f 2472 9848 9875
f 9812 9875 9848
f 622 9876 9815
f 2478 9877 9876
f 2465 9815 9877
f 9876 9877 9815
f 624 9852 9879
f 2472 9878 9852
f 2478 9879 9878
f 9852 9878 9879
f 2465 9877 9875
f 2478 9878 9877
f 2472 9875 9878
f 9877 9878 9875
f 623 9874 9866
f 2477 9880 9874
f 2476 9866 9880
f 9874 9880 9866
f 624 9879 9871
f 2478 9881 9879
f 2477 9871 9881
f 9879 9881 9871
f 622 9869 9876
f 2476 9882 9869
f 2478 9876 9882
f 9869 9882 9876
f 2477 9881 9880
f 2478 9882 9881
f 2476 9880 9882
f 9881 9882 9880
f 10 8260 4723
f 2100 9883 8260
f 1195 4723 9883
f 8260 9883 4723
f 544 9884 8263
f 2479 9885 9884
f 2100 8263 9885
f 9884 9885 8263
f 307 4728 9887
f 1195 9886 4728
f 2479 9887 9886
f 4728 9886 9887
f 2100 9885 9883
f 2479 9886 9885
f 1195 9883 9886
f 9885 9886 9883
f 147 9888 8273
f 2480 9889 9888
f 2103 8273 9889
f 9888 9889 8273
f 625 9890 9892
f 2481 9891 9890
f 2480 9892 9891
f 9890 9891 9892
f 544 8278 9894
f 2103 9893 8278
f 2481 9894 9893
f 8278 9893 9894
f 2480 9891 9889
f 2481 9893 9891
f 2103 9889 9893
f 9891 9893 9889
f 82 4734 9896
f 1200 9895 4734
f 2483 9896 9895
f 4734 9895 9896
f 307 9897 4738
f 2482 9898 9897
f 1200 4738 9898
f 9897 9898 4738
f 625 9899 9901
f 2483 9900 9899
f 2482 9901 9900
f 9899 9900 9901
f 1200 9898 9895
f 2482 9900 9898
f 2483 9895 9900
f 9898 9900 9895
f 544 9894 9884
f 2481 9902 9894
f 2479 9884 9902
f 9894 9902 9884
f 625 9901 9890
f 2482 9903 9901
f 2481 9890 9903
f 9901 9903 9890
f 307 9887 9897
f 2479 9904 9887
f 2482 9897 9904
f 9887 9904 9897
f 2481 9903 9902
f 2482 9904 9903
f 2479 9902 9904
f 9903 9904 9902
f 42 9905 8311
f 2484 9906 9905
f 2113 8311 9906
f 9905 9906 8311
f 626 9907 9909
f 2485 9908 9907
f 2484 9909 9908
f 9907 9908 9909
f 547 8316 9911
f 2113 9910 8316
f 2485 9911 9910
f 8316 9910 9911
f 2484 9908 9906
f 2485 9910 9908
f 2113 9906 9910
f 9908 9910 9906
f 160 9912 9914
f 2486 9913 9912
f 2488 9914 9913
f 9912 9913 9914
f 627 9915 9917
f 2487 9916 9915
f 2486 9917 9916
f 9915 9916 9917
f 626 9918 9920
f 2488 9919 9918
f 2487 9920 9919
f 9918 9919 9920
f 2486 9916 9913
f 2487 9919 9916
f 2488 9913 9919
f 9916 9919 9913
f 147 8322 9922
f 2118 9921 8322
f 2490 9922 9921
f 8322 9921 9922
f 547 9923 8326
f 2489 9924 9923
f 2118 8326 9924
f 9923 9924 8326
f 627 9925 9927
f 2490 9926 9925
f 2489 9927 9926
f 9925 9926 9927
f 2118 9924 9921
f 2489 9926 9924
f 2490 9921 9926
f 9924 9926 9921
f 626 9920 9907
f 2487 9928 9920
f 2485 9907 9928
f 9920 9928 9907
f 627 9927 9915
f 2489 9929 9927
f 2487 9915 9929
f 9927 9929 9915
f 547 9911 9923
f 2485 9930 9911
f 2489 9923 9930
f 9911 9930 9923
f 2487 9929 9928
f 2489 9930 9929
f 2485 9928 9930
f 9929 9930 9928
f 24 4755 9932
f 1206 9931 4755
f 2492 9932 9931
f 4755 9931 9932
f 312 9933 4759
f 2491 9934 9933
f 1206 4759 9934
f 9933 9934 4759
f 629 9935 9937
f 2492 9936 9935
f 2491 9937 9936
f 9935 9936 9937
f 1206 9934 9931
f 2491 9936 9934
f 2492 9931 9936
f 9934 9936 9931
f 82 9938 4771
f 2493 9939 9938
f 1210 4771 9939
f 9938 9939 4771
f 628 9940 9942
f 2494 9941 9940
f 2493 9942 9941
f 9940 9941 9942
f 312 4776 9944
f 1210 9943 4776
f 2494 9944 9943
f 4776 9943 9944
f 2493 9941 9939
f 2494 9943 9941
f 1210 9939 9943
f 9941 9943 9939
f 160 9945 9947
f 2495 9946 9945
f 2497 9947 9946
f 9945 9946 9947
f 629 9948 9950
f 2496 9949 9948
f 2495 9950 9949
f 9948 9949 9950
f 628 9951 9953
f 2497 9952 9951
f 2496 9953 9952
f 9951 9952 9953
f 2495 9949 9946
f 2496 9952 9949
f 2497 9946 9952
f 9949 9952 9946
f 312 9944 9933
f 2494 9954 9944
f 2491 9933 9954
f 9944 9954 9933
f 628 9953 9940
f 2496 9955 9953
f 2494 9940 9955
f 9953 9955 9940
f 629 9937 9948
f 2491 9956 9937
f 2496 9948 9956
f 9937 9956 9948
f 2494 9955 9954
f 2496 9956 9955
f 2491 9954 9956
f 9955 9956 9954
f 147 9922 9888
f 2490 9957 9922
f 2480 9888 9957
f 9922 9957 9888
f 627 9958 9925
f 2498 9959 9958
f 2490 9925 9959
f 9958 9959 9925
f 625 9892 9961
f 2480 9960 9892
f 2498 9961 9960
f 9892 9960 9961
f 2490 9959 9957
f 2498 9960 9959
f 2480 9957 9960
f 9959 9960 9957
f 160 9947 9912
f 2497 9962 9947
f 2486 9912 9962
f 9947 9962 9912
f 628 9963 9951
f 2499 9964 9963
f 2497 9951 9964
f 9963 9964 9951
f 627 9917 9966
f 2486 9965 9917
f 2499 9966 9965
f 9917 9965 9966
f 2497 9964 9962
f 2499 9965 9964
f 2486 9962 9965
f 9964 9965 9962
f 82 9896 9938
f 2483 9967 9896
f 2493 9938 9967
f 9896 9967 9938
f 625 9968 9899
f 2500 9969 9968
f 2483 9899 9969
f 9968 9969 9899
f 628 9942 9971
f 2493 9970 9942
f 2500 9971 9970
f 9942 9970 9971
f 2483 9969 9967
f 2500 9970 9969
f 2493 9967 9970
f 9969 9970 9967
f 627 9966 9958
f 2499 9972 9966
f 2498 9958 9972
f 9966 9972 9958
f 628 9971 9963
f 2500 9973 9971
f 2499 9963 9973
f 9971 9973 9963
f 625 9961 9968
f 2498 9974 9961
f 2500 9968 9974
f 9961 9974 9968
f 2499 9973 9972
f 2500 9974 9973
f 2498 9972 9974
f 9973 9974 9972
f 9 6293 8159
f 1597 9975 6293
f 2073 8159 9975
f 6293 9975 8159
f 413 9976 6297
f 2501 9977 9976
f 1597 6297 9977
f 9976 9977 6297
f 536 8163 9979
f 2073 9978 8163
f 2501 9979 9978
f 8163 9978 9979
f 1597 9977 9975
f 2501 9978 9977
f 2073 9975 9978
f 9977 9978 9975
f 112 9980 6309
f 2502 9981 9980
f 1601 6309 9981
f 9980 9981 6309
f 630 9982 9984
f 2503 9983 9982
f 2502 9984 9983
f 9982 9983 9984
f 413 6314 9986
f 1601 9985 6314
f 2503 9986 9985
f 6314 9985 9986
f 2502 9983 9981
f 2503 9985 9983
f 1601 9981 9985
f 9983 9985 9981
f 144 8168 9988
f 2077 9987 8168
f 2505 9988 9987
f 8168 9987 9988
f 536 9989 8172
f 2504 9990 9989
f 2077 8172 9990
f 9989 9990 8172
f 630 9991 9993
f 2505 9992 9991
f 2504 9993 9992
f 9991 9992 9993
f 2077 9990 9987
f 2504 9992 9990
f 2505 9987 9992
f 9990 9992 9987
f 413 9986 9976
f 2503 9994 9986
f 2501 9976 9994
f 9986 9994 9976
f 630 9993 9982
f 2504 9995 9993
f 2503 9982 9995
f 9993 9995 9982
f 536 9979 9989
f 2501 9996 9979
f 2504 9989 9996
f 9979 9996 9989
f 2503 9995 9994
f 2504 9996 9995
f 2501 9994 9996
f 9995 9996 9994
f 31 9997 6351
f 2506 9998 9997
f 1613 6351 9998
f 9997 9998 6351
f 631 9999 10001
f 2507 10000 9999
f 2506 10001 10000
f 9999 10000 10001
f 417 6356 10003
f 1613 10002 6356
f 2507 10003 10002
f 6356 10002 10003
f 2506 10000 9998
f 2507 10002 10000
f 1613 9998 10002
f 10000 10002 9998
f 161 10004 10006
f 2508 10005 10004
f 2510 10006 10005
f 10004 10005 10006
f 632 10007 10009
f 2509 10008 10007
f 2508 10009 10008
f 10007 10008 10009
f 631 10010 10012
f 2510 10011 10010
f 2509 10012 10011
f 10010 10011 10012
f 2508 10008 10005
f 2509 10011 10008
f 2510 10005 10011
f 10008 10011 10005
f 112 6362 10014
f 1618 10013 6362
f 2512 10014 10013
f 6362 10013 10014
f 417 10015 6366
f 2511 10016 10015
f 1618 6366 10016
f 10015 10016 6366
f 632 10017 10019
f 2512 10018 10017
f 2511 10019 10018
f 10017 10018 10019
f 1618 10016 10013
f 2511 10018 10016
f 2512 10013 10018
f 10016 10018 10013
f 631 10012 9999
f 2509 10020 10012
f 2507 9999 10020
f 10012 10020 9999
f 632 10019 10007
f 2511 10021 10019
f 2509 10007 10021
f 10019 10021 10007
f 417 10003 10015
f 2507 10022 10003
f 2511 10015 10022
f 10003 10022 10015
f 2509 10021 10020
f 2511 10022 10021
f 2507 10020 10022
f 10021 10022 10020
f 42 8187 10024
f 2082 10023 8187
f 2514 10024 10023
f 8187 10023 10024
f 540 10025 8191
f 2513 10026 10025
f 2082 8191 10026
f 10025 10026 8191
f 634 10027 10029
f 2514 10028 10027
f 2513 10029 10028
f 10027 10028 10029
f 2082 10026 10023
f 2513 10028 10026
f 2514 10023 10028
f 10026 10028 10023
f 144 10030 8203
f 2515 10031 10030
f 2086 8203 10031
f 10030 10031 8203
f 633 10032 10034
f 2516 10033 10032
f 2515 10034 10033
f 10032 10033 10034
f 540 8208 10036
f 2086 10035 8208
f 2516 10036 10035
f 8208 10035 10036
f 2515 10033 10031
f 2516 10035 10033
f 2086 10031 10035
f 10033 10035 10031
f 161 10037 10039
f 2517 10038 10037
f 2519 10039 10038
f 10037 10038 10039
f 634 10040 10042
f 2518 10041 10040
f 2517 10042 10041
f 10040 10041 10042
f 633 10043 10045
f 2519 10044 10043
f 2518 10045 10044
f 10043 10044 10045
f 2517 10041 10038
f 2518 10044 10041
f 2519 10038 10044
f 10041 10044 10038
f 540 10036 10025
f 2516 10046 10036
f 2513 10025 10046
f 10036 10046 10025
f 633 10045 10032
f 2518 10047 10045
f 2516 10032 10047
f 10045 10047 10032
f 634 10029 10040
f 2513 10048 10029
f 2518 10040 10048
f 10029 10048 10040
f 2516 10047 10046
f 2518 10048 10047
f 2513 10046 10048
f 10047 10048 10046
f 112 10014 9980
f 2512 10049 10014
f 2502 9980 10049
f 10014 10049 9980
f 632 10050 10017
f 2520 10051 10050
f 2512 10017 10051
f 10050 10051 10017
f 630 9984 10053
f 2502 10052 9984
f 2520 10053 10052
f 9984 10052 10053
f 2512 10051 10049
f 2520 10052 10051
f 2502 10049 10052
f 10051 10052 10049
f 161 10039 10004
f 2519 10054 10039
f 2508 10004 10054
f 10039 10054 10004
f 633 10055 10043
f 2521 10056 10055
f 2519 10043 10056
f 10055 10056 10043
f 632 10009 10058
f 2508 10057 10009
f 2521 10058 10057
f 10009 10057 10058
f 2519 10056 10054
f 2521 10057 10056
f 2508 10054 10057
f 10056 10057 10054
f 144 9988 10030
f 2505 10059 9988
f 2515 10030 10059
f 9988 10059 10030
f 630 10060 9991
f 2522 10061 10060
f 2505 9991 10061
f 10060 10061 9991
f 633 10034 10063
f 2515 10062 10034
f 2522 10063 10062
f 10034 10062 10063
f 2505 10061 10059
f 2522 10062 10061
f 2515 10059 10062
f 10061 10062 10059
f 632 10058 10050
f 2521 10064 10058
f 2520 10050 10064
f 10058 10064 10050
f 633 10063 10055
f 2522 10065 10063
f 2521 10055 10065
f 10063 10065 10055
f 630 10053 10060
f 2520 10066 10053
f 2522 10060 10066
f 10053 10066 10060
f 2521 10065 10064
f 2522 10066 10065
f 2520 10064 10066
f 10065 10066 10064
f 2 4524 6191
f 1144 10067 4524
f 1569 6191 10067
f 4524 10067 6191
f 294 10068 4527
f 2523 10069 10068
f 1144 4527 10069
f 10068 10069 4527
f 404 6195 10071
f 1569 10070 6195
f 2523 10071 10070
f 6195 10070 10071
f 1144 10069 10067
f 2523 10070 10069
f 1569 10067 10070
f 10069 10070 10067
f 79 10072 4537
f 2524 10073 10072
f 1147 4537 10073
f 10072 10073 4537
f 635 10074 10076
f 2525 10075 10074
f 2524 10076 10075
f 10074 10075 10076
f 294 4542 10078
f 1147 10077 4542
f 2525 10078 10077
f 4542 10077 10078
f 2524 10075 10073
f 2525 10077 10075
f 1147 10073 10077
f 10075 10077 10073
f 108 6200 10080
f 1573 10079 6200
f 2527 10080 10079
f 6200 10079 10080
f 404 10081 6204
f 2526 10082 10081
f 1573 6204 10082
f 10081 10082 6204
f 635 10083 10085
f 2527 10084 10083
f 2526 10085 10084
f 10083 10084 10085
f 1573 10082 10079
f 2526 10084 10082
f 2527 10079 10084
f 10082 10084 10079
f 294 10078 10068
f 2525 10086 10078
f 2523 10068 10086
f 10078 10086 10068
f 635 10085 10074
f 2526 10087 10085
f 2525 10074 10087
f 10085 10087 10074
f 404 10071 10081
f 2523 10088 10071
f 2526 10081 10088
f 10071 10088 10081
f 2525 10087 10086
f 2526 10088 10087
f 2523 10086 10088
f 10087 10088 10086
f 24 10089 4575
f 2528 10090 10089
f 1157 4575 10090
f 10089 10090 4575
f 636 10091 10093
f 2529 10092 10091
f 2528 10093 10092
f 10091 10092 10093
f 297 4580 10095
f 1157 10094 4580
f 2529 10095 10094
f 4580 10094 10095
f 2528 10092 10090
f 2529 10094 10092
f 1157 10090 10094
f 10092 10094 10090
f 162 10096 10098
f 2530 10097 10096
f 2532 10098 10097
f 10096 10097 10098
f 637 10099 10101
f 2531 10100 10099
f 2530 10101 10100
f 10099 10100 10101
f 636 10102 10104
f 2532 10103 10102
f 2531 10104 10103
f 10102 10103 10104
f 2530 10100 10097
f 2531 10103 10100
f 2532 10097 10103
f 10100 10103 10097
f 79 4586 10106
f 1162 10105 4586
f 2534 10106 10105
f 4586 10105 10106
f 297 10107 4590
f 2533 10108 10107
f 1162 4590 10108
f 10107 10108 4590
f 637 10109 10111
f 2534 10110 10109
f 2533 10111 10110
f 10109 10110 10111
f 1162 10108 10105
f 2533 10110 10108
f 2534 10105 10110
f 10108 10110 10105
f 636 10104 10091
f 2531 10112 10104
f 2529 10091 10112
f 10104 10112 10091
f 637 10111 10099
f 2533 10113 10111
f 2531 10099 10113
f 10111 10113 10099
f 297 10095 10107
f 2529 10114 10095
f 2533 10107 10114
f 10095 10114 10107
f 2531 10113 10112
f 2533 10114 10113
f 2529 10112 10114
f 10113 10114 10112
f 31 6219 10116
f 1578 10115 6219
f 2536 10116 10115
f 6219 10115 10116
f 408 10117 6223
f 2535 10118 10117
f 1578 6223 10118
f 10117 10118 6223
f 639 10119 10121
f 2536 10120 10119
f 2535 10121 10120
f 10119 10120 10121
f 1578 10118 10115
f 2535 10120 10118
f 2536 10115 10120
f 10118 10120 10115
f 108 10122 6235
f 2537 10123 10122
f 1582 6235 10123
f 10122 10123 6235
f 638 10124 10126
f 2538 10125 10124
f 2537 10126 10125
f 10124 10125 10126
f 408 6240 10128
f 1582 10127 6240
f 2538 10128 10127
f 6240 10127 10128
f 2537 10125 10123
f 2538 10127 10125
f 1582 10123 10127
f 10125 10127 10123
f 162 10129 10131
f 2539 10130 10129
f 2541 10131 10130
f 10129 10130 10131
f 639 10132 10134
f 2540 10133 10132
f 2539 10134 10133
f 10132 10133 10134
f 638 10135 10137
f 2541 10136 10135
f 2540 10137 10136
f 10135 10136 10137
f 2539 10133 10130
f 2540 10136 10133
f 2541 10130 10136
f 10133 10136 10130
f 408 10128 10117
f 2538 10138 10128
f 2535 10117 10138
f 10128 10138 10117
f 638 10137 10124
f 2540 10139 10137
f 2538 10124 10139
f 10137 10139 10124
f 639 10121 10132
f 2535 10140 10121
f 2540 10132 10140
f 10121 10140 10132
f 2538 10139 10138
f 2540 10140 10139
f 2535 10138 10140
f 10139 10140 10138
f 79 10106 10072
f 2534 10141 10106
f 2524 10072 10141
f 10106 10141 10072
f 637 10142 10109
f 2542 10143 10142
f 2534 10109 10143
f 10142 10143 10109
f 635 10076 10145
f 2524 10144 10076
f 2542 10145 10144
f 10076 10144 10145
f 2534 10143 10141
f 2542 10144 10143
f 2524 10141 10144
f 10143 10144 10141
f 162 10131 10096
f 2541 10146 10131
f 2530 10096 10146
f 10131 10146 10096
f 638 10147 10135
f 2543 10148 10147
f 2541 10135 10148
f 10147 10148 10135
f 637 10101 10150
f 2530 10149 10101
f 2543 10150 10149
f 10101 10149 10150
f 2541 10148 10146
f 2543 10149 10148
f 2530 10146 10149
f 10148 10149 10146
f 108 10080 10122
f 2527 10151 10080
f 2537 10122 10151
f 10080 10151 10122
f 635 10152 10083
f 2544 10153 10152
f 2527 10083 10153
f 10152 10153 10083
f 638 10126 10155
f 2537 10154 10126
f 2544 10155 10154
f 10126 10154 10155
f 2527 10153 10151
f 2544 10154 10153
f 2537 10151 10154
f 10153 10154 10151
f 637 10150 10142
f 2543 10156 10150
f 2542 10142 10156
f 10150 10156 10142
f 638 10155 10147
f 2544 10157 10155
f 2543 10147 10157
f 10155 10157 10147
f 635 10145 10152
f 2542 10158 10145
f 2544 10152 10158
f 10145 10158 10152
f 2543 10157 10156
f 2544 10158 10157
f 2542 10156 10158
f 10157 10158 10156
f 42 10024 9905
f 2514 10159 10024
f 2484 9905 10159
f 10024 10159 9905
f 634 10160 10027
f 2545 10161 10160
f 2514 10027 10161
f 10160 10161 10027
f 626 9909 10163
f 2484 10162 9909
f 2545 10163 10162
f 9909 10162 10163
f 2514 10161 10159
f 2545 10162 10161
f 2484 10159 10162
f 10161 10162 10159
f 161 10164 10037
f 2546 10165 10164
f 2517 10037 10165
f 10164 10165 10037
f 640 10166 10168
f 2547 10167 10166
f 2546 10168 10167
f 10166 10167 10168
f 634 10042 10170
f 2517 10169 10042
f 2547 10170 10169
f 10042 10169 10170
f 2546 10167 10165
f 2547 10169 10167
f 2517 10165 10169
f 10167 10169 10165
f 160 9914 10172
f 2488 10171 9914
f 2549 10172 10171
f 9914 10171 10172
f 626 10173 9918
f 2548 10174 10173
f 2488 9918 10174
f 10173 10174 9918
f 640 10175 10177
f 2549 10176 10175
f 2548 10177 10176
f 10175 10176 10177
f 2488 10174 10171
f 2548 10176 10174
f 2549 10171 10176
f 10174 10176 10171
f 634 10170 10160
f 2547 10178 10170
f 2545 10160 10178
f 10170 10178 10160
f 640 10177 10166
f 2548 10179 10177
f 2547 10166 10179
f 10177 10179 10166
f 626 10163 10173
f 2545 10180 10163
f 2548 10173 10180
f 10163 10180 10173
f 2547 10179 10178
f 2548 10180 10179
f 2545 10178 10180
f 10179 10180 10178
f 31 10116 9997
f 2536 10181 10116
f 2506 9997 10181
f 10116 10181 9997
f 639 10182 10119
f 2550 10183 10182
f 2536 10119 10183
f 10182 10183 10119
f 631 10001 10185
f 2506 10184 10001
f 2550 10185 10184
f 10001 10184 10185
f 2536 10183 10181
f 2550 10184 10183
f 2506 10181 10184
f 10183 10184 10181
f 162 10186 10129
f 2551 10187 10186
f 2539 10129 10187
f 10186 10187 10129
f 641 10188 10190
f 2552 10189 10188
f 2551 10190 10189
f 10188 10189 10190
f 639 10134 10192
f 2539 10191 10134
f 2552 10192 10191
f 10134 10191 10192
f 2551 10189 10187
f 2552 10191 10189
f 2539 10187 10191
f 10189 10191 10187
f 161 10006 10194
f 2510 10193 10006
f 2554 10194 10193
f 10006 10193 10194
f 631 10195 10010
f 2553 10196 10195
f 2510 10010 10196
f 10195 10196 10010
f 641 10197 10199
f 2554 10198 10197
f 2553 10199 10198
f 10197 10198 10199
f 2510 10196 10193
f 2553 10198 10196
f 2554 10193 10198
f 10196 10198 10193
f 639 10192 10182
f 2552 10200 10192
f 2550 10182 10200
f 10192 10200 10182
f 641 10199 10188
f 2553 10201 10199
f 2552 10188 10201
f 10199 10201 10188
f 631 10185 10195
f 2550 10202 10185
f 2553 10195 10202
f 10185 10202 10195
f 2552 10201 10200
f 2553 10202 10201
f 2550 10200 10202
f 10201 10202 10200
f 24 9932 10089
f 2492 10203 9932
f 2528 10089 10203
f 9932 10203 10089
f 629 10204 9935
f 2555 10205 10204
f 2492 9935 10205
f 10204 10205 9935
f 636 10093 10207
f 2528 10206 10093
f 2555 10207 10206
f 10093 10206 10207
f 2492 10205 10203
f 2555 10206 10205
f 2528 10203 10206
f 10205 10206 10203
f 160 10208 9945
f 2556 10209 10208
f 2495 9945 10209
f 10208 10209 9945
f 642 10210 10212
f 2557 10211 10210
f 2556 10212 10211
f 10210 10211 10212
f 629 9950 10214
f 2495 10213 9950
f 2557 10214 10213
f 9950 10213 10214
f 2556 10211 10209
f 2557 10213 10211
f 2495 10209 10213
f 10211 10213 10209
f 162 10098 10216
f 2532 10215 10098
f 2559 10216 10215
f 10098 10215 10216
f 636 10217 10102
f 2558 10218 10217
f 2532 10102 10218
f 10217 10218 10102
f 642 10219 10221
f 2559 10220 10219
f 2558 10221 10220
f 10219 10220 10221
f 2532 10218 10215
f 2558 10220 10218
f 2559 10215 10220
f 10218 10220 10215
f 629 10214 10204
f 2557 10222 10214
f 2555 10204 10222
f 10214 10222 10204
f 642 10221 10210
f 2558 10223 10221
f 2557 10210 10223
f 10221 10223 10210
f 636 10207 10217
f 2555 10224 10207
f 2558 10217 10224
f 10207 10224 10217
f 2557 10223 10222
f 2558 10224 10223
f 2555 10222 10224
f 10223 10224 10222
f 161 10194 10164
f 2554 10225 10194
f 2546 10164 10225
f 10194 10225 10164
f 641 10226 10197
f 2560 10227 10226
f 2554 10197 10227
f 10226 10227 10197
f 640 10168 10229
f 2546 10228 10168
f 2560 10229 10228
f 10168 10228 10229
f 2554 10227 10225
f 2560 10228 10227
f 2546 10225 10228
f 10227 10228 10225
f 162 10216 10186
f 2559 10230 10216
f 2551 10186 10230
f 10216 10230 10186
f 642 10231 10219
f 2561 10232 10231
f 2559 10219 10232
f 10231 10232 10219
f 641 10190 10234
f 2551 10233 10190
f 2561 10234 10233
f 10190 10233 10234
f 2559 10232 10230
f 2561 10233 10232
f 2551 10230 10233
f 10232 10233 10230
f 160 10172 10208
f 2549 10235 10172
f 2556 10208 10235
f 10172 10235 10208
f 640 10236 10175
f 2562 10237 10236
f 2549 10175 10237
f 10236 10237 10175
f 642 10212 10239
f 2556 10238 10212
f 2562 10239 10238
f 10212 10238 10239
f 2549 10237 10235
f 2562 10238 10237
f 2556 10235 10238
f 10237 10238 10235
f 641 10234 10226
f 2561 10240 10234
f 2560 10226 10240
f 10234 10240 10226
f 642 10239 10231
f 2562 10241 10239
f 2561 10231 10241
f 10239 10241 10231
f 640 10229 10236
f 2560 10242 10229
f 2562 10236 10242
f 10229 10242 10236
f 2561 10241 10240
f 2562 10242 10241
f 2560 10240 10242
f 10241 10242 10240
