# Generated by the TriMeshRef class
# Number of vertices: 2588
# Number of faces: 5176
v -0.097224200000000011 0.10940749999999999 0.010759400000000009
v -0.097224200000000011 0.10940749999999999 0.016716600000000005
v -0.097224200000000011 0.10940749999999999 0.022673800000000001
v -0.097224200000000011 0.11536469999999999 0.0048021999999999995
v -0.097224200000000011 0.11536469999999999 0.010759400000000009
v -0.097224200000000011 0.11536469999999999 0.016716600000000005
v -0.097224200000000011 0.11536469999999999 0.022673800000000001
v -0.097224200000000011 0.11536469999999999 0.028631000000000011
v -0.097224200000000011 0.11536469999999999 0.034588200000000006
v -0.097224200000000011 0.11536469999999999 0.040545400000000002
v -0.097224200000000011 0.11536469999999999 0.046502600000000012
v -0.097224200000000011 0.1213219 0.0048021999999999995
v -0.097224200000000011 0.1213219 0.010759400000000009
v -0.097224200000000011 0.1213219 0.016716600000000005
v -0.097224200000000011 0.1213219 0.022673800000000001
v -0.097224200000000011 0.1213219 0.028631000000000011
v -0.097224200000000011 0.1213219 0.034588200000000006
v -0.097224200000000011 0.1213219 0.040545400000000002
v -0.097224200000000011 0.1213219 0.046502600000000012
v -0.097224200000000011 0.12727909999999998 0.0048021999999999995
v -0.097224200000000011 0.12727909999999998 0.010759400000000009
v -0.097224200000000011 0.12727909999999998 0.016716600000000005
v -0.097224200000000011 0.12727909999999998 0.022673800000000001
v -0.097224200000000011 0.12727909999999998 0.028631000000000011
v -0.097224200000000011 0.12727909999999998 0.034588200000000006
v -0.097224200000000011 0.12727909999999998 0.040545400000000002
v -0.097224200000000011 0.12727909999999998 0.046502600000000012
v -0.097224200000000011 0.13323629999999997 0.0048021999999999995
v -0.097224200000000011 0.13323629999999997 0.010759400000000009
v -0.097224200000000011 0.13323629999999997 0.016716600000000005
v -0.097224200000000011 0.13323629999999997 0.022673800000000001
v -0.097224200000000011 0.13323629999999997 0.028631000000000011
v -0.097224200000000011 0.13323629999999997 0.034588200000000006
v -0.097224200000000011 0.13323629999999997 0.040545400000000002
v -0.097224200000000011 0.1391935 0.010759400000000009
v -0.097224200000000011 0.1391935 0.016716600000000005
v -0.097224200000000011 0.1391935 0.022673800000000001
v -0.097224200000000011 0.1391935 0.028631000000000011
v -0.097224200000000011 0.14515069999999999 0.016716600000000005
v -0.097224200000000011 0.14515069999999999 0.022673800000000001
v -0.097224200000000011 0.15110789999999999 0.016716600000000005
v -0.097224200000000011 0.15110789999999999 0.022673800000000001
v -0.091267000000000015 0.073664299999999988 0.010759400000000009
v -0.091267000000000015 0.073664299999999988 0.016716600000000005
v -0.091267000000000015 0.079621499999999984 -0.0011549999999999963
v -0.091267000000000015 0.079621499999999984 0.0048021999999999995
v -0.091267000000000015 0.079621499999999984 0.010759400000000009
v -0.091267000000000015 0.079621499999999984 0.016716600000000005
v -0.091267000000000015 0.079621499999999984 0.022673800000000001
v -0.091267000000000015 0.079621499999999984 0.028631000000000011
v -0.091267000000000015 0.085578699999999994 -0.0071121999999999921
v -0.091267000000000015 0.085578699999999994 -0.0011549999999999963
v -0.091267000000000015 0.085578699999999994 0.0048021999999999995
v -0.091267000000000015 0.085578699999999994 0.010759400000000009
v -0.091267000000000015 0.085578699999999994 0.016716600000000005
v -0.091267000000000015 0.085578699999999994 0.022673800000000001
v -0.091267000000000015 0.085578699999999994 0.028631000000000011
v -0.091267000000000015 0.091535899999999989 -0.0071121999999999921
v -0.091267000000000015 0.091535899999999989 -0.0011549999999999963
v -0.091267000000000015 0.091535899999999989 0.0048021999999999995
v -0.091267000000000015 0.091535899999999989 0.010759400000000009
v -0.091267000000000015 0.091535899999999989 0.016716600000000005
v -0.091267000000000015 0.091535899999999989 0.022673800000000001
v -0.091267000000000015 0.091535899999999989 0.028631000000000011
v -0.091267000000000015 0.097493099999999985 -0.0071121999999999921
v -0.091267000000000015 0.097493099999999985 -0.0011549999999999963
v -0.091267000000000015 0.097493099999999985 0.0048021999999999995
v -0.091267000000000015 0.097493099999999985 0.010759400000000009
v -0.091267000000000015 0.097493099999999985 0.016716600000000005
v -0.091267000000000015 0.097493099999999985 0.022673800000000001
v -0.091267000000000015 0.097493099999999985 0.028631000000000011
v -0.091267000000000015 0.1034503 -0.0011549999999999963
v -0.091267000000000015 0.1034503 0.0048021999999999995
v -0.091267000000000015 0.1034503 0.010759400000000009
v -0.091267000000000015 0.1034503 0.016716600000000005
v -0.091267000000000015 0.1034503 0.022673800000000001
v -0.091267000000000015 0.1034503 0.028631000000000011
v -0.091267000000000015 0.10940749999999999 -0.0011549999999999963
v -0.091267000000000015 0.10940749999999999 0.0048021999999999995
v -0.091267000000000015 0.10940749999999999 0.010759400000000009
v -0.091267000000000015 0.10940749999999999 0.016716600000000005
v -0.091267000000000015 0.10940749999999999 0.022673800000000001
v -0.091267000000000015 0.10940749999999999 0.028631000000000011
v -0.091267000000000015 0.10940749999999999 0.034588200000000006
v -0.091267000000000015 0.10940749999999999 0.040545400000000002
v -0.091267000000000015 0.10940749999999999 0.046502600000000012
v -0.091267000000000015 0.10940749999999999 0.052459800000000008
v -0.091267000000000015 0.11536469999999999 -0.0071121999999999921
v -0.091267000000000015 0.11536469999999999 -0.0011549999999999963
v -0.091267000000000015 0.11536469999999999 0.0048021999999999995
v -0.091267000000000015 0.11536469999999999 0.010759400000000009
v -0.091267000000000015 0.11536469999999999 0.022673800000000001
v -0.091267000000000015 0.11536469999999999 0.028631000000000011
v -0.091267000000000015 0.11536469999999999 0.034588200000000006
v -0.091267000000000015 0.11536469999999999 0.040545400000000002
v -0.091267000000000015 0.11536469999999999 0.046502600000000012
v -0.091267000000000015 0.11536469999999999 0.052459800000000008
v -0.091267000000000015 0.1213219 -0.0071121999999999921
v -0.091267000000000015 0.1213219 -0.0011549999999999963
v -0.091267000000000015 0.1213219 0.0048021999999999995
v -0.091267000000000015 0.1213219 0.046502600000000012
v -0.091267000000000015 0.1213219 0.052459800000000008
v -0.091267000000000015 0.12727909999999998 -0.0071121999999999921
v -0.091267000000000015 0.12727909999999998 -0.0011549999999999963
v -0.091267000000000015 0.12727909999999998 0.0048021999999999995
v -0.091267000000000015 0.12727909999999998 0.040545400000000002
v -0.091267000000000015 0.12727909999999998 0.046502600000000012
v -0.091267000000000015 0.12727909999999998 0.052459800000000008
v -0.091267000000000015 0.13323629999999997 -0.0071121999999999921
v -0.091267000000000015 0.13323629999999997 -0.0011549999999999963
v -0.091267000000000015 0.13323629999999997 0.0048021999999999995
v -0.091267000000000015 0.13323629999999997 0.010759400000000009
v -0.091267000000000015 0.13323629999999997 0.028631000000000011
v -0.091267000000000015 0.13323629999999997 0.034588200000000006
v -0.091267000000000015 0.13323629999999997 0.040545400000000002
v -0.091267000000000015 0.13323629999999997 0.046502600000000012
v -0.091267000000000015 0.13323629999999997 0.052459800000000008
v -0.091267000000000015 0.1391935 -0.0011549999999999963
v -0.091267000000000015 0.1391935 0.0048021999999999995
v -0.091267000000000015 0.1391935 0.010759400000000009
v -0.091267000000000015 0.1391935 0.016716600000000005
v -0.091267000000000015 0.1391935 0.022673800000000001
v -0.091267000000000015 0.1391935 0.028631000000000011
v -0.091267000000000015 0.1391935 0.034588200000000006
v -0.091267000000000015 0.1391935 0.040545400000000002
v -0.091267000000000015 0.1391935 0.046502600000000012
v -0.091267000000000015 0.1391935 0.052459800000000008
v -0.091267000000000015 0.14515069999999999 -0.0011549999999999963
v -0.091267000000000015 0.14515069999999999 0.0048021999999999995
v -0.091267000000000015 0.14515069999999999 0.010759400000000009
v -0.091267000000000015 0.14515069999999999 0.016716600000000005
v -0.091267000000000015 0.14515069999999999 0.022673800000000001
v -0.091267000000000015 0.14515069999999999 0.028631000000000011
v -0.091267000000000015 0.14515069999999999 0.034588200000000006
v -0.091267000000000015 0.14515069999999999 0.040545400000000002
v -0.091267000000000015 0.14515069999999999 0.046502600000000012
v -0.091267000000000015 0.15110789999999999 0.0048021999999999995
v -0.091267000000000015 0.15110789999999999 0.010759400000000009
v -0.091267000000000015 0.15110789999999999 0.016716600000000005
v -0.091267000000000015 0.15110789999999999 0.022673800000000001
v -0.091267000000000015 0.15110789999999999 0.028631000000000011
v -0.091267000000000015 0.15110789999999999 0.034588200000000006
v -0.091267000000000015 0.15110789999999999 0.040545400000000002
v -0.091267000000000015 0.15706509999999999 0.0048021999999999995
v -0.091267000000000015 0.15706509999999999 0.010759400000000009
v -0.091267000000000015 0.15706509999999999 0.016716600000000005
v -0.091267000000000015 0.15706509999999999 0.022673800000000001
v -0.091267000000000015 0.15706509999999999 0.028631000000000011
v -0.085309800000000005 0.067707099999999992 -0.0011549999999999963
v -0.085309800000000005 0.067707099999999992 0.0048021999999999995
v -0.085309800000000005 0.067707099999999992 0.010759400000000009
v -0.085309800000000005 0.067707099999999992 0.016716600000000005
v -0.085309800000000005 0.067707099999999992 0.022673800000000001
v -0.085309800000000005 0.067707099999999992 0.028631000000000011
v -0.085309800000000005 0.073664299999999988 -0.0071121999999999921
v -0.085309800000000005 0.073664299999999988 -0.0011549999999999963
v -0.085309800000000005 0.073664299999999988 0.0048021999999999995
v -0.085309800000000005 0.073664299999999988 0.010759400000000009
v -0.085309800000000005 0.073664299999999988 0.016716600000000005
v -0.085309800000000005 0.073664299999999988 0.022673800000000001
v -0.085309800000000005 0.073664299999999988 0.028631000000000011
v -0.085309800000000005 0.073664299999999988 0.034588200000000006
v -0.085309800000000005 0.079621499999999984 -0.013069399999999995
v -0.085309800000000005 0.079621499999999984 -0.0071121999999999921
v -0.085309800000000005 0.079621499999999984 -0.0011549999999999963
v -0.085309800000000005 0.079621499999999984 0.0048021999999999995
v -0.085309800000000005 0.079621499999999984 0.010759400000000009
v -0.085309800000000005 0.079621499999999984 0.016716600000000005
v -0.085309800000000005 0.079621499999999984 0.022673800000000001
v -0.085309800000000005 0.079621499999999984 0.028631000000000011
v -0.085309800000000005 0.079621499999999984 0.034588200000000006
v -0.085309800000000005 0.079621499999999984 0.040545400000000002
v -0.085309800000000005 0.085578699999999994 -0.013069399999999995
v -0.085309800000000005 0.085578699999999994 -0.0071121999999999921
v -0.085309800000000005 0.085578699999999994 -0.0011549999999999963
v -0.085309800000000005 0.085578699999999994 0.028631000000000011
v -0.085309800000000005 0.085578699999999994 0.034588200000000006
v -0.085309800000000005 0.085578699999999994 0.040545400000000002
v -0.085309800000000005 0.091535899999999989 -0.013069399999999995
v -0.085309800000000005 0.091535899999999989 -0.0071121999999999921
v -0.085309800000000005 0.091535899999999989 0.028631000000000011
v -0.085309800000000005 0.091535899999999989 0.034588200000000006
v -0.085309800000000005 0.091535899999999989 0.040545400000000002
v -0.085309800000000005 0.097493099999999985 -0.013069399999999995
v -0.085309800000000005 0.097493099999999985 -0.0071121999999999921
v -0.085309800000000005 0.097493099999999985 -0.0011549999999999963
v -0.085309800000000005 0.097493099999999985 0.028631000000000011
v -0.085309800000000005 0.097493099999999985 0.034588200000000006
v -0.085309800000000005 0.097493099999999985 0.040545400000000002
v -0.085309800000000005 0.1034503 -0.013069399999999995
v -0.085309800000000005 0.1034503 -0.0071121999999999921
v -0.085309800000000005 0.1034503 -0.0011549999999999963
v -0.085309800000000005 0.1034503 0.028631000000000011
v -0.085309800000000005 0.1034503 0.034588200000000006
v -0.085309800000000005 0.1034503 0.040545400000000002
v -0.085309800000000005 0.10940749999999999 -0.0071121999999999921
v -0.085309800000000005 0.10940749999999999 -0.0011549999999999963
v -0.085309800000000005 0.10940749999999999 0.028631000000000011
v -0.085309800000000005 0.10940749999999999 0.034588200000000006
v -0.085309800000000005 0.10940749999999999 0.040545400000000002
v -0.085309800000000005 0.10940749999999999 0.046502600000000012
v -0.085309800000000005 0.10940749999999999 0.052459800000000008
v -0.085309800000000005 0.11536469999999999 -0.0071121999999999921
v -0.085309800000000005 0.11536469999999999 -0.0011549999999999963
v -0.085309800000000005 0.11536469999999999 0.052459800000000008
v -0.085309800000000005 0.1213219 -0.0071121999999999921
v -0.085309800000000005 0.1213219 0.052459800000000008
v -0.085309800000000005 0.12727909999999998 -0.0071121999999999921
v -0.085309800000000005 0.12727909999999998 0.052459800000000008
v -0.085309800000000005 0.12727909999999998 0.058417000000000004
v -0.085309800000000005 0.13323629999999997 -0.0071121999999999921
v -0.085309800000000005 0.13323629999999997 -0.0011549999999999963
v -0.085309800000000005 0.13323629999999997 0.052459800000000008
v -0.085309800000000005 0.13323629999999997 0.058417000000000004
v -0.085309800000000005 0.1391935 -0.0071121999999999921
v -0.085309800000000005 0.1391935 -0.0011549999999999963
v -0.085309800000000005 0.1391935 0.046502600000000012
v -0.085309800000000005 0.1391935 0.052459800000000008
v -0.085309800000000005 0.14515069999999999 -0.0071121999999999921
v -0.085309800000000005 0.14515069999999999 -0.0011549999999999963
v -0.085309800000000005 0.14515069999999999 0.0048021999999999995
v -0.085309800000000005 0.14515069999999999 0.040545400000000002
v -0.085309800000000005 0.14515069999999999 0.046502600000000012
v -0.085309800000000005 0.14515069999999999 0.052459800000000008
v -0.085309800000000005 0.15110789999999999 -0.0071121999999999921
v -0.085309800000000005 0.15110789999999999 -0.0011549999999999963
v -0.085309800000000005 0.15110789999999999 0.0048021999999999995
v -0.085309800000000005 0.15110789999999999 0.028631000000000011
v -0.085309800000000005 0.15110789999999999 0.034588200000000006
v -0.085309800000000005 0.15110789999999999 0.040545400000000002
v -0.085309800000000005 0.15110789999999999 0.046502600000000012
v -0.085309800000000005 0.15706509999999999 -0.0011549999999999963
v -0.085309800000000005 0.15706509999999999 0.0048021999999999995
v -0.085309800000000005 0.15706509999999999 0.010759400000000009
v -0.085309800000000005 0.15706509999999999 0.016716600000000005
v -0.085309800000000005 0.15706509999999999 0.022673800000000001
v -0.085309800000000005 0.15706509999999999 0.028631000000000011
v -0.085309800000000005 0.15706509999999999 0.034588200000000006
v -0.079352600000000009 0.06174989999999999 -0.0011549999999999963
v -0.079352600000000009 0.06174989999999999 0.0048021999999999995
v -0.079352600000000009 0.06174989999999999 0.010759400000000009
v -0.079352600000000009 0.06174989999999999 0.016716600000000005
v -0.079352600000000009 0.06174989999999999 0.022673800000000001
v -0.079352600000000009 0.06174989999999999 0.028631000000000011
v -0.079352600000000009 0.067707099999999992 -0.013069399999999995
v -0.079352600000000009 0.067707099999999992 -0.0071121999999999921
v -0.079352600000000009 0.067707099999999992 -0.0011549999999999963
v -0.079352600000000009 0.067707099999999992 0.0048021999999999995
v -0.079352600000000009 0.067707099999999992 0.010759400000000009
v -0.079352600000000009 0.067707099999999992 0.016716600000000005
v -0.079352600000000009 0.067707099999999992 0.022673800000000001
v -0.079352600000000009 0.067707099999999992 0.028631000000000011
v -0.079352600000000009 0.067707099999999992 0.034588200000000006
v -0.079352600000000009 0.073664299999999988 -0.013069399999999995
v -0.079352600000000009 0.073664299999999988 -0.0071121999999999921
v -0.079352600000000009 0.073664299999999988 -0.0011549999999999963
v -0.079352600000000009 0.073664299999999988 0.028631000000000011
v -0.079352600000000009 0.073664299999999988 0.034588200000000006
v -0.079352600000000009 0.073664299999999988 0.040545400000000002
v -0.079352600000000009 0.079621499999999984 -0.019026599999999998
v -0.079352600000000009 0.079621499999999984 -0.013069399999999995
v -0.079352600000000009 0.079621499999999984 -0.0071121999999999921
v -0.079352600000000009 0.079621499999999984 0.034588200000000006
v -0.079352600000000009 0.079621499999999984 0.040545400000000002
v -0.079352600000000009 0.085578699999999994 -0.019026599999999998
v -0.079352600000000009 0.085578699999999994 -0.013069399999999995
v -0.079352600000000009 0.085578699999999994 0.040545400000000002
v -0.079352600000000009 0.091535899999999989 -0.019026599999999998
v -0.079352600000000009 0.091535899999999989 -0.013069399999999995
v -0.079352600000000009 0.091535899999999989 0.040545400000000002
v -0.079352600000000009 0.097493099999999985 -0.019026599999999998
v -0.079352600000000009 0.097493099999999985 -0.013069399999999995
v -0.079352600000000009 0.097493099999999985 0.034588200000000006
v -0.079352600000000009 0.097493099999999985 0.040545400000000002
v -0.079352600000000009 0.1034503 -0.019026599999999998
v -0.079352600000000009 0.1034503 -0.013069399999999995
v -0.079352600000000009 0.1034503 -0.0071121999999999921
v -0.079352600000000009 0.1034503 0.034588200000000006
v -0.079352600000000009 0.1034503 0.040545400000000002
v -0.079352600000000009 0.1034503 0.046502600000000012
v -0.079352600000000009 0.10940749999999999 -0.013069399999999995
v -0.079352600000000009 0.10940749999999999 -0.0071121999999999921
v -0.079352600000000009 0.10940749999999999 0.040545400000000002
v -0.079352600000000009 0.10940749999999999 0.046502600000000012
v -0.079352600000000009 0.10940749999999999 0.052459800000000008
v -0.079352600000000009 0.11536469999999999 -0.013069399999999995
v -0.079352600000000009 0.11536469999999999 -0.0071121999999999921
v -0.079352600000000009 0.11536469999999999 0.052459800000000008
v -0.079352600000000009 0.11536469999999999 0.058417000000000004
v -0.079352600000000009 0.1213219 -0.013069399999999995
v -0.079352600000000009 0.1213219 -0.0071121999999999921
v -0.079352600000000009 0.1213219 0.052459800000000008
v -0.079352600000000009 0.1213219 0.058417000000000004
v -0.079352600000000009 0.12727909999999998 -0.013069399999999995
v -0.079352600000000009 0.12727909999999998 -0.0071121999999999921
v -0.079352600000000009 0.12727909999999998 0.052459800000000008
v -0.079352600000000009 0.12727909999999998 0.058417000000000004
v -0.079352600000000009 0.13323629999999997 -0.013069399999999995
v -0.079352600000000009 0.13323629999999997 -0.0071121999999999921
v -0.079352600000000009 0.13323629999999997 0.052459800000000008
v -0.079352600000000009 0.13323629999999997 0.058417000000000004
v -0.079352600000000009 0.1391935 -0.013069399999999995
v -0.079352600000000009 0.1391935 -0.0071121999999999921
v -0.079352600000000009 0.1391935 0.052459800000000008
v -0.079352600000000009 0.14515069999999999 -0.036898199999999992
v -0.079352600000000009 0.14515069999999999 -0.030940999999999996
v -0.079352600000000009 0.14515069999999999 -0.024983799999999994
v -0.079352600000000009 0.14515069999999999 -0.019026599999999998
v -0.079352600000000009 0.14515069999999999 -0.013069399999999995
v -0.079352600000000009 0.14515069999999999 -0.0071121999999999921
v -0.079352600000000009 0.14515069999999999 0.046502600000000012
v -0.079352600000000009 0.14515069999999999 0.052459800000000008
v -0.079352600000000009 0.15110789999999999 -0.036898199999999992
v -0.079352600000000009 0.15110789999999999 -0.030940999999999996
v -0.079352600000000009 0.15110789999999999 -0.024983799999999994
v -0.079352600000000009 0.15110789999999999 -0.019026599999999998
v -0.079352600000000009 0.15110789999999999 -0.013069399999999995
v -0.079352600000000009 0.15110789999999999 -0.0071121999999999921
v -0.079352600000000009 0.15110789999999999 -0.0011549999999999963
v -0.079352600000000009 0.15110789999999999 0.034588200000000006
v -0.079352600000000009 0.15110789999999999 0.040545400000000002
v -0.079352600000000009 0.15110789999999999 0.046502600000000012
v -0.079352600000000009 0.15706509999999999 -0.042855399999999995
v -0.079352600000000009 0.15706509999999999 -0.036898199999999992
v -0.079352600000000009 0.15706509999999999 -0.030940999999999996
v -0.079352600000000009 0.15706509999999999 -0.024983799999999994
v -0.079352600000000009 0.15706509999999999 -0.019026599999999998
v -0.079352600000000009 0.15706509999999999 -0.013069399999999995
v -0.079352600000000009 0.15706509999999999 -0.0071121999999999921
v -0.079352600000000009 0.15706509999999999 -0.0011549999999999963
v -0.079352600000000009 0.15706509999999999 0.0048021999999999995
v -0.079352600000000009 0.15706509999999999 0.010759400000000009
v -0.079352600000000009 0.15706509999999999 0.016716600000000005
v -0.079352600000000009 0.15706509999999999 0.022673800000000001
v -0.079352600000000009 0.15706509999999999 0.028631000000000011
v -0.079352600000000009 0.15706509999999999 0.034588200000000006
v -0.079352600000000009 0.15706509999999999 0.040545400000000002
v -0.079352600000000009 0.16302229999999998 -0.048812599999999998
v -0.079352600000000009 0.16302229999999998 -0.042855399999999995
v -0.079352600000000009 0.16302229999999998 -0.036898199999999992
v -0.079352600000000009 0.16302229999999998 -0.030940999999999996
v -0.079352600000000009 0.16302229999999998 -0.024983799999999994
v -0.079352600000000009 0.16302229999999998 -0.019026599999999998
v -0.079352600000000009 0.16302229999999998 -0.013069399999999995
v -0.079352600000000009 0.16302229999999998 -0.0071121999999999921
v -0.079352600000000009 0.16302229999999998 -0.0011549999999999963
v -0.079352600000000009 0.1689795 -0.054769799999999993
v -0.079352600000000009 0.1689795 -0.048812599999999998
v -0.079352600000000009 0.1689795 -0.042855399999999995
v -0.079352600000000009 0.1689795 -0.036898199999999992
v -0.079352600000000009 0.1689795 -0.030940999999999996
v -0.079352600000000009 0.1689795 -0.024983799999999994
v -0.079352600000000009 0.1689795 -0.019026599999999998
v -0.079352600000000009 0.1689795 -0.013069399999999995
v -0.079352600000000009 0.1749367 -0.054769799999999993
v -0.079352600000000009 0.1749367 -0.048812599999999998
v -0.079352600000000009 0.1749367 -0.042855399999999995
v -0.079352600000000009 0.1749367 -0.036898199999999992
v -0.079352600000000009 0.1749367 -0.030940999999999996
v -0.079352600000000009 0.1749367 -0.024983799999999994
v -0.079352600000000009 0.1808939 -0.054769799999999993
v -0.079352600000000009 0.1808939 -0.048812599999999998
v -0.079352600000000009 0.1808939 -0.042855399999999995
v -0.079352600000000009 0.1808939 -0.036898199999999992
v -0.073395400000000013 0.03196389999999999 -0.0071121999999999921
v -0.073395400000000013 0.03196389999999999 -0.0011549999999999963
v -0.073395400000000013 0.03196389999999999 0.0048021999999999995
v -0.073395400000000013 0.03196389999999999 0.010759400000000009
v -0.073395400000000013 0.03196389999999999 0.016716600000000005
v -0.073395400000000013 0.037921099999999992 -0.0071121999999999921
v -0.073395400000000013 0.037921099999999992 -0.0011549999999999963
v -0.073395400000000013 0.037921099999999992 0.0048021999999999995
v -0.073395400000000013 0.037921099999999992 0.010759400000000009
v -0.073395400000000013 0.037921099999999992 0.016716600000000005
v -0.073395400000000013 0.043878299999999988 -0.0071121999999999921
v -0.073395400000000013 0.043878299999999988 -0.0011549999999999963
v -0.073395400000000013 0.043878299999999988 0.0048021999999999995
v -0.073395400000000013 0.043878299999999988 0.010759400000000009
v -0.073395400000000013 0.043878299999999988 0.016716600000000005
v -0.073395400000000013 0.055792699999999987 0.0048021999999999995
v -0.073395400000000013 0.055792699999999987 0.010759400000000009
v -0.073395400000000013 0.055792699999999987 0.016716600000000005
v -0.073395400000000013 0.055792699999999987 0.022673800000000001
v -0.073395400000000013 0.06174989999999999 -0.0071121999999999921
v -0.073395400000000013 0.06174989999999999 -0.0011549999999999963
v -0.073395400000000013 0.06174989999999999 0.0048021999999999995
v -0.073395400000000013 0.06174989999999999 0.010759400000000009
v -0.073395400000000013 0.06174989999999999 0.016716600000000005
v -0.073395400000000013 0.06174989999999999 0.022673800000000001
v -0.073395400000000013 0.06174989999999999 0.028631000000000011
v -0.073395400000000013 0.06174989999999999 0.034588200000000006
v -0.073395400000000013 0.067707099999999992 -0.019026599999999998
v -0.073395400000000013 0.067707099999999992 -0.013069399999999995
v -0.073395400000000013 0.067707099999999992 -0.0071121999999999921
v -0.073395400000000013 0.067707099999999992 -0.0011549999999999963
v -0.073395400000000013 0.067707099999999992 0.028631000000000011
v -0.073395400000000013 0.067707099999999992 0.034588200000000006
v -0.073395400000000013 0.067707099999999992 0.040545400000000002
v -0.073395400000000013 0.073664299999999988 -0.019026599999999998
v -0.073395400000000013 0.073664299999999988 -0.013069399999999995
v -0.073395400000000013 0.073664299999999988 0.034588200000000006
v -0.073395400000000013 0.073664299999999988 0.040545400000000002
v -0.073395400000000013 0.073664299999999988 0.046502600000000012
v -0.073395400000000013 0.079621499999999984 -0.019026599999999998
v -0.073395400000000013 0.079621499999999984 -0.013069399999999995
v -0.073395400000000013 0.079621499999999984 0.040545400000000002
v -0.073395400000000013 0.079621499999999984 0.046502600000000012
v -0.073395400000000013 0.085578699999999994 -0.019026599999999998
v -0.073395400000000013 0.085578699999999994 0.040545400000000002
v -0.073395400000000013 0.085578699999999994 0.046502600000000012
v -0.073395400000000013 0.091535899999999989 -0.019026599999999998
v -0.073395400000000013 0.091535899999999989 0.040545400000000002
v -0.073395400000000013 0.091535899999999989 0.046502600000000012
v -0.073395400000000013 0.097493099999999985 -0.019026599999999998
v -0.073395400000000013 0.097493099999999985 0.040545400000000002
v -0.073395400000000013 0.097493099999999985 0.046502600000000012
v -0.073395400000000013 0.1034503 -0.019026599999999998
v -0.073395400000000013 0.1034503 -0.013069399999999995
v -0.073395400000000013 0.1034503 0.040545400000000002
v -0.073395400000000013 0.1034503 0.046502600000000012
v -0.073395400000000013 0.10940749999999999 -0.019026599999999998
v -0.073395400000000013 0.10940749999999999 -0.013069399999999995
v -0.073395400000000013 0.10940749999999999 0.040545400000000002
v -0.073395400000000013 0.10940749999999999 0.046502600000000012
v -0.073395400000000013 0.10940749999999999 0.052459800000000008
v -0.073395400000000013 0.11536469999999999 -0.013069399999999995
v -0.073395400000000013 0.11536469999999999 0.052459800000000008
v -0.073395400000000013 0.11536469999999999 0.058417000000000004
v -0.073395400000000013 0.1213219 -0.013069399999999995
v -0.073395400000000013 0.1213219 0.058417000000000004
v -0.073395400000000013 0.12727909999999998 -0.013069399999999995
v -0.073395400000000013 0.12727909999999998 0.052459800000000008
v -0.073395400000000013 0.12727909999999998 0.058417000000000004
v -0.073395400000000013 0.13323629999999997 -0.013069399999999995
v -0.073395400000000013 0.13323629999999997 0.052459800000000008
v -0.073395400000000013 0.13323629999999997 0.058417000000000004
v -0.073395400000000013 0.1391935 -0.019026599999999998
v -0.073395400000000013 0.1391935 -0.013069399999999995
v -0.073395400000000013 0.1391935 0.052459800000000008
v -0.073395400000000013 0.14515069999999999 -0.042855399999999995
v -0.073395400000000013 0.14515069999999999 -0.036898199999999992
v -0.073395400000000013 0.14515069999999999 -0.030940999999999996
v -0.073395400000000013 0.14515069999999999 -0.024983799999999994
v -0.073395400000000013 0.14515069999999999 -0.019026599999999998
v -0.073395400000000013 0.14515069999999999 -0.013069399999999995
v -0.073395400000000013 0.14515069999999999 0.046502600000000012
v -0.073395400000000013 0.14515069999999999 0.052459800000000008
v -0.073395400000000013 0.15110789999999999 -0.054769799999999993
v -0.073395400000000013 0.15110789999999999 -0.048812599999999998
v -0.073395400000000013 0.15110789999999999 -0.042855399999999995
v -0.073395400000000013 0.15110789999999999 -0.036898199999999992
v -0.073395400000000013 0.15110789999999999 0.040545400000000002
v -0.073395400000000013 0.15110789999999999 0.046502600000000012
v -0.073395400000000013 0.15706509999999999 -0.060726999999999996
v -0.073395400000000013 0.15706509999999999 -0.054769799999999993
v -0.073395400000000013 0.15706509999999999 -0.048812599999999998
v -0.073395400000000013 0.15706509999999999 -0.042855399999999995
v -0.073395400000000013 0.15706509999999999 -0.036898199999999992
v -0.073395400000000013 0.15706509999999999 -0.0011549999999999963
v -0.073395400000000013 0.15706509999999999 0.0048021999999999995
v -0.073395400000000013 0.15706509999999999 0.010759400000000009
v -0.073395400000000013 0.15706509999999999 0.016716600000000005
v -0.073395400000000013 0.15706509999999999 0.022673800000000001
v -0.073395400000000013 0.15706509999999999 0.028631000000000011
v -0.073395400000000013 0.15706509999999999 0.034588200000000006
v -0.073395400000000013 0.15706509999999999 0.040545400000000002
v -0.073395400000000013 0.16302229999999998 -0.060726999999999996
v -0.073395400000000013 0.16302229999999998 -0.054769799999999993
v -0.073395400000000013 0.16302229999999998 -0.048812599999999998
v -0.073395400000000013 0.16302229999999998 -0.042855399999999995
v -0.073395400000000013 0.16302229999999998 -0.013069399999999995
v -0.073395400000000013 0.16302229999999998 -0.0071121999999999921
v -0.073395400000000013 0.16302229999999998 -0.0011549999999999963
v -0.073395400000000013 0.1689795 -0.060726999999999996
v -0.073395400000000013 0.1689795 -0.054769799999999993
v -0.073395400000000013 0.1689795 -0.048812599999999998
v -0.073395400000000013 0.1689795 -0.024983799999999994
v -0.073395400000000013 0.1689795 -0.019026599999999998
v -0.073395400000000013 0.1689795 -0.013069399999999995
v -0.073395400000000013 0.1749367 -0.060726999999999996
v -0.073395400000000013 0.1749367 -0.054769799999999993
v -0.073395400000000013 0.1749367 -0.036898199999999992
v -0.073395400000000013 0.1749367 -0.030940999999999996
v -0.073395400000000013 0.1749367 -0.024983799999999994
v -0.073395400000000013 0.1808939 -0.060726999999999996
v -0.073395400000000013 0.1808939 -0.054769799999999993
v -0.073395400000000013 0.1808939 -0.048812599999999998
v -0.073395400000000013 0.1808939 -0.042855399999999995
v -0.073395400000000013 0.1808939 -0.036898199999999992
v -0.067438200000000004 0.03196389999999999 -0.013069399999999995
v -0.067438200000000004 0.03196389999999999 -0.0071121999999999921
v -0.067438200000000004 0.03196389999999999 -0.0011549999999999963
v -0.067438200000000004 0.03196389999999999 0.0048021999999999995
v -0.067438200000000004 0.03196389999999999 0.010759400000000009
v -0.067438200000000004 0.03196389999999999 0.016716600000000005
v -0.067438200000000004 0.03196389999999999 0.022673800000000001
v -0.067438200000000004 0.03196389999999999 0.028631000000000011
v -0.067438200000000004 0.03196389999999999 0.034588200000000006
v -0.067438200000000004 0.03196389999999999 0.040545400000000002
v -0.067438200000000004 0.03196389999999999 0.046502600000000012
v -0.067438200000000004 0.037921099999999992 -0.013069399999999995
v -0.067438200000000004 0.037921099999999992 -0.0071121999999999921
v -0.067438200000000004 0.037921099999999992 0.016716600000000005
v -0.067438200000000004 0.037921099999999992 0.022673800000000001
v -0.067438200000000004 0.037921099999999992 0.028631000000000011
v -0.067438200000000004 0.037921099999999992 0.034588200000000006
v -0.067438200000000004 0.037921099999999992 0.040545400000000002
v -0.067438200000000004 0.037921099999999992 0.046502600000000012
v -0.067438200000000004 0.043878299999999988 -0.013069399999999995
v -0.067438200000000004 0.043878299999999988 -0.0071121999999999921
v -0.067438200000000004 0.043878299999999988 -0.0011549999999999963
v -0.067438200000000004 0.043878299999999988 0.0048021999999999995
v -0.067438200000000004 0.043878299999999988 0.010759400000000009
v -0.067438200000000004 0.043878299999999988 0.016716600000000005
v -0.067438200000000004 0.043878299999999988 0.022673800000000001
v -0.067438200000000004 0.043878299999999988 0.028631000000000011
v -0.067438200000000004 0.043878299999999988 0.034588200000000006
v -0.067438200000000004 0.043878299999999988 0.040545400000000002
v -0.067438200000000004 0.043878299999999988 0.046502600000000012
v -0.067438200000000004 0.049835499999999991 -0.0071121999999999921
v -0.067438200000000004 0.049835499999999991 -0.0011549999999999963
v -0.067438200000000004 0.049835499999999991 0.0048021999999999995
v -0.067438200000000004 0.049835499999999991 0.010759400000000009
v -0.067438200000000004 0.049835499999999991 0.016716600000000005
v -0.067438200000000004 0.049835499999999991 0.028631000000000011
v -0.067438200000000004 0.049835499999999991 0.034588200000000006
v -0.067438200000000004 0.049835499999999991 0.040545400000000002
v -0.067438200000000004 0.055792699999999987 -0.0071121999999999921
v -0.067438200000000004 0.055792699999999987 -0.0011549999999999963
v -0.067438200000000004 0.055792699999999987 0.0048021999999999995
v -0.067438200000000004 0.055792699999999987 0.010759400000000009
v -0.067438200000000004 0.055792699999999987 0.016716600000000005
v -0.067438200000000004 0.055792699999999987 0.022673800000000001
v -0.067438200000000004 0.055792699999999987 0.028631000000000011
v -0.067438200000000004 0.06174989999999999 -0.013069399999999995
v -0.067438200000000004 0.06174989999999999 -0.0071121999999999921
v -0.067438200000000004 0.06174989999999999 -0.0011549999999999963
v -0.067438200000000004 0.06174989999999999 0.0048021999999999995
v -0.067438200000000004 0.06174989999999999 0.022673800000000001
v -0.067438200000000004 0.06174989999999999 0.028631000000000011
v -0.067438200000000004 0.06174989999999999 0.034588200000000006
v -0.067438200000000004 0.06174989999999999 0.040545400000000002
v -0.067438200000000004 0.067707099999999992 -0.019026599999999998
v -0.067438200000000004 0.067707099999999992 -0.013069399999999995
v -0.067438200000000004 0.067707099999999992 -0.0071121999999999921
v -0.067438200000000004 0.067707099999999992 0.034588200000000006
v -0.067438200000000004 0.067707099999999992 0.040545400000000002
v -0.067438200000000004 0.073664299999999988 -0.019026599999999998
v -0.067438200000000004 0.073664299999999988 0.040545400000000002
v -0.067438200000000004 0.073664299999999988 0.046502600000000012
v -0.067438200000000004 0.079621499999999984 -0.024983799999999994
v -0.067438200000000004 0.079621499999999984 -0.019026599999999998
v -0.067438200000000004 0.079621499999999984 0.046502600000000012
v -0.067438200000000004 0.085578699999999994 -0.024983799999999994
v -0.067438200000000004 0.085578699999999994 -0.019026599999999998
v -0.067438200000000004 0.085578699999999994 0.046502600000000012
v -0.067438200000000004 0.091535899999999989 -0.024983799999999994
v -0.067438200000000004 0.091535899999999989 -0.019026599999999998
v -0.067438200000000004 0.091535899999999989 0.046502600000000012
v -0.067438200000000004 0.097493099999999985 -0.024983799999999994
v -0.067438200000000004 0.097493099999999985 -0.019026599999999998
v -0.067438200000000004 0.097493099999999985 0.046502600000000012
v -0.067438200000000004 0.1034503 -0.019026599999999998
v -0.067438200000000004 0.1034503 0.040545400000000002
v -0.067438200000000004 0.1034503 0.046502600000000012
v -0.067438200000000004 0.10940749999999999 -0.019026599999999998
v -0.067438200000000004 0.10940749999999999 -0.013069399999999995
v -0.067438200000000004 0.10940749999999999 0.040545400000000002
v -0.067438200000000004 0.10940749999999999 0.046502600000000012
v -0.067438200000000004 0.10940749999999999 0.052459800000000008
v -0.067438200000000004 0.11536469999999999 -0.019026599999999998
v -0.067438200000000004 0.11536469999999999 -0.013069399999999995
v -0.067438200000000004 0.11536469999999999 0.052459800000000008
v -0.067438200000000004 0.11536469999999999 0.058417000000000004
v -0.067438200000000004 0.1213219 -0.013069399999999995
v -0.067438200000000004 0.1213219 0.052459800000000008
v -0.067438200000000004 0.1213219 0.058417000000000004
v -0.067438200000000004 0.12727909999999998 -0.013069399999999995
v -0.067438200000000004 0.12727909999999998 0.052459800000000008
v -0.067438200000000004 0.12727909999999998 0.058417000000000004
v -0.067438200000000004 0.13323629999999997 -0.013069399999999995
v -0.067438200000000004 0.13323629999999997 0.046502600000000012
v -0.067438200000000004 0.13323629999999997 0.052459800000000008
v -0.067438200000000004 0.1391935 -0.019026599999999998
v -0.067438200000000004 0.1391935 -0.013069399999999995
v -0.067438200000000004 0.1391935 0.046502600000000012
v -0.067438200000000004 0.1391935 0.052459800000000008
v -0.067438200000000004 0.14515069999999999 -0.042855399999999995
v -0.067438200000000004 0.14515069999999999 -0.036898199999999992
v -0.067438200000000004 0.14515069999999999 -0.030940999999999996
v -0.067438200000000004 0.14515069999999999 -0.024983799999999994
v -0.067438200000000004 0.14515069999999999 -0.019026599999999998
v -0.067438200000000004 0.14515069999999999 0.046502600000000012
v -0.067438200000000004 0.14515069999999999 0.052459800000000008
v -0.067438200000000004 0.15110789999999999 -0.054769799999999993
v -0.067438200000000004 0.15110789999999999 -0.048812599999999998
v -0.067438200000000004 0.15110789999999999 -0.042855399999999995
v -0.067438200000000004 0.15110789999999999 0.040545400000000002
v -0.067438200000000004 0.15110789999999999 0.046502600000000012
v -0.067438200000000004 0.15706509999999999 -0.060726999999999996
v -0.067438200000000004 0.15706509999999999 -0.054769799999999993
v -0.067438200000000004 0.15706509999999999 -0.0011549999999999963
v -0.067438200000000004 0.15706509999999999 0.0048021999999999995
v -0.067438200000000004 0.15706509999999999 0.010759400000000009
v -0.067438200000000004 0.15706509999999999 0.016716600000000005
v -0.067438200000000004 0.15706509999999999 0.022673800000000001
v -0.067438200000000004 0.15706509999999999 0.028631000000000011
v -0.067438200000000004 0.15706509999999999 0.034588200000000006
v -0.067438200000000004 0.15706509999999999 0.040545400000000002
v -0.067438200000000004 0.16302229999999998 -0.060726999999999996
v -0.067438200000000004 0.16302229999999998 -0.013069399999999995
v -0.067438200000000004 0.16302229999999998 -0.0071121999999999921
v -0.067438200000000004 0.16302229999999998 -0.0011549999999999963
v -0.067438200000000004 0.1689795 -0.060726999999999996
v -0.067438200000000004 0.1689795 -0.030940999999999996
v -0.067438200000000004 0.1689795 -0.024983799999999994
v -0.067438200000000004 0.1689795 -0.019026599999999998
v -0.067438200000000004 0.1689795 -0.013069399999999995
v -0.067438200000000004 0.1749367 -0.060726999999999996
v -0.067438200000000004 0.1749367 -0.042855399999999995
v -0.067438200000000004 0.1749367 -0.036898199999999992
v -0.067438200000000004 0.1749367 -0.030940999999999996
v -0.067438200000000004 0.1749367 -0.024983799999999994
v -0.067438200000000004 0.1808939 -0.060726999999999996
v -0.067438200000000004 0.1808939 -0.054769799999999993
v -0.067438200000000004 0.1808939 -0.048812599999999998
v -0.067438200000000004 0.1808939 -0.042855399999999995
v -0.067438200000000004 0.1808939 -0.036898199999999992
v -0.061481000000000008 0.03196389999999999 -0.013069399999999995
v -0.061481000000000008 0.03196389999999999 -0.0071121999999999921
v -0.061481000000000008 0.03196389999999999 -0.0011549999999999963
v -0.061481000000000008 0.03196389999999999 0.0048021999999999995
v -0.061481000000000008 0.03196389999999999 0.010759400000000009
v -0.061481000000000008 0.03196389999999999 0.016716600000000005
v -0.061481000000000008 0.03196389999999999 0.022673800000000001
v -0.061481000000000008 0.03196389999999999 0.028631000000000011
v -0.061481000000000008 0.03196389999999999 0.034588200000000006
v -0.061481000000000008 0.03196389999999999 0.040545400000000002
v -0.061481000000000008 0.03196389999999999 0.046502600000000012
v -0.061481000000000008 0.037921099999999992 -0.013069399999999995
v -0.061481000000000008 0.037921099999999992 0.046502600000000012
v -0.061481000000000008 0.043878299999999988 -0.013069399999999995
v -0.061481000000000008 0.043878299999999988 -0.0071121999999999921
v -0.061481000000000008 0.043878299999999988 0.016716600000000005
v -0.061481000000000008 0.043878299999999988 0.022673800000000001
v -0.061481000000000008 0.043878299999999988 0.028631000000000011
v -0.061481000000000008 0.043878299999999988 0.040545400000000002
v -0.061481000000000008 0.043878299999999988 0.046502600000000012
v -0.061481000000000008 0.049835499999999991 -0.013069399999999995
v -0.061481000000000008 0.049835499999999991 -0.0071121999999999921
v -0.061481000000000008 0.049835499999999991 -0.0011549999999999963
v -0.061481000000000008 0.049835499999999991 0.0048021999999999995
v -0.061481000000000008 0.049835499999999991 0.010759400000000009
v -0.061481000000000008 0.049835499999999991 0.016716600000000005
v -0.061481000000000008 0.049835499999999991 0.022673800000000001
v -0.061481000000000008 0.049835499999999991 0.028631000000000011
v -0.061481000000000008 0.049835499999999991 0.034588200000000006
v -0.061481000000000008 0.049835499999999991 0.040545400000000002
v -0.061481000000000008 0.049835499999999991 0.046502600000000012
v -0.061481000000000008 0.055792699999999987 -0.0071121999999999921
v -0.061481000000000008 0.055792699999999987 -0.0011549999999999963
v -0.061481000000000008 0.055792699999999987 0.0048021999999999995
v -0.061481000000000008 0.055792699999999987 0.010759400000000009
v -0.061481000000000008 0.055792699999999987 0.016716600000000005
v -0.061481000000000008 0.055792699999999987 0.022673800000000001
v -0.061481000000000008 0.055792699999999987 0.028631000000000011
v -0.061481000000000008 0.06174989999999999 -0.013069399999999995
v -0.061481000000000008 0.06174989999999999 -0.0071121999999999921
v -0.061481000000000008 0.06174989999999999 0.028631000000000011
v -0.061481000000000008 0.06174989999999999 0.034588200000000006
v -0.061481000000000008 0.06174989999999999 0.040545400000000002
v -0.061481000000000008 0.067707099999999992 -0.019026599999999998
v -0.061481000000000008 0.067707099999999992 -0.013069399999999995
v -0.061481000000000008 0.067707099999999992 0.040545400000000002
v -0.061481000000000008 0.067707099999999992 0.046502600000000012
v -0.061481000000000008 0.073664299999999988 -0.024983799999999994
v -0.061481000000000008 0.073664299999999988 -0.019026599999999998
v -0.061481000000000008 0.073664299999999988 0.040545400000000002
v -0.061481000000000008 0.073664299999999988 0.046502600000000012
v -0.061481000000000008 0.079621499999999984 -0.024983799999999994
v -0.061481000000000008 0.079621499999999984 -0.019026599999999998
v -0.061481000000000008 0.079621499999999984 0.046502600000000012
v -0.061481000000000008 0.085578699999999994 -0.024983799999999994
v -0.061481000000000008 0.085578699999999994 0.046502600000000012
v -0.061481000000000008 0.091535899999999989 -0.024983799999999994
v -0.061481000000000008 0.091535899999999989 0.046502600000000012
v -0.061481000000000008 0.097493099999999985 -0.024983799999999994
v -0.061481000000000008 0.097493099999999985 -0.019026599999999998
v -0.061481000000000008 0.097493099999999985 0.046502600000000012
v -0.061481000000000008 0.1034503 -0.024983799999999994
v -0.061481000000000008 0.1034503 -0.019026599999999998
v -0.061481000000000008 0.1034503 0.046502600000000012
v -0.061481000000000008 0.10940749999999999 -0.024983799999999994
v -0.061481000000000008 0.10940749999999999 -0.019026599999999998
v -0.061481000000000008 0.10940749999999999 0.040545400000000002
v -0.061481000000000008 0.10940749999999999 0.046502600000000012
v -0.061481000000000008 0.10940749999999999 0.052459800000000008
v -0.061481000000000008 0.11536469999999999 -0.019026599999999998
v -0.061481000000000008 0.11536469999999999 -0.013069399999999995
v -0.061481000000000008 0.11536469999999999 0.040545400000000002
v -0.061481000000000008 0.11536469999999999 0.046502600000000012
v -0.061481000000000008 0.11536469999999999 0.052459800000000008
v -0.061481000000000008 0.1213219 -0.019026599999999998
v -0.061481000000000008 0.1213219 -0.013069399999999995
v -0.061481000000000008 0.1213219 0.046502600000000012
v -0.061481000000000008 0.1213219 0.052459800000000008
v -0.061481000000000008 0.12727909999999998 -0.013069399999999995
v -0.061481000000000008 0.12727909999999998 0.046502600000000012
v -0.061481000000000008 0.12727909999999998 0.052459800000000008
v -0.061481000000000008 0.13323629999999997 -0.013069399999999995
v -0.061481000000000008 0.13323629999999997 0.040545400000000002
v -0.061481000000000008 0.13323629999999997 0.046502600000000012
v -0.061481000000000008 0.13323629999999997 0.052459800000000008
v -0.061481000000000008 0.1391935 -0.019026599999999998
v -0.061481000000000008 0.1391935 -0.013069399999999995
v -0.061481000000000008 0.1391935 -0.0071121999999999921
v -0.061481000000000008 0.1391935 0.040545400000000002
v -0.061481000000000008 0.1391935 0.046502600000000012
v -0.061481000000000008 0.14515069999999999 -0.042855399999999995
v -0.061481000000000008 0.14515069999999999 -0.036898199999999992
v -0.061481000000000008 0.14515069999999999 -0.030940999999999996
v -0.061481000000000008 0.14515069999999999 -0.024983799999999994
v -0.061481000000000008 0.14515069999999999 -0.019026599999999998
v -0.061481000000000008 0.14515069999999999 -0.013069399999999995
v -0.061481000000000008 0.14515069999999999 -0.0071121999999999921
v -0.061481000000000008 0.14515069999999999 0.040545400000000002
v -0.061481000000000008 0.14515069999999999 0.046502600000000012
v -0.061481000000000008 0.15110789999999999 -0.054769799999999993
v -0.061481000000000008 0.15110789999999999 -0.048812599999999998
v -0.061481000000000008 0.15110789999999999 -0.042855399999999995
v -0.061481000000000008 0.15110789999999999 -0.036898199999999992
v -0.061481000000000008 0.15110789999999999 -0.030940999999999996
v -0.061481000000000008 0.15110789999999999 -0.024983799999999994
v -0.061481000000000008 0.15110789999999999 -0.019026599999999998
v -0.061481000000000008 0.15110789999999999 -0.013069399999999995
v -0.061481000000000008 0.15110789999999999 -0.0071121999999999921
v -0.061481000000000008 0.15110789999999999 0.034588200000000006
v -0.061481000000000008 0.15110789999999999 0.040545400000000002
v -0.061481000000000008 0.15110789999999999 0.046502600000000012
v -0.061481000000000008 0.15706509999999999 -0.060726999999999996
v -0.061481000000000008 0.15706509999999999 -0.054769799999999993
v -0.061481000000000008 0.15706509999999999 -0.048812599999999998
v -0.061481000000000008 0.15706509999999999 -0.042855399999999995
v -0.061481000000000008 0.15706509999999999 -0.036898199999999992
v -0.061481000000000008 0.15706509999999999 -0.030940999999999996
v -0.061481000000000008 0.15706509999999999 -0.024983799999999994
v -0.061481000000000008 0.15706509999999999 -0.019026599999999998
v -0.061481000000000008 0.15706509999999999 -0.013069399999999995
v -0.061481000000000008 0.15706509999999999 -0.0071121999999999921
v -0.061481000000000008 0.15706509999999999 -0.0011549999999999963
v -0.061481000000000008 0.15706509999999999 0.0048021999999999995
v -0.061481000000000008 0.15706509999999999 0.010759400000000009
v -0.061481000000000008 0.15706509999999999 0.016716600000000005
v -0.061481000000000008 0.15706509999999999 0.022673800000000001
v -0.061481000000000008 0.15706509999999999 0.028631000000000011
v -0.061481000000000008 0.15706509999999999 0.034588200000000006
v -0.061481000000000008 0.15706509999999999 0.040545400000000002
v -0.061481000000000008 0.16302229999999998 -0.060726999999999996
v -0.061481000000000008 0.16302229999999998 -0.054769799999999993
v -0.061481000000000008 0.16302229999999998 -0.048812599999999998
v -0.061481000000000008 0.16302229999999998 -0.042855399999999995
v -0.061481000000000008 0.16302229999999998 -0.036898199999999992
v -0.061481000000000008 0.16302229999999998 -0.030940999999999996
v -0.061481000000000008 0.16302229999999998 -0.024983799999999994
v -0.061481000000000008 0.16302229999999998 -0.019026599999999998
v -0.061481000000000008 0.16302229999999998 -0.013069399999999995
v -0.061481000000000008 0.16302229999999998 -0.0071121999999999921
v -0.061481000000000008 0.16302229999999998 -0.0011549999999999963
v -0.061481000000000008 0.16302229999999998 0.0048021999999999995
v -0.061481000000000008 0.16302229999999998 0.010759400000000009
v -0.061481000000000008 0.1689795 -0.060726999999999996
v -0.061481000000000008 0.1689795 -0.054769799999999993
v -0.061481000000000008 0.1689795 -0.048812599999999998
v -0.061481000000000008 0.1689795 -0.042855399999999995
v -0.061481000000000008 0.1689795 -0.036898199999999992
v -0.061481000000000008 0.1689795 -0.030940999999999996
v -0.061481000000000008 0.1689795 -0.024983799999999994
v -0.061481000000000008 0.1689795 -0.019026599999999998
v -0.061481000000000008 0.1689795 -0.013069399999999995
v -0.061481000000000008 0.1749367 -0.060726999999999996
v -0.061481000000000008 0.1749367 -0.054769799999999993
v -0.061481000000000008 0.1749367 -0.048812599999999998
v -0.061481000000000008 0.1749367 -0.042855399999999995
v -0.061481000000000008 0.1749367 -0.036898199999999992
v -0.061481000000000008 0.1749367 -0.030940999999999996
v -0.061481000000000008 0.1808939 -0.060726999999999996
v -0.061481000000000008 0.1808939 -0.054769799999999993
v -0.061481000000000008 0.1808939 -0.048812599999999998
v -0.061481000000000008 0.1808939 -0.042855399999999995
v -0.055523800000000012 0.03196389999999999 -0.013069399999999995
v -0.055523800000000012 0.03196389999999999 -0.0071121999999999921
v -0.055523800000000012 0.03196389999999999 -0.0011549999999999963
v -0.055523800000000012 0.03196389999999999 0.0048021999999999995
v -0.055523800000000012 0.03196389999999999 0.010759400000000009
v -0.055523800000000012 0.03196389999999999 0.016716600000000005
v -0.055523800000000012 0.03196389999999999 0.022673800000000001
v -0.055523800000000012 0.03196389999999999 0.028631000000000011
v -0.055523800000000012 0.03196389999999999 0.034588200000000006
v -0.055523800000000012 0.03196389999999999 0.040545400000000002
v -0.055523800000000012 0.03196389999999999 0.046502600000000012
v -0.055523800000000012 0.037921099999999992 -0.013069399999999995
v -0.055523800000000012 0.037921099999999992 0.046502600000000012
v -0.055523800000000012 0.043878299999999988 -0.013069399999999995
v -0.055523800000000012 0.043878299999999988 0.046502600000000012
v -0.055523800000000012 0.049835499999999991 -0.013069399999999995
v -0.055523800000000012 0.049835499999999991 -0.0071121999999999921
v -0.055523800000000012 0.049835499999999991 0.010759400000000009
v -0.055523800000000012 0.049835499999999991 0.016716600000000005
v -0.055523800000000012 0.049835499999999991 0.022673800000000001
v -0.055523800000000012 0.049835499999999991 0.028631000000000011
v -0.055523800000000012 0.049835499999999991 0.034588200000000006
v -0.055523800000000012 0.049835499999999991 0.040545400000000002
v -0.055523800000000012 0.049835499999999991 0.046502600000000012
v -0.055523800000000012 0.055792699999999987 -0.013069399999999995
v -0.055523800000000012 0.055792699999999987 -0.0071121999999999921
v -0.055523800000000012 0.055792699999999987 0.010759400000000009
v -0.055523800000000012 0.055792699999999987 0.016716600000000005
v -0.055523800000000012 0.055792699999999987 0.022673800000000001
v -0.055523800000000012 0.055792699999999987 0.028631000000000011
v -0.055523800000000012 0.055792699999999987 0.034588200000000006
v -0.055523800000000012 0.055792699999999987 0.040545400000000002
v -0.055523800000000012 0.06174989999999999 -0.019026599999999998
v -0.055523800000000012 0.06174989999999999 -0.013069399999999995
v -0.055523800000000012 0.06174989999999999 -0.0071121999999999921
v -0.055523800000000012 0.06174989999999999 0.028631000000000011
v -0.055523800000000012 0.06174989999999999 0.034588200000000006
v -0.055523800000000012 0.06174989999999999 0.040545400000000002
v -0.055523800000000012 0.067707099999999992 -0.019026599999999998
v -0.055523800000000012 0.067707099999999992 -0.013069399999999995
v -0.055523800000000012 0.067707099999999992 0.040545400000000002
v -0.055523800000000012 0.067707099999999992 0.046502600000000012
v -0.055523800000000012 0.073664299999999988 -0.024983799999999994
v -0.055523800000000012 0.073664299999999988 -0.019026599999999998
v -0.055523800000000012 0.073664299999999988 0.046502600000000012
v -0.055523800000000012 0.079621499999999984 -0.024983799999999994
v -0.055523800000000012 0.079621499999999984 0.046502600000000012
v -0.055523800000000012 0.085578699999999994 -0.024983799999999994
v -0.055523800000000012 0.085578699999999994 0.046502600000000012
v -0.055523800000000012 0.091535899999999989 -0.024983799999999994
v -0.055523800000000012 0.091535899999999989 0.046502600000000012
v -0.055523800000000012 0.097493099999999985 -0.024983799999999994
v -0.055523800000000012 0.097493099999999985 0.046502600000000012
v -0.055523800000000012 0.1034503 -0.024983799999999994
v -0.055523800000000012 0.1034503 0.046502600000000012
v -0.055523800000000012 0.10940749999999999 -0.024983799999999994
v -0.055523800000000012 0.10940749999999999 -0.019026599999999998
v -0.055523800000000012 0.10940749999999999 0.040545400000000002
v -0.055523800000000012 0.10940749999999999 0.046502600000000012
v -0.055523800000000012 0.11536469999999999 -0.019026599999999998
v -0.055523800000000012 0.11536469999999999 0.040545400000000002
v -0.055523800000000012 0.11536469999999999 0.046502600000000012
v -0.055523800000000012 0.1213219 -0.019026599999999998
v -0.055523800000000012 0.1213219 -0.013069399999999995
v -0.055523800000000012 0.1213219 0.040545400000000002
v -0.055523800000000012 0.1213219 0.046502600000000012
v -0.055523800000000012 0.12727909999999998 -0.013069399999999995
v -0.055523800000000012 0.12727909999999998 -0.0071121999999999921
v -0.055523800000000012 0.12727909999999998 0.040545400000000002
v -0.055523800000000012 0.12727909999999998 0.046502600000000012
v -0.055523800000000012 0.13323629999999997 -0.013069399999999995
v -0.055523800000000012 0.13323629999999997 -0.0071121999999999921
v -0.055523800000000012 0.13323629999999997 0.034588200000000006
v -0.055523800000000012 0.13323629999999997 0.040545400000000002
v -0.055523800000000012 0.13323629999999997 0.046502600000000012
v -0.055523800000000012 0.1391935 -0.013069399999999995
v -0.055523800000000012 0.1391935 -0.0071121999999999921
v -0.055523800000000012 0.1391935 0.034588200000000006
v -0.055523800000000012 0.1391935 0.040545400000000002
v -0.055523800000000012 0.14515069999999999 -0.0071121999999999921
v -0.055523800000000012 0.14515069999999999 0.034588200000000006
v -0.055523800000000012 0.14515069999999999 0.040545400000000002
v -0.055523800000000012 0.15110789999999999 -0.0071121999999999921
v -0.055523800000000012 0.15110789999999999 0.028631000000000011
v -0.055523800000000012 0.15110789999999999 0.034588200000000006
v -0.055523800000000012 0.15110789999999999 0.040545400000000002
v -0.055523800000000012 0.15706509999999999 -0.0071121999999999921
v -0.055523800000000012 0.15706509999999999 -0.0011549999999999963
v -0.055523800000000012 0.15706509999999999 0.010759400000000009
v -0.055523800000000012 0.15706509999999999 0.016716600000000005
v -0.055523800000000012 0.15706509999999999 0.022673800000000001
v -0.055523800000000012 0.15706509999999999 0.028631000000000011
v -0.055523800000000012 0.15706509999999999 0.034588200000000006
v -0.055523800000000012 0.16302229999999998 -0.0071121999999999921
v -0.055523800000000012 0.16302229999999998 -0.0011549999999999963
v -0.055523800000000012 0.16302229999999998 0.0048021999999999995
v -0.055523800000000012 0.16302229999999998 0.010759400000000009
v -0.055523800000000012 0.1689795 -0.0071121999999999921
v -0.055523800000000012 0.1689795 -0.0011549999999999963
v -0.055523800000000012 0.1689795 0.0048021999999999995
v -0.055523800000000012 0.1689795 0.010759400000000009
v -0.049566600000000009 0.03196389999999999 -0.024983799999999994
v -0.049566600000000009 0.03196389999999999 -0.019026599999999998
v -0.049566600000000009 0.03196389999999999 -0.013069399999999995
v -0.049566600000000009 0.03196389999999999 -0.0071121999999999921
v -0.049566600000000009 0.03196389999999999 -0.0011549999999999963
v -0.049566600000000009 0.03196389999999999 0.0048021999999999995
v -0.049566600000000009 0.03196389999999999 0.010759400000000009
v -0.049566600000000009 0.03196389999999999 0.016716600000000005
v -0.049566600000000009 0.03196389999999999 0.022673800000000001
v -0.049566600000000009 0.03196389999999999 0.028631000000000011
v -0.049566600000000009 0.03196389999999999 0.034588200000000006
v -0.049566600000000009 0.03196389999999999 0.040545400000000002
v -0.049566600000000009 0.03196389999999999 0.046502600000000012
v -0.049566600000000009 0.037921099999999992 -0.024983799999999994
v -0.049566600000000009 0.037921099999999992 -0.019026599999999998
v -0.049566600000000009 0.037921099999999992 -0.013069399999999995
v -0.049566600000000009 0.037921099999999992 0.046502600000000012
v -0.049566600000000009 0.043878299999999988 -0.024983799999999994
v -0.049566600000000009 0.043878299999999988 -0.019026599999999998
v -0.049566600000000009 0.043878299999999988 -0.013069399999999995
v -0.049566600000000009 0.043878299999999988 0.046502600000000012
v -0.049566600000000009 0.049835499999999991 -0.019026599999999998
v -0.049566600000000009 0.049835499999999991 -0.013069399999999995
v -0.049566600000000009 0.049835499999999991 0.040545400000000002
v -0.049566600000000009 0.049835499999999991 0.046502600000000012
v -0.049566600000000009 0.055792699999999987 -0.013069399999999995
v -0.049566600000000009 0.055792699999999987 0.040545400000000002
v -0.049566600000000009 0.06174989999999999 -0.019026599999999998
v -0.049566600000000009 0.06174989999999999 -0.013069399999999995
v -0.049566600000000009 0.06174989999999999 0.040545400000000002
v -0.049566600000000009 0.06174989999999999 0.046502600000000012
v -0.049566600000000009 0.067707099999999992 -0.019026599999999998
v -0.049566600000000009 0.067707099999999992 0.040545400000000002
v -0.049566600000000009 0.067707099999999992 0.046502600000000012
v -0.049566600000000009 0.073664299999999988 -0.024983799999999994
v -0.049566600000000009 0.073664299999999988 -0.019026599999999998
v -0.049566600000000009 0.073664299999999988 0.046502600000000012
v -0.049566600000000009 0.079621499999999984 -0.024983799999999994
v -0.049566600000000009 0.079621499999999984 0.046502600000000012
v -0.049566600000000009 0.085578699999999994 -0.024983799999999994
v -0.049566600000000009 0.085578699999999994 0.046502600000000012
v -0.049566600000000009 0.091535899999999989 -0.024983799999999994
v -0.049566600000000009 0.091535899999999989 0.046502600000000012
v -0.049566600000000009 0.097493099999999985 -0.024983799999999994
v -0.049566600000000009 0.097493099999999985 0.046502600000000012
v -0.049566600000000009 0.1034503 -0.024983799999999994
v -0.049566600000000009 0.1034503 0.046502600000000012
v -0.049566600000000009 0.10940749999999999 -0.024983799999999994
v -0.049566600000000009 0.10940749999999999 -0.019026599999999998
v -0.049566600000000009 0.10940749999999999 0.040545400000000002
v -0.049566600000000009 0.10940749999999999 0.046502600000000012
v -0.049566600000000009 0.11536469999999999 -0.019026599999999998
v -0.049566600000000009 0.11536469999999999 0.034588200000000006
v -0.049566600000000009 0.11536469999999999 0.040545400000000002
v -0.049566600000000009 0.1213219 -0.019026599999999998
v -0.049566600000000009 0.1213219 -0.013069399999999995
v -0.049566600000000009 0.1213219 0.034588200000000006
v -0.049566600000000009 0.1213219 0.040545400000000002
v -0.049566600000000009 0.12727909999999998 -0.013069399999999995
v -0.049566600000000009 0.12727909999999998 -0.0071121999999999921
v -0.049566600000000009 0.12727909999999998 0.034588200000000006
v -0.049566600000000009 0.12727909999999998 0.040545400000000002
v -0.049566600000000009 0.13323629999999997 -0.0071121999999999921
v -0.049566600000000009 0.13323629999999997 -0.0011549999999999963
v -0.049566600000000009 0.13323629999999997 0.028631000000000011
v -0.049566600000000009 0.13323629999999997 0.034588200000000006
v -0.049566600000000009 0.13323629999999997 0.040545400000000002
v -0.049566600000000009 0.1391935 -0.0071121999999999921
v -0.049566600000000009 0.1391935 -0.0011549999999999963
v -0.049566600000000009 0.1391935 0.016716600000000005
v -0.049566600000000009 0.1391935 0.022673800000000001
v -0.049566600000000009 0.1391935 0.028631000000000011
v -0.049566600000000009 0.1391935 0.034588200000000006
v -0.049566600000000009 0.14515069999999999 -0.0071121999999999921
v -0.049566600000000009 0.14515069999999999 -0.0011549999999999963
v -0.049566600000000009 0.14515069999999999 0.016716600000000005
v -0.049566600000000009 0.14515069999999999 0.022673800000000001
v -0.049566600000000009 0.14515069999999999 0.028631000000000011
v -0.049566600000000009 0.14515069999999999 0.034588200000000006
v -0.049566600000000009 0.15110789999999999 -0.013069399999999995
v -0.049566600000000009 0.15110789999999999 -0.0071121999999999921
v -0.049566600000000009 0.15110789999999999 0.016716600000000005
v -0.049566600000000009 0.15110789999999999 0.022673800000000001
v -0.049566600000000009 0.15110789999999999 0.028631000000000011
v -0.049566600000000009 0.15110789999999999 0.034588200000000006
v -0.049566600000000009 0.15706509999999999 -0.013069399999999995
v -0.049566600000000009 0.15706509999999999 -0.0071121999999999921
v -0.049566600000000009 0.15706509999999999 0.010759400000000009
v -0.049566600000000009 0.15706509999999999 0.016716600000000005
v -0.049566600000000009 0.15706509999999999 0.022673800000000001
v -0.049566600000000009 0.15706509999999999 0.028631000000000011
v -0.049566600000000009 0.16302229999999998 -0.013069399999999995
v -0.049566600000000009 0.16302229999999998 -0.0071121999999999921
v -0.049566600000000009 0.16302229999999998 0.010759400000000009
v -0.049566600000000009 0.1689795 -0.013069399999999995
v -0.049566600000000009 0.1689795 -0.0071121999999999921
v -0.049566600000000009 0.1689795 -0.0011549999999999963
v -0.049566600000000009 0.1689795 0.0048021999999999995
v -0.049566600000000009 0.1689795 0.010759400000000009
v -0.049566600000000009 0.1749367 -0.013069399999999995
v -0.049566600000000009 0.1749367 -0.0071121999999999921
v -0.049566600000000009 0.1749367 -0.0011549999999999963
v -0.049566600000000009 0.1749367 0.0048021999999999995
v -0.043609400000000006 0.03196389999999999 -0.030940999999999996
v -0.043609400000000006 0.03196389999999999 -0.024983799999999994
v -0.043609400000000006 0.03196389999999999 -0.019026599999999998
v -0.043609400000000006 0.03196389999999999 -0.013069399999999995
v -0.043609400000000006 0.03196389999999999 -0.0071121999999999921
v -0.043609400000000006 0.03196389999999999 -0.0011549999999999963
v -0.043609400000000006 0.03196389999999999 0.0048021999999999995
v -0.043609400000000006 0.03196389999999999 0.010759400000000009
v -0.043609400000000006 0.03196389999999999 0.016716600000000005
v -0.043609400000000006 0.03196389999999999 0.022673800000000001
v -0.043609400000000006 0.03196389999999999 0.028631000000000011
v -0.043609400000000006 0.03196389999999999 0.034588200000000006
v -0.043609400000000006 0.03196389999999999 0.040545400000000002
v -0.043609400000000006 0.03196389999999999 0.046502600000000012
v -0.043609400000000006 0.037921099999999992 -0.030940999999999996
v -0.043609400000000006 0.037921099999999992 -0.024983799999999994
v -0.043609400000000006 0.037921099999999992 0.046502600000000012
v -0.043609400000000006 0.043878299999999988 -0.030940999999999996
v -0.043609400000000006 0.043878299999999988 -0.024983799999999994
v -0.043609400000000006 0.043878299999999988 -0.019026599999999998
v -0.043609400000000006 0.043878299999999988 0.046502600000000012
v -0.043609400000000006 0.049835499999999991 -0.030940999999999996
v -0.043609400000000006 0.049835499999999991 -0.024983799999999994
v -0.043609400000000006 0.049835499999999991 -0.019026599999999998
v -0.043609400000000006 0.049835499999999991 -0.013069399999999995
v -0.043609400000000006 0.049835499999999991 0.040545400000000002
v -0.043609400000000006 0.049835499999999991 0.046502600000000012
v -0.043609400000000006 0.055792699999999987 -0.013069399999999995
v -0.043609400000000006 0.055792699999999987 0.040545400000000002
v -0.043609400000000006 0.055792699999999987 0.046502600000000012
v -0.043609400000000006 0.06174989999999999 -0.019026599999999998
v -0.043609400000000006 0.06174989999999999 -0.013069399999999995
v -0.043609400000000006 0.06174989999999999 0.040545400000000002
v -0.043609400000000006 0.06174989999999999 0.046502600000000012
v -0.043609400000000006 0.067707099999999992 -0.019026599999999998
v -0.043609400000000006 0.067707099999999992 0.046502600000000012
v -0.043609400000000006 0.073664299999999988 -0.024983799999999994
v -0.043609400000000006 0.073664299999999988 -0.019026599999999998
v -0.043609400000000006 0.073664299999999988 0.046502600000000012
v -0.043609400000000006 0.079621499999999984 -0.024983799999999994
v -0.043609400000000006 0.079621499999999984 0.046502600000000012
v -0.043609400000000006 0.085578699999999994 -0.024983799999999994
v -0.043609400000000006 0.085578699999999994 0.046502600000000012
v -0.043609400000000006 0.091535899999999989 -0.024983799999999994
v -0.043609400000000006 0.091535899999999989 0.046502600000000012
v -0.043609400000000006 0.097493099999999985 -0.024983799999999994
v -0.043609400000000006 0.097493099999999985 0.046502600000000012
v -0.043609400000000006 0.1034503 -0.024983799999999994
v -0.043609400000000006 0.1034503 0.046502600000000012
v -0.043609400000000006 0.10940749999999999 -0.024983799999999994
v -0.043609400000000006 0.10940749999999999 -0.019026599999999998
v -0.043609400000000006 0.10940749999999999 0.040545400000000002
v -0.043609400000000006 0.10940749999999999 0.046502600000000012
v -0.043609400000000006 0.11536469999999999 -0.024983799999999994
v -0.043609400000000006 0.11536469999999999 -0.019026599999999998
v -0.043609400000000006 0.11536469999999999 0.034588200000000006
v -0.043609400000000006 0.11536469999999999 0.040545400000000002
v -0.043609400000000006 0.1213219 -0.019026599999999998
v -0.043609400000000006 0.1213219 -0.013069399999999995
v -0.043609400000000006 0.1213219 0.028631000000000011
v -0.043609400000000006 0.1213219 0.034588200000000006
v -0.043609400000000006 0.12727909999999998 -0.013069399999999995
v -0.043609400000000006 0.12727909999999998 -0.0071121999999999921
v -0.043609400000000006 0.12727909999999998 0.022673800000000001
v -0.043609400000000006 0.12727909999999998 0.028631000000000011
v -0.043609400000000006 0.12727909999999998 0.034588200000000006
v -0.043609400000000006 0.13323629999999997 -0.0071121999999999921
v -0.043609400000000006 0.13323629999999997 -0.0011549999999999963
v -0.043609400000000006 0.13323629999999997 0.0048021999999999995
v -0.043609400000000006 0.13323629999999997 0.010759400000000009
v -0.043609400000000006 0.13323629999999997 0.016716600000000005
v -0.043609400000000006 0.13323629999999997 0.022673800000000001
v -0.043609400000000006 0.13323629999999997 0.028631000000000011
v -0.043609400000000006 0.13323629999999997 0.034588200000000006
v -0.043609400000000006 0.1391935 -0.0011549999999999963
v -0.043609400000000006 0.1391935 0.0048021999999999995
v -0.043609400000000006 0.1391935 0.010759400000000009
v -0.043609400000000006 0.1391935 0.016716600000000005
v -0.043609400000000006 0.1391935 0.022673800000000001
v -0.043609400000000006 0.1391935 0.028631000000000011
v -0.043609400000000006 0.14515069999999999 -0.0071121999999999921
v -0.043609400000000006 0.14515069999999999 -0.0011549999999999963
v -0.043609400000000006 0.14515069999999999 0.0048021999999999995
v -0.043609400000000006 0.14515069999999999 0.010759400000000009
v -0.043609400000000006 0.14515069999999999 0.016716600000000005
v -0.043609400000000006 0.15110789999999999 -0.013069399999999995
v -0.043609400000000006 0.15110789999999999 -0.0071121999999999921
v -0.043609400000000006 0.15110789999999999 0.010759400000000009
v -0.043609400000000006 0.15110789999999999 0.016716600000000005
v -0.043609400000000006 0.15706509999999999 -0.013069399999999995
v -0.043609400000000006 0.15706509999999999 0.010759400000000009
v -0.043609400000000006 0.15706509999999999 0.016716600000000005
v -0.043609400000000006 0.16302229999999998 -0.019026599999999998
v -0.043609400000000006 0.16302229999999998 -0.013069399999999995
v -0.043609400000000006 0.16302229999999998 0.010759400000000009
v -0.043609400000000006 0.1689795 -0.019026599999999998
v -0.043609400000000006 0.1689795 -0.013069399999999995
v -0.043609400000000006 0.1689795 0.0048021999999999995
v -0.043609400000000006 0.1689795 0.010759400000000009
v -0.043609400000000006 0.1749367 -0.013069399999999995
v -0.043609400000000006 0.1749367 -0.0071121999999999921
v -0.043609400000000006 0.1749367 -0.0011549999999999963
v -0.043609400000000006 0.1749367 0.0048021999999999995
v -0.037652200000000011 0.03196389999999999 -0.030940999999999996
v -0.037652200000000011 0.03196389999999999 -0.024983799999999994
v -0.037652200000000011 0.03196389999999999 -0.019026599999999998
v -0.037652200000000011 0.03196389999999999 -0.013069399999999995
v -0.037652200000000011 0.03196389999999999 -0.0071121999999999921
v -0.037652200000000011 0.03196389999999999 -0.0011549999999999963
v -0.037652200000000011 0.03196389999999999 0.0048021999999999995
v -0.037652200000000011 0.03196389999999999 0.010759400000000009
v -0.037652200000000011 0.03196389999999999 0.016716600000000005
v -0.037652200000000011 0.03196389999999999 0.022673800000000001
v -0.037652200000000011 0.03196389999999999 0.028631000000000011
v -0.037652200000000011 0.03196389999999999 0.034588200000000006
v -0.037652200000000011 0.03196389999999999 0.040545400000000002
v -0.037652200000000011 0.03196389999999999 0.046502600000000012
v -0.037652200000000011 0.03196389999999999 0.052459800000000008
v -0.037652200000000011 0.037921099999999992 -0.030940999999999996
v -0.037652200000000011 0.037921099999999992 0.046502600000000012
v -0.037652200000000011 0.037921099999999992 0.052459800000000008
v -0.037652200000000011 0.043878299999999988 -0.030940999999999996
v -0.037652200000000011 0.043878299999999988 0.046502600000000012
v -0.037652200000000011 0.043878299999999988 0.052459800000000008
v -0.037652200000000011 0.049835499999999991 -0.030940999999999996
v -0.037652200000000011 0.049835499999999991 -0.024983799999999994
v -0.037652200000000011 0.049835499999999991 -0.019026599999999998
v -0.037652200000000011 0.049835499999999991 -0.013069399999999995
v -0.037652200000000011 0.049835499999999991 0.040545400000000002
v -0.037652200000000011 0.049835499999999991 0.046502600000000012
v -0.037652200000000011 0.049835499999999991 0.052459800000000008
v -0.037652200000000011 0.055792699999999987 -0.024983799999999994
v -0.037652200000000011 0.055792699999999987 -0.019026599999999998
v -0.037652200000000011 0.055792699999999987 -0.013069399999999995
v -0.037652200000000011 0.055792699999999987 0.040545400000000002
v -0.037652200000000011 0.055792699999999987 0.046502600000000012
v -0.037652200000000011 0.06174989999999999 -0.024983799999999994
v -0.037652200000000011 0.06174989999999999 -0.019026599999999998
v -0.037652200000000011 0.06174989999999999 -0.013069399999999995
v -0.037652200000000011 0.06174989999999999 0.046502600000000012
v -0.037652200000000011 0.067707099999999992 -0.030940999999999996
v -0.037652200000000011 0.067707099999999992 -0.024983799999999994
v -0.037652200000000011 0.067707099999999992 -0.019026599999999998
v -0.037652200000000011 0.067707099999999992 0.046502600000000012
v -0.037652200000000011 0.073664299999999988 -0.030940999999999996
v -0.037652200000000011 0.073664299999999988 -0.024983799999999994
v -0.037652200000000011 0.073664299999999988 -0.019026599999999998
v -0.037652200000000011 0.073664299999999988 0.046502600000000012
v -0.037652200000000011 0.079621499999999984 -0.030940999999999996
v -0.037652200000000011 0.079621499999999984 -0.024983799999999994
v -0.037652200000000011 0.079621499999999984 0.046502600000000012
v -0.037652200000000011 0.085578699999999994 -0.030940999999999996
v -0.037652200000000011 0.085578699999999994 -0.024983799999999994
v -0.037652200000000011 0.085578699999999994 0.046502600000000012
v -0.037652200000000011 0.091535899999999989 -0.030940999999999996
v -0.037652200000000011 0.091535899999999989 -0.024983799999999994
v -0.037652200000000011 0.091535899999999989 0.046502600000000012
v -0.037652200000000011 0.097493099999999985 -0.024983799999999994
v -0.037652200000000011 0.097493099999999985 0.046502600000000012
v -0.037652200000000011 0.1034503 -0.024983799999999994
v -0.037652200000000011 0.1034503 0.046502600000000012
v -0.037652200000000011 0.10940749999999999 -0.024983799999999994
v -0.037652200000000011 0.10940749999999999 0.040545400000000002
v -0.037652200000000011 0.10940749999999999 0.046502600000000012
v -0.037652200000000011 0.11536469999999999 -0.024983799999999994
v -0.037652200000000011 0.11536469999999999 -0.019026599999999998
v -0.037652200000000011 0.11536469999999999 0.034588200000000006
v -0.037652200000000011 0.11536469999999999 0.040545400000000002
v -0.037652200000000011 0.1213219 -0.019026599999999998
v -0.037652200000000011 0.1213219 -0.013069399999999995
v -0.037652200000000011 0.1213219 0.028631000000000011
v -0.037652200000000011 0.1213219 0.034588200000000006
v -0.037652200000000011 0.12727909999999998 -0.013069399999999995
v -0.037652200000000011 0.12727909999999998 -0.0071121999999999921
v -0.037652200000000011 0.12727909999999998 -0.0011549999999999963
v -0.037652200000000011 0.12727909999999998 0.016716600000000005
v -0.037652200000000011 0.12727909999999998 0.022673800000000001
v -0.037652200000000011 0.12727909999999998 0.028631000000000011
v -0.037652200000000011 0.13323629999999997 -0.0071121999999999921
v -0.037652200000000011 0.13323629999999997 -0.0011549999999999963
v -0.037652200000000011 0.13323629999999997 0.0048021999999999995
v -0.037652200000000011 0.13323629999999997 0.010759400000000009
v -0.037652200000000011 0.13323629999999997 0.016716600000000005
v -0.037652200000000011 0.13323629999999997 0.022673800000000001
v -0.037652200000000011 0.14515069999999999 -0.0071121999999999921
v -0.037652200000000011 0.14515069999999999 -0.0011549999999999963
v -0.037652200000000011 0.14515069999999999 0.0048021999999999995
v -0.037652200000000011 0.14515069999999999 0.010759400000000009
v -0.037652200000000011 0.15110789999999999 -0.013069399999999995
v -0.037652200000000011 0.15110789999999999 -0.0071121999999999921
v -0.037652200000000011 0.15110789999999999 0.0048021999999999995
v -0.037652200000000011 0.15110789999999999 0.010759400000000009
v -0.037652200000000011 0.15706509999999999 -0.019026599999999998
v -0.037652200000000011 0.15706509999999999 -0.013069399999999995
v -0.037652200000000011 0.15706509999999999 0.0048021999999999995
v -0.037652200000000011 0.15706509999999999 0.010759400000000009
v -0.037652200000000011 0.16302229999999998 -0.019026599999999998
v -0.037652200000000011 0.16302229999999998 -0.013069399999999995
v -0.037652200000000011 0.16302229999999998 0.0048021999999999995
v -0.037652200000000011 0.16302229999999998 0.010759400000000009
v -0.037652200000000011 0.1689795 -0.019026599999999998
v -0.037652200000000011 0.1689795 -0.013069399999999995
v -0.037652200000000011 0.1689795 0.0048021999999999995
v -0.037652200000000011 0.1689795 0.010759400000000009
v -0.037652200000000011 0.1749367 -0.019026599999999998
v -0.037652200000000011 0.1749367 -0.013069399999999995
v -0.037652200000000011 0.1749367 -0.0071121999999999921
v -0.037652200000000011 0.1749367 -0.0011549999999999963
v -0.037652200000000011 0.1749367 0.0048021999999999995
v -0.037652200000000011 0.1808939 -0.019026599999999998
v -0.037652200000000011 0.1808939 -0.013069399999999995
v -0.037652200000000011 0.1808939 -0.0071121999999999921
v -0.037652200000000011 0.1808939 -0.0011549999999999963
v -0.031695000000000015 0.03196389999999999 -0.030940999999999996
v -0.031695000000000015 0.03196389999999999 -0.024983799999999994
v -0.031695000000000015 0.03196389999999999 -0.019026599999999998
v -0.031695000000000015 0.03196389999999999 -0.013069399999999995
v -0.031695000000000015 0.03196389999999999 -0.0071121999999999921
v -0.031695000000000015 0.03196389999999999 -0.0011549999999999963
v -0.031695000000000015 0.03196389999999999 0.0048021999999999995
v -0.031695000000000015 0.03196389999999999 0.010759400000000009
v -0.031695000000000015 0.03196389999999999 0.016716600000000005
v -0.031695000000000015 0.03196389999999999 0.022673800000000001
v -0.031695000000000015 0.03196389999999999 0.028631000000000011
v -0.031695000000000015 0.03196389999999999 0.034588200000000006
v -0.031695000000000015 0.03196389999999999 0.040545400000000002
v -0.031695000000000015 0.03196389999999999 0.046502600000000012
v -0.031695000000000015 0.03196389999999999 0.052459800000000008
v -0.031695000000000015 0.03196389999999999 0.058417000000000004
v -0.031695000000000015 0.037921099999999992 -0.030940999999999996
v -0.031695000000000015 0.037921099999999992 -0.013069399999999995
v -0.031695000000000015 0.037921099999999992 -0.0071121999999999921
v -0.031695000000000015 0.037921099999999992 -0.0011549999999999963
v -0.031695000000000015 0.037921099999999992 0.052459800000000008
v -0.031695000000000015 0.037921099999999992 0.058417000000000004
v -0.031695000000000015 0.043878299999999988 -0.030940999999999996
v -0.031695000000000015 0.043878299999999988 0.052459800000000008
v -0.031695000000000015 0.043878299999999988 0.058417000000000004
v -0.031695000000000015 0.049835499999999991 -0.030940999999999996
v -0.031695000000000015 0.049835499999999991 -0.024983799999999994
v -0.031695000000000015 0.049835499999999991 0.046502600000000012
v -0.031695000000000015 0.049835499999999991 0.052459800000000008
v -0.031695000000000015 0.055792699999999987 -0.036898199999999992
v -0.031695000000000015 0.055792699999999987 -0.030940999999999996
v -0.031695000000000015 0.055792699999999987 -0.024983799999999994
v -0.031695000000000015 0.055792699999999987 -0.019026599999999998
v -0.031695000000000015 0.055792699999999987 0.040545400000000002
v -0.031695000000000015 0.055792699999999987 0.046502600000000012
v -0.031695000000000015 0.06174989999999999 -0.036898199999999992
v -0.031695000000000015 0.06174989999999999 -0.030940999999999996
v -0.031695000000000015 0.06174989999999999 -0.024983799999999994
v -0.031695000000000015 0.06174989999999999 -0.019026599999999998
v -0.031695000000000015 0.06174989999999999 0.040545400000000002
v -0.031695000000000015 0.06174989999999999 0.046502600000000012
v -0.031695000000000015 0.067707099999999992 -0.036898199999999992
v -0.031695000000000015 0.067707099999999992 -0.030940999999999996
v -0.031695000000000015 0.067707099999999992 -0.024983799999999994
v -0.031695000000000015 0.067707099999999992 0.046502600000000012
v -0.031695000000000015 0.073664299999999988 -0.042855399999999995
v -0.031695000000000015 0.073664299999999988 -0.036898199999999992
v -0.031695000000000015 0.073664299999999988 -0.030940999999999996
v -0.031695000000000015 0.073664299999999988 0.046502600000000012
v -0.031695000000000015 0.073664299999999988 0.052459800000000008
v -0.031695000000000015 0.079621499999999984 -0.042855399999999995
v -0.031695000000000015 0.079621499999999984 -0.036898199999999992
v -0.031695000000000015 0.079621499999999984 -0.030940999999999996
v -0.031695000000000015 0.079621499999999984 0.046502600000000012
v -0.031695000000000015 0.079621499999999984 0.052459800000000008
v -0.031695000000000015 0.085578699999999994 -0.042855399999999995
v -0.031695000000000015 0.085578699999999994 -0.036898199999999992
v -0.031695000000000015 0.085578699999999994 -0.030940999999999996
v -0.031695000000000015 0.085578699999999994 0.046502600000000012
v -0.031695000000000015 0.085578699999999994 0.052459800000000008
v -0.031695000000000015 0.091535899999999989 -0.036898199999999992
v -0.031695000000000015 0.091535899999999989 -0.030940999999999996
v -0.031695000000000015 0.091535899999999989 -0.024983799999999994
v -0.031695000000000015 0.091535899999999989 0.046502600000000012
v -0.031695000000000015 0.091535899999999989 0.052459800000000008
v -0.031695000000000015 0.097493099999999985 -0.036898199999999992
v -0.031695000000000015 0.097493099999999985 -0.030940999999999996
v -0.031695000000000015 0.097493099999999985 -0.024983799999999994
v -0.031695000000000015 0.097493099999999985 0.046502600000000012
v -0.031695000000000015 0.097493099999999985 0.052459800000000008
v -0.031695000000000015 0.1034503 -0.024983799999999994
v -0.031695000000000015 0.1034503 0.046502600000000012
v -0.031695000000000015 0.10940749999999999 -0.024983799999999994
v -0.031695000000000015 0.10940749999999999 0.040545400000000002
v -0.031695000000000015 0.10940749999999999 0.046502600000000012
v -0.031695000000000015 0.11536469999999999 -0.024983799999999994
v -0.031695000000000015 0.11536469999999999 -0.019026599999999998
v -0.031695000000000015 0.11536469999999999 0.034588200000000006
v -0.031695000000000015 0.11536469999999999 0.040545400000000002
v -0.031695000000000015 0.1213219 -0.019026599999999998
v -0.031695000000000015 0.1213219 -0.013069399999999995
v -0.031695000000000015 0.1213219 0.028631000000000011
v -0.031695000000000015 0.1213219 0.034588200000000006
v -0.031695000000000015 0.1213219 0.040545400000000002
v -0.031695000000000015 0.12727909999999998 -0.013069399999999995
v -0.031695000000000015 0.12727909999999998 -0.0071121999999999921
v -0.031695000000000015 0.12727909999999998 -0.0011549999999999963
v -0.031695000000000015 0.12727909999999998 0.0048021999999999995
v -0.031695000000000015 0.12727909999999998 0.010759400000000009
v -0.031695000000000015 0.12727909999999998 0.016716600000000005
v -0.031695000000000015 0.12727909999999998 0.022673800000000001
v -0.031695000000000015 0.12727909999999998 0.028631000000000011
v -0.031695000000000015 0.13323629999999997 -0.0011549999999999963
v -0.031695000000000015 0.13323629999999997 0.0048021999999999995
v -0.031695000000000015 0.13323629999999997 0.010759400000000009
v -0.031695000000000015 0.13323629999999997 0.016716600000000005
v -0.031695000000000015 0.14515069999999999 -0.0071121999999999921
v -0.031695000000000015 0.14515069999999999 -0.0011549999999999963
v -0.031695000000000015 0.14515069999999999 0.0048021999999999995
v -0.031695000000000015 0.15110789999999999 -0.013069399999999995
v -0.031695000000000015 0.15110789999999999 -0.0071121999999999921
v -0.031695000000000015 0.15110789999999999 -0.0011549999999999963
v -0.031695000000000015 0.15110789999999999 0.0048021999999999995
v -0.031695000000000015 0.15706509999999999 -0.019026599999999998
v -0.031695000000000015 0.15706509999999999 -0.013069399999999995
v -0.031695000000000015 0.15706509999999999 0.0048021999999999995
v -0.031695000000000015 0.16302229999999998 -0.019026599999999998
v -0.031695000000000015 0.16302229999999998 -0.0011549999999999963
v -0.031695000000000015 0.16302229999999998 0.0048021999999999995
v -0.031695000000000015 0.1689795 -0.024983799999999994
v -0.031695000000000015 0.1689795 -0.019026599999999998
v -0.031695000000000015 0.1689795 -0.0011549999999999963
v -0.031695000000000015 0.1689795 0.0048021999999999995
v -0.031695000000000015 0.1749367 -0.024983799999999994
v -0.031695000000000015 0.1749367 -0.019026599999999998
v -0.031695000000000015 0.1749367 -0.0011549999999999963
v -0.031695000000000015 0.1749367 0.0048021999999999995
v -0.031695000000000015 0.1808939 -0.024983799999999994
v -0.031695000000000015 0.1808939 -0.019026599999999998
v -0.031695000000000015 0.1808939 -0.013069399999999995
v -0.031695000000000015 0.1808939 -0.0071121999999999921
v -0.031695000000000015 0.1808939 -0.0011549999999999963
v -0.031695000000000015 0.18685109999999999 -0.019026599999999998
v -0.031695000000000015 0.18685109999999999 -0.013069399999999995
v -0.031695000000000015 0.18685109999999999 -0.0071121999999999921
v -0.025737800000000005 0.03196389999999999 -0.030940999999999996
v -0.025737800000000005 0.03196389999999999 -0.024983799999999994
v -0.025737800000000005 0.03196389999999999 -0.019026599999999998
v -0.025737800000000005 0.03196389999999999 -0.013069399999999995
v -0.025737800000000005 0.03196389999999999 -0.0011549999999999963
v -0.025737800000000005 0.03196389999999999 0.0048021999999999995
v -0.025737800000000005 0.03196389999999999 0.010759400000000009
v -0.025737800000000005 0.03196389999999999 0.016716600000000005
v -0.025737800000000005 0.03196389999999999 0.022673800000000001
v -0.025737800000000005 0.03196389999999999 0.028631000000000011
v -0.025737800000000005 0.03196389999999999 0.034588200000000006
v -0.025737800000000005 0.03196389999999999 0.040545400000000002
v -0.025737800000000005 0.03196389999999999 0.046502600000000012
v -0.025737800000000005 0.03196389999999999 0.052459800000000008
v -0.025737800000000005 0.03196389999999999 0.058417000000000004
v -0.025737800000000005 0.037921099999999992 -0.030940999999999996
v -0.025737800000000005 0.037921099999999992 -0.013069399999999995
v -0.025737800000000005 0.037921099999999992 -0.0071121999999999921
v -0.025737800000000005 0.037921099999999992 -0.0011549999999999963
v -0.025737800000000005 0.037921099999999992 0.0048021999999999995
v -0.025737800000000005 0.037921099999999992 0.022673800000000001
v -0.025737800000000005 0.037921099999999992 0.028631000000000011
v -0.025737800000000005 0.037921099999999992 0.034588200000000006
v -0.025737800000000005 0.037921099999999992 0.058417000000000004
v -0.025737800000000005 0.043878299999999988 -0.030940999999999996
v -0.025737800000000005 0.043878299999999988 0.052459800000000008
v -0.025737800000000005 0.043878299999999988 0.058417000000000004
v -0.025737800000000005 0.049835499999999991 -0.036898199999999992
v -0.025737800000000005 0.049835499999999991 -0.030940999999999996
v -0.025737800000000005 0.049835499999999991 0.046502600000000012
v -0.025737800000000005 0.049835499999999991 0.052459800000000008
v -0.025737800000000005 0.049835499999999991 0.058417000000000004
v -0.025737800000000005 0.055792699999999987 -0.036898199999999992
v -0.025737800000000005 0.055792699999999987 -0.030940999999999996
v -0.025737800000000005 0.055792699999999987 0.040545400000000002
v -0.025737800000000005 0.055792699999999987 0.046502600000000012
v -0.025737800000000005 0.055792699999999987 0.052459800000000008
v -0.025737800000000005 0.06174989999999999 -0.042855399999999995
v -0.025737800000000005 0.06174989999999999 -0.036898199999999992
v -0.025737800000000005 0.06174989999999999 0.040545400000000002
v -0.025737800000000005 0.06174989999999999 0.046502600000000012
v -0.025737800000000005 0.06174989999999999 0.052459800000000008
v -0.025737800000000005 0.067707099999999992 -0.042855399999999995
v -0.025737800000000005 0.067707099999999992 -0.036898199999999992
v -0.025737800000000005 0.067707099999999992 0.046502600000000012
v -0.025737800000000005 0.067707099999999992 0.052459800000000008
v -0.025737800000000005 0.067707099999999992 0.058417000000000004
v -0.025737800000000005 0.073664299999999988 -0.042855399999999995
v -0.025737800000000005 0.073664299999999988 -0.036898199999999992
v -0.025737800000000005 0.073664299999999988 0.046502600000000012
v -0.025737800000000005 0.073664299999999988 0.052459800000000008
v -0.025737800000000005 0.073664299999999988 0.058417000000000004
v -0.025737800000000005 0.079621499999999984 -0.042855399999999995
v -0.025737800000000005 0.079621499999999984 0.052459800000000008
v -0.025737800000000005 0.079621499999999984 0.058417000000000004
v -0.025737800000000005 0.085578699999999994 -0.042855399999999995
v -0.025737800000000005 0.085578699999999994 -0.036898199999999992
v -0.025737800000000005 0.085578699999999994 0.052459800000000008
v -0.025737800000000005 0.085578699999999994 0.058417000000000004
v -0.025737800000000005 0.091535899999999989 -0.042855399999999995
v -0.025737800000000005 0.091535899999999989 -0.036898199999999992
v -0.025737800000000005 0.091535899999999989 0.052459800000000008
v -0.025737800000000005 0.091535899999999989 0.058417000000000004
v -0.025737800000000005 0.097493099999999985 -0.036898199999999992
v -0.025737800000000005 0.097493099999999985 -0.030940999999999996
v -0.025737800000000005 0.097493099999999985 -0.024983799999999994
v -0.025737800000000005 0.097493099999999985 0.046502600000000012
v -0.025737800000000005 0.097493099999999985 0.052459800000000008
v -0.025737800000000005 0.097493099999999985 0.058417000000000004
v -0.025737800000000005 0.1034503 -0.030940999999999996
v -0.025737800000000005 0.1034503 -0.024983799999999994
v -0.025737800000000005 0.1034503 0.046502600000000012
v -0.025737800000000005 0.10940749999999999 -0.024983799999999994
v -0.025737800000000005 0.10940749999999999 0.040545400000000002
v -0.025737800000000005 0.10940749999999999 0.046502600000000012
v -0.025737800000000005 0.11536469999999999 -0.024983799999999994
v -0.025737800000000005 0.11536469999999999 -0.019026599999999998
v -0.025737800000000005 0.11536469999999999 0.040545400000000002
v -0.025737800000000005 0.11536469999999999 0.046502600000000012
v -0.025737800000000005 0.1213219 -0.019026599999999998
v -0.025737800000000005 0.1213219 -0.013069399999999995
v -0.025737800000000005 0.1213219 0.028631000000000011
v -0.025737800000000005 0.1213219 0.034588200000000006
v -0.025737800000000005 0.1213219 0.040545400000000002
v -0.025737800000000005 0.12727909999999998 -0.013069399999999995
v -0.025737800000000005 0.12727909999999998 -0.0071121999999999921
v -0.025737800000000005 0.12727909999999998 -0.0011549999999999963
v -0.025737800000000005 0.12727909999999998 0.0048021999999999995
v -0.025737800000000005 0.12727909999999998 0.010759400000000009
v -0.025737800000000005 0.12727909999999998 0.016716600000000005
v -0.025737800000000005 0.12727909999999998 0.022673800000000001
v -0.025737800000000005 0.12727909999999998 0.028631000000000011
v -0.025737800000000005 0.12727909999999998 0.034588200000000006
v -0.025737800000000005 0.13323629999999997 0.0048021999999999995
v -0.025737800000000005 0.13323629999999997 0.010759400000000009
v -0.025737800000000005 0.13323629999999997 0.016716600000000005
v -0.025737800000000005 0.15110789999999999 -0.013069399999999995
v -0.025737800000000005 0.15110789999999999 -0.0071121999999999921
v -0.025737800000000005 0.15110789999999999 -0.0011549999999999963
v -0.025737800000000005 0.15110789999999999 0.0048021999999999995
v -0.025737800000000005 0.15706509999999999 -0.019026599999999998
v -0.025737800000000005 0.15706509999999999 -0.013069399999999995
v -0.025737800000000005 0.15706509999999999 -0.0011549999999999963
v -0.025737800000000005 0.15706509999999999 0.0048021999999999995
v -0.025737800000000005 0.16302229999999998 -0.024983799999999994
v -0.025737800000000005 0.16302229999999998 -0.019026599999999998
v -0.025737800000000005 0.16302229999999998 -0.0011549999999999963
v -0.025737800000000005 0.16302229999999998 0.0048021999999999995
v -0.025737800000000005 0.1689795 -0.024983799999999994
v -0.025737800000000005 0.1689795 -0.019026599999999998
v -0.025737800000000005 0.1689795 -0.0071121999999999921
v -0.025737800000000005 0.1689795 -0.0011549999999999963
v -0.025737800000000005 0.1749367 -0.024983799999999994
v -0.025737800000000005 0.1749367 -0.0071121999999999921
v -0.025737800000000005 0.1749367 -0.0011549999999999963
v -0.025737800000000005 0.1808939 -0.024983799999999994
v -0.025737800000000005 0.1808939 -0.019026599999999998
v -0.025737800000000005 0.1808939 -0.0071121999999999921
v -0.025737800000000005 0.1808939 -0.0011549999999999963
v -0.025737800000000005 0.18685109999999999 -0.024983799999999994
v -0.025737800000000005 0.18685109999999999 -0.019026599999999998
v -0.025737800000000005 0.18685109999999999 -0.013069399999999995
v -0.025737800000000005 0.18685109999999999 -0.0071121999999999921
v -0.019780600000000009 0.03196389999999999 -0.030940999999999996
v -0.019780600000000009 0.03196389999999999 -0.024983799999999994
v -0.019780600000000009 0.03196389999999999 -0.019026599999999998
v -0.019780600000000009 0.03196389999999999 -0.013069399999999995
v -0.019780600000000009 0.03196389999999999 0.0048021999999999995
v -0.019780600000000009 0.03196389999999999 0.010759400000000009
v -0.019780600000000009 0.03196389999999999 0.016716600000000005
v -0.019780600000000009 0.03196389999999999 0.022673800000000001
v -0.019780600000000009 0.03196389999999999 0.034588200000000006
v -0.019780600000000009 0.03196389999999999 0.040545400000000002
v -0.019780600000000009 0.03196389999999999 0.046502600000000012
v -0.019780600000000009 0.03196389999999999 0.052459800000000008
v -0.019780600000000009 0.03196389999999999 0.058417000000000004
v -0.019780600000000009 0.037921099999999992 -0.030940999999999996
v -0.019780600000000009 0.037921099999999992 -0.013069399999999995
v -0.019780600000000009 0.037921099999999992 -0.0071121999999999921
v -0.019780600000000009 0.037921099999999992 -0.0011549999999999963
v -0.019780600000000009 0.037921099999999992 0.0048021999999999995
v -0.019780600000000009 0.037921099999999992 0.010759400000000009
v -0.019780600000000009 0.037921099999999992 0.016716600000000005
v -0.019780600000000009 0.037921099999999992 0.022673800000000001
v -0.019780600000000009 0.037921099999999992 0.028631000000000011
v -0.019780600000000009 0.037921099999999992 0.034588200000000006
v -0.019780600000000009 0.037921099999999992 0.058417000000000004
v -0.019780600000000009 0.043878299999999988 -0.030940999999999996
v -0.019780600000000009 0.043878299999999988 0.052459800000000008
v -0.019780600000000009 0.043878299999999988 0.058417000000000004
v -0.019780600000000009 0.049835499999999991 -0.036898199999999992
v -0.019780600000000009 0.049835499999999991 -0.030940999999999996
v -0.019780600000000009 0.049835499999999991 0.052459800000000008
v -0.019780600000000009 0.049835499999999991 0.058417000000000004
v -0.019780600000000009 0.055792699999999987 -0.036898199999999992
v -0.019780600000000009 0.055792699999999987 0.052459800000000008
v -0.019780600000000009 0.055792699999999987 0.058417000000000004
v -0.019780600000000009 0.06174989999999999 -0.042855399999999995
v -0.019780600000000009 0.06174989999999999 -0.036898199999999992
v -0.019780600000000009 0.06174989999999999 0.052459800000000008
v -0.019780600000000009 0.06174989999999999 0.058417000000000004
v -0.019780600000000009 0.067707099999999992 -0.042855399999999995
v -0.019780600000000009 0.067707099999999992 0.052459800000000008
v -0.019780600000000009 0.067707099999999992 0.058417000000000004
v -0.019780600000000009 0.073664299999999988 -0.042855399999999995
v -0.019780600000000009 0.073664299999999988 0.058417000000000004
v -0.019780600000000009 0.079621499999999984 -0.042855399999999995
v -0.019780600000000009 0.079621499999999984 0.058417000000000004
v -0.019780600000000009 0.085578699999999994 -0.042855399999999995
v -0.019780600000000009 0.085578699999999994 0.058417000000000004
v -0.019780600000000009 0.091535899999999989 -0.042855399999999995
v -0.019780600000000009 0.091535899999999989 -0.036898199999999992
v -0.019780600000000009 0.091535899999999989 0.058417000000000004
v -0.019780600000000009 0.097493099999999985 -0.036898199999999992
v -0.019780600000000009 0.097493099999999985 -0.030940999999999996
v -0.019780600000000009 0.097493099999999985 0.046502600000000012
v -0.019780600000000009 0.097493099999999985 0.052459800000000008
v -0.019780600000000009 0.097493099999999985 0.058417000000000004
v -0.019780600000000009 0.1034503 -0.030940999999999996
v -0.019780600000000009 0.1034503 -0.024983799999999994
v -0.019780600000000009 0.1034503 0.046502600000000012
v -0.019780600000000009 0.1034503 0.052459800000000008
v -0.019780600000000009 0.10940749999999999 -0.024983799999999994
v -0.019780600000000009 0.10940749999999999 0.046502600000000012
v -0.019780600000000009 0.11536469999999999 -0.024983799999999994
v -0.019780600000000009 0.11536469999999999 -0.019026599999999998
v -0.019780600000000009 0.11536469999999999 0.040545400000000002
v -0.019780600000000009 0.11536469999999999 0.046502600000000012
v -0.019780600000000009 0.1213219 -0.019026599999999998
v -0.019780600000000009 0.1213219 -0.013069399999999995
v -0.019780600000000009 0.1213219 0.034588200000000006
v -0.019780600000000009 0.1213219 0.040545400000000002
v -0.019780600000000009 0.12727909999999998 -0.013069399999999995
v -0.019780600000000009 0.12727909999999998 -0.0071121999999999921
v -0.019780600000000009 0.12727909999999998 -0.0011549999999999963
v -0.019780600000000009 0.12727909999999998 0.0048021999999999995
v -0.019780600000000009 0.12727909999999998 0.016716600000000005
v -0.019780600000000009 0.12727909999999998 0.022673800000000001
v -0.019780600000000009 0.12727909999999998 0.028631000000000011
v -0.019780600000000009 0.12727909999999998 0.034588200000000006
v -0.019780600000000009 0.13323629999999997 -0.0011549999999999963
v -0.019780600000000009 0.13323629999999997 0.0048021999999999995
v -0.019780600000000009 0.13323629999999997 0.010759400000000009
v -0.019780600000000009 0.13323629999999997 0.016716600000000005
v -0.019780600000000009 0.13323629999999997 0.022673800000000001
v -0.019780600000000009 0.13323629999999997 0.028631000000000011
v -0.019780600000000009 0.15110789999999999 -0.013069399999999995
v -0.019780600000000009 0.15110789999999999 -0.0071121999999999921
v -0.019780600000000009 0.15110789999999999 -0.0011549999999999963
v -0.019780600000000009 0.15706509999999999 -0.019026599999999998
v -0.019780600000000009 0.15706509999999999 -0.013069399999999995
v -0.019780600000000009 0.15706509999999999 -0.0071121999999999921
v -0.019780600000000009 0.15706509999999999 -0.0011549999999999963
v -0.019780600000000009 0.16302229999999998 -0.024983799999999994
v -0.019780600000000009 0.16302229999999998 -0.019026599999999998
v -0.019780600000000009 0.16302229999999998 -0.0071121999999999921
v -0.019780600000000009 0.16302229999999998 -0.0011549999999999963
v -0.019780600000000009 0.1689795 -0.030940999999999996
v -0.019780600000000009 0.1689795 -0.024983799999999994
v -0.019780600000000009 0.1689795 -0.013069399999999995
v -0.019780600000000009 0.1689795 -0.0071121999999999921
v -0.019780600000000009 0.1689795 -0.0011549999999999963
v -0.019780600000000009 0.1749367 -0.030940999999999996
v -0.019780600000000009 0.1749367 -0.024983799999999994
v -0.019780600000000009 0.1749367 -0.013069399999999995
v -0.019780600000000009 0.1749367 -0.0071121999999999921
v -0.019780600000000009 0.1808939 -0.030940999999999996
v -0.019780600000000009 0.1808939 -0.024983799999999994
v -0.019780600000000009 0.1808939 -0.013069399999999995
v -0.019780600000000009 0.1808939 -0.0071121999999999921
v -0.019780600000000009 0.18685109999999999 -0.030940999999999996
v -0.019780600000000009 0.18685109999999999 -0.024983799999999994
v -0.019780600000000009 0.18685109999999999 -0.019026599999999998
v -0.019780600000000009 0.18685109999999999 -0.013069399999999995
v -0.019780600000000009 0.18685109999999999 -0.0071121999999999921
v -0.013823400000000013 0.03196389999999999 -0.030940999999999996
v -0.013823400000000013 0.03196389999999999 -0.024983799999999994
v -0.013823400000000013 0.03196389999999999 -0.019026599999999998
v -0.013823400000000013 0.03196389999999999 -0.013069399999999995
v -0.013823400000000013 0.03196389999999999 0.034588200000000006
v -0.013823400000000013 0.03196389999999999 0.040545400000000002
v -0.013823400000000013 0.03196389999999999 0.046502600000000012
v -0.013823400000000013 0.03196389999999999 0.052459800000000008
v -0.013823400000000013 0.03196389999999999 0.058417000000000004
v -0.013823400000000013 0.037921099999999992 -0.030940999999999996
v -0.013823400000000013 0.037921099999999992 -0.013069399999999995
v -0.013823400000000013 0.037921099999999992 -0.0071121999999999921
v -0.013823400000000013 0.037921099999999992 -0.0011549999999999963
v -0.013823400000000013 0.037921099999999992 0.0048021999999999995
v -0.013823400000000013 0.037921099999999992 0.010759400000000009
v -0.013823400000000013 0.037921099999999992 0.016716600000000005
v -0.013823400000000013 0.037921099999999992 0.022673800000000001
v -0.013823400000000013 0.037921099999999992 0.028631000000000011
v -0.013823400000000013 0.037921099999999992 0.034588200000000006
v -0.013823400000000013 0.037921099999999992 0.052459800000000008
v -0.013823400000000013 0.037921099999999992 0.058417000000000004
v -0.013823400000000013 0.043878299999999988 -0.036898199999999992
v -0.013823400000000013 0.043878299999999988 -0.030940999999999996
v -0.013823400000000013 0.043878299999999988 0.052459800000000008
v -0.013823400000000013 0.043878299999999988 0.058417000000000004
v -0.013823400000000013 0.049835499999999991 -0.036898199999999992
v -0.013823400000000013 0.049835499999999991 -0.030940999999999996
v -0.013823400000000013 0.049835499999999991 0.052459800000000008
v -0.013823400000000013 0.049835499999999991 0.058417000000000004
v -0.013823400000000013 0.055792699999999987 -0.036898199999999992
v -0.013823400000000013 0.055792699999999987 0.052459800000000008
v -0.013823400000000013 0.055792699999999987 0.058417000000000004
v -0.013823400000000013 0.06174989999999999 -0.042855399999999995
v -0.013823400000000013 0.06174989999999999 -0.036898199999999992
v -0.013823400000000013 0.06174989999999999 0.058417000000000004
v -0.013823400000000013 0.067707099999999992 -0.042855399999999995
v -0.013823400000000013 0.067707099999999992 0.058417000000000004
v -0.013823400000000013 0.073664299999999988 -0.042855399999999995
v -0.013823400000000013 0.073664299999999988 0.058417000000000004
v -0.013823400000000013 0.079621499999999984 -0.042855399999999995
v -0.013823400000000013 0.079621499999999984 0.058417000000000004
v -0.013823400000000013 0.085578699999999994 -0.042855399999999995
v -0.013823400000000013 0.085578699999999994 0.058417000000000004
v -0.013823400000000013 0.091535899999999989 -0.042855399999999995
v -0.013823400000000013 0.091535899999999989 -0.036898199999999992
v -0.013823400000000013 0.091535899999999989 0.058417000000000004
v -0.013823400000000013 0.097493099999999985 -0.036898199999999992
v -0.013823400000000013 0.097493099999999985 -0.030940999999999996
v -0.013823400000000013 0.097493099999999985 0.052459800000000008
v -0.013823400000000013 0.097493099999999985 0.058417000000000004
v -0.013823400000000013 0.1034503 -0.030940999999999996
v -0.013823400000000013 0.1034503 -0.024983799999999994
v -0.013823400000000013 0.1034503 0.046502600000000012
v -0.013823400000000013 0.1034503 0.052459800000000008
v -0.013823400000000013 0.10940749999999999 -0.024983799999999994
v -0.013823400000000013 0.10940749999999999 0.046502600000000012
v -0.013823400000000013 0.11536469999999999 -0.024983799999999994
v -0.013823400000000013 0.11536469999999999 -0.019026599999999998
v -0.013823400000000013 0.11536469999999999 0.040545400000000002
v -0.013823400000000013 0.11536469999999999 0.046502600000000012
v -0.013823400000000013 0.1213219 -0.019026599999999998
v -0.013823400000000013 0.1213219 -0.013069399999999995
v -0.013823400000000013 0.1213219 0.034588200000000006
v -0.013823400000000013 0.1213219 0.040545400000000002
v -0.013823400000000013 0.12727909999999998 -0.013069399999999995
v -0.013823400000000013 0.12727909999999998 -0.0071121999999999921
v -0.013823400000000013 0.12727909999999998 -0.0011549999999999963
v -0.013823400000000013 0.12727909999999998 0.028631000000000011
v -0.013823400000000013 0.12727909999999998 0.034588200000000006
v -0.013823400000000013 0.12727909999999998 0.040545400000000002
v -0.013823400000000013 0.13323629999999997 -0.0071121999999999921
v -0.013823400000000013 0.13323629999999997 -0.0011549999999999963
v -0.013823400000000013 0.13323629999999997 0.0048021999999999995
v -0.013823400000000013 0.13323629999999997 0.010759400000000009
v -0.013823400000000013 0.13323629999999997 0.016716600000000005
v -0.013823400000000013 0.13323629999999997 0.022673800000000001
v -0.013823400000000013 0.13323629999999997 0.028631000000000011
v -0.013823400000000013 0.15706509999999999 -0.019026599999999998
v -0.013823400000000013 0.15706509999999999 -0.013069399999999995
v -0.013823400000000013 0.15706509999999999 -0.0071121999999999921
v -0.013823400000000013 0.15706509999999999 -0.0011549999999999963
v -0.013823400000000013 0.16302229999999998 -0.024983799999999994
v -0.013823400000000013 0.16302229999999998 -0.019026599999999998
v -0.013823400000000013 0.16302229999999998 -0.013069399999999995
v -0.013823400000000013 0.16302229999999998 -0.0071121999999999921
v -0.013823400000000013 0.16302229999999998 -0.0011549999999999963
v -0.013823400000000013 0.1689795 -0.030940999999999996
v -0.013823400000000013 0.1689795 -0.024983799999999994
v -0.013823400000000013 0.1689795 -0.013069399999999995
v -0.013823400000000013 0.1689795 -0.0071121999999999921
v -0.013823400000000013 0.1749367 -0.030940999999999996
v -0.013823400000000013 0.1749367 -0.019026599999999998
v -0.013823400000000013 0.1749367 -0.013069399999999995
v -0.013823400000000013 0.1808939 -0.030940999999999996
v -0.013823400000000013 0.1808939 -0.019026599999999998
v -0.013823400000000013 0.1808939 -0.013069399999999995
v -0.013823400000000013 0.18685109999999999 -0.030940999999999996
v -0.013823400000000013 0.18685109999999999 -0.024983799999999994
v -0.013823400000000013 0.18685109999999999 -0.019026599999999998
v -0.013823400000000013 0.18685109999999999 -0.013069399999999995
v -0.0078662000000000037 0.03196389999999999 -0.030940999999999996
v -0.0078662000000000037 0.03196389999999999 -0.024983799999999994
v -0.0078662000000000037 0.03196389999999999 -0.019026599999999998
v -0.0078662000000000037 0.03196389999999999 -0.013069399999999995
v -0.0078662000000000037 0.03196389999999999 -0.0011549999999999963
v -0.0078662000000000037 0.03196389999999999 0.0048021999999999995
v -0.0078662000000000037 0.03196389999999999 0.010759400000000009
v -0.0078662000000000037 0.03196389999999999 0.016716600000000005
v -0.0078662000000000037 0.03196389999999999 0.022673800000000001
v -0.0078662000000000037 0.03196389999999999 0.034588200000000006
v -0.0078662000000000037 0.03196389999999999 0.040545400000000002
v -0.0078662000000000037 0.03196389999999999 0.046502600000000012
v -0.0078662000000000037 0.03196389999999999 0.052459800000000008
v -0.0078662000000000037 0.037921099999999992 -0.030940999999999996
v -0.0078662000000000037 0.037921099999999992 -0.013069399999999995
v -0.0078662000000000037 0.037921099999999992 -0.0071121999999999921
v -0.0078662000000000037 0.037921099999999992 -0.0011549999999999963
v -0.0078662000000000037 0.037921099999999992 0.0048021999999999995
v -0.0078662000000000037 0.037921099999999992 0.010759400000000009
v -0.0078662000000000037 0.037921099999999992 0.016716600000000005
v -0.0078662000000000037 0.037921099999999992 0.022673800000000001
v -0.0078662000000000037 0.037921099999999992 0.028631000000000011
v -0.0078662000000000037 0.037921099999999992 0.034588200000000006
v -0.0078662000000000037 0.037921099999999992 0.052459800000000008
v -0.0078662000000000037 0.043878299999999988 -0.036898199999999992
v -0.0078662000000000037 0.043878299999999988 -0.030940999999999996
v -0.0078662000000000037 0.043878299999999988 0.052459800000000008
v -0.0078662000000000037 0.049835499999999991 -0.036898199999999992
v -0.0078662000000000037 0.049835499999999991 -0.030940999999999996
v -0.0078662000000000037 0.049835499999999991 0.052459800000000008
v -0.0078662000000000037 0.049835499999999991 0.058417000000000004
v -0.0078662000000000037 0.055792699999999987 -0.036898199999999992
v -0.0078662000000000037 0.055792699999999987 0.058417000000000004
v -0.0078662000000000037 0.06174989999999999 -0.042855399999999995
v -0.0078662000000000037 0.06174989999999999 -0.036898199999999992
v -0.0078662000000000037 0.06174989999999999 0.058417000000000004
v -0.0078662000000000037 0.067707099999999992 -0.042855399999999995
v -0.0078662000000000037 0.067707099999999992 -0.036898199999999992
v -0.0078662000000000037 0.067707099999999992 0.058417000000000004
v -0.0078662000000000037 0.073664299999999988 -0.042855399999999995
v -0.0078662000000000037 0.073664299999999988 0.058417000000000004
v -0.0078662000000000037 0.079621499999999984 -0.042855399999999995
v -0.0078662000000000037 0.079621499999999984 0.058417000000000004
v -0.0078662000000000037 0.085578699999999994 -0.042855399999999995
v -0.0078662000000000037 0.085578699999999994 0.058417000000000004
v -0.0078662000000000037 0.091535899999999989 -0.042855399999999995
v -0.0078662000000000037 0.091535899999999989 -0.036898199999999992
v -0.0078662000000000037 0.091535899999999989 0.058417000000000004
v -0.0078662000000000037 0.097493099999999985 -0.036898199999999992
v -0.0078662000000000037 0.097493099999999985 -0.030940999999999996
v -0.0078662000000000037 0.097493099999999985 0.052459800000000008
v -0.0078662000000000037 0.097493099999999985 0.058417000000000004
v -0.0078662000000000037 0.1034503 -0.030940999999999996
v -0.0078662000000000037 0.1034503 -0.024983799999999994
v -0.0078662000000000037 0.1034503 0.046502600000000012
v -0.0078662000000000037 0.1034503 0.052459800000000008
v -0.0078662000000000037 0.10940749999999999 -0.024983799999999994
v -0.0078662000000000037 0.10940749999999999 0.046502600000000012
v -0.0078662000000000037 0.11536469999999999 -0.024983799999999994
v -0.0078662000000000037 0.11536469999999999 -0.019026599999999998
v -0.0078662000000000037 0.11536469999999999 0.040545400000000002
v -0.0078662000000000037 0.11536469999999999 0.046502600000000012
v -0.0078662000000000037 0.1213219 -0.019026599999999998
v -0.0078662000000000037 0.1213219 -0.013069399999999995
v -0.0078662000000000037 0.1213219 0.040545400000000002
v -0.0078662000000000037 0.12727909999999998 -0.013069399999999995
v -0.0078662000000000037 0.12727909999999998 -0.0071121999999999921
v -0.0078662000000000037 0.12727909999999998 0.028631000000000011
v -0.0078662000000000037 0.12727909999999998 0.034588200000000006
v -0.0078662000000000037 0.12727909999999998 0.040545400000000002
v -0.0078662000000000037 0.13323629999999997 -0.0071121999999999921
v -0.0078662000000000037 0.13323629999999997 -0.0011549999999999963
v -0.0078662000000000037 0.13323629999999997 0.0048021999999999995
v -0.0078662000000000037 0.13323629999999997 0.010759400000000009
v -0.0078662000000000037 0.13323629999999997 0.016716600000000005
v -0.0078662000000000037 0.13323629999999997 0.022673800000000001
v -0.0078662000000000037 0.13323629999999997 0.028631000000000011
v -0.0078662000000000037 0.13323629999999997 0.034588200000000006
v -0.0078662000000000037 0.16302229999999998 -0.024983799999999994
v -0.0078662000000000037 0.16302229999999998 -0.019026599999999998
v -0.0078662000000000037 0.16302229999999998 -0.013069399999999995
v -0.0078662000000000037 0.16302229999999998 -0.0071121999999999921
v -0.0078662000000000037 0.1689795 -0.030940999999999996
v -0.0078662000000000037 0.1689795 -0.024983799999999994
v -0.0078662000000000037 0.1689795 -0.019026599999999998
v -0.0078662000000000037 0.1689795 -0.013069399999999995
v -0.0078662000000000037 0.1689795 -0.0071121999999999921
v -0.0078662000000000037 0.1749367 -0.030940999999999996
v -0.0078662000000000037 0.1749367 -0.024983799999999994
v -0.0078662000000000037 0.1749367 -0.019026599999999998
v -0.0078662000000000037 0.1749367 -0.013069399999999995
v -0.0078662000000000037 0.1808939 -0.030940999999999996
v -0.0078662000000000037 0.1808939 -0.024983799999999994
v -0.0078662000000000037 0.1808939 -0.019026599999999998
v -0.0078662000000000037 0.18685109999999999 -0.030940999999999996
v -0.0078662000000000037 0.18685109999999999 -0.024983799999999994
v -0.0078662000000000037 0.18685109999999999 -0.019026599999999998
v -0.0019090000000000079 0.03196389999999999 -0.030940999999999996
v -0.0019090000000000079 0.03196389999999999 -0.024983799999999994
v -0.0019090000000000079 0.03196389999999999 -0.019026599999999998
v -0.0019090000000000079 0.03196389999999999 -0.013069399999999995
v -0.0019090000000000079 0.03196389999999999 -0.0071121999999999921
v -0.0019090000000000079 0.03196389999999999 -0.0011549999999999963
v -0.0019090000000000079 0.03196389999999999 0.0048021999999999995
v -0.0019090000000000079 0.03196389999999999 0.010759400000000009
v -0.0019090000000000079 0.03196389999999999 0.016716600000000005
v -0.0019090000000000079 0.03196389999999999 0.022673800000000001
v -0.0019090000000000079 0.03196389999999999 0.028631000000000011
v -0.0019090000000000079 0.03196389999999999 0.034588200000000006
v -0.0019090000000000079 0.03196389999999999 0.040545400000000002
v -0.0019090000000000079 0.03196389999999999 0.046502600000000012
v -0.0019090000000000079 0.03196389999999999 0.052459800000000008
v -0.0019090000000000079 0.037921099999999992 -0.030940999999999996
v -0.0019090000000000079 0.037921099999999992 -0.024983799999999994
v -0.0019090000000000079 0.037921099999999992 -0.013069399999999995
v -0.0019090000000000079 0.037921099999999992 -0.0071121999999999921
v -0.0019090000000000079 0.037921099999999992 -0.0011549999999999963
v -0.0019090000000000079 0.037921099999999992 0.022673800000000001
v -0.0019090000000000079 0.037921099999999992 0.028631000000000011
v -0.0019090000000000079 0.037921099999999992 0.034588200000000006
v -0.0019090000000000079 0.037921099999999992 0.052459800000000008
v -0.0019090000000000079 0.043878299999999988 -0.030940999999999996
v -0.0019090000000000079 0.043878299999999988 0.052459800000000008
v -0.0019090000000000079 0.049835499999999991 -0.036898199999999992
v -0.0019090000000000079 0.049835499999999991 -0.030940999999999996
v -0.0019090000000000079 0.049835499999999991 0.052459800000000008
v -0.0019090000000000079 0.049835499999999991 0.058417000000000004
v -0.0019090000000000079 0.055792699999999987 -0.036898199999999992
v -0.0019090000000000079 0.055792699999999987 0.058417000000000004
v -0.0019090000000000079 0.06174989999999999 -0.036898199999999992
v -0.0019090000000000079 0.06174989999999999 0.058417000000000004
v -0.0019090000000000079 0.067707099999999992 -0.042855399999999995
v -0.0019090000000000079 0.067707099999999992 -0.036898199999999992
v -0.0019090000000000079 0.067707099999999992 0.058417000000000004
v -0.0019090000000000079 0.073664299999999988 -0.042855399999999995
v -0.0019090000000000079 0.073664299999999988 -0.036898199999999992
v -0.0019090000000000079 0.073664299999999988 0.058417000000000004
v -0.0019090000000000079 0.079621499999999984 -0.042855399999999995
v -0.0019090000000000079 0.079621499999999984 -0.036898199999999992
v -0.0019090000000000079 0.079621499999999984 0.058417000000000004
v -0.0019090000000000079 0.085578699999999994 -0.042855399999999995
v -0.0019090000000000079 0.085578699999999994 -0.036898199999999992
v -0.0019090000000000079 0.085578699999999994 0.058417000000000004
v -0.0019090000000000079 0.091535899999999989 -0.042855399999999995
v -0.0019090000000000079 0.091535899999999989 -0.036898199999999992
v -0.0019090000000000079 0.091535899999999989 0.058417000000000004
v -0.0019090000000000079 0.097493099999999985 -0.036898199999999992
v -0.0019090000000000079 0.097493099999999985 -0.030940999999999996
v -0.0019090000000000079 0.097493099999999985 0.052459800000000008
v -0.0019090000000000079 0.097493099999999985 0.058417000000000004
v -0.0019090000000000079 0.1034503 -0.030940999999999996
v -0.0019090000000000079 0.1034503 -0.024983799999999994
v -0.0019090000000000079 0.1034503 0.046502600000000012
v -0.0019090000000000079 0.1034503 0.052459800000000008
v -0.0019090000000000079 0.10940749999999999 -0.024983799999999994
v -0.0019090000000000079 0.10940749999999999 0.046502600000000012
v -0.0019090000000000079 0.11536469999999999 -0.024983799999999994
v -0.0019090000000000079 0.11536469999999999 -0.019026599999999998
v -0.0019090000000000079 0.11536469999999999 0.040545400000000002
v -0.0019090000000000079 0.11536469999999999 0.046502600000000012
v -0.0019090000000000079 0.1213219 -0.019026599999999998
v -0.0019090000000000079 0.1213219 -0.013069399999999995
v -0.0019090000000000079 0.1213219 0.040545400000000002
v -0.0019090000000000079 0.12727909999999998 -0.013069399999999995
v -0.0019090000000000079 0.12727909999999998 -0.0071121999999999921
v -0.0019090000000000079 0.12727909999999998 0.034588200000000006
v -0.0019090000000000079 0.12727909999999998 0.040545400000000002
v -0.0019090000000000079 0.13323629999999997 -0.0071121999999999921
v -0.0019090000000000079 0.13323629999999997 -0.0011549999999999963
v -0.0019090000000000079 0.13323629999999997 0.0048021999999999995
v -0.0019090000000000079 0.13323629999999997 0.010759400000000009
v -0.0019090000000000079 0.13323629999999997 0.016716600000000005
v -0.0019090000000000079 0.13323629999999997 0.022673800000000001
v -0.0019090000000000079 0.13323629999999997 0.028631000000000011
v -0.0019090000000000079 0.13323629999999997 0.034588200000000006
v 0.0040481999999999879 0.03196389999999999 -0.024983799999999994
v 0.0040481999999999879 0.03196389999999999 -0.019026599999999998
v 0.0040481999999999879 0.03196389999999999 -0.013069399999999995
v 0.0040481999999999879 0.03196389999999999 -0.0071121999999999921
v 0.0040481999999999879 0.03196389999999999 -0.0011549999999999963
v 0.0040481999999999879 0.03196389999999999 0.0048021999999999995
v 0.0040481999999999879 0.03196389999999999 0.010759400000000009
v 0.0040481999999999879 0.03196389999999999 0.016716600000000005
v 0.0040481999999999879 0.03196389999999999 0.022673800000000001
v 0.0040481999999999879 0.03196389999999999 0.028631000000000011
v 0.0040481999999999879 0.03196389999999999 0.034588200000000006
v 0.0040481999999999879 0.03196389999999999 0.040545400000000002
v 0.0040481999999999879 0.03196389999999999 0.046502600000000012
v 0.0040481999999999879 0.03196389999999999 0.052459800000000008
v 0.0040481999999999879 0.037921099999999992 -0.030940999999999996
v 0.0040481999999999879 0.037921099999999992 -0.024983799999999994
v 0.0040481999999999879 0.037921099999999992 0.028631000000000011
v 0.0040481999999999879 0.037921099999999992 0.034588200000000006
v 0.0040481999999999879 0.037921099999999992 0.046502600000000012
v 0.0040481999999999879 0.037921099999999992 0.052459800000000008
v 0.0040481999999999879 0.043878299999999988 -0.030940999999999996
v 0.0040481999999999879 0.043878299999999988 0.052459800000000008
v 0.0040481999999999879 0.049835499999999991 -0.036898199999999992
v 0.0040481999999999879 0.049835499999999991 -0.030940999999999996
v 0.0040481999999999879 0.049835499999999991 0.052459800000000008
v 0.0040481999999999879 0.049835499999999991 0.058417000000000004
v 0.0040481999999999879 0.055792699999999987 -0.036898199999999992
v 0.0040481999999999879 0.055792699999999987 -0.030940999999999996
v 0.0040481999999999879 0.055792699999999987 0.058417000000000004
v 0.0040481999999999879 0.06174989999999999 -0.036898199999999992
v 0.0040481999999999879 0.06174989999999999 0.058417000000000004
v 0.0040481999999999879 0.067707099999999992 -0.036898199999999992
v 0.0040481999999999879 0.067707099999999992 0.058417000000000004
v 0.0040481999999999879 0.073664299999999988 -0.036898199999999992
v 0.0040481999999999879 0.073664299999999988 0.058417000000000004
v 0.0040481999999999879 0.079621499999999984 -0.036898199999999992
v 0.0040481999999999879 0.079621499999999984 0.058417000000000004
v 0.0040481999999999879 0.085578699999999994 -0.036898199999999992
v 0.0040481999999999879 0.085578699999999994 0.058417000000000004
v 0.0040481999999999879 0.091535899999999989 -0.036898199999999992
v 0.0040481999999999879 0.091535899999999989 0.058417000000000004
v 0.0040481999999999879 0.097493099999999985 -0.036898199999999992
v 0.0040481999999999879 0.097493099999999985 -0.030940999999999996
v 0.0040481999999999879 0.097493099999999985 0.052459800000000008
v 0.0040481999999999879 0.097493099999999985 0.058417000000000004
v 0.0040481999999999879 0.1034503 -0.030940999999999996
v 0.0040481999999999879 0.1034503 -0.024983799999999994
v 0.0040481999999999879 0.1034503 0.046502600000000012
v 0.0040481999999999879 0.1034503 0.052459800000000008
v 0.0040481999999999879 0.10940749999999999 -0.024983799999999994
v 0.0040481999999999879 0.10940749999999999 0.046502600000000012
v 0.0040481999999999879 0.11536469999999999 -0.024983799999999994
v 0.0040481999999999879 0.11536469999999999 -0.019026599999999998
v 0.0040481999999999879 0.11536469999999999 0.040545400000000002
v 0.0040481999999999879 0.11536469999999999 0.046502600000000012
v 0.0040481999999999879 0.1213219 -0.019026599999999998
v 0.0040481999999999879 0.1213219 -0.013069399999999995
v 0.0040481999999999879 0.1213219 0.040545400000000002
v 0.0040481999999999879 0.12727909999999998 -0.013069399999999995
v 0.0040481999999999879 0.12727909999999998 -0.0071121999999999921
v 0.0040481999999999879 0.12727909999999998 0.034588200000000006
v 0.0040481999999999879 0.12727909999999998 0.040545400000000002
v 0.0040481999999999879 0.13323629999999997 -0.0071121999999999921
v 0.0040481999999999879 0.13323629999999997 -0.0011549999999999963
v 0.0040481999999999879 0.13323629999999997 0.0048021999999999995
v 0.0040481999999999879 0.13323629999999997 0.010759400000000009
v 0.0040481999999999879 0.13323629999999997 0.016716600000000005
v 0.0040481999999999879 0.13323629999999997 0.022673800000000001
v 0.0040481999999999879 0.13323629999999997 0.028631000000000011
v 0.0040481999999999879 0.13323629999999997 0.034588200000000006
v 0.010005399999999998 0.03196389999999999 -0.024983799999999994
v 0.010005399999999998 0.03196389999999999 -0.019026599999999998
v 0.010005399999999998 0.03196389999999999 -0.013069399999999995
v 0.010005399999999998 0.03196389999999999 -0.0071121999999999921
v 0.010005399999999998 0.03196389999999999 -0.0011549999999999963
v 0.010005399999999998 0.03196389999999999 0.0048021999999999995
v 0.010005399999999998 0.03196389999999999 0.010759400000000009
v 0.010005399999999998 0.03196389999999999 0.016716600000000005
v 0.010005399999999998 0.03196389999999999 0.022673800000000001
v 0.010005399999999998 0.03196389999999999 0.028631000000000011
v 0.010005399999999998 0.03196389999999999 0.034588200000000006
v 0.010005399999999998 0.03196389999999999 0.040545400000000002
v 0.010005399999999998 0.03196389999999999 0.046502600000000012
v 0.010005399999999998 0.037921099999999992 -0.030940999999999996
v 0.010005399999999998 0.037921099999999992 -0.024983799999999994
v 0.010005399999999998 0.037921099999999992 0.046502600000000012
v 0.010005399999999998 0.037921099999999992 0.052459800000000008
v 0.010005399999999998 0.043878299999999988 -0.030940999999999996
v 0.010005399999999998 0.043878299999999988 -0.024983799999999994
v 0.010005399999999998 0.043878299999999988 0.046502600000000012
v 0.010005399999999998 0.043878299999999988 0.052459800000000008
v 0.010005399999999998 0.049835499999999991 -0.030940999999999996
v 0.010005399999999998 0.049835499999999991 0.052459800000000008
v 0.010005399999999998 0.049835499999999991 0.058417000000000004
v 0.010005399999999998 0.055792699999999987 -0.036898199999999992
v 0.010005399999999998 0.055792699999999987 -0.030940999999999996
v 0.010005399999999998 0.055792699999999987 0.052459800000000008
v 0.010005399999999998 0.055792699999999987 0.058417000000000004
v 0.010005399999999998 0.06174989999999999 -0.036898199999999992
v 0.010005399999999998 0.06174989999999999 -0.030940999999999996
v 0.010005399999999998 0.06174989999999999 0.058417000000000004
v 0.010005399999999998 0.067707099999999992 -0.036898199999999992
v 0.010005399999999998 0.067707099999999992 0.058417000000000004
v 0.010005399999999998 0.073664299999999988 -0.036898199999999992
v 0.010005399999999998 0.073664299999999988 0.058417000000000004
v 0.010005399999999998 0.079621499999999984 -0.036898199999999992
v 0.010005399999999998 0.079621499999999984 0.058417000000000004
v 0.010005399999999998 0.085578699999999994 -0.036898199999999992
v 0.010005399999999998 0.085578699999999994 0.058417000000000004
v 0.010005399999999998 0.091535899999999989 -0.036898199999999992
v 0.010005399999999998 0.091535899999999989 -0.030940999999999996
v 0.010005399999999998 0.091535899999999989 0.058417000000000004
v 0.010005399999999998 0.097493099999999985 -0.036898199999999992
v 0.010005399999999998 0.097493099999999985 -0.030940999999999996
v 0.010005399999999998 0.097493099999999985 -0.024983799999999994
v 0.010005399999999998 0.097493099999999985 0.052459800000000008
v 0.010005399999999998 0.097493099999999985 0.058417000000000004
v 0.010005399999999998 0.1034503 -0.030940999999999996
v 0.010005399999999998 0.1034503 -0.024983799999999994
v 0.010005399999999998 0.1034503 0.046502600000000012
v 0.010005399999999998 0.1034503 0.052459800000000008
v 0.010005399999999998 0.10940749999999999 -0.024983799999999994
v 0.010005399999999998 0.10940749999999999 0.046502600000000012
v 0.010005399999999998 0.11536469999999999 -0.024983799999999994
v 0.010005399999999998 0.11536469999999999 -0.019026599999999998
v 0.010005399999999998 0.11536469999999999 0.040545400000000002
v 0.010005399999999998 0.11536469999999999 0.046502600000000012
v 0.010005399999999998 0.1213219 -0.019026599999999998
v 0.010005399999999998 0.1213219 -0.013069399999999995
v 0.010005399999999998 0.1213219 0.040545400000000002
v 0.010005399999999998 0.12727909999999998 -0.013069399999999995
v 0.010005399999999998 0.12727909999999998 -0.0071121999999999921
v 0.010005399999999998 0.12727909999999998 0.028631000000000011
v 0.010005399999999998 0.12727909999999998 0.034588200000000006
v 0.010005399999999998 0.12727909999999998 0.040545400000000002
v 0.010005399999999998 0.13323629999999997 -0.0071121999999999921
v 0.010005399999999998 0.13323629999999997 -0.0011549999999999963
v 0.010005399999999998 0.13323629999999997 0.0048021999999999995
v 0.010005399999999998 0.13323629999999997 0.010759400000000009
v 0.010005399999999998 0.13323629999999997 0.016716600000000005
v 0.010005399999999998 0.13323629999999997 0.022673800000000001
v 0.010005399999999998 0.13323629999999997 0.028631000000000011
v 0.010005399999999998 0.13323629999999997 0.034588200000000006
v 0.015962599999999993 0.03196389999999999 -0.024983799999999994
v 0.015962599999999993 0.03196389999999999 -0.019026599999999998
v 0.015962599999999993 0.03196389999999999 -0.013069399999999995
v 0.015962599999999993 0.03196389999999999 -0.0071121999999999921
v 0.015962599999999993 0.03196389999999999 -0.0011549999999999963
v 0.015962599999999993 0.03196389999999999 0.0048021999999999995
v 0.015962599999999993 0.03196389999999999 0.010759400000000009
v 0.015962599999999993 0.03196389999999999 0.016716600000000005
v 0.015962599999999993 0.03196389999999999 0.022673800000000001
v 0.015962599999999993 0.03196389999999999 0.028631000000000011
v 0.015962599999999993 0.03196389999999999 0.034588200000000006
v 0.015962599999999993 0.03196389999999999 0.040545400000000002
v 0.015962599999999993 0.03196389999999999 0.046502600000000012
v 0.015962599999999993 0.037921099999999992 -0.024983799999999994
v 0.015962599999999993 0.037921099999999992 0.046502600000000012
v 0.015962599999999993 0.043878299999999988 -0.030940999999999996
v 0.015962599999999993 0.043878299999999988 -0.024983799999999994
v 0.015962599999999993 0.043878299999999988 0.046502600000000012
v 0.015962599999999993 0.043878299999999988 0.052459800000000008
v 0.015962599999999993 0.049835499999999991 -0.030940999999999996
v 0.015962599999999993 0.049835499999999991 0.046502600000000012
v 0.015962599999999993 0.049835499999999991 0.052459800000000008
v 0.015962599999999993 0.055792699999999987 -0.030940999999999996
v 0.015962599999999993 0.055792699999999987 0.052459800000000008
v 0.015962599999999993 0.055792699999999987 0.058417000000000004
v 0.015962599999999993 0.06174989999999999 -0.036898199999999992
v 0.015962599999999993 0.06174989999999999 -0.030940999999999996
v 0.015962599999999993 0.06174989999999999 0.052459800000000008
v 0.015962599999999993 0.06174989999999999 0.058417000000000004
v 0.015962599999999993 0.067707099999999992 -0.036898199999999992
v 0.015962599999999993 0.067707099999999992 -0.030940999999999996
v 0.015962599999999993 0.067707099999999992 0.052459800000000008
v 0.015962599999999993 0.067707099999999992 0.058417000000000004
v 0.015962599999999993 0.073664299999999988 -0.036898199999999992
v 0.015962599999999993 0.073664299999999988 -0.030940999999999996
v 0.015962599999999993 0.073664299999999988 0.058417000000000004
v 0.015962599999999993 0.079621499999999984 -0.036898199999999992
v 0.015962599999999993 0.079621499999999984 -0.030940999999999996
v 0.015962599999999993 0.079621499999999984 0.058417000000000004
v 0.015962599999999993 0.085578699999999994 -0.036898199999999992
v 0.015962599999999993 0.085578699999999994 -0.030940999999999996
v 0.015962599999999993 0.085578699999999994 0.052459800000000008
v 0.015962599999999993 0.085578699999999994 0.058417000000000004
v 0.015962599999999993 0.091535899999999989 -0.036898199999999992
v 0.015962599999999993 0.091535899999999989 -0.030940999999999996
v 0.015962599999999993 0.091535899999999989 0.052459800000000008
v 0.015962599999999993 0.091535899999999989 0.058417000000000004
v 0.015962599999999993 0.097493099999999985 -0.030940999999999996
v 0.015962599999999993 0.097493099999999985 -0.024983799999999994
v 0.015962599999999993 0.097493099999999985 0.052459800000000008
v 0.015962599999999993 0.097493099999999985 0.058417000000000004
v 0.015962599999999993 0.1034503 -0.024983799999999994
v 0.015962599999999993 0.1034503 0.046502600000000012
v 0.015962599999999993 0.1034503 0.052459800000000008
v 0.015962599999999993 0.10940749999999999 -0.024983799999999994
v 0.015962599999999993 0.10940749999999999 -0.019026599999999998
v 0.015962599999999993 0.10940749999999999 0.040545400000000002
v 0.015962599999999993 0.10940749999999999 0.046502600000000012
v 0.015962599999999993 0.11536469999999999 -0.024983799999999994
v 0.015962599999999993 0.11536469999999999 -0.019026599999999998
v 0.015962599999999993 0.11536469999999999 0.040545400000000002
v 0.015962599999999993 0.11536469999999999 0.046502600000000012
v 0.015962599999999993 0.1213219 -0.019026599999999998
v 0.015962599999999993 0.1213219 -0.013069399999999995
v 0.015962599999999993 0.1213219 0.034588200000000006
v 0.015962599999999993 0.1213219 0.040545400000000002
v 0.015962599999999993 0.12727909999999998 -0.013069399999999995
v 0.015962599999999993 0.12727909999999998 -0.0071121999999999921
v 0.015962599999999993 0.12727909999999998 -0.0011549999999999963
v 0.015962599999999993 0.12727909999999998 0.028631000000000011
v 0.015962599999999993 0.12727909999999998 0.034588200000000006
v 0.015962599999999993 0.12727909999999998 0.040545400000000002
v 0.015962599999999993 0.13323629999999997 -0.0071121999999999921
v 0.015962599999999993 0.13323629999999997 -0.0011549999999999963
v 0.015962599999999993 0.13323629999999997 0.0048021999999999995
v 0.015962599999999993 0.13323629999999997 0.010759400000000009
v 0.015962599999999993 0.13323629999999997 0.016716600000000005
v 0.015962599999999993 0.13323629999999997 0.022673800000000001
v 0.015962599999999993 0.13323629999999997 0.028631000000000011
v 0.021919799999999989 0.03196389999999999 -0.024983799999999994
v 0.021919799999999989 0.03196389999999999 -0.019026599999999998
v 0.021919799999999989 0.03196389999999999 -0.013069399999999995
v 0.021919799999999989 0.03196389999999999 -0.0071121999999999921
v 0.021919799999999989 0.03196389999999999 -0.0011549999999999963
v 0.021919799999999989 0.03196389999999999 0.0048021999999999995
v 0.021919799999999989 0.03196389999999999 0.010759400000000009
v 0.021919799999999989 0.03196389999999999 0.016716600000000005
v 0.021919799999999989 0.03196389999999999 0.022673800000000001
v 0.021919799999999989 0.03196389999999999 0.028631000000000011
v 0.021919799999999989 0.03196389999999999 0.034588200000000006
v 0.021919799999999989 0.03196389999999999 0.040545400000000002
v 0.021919799999999989 0.03196389999999999 0.046502600000000012
v 0.021919799999999989 0.037921099999999992 -0.024983799999999994
v 0.021919799999999989 0.037921099999999992 -0.019026599999999998
v 0.021919799999999989 0.037921099999999992 -0.013069399999999995
v 0.021919799999999989 0.037921099999999992 -0.0071121999999999921
v 0.021919799999999989 0.037921099999999992 0.040545400000000002
v 0.021919799999999989 0.037921099999999992 0.046502600000000012
v 0.021919799999999989 0.043878299999999988 -0.030940999999999996
v 0.021919799999999989 0.043878299999999988 -0.024983799999999994
v 0.021919799999999989 0.043878299999999988 -0.019026599999999998
v 0.021919799999999989 0.043878299999999988 0.046502600000000012
v 0.021919799999999989 0.049835499999999991 -0.030940999999999996
v 0.021919799999999989 0.049835499999999991 -0.024983799999999994
v 0.021919799999999989 0.049835499999999991 0.046502600000000012
v 0.021919799999999989 0.049835499999999991 0.052459800000000008
v 0.021919799999999989 0.055792699999999987 -0.030940999999999996
v 0.021919799999999989 0.055792699999999987 0.046502600000000012
v 0.021919799999999989 0.055792699999999987 0.052459800000000008
v 0.021919799999999989 0.06174989999999999 -0.030940999999999996
v 0.021919799999999989 0.06174989999999999 0.052459800000000008
v 0.021919799999999989 0.067707099999999992 -0.030940999999999996
v 0.021919799999999989 0.067707099999999992 0.052459800000000008
v 0.021919799999999989 0.067707099999999992 0.058417000000000004
v 0.021919799999999989 0.073664299999999988 -0.030940999999999996
v 0.021919799999999989 0.073664299999999988 0.052459800000000008
v 0.021919799999999989 0.073664299999999988 0.058417000000000004
v 0.021919799999999989 0.079621499999999984 -0.030940999999999996
v 0.021919799999999989 0.079621499999999984 0.052459800000000008
v 0.021919799999999989 0.079621499999999984 0.058417000000000004
v 0.021919799999999989 0.085578699999999994 -0.030940999999999996
v 0.021919799999999989 0.085578699999999994 0.052459800000000008
v 0.021919799999999989 0.085578699999999994 0.058417000000000004
v 0.021919799999999989 0.091535899999999989 -0.030940999999999996
v 0.021919799999999989 0.091535899999999989 -0.024983799999999994
v 0.021919799999999989 0.091535899999999989 0.052459800000000008
v 0.021919799999999989 0.097493099999999985 -0.030940999999999996
v 0.021919799999999989 0.097493099999999985 -0.024983799999999994
v 0.021919799999999989 0.097493099999999985 0.046502600000000012
v 0.021919799999999989 0.097493099999999985 0.052459800000000008
v 0.021919799999999989 0.1034503 -0.024983799999999994
v 0.021919799999999989 0.1034503 -0.019026599999999998
v 0.021919799999999989 0.1034503 0.046502600000000012
v 0.021919799999999989 0.1034503 0.052459800000000008
v 0.021919799999999989 0.10940749999999999 -0.024983799999999994
v 0.021919799999999989 0.10940749999999999 -0.019026599999999998
v 0.021919799999999989 0.10940749999999999 0.040545400000000002
v 0.021919799999999989 0.10940749999999999 0.046502600000000012
v 0.021919799999999989 0.11536469999999999 -0.019026599999999998
v 0.021919799999999989 0.11536469999999999 -0.013069399999999995
v 0.021919799999999989 0.11536469999999999 0.040545400000000002
v 0.021919799999999989 0.1213219 -0.019026599999999998
v 0.021919799999999989 0.1213219 -0.013069399999999995
v 0.021919799999999989 0.1213219 -0.0071121999999999921
v 0.021919799999999989 0.1213219 0.034588200000000006
v 0.021919799999999989 0.1213219 0.040545400000000002
v 0.021919799999999989 0.12727909999999998 -0.013069399999999995
v 0.021919799999999989 0.12727909999999998 -0.0071121999999999921
v 0.021919799999999989 0.12727909999999998 -0.0011549999999999963
v 0.021919799999999989 0.12727909999999998 0.0048021999999999995
v 0.021919799999999989 0.12727909999999998 0.010759400000000009
v 0.021919799999999989 0.12727909999999998 0.016716600000000005
v 0.021919799999999989 0.12727909999999998 0.022673800000000001
v 0.021919799999999989 0.12727909999999998 0.028631000000000011
v 0.021919799999999989 0.12727909999999998 0.034588200000000006
v 0.021919799999999989 0.13323629999999997 -0.0011549999999999963
v 0.021919799999999989 0.13323629999999997 0.0048021999999999995
v 0.021919799999999989 0.13323629999999997 0.010759400000000009
v 0.021919799999999989 0.13323629999999997 0.016716600000000005
v 0.021919799999999989 0.13323629999999997 0.022673800000000001
v 0.021919799999999989 0.13323629999999997 0.028631000000000011
v 0.027876999999999985 0.03196389999999999 -0.0071121999999999921
v 0.027876999999999985 0.03196389999999999 -0.0011549999999999963
v 0.027876999999999985 0.03196389999999999 0.0048021999999999995
v 0.027876999999999985 0.03196389999999999 0.010759400000000009
v 0.027876999999999985 0.03196389999999999 0.016716600000000005
v 0.027876999999999985 0.03196389999999999 0.022673800000000001
v 0.027876999999999985 0.03196389999999999 0.028631000000000011
v 0.027876999999999985 0.03196389999999999 0.034588200000000006
v 0.027876999999999985 0.03196389999999999 0.040545400000000002
v 0.027876999999999985 0.037921099999999992 -0.019026599999999998
v 0.027876999999999985 0.037921099999999992 -0.013069399999999995
v 0.027876999999999985 0.037921099999999992 -0.0071121999999999921
v 0.027876999999999985 0.037921099999999992 -0.0011549999999999963
v 0.027876999999999985 0.037921099999999992 0.028631000000000011
v 0.027876999999999985 0.037921099999999992 0.034588200000000006
v 0.027876999999999985 0.037921099999999992 0.040545400000000002
v 0.027876999999999985 0.037921099999999992 0.046502600000000012
v 0.027876999999999985 0.043878299999999988 -0.024983799999999994
v 0.027876999999999985 0.043878299999999988 -0.019026599999999998
v 0.027876999999999985 0.043878299999999988 -0.013069399999999995
v 0.027876999999999985 0.043878299999999988 -0.0071121999999999921
v 0.027876999999999985 0.043878299999999988 0.034588200000000006
v 0.027876999999999985 0.043878299999999988 0.040545400000000002
v 0.027876999999999985 0.043878299999999988 0.046502600000000012
v 0.027876999999999985 0.049835499999999991 -0.030940999999999996
v 0.027876999999999985 0.049835499999999991 -0.024983799999999994
v 0.027876999999999985 0.049835499999999991 -0.019026599999999998
v 0.027876999999999985 0.049835499999999991 0.040545400000000002
v 0.027876999999999985 0.049835499999999991 0.046502600000000012
v 0.027876999999999985 0.055792699999999987 -0.030940999999999996
v 0.027876999999999985 0.055792699999999987 -0.024983799999999994
v 0.027876999999999985 0.055792699999999987 0.046502600000000012
v 0.027876999999999985 0.055792699999999987 0.052459800000000008
v 0.027876999999999985 0.06174989999999999 -0.030940999999999996
v 0.027876999999999985 0.06174989999999999 -0.024983799999999994
v 0.027876999999999985 0.06174989999999999 0.046502600000000012
v 0.027876999999999985 0.06174989999999999 0.052459800000000008
v 0.027876999999999985 0.067707099999999992 -0.030940999999999996
v 0.027876999999999985 0.067707099999999992 -0.024983799999999994
v 0.027876999999999985 0.067707099999999992 0.046502600000000012
v 0.027876999999999985 0.067707099999999992 0.052459800000000008
v 0.027876999999999985 0.073664299999999988 -0.030940999999999996
v 0.027876999999999985 0.073664299999999988 -0.024983799999999994
v 0.027876999999999985 0.073664299999999988 0.046502600000000012
v 0.027876999999999985 0.073664299999999988 0.052459800000000008
v 0.027876999999999985 0.079621499999999984 -0.030940999999999996
v 0.027876999999999985 0.079621499999999984 -0.024983799999999994
v 0.027876999999999985 0.079621499999999984 0.046502600000000012
v 0.027876999999999985 0.079621499999999984 0.052459800000000008
v 0.027876999999999985 0.085578699999999994 -0.030940999999999996
v 0.027876999999999985 0.085578699999999994 -0.024983799999999994
v 0.027876999999999985 0.085578699999999994 0.046502600000000012
v 0.027876999999999985 0.085578699999999994 0.052459800000000008
v 0.027876999999999985 0.091535899999999989 -0.030940999999999996
v 0.027876999999999985 0.091535899999999989 -0.024983799999999994
v 0.027876999999999985 0.091535899999999989 0.046502600000000012
v 0.027876999999999985 0.091535899999999989 0.052459800000000008
v 0.027876999999999985 0.097493099999999985 -0.024983799999999994
v 0.027876999999999985 0.097493099999999985 -0.019026599999999998
v 0.027876999999999985 0.097493099999999985 0.046502600000000012
v 0.027876999999999985 0.097493099999999985 0.052459800000000008
v 0.027876999999999985 0.1034503 -0.024983799999999994
v 0.027876999999999985 0.1034503 -0.019026599999999998
v 0.027876999999999985 0.1034503 0.040545400000000002
v 0.027876999999999985 0.1034503 0.046502600000000012
v 0.027876999999999985 0.10940749999999999 -0.019026599999999998
v 0.027876999999999985 0.10940749999999999 -0.013069399999999995
v 0.027876999999999985 0.10940749999999999 0.040545400000000002
v 0.027876999999999985 0.10940749999999999 0.046502600000000012
v 0.027876999999999985 0.11536469999999999 -0.019026599999999998
v 0.027876999999999985 0.11536469999999999 -0.013069399999999995
v 0.027876999999999985 0.11536469999999999 -0.0071121999999999921
v 0.027876999999999985 0.11536469999999999 0.034588200000000006
v 0.027876999999999985 0.11536469999999999 0.040545400000000002
v 0.027876999999999985 0.1213219 -0.013069399999999995
v 0.027876999999999985 0.1213219 -0.0071121999999999921
v 0.027876999999999985 0.1213219 -0.0011549999999999963
v 0.027876999999999985 0.1213219 0.0048021999999999995
v 0.027876999999999985 0.1213219 0.016716600000000005
v 0.027876999999999985 0.1213219 0.022673800000000001
v 0.027876999999999985 0.1213219 0.028631000000000011
v 0.027876999999999985 0.1213219 0.034588200000000006
v 0.027876999999999985 0.1213219 0.040545400000000002
v 0.027876999999999985 0.12727909999999998 -0.0071121999999999921
v 0.027876999999999985 0.12727909999999998 -0.0011549999999999963
v 0.027876999999999985 0.12727909999999998 0.0048021999999999995
v 0.027876999999999985 0.12727909999999998 0.010759400000000009
v 0.027876999999999985 0.12727909999999998 0.016716600000000005
v 0.027876999999999985 0.12727909999999998 0.022673800000000001
v 0.027876999999999985 0.12727909999999998 0.028631000000000011
v 0.027876999999999985 0.12727909999999998 0.034588200000000006
v 0.033834199999999981 0.03196389999999999 -0.0011549999999999963
v 0.033834199999999981 0.03196389999999999 0.0048021999999999995
v 0.033834199999999981 0.03196389999999999 0.010759400000000009
v 0.033834199999999981 0.03196389999999999 0.016716600000000005
v 0.033834199999999981 0.03196389999999999 0.022673800000000001
v 0.033834199999999981 0.03196389999999999 0.028631000000000011
v 0.033834199999999981 0.037921099999999992 -0.0071121999999999921
v 0.033834199999999981 0.037921099999999992 -0.0011549999999999963
v 0.033834199999999981 0.037921099999999992 0.022673800000000001
v 0.033834199999999981 0.037921099999999992 0.028631000000000011
v 0.033834199999999981 0.037921099999999992 0.034588200000000006
v 0.033834199999999981 0.043878299999999988 -0.019026599999999998
v 0.033834199999999981 0.043878299999999988 -0.013069399999999995
v 0.033834199999999981 0.043878299999999988 -0.0071121999999999921
v 0.033834199999999981 0.043878299999999988 0.034588200000000006
v 0.033834199999999981 0.043878299999999988 0.040545400000000002
v 0.033834199999999981 0.049835499999999991 -0.024983799999999994
v 0.033834199999999981 0.049835499999999991 -0.019026599999999998
v 0.033834199999999981 0.049835499999999991 -0.013069399999999995
v 0.033834199999999981 0.049835499999999991 -0.0071121999999999921
v 0.033834199999999981 0.049835499999999991 0.034588200000000006
v 0.033834199999999981 0.049835499999999991 0.040545400000000002
v 0.033834199999999981 0.049835499999999991 0.046502600000000012
v 0.033834199999999981 0.055792699999999987 -0.024983799999999994
v 0.033834199999999981 0.055792699999999987 -0.019026599999999998
v 0.033834199999999981 0.055792699999999987 -0.013069399999999995
v 0.033834199999999981 0.055792699999999987 0.040545400000000002
v 0.033834199999999981 0.055792699999999987 0.046502600000000012
v 0.033834199999999981 0.06174989999999999 -0.024983799999999994
v 0.033834199999999981 0.06174989999999999 -0.019026599999999998
v 0.033834199999999981 0.06174989999999999 0.040545400000000002
v 0.033834199999999981 0.06174989999999999 0.046502600000000012
v 0.033834199999999981 0.067707099999999992 -0.024983799999999994
v 0.033834199999999981 0.067707099999999992 -0.019026599999999998
v 0.033834199999999981 0.067707099999999992 0.040545400000000002
v 0.033834199999999981 0.067707099999999992 0.046502600000000012
v 0.033834199999999981 0.073664299999999988 -0.024983799999999994
v 0.033834199999999981 0.073664299999999988 -0.019026599999999998
v 0.033834199999999981 0.073664299999999988 0.040545400000000002
v 0.033834199999999981 0.073664299999999988 0.046502600000000012
v 0.033834199999999981 0.079621499999999984 -0.024983799999999994
v 0.033834199999999981 0.079621499999999984 -0.019026599999999998
v 0.033834199999999981 0.079621499999999984 0.040545400000000002
v 0.033834199999999981 0.079621499999999984 0.046502600000000012
v 0.033834199999999981 0.085578699999999994 -0.024983799999999994
v 0.033834199999999981 0.085578699999999994 -0.019026599999999998
v 0.033834199999999981 0.085578699999999994 0.046502600000000012
v 0.033834199999999981 0.091535899999999989 -0.024983799999999994
v 0.033834199999999981 0.091535899999999989 -0.019026599999999998
v 0.033834199999999981 0.091535899999999989 0.040545400000000002
v 0.033834199999999981 0.091535899999999989 0.046502600000000012
v 0.033834199999999981 0.097493099999999985 -0.024983799999999994
v 0.033834199999999981 0.097493099999999985 -0.019026599999999998
v 0.033834199999999981 0.097493099999999985 0.040545400000000002
v 0.033834199999999981 0.097493099999999985 0.046502600000000012
v 0.033834199999999981 0.1034503 -0.019026599999999998
v 0.033834199999999981 0.1034503 -0.013069399999999995
v 0.033834199999999981 0.1034503 0.034588200000000006
v 0.033834199999999981 0.1034503 0.040545400000000002
v 0.033834199999999981 0.1034503 0.046502600000000012
v 0.033834199999999981 0.10940749999999999 -0.019026599999999998
v 0.033834199999999981 0.10940749999999999 -0.013069399999999995
v 0.033834199999999981 0.10940749999999999 -0.0071121999999999921
v 0.033834199999999981 0.10940749999999999 0.034588200000000006
v 0.033834199999999981 0.10940749999999999 0.040545400000000002
v 0.033834199999999981 0.11536469999999999 -0.013069399999999995
v 0.033834199999999981 0.11536469999999999 -0.0071121999999999921
v 0.033834199999999981 0.11536469999999999 -0.0011549999999999963
v 0.033834199999999981 0.11536469999999999 0.0048021999999999995
v 0.033834199999999981 0.11536469999999999 0.010759400000000009
v 0.033834199999999981 0.11536469999999999 0.016716600000000005
v 0.033834199999999981 0.11536469999999999 0.022673800000000001
v 0.033834199999999981 0.11536469999999999 0.028631000000000011
v 0.033834199999999981 0.11536469999999999 0.034588200000000006
v 0.033834199999999981 0.11536469999999999 0.040545400000000002
v 0.033834199999999981 0.1213219 -0.0071121999999999921
v 0.033834199999999981 0.1213219 -0.0011549999999999963
v 0.033834199999999981 0.1213219 0.0048021999999999995
v 0.033834199999999981 0.1213219 0.010759400000000009
v 0.033834199999999981 0.1213219 0.016716600000000005
v 0.033834199999999981 0.1213219 0.022673800000000001
v 0.033834199999999981 0.1213219 0.028631000000000011
v 0.033834199999999981 0.1213219 0.034588200000000006
v 0.033834199999999981 0.12727909999999998 0.0048021999999999995
v 0.033834199999999981 0.12727909999999998 0.010759400000000009
v 0.033834199999999981 0.12727909999999998 0.016716600000000005
v 0.039791400000000005 0.03196389999999999 -0.0011549999999999963
v 0.039791400000000005 0.03196389999999999 0.0048021999999999995
v 0.039791400000000005 0.03196389999999999 0.010759400000000009
v 0.039791400000000005 0.03196389999999999 0.016716600000000005
v 0.039791400000000005 0.03196389999999999 0.022673800000000001
v 0.039791400000000005 0.037921099999999992 -0.0071121999999999921
v 0.039791400000000005 0.037921099999999992 -0.0011549999999999963
v 0.039791400000000005 0.037921099999999992 0.0048021999999999995
v 0.039791400000000005 0.037921099999999992 0.010759400000000009
v 0.039791400000000005 0.037921099999999992 0.016716600000000005
v 0.039791400000000005 0.037921099999999992 0.022673800000000001
v 0.039791400000000005 0.037921099999999992 0.028631000000000011
v 0.039791400000000005 0.037921099999999992 0.034588200000000006
v 0.039791400000000005 0.043878299999999988 -0.0071121999999999921
v 0.039791400000000005 0.043878299999999988 0.028631000000000011
v 0.039791400000000005 0.043878299999999988 0.034588200000000006
v 0.039791400000000005 0.049835499999999991 -0.013069399999999995
v 0.039791400000000005 0.049835499999999991 -0.0071121999999999921
v 0.039791400000000005 0.049835499999999991 0.034588200000000006
v 0.039791400000000005 0.049835499999999991 0.040545400000000002
v 0.039791400000000005 0.055792699999999987 -0.019026599999999998
v 0.039791400000000005 0.055792699999999987 -0.013069399999999995
v 0.039791400000000005 0.055792699999999987 -0.0071121999999999921
v 0.039791400000000005 0.055792699999999987 0.034588200000000006
v 0.039791400000000005 0.055792699999999987 0.040545400000000002
v 0.039791400000000005 0.06174989999999999 -0.019026599999999998
v 0.039791400000000005 0.06174989999999999 -0.013069399999999995
v 0.039791400000000005 0.06174989999999999 -0.0071121999999999921
v 0.039791400000000005 0.06174989999999999 0.034588200000000006
v 0.039791400000000005 0.06174989999999999 0.040545400000000002
v 0.039791400000000005 0.067707099999999992 -0.019026599999999998
v 0.039791400000000005 0.067707099999999992 -0.013069399999999995
v 0.039791400000000005 0.067707099999999992 0.034588200000000006
v 0.039791400000000005 0.067707099999999992 0.040545400000000002
v 0.039791400000000005 0.073664299999999988 -0.019026599999999998
v 0.039791400000000005 0.073664299999999988 -0.013069399999999995
v 0.039791400000000005 0.073664299999999988 0.034588200000000006
v 0.039791400000000005 0.073664299999999988 0.040545400000000002
v 0.039791400000000005 0.079621499999999984 -0.019026599999999998
v 0.039791400000000005 0.079621499999999984 -0.013069399999999995
v 0.039791400000000005 0.079621499999999984 0.034588200000000006
v 0.039791400000000005 0.079621499999999984 0.040545400000000002
v 0.039791400000000005 0.079621499999999984 0.046502600000000012
v 0.039791400000000005 0.085578699999999994 -0.019026599999999998
v 0.039791400000000005 0.085578699999999994 -0.013069399999999995
v 0.039791400000000005 0.085578699999999994 0.034588200000000006
v 0.039791400000000005 0.085578699999999994 0.040545400000000002
v 0.039791400000000005 0.085578699999999994 0.046502600000000012
v 0.039791400000000005 0.091535899999999989 -0.019026599999999998
v 0.039791400000000005 0.091535899999999989 -0.013069399999999995
v 0.039791400000000005 0.091535899999999989 0.034588200000000006
v 0.039791400000000005 0.091535899999999989 0.040545400000000002
v 0.039791400000000005 0.091535899999999989 0.046502600000000012
v 0.039791400000000005 0.097493099999999985 -0.019026599999999998
v 0.039791400000000005 0.097493099999999985 -0.013069399999999995
v 0.039791400000000005 0.097493099999999985 -0.0071121999999999921
v 0.039791400000000005 0.097493099999999985 0.034588200000000006
v 0.039791400000000005 0.097493099999999985 0.040545400000000002
v 0.039791400000000005 0.1034503 -0.019026599999999998
v 0.039791400000000005 0.1034503 -0.013069399999999995
v 0.039791400000000005 0.1034503 -0.0071121999999999921
v 0.039791400000000005 0.1034503 -0.0011549999999999963
v 0.039791400000000005 0.1034503 0.028631000000000011
v 0.039791400000000005 0.1034503 0.034588200000000006
v 0.039791400000000005 0.1034503 0.040545400000000002
v 0.039791400000000005 0.10940749999999999 -0.013069399999999995
v 0.039791400000000005 0.10940749999999999 -0.0071121999999999921
v 0.039791400000000005 0.10940749999999999 -0.0011549999999999963
v 0.039791400000000005 0.10940749999999999 0.0048021999999999995
v 0.039791400000000005 0.10940749999999999 0.010759400000000009
v 0.039791400000000005 0.10940749999999999 0.016716600000000005
v 0.039791400000000005 0.10940749999999999 0.022673800000000001
v 0.039791400000000005 0.10940749999999999 0.028631000000000011
v 0.039791400000000005 0.10940749999999999 0.034588200000000006
v 0.039791400000000005 0.11536469999999999 -0.0071121999999999921
v 0.039791400000000005 0.11536469999999999 -0.0011549999999999963
v 0.039791400000000005 0.11536469999999999 0.0048021999999999995
v 0.039791400000000005 0.11536469999999999 0.010759400000000009
v 0.039791400000000005 0.11536469999999999 0.016716600000000005
v 0.039791400000000005 0.11536469999999999 0.022673800000000001
v 0.039791400000000005 0.11536469999999999 0.028631000000000011
v 0.039791400000000005 0.11536469999999999 0.034588200000000006
v 0.039791400000000005 0.1213219 0.010759400000000009
v 0.039791400000000005 0.1213219 0.016716600000000005
v 0.0457486 0.037921099999999992 -0.0071121999999999921
v 0.0457486 0.037921099999999992 -0.0011549999999999963
v 0.0457486 0.037921099999999992 0.0048021999999999995
v 0.0457486 0.037921099999999992 0.010759400000000009
v 0.0457486 0.037921099999999992 0.016716600000000005
v 0.0457486 0.037921099999999992 0.022673800000000001
v 0.0457486 0.037921099999999992 0.028631000000000011
v 0.0457486 0.043878299999999988 -0.0071121999999999921
v 0.0457486 0.043878299999999988 -0.0011549999999999963
v 0.0457486 0.043878299999999988 0.028631000000000011
v 0.0457486 0.043878299999999988 0.034588200000000006
v 0.0457486 0.049835499999999991 -0.0071121999999999921
v 0.0457486 0.049835499999999991 0.034588200000000006
v 0.0457486 0.055792699999999987 -0.0071121999999999921
v 0.0457486 0.055792699999999987 0.034588200000000006
v 0.0457486 0.06174989999999999 -0.013069399999999995
v 0.0457486 0.06174989999999999 -0.0071121999999999921
v 0.0457486 0.06174989999999999 0.034588200000000006
v 0.0457486 0.067707099999999992 -0.013069399999999995
v 0.0457486 0.067707099999999992 -0.0071121999999999921
v 0.0457486 0.067707099999999992 -0.0011549999999999963
v 0.0457486 0.067707099999999992 0.028631000000000011
v 0.0457486 0.067707099999999992 0.034588200000000006
v 0.0457486 0.073664299999999988 -0.013069399999999995
v 0.0457486 0.073664299999999988 -0.0071121999999999921
v 0.0457486 0.073664299999999988 -0.0011549999999999963
v 0.0457486 0.073664299999999988 0.022673800000000001
v 0.0457486 0.073664299999999988 0.028631000000000011
v 0.0457486 0.073664299999999988 0.034588200000000006
v 0.0457486 0.079621499999999984 -0.013069399999999995
v 0.0457486 0.079621499999999984 -0.0071121999999999921
v 0.0457486 0.079621499999999984 -0.0011549999999999963
v 0.0457486 0.079621499999999984 0.022673800000000001
v 0.0457486 0.079621499999999984 0.028631000000000011
v 0.0457486 0.079621499999999984 0.034588200000000006
v 0.0457486 0.085578699999999994 -0.013069399999999995
v 0.0457486 0.085578699999999994 -0.0071121999999999921
v 0.0457486 0.085578699999999994 -0.0011549999999999963
v 0.0457486 0.085578699999999994 0.0048021999999999995
v 0.0457486 0.085578699999999994 0.016716600000000005
v 0.0457486 0.085578699999999994 0.022673800000000001
v 0.0457486 0.085578699999999994 0.028631000000000011
v 0.0457486 0.085578699999999994 0.034588200000000006
v 0.0457486 0.091535899999999989 -0.013069399999999995
v 0.0457486 0.091535899999999989 -0.0071121999999999921
v 0.0457486 0.091535899999999989 -0.0011549999999999963
v 0.0457486 0.091535899999999989 0.0048021999999999995
v 0.0457486 0.091535899999999989 0.010759400000000009
v 0.0457486 0.091535899999999989 0.016716600000000005
v 0.0457486 0.091535899999999989 0.022673800000000001
v 0.0457486 0.091535899999999989 0.028631000000000011
v 0.0457486 0.091535899999999989 0.034588200000000006
v 0.0457486 0.097493099999999985 -0.013069399999999995
v 0.0457486 0.097493099999999985 -0.0071121999999999921
v 0.0457486 0.097493099999999985 -0.0011549999999999963
v 0.0457486 0.097493099999999985 0.0048021999999999995
v 0.0457486 0.097493099999999985 0.010759400000000009
v 0.0457486 0.097493099999999985 0.016716600000000005
v 0.0457486 0.097493099999999985 0.022673800000000001
v 0.0457486 0.097493099999999985 0.028631000000000011
v 0.0457486 0.097493099999999985 0.034588200000000006
v 0.0457486 0.1034503 -0.0071121999999999921
v 0.0457486 0.1034503 -0.0011549999999999963
v 0.0457486 0.1034503 0.0048021999999999995
v 0.0457486 0.1034503 0.010759400000000009
v 0.0457486 0.1034503 0.016716600000000005
v 0.0457486 0.1034503 0.022673800000000001
v 0.0457486 0.1034503 0.028631000000000011
v 0.0457486 0.1034503 0.034588200000000006
v 0.0457486 0.10940749999999999 -0.0011549999999999963
v 0.0457486 0.10940749999999999 0.0048021999999999995
v 0.0457486 0.10940749999999999 0.010759400000000009
v 0.0457486 0.10940749999999999 0.016716600000000005
v 0.0457486 0.10940749999999999 0.022673800000000001
v 0.0457486 0.10940749999999999 0.028631000000000011
v 0.051705799999999996 0.037921099999999992 -0.0011549999999999963
v 0.051705799999999996 0.037921099999999992 0.0048021999999999995
v 0.051705799999999996 0.037921099999999992 0.010759400000000009
v 0.051705799999999996 0.037921099999999992 0.016716600000000005
v 0.051705799999999996 0.037921099999999992 0.022673800000000001
v 0.051705799999999996 0.037921099999999992 0.028631000000000011
v 0.051705799999999996 0.043878299999999988 -0.0071121999999999921
v 0.051705799999999996 0.043878299999999988 -0.0011549999999999963
v 0.051705799999999996 0.043878299999999988 0.0048021999999999995
v 0.051705799999999996 0.043878299999999988 0.010759400000000009
v 0.051705799999999996 0.043878299999999988 0.016716600000000005
v 0.051705799999999996 0.043878299999999988 0.022673800000000001
v 0.051705799999999996 0.043878299999999988 0.028631000000000011
v 0.051705799999999996 0.043878299999999988 0.034588200000000006
v 0.051705799999999996 0.049835499999999991 -0.0071121999999999921
v 0.051705799999999996 0.049835499999999991 -0.0011549999999999963
v 0.051705799999999996 0.049835499999999991 0.028631000000000011
v 0.051705799999999996 0.049835499999999991 0.034588200000000006
v 0.051705799999999996 0.055792699999999987 -0.0071121999999999921
v 0.051705799999999996 0.055792699999999987 0.034588200000000006
v 0.051705799999999996 0.06174989999999999 -0.0071121999999999921
v 0.051705799999999996 0.06174989999999999 0.034588200000000006
v 0.051705799999999996 0.067707099999999992 -0.0071121999999999921
v 0.051705799999999996 0.067707099999999992 -0.0011549999999999963
v 0.051705799999999996 0.067707099999999992 0.028631000000000011
v 0.051705799999999996 0.067707099999999992 0.034588200000000006
v 0.051705799999999996 0.073664299999999988 -0.0011549999999999963
v 0.051705799999999996 0.073664299999999988 0.0048021999999999995
v 0.051705799999999996 0.073664299999999988 0.010759400000000009
v 0.051705799999999996 0.073664299999999988 0.016716600000000005
v 0.051705799999999996 0.073664299999999988 0.022673800000000001
v 0.051705799999999996 0.073664299999999988 0.028631000000000011
v 0.051705799999999996 0.079621499999999984 -0.0011549999999999963
v 0.051705799999999996 0.079621499999999984 0.0048021999999999995
v 0.051705799999999996 0.079621499999999984 0.010759400000000009
v 0.051705799999999996 0.079621499999999984 0.016716600000000005
v 0.051705799999999996 0.079621499999999984 0.022673800000000001
v 0.051705799999999996 0.085578699999999994 -0.0011549999999999963
v 0.051705799999999996 0.085578699999999994 0.0048021999999999995
v 0.051705799999999996 0.085578699999999994 0.010759400000000009
v 0.051705799999999996 0.085578699999999994 0.016716600000000005
v 0.051705799999999996 0.085578699999999994 0.022673800000000001
v 0.051705799999999996 0.091535899999999989 0.0048021999999999995
v 0.051705799999999996 0.091535899999999989 0.010759400000000009
v 0.051705799999999996 0.091535899999999989 0.016716600000000005
v 0.057662999999999992 0.043878299999999988 -0.0011549999999999963
v 0.057662999999999992 0.043878299999999988 0.0048021999999999995
v 0.057662999999999992 0.043878299999999988 0.010759400000000009
v 0.057662999999999992 0.043878299999999988 0.016716600000000005
v 0.057662999999999992 0.043878299999999988 0.022673800000000001
v 0.057662999999999992 0.043878299999999988 0.028631000000000011
v 0.057662999999999992 0.049835499999999991 -0.0071121999999999921
v 0.057662999999999992 0.049835499999999991 -0.0011549999999999963
v 0.057662999999999992 0.049835499999999991 0.0048021999999999995
v 0.057662999999999992 0.049835499999999991 0.010759400000000009
v 0.057662999999999992 0.049835499999999991 0.016716600000000005
v 0.057662999999999992 0.049835499999999991 0.022673800000000001
v 0.057662999999999992 0.049835499999999991 0.028631000000000011
v 0.057662999999999992 0.049835499999999991 0.034588200000000006
v 0.057662999999999992 0.055792699999999987 -0.0071121999999999921
v 0.057662999999999992 0.055792699999999987 -0.0011549999999999963
v 0.057662999999999992 0.055792699999999987 0.0048021999999999995
v 0.057662999999999992 0.055792699999999987 0.022673800000000001
v 0.057662999999999992 0.055792699999999987 0.028631000000000011
v 0.057662999999999992 0.055792699999999987 0.034588200000000006
v 0.057662999999999992 0.06174989999999999 -0.0071121999999999921
v 0.057662999999999992 0.06174989999999999 -0.0011549999999999963
v 0.057662999999999992 0.06174989999999999 0.028631000000000011
v 0.057662999999999992 0.06174989999999999 0.034588200000000006
v 0.057662999999999992 0.067707099999999992 -0.0071121999999999921
v 0.057662999999999992 0.067707099999999992 -0.0011549999999999963
v 0.057662999999999992 0.067707099999999992 0.022673800000000001
v 0.057662999999999992 0.067707099999999992 0.028631000000000011
v 0.057662999999999992 0.067707099999999992 0.034588200000000006
v 0.057662999999999992 0.073664299999999988 -0.0011549999999999963
v 0.057662999999999992 0.073664299999999988 0.0048021999999999995
v 0.057662999999999992 0.073664299999999988 0.010759400000000009
v 0.057662999999999992 0.073664299999999988 0.016716600000000005
v 0.057662999999999992 0.073664299999999988 0.022673800000000001
v 0.057662999999999992 0.073664299999999988 0.028631000000000011
v 0.063620199999999988 0.049835499999999991 0.0048021999999999995
v 0.063620199999999988 0.049835499999999991 0.010759400000000009
v 0.063620199999999988 0.049835499999999991 0.016716600000000005
v 0.063620199999999988 0.049835499999999991 0.022673800000000001
v 0.063620199999999988 0.055792699999999987 -0.0011549999999999963
v 0.063620199999999988 0.055792699999999987 0.0048021999999999995
v 0.063620199999999988 0.055792699999999987 0.010759400000000009
v 0.063620199999999988 0.055792699999999987 0.016716600000000005
v 0.063620199999999988 0.055792699999999987 0.022673800000000001
v 0.063620199999999988 0.055792699999999987 0.028631000000000011
v 0.063620199999999988 0.06174989999999999 -0.0011549999999999963
v 0.063620199999999988 0.06174989999999999 0.0048021999999999995
v 0.063620199999999988 0.06174989999999999 0.010759400000000009
v 0.063620199999999988 0.06174989999999999 0.016716600000000005
v 0.063620199999999988 0.06174989999999999 0.022673800000000001
v 0.063620199999999988 0.06174989999999999 0.028631000000000011
v 0.063620199999999988 0.067707099999999992 -0.0011549999999999963
v 0.063620199999999988 0.067707099999999992 0.0048021999999999995
v 0.063620199999999988 0.067707099999999992 0.010759400000000009
v 0.063620199999999988 0.067707099999999992 0.016716600000000005
v 0.063620199999999988 0.067707099999999992 0.022673800000000001
v 0.063620199999999988 0.067707099999999992 0.028631000000000011
v 0.063620199999999988 0.073664299999999988 -0.0011549999999999963
v 0.063620199999999988 0.073664299999999988 0.0048021999999999995
v 0.063620199999999988 0.073664299999999988 0.010759400000000009
v 0.063620199999999988 0.073664299999999988 0.016716600000000005
v 0.063620199999999988 0.073664299999999988 0.022673800000000001
f 2581 2587 2588
f 2588 2582 2581
f 2559 2560 2588
f 2588 2587 2559
f 2553 2582 2588
f 2588 2560 2553
f 2580 2586 2587
f 2587 2581 2580
f 2558 2559 2587
f 2587 2586 2558
f 2579 2585 2586
f 2586 2580 2579
f 2556 2557 2585
f 2585 2584 2556
f 2552 2556 2584
f 2584 2578 2552
f 2576 2582 2583
f 2583 2577 2576
f 2575 2581 2582
f 2582 2576 2575
f 2573 2579 2580
f 2580 2574 2573
f 2572 2578 2579
f 2579 2573 2572
f 2548 2552 2578
f 2578 2572 2548
f 2570 2576 2577
f 2577 2571 2570
f 2544 2570 2571
f 2571 2545 2544
f 2537 2564 2565
f 2565 2538 2537
f 2538 2565 2570
f 2570 2544 2538
f 2563 2568 2569
f 2569 2564 2563
f 2536 2563 2564
f 2564 2537 2536
f 2562 2567 2568
f 2568 2563 2562
f 2535 2543 2567
f 2567 2562 2535
f 2553 2560 2561
f 2561 2554 2553
f 2512 2513 2561
f 2561 2560 2512
f 2510 2511 2559
f 2559 2558 2510
f 2509 2510 2558
f 2558 2557 2509
f 2549 2554 2555
f 2555 2550 2549
f 2506 2507 2555
f 2555 2554 2506
f 2545 2549 2550
f 2550 2546 2545
f 2501 2546 2550
f 2550 2503 2501
f 2500 2502 2547
f 2547 2541 2500
f 2498 2539 2540
f 2540 2499 2498
f 2534 2542 2543
f 2543 2535 2534
f 2533 2541 2542
f 2542 2534 2533
f 2496 2500 2541
f 2541 2533 2496
f 2530 2537 2538
f 2538 2531 2530
f 2529 2536 2537
f 2537 2530 2529
f 2491 2529 2530
f 2530 2492 2491
f 2528 2535 2536
f 2536 2529 2528
f 2490 2528 2529
f 2529 2491 2490
f 2527 2534 2535
f 2535 2528 2527
f 2489 2527 2528
f 2528 2490 2489
f 2489 2497 2534
f 2534 2527 2489
f 2454 2455 2526
f 2526 2525 2454
f 2520 2524 2525
f 2525 2521 2520
f 2453 2454 2525
f 2525 2524 2453
f 2439 2518 2523
f 2523 2447 2439
f 2516 2521 2522
f 2522 2517 2516
f 2511 2517 2518
f 2518 2512 2511
f 2510 2516 2517
f 2517 2511 2510
f 2432 2438 2514
f 2514 2508 2432
f 2433 2434 2513
f 2513 2512 2433
f 2428 2429 2507
f 2507 2506 2428
f 2424 2503 2507
f 2507 2429 2424
f 2426 2427 2505
f 2505 2504 2426
f 2423 2426 2504
f 2504 2502 2423
f 2420 2423 2502
f 2502 2500 2420
f 2419 2499 2501
f 2501 2421 2419
f 2418 2420 2500
f 2500 2496 2418
f 2416 2494 2495
f 2495 2417 2416
f 2417 2495 2499
f 2499 2419 2417
f 2488 2496 2497
f 2497 2489 2488
f 2414 2418 2496
f 2496 2488 2414
f 2486 2493 2494
f 2494 2487 2486
f 2412 2486 2487
f 2487 2413 2412
f 2485 2492 2493
f 2493 2486 2485
f 2411 2485 2486
f 2486 2412 2411
f 2410 2484 2485
f 2485 2411 2410
f 2483 2490 2491
f 2491 2484 2483
f 2394 2395 2481
f 2481 2480 2394
f 2385 2474 2481
f 2481 2395 2385
f 2472 2479 2480
f 2480 2473 2472
f 2471 2478 2479
f 2479 2472 2471
f 2391 2392 2478
f 2478 2477 2391
f 2384 2390 2476
f 2476 2469 2384
f 2466 2474 2475
f 2475 2467 2466
f 2464 2472 2473
f 2473 2465 2464
f 2463 2471 2472
f 2472 2464 2463
f 2462 2470 2471
f 2471 2463 2462
f 2460 2468 2469
f 2469 2461 2460
f 2383 2384 2469
f 2469 2468 2383
f 2378 2383 2468
f 2468 2460 2378
f 2373 2458 2467
f 2467 2379 2373
f 2456 2465 2466
f 2466 2457 2456
f 2455 2464 2465
f 2465 2456 2455
f 2454 2463 2464
f 2464 2455 2454
f 2451 2460 2461
f 2461 2452 2451
f 2469 2476 2477
f 2477 2470 2469
f 2377 2378 2460
f 2460 2459 2377
f 2448 2457 2458
f 2458 2449 2448
f 2446 2455 2456
f 2456 2447 2446
f 2444 2452 2453
f 2453 2445 2444
f 2443 2451 2452
f 2452 2444 2443
f 2363 2441 2449
f 2449 2368 2363
f 2437 2443 2444
f 2444 2438 2437
f 2362 2367 2442
f 2442 2436 2362
f 2434 2440 2441
f 2441 2435 2434
f 2359 2435 2441
f 2441 2363 2359
f 2431 2437 2438
f 2438 2432 2431
f 2430 2436 2437
f 2437 2431 2430
f 2358 2362 2436
f 2436 2430 2358
f 2428 2434 2435
f 2435 2429 2428
f 2355 2429 2435
f 2435 2359 2355
f 2425 2430 2431
f 2431 2426 2425
f 2354 2358 2430
f 2430 2425 2354
f 2422 2425 2426
f 2426 2423 2422
f 2345 2350 2423
f 2423 2420 2345
f 2340 2345 2420
f 2420 2418 2340
f 2337 2416 2417
f 2417 2338 2337
f 2336 2340 2418
f 2418 2414 2336
f 2333 2412 2413
f 2413 2334 2333
f 2332 2411 2412
f 2412 2333 2332
f 2331 2410 2411
f 2411 2332 2331
f 2330 2409 2410
f 2410 2331 2330
f 2407 2414 2415
f 2415 2408 2407
f 2315 2316 2406
f 2406 2405 2315
f 2307 2401 2406
f 2406 2316 2307
f 2309 2310 2404
f 2404 2403 2309
f 2308 2309 2403
f 2403 2402 2308
f 2421 2501 2503
f 2503 2424 2421
f 2393 2401 2402
f 2402 2394 2393
f 2392 2400 2401
f 2401 2393 2392
f 2391 2399 2400
f 2400 2392 2391
f 2390 2398 2399
f 2399 2391 2390
f 2304 2305 2399
f 2399 2398 2304
f 2389 2397 2398
f 2398 2390 2389
f 2299 2303 2397
f 2397 2389 2299
f 2385 2395 2396
f 2396 2386 2385
f 2382 2388 2389
f 2389 2383 2382
f 2298 2299 2389
f 2389 2388 2298
f 2428 2506 2513
f 2513 2434 2428
f 2379 2386 2387
f 2387 2380 2379
f 2294 2295 2387
f 2387 2386 2294
f 2349 2354 2425
f 2425 2422 2349
f 2376 2381 2382
f 2382 2377 2376
f 2289 2292 2381
f 2381 2376 2289
f 2373 2379 2380
f 2380 2374 2373
f 2283 2370 2375
f 2375 2287 2283
f 2368 2373 2374
f 2374 2369 2368
f 2366 2371 2372
f 2372 2367 2366
f 2279 2364 2365
f 2365 2280 2279
f 2280 2365 2370
f 2370 2283 2280
f 2363 2368 2369
f 2369 2364 2363
f 2278 2282 2366
f 2366 2361 2278
f 2359 2363 2364
f 2364 2360 2359
f 2357 2361 2362
f 2362 2358 2357
f 2355 2359 2360
f 2360 2356 2355
f 2271 2356 2360
f 2360 2275 2271
f 2353 2357 2358
f 2358 2354 2353
f 2267 2352 2356
f 2356 2271 2267
f 2266 2270 2353
f 2353 2348 2266
f 2346 2351 2352
f 2352 2347 2346
f 2263 2347 2352
f 2352 2267 2263
f 2343 2348 2349
f 2349 2344 2343
f 2261 2343 2344
f 2344 2262 2261
f 2341 2346 2347
f 2347 2342 2341
f 2257 2341 2342
f 2342 2258 2257
f 2258 2342 2347
f 2347 2263 2258
f 2334 2337 2338
f 2338 2335 2334
f 2246 2334 2335
f 2335 2247 2246
f 2245 2333 2334
f 2334 2246 2245
f 2243 2250 2336
f 2336 2328 2243
f 2239 2325 2326
f 2326 2240 2239
f 2324 2330 2331
f 2331 2325 2324
f 2238 2324 2325
f 2325 2239 2238
f 2323 2329 2330
f 2330 2324 2323
f 2237 2323 2324
f 2324 2238 2237
f 2237 2244 2329
f 2329 2323 2237
f 2315 2321 2322
f 2322 2316 2315
f 2314 2320 2321
f 2321 2315 2314
f 2231 2232 2321
f 2321 2320 2231
f 2309 2318 2319
f 2319 2310 2309
f 2226 2227 2319
f 2319 2318 2226
f 2218 2310 2319
f 2319 2227 2218
f 2225 2226 2318
f 2318 2317 2225
f 2307 2316 2317
f 2317 2308 2307
f 2224 2225 2317
f 2317 2316 2224
f 2305 2314 2315
f 2315 2306 2305
f 2217 2221 2312
f 2312 2303 2217
f 2218 2219 2311
f 2311 2310 2218
f 2298 2302 2303
f 2303 2299 2298
f 2351 2355 2356
f 2356 2352 2351
f 2211 2212 2298
f 2298 2297 2211
f 2208 2211 2297
f 2297 2292 2208
f 2290 2295 2296
f 2296 2291 2290
f 2205 2291 2296
f 2296 2210 2205
f 2241 2327 2333
f 2333 2245 2241
f 2286 2290 2291
f 2291 2287 2286
f 2201 2287 2291
f 2291 2205 2201
f 2203 2204 2289
f 2289 2288 2203
f 2200 2203 2288
f 2288 2284 2200
f 2197 2283 2287
f 2287 2201 2197
f 2281 2284 2285
f 2285 2282 2281
f 2193 2280 2283
f 2283 2197 2193
f 2277 2281 2282
f 2282 2278 2277
f 2452 2461 2462
f 2462 2453 2452
f 2275 2279 2280
f 2280 2276 2275
f 2189 2276 2280
f 2280 2193 2189
f 2285 2289 2376
f 2376 2371 2285
f 2273 2277 2278
f 2278 2274 2273
f 2188 2192 2277
f 2277 2273 2188
f 2185 2272 2276
f 2276 2189 2185
f 2269 2273 2274
f 2274 2270 2269
f 2184 2188 2273
f 2273 2269 2184
f 2267 2271 2272
f 2272 2268 2267
f 2265 2269 2270
f 2270 2266 2265
f 2180 2184 2269
f 2269 2265 2180
f 2275 2360 2364
f 2364 2279 2275
f 2173 2258 2259
f 2259 2174 2173
f 2174 2259 2264
f 2264 2177 2174
f 2254 2261 2262
f 2262 2255 2254
f 2253 2260 2261
f 2261 2254 2253
f 2171 2253 2254
f 2254 2172 2171
f 2251 2257 2258
f 2258 2252 2251
f 2167 2251 2252
f 2252 2168 2167
f 2168 2252 2258
f 2258 2173 2168
f 2249 2255 2256
f 2256 2250 2249
f 2165 2249 2250
f 2250 2166 2165
f 2248 2254 2255
f 2255 2249 2248
f 2164 2248 2249
f 2249 2165 2164
f 2164 2172 2254
f 2254 2248 2164
f 2160 2247 2251
f 2251 2167 2160
f 2241 2245 2246
f 2246 2242 2241
f 2152 2242 2246
f 2246 2159 2152
f 2149 2239 2240
f 2240 2150 2149
f 2148 2238 2239
f 2239 2149 2148
f 2147 2237 2238
f 2238 2148 2147
f 2147 2158 2244
f 2244 2237 2147
f 2226 2235 2236
f 2236 2227 2226
f 2138 2139 2236
f 2236 2235 2138
f 2129 2227 2236
f 2236 2139 2129
f 2137 2138 2235
f 2235 2234 2137
f 2224 2233 2234
f 2234 2225 2224
f 2134 2135 2232
f 2232 2231 2134
f 2222 2230 2231
f 2231 2223 2222
f 2221 2229 2230
f 2230 2222 2221
f 2218 2227 2228
f 2228 2219 2218
f 2129 2130 2228
f 2228 2227 2129
f 2216 2220 2221
f 2221 2217 2216
f 2127 2128 2221
f 2221 2220 2127
f 2209 2213 2214
f 2214 2210 2209
f 2117 2210 2214
f 2214 2122 2117
f 2116 2120 2211
f 2211 2208 2116
f 2113 2205 2210
f 2210 2117 2113
f 2112 2115 2207
f 2207 2203 2112
f 2110 2202 2206
f 2206 2114 2110
f 2201 2205 2206
f 2206 2202 2201
f 2109 2112 2203
f 2203 2200 2109
f 2197 2201 2202
f 2202 2198 2197
f 2106 2198 2202
f 2202 2110 2106
f 2176 2180 2265
f 2265 2260 2176
f 2195 2199 2200
f 2200 2196 2195
f 2105 2108 2199
f 2199 2195 2105
f 2103 2194 2198
f 2198 2106 2103
f 2189 2193 2194
f 2194 2190 2189
f 2187 2191 2192
f 2192 2188 2187
f 2185 2189 2190
f 2190 2186 2185
f 2097 2186 2190
f 2190 2100 2097
f 2514 2519 2520
f 2520 2515 2514
f 2436 2442 2443
f 2443 2437 2436
f 2192 2196 2281
f 2281 2277 2192
f 2183 2187 2188
f 2188 2184 2183
f 2181 2185 2186
f 2186 2182 2181
f 2545 2571 2577
f 2577 2549 2545
f 2094 2096 2183
f 2183 2179 2094
f 2177 2181 2182
f 2182 2178 2177
f 2093 2178 2182
f 2182 2095 2093
f 2175 2179 2180
f 2180 2176 2175
f 2091 2094 2179
f 2179 2175 2091
f 2089 2174 2177
f 2177 2092 2089
f 2177 2264 2268
f 2268 2181 2177
f 2170 2175 2176
f 2176 2171 2170
f 2087 2091 2175
f 2175 2170 2087
f 2168 2173 2174
f 2174 2169 2168
f 2086 2169 2174
f 2174 2089 2086
f 2163 2171 2172
f 2172 2164 2163
f 2084 2088 2171
f 2171 2163 2084
f 2161 2168 2169
f 2169 2162 2161
f 2082 2162 2169
f 2169 2086 2082
f 2079 2156 2157
f 2157 2080 2079
f 2155 2164 2165
f 2165 2156 2155
f 2078 2155 2156
f 2156 2079 2078
f 2078 2085 2164
f 2164 2155 2078
f 2153 2160 2161
f 2161 2154 2153
f 2074 2153 2154
f 2154 2075 2074
f 2072 2151 2152
f 2152 2073 2072
f 2070 2149 2150
f 2150 2071 2070
f 2069 2148 2149
f 2149 2070 2069
f 2068 2147 2148
f 2148 2069 2068
f 2146 2157 2158
f 2158 2147 2146
f 2067 2146 2147
f 2147 2068 2067
f 2062 2063 2145
f 2145 2144 2062
f 2054 2138 2145
f 2145 2063 2054
f 2372 2377 2459
f 2459 2450 2372
f 2061 2062 2144
f 2144 2143 2061
f 2060 2061 2143
f 2143 2142 2060
f 2134 2141 2142
f 2142 2135 2134
f 2059 2060 2142
f 2142 2141 2059
f 2133 2140 2141
f 2141 2134 2133
f 2053 2058 2140
f 2140 2133 2053
f 2049 2129 2139
f 2139 2055 2049
f 2127 2131 2132
f 2132 2128 2127
f 2051 2052 2132
f 2132 2131 2051
f 2048 2051 2131
f 2131 2127 2048
f 2123 2126 2127
f 2127 2124 2123
f 2047 2048 2127
f 2127 2126 2047
f 2044 2047 2126
f 2126 2123 2044
f 2224 2316 2322
f 2322 2233 2224
f 2040 2044 2123
f 2123 2120 2040
f 2041 2042 2122
f 2122 2121 2041
f 2037 2117 2122
f 2122 2042 2037
f 2433 2439 2440
f 2440 2434 2433
f 2115 2119 2120
f 2120 2116 2115
f 2036 2039 2119
f 2119 2115 2036
f 2034 2114 2118
f 2118 2038 2034
f 2133 2134 2231
f 2231 2230 2133
f 2307 2308 2402
f 2402 2401 2307
f 2030 2110 2114
f 2114 2034 2030
f 2029 2032 2111
f 2111 2108 2029
f 2025 2029 2108
f 2108 2105 2025
f 2103 2106 2107
f 2107 2104 2103
f 2023 2104 2107
f 2107 2027 2023
f 2211 2215 2216
f 2216 2212 2211
f 2022 2025 2105
f 2105 2102 2022
f 2100 2103 2104
f 2104 2101 2100
f 2020 2101 2104
f 2104 2023 2020
f 2012 2095 2097
f 2097 2016 2012
f 2193 2197 2198
f 2198 2194 2193
f 2494 2532 2539
f 2539 2498 2494
f 854 948 952
f 952 858 854
f 1767 1768 1782
f 1782 1781 1767
f 1526 1532 1638
f 1638 1633 1526
f 2007 2011 2094
f 2094 2091 2007
f 2006 2090 2093
f 2093 2008 2006
f 304 439 447
f 447 312 304
f 2004 2007 2091
f 2091 2087 2004
f 1213 1337 1338
f 1338 1214 1213
f 2083 2087 2088
f 2088 2084 2083
f 455 456 469
f 469 468 455
f 1130 1135 1250
f 1250 1244 1130
f 1222 1346 1355
f 1355 1228 1222
f 2075 2081 2082
f 2082 2076 2075
f 1993 2072 2073
f 2073 1994 1993
f 1152 1275 1278
f 1278 1154 1152
f 1988 2067 2068
f 2068 1989 1988
f 1867 1935 1939
f 1939 1870 1867
f 2065 2078 2079
f 2079 2066 2065
f 125 126 136
f 136 135 125
f 1986 2065 2066
f 2066 1987 1986
f 1985 1998 2077
f 2077 2064 1985
f 1982 1983 2063
f 2063 2062 1982
f 1981 1982 2062
f 2062 2061 1981
f 1973 1977 2057
f 2057 2052 1973
f 2049 2055 2056
f 2056 2050 2049
f 1974 1975 2055
f 2055 2054 1974
f 1970 1972 2051
f 2051 2048 1970
f 110 111 119
f 119 118 110
f 1969 1970 2048
f 2048 2047 1969
f 1967 1968 2046
f 2046 2045 1967
f 1964 2042 2046
f 2046 1968 1964
f 2300 2310 2311
f 2311 2301 2300
f 419 420 565
f 565 564 419
f 437 444 592
f 592 584 437
f 2255 2339 2340
f 2340 2256 2255
f 1963 1965 2043
f 2043 2039 1963
f 1961 1962 2038
f 2038 2037 1961
f 286 287 291
f 291 290 286
f 1957 1958 2035
f 2035 2034 1957
f 1149 1151 1274
f 1274 1269 1149
f 2504 2505 2552
f 2552 2551 2504
f 1282 1283 1408
f 1408 1407 1282
f 1955 1956 2033
f 2033 2032 1955
f 1952 1955 2032
f 2032 2029 1952
f 2026 2030 2031
f 2031 2027 2026
f 1950 2027 2031
f 2031 1953 1950
f 15 16 24
f 24 23 15
f 1398 1507 1512
f 1512 1403 1398
f 2024 2028 2029
f 2029 2025 2024
f 1951 1952 2029
f 2029 2028 1951
f 1949 1951 2028
f 2028 2024 1949
f 88 98 206
f 206 203 88
f 1948 2023 2027
f 2027 1950 1948
f 765 778 779
f 779 766 765
f 2039 2040 2120
f 2120 2119 2039
f 2021 2024 2025
f 2025 2022 2021
f 1946 2020 2023
f 2023 1948 1946
f 1671 1769 1770
f 1770 1672 1671
f 1252 1379 1380
f 1380 1253 1252
f 1322 1446 1450
f 1450 1328 1322
f 2349 2422 2423
f 2423 2350 2349
f 1944 2017 2020
f 2020 1946 1944
f 1097 1207 1208
f 1208 1098 1097
f 1272 1273 1396
f 1396 1395 1272
f 2002 2086 2089
f 2089 2005 2002
f 2010 2014 2015
f 2015 2011 2010
f 2008 2012 2013
f 2013 2009 2008
f 1411 1412 1521
f 1521 1520 1411
f 2557 2558 2586
f 2586 2585 2557
f 1260 1261 1266
f 1266 1265 1260
f 1350 1471 1472
f 1472 1351 1350
f 1932 2003 2006
f 2006 1934 1932
f 1203 1204 1326
f 1326 1325 1203
f 1316 1317 1321
f 1321 1320 1316
f 2209 2210 2296
f 2296 2295 2209
f 1395 1396 1506
f 1506 1505 1395
f 1922 1995 1996
f 1996 1923 1922
f 1921 1994 1995
f 1995 1922 1921
f 1920 1993 1994
f 1994 1921 1920
f 1918 1991 1992
f 1992 1919 1918
f 1917 1990 1991
f 1991 1918 1917
f 1915 1988 1989
f 1989 1916 1915
f 1914 1987 1988
f 1988 1915 1914
f 1257 1258 1263
f 1263 1262 1257
f 1912 1985 1986
f 1986 1913 1912
f 1974 1983 1984
f 1984 1975 1974
f 1910 1911 1984
f 1984 1983 1910
f 1909 1910 1983
f 1983 1982 1909
f 1908 1909 1982
f 1982 1981 1908
f 1906 1907 1980
f 1980 1979 1906
f 606 607 755
f 755 754 606
f 1904 1905 1978
f 1978 1977 1904
f 1902 1903 1976
f 1976 1975 1902
f 1899 1971 1976
f 1976 1903 1899
f 1126 1127 1132
f 1132 1131 1126
f 1900 1901 1973
f 1973 1972 1900
f 1898 1900 1972
f 1972 1970 1898
f 2445 2453 2524
f 2524 2520 2445
f 1703 1798 1799
f 1799 1704 1703
f 1895 1896 1968
f 1968 1967 1895
f 2258 2263 2264
f 2264 2259 2258
f 1892 1964 1968
f 1968 1896 1892
f 1912 1926 1998
f 1998 1985 1912
f 426 429 575
f 575 572 426
f 1893 1894 1966
f 1966 1965 1893
f 1891 1893 1965
f 1965 1963 1891
f 2160 2167 2168
f 2168 2161 2160
f 1768 1769 1783
f 1783 1782 1768
f 1985 2064 2065
f 2065 1986 1985
f 1889 1890 1962
f 1962 1961 1889
f 281 286 426
f 426 422 281
f 2150 2240 2241
f 2241 2151 2150
f 1887 1888 1960
f 1960 1959 1887
f 1473 1581 1582
f 1582 1474 1473
f 1327 1328 1450
f 1450 1449 1327
f 973 980 981
f 981 974 973
f 512 513 523
f 523 522 512
f 1879 1881 1951
f 1951 1949 1879
f 2089 2092 2093
f 2093 2090 2089
f 1576 1589 1692
f 1692 1680 1576
f 1691 1694 1695
f 1695 1692 1691
f 1876 1946 1948
f 1948 1878 1876
f 1081 1084 1085
f 1085 1082 1081
f 153 154 161
f 161 160 153
f 1889 1961 1964
f 1964 1892 1889
f 471 611 618
f 618 479 471
f 1358 1481 1485
f 1485 1363 1358
f 1874 1944 1946
f 1946 1876 1874
f 74 75 81
f 81 80 74
f 1872 1942 1944
f 1944 1874 1872
f 1663 1664 1762
f 1762 1761 1663
f 847 848 941
f 941 940 847
f 1868 1871 1940
f 1940 1936 1868
f 1934 1938 1939
f 1939 1935 1934
f 514 515 645
f 645 644 514
f 1990 2069 2070
f 2070 1991 1990
f 650 651 661
f 661 660 650
f 1865 1869 1937
f 1937 1933 1865
f 1863 1932 1934
f 1934 1866 1863
f 714 723 724
f 724 715 714
f 1939 2009 2013
f 2013 1942 1939
f 724 735 736
f 736 725 724
f 1927 1931 1932
f 1932 1928 1927
f 1696 1792 1793
f 1793 1697 1696
f 1278 1403 1406
f 1406 1281 1278
f 1856 1925 1926
f 1926 1857 1856
f 1856 1862 1929
f 1929 1925 1856
f 103 109 211
f 211 208 103
f 1852 1922 1923
f 1923 1853 1852
f 1851 1852 1859
f 1859 1858 1851
f 1088 1193 1197
f 1197 1092 1088
f 1851 1921 1922
f 1922 1852 1851
f 1847 1917 1918
f 1918 1848 1847
f 2377 2382 2383
f 2383 2378 2377
f 1845 1915 1916
f 1916 1846 1845
f 1844 1914 1915
f 1915 1845 1844
f 1843 1913 1914
f 1914 1844 1843
f 1842 1912 1913
f 1913 1843 1842
f 1842 1857 1926
f 1926 1912 1842
f 1840 1841 1911
f 1911 1910 1840
f 1417 1418 1526
f 1526 1525 1417
f 1839 1840 1910
f 1910 1909 1839
f 1838 1839 1909
f 1909 1908 1838
f 1836 1837 1907
f 1907 1906 1836
f 1831 1834 1904
f 1904 1901 1831
f 1759 1762 1763
f 1763 1760 1759
f 1829 1899 1903
f 1903 1833 1829
f 1828 1830 1900
f 1900 1898 1828
f 1827 1828 1898
f 1898 1897 1827
f 1824 1827 1897
f 1897 1894 1824
f 2446 2447 2523
f 2523 2522 2446
f 1825 1826 1896
f 1896 1895 1825
f 955 962 963
f 963 956 955
f 610 614 771
f 771 758 610
f 994 995 1009
f 1009 1008 994
f 994 1097 1098
f 1098 995 994
f 1823 1824 1894
f 1894 1893 1823
f 1818 1821 1891
f 1891 1888 1818
f 1819 1820 1890
f 1890 1889 1819
f 1815 1885 1890
f 1890 1820 1815
f 1572 1677 1678
f 1678 1573 1572
f 294 298 434
f 434 431 294
f 1812 1882 1886
f 1886 1816 1812
f 1977 1978 2058
f 2058 2057 1977
f 990 991 1094
f 1094 1093 990
f 1366 1367 1372
f 1372 1371 1366
f 1809 1880 1882
f 1882 1812 1809
f 1394 1504 1509
f 1509 1400 1394
f 1808 1811 1881
f 1881 1879 1808
f 1081 1185 1189
f 1189 1084 1081
f 1805 1808 1879
f 1879 1877 1805
f 323 339 470
f 470 457 323
f 1803 1876 1878
f 1878 1806 1803
f 2385 2386 2475
f 2475 2474 2385
f 1802 1805 1877
f 1877 1875 1802
f 1800 1874 1876
f 1876 1803 1800
f 352 353 478
f 478 477 352
f 229 320 336
f 336 238 229
f 2108 2111 2112
f 2112 2109 2108
f 1850 1920 1921
f 1921 1851 1850
f 2135 2142 2143
f 2143 2136 2135
f 1796 1799 1873
f 1873 1871 1796
f 1645 1650 1651
f 1651 1646 1645
f 624 625 787
f 787 786 624
f 1919 1992 1993
f 1993 1920 1919
f 2304 2313 2314
f 2314 2305 2304
f 950 953 1060
f 1060 1056 950
f 705 855 859
f 859 708 705
f 1794 1796 1871
f 1871 1868 1794
f 1310 1313 1437
f 1437 1432 1310
f 1192 1196 1197
f 1197 1193 1192
f 1875 1877 1947
f 1947 1945 1875
f 1673 1771 1772
f 1772 1674 1673
f 1638 1639 1739
f 1739 1738 1638
f 1864 1868 1869
f 1869 1865 1864
f 1442 1552 1557
f 1557 1445 1442
f 1790 1794 1868
f 1868 1864 1790
f 1789 1863 1866
f 1866 1792 1789
f 2308 2317 2318
f 2318 2309 2308
f 2019 2022 2102
f 2102 2099 2019
f 742 760 761
f 761 743 742
f 759 772 773
f 773 760 759
f 1788 1791 1865
f 1865 1862 1788
f 1785 1858 1859
f 1859 1786 1785
f 1880 1950 1953
f 1953 1882 1880
f 442 590 591
f 591 443 442
f 1469 1577 1578
f 1578 1470 1469
f 1777 1854 1855
f 1855 1778 1777
f 1487 1597 1598
f 1598 1488 1487
f 935 1040 1042
f 1042 937 935
f 1775 1786 1859
f 1859 1852 1775
f 1773 1850 1851
f 1851 1774 1773
f 1489 1493 1602
f 1602 1599 1489
f 1772 1849 1850
f 1850 1773 1772
f 1742 1743 1840
f 1840 1839 1742
f 1741 1742 1839
f 1839 1838 1741
f 1740 1741 1838
f 1838 1837 1740
f 1739 1740 1837
f 1837 1836 1739
f 1562 1563 1664
f 1664 1663 1562
f 1737 1738 1835
f 1835 1834 1737
f 1854 1860 1861
f 1861 1855 1854
f 1733 1737 1834
f 1834 1831 1733
f 1731 1829 1833
f 1833 1736 1731
f 381 531 532
f 532 382 381
f 147 148 237
f 237 236 147
f 1214 1338 1339
f 1339 1215 1214
f 459 602 613
f 613 473 459
f 1729 1730 1828
f 1828 1827 1729
f 2367 2372 2450
f 2450 2442 2367
f 2499 2540 2546
f 2546 2501 2499
f 1723 1725 1823
f 1823 1821 1723
f 2221 2222 2313
f 2313 2312 2221
f 1721 1819 1822
f 1822 1724 1721
f 1720 1723 1821
f 1821 1818 1720
f 703 704 853
f 853 852 703
f 1721 1722 1820
f 1820 1819 1721
f 1714 1812 1816
f 1816 1718 1714
f 924 1029 1032
f 1032 927 924
f 650 660 815
f 815 806 650
f 1768 1845 1846
f 1846 1769 1768
f 953 958 959
f 959 954 953
f 970 971 977
f 977 976 970
f 1711 1809 1812
f 1812 1714 1711
f 1817 1818 1888
f 1888 1887 1817
f 676 677 681
f 681 680 676
f 535 536 545
f 545 544 535
f 1710 1712 1810
f 1810 1807 1710
f 1709 1806 1809
f 1809 1711 1709
f 1966 1969 2047
f 2047 2044 1966
f 1804 1807 1808
f 1808 1805 1804
f 1708 1710 1807
f 1807 1804 1708
f 233 234 332
f 332 331 233
f 2284 2288 2289
f 2289 2285 2284
f 1801 1804 1805
f 1805 1802 1801
f 1607 1709 1711
f 1711 1609 1607
f 1522 1523 1630
f 1630 1629 1522
f 1251 1376 1381
f 1381 1255 1251
f 972 1082 1085
f 1085 979 972
f 1155 1158 1282
f 1282 1279 1155
f 2503 2550 2555
f 2555 2507 2503
f 1798 1801 1802
f 1802 1799 1798
f 1702 1797 1800
f 1800 1705 1702
f 485 486 625
f 625 624 485
f 1671 1672 1684
f 1684 1683 1671
f 1699 1795 1797
f 1797 1702 1699
f 2263 2267 2268
f 2268 2264 2263
f 1806 1878 1880
f 1880 1809 1806
f 642 649 805
f 805 803 642
f 591 722 723
f 723 592 591
f 2351 2424 2429
f 2429 2355 2351
f 1698 1701 1796
f 1796 1794 1698
f 582 712 718
f 718 586 582
f 1694 1790 1791
f 1791 1695 1694
f 1693 1789 1792
f 1792 1696 1693
f 1814 1817 1887
f 1887 1884 1814
f 1885 1886 1958
f 1958 1957 1885
f 1690 1787 1789
f 1789 1693 1690
f 1434 1438 1439
f 1439 1435 1434
f 1778 1855 1861
f 1861 1787 1778
f 1688 1785 1786
f 1786 1689 1688
f 1687 1784 1785
f 1785 1688 1687
f 1232 1237 1365
f 1365 1360 1232
f 1682 1782 1783
f 1783 1683 1682
f 1732 1733 1831
f 1831 1830 1732
f 1934 2006 2008
f 2008 1938 1934
f 1681 1781 1782
f 1782 1682 1681
f 847 940 944
f 944 850 847
f 1484 1594 1597
f 1597 1487 1484
f 490 629 630
f 630 491 490
f 1680 1692 1788
f 1788 1779 1680
f 1676 1775 1776
f 1776 1677 1676
f 1676 1689 1786
f 1786 1775 1676
f 1674 1675 1687
f 1687 1686 1674
f 1674 1772 1773
f 1773 1675 1674
f 1084 1189 1193
f 1193 1088 1084
f 1672 1673 1685
f 1685 1684 1672
f 1672 1770 1771
f 1771 1673 1672
f 1913 1986 1987
f 1987 1914 1913
f 1668 1765 1766
f 1766 1669 1668
f 1764 1779 1780
f 1780 1765 1764
f 1667 1680 1779
f 1779 1764 1667
f 1758 1761 1762
f 1762 1759 1758
f 1660 1663 1761
f 1761 1758 1660
f 2328 2336 2414
f 2414 2407 2328
f 1755 1759 1760
f 1760 1756 1755
f 1658 1756 1760
f 1760 1661 1658
f 1657 1660 1758
f 1758 1754 1657
f 1658 1659 1757
f 1757 1756 1658
f 1750 1755 1756
f 1756 1751 1750
f 1653 1657 1754
f 1754 1749 1653
f 1747 1752 1753
f 1753 1748 1747
f 1650 1747 1748
f 1748 1651 1650
f 1419 1425 1533
f 1533 1527 1419
f 1746 1751 1752
f 1752 1747 1746
f 2204 2208 2292
f 2292 2289 2204
f 1745 1750 1751
f 1751 1746 1745
f 500 639 641
f 641 508 500
f 1648 1745 1746
f 1746 1649 1648
f 1642 1643 1743
f 1743 1742 1642
f 1634 1734 1743
f 1743 1643 1634
f 1639 1640 1740
f 1740 1739 1639
f 803 805 913
f 913 910 803
f 1725 1726 1824
f 1824 1823 1725
f 1961 2037 2042
f 2042 1964 1961
f 2567 2573 2574
f 2574 2568 2567
f 1765 1842 1843
f 1843 1766 1765
f 1631 1632 1733
f 1733 1732 1631
f 2574 2580 2581
f 2581 2575 2574
f 1628 1631 1732
f 1732 1730 1628
f 1160 1161 1285
f 1285 1284 1160
f 196 197 204
f 204 203 196
f 1624 1627 1729
f 1729 1726 1624
f 1536 1537 1643
f 1643 1642 1536
f 1623 1624 1726
f 1726 1725 1623
f 1621 1623 1725
f 1725 1723 1621
f 1190 1194 1317
f 1317 1313 1190
f 1619 1721 1724
f 1724 1622 1619
f 2394 2402 2403
f 2403 2395 2394
f 664 817 818
f 818 665 664
f 195 279 283
f 283 200 195
f 1940 2010 2011
f 2011 1941 1940
f 1619 1620 1722
f 1722 1721 1619
f 1615 1717 1722
f 1722 1620 1615
f 1615 1616 1718
f 1718 1717 1615
f 2120 2123 2215
f 2215 2211 2120
f 1612 1714 1718
f 1718 1616 1612
f 1611 1613 1715
f 1715 1713 1611
f 526 527 658
f 658 657 526
f 1609 1711 1714
f 1714 1612 1609
f 1610 1611 1713
f 1713 1712 1610
f 1632 1633 1638
f 1638 1637 1632
f 1608 1610 1712
f 1712 1710 1608
f 313 314 325
f 325 324 313
f 12 13 21
f 21 20 12
f 246 394 395
f 395 247 246
f 1861 1928 1932
f 1932 1863 1861
f 1637 1638 1738
f 1738 1737 1637
f 1661 1760 1763
f 1763 1665 1661
f 1065 1072 1073
f 1073 1066 1065
f 1603 1705 1707
f 1707 1605 1603
f 1442 1445 1446
f 1446 1443 1442
f 1713 1715 1813
f 1813 1811 1713
f 347 348 356
f 356 355 347
f 1931 2002 2003
f 2003 1932 1931
f 1599 1700 1701
f 1701 1600 1599
f 1819 1889 1892
f 1892 1822 1819
f 353 354 479
f 479 478 353
f 1596 1600 1701
f 1701 1698 1596
f 1594 1595 1598
f 1598 1597 1594
f 1595 1697 1699
f 1699 1598 1595
f 173 179 269
f 269 266 173
f 2015 2019 2099
f 2099 2096 2015
f 461 462 605
f 605 604 461
f 1528 1529 1536
f 1536 1535 1528
f 1496 1498 1606
f 1606 1604 1496
f 1590 1693 1696
f 1696 1594 1590
f 284 424 425
f 425 285 284
f 1588 1589 1593
f 1593 1592 1588
f 1584 1688 1689
f 1689 1585 1584
f 1583 1687 1688
f 1688 1584 1583
f 1582 1686 1687
f 1687 1583 1582
f 1581 1685 1686
f 1686 1582 1581
f 1580 1684 1685
f 1685 1581 1580
f 382 383 389
f 389 388 382
f 1579 1683 1684
f 1684 1580 1579
f 1573 1678 1679
f 1679 1574 1573
f 1574 1679 1690
f 1690 1586 1574
f 1017 1018 1121
f 1121 1120 1017
f 1571 1676 1677
f 1677 1572 1571
f 1571 1585 1689
f 1689 1676 1571
f 1570 1670 1681
f 1681 1577 1570
f 1568 1668 1669
f 1669 1569 1568
f 1567 1667 1668
f 1668 1568 1567
f 1567 1576 1680
f 1680 1667 1567
f 1661 1665 1666
f 1666 1662 1661
f 1648 1654 1750
f 1750 1745 1648
f 1560 1662 1666
f 1666 1565 1560
f 1563 1564 1665
f 1665 1664 1563
f 1558 1559 1563
f 1563 1562 1558
f 1558 1562 1663
f 1663 1660 1558
f 1658 1661 1662
f 1662 1659 1658
f 1556 1659 1662
f 1662 1560 1556
f 1058 1066 1067
f 1067 1059 1058
f 1549 1550 1555
f 1555 1554 1549
f 1551 1552 1656
f 1656 1655 1551
f 1545 1550 1654
f 1654 1648 1545
f 1646 1651 1652
f 1652 1647 1646
f 1547 1548 1652
f 1652 1651 1547
f 1544 1647 1652
f 1652 1548 1544
f 1542 1645 1646
f 1646 1543 1542
f 1332 1455 1456
f 1456 1333 1332
f 1644 1649 1650
f 1650 1645 1644
f 1541 1644 1645
f 1645 1542 1541
f 1541 1546 1649
f 1649 1644 1541
f 1529 1530 1537
f 1537 1536 1529
f 1530 1634 1643
f 1643 1537 1530
f 397 398 402
f 402 401 397
f 1535 1536 1642
f 1642 1641 1535
f 1533 1534 1640
f 1640 1639 1533
f 1526 1527 1533
f 1533 1532 1526
f 551 680 681
f 681 552 551
f 1530 1531 1635
f 1635 1634 1530
f 654 655 809
f 809 808 654
f 1712 1713 1811
f 1811 1810 1712
f 1525 1526 1633
f 1633 1632 1525
f 1543 1646 1647
f 1647 1544 1543
f 1089 1090 1195
f 1195 1194 1089
f 2538 2544 2545
f 2545 2539 2538
f 1517 1520 1627
f 1627 1624 1517
f 1520 1521 1628
f 1628 1627 1520
f 1787 1861 1863
f 1863 1789 1787
f 1951 1954 1955
f 1955 1952 1951
f 1518 1519 1626
f 1626 1625 1518
f 1515 1622 1626
f 1626 1519 1515
f 1730 1732 1830
f 1830 1828 1730
f 1516 1517 1624
f 1624 1623 1516
f 1512 1619 1622
f 1622 1515 1512
f 961 962 1073
f 1073 1072 961
f 747 765 766
f 766 748 747
f 159 160 169
f 169 168 159
f 1870 1939 1942
f 1942 1872 1870
f 1507 1508 1513
f 1513 1512 1507
f 1651 1748 1753
f 1753 1656 1651
f 1512 1513 1620
f 1620 1619 1512
f 1508 1615 1620
f 1620 1513 1508
f 1510 1511 1618
f 1618 1617 1510
f 1508 1509 1616
f 1616 1615 1508
f 1504 1612 1616
f 1616 1509 1504
f 1707 1803 1806
f 1806 1709 1707
f 573 576 577
f 577 574 573
f 1902 1975 1984
f 1984 1911 1902
f 2286 2287 2375
f 2375 2374 2286
f 1505 1506 1614
f 1614 1613 1505
f 495 634 635
f 635 496 495
f 1503 1505 1613
f 1613 1611 1503
f 1501 1609 1612
f 1612 1504 1501
f 1502 1503 1611
f 1611 1610 1502
f 417 418 422
f 422 421 417
f 1500 1502 1610
f 1610 1608 1500
f 1499 1607 1609
f 1609 1501 1499
f 1716 1719 1817
f 1817 1814 1716
f 2379 2467 2475
f 2475 2386 2379
f 579 709 713
f 713 583 579
f 740 758 759
f 759 741 740
f 1077 1181 1185
f 1185 1081 1077
f 107 108 117
f 117 116 107
f 1126 1131 1245
f 1245 1239 1126
f 1495 1603 1605
f 1605 1497 1495
f 1402 1404 1514
f 1514 1511 1402
f 791 894 895
f 895 792 791
f 966 972 973
f 973 967 966
f 1491 1492 1495
f 1495 1494 1491
f 2151 2241 2242
f 2242 2152 2151
f 1511 1514 1621
f 1621 1618 1511
f 2012 2016 2017
f 2017 2013 2012
f 1489 1599 1600
f 1600 1490 1489
f 1487 1488 1492
f 1492 1491 1487
f 1488 1598 1601
f 1601 1492 1488
f 1594 1696 1697
f 1697 1595 1594
f 1215 1339 1340
f 1340 1216 1215
f 1273 1274 1397
f 1397 1396 1273
f 1486 1490 1600
f 1600 1596 1486
f 985 990 1093
f 1093 1090 985
f 1482 1486 1596
f 1596 1592 1482
f 1480 1590 1594
f 1594 1484 1480
f 1697 1793 1795
f 1795 1699 1697
f 1015 1016 1119
f 1119 1118 1015
f 1795 1870 1872
f 1872 1797 1795
f 1479 1483 1593
f 1593 1589 1479
f 1478 1587 1591
f 1591 1481 1478
f 1304 1308 1309
f 1309 1305 1304
f 1475 1583 1584
f 1584 1476 1475
f 1472 1580 1581
f 1581 1473 1472
f 1470 1578 1579
f 1579 1471 1470
f 1468 1479 1589
f 1589 1576 1468
f 1467 1575 1587
f 1587 1478 1467
f 1464 1572 1573
f 1573 1465 1464
f 620 627 628
f 628 621 620
f 1457 1569 1570
f 1570 1458 1457
f 1458 1570 1577
f 1577 1469 1458
f 1455 1468 1576
f 1576 1567 1455
f 1447 1448 1452
f 1452 1451 1447
f 1447 1451 1563
f 1563 1559 1447
f 1556 1560 1561
f 1561 1557 1556
f 1444 1447 1559
f 1559 1555 1444
f 2058 2059 2141
f 2141 2140 2058
f 1440 1444 1555
f 1555 1550 1440
f 1547 1552 1553
f 1553 1548 1547
f 1442 1443 1553
f 1553 1552 1442
f 1221 1345 1346
f 1346 1222 1221
f 1438 1548 1553
f 1553 1443 1438
f 1979 1980 2060
f 2060 2059 1979
f 1854 1924 1927
f 1927 1860 1854
f 2039 2043 2044
f 2044 2040 2039
f 1436 1437 1441
f 1441 1440 1436
f 1436 1545 1546
f 1546 1437 1436
f 1434 1544 1548
f 1548 1438 1434
f 2041 2121 2125
f 2125 2045 2041
f 422 426 572
f 572 567 422
f 1432 1437 1546
f 1546 1541 1432
f 1539 1543 1544
f 1544 1540 1539
f 1429 1539 1540
f 1540 1430 1429
f 1430 1540 1544
f 1544 1434 1430
f 1538 1542 1543
f 1543 1539 1538
f 98 99 104
f 104 103 98
f 1426 1427 1535
f 1535 1534 1426
f 1419 1420 1426
f 1426 1425 1419
f 1413 1414 1424
f 1424 1423 1413
f 1423 1424 1531
f 1531 1530 1423
f 1418 1419 1527
f 1527 1526 1418
f 1412 1416 1524
f 1524 1521 1412
f 1414 1415 1523
f 1523 1522 1414
f 1409 1518 1523
f 1523 1415 1409
f 130 131 139
f 139 138 130
f 1004 1107 1108
f 1108 1005 1004
f 1408 1411 1520
f 1520 1517 1408
f 162 258 263
f 263 171 162
f 329 330 346
f 346 345 329
f 1406 1515 1519
f 1519 1410 1406
f 1460 1473 1474
f 1474 1461 1460
f 1407 1408 1517
f 1517 1516 1407
f 1404 1407 1516
f 1516 1514 1404
f 1727 1825 1829
f 1829 1731 1727
f 1945 1947 2021
f 2021 2018 1945
f 454 600 601
f 601 455 454
f 1554 1555 1559
f 1559 1558 1554
f 375 376 511
f 511 510 375
f 1774 1851 1858
f 1858 1785 1774
f 1673 1674 1686
f 1686 1685 1673
f 1396 1397 1402
f 1402 1401 1396
f 1396 1401 1510
f 1510 1506 1396
f 2564 2569 2570
f 2570 2565 2564
f 1560 1565 1566
f 1566 1561 1560
f 1399 1400 1509
f 1509 1508 1399
f 2473 2480 2481
f 2481 2474 2473
f 790 801 906
f 906 893 790
f 2505 2508 2556
f 2556 2552 2505
f 1830 1831 1901
f 1901 1900 1830
f 1868 1936 1937
f 1937 1869 1868
f 908 909 1013
f 1013 1012 908
f 1881 1883 1954
f 1954 1951 1881
f 1387 1388 1392
f 1392 1391 1387
f 1387 1391 1502
f 1502 1500 1387
f 1398 1399 1508
f 1508 1507 1398
f 504 505 516
f 516 515 504
f 1416 1417 1525
f 1525 1524 1416
f 2125 2219 2228
f 2228 2130 2125
f 1883 1884 1955
f 1955 1954 1883
f 928 930 1035
f 1035 1033 928
f 1383 1497 1499
f 1499 1386 1383
f 2439 2447 2448
f 2448 2440 2439
f 154 252 257
f 257 161 154
f 498 637 638
f 638 499 498
f 2442 2450 2451
f 2451 2443 2442
f 1379 1384 1498
f 1498 1496 1379
f 1377 1378 1383
f 1383 1382 1377
f 1198 1203 1325
f 1325 1321 1198
f 2300 2396 2404
f 2404 2310 2300
f 1374 1375 1380
f 1380 1379 1374
f 1027 1133 1137
f 1137 1029 1027
f 1849 1919 1920
f 1920 1850 1849
f 1692 1695 1791
f 1791 1788 1692
f 1369 1370 1375
f 1375 1374 1369
f 2346 2421 2424
f 2424 2351 2346
f 1369 1489 1490
f 1490 1370 1369
f 1369 1374 1493
f 1493 1489 1369
f 1367 1368 1373
f 1373 1372 1367
f 1368 1487 1491
f 1491 1373 1368
f 170 171 177
f 177 176 170
f 2409 2483 2484
f 2484 2410 2409
f 254 261 405
f 405 400 254
f 1364 1370 1490
f 1490 1486 1364
f 1362 1484 1487
f 1487 1368 1362
f 1359 1360 1365
f 1365 1364 1359
f 1359 1482 1483
f 1483 1360 1359
f 1359 1364 1486
f 1486 1482 1359
f 1357 1358 1363
f 1363 1362 1357
f 1480 1484 1485
f 1485 1481 1480
f 1362 1363 1485
f 1485 1484 1362
f 2364 2369 2370
f 2370 2365 2364
f 1779 1788 1862
f 1862 1856 1779
f 1355 1478 1481
f 1481 1358 1355
f 2212 2216 2302
f 2302 2298 2212
f 1498 1500 1608
f 1608 1606 1498
f 1348 1469 1470
f 1470 1349 1348
f 967 973 974
f 974 968 967
f 1347 1356 1479
f 1479 1468 1347
f 1345 1466 1467
f 1467 1346 1345
f 1346 1467 1478
f 1478 1355 1346
f 1461 1474 1475
f 1475 1462 1461
f 1339 1461 1462
f 1462 1340 1339
f 1340 1462 1475
f 1475 1352 1340
f 1097 1112 1223
f 1223 1207 1097
f 1338 1460 1461
f 1461 1339 1338
f 1334 1457 1458
f 1458 1335 1334
f 1335 1458 1469
f 1469 1348 1335
f 1326 1327 1331
f 1331 1330 1326
f 1327 1449 1454
f 1454 1331 1327
f 1325 1326 1330
f 1330 1329 1325
f 1329 1330 1453
f 1453 1452 1329
f 2157 2166 2250
f 2250 2243 2157
f 1325 1329 1452
f 1452 1448 1325
f 1320 1321 1325
f 1325 1324 1320
f 1324 1325 1448
f 1448 1447 1324
f 1320 1324 1447
f 1447 1444 1320
f 566 567 572
f 572 571 566
f 1318 1443 1446
f 1446 1322 1318
f 1316 1440 1441
f 1441 1317 1316
f 2018 2021 2022
f 2022 2019 2018
f 1316 1320 1444
f 1444 1440 1316
f 1314 1438 1443
f 1443 1318 1314
f 1882 1953 1958
f 1958 1886 1882
f 1313 1317 1441
f 1441 1437 1313
f 1314 1315 1439
f 1439 1438 1314
f 1640 1641 1741
f 1741 1740 1640
f 1312 1435 1439
f 1439 1315 1312
f 1294 1300 1301
f 1301 1295 1294
f 1980 1981 2061
f 2061 2060 1980
f 1310 1432 1433
f 1433 1311 1310
f 1430 1434 1435
f 1435 1431 1430
f 1309 1431 1435
f 1435 1312 1309
f 1306 1428 1429
f 1429 1307 1306
f 1297 1298 1423
f 1423 1422 1297
f 338 348 476
f 476 469 338
f 1288 1413 1423
f 1423 1298 1288
f 1296 1297 1422
f 1422 1421 1296
f 1295 1296 1421
f 1421 1420 1295
f 1293 1294 1419
f 1419 1418 1293
f 1292 1293 1418
f 1418 1417 1292
f 1291 1292 1417
f 1417 1416 1291
f 2097 2100 2101
f 2101 2098 2097
f 1287 1291 1416
f 1416 1412 1287
f 1284 1285 1290
f 1290 1289 1284
f 1285 1409 1415
f 1415 1290 1285
f 1283 1286 1411
f 1411 1408 1283
f 1280 1405 1409
f 1409 1285 1280
f 219 220 226
f 226 225 219
f 943 947 948
f 948 944 943
f 1279 1282 1407
f 1407 1404 1279
f 1280 1281 1406
f 1406 1405 1280
f 2549 2577 2583
f 2583 2554 2549
f 1947 1949 2024
f 2024 2021 1947
f 1179 1304 1305
f 1305 1180 1179
f 2568 2574 2575
f 2575 2569 2568
f 1767 1844 1845
f 1845 1768 1767
f 230 231 322
f 322 321 230
f 1275 1398 1403
f 1403 1278 1275
f 30 31 37
f 37 36 30
f 1715 1716 1814
f 1814 1813 1715
f 2049 2050 2130
f 2130 2129 2049
f 9 10 18
f 18 17 9
f 1274 1277 1402
f 1402 1397 1274
f 1270 1271 1276
f 1276 1275 1270
f 1275 1276 1399
f 1399 1398 1275
f 1271 1393 1399
f 1399 1276 1271
f 1493 1496 1604
f 1604 1602 1493
f 2509 2515 2516
f 2516 2510 2509
f 1268 1269 1274
f 1274 1273 1268
f 1901 1904 1977
f 1977 1973 1901
f 1267 1272 1395
f 1395 1392 1267
f 1266 1389 1393
f 1393 1271 1266
f 2096 2099 2187
f 2187 2183 2096
f 2156 2165 2166
f 2166 2157 2156
f 2292 2297 2298
f 2298 2293 2292
f 2446 2522 2526
f 2526 2455 2446
f 658 659 813
f 813 812 658
f 177 178 183
f 183 182 177
f 1258 1259 1264
f 1264 1263 1258
f 1257 1262 1387
f 1387 1384 1257
f 1255 1256 1261
f 1261 1260 1255
f 1255 1381 1382
f 1382 1256 1255
f 1256 1382 1385
f 1385 1261 1256
f 338 339 349
f 349 348 338
f 1252 1253 1258
f 1258 1257 1252
f 1252 1257 1384
f 1384 1379 1252
f 807 808 817
f 817 816 807
f 1799 1802 1875
f 1875 1873 1799
f 1248 1253 1380
f 1380 1375 1248
f 768 769 885
f 885 884 768
f 998 1101 1102
f 1102 999 998
f 2494 2498 2499
f 2499 2495 2494
f 1243 1244 1250
f 1250 1249 1243
f 1242 1243 1249
f 1249 1248 1242
f 1989 2068 2069
f 2069 1990 1989
f 1242 1248 1375
f 1375 1370 1242
f 1240 1366 1371
f 1371 1246 1240
f 708 712 713
f 713 709 708
f 1497 1605 1607
f 1607 1499 1497
f 1207 1223 1347
f 1347 1332 1207
f 1184 1188 1189
f 1189 1185 1184
f 2136 2137 2234
f 2234 2233 2136
f 141 142 229
f 229 228 141
f 1238 1239 1245
f 1245 1244 1238
f 1967 2045 2050
f 2050 1971 1967
f 1236 1364 1365
f 1365 1237 1236
f 1236 1242 1370
f 1370 1364 1236
f 1445 1449 1450
f 1450 1446 1445
f 111 112 120
f 120 119 111
f 48 49 56
f 56 55 48
f 1230 1357 1362
f 1362 1235 1230
f 1428 1433 1542
f 1542 1538 1428
f 1405 1406 1410
f 1410 1409 1405
f 586 593 594
f 594 587 586
f 1337 1459 1460
f 1460 1338 1337
f 1848 1918 1919
f 1919 1849 1848
f 1229 1232 1360
f 1360 1356 1229
f 1228 1355 1358
f 1358 1231 1228
f 1428 1538 1539
f 1539 1429 1428
f 1994 2073 2074
f 2074 1995 1994
f 1574 1586 1587
f 1587 1575 1574
f 1225 1349 1350
f 1350 1226 1225
f 1224 1348 1349
f 1349 1225 1224
f 1223 1229 1356
f 1356 1347 1223
f 1221 1222 1228
f 1228 1227 1221
f 1135 1136 1140
f 1140 1139 1135
f 392 543 544
f 544 393 392
f 1220 1344 1345
f 1345 1221 1220
f 392 399 548
f 548 543 392
f 1219 1343 1344
f 1344 1220 1219
f 723 734 735
f 735 724 723
f 1341 1353 1354
f 1354 1342 1341
f 725 736 872
f 872 869 725
f 1336 1350 1351
f 1351 1337 1336
f 1825 1895 1899
f 1899 1829 1825
f 1212 1336 1337
f 1337 1213 1212
f 1212 1226 1350
f 1350 1336 1212
f 1209 1334 1335
f 1335 1210 1209
f 1210 1335 1348
f 1348 1224 1210
f 1765 1780 1857
f 1857 1842 1765
f 2517 2522 2523
f 2523 2518 2517
f 1208 1333 1334
f 1334 1209 1208
f 1200 1201 1206
f 1206 1205 1200
f 1204 1205 1327
f 1327 1326 1204
f 2041 2045 2046
f 2046 2042 2041
f 1201 1202 1323
f 1323 1322 1201
f 1196 1319 1323
f 1323 1202 1196
f 2553 2554 2583
f 2583 2582 2553
f 1194 1198 1321
f 1321 1317 1194
f 1314 1318 1319
f 1319 1315 1314
f 1192 1315 1319
f 1319 1196 1192
f 2016 2097 2098
f 2098 2017 2016
f 1188 1312 1315
f 1315 1192 1188
f 1186 1187 1191
f 1191 1190 1186
f 1186 1310 1311
f 1311 1187 1186
f 1634 1635 1735
f 1735 1734 1634
f 1186 1190 1313
f 1313 1310 1186
f 1182 1306 1307
f 1307 1183 1182
f 1180 1305 1309
f 1309 1184 1180
f 1303 1307 1308
f 1308 1304 1303
f 1178 1303 1304
f 1304 1179 1178
f 1178 1183 1307
f 1307 1303 1178
f 1295 1301 1302
f 1302 1296 1295
f 1175 1176 1302
f 1302 1301 1175
f 1169 1296 1302
f 1302 1176 1169
f 1174 1175 1301
f 1301 1300 1174
f 1168 1173 1299
f 1299 1293 1168
f 1170 1171 1298
f 1298 1297 1170
f 1164 1288 1298
f 1298 1171 1164
f 1169 1170 1297
f 1297 1296 1169
f 293 430 433
f 433 297 293
f 1163 1166 1291
f 1291 1287 1163
f 1160 1284 1289
f 1289 1165 1160
f 775 784 785
f 785 776 775
f 1159 1162 1286
f 1286 1283 1159
f 380 530 531
f 531 381 380
f 663 816 817
f 817 664 663
f 1866 1934 1935
f 1935 1867 1866
f 222 223 231
f 231 230 222
f 1532 1533 1639
f 1639 1638 1532
f 2306 2315 2405
f 2405 2400 2306
f 1011 1015 1118
f 1118 1115 1011
f 1649 1746 1747
f 1747 1650 1649
f 1151 1153 1277
f 1277 1274 1151
f 1453 1454 1566
f 1566 1565 1453
f 28 29 112
f 112 111 28
f 1459 1472 1473
f 1473 1460 1459
f 124 125 135
f 135 134 124
f 467 474 614
f 614 610 467
f 47 48 55
f 55 54 47
f 2033 2036 2115
f 2115 2112 2033
f 1144 1260 1265
f 1265 1147 1144
f 368 494 495
f 495 369 368
f 1079 1182 1183
f 1183 1080 1079
f 2121 2122 2214
f 2214 2213 2121
f 1141 1255 1260
f 1260 1144 1141
f 1773 1774 1785
f 1785 1784 1773
f 2247 2335 2338
f 2338 2251 2247
f 2371 2376 2377
f 2377 2372 2371
f 367 493 494
f 494 368 367
f 78 79 90
f 90 89 78
f 2014 2018 2019
f 2019 2015 2014
f 1145 1148 1268
f 1268 1264 1145
f 1134 1135 1139
f 1139 1138 1134
f 2113 2117 2118
f 2118 2114 2113
f 1134 1249 1250
f 1250 1135 1134
f 450 451 458
f 458 457 450
f 486 487 626
f 626 625 486
f 1724 1822 1826
f 1826 1728 1724
f 1888 1891 1963
f 1963 1960 1888
f 802 907 911
f 911 804 802
f 1340 1352 1353
f 1353 1341 1340
f 2037 2038 2118
f 2118 2117 2037
f 1207 1332 1333
f 1333 1208 1207
f 637 798 799
f 799 638 637
f 424 569 570
f 570 425 424
f 2395 2403 2404
f 2404 2396 2395
f 1130 1244 1245
f 1245 1131 1130
f 945 946 1052
f 1052 1051 945
f 1240 1246 1247
f 1247 1241 1240
f 1835 1836 1906
f 1906 1905 1835
f 1129 1241 1247
f 1247 1133 1129
f 155 156 165
f 165 164 155
f 2508 2514 2515
f 2515 2509 2508
f 1122 1123 1129
f 1129 1128 1122
f 1123 1234 1241
f 1241 1129 1123
f 782 788 789
f 789 783 782
f 644 645 655
f 655 654 644
f 642 643 650
f 650 649 642
f 1125 1126 1239
f 1239 1238 1125
f 760 773 774
f 774 761 760
f 1391 1392 1503
f 1503 1502 1391
f 1116 1117 1124
f 1124 1123 1116
f 71 187 193
f 193 77 71
f 318 319 330
f 330 329 318
f 853 856 949
f 949 946 853
f 1832 1833 1903
f 1903 1902 1832
f 279 280 284
f 284 283 279
f 2 3 7
f 7 6 2
f 1118 1119 1233
f 1233 1232 1118
f 1115 1118 1232
f 1232 1229 1115
f 1113 1114 1117
f 1117 1116 1113
f 1114 1227 1230
f 1230 1117 1114
f 477 478 617
f 617 616 477
f 478 479 618
f 618 617 478
f 1036 1147 1150
f 1150 1038 1036
f 2270 2274 2357
f 2357 2353 2270
f 2225 2234 2235
f 2235 2226 2225
f 701 705 706
f 706 702 701
f 1110 1220 1221
f 1221 1111 1110
f 1108 1218 1219
f 1219 1109 1108
f 2067 2080 2157
f 2157 2146 2067
f 260 265 408
f 408 404 260
f 1545 1648 1649
f 1649 1546 1545
f 1101 1211 1212
f 1212 1102 1101
f 1210 1224 1225
f 1225 1211 1210
f 402 403 407
f 407 406 402
f 1100 1210 1211
f 1211 1101 1100
f 46 166 167
f 167 47 46
f 1099 1209 1210
f 1210 1100 1099
f 1671 1683 1783
f 1783 1769 1671
f 1098 1208 1209
f 1209 1099 1098
f 761 774 775
f 775 762 761
f 1095 1096 1202
f 1202 1201 1095
f 1091 1196 1202
f 1202 1096 1091
f 822 918 919
f 919 823 822
f 595 601 741
f 741 728 595
f 1156 1157 1281
f 1281 1280 1156
f 1873 1875 1945
f 1945 1943 1873
f 1083 1087 1191
f 1191 1187 1083
f 1064 1071 1072
f 1072 1065 1064
f 1090 1093 1199
f 1199 1195 1090
f 1104 1214 1215
f 1215 1105 1104
f 528 529 537
f 537 536 528
f 1075 1179 1180
f 1180 1076 1075
f 1064 1065 1177
f 1177 1176 1064
f 1056 1060 1172
f 1172 1167 1056
f 1057 1058 1171
f 1171 1170 1057
f 1053 1164 1171
f 1171 1058 1053
f 2223 2231 2320
f 2320 2314 2223
f 2100 2190 2194
f 2194 2103 2100
f 2157 2243 2244
f 2244 2158 2157
f 116 117 127
f 127 126 116
f 157 158 167
f 167 166 157
f 1705 1800 1803
f 1803 1707 1705
f 1599 1602 1703
f 1703 1700 1599
f 828 833 926
f 926 922 828
f 215 216 220
f 220 219 215
f 1797 1872 1874
f 1874 1800 1797
f 2026 2106 2110
f 2110 2030 2026
f 1053 1054 1165
f 1165 1164 1053
f 62 63 70
f 70 69 62
f 2392 2393 2479
f 2479 2478 2392
f 1551 1655 1659
f 1659 1556 1551
f 325 326 342
f 342 341 325
f 1051 1052 1163
f 1163 1162 1051
f 2203 2207 2208
f 2208 2204 2203
f 1669 1766 1767
f 1767 1670 1669
f 978 1084 1088
f 1088 984 978
f 110 118 216
f 216 212 110
f 1048 1051 1162
f 1162 1159 1048
f 1734 1735 1744
f 1744 1743 1734
f 135 222 230
f 230 143 135
f 1837 1838 1908
f 1908 1907 1837
f 286 290 429
f 429 426 286
f 480 485 624
f 624 619 480
f 1043 1044 1048
f 1048 1047 1043
f 951 1059 1067
f 1067 956 951
f 1045 1046 1157
f 1157 1156 1045
f 1042 1154 1157
f 1157 1046 1042
f 503 504 515
f 515 514 503
f 2196 2200 2284
f 2284 2281 2196
f 531 663 664
f 664 532 531
f 675 831 834
f 834 679 675
f 1929 1933 2004
f 2004 2000 1929
f 78 89 204
f 204 197 78
f 1923 1996 1997
f 1997 1924 1923
f 1142 1145 1264
f 1264 1259 1142
f 161 257 258
f 258 162 161
f 1524 1525 1632
f 1632 1631 1524
f 1038 1150 1152
f 1152 1040 1038
f 2209 2295 2301
f 2301 2213 2209
f 45 52 175
f 175 165 45
f 50 170 176
f 176 57 50
f 1853 1923 1924
f 1924 1854 1853
f 1617 1618 1720
f 1720 1719 1617
f 1743 1744 1841
f 1841 1840 1743
f 1037 1039 1151
f 1151 1149 1037
f 2081 2161 2162
f 2162 2082 2081
f 2329 2408 2409
f 2409 2330 2329
f 1719 1720 1818
f 1818 1817 1719
f 274 415 419
f 419 279 274
f 1035 1037 1149
f 1149 1146 1035
f 1022 1023 1027
f 1027 1026 1022
f 1942 2013 2017
f 2017 1944 1942
f 2274 2278 2361
f 2361 2357 2274
f 314 315 326
f 326 325 314
f 912 913 1018
f 1018 1017 912
f 543 548 677
f 677 672 543
f 2408 2415 2489
f 2489 2482 2408
f 423 568 569
f 569 424 423
f 1033 1035 1146
f 1146 1143 1033
f 1032 1141 1144
f 1144 1034 1032
f 1030 1033 1143
f 1143 1139 1030
f 860 865 866
f 866 861 860
f 1029 1137 1141
f 1141 1032 1029
f 1456 1568 1569
f 1569 1457 1456
f 810 811 820
f 820 819 810
f 849 852 945
f 945 942 849
f 1393 1394 1400
f 1400 1399 1393
f 1403 1512 1515
f 1515 1406 1403
f 1521 1524 1631
f 1631 1628 1521
f 1028 1031 1140
f 1140 1136 1028
f 1987 2066 2067
f 2067 1988 1987
f 2438 2444 2519
f 2519 2514 2438
f 1024 1131 1132
f 1132 1025 1024
f 1586 1690 1693
f 1693 1590 1586
f 1069 1076 1077
f 1077 1070 1069
f 832 925 926
f 926 833 832
f 1105 1215 1216
f 1216 1106 1105
f 1953 2031 2035
f 2035 1958 1953
f 1476 1584 1585
f 1585 1477 1476
f 1384 1387 1500
f 1500 1498 1384
f 1885 1957 1962
f 1962 1890 1885
f 1076 1180 1181
f 1181 1077 1076
f 1232 1233 1238
f 1238 1237 1232
f 2002 2005 2006
f 2006 2003 2002
f 1019 1020 1123
f 1123 1122 1019
f 493 632 633
f 633 494 493
f 1041 1043 1155
f 1155 1153 1041
f 1014 1116 1123
f 1123 1020 1014
f 1158 1159 1283
f 1283 1282 1158
f 432 433 580
f 580 579 432
f 1005 1108 1109
f 1109 1006 1005
f 1436 1440 1550
f 1550 1545 1436
f 1960 1963 2039
f 2039 2036 1960
f 1102 1212 1213
f 1213 1103 1102
f 271 275 417
f 417 414 271
f 1372 1373 1377
f 1377 1376 1372
f 1012 1013 1017
f 1017 1016 1012
f 1016 1017 1120
f 1120 1119 1016
f 14 15 23
f 23 22 14
f 1011 1012 1016
f 1016 1015 1011
f 2030 2034 2035
f 2035 2031 2030
f 1199 1200 1205
f 1205 1204 1199
f 408 411 558
f 558 555 408
f 330 459 473
f 473 346 330
f 1006 1109 1110
f 1110 1007 1006
f 480 481 486
f 486 485 480
f 1007 1110 1113
f 1113 1010 1007
f 2102 2105 2195
f 2195 2191 2102
f 730 743 744
f 744 731 730
f 1002 1105 1106
f 1106 1003 1002
f 242 388 389
f 389 243 242
f 2515 2520 2521
f 2521 2516 2515
f 997 1100 1101
f 1101 998 997
f 184 190 276
f 276 272 184
f 1480 1481 1591
f 1591 1590 1480
f 994 1008 1112
f 1112 1097 994
f 987 988 993
f 993 992 987
f 918 1024 1025
f 1025 919 918
f 988 989 1092
f 1092 1091 988
f 1938 2008 2009
f 2009 1939 1938
f 992 993 1096
f 1096 1095 992
f 1267 1268 1273
f 1273 1272 1267
f 190 191 277
f 277 276 190
f 385 537 538
f 538 386 385
f 982 985 1090
f 1090 1087 982
f 2482 2489 2490
f 2490 2483 2482
f 1194 1195 1199
f 1199 1198 1194
f 970 976 1083
f 1083 1079 970
f 1077 1081 1082
f 1082 1078 1077
f 184 185 191
f 191 190 184
f 1049 1050 1161
f 1161 1160 1049
f 362 363 488
f 488 487 362
f 1068 1075 1076
f 1076 1069 1068
f 1148 1149 1269
f 1269 1268 1148
f 960 961 1072
f 1072 1071 960
f 710 715 865
f 865 860 710
f 1063 1070 1071
f 1071 1064 1063
f 1062 1069 1070
f 1070 1063 1062
f 955 956 1067
f 1067 1066 955
f 1057 1065 1066
f 1066 1058 1057
f 2115 2116 2208
f 2208 2207 2115
f 953 954 1061
f 1061 1060 953
f 1053 1058 1059
f 1059 1054 1053
f 1180 1184 1185
f 1185 1181 1180
f 1679 1778 1787
f 1787 1690 1679
f 2453 2462 2463
f 2463 2454 2453
f 946 949 1055
f 1055 1052 946
f 1588 1592 1694
f 1694 1691 1588
f 339 340 350
f 350 349 339
f 2493 2531 2532
f 2532 2494 2493
f 72 78 197
f 197 192 72
f 943 944 1050
f 1050 1049 943
f 194 278 279
f 279 195 194
f 933 1038 1040
f 1040 935 933
f 937 1042 1046
f 1046 941 937
f 705 708 709
f 709 706 705
f 359 360 484
f 484 483 359
f 1153 1155 1279
f 1279 1277 1153
f 2303 2312 2313
f 2313 2304 2303
f 750 751 769
f 769 768 750
f 2470 2477 2478
f 2478 2471 2470
f 1995 2074 2075
f 2075 1996 1995
f 308 309 317
f 317 316 308
f 1937 1941 2011
f 2011 2007 1937
f 1670 1767 1781
f 1781 1681 1670
f 1924 1997 1999
f 1999 1927 1924
f 838 931 933
f 933 840 838
f 529 530 538
f 538 537 529
f 1022 1128 1129
f 1129 1023 1022
f 347 355 481
f 481 475 347
f 934 936 1041
f 1041 1039 934
f 561 563 691
f 691 688 561
f 721 732 733
f 733 722 721
f 1625 1626 1728
f 1728 1727 1625
f 1792 1866 1867
f 1867 1793 1792
f 566 571 698
f 698 694 566
f 1655 1656 1753
f 1753 1752 1655
f 59 60 67
f 67 66 59
f 254 255 262
f 262 261 254
f 1578 1682 1683
f 1683 1579 1578
f 929 1034 1036
f 1036 931 929
f 1996 2075 2076
f 2076 1997 1996
f 2502 2504 2551
f 2551 2547 2502
f 236 237 335
f 335 334 236
f 226 227 233
f 233 232 226
f 984 1088 1092
f 1092 989 984
f 968 974 975
f 975 969 968
f 794 897 898
f 898 795 794
f 517 518 527
f 527 526 517
f 1030 1139 1140
f 1140 1031 1030
f 106 107 116
f 116 115 106
f 839 841 934
f 934 932 839
f 31 32 38
f 38 37 31
f 943 1049 1054
f 1054 947 943
f 925 1030 1031
f 1031 926 925
f 582 583 713
f 713 712 582
f 913 916 1021
f 1021 1018 913
f 925 928 1033
f 1033 1030 925
f 660 668 824
f 824 815 660
f 1119 1125 1238
f 1238 1233 1119
f 916 919 1025
f 1025 1021 916
f 922 926 1031
f 1031 1028 922
f 1385 1386 1390
f 1390 1389 1385
f 920 1026 1027
f 1027 921 920
f 211 215 303
f 303 299 211
f 2294 2300 2301
f 2301 2295 2294
f 917 1022 1026
f 1026 920 917
f 1167 1172 1173
f 1173 1168 1167
f 1361 1362 1368
f 1368 1367 1361
f 914 1019 1022
f 1022 917 914
f 409 410 413
f 413 412 409
f 321 322 453
f 453 452 321
f 1019 1122 1128
f 1128 1022 1019
f 467 468 475
f 475 474 467
f 914 915 1020
f 1020 1019 914
f 355 356 362
f 362 361 355
f 490 491 502
f 502 501 490
f 909 910 913
f 913 912 909
f 982 983 986
f 986 985 982
f 907 1010 1014
f 1014 911 907
f 84 85 95
f 95 94 84
f 949 950 1056
f 1056 1055 949
f 2542 2566 2567
f 2567 2543 2542
f 2243 2328 2329
f 2329 2244 2243
f 2054 2055 2139
f 2139 2138 2054
f 279 419 420
f 420 280 279
f 811 812 821
f 821 820 811
f 905 906 910
f 910 909 905
f 904 905 909
f 909 908 904
f 2508 2509 2557
f 2557 2556 2508
f 1700 1703 1704
f 1704 1701 1700
f 901 1005 1006
f 1006 902 901
f 1294 1295 1420
f 1420 1419 1294
f 900 1004 1005
f 1005 901 900
f 2578 2584 2585
f 2585 2579 2578
f 898 1002 1003
f 1003 899 898
f 2216 2217 2303
f 2303 2302 2216
f 350 351 359
f 359 358 350
f 511 512 522
f 522 521 511
f 1265 1266 1271
f 1271 1270 1265
f 2181 2268 2272
f 2272 2185 2181
f 895 999 1000
f 1000 896 895
f 695 847 850
f 850 700 695
f 300 301 436
f 436 435 300
f 43 47 167
f 167 158 43
f 2506 2554 2561
f 2561 2513 2506
f 892 893 906
f 906 905 892
f 2095 2182 2186
f 2186 2097 2095
f 885 886 890
f 890 889 885
f 792 895 896
f 896 793 792
f 547 674 678
f 678 549 547
f 886 984 989
f 989 890 886
f 1601 1702 1705
f 1705 1603 1601
f 888 889 988
f 988 987 888
f 883 884 888
f 888 887 883
f 1008 1009 1012
f 1012 1011 1008
f 887 888 987
f 987 986 887
f 179 180 185
f 185 184 179
f 883 887 986
f 986 983 883
f 2251 2338 2341
f 2341 2257 2251
f 878 978 984
f 984 886 878
f 1293 1299 1300
f 1300 1294 1293
f 497 636 637
f 637 498 497
f 876 883 983
f 983 977 876
f 1137 1251 1255
f 1255 1141 1137
f 880 881 981
f 981 980 880
f 2271 2275 2276
f 2276 2272 2271
f 2135 2136 2233
f 2233 2232 2135
f 872 876 977
f 977 971 872
f 8 9 17
f 17 16 8
f 873 874 975
f 975 974 873
f 137 144 233
f 233 227 137
f 869 872 971
f 971 964 869
f 2413 2487 2494
f 2494 2416 2413
f 961 967 968
f 968 962 961
f 909 912 1017
f 1017 1013 909
f 1992 2071 2072
f 2072 1993 1992
f 960 966 967
f 967 961 960
f 1514 1516 1623
f 1623 1621 1514
f 2303 2304 2398
f 2398 2397 2303
f 1162 1163 1287
f 1287 1286 1162
f 588 597 730
f 730 719 588
f 745 763 764
f 764 746 745
f 302 309 445
f 445 438 302
f 1894 1897 1969
f 1969 1966 1894
f 142 143 230
f 230 229 142
f 1079 1083 1187
f 1187 1182 1079
f 958 964 965
f 965 959 958
f 862 956 963
f 963 867 862
f 1975 1976 2056
f 2056 2055 1975
f 970 1079 1080
f 1080 971 970
f 406 407 410
f 410 409 406
f 652 653 663
f 663 662 652
f 2171 2176 2260
f 2260 2253 2171
f 2484 2491 2492
f 2492 2485 2484
f 2152 2159 2160
f 2160 2153 2152
f 115 116 126
f 126 125 115
f 947 951 952
f 952 948 947
f 496 497 505
f 505 504 496
f 641 802 804
f 804 648 641
f 412 413 416
f 416 415 412
f 1001 1104 1105
f 1105 1002 1001
f 2087 2170 2171
f 2171 2088 2087
f 856 857 950
f 950 949 856
f 2547 2551 2552
f 2552 2548 2547
f 1086 1190 1191
f 1191 1087 1086
f 416 562 565
f 565 420 416
f 441 589 590
f 590 442 441
f 468 469 476
f 476 475 468
f 846 849 942
f 942 939 846
f 2108 2109 2200
f 2200 2199 2108
f 228 229 238
f 238 237 228
f 245 246 255
f 255 254 245
f 1466 1574 1575
f 1575 1467 1466
f 954 959 1068
f 1068 1061 954
f 1667 1764 1765
f 1765 1668 1667
f 843 845 938
f 938 936 843
f 842 935 937
f 937 844 842
f 487 488 627
f 627 626 487
f 841 843 936
f 936 934 841
f 1306 1311 1433
f 1433 1428 1306
f 840 933 935
f 935 842 840
f 852 853 946
f 946 945 852
f 955 1066 1073
f 1073 962 955
f 2542 2548 2572
f 2572 2566 2542
f 2222 2223 2314
f 2314 2313 2222
f 870 874 875
f 875 871 870
f 491 630 631
f 631 492 491
f 564 565 569
f 569 568 564
f 1717 1718 1816
f 1816 1815 1717
f 715 724 725
f 725 716 715
f 655 656 810
f 810 809 655
f 837 839 932
f 932 930 837
f 1349 1470 1471
f 1471 1350 1349
f 836 929 931
f 931 838 836
f 1771 1848 1849
f 1849 1772 1771
f 1110 1111 1114
f 1114 1113 1110
f 1775 1852 1853
f 1853 1776 1775
f 866 869 964
f 964 958 866
f 834 927 929
f 929 836 834
f 1332 1347 1468
f 1468 1455 1332
f 996 1099 1100
f 1100 997 996
f 832 835 928
f 928 925 832
f 155 164 262
f 262 255 155
f 830 923 924
f 924 831 830
f 831 924 927
f 927 834 831
f 708 859 864
f 864 712 708
f 1653 1749 1750
f 1750 1654 1653
f 936 938 1043
f 1043 1041 936
f 626 627 789
f 789 788 626
f 392 393 400
f 400 399 392
f 2361 2366 2367
f 2367 2362 2361
f 899 1003 1004
f 1004 900 899
f 862 867 868
f 868 863 862
f 1337 1351 1472
f 1472 1459 1337
f 827 920 923
f 923 830 827
f 1629 1630 1636
f 1636 1635 1629
f 118 119 129
f 129 128 118
f 744 762 763
f 763 745 744
f 857 861 953
f 953 950 857
f 2282 2285 2371
f 2371 2366 2282
f 822 823 829
f 829 828 822
f 822 828 922
f 922 918 822
f 820 821 827
f 827 826 820
f 821 917 920
f 920 827 821
f 862 863 957
f 957 956 862
f 1703 1706 1801
f 1801 1798 1703
f 1604 1606 1708
f 1708 1706 1604
f 1055 1056 1167
f 1167 1166 1055
f 812 914 917
f 917 821 812
f 809 810 819
f 819 818 809
f 927 1032 1034
f 1034 929 927
f 808 809 818
f 818 817 808
f 2052 2057 2058
f 2058 2053 2052
f 2383 2389 2390
f 2390 2384 2383
f 805 806 815
f 815 814 805
f 805 814 916
f 916 913 805
f 812 813 915
f 915 914 812
f 1897 1898 1970
f 1970 1969 1897
f 1184 1309 1312
f 1312 1188 1184
f 2045 2125 2130
f 2130 2050 2045
f 495 496 504
f 504 503 495
f 1482 1592 1593
f 1593 1483 1482
f 891 892 905
f 905 904 891
f 698 699 704
f 704 703 698
f 1635 1636 1736
f 1736 1735 1635
f 801 803 910
f 910 906 801
f 799 902 903
f 903 800 799
f 800 903 907
f 907 802 800
f 797 900 901
f 901 798 797
f 290 291 295
f 295 294 290
f 2457 2466 2467
f 2467 2458 2457
f 790 893 894
f 894 791 790
f 751 752 770
f 770 769 751
f 752 878 886
f 886 770 752
f 1333 1456 1457
f 1457 1334 1333
f 873 881 882
f 882 874 873
f 755 756 882
f 882 881 755
f 2400 2405 2406
f 2406 2401 2400
f 754 755 881
f 881 880 754
f 1240 1241 1367
f 1367 1366 1240
f 440 588 589
f 589 441 440
f 753 754 880
f 880 879 753
f 931 1036 1038
f 1038 933 931
f 1263 1267 1392
f 1392 1388 1263
f 119 120 130
f 130 129 119
f 229 230 321
f 321 320 229
f 749 750 877
f 877 876 749
f 891 904 1009
f 1009 995 891
f 1972 1973 2052
f 2052 2051 1972
f 736 749 876
f 876 872 736
f 737 738 875
f 875 874 737
f 443 591 592
f 592 444 443
f 2368 2449 2458
f 2458 2373 2368
f 1008 1011 1115
f 1115 1112 1008
f 867 870 871
f 871 868 867
f 771 780 781
f 781 772 771
f 1452 1453 1565
f 1565 1564 1452
f 716 725 869
f 869 866 716
f 711 863 868
f 868 717 711
f 133 134 142
f 142 141 133
f 2305 2306 2400
f 2400 2399 2305
f 715 716 866
f 866 865 715
f 867 963 969
f 969 870 867
f 183 270 274
f 274 189 183
f 2075 2154 2161
f 2161 2081 2075
f 856 860 861
f 861 857 856
f 509 510 643
f 643 642 509
f 704 707 856
f 856 853 704
f 707 710 860
f 860 856 707
f 854 858 859
f 859 855 854
f 427 573 574
f 574 428 427
f 850 854 855
f 855 851 850
f 632 793 794
f 794 633 632
f 1878 1948 1950
f 1950 1880 1878
f 370 371 376
f 376 375 370
f 893 997 998
f 998 894 893
f 1182 1187 1311
f 1311 1306 1182
f 440 441 451
f 451 450 440
f 324 325 341
f 341 340 324
f 698 703 852
f 852 849 698
f 437 584 585
f 585 438 437
f 187 188 194
f 194 193 187
f 435 583 587
f 587 439 435
f 244 390 396
f 396 252 244
f 694 698 849
f 849 846 694
f 260 261 266
f 266 265 260
f 53 54 61
f 61 60 53
f 361 362 487
f 487 486 361
f 690 691 694
f 694 693 690
f 693 694 846
f 846 845 693
f 57 176 181
f 181 64 57
f 1766 1843 1844
f 1844 1767 1766
f 689 842 844
f 844 692 689
f 1625 1727 1731
f 1731 1630 1625
f 532 664 665
f 665 533 532
f 1074 1178 1179
f 1179 1075 1074
f 2000 2004 2087
f 2087 2083 2000
f 2092 2177 2178
f 2178 2093 2092
f 1230 1231 1358
f 1358 1357 1230
f 1248 1249 1254
f 1254 1253 1248
f 7 92 93
f 93 8 7
f 554 557 685
f 685 683 554
f 685 687 841
f 841 839 685
f 306 442 443
f 443 307 306
f 684 838 840
f 840 686 684
f 985 986 991
f 991 990 985
f 68 69 75
f 75 74 68
f 845 846 939
f 939 938 845
f 1217 1341 1342
f 1342 1218 1217
f 683 685 839
f 839 837 683
f 1895 1967 1971
f 1971 1899 1895
f 1754 1758 1759
f 1759 1755 1754
f 56 57 64
f 64 63 56
f 66 67 73
f 73 72 66
f 1263 1264 1268
f 1268 1267 1263
f 1675 1773 1784
f 1784 1687 1675
f 368 369 374
f 374 373 368
f 1145 1146 1149
f 1149 1148 1145
f 1093 1094 1200
f 1200 1199 1093
f 1253 1254 1259
f 1259 1258 1253
f 40 132 140
f 140 42 40
f 676 832 833
f 833 677 676
f 1167 1168 1293
f 1293 1292 1167
f 240 386 387
f 387 241 240
f 920 921 924
f 924 923 920
f 397 546 547
f 547 398 397
f 218 304 312
f 312 224 218
f 1307 1429 1430
f 1430 1308 1307
f 1373 1491 1494
f 1494 1377 1373
f 674 675 679
f 679 678 674
f 752 753 879
f 879 878 752
f 672 828 829
f 829 673 672
f 671 827 830
f 830 674 671
f 1086 1087 1090
f 1090 1089 1086
f 2328 2407 2408
f 2408 2329 2328
f 1039 1041 1153
f 1153 1151 1039
f 891 995 996
f 996 892 891
f 242 243 251
f 251 250 242
f 26 27 107
f 107 106 26
f 938 939 1044
f 1044 1043 938
f 667 823 824
f 824 668 667
f 343 344 354
f 354 353 343
f 667 673 829
f 829 823 667
f 665 818 819
f 819 666 665
f 666 819 825
f 825 669 666
f 1134 1138 1254
f 1254 1249 1134
f 918 922 1028
f 1028 1024 918
f 439 587 594
f 594 447 439
f 554 555 558
f 558 557 554
f 653 807 816
f 816 663 653
f 651 652 662
f 662 661 651
f 647 648 659
f 659 658 647
f 648 804 813
f 813 659 648
f 1735 1832 1841
f 1841 1744 1735
f 1040 1152 1154
f 1154 1042 1040
f 37 122 132
f 132 40 37
f 205 288 292
f 292 207 205
f 384 536 537
f 537 385 384
f 245 393 394
f 394 246 245
f 932 934 1039
f 1039 1037 932
f 835 837 930
f 930 928 835
f 639 800 802
f 802 641 639
f 1389 1390 1394
f 1394 1393 1389
f 1605 1707 1709
f 1709 1607 1605
f 634 795 796
f 796 635 634
f 2447 2456 2457
f 2457 2448 2447
f 1392 1395 1505
f 1505 1503 1392
f 1627 1628 1730
f 1730 1729 1627
f 135 136 223
f 223 222 135
f 432 579 583
f 583 435 432
f 7 8 16
f 16 15 7
f 631 792 793
f 793 632 631
f 1382 1383 1386
f 1386 1385 1382
f 630 791 792
f 792 631 630
f 700 850 851
f 851 701 700
f 2064 2077 2078
f 2078 2065 2064
f 620 783 789
f 789 627 620
f 253 397 401
f 401 258 253
f 780 786 787
f 787 781 780
f 1547 1651 1656
f 1656 1552 1547
f 600 740 741
f 741 601 600
f 619 624 786
f 786 780 619
f 621 622 785
f 785 784 621
f 404 408 555
f 555 552 404
f 764 777 778
f 778 765 764
f 35 36 121
f 121 120 35
f 1474 1582 1583
f 1583 1475 1474
f 616 617 778
f 778 777 616
f 762 775 776
f 776 763 762
f 309 310 318
f 318 317 309
f 2348 2353 2354
f 2354 2349 2348
f 403 550 553
f 553 407 403
f 1492 1601 1603
f 1603 1495 1492
f 758 771 772
f 772 759 758
f 749 767 768
f 768 750 749
f 1409 1410 1519
f 1519 1518 1409
f 748 766 767
f 767 749 748
f 1062 1063 1175
f 1175 1174 1062
f 657 658 812
f 812 811 657
f 419 423 424
f 424 420 419
f 743 761 762
f 762 744 743
f 2250 2256 2340
f 2340 2336 2250
f 151 152 159
f 159 158 151
f 1846 1916 1917
f 1917 1847 1846
f 741 759 760
f 760 742 741
f 598 738 757
f 757 609 598
f 858 863 864
f 864 859 858
f 605 606 754
f 754 753 605
f 1790 1864 1865
f 1865 1791 1790
f 682 836 838
f 838 684 682
f 734 747 748
f 748 735 734
f 732 745 746
f 746 733 732
f 1518 1625 1630
f 1630 1523 1518
f 731 744 745
f 745 732 731
f 1133 1247 1251
f 1251 1137 1133
f 99 100 105
f 105 104 99
f 2450 2459 2460
f 2460 2451 2450
f 1045 1156 1161
f 1161 1050 1045
f 728 741 742
f 742 729 728
f 595 728 729
f 729 596 595
f 2077 2084 2085
f 2085 2078 2077
f 726 738 739
f 739 727 726
f 701 851 855
f 855 705 701
f 593 727 739
f 739 599 593
f 1130 1131 1136
f 1136 1135 1130
f 51 174 175
f 175 52 51
f 722 733 734
f 734 723 722
f 1091 1092 1197
f 1197 1196 1091
f 380 381 387
f 387 386 380
f 720 731 732
f 732 721 720
f 719 730 731
f 731 720 719
f 589 720 721
f 721 590 589
f 586 718 727
f 727 593 586
f 23 24 32
f 32 31 23
f 88 89 99
f 99 98 88
f 308 444 445
f 445 309 308
f 1234 1235 1362
f 1362 1361 1234
f 44 159 168
f 168 48 44
f 36 39 131
f 131 121 36
f 39 40 42
f 42 41 39
f 1420 1421 1427
f 1427 1426 1420
f 584 592 723
f 723 714 584
f 510 511 521
f 521 520 510
f 2293 2298 2388
f 2388 2382 2293
f 1150 1270 1275
f 1275 1152 1150
f 374 503 514
f 514 379 374
f 640 642 803
f 803 801 640
f 1471 1579 1580
f 1580 1472 1471
f 399 400 405
f 405 404 399
f 581 585 715
f 715 710 581
f 695 696 848
f 848 847 695
f 1678 1777 1778
f 1778 1679 1678
f 2569 2575 2576
f 2576 2570 2569
f 2121 2213 2219
f 2219 2125 2121
f 88 203 204
f 204 89 88
f 1451 1452 1564
f 1564 1563 1451
f 902 1006 1007
f 1007 903 902
f 1926 1930 2001
f 2001 1998 1926
f 1463 1571 1572
f 1572 1464 1463
f 1726 1729 1827
f 1827 1824 1726
f 635 796 797
f 797 636 635
f 2535 2562 2563
f 2563 2536 2535
f 1142 1143 1146
f 1146 1145 1142
f 465 466 609
f 609 608 465
f 576 706 709
f 709 579 576
f 1974 2054 2063
f 2063 1983 1974
f 413 559 562
f 562 416 413
f 203 206 291
f 291 287 203
f 604 605 753
f 753 752 604
f 60 61 68
f 68 67 60
f 281 282 287
f 287 286 281
f 819 820 826
f 826 825 819
f 1884 1887 1959
f 1959 1955 1884
f 575 578 707
f 707 704 575
f 573 702 706
f 706 576 573
f 1112 1115 1229
f 1229 1223 1112
f 41 42 140
f 140 139 41
f 1534 1535 1641
f 1641 1640 1534
f 356 357 363
f 363 362 356
f 1211 1225 1226
f 1226 1212 1211
f 696 701 702
f 702 697 696
f 570 697 702
f 702 573 570
f 695 700 701
f 701 696 695
f 380 386 538
f 538 530 380
f 763 776 777
f 777 764 763
f 276 277 282
f 282 281 276
f 1862 1865 1933
f 1933 1929 1862
f 137 138 145
f 145 144 137
f 1018 1021 1127
f 1127 1121 1018
f 45 165 166
f 166 46 45
f 370 375 510
f 510 502 370
f 1074 1080 1183
f 1183 1178 1074
f 939 942 1048
f 1048 1044 939
f 69 70 76
f 76 75 69
f 363 364 489
f 489 488 363
f 1622 1724 1728
f 1728 1626 1622
f 942 945 1051
f 1051 1048 942
f 194 195 200
f 200 199 194
f 507 508 519
f 519 518 507
f 1386 1499 1501
f 1501 1390 1386
f 773 782 783
f 783 774 773
f 181 182 188
f 188 187 181
f 541 670 671
f 671 542 541
f 328 329 345
f 345 344 328
f 146 147 236
f 236 235 146
f 676 680 835
f 835 832 676
f 1169 1176 1177
f 1177 1170 1169
f 557 558 561
f 561 560 557
f 560 561 688
f 688 687 560
f 557 560 687
f 687 685 557
f 608 609 757
f 757 756 608
f 556 684 686
f 686 559 556
f 680 683 837
f 837 835 680
f 326 327 343
f 343 342 326
f 1156 1280 1285
f 1285 1161 1156
f 576 579 580
f 580 577 576
f 123 124 134
f 134 133 123
f 482 621 628
f 628 489 482
f 1103 1213 1214
f 1214 1104 1103
f 611 612 767
f 767 766 611
f 373 374 379
f 379 378 373
f 501 509 642
f 642 640 501
f 525 526 657
f 657 656 525
f 633 794 795
f 795 634 633
f 793 896 897
f 897 794 793
f 972 979 980
f 980 973 972
f 2213 2301 2311
f 2311 2219 2213
f 2390 2391 2477
f 2477 2476 2390
f 126 217 223
f 223 136 126
f 29 30 36
f 36 35 29
f 636 797 798
f 798 637 636
f 1218 1342 1343
f 1343 1219 1218
f 674 830 831
f 831 675 674
f 2440 2448 2449
f 2449 2441 2440
f 202 285 288
f 288 205 202
f 549 678 679
f 679 550 549
f 241 387 388
f 388 242 241
f 67 68 74
f 74 73 67
f 223 224 312
f 312 311 223
f 290 294 431
f 431 429 290
f 155 255 256
f 256 156 155
f 687 690 843
f 843 841 687
f 334 335 464
f 464 463 334
f 1832 1902 1911
f 1911 1841 1832
f 2334 2413 2416
f 2416 2337 2334
f 988 1091 1096
f 1096 993 988
f 120 121 131
f 131 130 120
f 553 682 684
f 684 556 553
f 1342 1463 1464
f 1464 1343 1342
f 548 552 681
f 681 677 548
f 1779 1856 1857
f 1857 1780 1779
f 66 72 192
f 192 186 66
f 2000 2083 2084
f 2084 2001 2000
f 1261 1385 1389
f 1389 1266 1261
f 602 603 751
f 751 750 602
f 543 672 673
f 673 544 543
f 542 671 674
f 674 547 542
f 921 1027 1029
f 1029 924 921
f 163 173 266
f 266 261 163
f 540 669 670
f 670 541 540
f 1086 1089 1194
f 1194 1190 1086
f 1374 1379 1496
f 1496 1493 1374
f 535 544 673
f 673 667 535
f 103 104 110
f 110 109 103
f 2136 2143 2144
f 2144 2137 2136
f 51 58 180
f 180 174 51
f 533 534 540
f 540 539 533
f 533 665 666
f 666 534 533
f 530 662 663
f 663 531 530
f 528 660 661
f 661 529 528
f 611 766 779
f 779 618 611
f 518 647 658
f 658 527 518
f 516 525 656
f 656 646 516
f 513 514 524
f 524 523 513
f 522 523 653
f 653 652 522
f 562 689 692
f 692 565 562
f 1821 1823 1893
f 1893 1891 1821
f 520 521 651
f 651 650 520
f 861 866 958
f 958 953 861
f 270 412 415
f 415 274 270
f 964 1074 1075
f 1075 965 964
f 506 507 518
f 518 517 506
f 1929 2000 2001
f 2001 1930 1929
f 515 516 646
f 646 645 515
f 1813 1814 1884
f 1884 1883 1813
f 220 221 227
f 227 226 220
f 781 787 788
f 788 782 781
f 348 349 357
f 357 356 348
f 446 593 599
f 599 453 446
f 501 502 510
f 510 509 501
f 64 181 187
f 187 71 64
f 498 499 507
f 507 506 498
f 430 577 580
f 580 433 430
f 232 233 331
f 331 330 232
f 1614 1617 1719
f 1719 1716 1614
f 735 748 749
f 749 736 735
f 36 37 40
f 40 39 36
f 118 128 220
f 220 216 118
f 2159 2246 2247
f 2247 2160 2159
f 686 840 842
f 842 689 686
f 149 247 248
f 248 150 149
f 258 401 402
f 402 259 258
f 428 574 577
f 577 430 428
f 1422 1423 1530
f 1530 1529 1422
f 191 192 197
f 197 196 191
f 535 667 668
f 668 536 535
f 2191 2195 2196
f 2196 2192 2191
f 615 622 623
f 623 616 615
f 2123 2124 2216
f 2216 2215 2123
f 369 495 503
f 503 374 369
f 477 616 623
f 623 484 477
f 870 969 975
f 975 874 870
f 2393 2394 2480
f 2480 2479 2393
f 176 177 182
f 182 181 176
f 347 475 476
f 476 348 347
f 384 385 395
f 395 394 384
f 687 688 691
f 691 690 687
f 670 826 827
f 827 671 670
f 1549 1554 1657
f 1657 1653 1549
f 201 284 285
f 285 202 201
f 1154 1278 1281
f 1281 1157 1154
f 20 21 29
f 29 28 20
f 471 472 612
f 612 611 471
f 97 205 207
f 207 102 97
f 1925 1929 1930
f 1930 1926 1925
f 141 228 237
f 237 148 141
f 1023 1129 1133
f 1133 1027 1023
f 298 302 438
f 438 434 298
f 454 455 468
f 468 467 454
f 300 435 439
f 439 304 300
f 656 657 811
f 811 810 656
f 341 342 352
f 352 351 341
f 463 464 607
f 607 606 463
f 995 1098 1099
f 1099 996 995
f 459 460 603
f 603 602 459
f 407 553 556
f 556 410 407
f 528 536 668
f 668 660 528
f 1776 1853 1854
f 1854 1777 1776
f 1057 1170 1177
f 1177 1065 1057
f 161 162 171
f 171 170 161
f 449 450 457
f 457 456 449
f 449 596 597
f 597 450 449
f 448 449 456
f 456 455 448
f 448 455 601
f 601 595 448
f 798 901 902
f 902 799 798
f 1123 1124 1235
f 1235 1234 1123
f 1598 1699 1702
f 1702 1601 1598
f 541 542 547
f 547 546 541
f 729 742 743
f 743 730 729
f 134 135 143
f 143 142 134
f 1344 1465 1466
f 1466 1345 1344
f 947 1054 1059
f 1059 951 947
f 440 450 597
f 597 588 440
f 976 982 1087
f 1087 1083 976
f 63 64 71
f 71 70 63
f 1602 1604 1706
f 1706 1703 1602
f 1138 1139 1143
f 1143 1142 1138
f 398 547 549
f 549 402 398
f 223 311 322
f 322 231 223
f 1991 2070 2071
f 2071 1992 1991
f 858 952 957
f 957 863 858
f 978 979 1085
f 1085 1084 978
f 273 274 279
f 279 278 273
f 620 621 784
f 784 783 620
f 432 435 436
f 436 433 432
f 285 425 427
f 427 288 285
f 2521 2525 2526
f 2526 2522 2521
f 84 199 200
f 200 85 84
f 1247 1372 1376
f 1376 1251 1247
f 305 441 442
f 442 306 305
f 172 264 267
f 267 178 172
f 940 941 1046
f 1046 1045 940
f 1061 1068 1069
f 1069 1062 1061
f 215 219 310
f 310 303 215
f 311 446 453
f 453 322 311
f 1907 1908 1981
f 1981 1980 1907
f 572 575 704
f 704 699 572
f 505 506 517
f 517 516 505
f 1377 1494 1495
f 1495 1378 1377
f 431 434 581
f 581 578 431
f 1425 1426 1534
f 1534 1533 1425
f 649 650 806
f 806 805 649
f 1216 1340 1341
f 1341 1217 1216
f 240 241 249
f 249 248 240
f 690 693 845
f 845 843 690
f 429 431 578
f 578 575 429
f 237 238 336
f 336 335 237
f 452 453 599
f 599 598 452
f 437 438 445
f 445 444 437
f 1120 1121 1127
f 1127 1126 1120
f 960 1071 1078
f 1078 966 960
f 2240 2326 2327
f 2327 2241 2240
f 2496 2533 2534
f 2534 2497 2496
f 488 489 628
f 628 627 488
f 316 317 328
f 328 327 316
f 1414 1522 1531
f 1531 1424 1414
f 335 336 465
f 465 464 335
f 2344 2349 2350
f 2350 2345 2344
f 1234 1361 1367
f 1367 1241 1234
f 2232 2233 2322
f 2322 2321 2232
f 472 473 613
f 613 612 472
f 884 885 889
f 889 888 884
f 1735 1736 1833
f 1833 1832 1735
f 896 1000 1001
f 1001 897 896
f 268 269 272
f 272 271 268
f 1 2 6
f 6 5 1
f 2132 2133 2230
f 2230 2229 2132
f 252 396 397
f 397 253 252
f 1330 1331 1454
f 1454 1453 1330
f 1999 2082 2086
f 2086 2002 1999
f 9 94 95
f 95 10 9
f 1998 2001 2084
f 2084 2077 1998
f 150 151 158
f 158 157 150
f 421 422 567
f 567 566 421
f 302 303 310
f 310 309 302
f 415 416 420
f 420 419 415
f 2026 2027 2107
f 2107 2106 2026
f 2032 2033 2112
f 2112 2111 2032
f 138 139 146
f 146 145 138
f 5 6 14
f 14 13 5
f 1606 1608 1710
f 1710 1708 1606
f 2325 2331 2332
f 2332 2326 2325
f 508 641 648
f 648 519 508
f 414 417 563
f 563 561 414
f 1147 1265 1270
f 1270 1150 1147
f 2286 2374 2380
f 2380 2290 2286
f 1421 1528 1535
f 1535 1427 1421
f 327 328 344
f 344 343 327
f 534 666 669
f 669 540 534
f 410 556 559
f 559 413 410
f 381 382 388
f 388 387 381
f 1701 1704 1799
f 1799 1796 1701
f 769 770 886
f 886 885 769
f 307 308 316
f 316 315 307
f 452 598 609
f 609 466 452
f 615 616 777
f 777 776 615
f 550 679 682
f 682 553 550
f 1107 1217 1218
f 1218 1108 1107
f 96 97 102
f 102 101 96
f 1318 1322 1323
f 1323 1319 1318
f 2492 2530 2531
f 2531 2493 2492
f 629 640 801
f 801 790 629
f 456 457 470
f 470 469 456
f 2179 2183 2184
f 2184 2180 2179
f 402 549 550
f 550 403 402
f 460 461 604
f 604 603 460
f 1957 2034 2038
f 2038 1962 1957
f 1246 1371 1372
f 1372 1247 1246
f 1010 1113 1116
f 1116 1014 1010
f 399 404 552
f 552 548 399
f 51 52 59
f 59 58 51
f 260 404 405
f 405 261 260
f 746 764 765
f 765 747 746
f 814 815 824
f 824 823 814
f 911 1014 1020
f 1020 915 911
f 393 544 545
f 545 394 393
f 234 235 333
f 333 332 234
f 565 692 696
f 696 569 565
f 1449 1561 1566
f 1566 1454 1449
f 494 633 634
f 634 495 494
f 390 540 541
f 541 391 390
f 733 746 747
f 747 734 733
f 1237 1238 1244
f 1244 1243 1237
f 384 394 545
f 545 536 384
f 625 626 788
f 788 787 625
f 382 532 533
f 533 383 382
f 2084 2163 2164
f 2164 2085 2084
f 1138 1142 1259
f 1259 1254 1138
f 615 776 785
f 785 622 615
f 1630 1731 1736
f 1736 1636 1630
f 378 379 514
f 514 513 378
f 372 373 378
f 378 377 372
f 29 35 120
f 120 112 29
f 377 378 513
f 513 512 377
f 19 101 107
f 107 27 19
f 1401 1402 1511
f 1511 1510 1401
f 711 712 864
f 864 863 711
f 171 172 178
f 178 177 171
f 366 367 372
f 372 371 366
f 711 717 718
f 718 712 711
f 1173 1174 1300
f 1300 1299 1173
f 366 492 493
f 493 367 366
f 365 370 502
f 502 491 365
f 357 358 364
f 364 363 357
f 529 661 662
f 662 530 529
f 1111 1221 1227
f 1227 1114 1111
f 219 225 318
f 318 310 219
f 1021 1025 1132
f 1132 1127 1021
f 358 482 489
f 489 364 358
f 352 477 484
f 484 360 352
f 2073 2152 2153
f 2153 2074 2073
f 349 350 358
f 358 357 349
f 446 447 594
f 594 593 446
f 1421 1422 1529
f 1529 1528 1421
f 344 471 479
f 479 354 344
f 1390 1501 1504
f 1504 1394 1390
f 342 343 353
f 353 352 342
f 16 17 25
f 25 24 16
f 340 341 351
f 351 350 340
f 1588 1691 1692
f 1692 1589 1588
f 10 11 19
f 19 18 10
f 2339 2344 2345
f 2345 2340 2339
f 239 240 248
f 248 247 239
f 206 208 295
f 295 291 206
f 241 242 250
f 250 249 241
f 87 202 205
f 205 97 87
f 2426 2431 2432
f 2432 2427 2426
f 389 539 540
f 540 390 389
f 344 345 472
f 472 471 344
f 333 334 463
f 463 462 333
f 144 145 234
f 234 233 144
f 114 115 125
f 125 124 114
f 306 307 315
f 315 314 306
f 32 113 123
f 123 38 32
f 2113 2114 2206
f 2206 2205 2113
f 193 194 199
f 199 198 193
f 323 324 340
f 340 339 323
f 1971 2050 2056
f 2056 1976 1971
f 323 457 458
f 458 324 323
f 521 522 652
f 652 651 521
f 774 783 784
f 784 775 774
f 321 452 466
f 466 337 321
f 32 33 114
f 114 113 32
f 330 331 460
f 460 459 330
f 317 318 329
f 329 328 317
f 276 281 422
f 422 418 276
f 1664 1665 1763
f 1763 1762 1664
f 850 944 948
f 948 854 850
f 796 899 900
f 900 797 796
f 1955 1959 1960
f 1960 1956 1955
f 2290 2380 2387
f 2387 2295 2290
f 1034 1144 1147
f 1147 1036 1034
f 8 93 94
f 94 9 8
f 305 306 314
f 314 313 305
f 590 721 722
f 722 591 590
f 497 498 506
f 506 505 497
f 288 289 293
f 293 292 288
f 1070 1077 1078
f 1078 1071 1070
f 126 127 218
f 218 217 126
f 117 213 218
f 218 127 117
f 98 103 208
f 208 206 98
f 499 638 639
f 639 500 499
f 1445 1557 1561
f 1561 1449 1445
f 79 80 91
f 91 90 79
f 1569 1669 1670
f 1670 1570 1569
f 85 86 96
f 96 95 85
f 669 825 826
f 826 670 669
f 209 296 297
f 297 210 209
f 1198 1199 1204
f 1204 1203 1198
f 582 586 587
f 587 583 582
f 70 71 77
f 77 76 70
f 629 790 791
f 791 630 629
f 559 686 689
f 689 562 559
f 516 517 526
f 526 525 516
f 483 484 623
f 623 622 483
f 297 433 436
f 436 301 297
f 614 619 780
f 780 771 614
f 492 631 632
f 632 493 492
f 43 158 159
f 159 44 43
f 737 874 882
f 882 756 737
f 145 146 235
f 235 234 145
f 10 95 96
f 96 11 10
f 1592 1596 1698
f 1698 1694 1592
f 313 324 458
f 458 451 313
f 188 273 278
f 278 194 188
f 1860 1927 1928
f 1928 1861 1860
f 289 428 430
f 430 293 289
f 1997 2076 2082
f 2082 1999 1997
f 951 956 957
f 957 952 951
f 298 299 303
f 303 302 298
f 1342 1354 1477
f 1477 1463 1342
f 814 823 919
f 919 916 814
f 991 992 1095
f 1095 1094 991
f 235 236 334
f 334 333 235
f 2338 2417 2419
f 2419 2341 2338
f 1060 1061 1173
f 1173 1172 1060
f 164 165 175
f 175 174 164
f 584 714 715
f 715 585 584
f 83 84 94
f 94 93 83
f 2005 2089 2090
f 2090 2006 2005
f 265 268 411
f 411 408 265
f 1432 1541 1542
f 1542 1433 1432
f 1717 1815 1820
f 1820 1722 1717
f 1289 1290 1415
f 1415 1414 1289
f 2461 2469 2470
f 2470 2462 2461
f 1047 1048 1159
f 1159 1158 1047
f 2541 2547 2548
f 2548 2542 2541
f 464 465 608
f 608 607 464
f 45 46 53
f 53 52 45
f 1769 1846 1847
f 1847 1770 1769
f 2566 2572 2573
f 2573 2567 2566
f 1641 1642 1742
f 1742 1741 1641
f 2008 2093 2095
f 2095 2012 2008
f 367 368 373
f 373 372 367
f 265 266 269
f 269 268 265
f 275 276 418
f 418 417 275
f 1564 1565 1666
f 1666 1665 1564
f 268 271 414
f 414 411 268
f 596 729 730
f 730 597 596
f 196 203 287
f 287 282 196
f 1694 1698 1794
f 1794 1790 1694
f 102 207 209
f 209 108 102
f 1117 1230 1235
f 1235 1124 1117
f 1043 1047 1158
f 1158 1155 1043
f 1061 1062 1174
f 1174 1173 1061
f 264 406 409
f 409 267 264
f 1308 1430 1431
f 1431 1309 1308
f 617 618 779
f 779 778 617
f 259 402 406
f 406 264 259
f 964 971 1080
f 1080 1074 964
f 24 25 33
f 33 32 24
f 510 520 650
f 650 643 510
f 1352 1475 1476
f 1476 1353 1352
f 645 646 656
f 656 655 645
f 434 438 585
f 585 581 434
f 252 253 258
f 258 257 252
f 726 871 875
f 875 738 726
f 2261 2266 2348
f 2348 2343 2261
f 77 193 198
f 198 83 77
f 2137 2144 2145
f 2145 2138 2137
f 246 247 256
f 256 255 246
f 191 196 282
f 282 277 191
f 153 251 252
f 252 154 153
f 245 254 400
f 400 393 245
f 18 19 27
f 27 26 18
f 1109 1219 1220
f 1220 1110 1109
f 338 469 470
f 470 339 338
f 160 161 170
f 170 169 160
f 1166 1167 1292
f 1292 1291 1166
f 692 844 848
f 848 696 692
f 462 463 606
f 606 605 462
f 239 385 386
f 386 240 239
f 600 610 758
f 758 740 600
f 239 247 395
f 395 385 239
f 578 581 710
f 710 707 578
f 376 377 512
f 512 511 376
f 1164 1165 1289
f 1289 1288 1164
f 20 28 111
f 111 105 20
f 243 244 252
f 252 251 243
f 1201 1322 1328
f 1328 1206 1201
f 804 911 915
f 915 813 804
f 217 218 224
f 224 223 217
f 72 73 79
f 79 78 72
f 58 59 66
f 66 65 58
f 1000 1103 1104
f 1104 1001 1000
f 61 62 69
f 69 68 61
f 514 644 654
f 654 524 514
f 1024 1028 1136
f 1136 1131 1024
f 271 272 276
f 276 275 271
f 1770 1847 1848
f 1848 1771 1770
f 569 696 697
f 697 570 569
f 1549 1653 1654
f 1654 1550 1549
f 2017 2098 2101
f 2101 2020 2017
f 1811 1813 1883
f 1883 1881 1811
f 345 346 473
f 473 472 345
f 523 524 654
f 654 653 523
f 213 300 304
f 304 218 213
f 209 210 214
f 214 213 209
f 1465 1573 1574
f 1574 1466 1465
f 425 570 573
f 573 427 425
f 1506 1510 1617
f 1617 1614 1506
f 2531 2538 2539
f 2539 2532 2531
f 1119 1120 1126
f 1126 1125 1119
f 211 212 216
f 216 215 211
f 1751 1756 1757
f 1757 1752 1751
f 940 1045 1050
f 1050 944 940
f 267 409 412
f 412 270 267
f 213 214 301
f 301 300 213
f 210 297 301
f 301 214 210
f 2260 2265 2266
f 2266 2261 2260
f 571 572 699
f 699 698 571
f 358 359 483
f 483 482 358
f 474 480 619
f 619 614 474
f 930 932 1037
f 1037 1035 930
f 307 443 444
f 444 308 307
f 2408 2482 2483
f 2483 2409 2408
f 258 259 264
f 264 263 258
f 904 908 1012
f 1012 1009 904
f 551 552 555
f 555 554 551
f 1618 1621 1723
f 1723 1720 1618
f 208 211 299
f 299 295 208
f 2427 2432 2508
f 2508 2505 2427
f 207 292 296
f 296 209 207
f 2511 2512 2560
f 2560 2559 2511
f 1 80 81
f 81 2 1
f 163 164 174
f 174 173 163
f 171 263 264
f 264 172 171
f 1094 1095 1201
f 1201 1200 1094
f 391 541 546
f 546 397 391
f 311 312 447
f 447 446 311
f 1905 1906 1979
f 1979 1978 1905
f 612 613 768
f 768 767 612
f 1916 1989 1990
f 1990 1917 1916
f 737 756 757
f 757 738 737
f 2294 2386 2396
f 2396 2300 2294
f 1965 1966 2044
f 2044 2043 1965
f 294 295 299
f 299 298 294
f 2255 2262 2344
f 2344 2339 2255
f 383 533 539
f 539 389 383
f 1749 1754 1755
f 1755 1750 1749
f 1943 1945 2018
f 2018 2014 1943
f 490 501 640
f 640 629 490
f 976 977 983
f 983 982 976
f 1463 1477 1585
f 1585 1571 1463
f 1933 1937 2007
f 2007 2004 1933
f 200 283 284
f 284 201 200
f 602 750 768
f 768 613 602
f 1049 1160 1165
f 1165 1054 1049
f 83 198 199
f 199 84 83
f 1927 1999 2002
f 2002 1931 1927
f 13 14 22
f 22 21 13
f 454 467 610
f 610 600 454
f 873 974 981
f 981 881 873
f 1956 1960 2036
f 2036 2033 1956
f 499 500 508
f 508 507 499
f 371 372 377
f 377 376 371
f 1978 1979 2059
f 2059 2058 1978
f 1227 1228 1231
f 1231 1230 1227
f 151 249 250
f 250 152 151
f 332 333 462
f 462 461 332
f 1288 1289 1414
f 1414 1413 1288
f 1277 1279 1404
f 1404 1402 1277
f 2539 2545 2546
f 2546 2540 2539
f 1815 1816 1886
f 1886 1885 1815
f 1003 1106 1107
f 1107 1004 1003
f 292 293 297
f 297 296 292
f 959 965 1075
f 1075 1068 959
f 139 140 147
f 147 146 139
f 39 41 139
f 139 131 39
f 1655 1752 1757
f 1757 1659 1655
f 355 361 486
f 486 481 355
f 73 74 80
f 80 79 73
f 243 389 390
f 390 244 243
f 894 998 999
f 999 895 894
f 1236 1237 1243
f 1243 1242 1236
f 962 968 969
f 969 963 962
f 365 491 492
f 492 366 365
f 185 186 192
f 192 191 185
f 226 232 330
f 330 319 226
f 1834 1835 1905
f 1905 1904 1834
f 76 77 83
f 83 82 76
f 182 183 189
f 189 188 182
f 178 267 270
f 270 183 178
f 365 366 371
f 371 370 365
f 903 1007 1010
f 1010 907 903
f 417 421 566
f 566 563 417
f 1522 1629 1635
f 1635 1531 1522
f 2099 2102 2191
f 2191 2187 2099
f 1356 1360 1483
f 1483 1479 1356
f 4 12 100
f 100 90 4
f 173 174 180
f 180 179 173
f 563 566 694
f 694 691 563
f 54 55 62
f 62 61 54
f 551 554 683
f 683 680 551
f 1706 1708 1804
f 1804 1801 1706
f 1793 1867 1870
f 1870 1795 1793
f 717 868 871
f 871 726 717
f 163 261 262
f 262 164 163
f 1554 1558 1660
f 1660 1657 1554
f 1551 1556 1557
f 1557 1552 1551
f 6 7 15
f 15 14 6
f 2292 2293 2382
f 2382 2381 2292
f 1205 1206 1328
f 1328 1327 1205
f 315 316 327
f 327 326 315
f 1586 1590 1591
f 1591 1587 1586
f 889 890 989
f 989 988 889
f 280 420 424
f 424 284 280
f 152 153 160
f 160 159 152
f 1262 1263 1388
f 1388 1387 1262
f 26 106 115
f 115 34 26
f 1455 1567 1568
f 1568 1456 1455
f 86 201 202
f 202 87 86
f 109 110 212
f 212 211 109
f 150 248 249
f 249 151 150
f 1871 1873 1943
f 1943 1940 1871
f 149 150 157
f 157 156 149
f 89 90 100
f 100 99 89
f 140 141 148
f 148 147 140
f 179 184 272
f 272 269 179
f 986 987 992
f 992 991 986
f 22 23 31
f 31 30 22
f 772 781 782
f 782 773 772
f 448 595 596
f 596 449 448
f 1052 1055 1166
f 1166 1163 1052
f 2369 2374 2375
f 2375 2370 2369
f 129 130 138
f 138 137 129
f 892 996 997
f 997 893 892
f 1286 1287 1412
f 1412 1411 1286
f 1613 1614 1716
f 1716 1715 1613
f 966 1078 1082
f 1082 972 966
f 1343 1464 1465
f 1465 1344 1343
f 122 123 133
f 133 132 122
f 25 26 34
f 34 33 25
f 128 129 221
f 221 220 128
f 129 137 227
f 227 221 129
f 411 414 561
f 561 558 411
f 603 604 752
f 752 751 603
f 1188 1192 1193
f 1193 1189 1188
f 58 65 185
f 185 180 58
f 11 96 101
f 101 19 11
f 1378 1495 1497
f 1497 1383 1378
f 474 475 481
f 481 480 474
f 750 768 884
f 884 877 750
f 679 834 836
f 836 682 679
f 104 105 111
f 111 110 104
f 225 226 319
f 319 318 225
f 156 157 166
f 166 165 156
f 1807 1810 1811
f 1811 1808 1807
f 518 519 648
f 648 647 518
f 336 337 466
f 466 465 336
f 1940 1943 2014
f 2014 2010 1940
f 879 880 980
f 980 979 879
f 113 114 124
f 124 123 113
f 305 313 451
f 451 441 305
f 653 654 808
f 808 807 653
f 638 799 800
f 800 639 638
f 4 5 13
f 13 12 4
f 390 391 397
f 397 396 390
f 351 352 360
f 360 359 351
f 2071 2150 2151
f 2151 2072 2071
f 152 250 251
f 251 153 152
f 132 133 141
f 141 140 132
f 844 937 941
f 941 848 844
f 43 44 48
f 48 47 43
f 2011 2015 2096
f 2096 2094 2011
f 55 56 63
f 63 62 55
f 607 608 756
f 756 755 607
f 2341 2419 2421
f 2421 2346 2341
f 1677 1776 1777
f 1777 1678 1677
f 2066 2079 2080
f 2080 2067 2066
f 65 66 186
f 186 185 65
f 878 879 979
f 979 978 878
f 2444 2445 2520
f 2520 2519 2444
f 101 102 108
f 108 107 101
f 1577 1681 1682
f 1682 1578 1577
f 419 564 568
f 568 423 419
f 37 38 123
f 123 122 37
f 86 87 97
f 97 96 86
f 85 200 201
f 201 86 85
f 108 209 213
f 213 117 108
f 588 719 720
f 720 589 588
f 1727 1728 1826
f 1826 1825 1727
f 21 22 30
f 30 29 21
f 48 168 169
f 169 49 48
f 1738 1739 1836
f 1836 1835 1738
f 149 156 256
f 256 247 149
f 672 677 833
f 833 828 672
f 2414 2488 2489
f 2489 2415 2414
f 2 81 82
f 82 3 2
f 188 189 274
f 274 273 188
f 1822 1892 1896
f 1896 1826 1822
f 482 483 622
f 622 621 482
f 2124 2127 2220
f 2220 2216 2124
f 1376 1377 1382
f 1382 1381 1376
f 33 34 115
f 115 114 33
f 795 898 899
f 899 796 795
f 17 18 26
f 26 25 17
f 2128 2132 2229
f 2229 2221 2128
f 999 1102 1103
f 1103 1000 999
f 717 726 727
f 727 718 717
f 1063 1064 1176
f 1176 1175 1063
f 1 5 91
f 91 80 1
f 75 76 82
f 82 81 75
f 1632 1637 1737
f 1737 1733 1632
f 46 47 54
f 54 53 46
f 1936 1940 1941
f 1941 1937 1936
f 2465 2473 2474
f 2474 2466 2465
f 876 877 884
f 884 883 876
f 2433 2512 2518
f 2518 2439 2433
f 52 53 60
f 60 59 52
f 49 50 57
f 57 56 49
f 3 82 92
f 92 7 3
f 82 83 93
f 93 92 82
f 331 332 461
f 461 460 331
f 1353 1476 1477
f 1477 1354 1353
f 496 635 636
f 636 497 496
f 2052 2053 2133
f 2133 2132 2052
f 1106 1216 1217
f 1217 1107 1106
f 897 1001 1002
f 1002 898 897
f 598 599 739
f 739 738 598
f 320 321 337
f 337 336 320
f 288 427 428
f 428 289 288
f 2326 2332 2333
f 2333 2327 2326
f 49 169 170
f 170 50 49
f 4 90 91
f 91 5 4
f 1877 1879 1949
f 1949 1947 1877
f 12 20 105
f 105 100 12
