# This file uses centimeters as units for non-parametric coordinates.

v -0.500000 1.743525 0.000000
v -0.468750 1.743525 0.000000
v -0.437500 1.743525 0.000000
v -0.406250 1.743525 0.000000
v -0.375000 1.743525 0.000000
v -0.343750 1.743525 0.000000
v -0.312500 1.743525 0.000000
v -0.281250 1.743525 0.000000
v -0.250000 1.743525 0.000000
v -0.218750 1.743525 0.000000
v -0.187500 1.743525 0.000000
v -0.156250 1.743525 0.000000
v -0.125000 1.743525 0.000000
v -0.093750 1.743525 0.000000
v -0.062500 1.743525 0.000000
v -0.031250 1.743525 0.000000
v 0.000000 1.743525 0.000000
v 0.031250 1.743525 0.000000
v 0.062500 1.743525 0.000000
v 0.093750 1.743525 0.000000
v 0.125000 1.743525 0.000000
v 0.156250 1.743525 0.000000
v 0.187500 1.743525 0.000000
v 0.218750 1.743525 0.000000
v 0.250000 1.743525 0.000000
v 0.281250 1.743525 0.000000
v 0.312500 1.743525 0.000000
v 0.343750 1.743525 0.000000
v 0.375000 1.743525 0.000000
v 0.406250 1.743525 0.000000
v 0.437500 1.743525 0.000000
v 0.468750 1.743525 0.000000
v 0.500000 1.743525 0.000000
v -0.500000 1.774775 0.000000
v -0.468750 1.774775 0.000000
v -0.437500 1.774775 0.000000
v -0.406250 1.774775 0.000000
v -0.375000 1.774775 0.000000
v -0.343750 1.774775 0.000000
v -0.312500 1.774775 0.000000
v -0.281250 1.774775 0.000000
v -0.250000 1.774775 0.000000
v -0.218750 1.774775 0.000000
v -0.187500 1.774775 0.000000
v -0.156250 1.774775 0.000000
v -0.125000 1.774775 0.000000
v -0.093750 1.774775 0.000000
v -0.062500 1.774775 0.000000
v -0.031250 1.774775 0.000000
v 0.000000 1.774775 0.000000
v 0.031250 1.774775 0.000000
v 0.062500 1.774775 0.000000
v 0.093750 1.774775 0.000000
v 0.125000 1.774775 0.000000
v 0.156250 1.774775 0.000000
v 0.187500 1.774775 0.000000
v 0.218750 1.774775 0.000000
v 0.250000 1.774775 0.000000
v 0.281250 1.774775 0.000000
v 0.312500 1.774775 0.000000
v 0.343750 1.774775 0.000000
v 0.375000 1.774775 0.000000
v 0.406250 1.774775 0.000000
v 0.437500 1.774775 0.000000
v 0.468750 1.774775 0.000000
v 0.500000 1.774775 0.000000
v -0.500000 1.806025 0.000000
v -0.468750 1.806025 0.000000
v -0.437500 1.806025 0.000000
v -0.406250 1.806025 0.000000
v -0.375000 1.806025 0.000000
v -0.343750 1.806025 0.000000
v -0.312500 1.806025 0.000000
v -0.281250 1.806025 0.000000
v -0.250000 1.806025 0.000000
v -0.218750 1.806025 0.000000
v -0.187500 1.806025 0.000000
v -0.156250 1.806025 0.000000
v -0.125000 1.806025 0.000000
v -0.093750 1.806025 0.000000
v -0.062500 1.806025 0.000000
v -0.031250 1.806025 0.000000
v 0.000000 1.806025 0.000000
v 0.031250 1.806025 0.000000
v 0.062500 1.806025 0.000000
v 0.093750 1.806025 0.000000
v 0.125000 1.806025 0.000000
v 0.156250 1.806025 0.000000
v 0.187500 1.806025 0.000000
v 0.218750 1.806025 0.000000
v 0.250000 1.806025 0.000000
v 0.281250 1.806025 0.000000
v 0.312500 1.806025 0.000000
v 0.343750 1.806025 0.000000
v 0.375000 1.806025 0.000000
v 0.406250 1.806025 0.000000
v 0.437500 1.806025 0.000000
v 0.468750 1.806025 0.000000
v 0.500000 1.806025 0.000000
v -0.500000 1.837275 0.000000
v -0.468750 1.837275 0.000000
v -0.437500 1.837275 0.000000
v -0.406250 1.837275 0.000000
v -0.375000 1.837275 0.000000
v -0.343750 1.837275 0.000000
v -0.312500 1.837275 0.000000
v -0.281250 1.837275 0.000000
v -0.250000 1.837275 0.000000
v -0.218750 1.837275 0.000000
v -0.187500 1.837275 0.000000
v -0.156250 1.837275 0.000000
v -0.125000 1.837275 0.000000
v -0.093750 1.837275 0.000000
v -0.062500 1.837275 0.000000
v -0.031250 1.837275 0.000000
v 0.000000 1.837275 0.000000
v 0.031250 1.837275 0.000000
v 0.062500 1.837275 0.000000
v 0.093750 1.837275 0.000000
v 0.125000 1.837275 0.000000
v 0.156250 1.837275 0.000000
v 0.187500 1.837275 0.000000
v 0.218750 1.837275 0.000000
v 0.250000 1.837275 0.000000
v 0.281250 1.837275 0.000000
v 0.312500 1.837275 0.000000
v 0.343750 1.837275 0.000000
v 0.375000 1.837275 0.000000
v 0.406250 1.837275 0.000000
v 0.437500 1.837275 0.000000
v 0.468750 1.837275 0.000000
v 0.500000 1.837275 0.000000
v -0.500000 1.868525 0.000000
v -0.468750 1.868525 0.000000
v -0.437500 1.868525 0.000000
v -0.406250 1.868525 0.000000
v -0.375000 1.868525 0.000000
v -0.343750 1.868525 0.000000
v -0.312500 1.868525 0.000000
v -0.281250 1.868525 0.000000
v -0.250000 1.868525 0.000000
v -0.218750 1.868525 0.000000
v -0.187500 1.868525 0.000000
v -0.156250 1.868525 0.000000
v -0.125000 1.868525 0.000000
v -0.093750 1.868525 0.000000
v -0.062500 1.868525 0.000000
v -0.031250 1.868525 0.000000
v 0.000000 1.868525 0.000000
v 0.031250 1.868525 0.000000
v 0.062500 1.868525 0.000000
v 0.093750 1.868525 0.000000
v 0.125000 1.868525 0.000000
v 0.156250 1.868525 0.000000
v 0.187500 1.868525 0.000000
v 0.218750 1.868525 0.000000
v 0.250000 1.868525 0.000000
v 0.281250 1.868525 0.000000
v 0.312500 1.868525 0.000000
v 0.343750 1.868525 0.000000
v 0.375000 1.868525 0.000000
v 0.406250 1.868525 0.000000
v 0.437500 1.868525 0.000000
v 0.468750 1.868525 0.000000
v 0.500000 1.868525 0.000000
v -0.500000 1.899775 0.000000
v -0.468750 1.899775 0.000000
v -0.437500 1.899775 0.000000
v -0.406250 1.899775 0.000000
v -0.375000 1.899775 0.000000
v -0.343750 1.899775 0.000000
v -0.312500 1.899775 0.000000
v -0.281250 1.899775 0.000000
v -0.250000 1.899775 0.000000
v -0.218750 1.899775 0.000000
v -0.187500 1.899775 0.000000
v -0.156250 1.899775 0.000000
v -0.125000 1.899775 0.000000
v -0.093750 1.899775 0.000000
v -0.062500 1.899775 0.000000
v -0.031250 1.899775 0.000000
v 0.000000 1.899775 0.000000
v 0.031250 1.899775 0.000000
v 0.062500 1.899775 0.000000
v 0.093750 1.899775 0.000000
v 0.125000 1.899775 0.000000
v 0.156250 1.899775 0.000000
v 0.187500 1.899775 0.000000
v 0.218750 1.899775 0.000000
v 0.250000 1.899775 0.000000
v 0.281250 1.899775 0.000000
v 0.312500 1.899775 0.000000
v 0.343750 1.899775 0.000000
v 0.375000 1.899775 0.000000
v 0.406250 1.899775 0.000000
v 0.437500 1.899775 0.000000
v 0.468750 1.899775 0.000000
v 0.500000 1.899775 0.000000
v -0.500000 1.931025 0.000000
v -0.468750 1.931025 0.000000
v -0.437500 1.931025 0.000000
v -0.406250 1.931025 0.000000
v -0.375000 1.931025 0.000000
v -0.343750 1.931025 0.000000
v -0.312500 1.931025 0.000000
v -0.281250 1.931025 0.000000
v -0.250000 1.931025 0.000000
v -0.218750 1.931025 0.000000
v -0.187500 1.931025 0.000000
v -0.156250 1.931025 0.000000
v -0.125000 1.931025 0.000000
v -0.093750 1.931025 0.000000
v -0.062500 1.931025 0.000000
v -0.031250 1.931025 0.000000
v 0.000000 1.931025 0.000000
v 0.031250 1.931025 0.000000
v 0.062500 1.931025 0.000000
v 0.093750 1.931025 0.000000
v 0.125000 1.931025 0.000000
v 0.156250 1.931025 0.000000
v 0.187500 1.931025 0.000000
v 0.218750 1.931025 0.000000
v 0.250000 1.931025 0.000000
v 0.281250 1.931025 0.000000
v 0.312500 1.931025 0.000000
v 0.343750 1.931025 0.000000
v 0.375000 1.931025 0.000000
v 0.406250 1.931025 0.000000
v 0.437500 1.931025 0.000000
v 0.468750 1.931025 0.000000
v 0.500000 1.931025 0.000000
v -0.500000 1.962275 0.000000
v -0.468750 1.962275 0.000000
v -0.437500 1.962275 0.000000
v -0.406250 1.962275 0.000000
v -0.375000 1.962275 0.000000
v -0.343750 1.962275 0.000000
v -0.312500 1.962275 0.000000
v -0.281250 1.962275 0.000000
v -0.250000 1.962275 0.000000
v -0.218750 1.962275 0.000000
v -0.187500 1.962275 0.000000
v -0.156250 1.962275 0.000000
v -0.125000 1.962275 0.000000
v -0.093750 1.962275 0.000000
v -0.062500 1.962275 0.000000
v -0.031250 1.962275 0.000000
v 0.000000 1.962275 0.000000
v 0.031250 1.962275 0.000000
v 0.062500 1.962275 0.000000
v 0.093750 1.962275 0.000000
v 0.125000 1.962275 0.000000
v 0.156250 1.962275 0.000000
v 0.187500 1.962275 0.000000
v 0.218750 1.962275 0.000000
v 0.250000 1.962275 0.000000
v 0.281250 1.962275 0.000000
v 0.312500 1.962275 0.000000
v 0.343750 1.962275 0.000000
v 0.375000 1.962275 0.000000
v 0.406250 1.962275 0.000000
v 0.437500 1.962275 0.000000
v 0.468750 1.962275 0.000000
v 0.500000 1.962275 0.000000
v -0.500000 1.993525 0.000000
v -0.468750 1.993525 0.000000
v -0.437500 1.993525 0.000000
v -0.406250 1.993525 0.000000
v -0.375000 1.993525 0.000000
v -0.343750 1.993525 0.000000
v -0.312500 1.993525 0.000000
v -0.281250 1.993525 0.000000
v -0.250000 1.993525 0.000000
v -0.218750 1.993525 0.000000
v -0.187500 1.993525 0.000000
v -0.156250 1.993525 0.000000
v -0.125000 1.993525 0.000000
v -0.093750 1.993525 0.000000
v -0.062500 1.993525 0.000000
v -0.031250 1.993525 0.000000
v 0.000000 1.993525 0.000000
v 0.031250 1.993525 0.000000
v 0.062500 1.993525 0.000000
v 0.093750 1.993525 0.000000
v 0.125000 1.993525 0.000000
v 0.156250 1.993525 0.000000
v 0.187500 1.993525 0.000000
v 0.218750 1.993525 0.000000
v 0.250000 1.993525 0.000000
v 0.281250 1.993525 0.000000
v 0.312500 1.993525 0.000000
v 0.343750 1.993525 0.000000
v 0.375000 1.993525 0.000000
v 0.406250 1.993525 0.000000
v 0.437500 1.993525 0.000000
v 0.468750 1.993525 0.000000
v 0.500000 1.993525 0.000000
v -0.500000 2.024775 0.000000
v -0.468750 2.024775 0.000000
v -0.437500 2.024775 0.000000
v -0.406250 2.024775 0.000000
v -0.375000 2.024775 0.000000
v -0.343750 2.024775 0.000000
v -0.312500 2.024775 0.000000
v -0.281250 2.024775 0.000000
v -0.250000 2.024775 0.000000
v -0.218750 2.024775 0.000000
v -0.187500 2.024775 0.000000
v -0.156250 2.024775 0.000000
v -0.125000 2.024775 0.000000
v -0.093750 2.024775 0.000000
v -0.062500 2.024775 0.000000
v -0.031250 2.024775 0.000000
v 0.000000 2.024775 0.000000
v 0.031250 2.024775 0.000000
v 0.062500 2.024775 0.000000
v 0.093750 2.024775 0.000000
v 0.125000 2.024775 0.000000
v 0.156250 2.024775 0.000000
v 0.187500 2.024775 0.000000
v 0.218750 2.024775 0.000000
v 0.250000 2.024775 0.000000
v 0.281250 2.024775 0.000000
v 0.312500 2.024775 0.000000
v 0.343750 2.024775 0.000000
v 0.375000 2.024775 0.000000
v 0.406250 2.024775 0.000000
v 0.437500 2.024775 0.000000
v 0.468750 2.024775 0.000000
v 0.500000 2.024775 0.000000
v -0.500000 2.056025 0.000000
v -0.468750 2.056025 0.000000
v -0.437500 2.056025 0.000000
v -0.406250 2.056025 0.000000
v -0.375000 2.056025 0.000000
v -0.343750 2.056025 0.000000
v -0.312500 2.056025 0.000000
v -0.281250 2.056025 0.000000
v -0.250000 2.056025 0.000000
v -0.218750 2.056025 0.000000
v -0.187500 2.056025 0.000000
v -0.156250 2.056025 0.000000
v -0.125000 2.056025 0.000000
v -0.093750 2.056025 0.000000
v -0.062500 2.056025 0.000000
v -0.031250 2.056025 0.000000
v 0.000000 2.056025 0.000000
v 0.031250 2.056025 0.000000
v 0.062500 2.056025 0.000000
v 0.093750 2.056025 0.000000
v 0.125000 2.056025 0.000000
v 0.156250 2.056025 0.000000
v 0.187500 2.056025 0.000000
v 0.218750 2.056025 0.000000
v 0.250000 2.056025 0.000000
v 0.281250 2.056025 0.000000
v 0.312500 2.056025 0.000000
v 0.343750 2.056025 0.000000
v 0.375000 2.056025 0.000000
v 0.406250 2.056025 0.000000
v 0.437500 2.056025 0.000000
v 0.468750 2.056025 0.000000
v 0.500000 2.056025 0.000000
v -0.500000 2.087275 0.000000
v -0.468750 2.087275 0.000000
v -0.437500 2.087275 0.000000
v -0.406250 2.087275 0.000000
v -0.375000 2.087275 0.000000
v -0.343750 2.087275 0.000000
v -0.312500 2.087275 0.000000
v -0.281250 2.087275 0.000000
v -0.250000 2.087275 0.000000
v -0.218750 2.087275 0.000000
v -0.187500 2.087275 0.000000
v -0.156250 2.087275 0.000000
v -0.125000 2.087275 0.000000
v -0.093750 2.087275 0.000000
v -0.062500 2.087275 0.000000
v -0.031250 2.087275 0.000000
v 0.000000 2.087275 0.000000
v 0.031250 2.087275 0.000000
v 0.062500 2.087275 0.000000
v 0.093750 2.087275 0.000000
v 0.125000 2.087275 0.000000
v 0.156250 2.087275 0.000000
v 0.187500 2.087275 0.000000
v 0.218750 2.087275 0.000000
v 0.250000 2.087275 0.000000
v 0.281250 2.087275 0.000000
v 0.312500 2.087275 0.000000
v 0.343750 2.087275 0.000000
v 0.375000 2.087275 0.000000
v 0.406250 2.087275 0.000000
v 0.437500 2.087275 0.000000
v 0.468750 2.087275 0.000000
v 0.500000 2.087275 0.000000
v -0.500000 2.118525 0.000000
v -0.468750 2.118525 0.000000
v -0.437500 2.118525 0.000000
v -0.406250 2.118525 0.000000
v -0.375000 2.118525 0.000000
v -0.343750 2.118525 0.000000
v -0.312500 2.118525 0.000000
v -0.281250 2.118525 0.000000
v -0.250000 2.118525 0.000000
v -0.218750 2.118525 0.000000
v -0.187500 2.118525 0.000000
v -0.156250 2.118525 0.000000
v -0.125000 2.118525 0.000000
v -0.093750 2.118525 0.000000
v -0.062500 2.118525 0.000000
v -0.031250 2.118525 0.000000
v 0.000000 2.118525 0.000000
v 0.031250 2.118525 0.000000
v 0.062500 2.118525 0.000000
v 0.093750 2.118525 0.000000
v 0.125000 2.118525 0.000000
v 0.156250 2.118525 0.000000
v 0.187500 2.118525 0.000000
v 0.218750 2.118525 0.000000
v 0.250000 2.118525 0.000000
v 0.281250 2.118525 0.000000
v 0.312500 2.118525 0.000000
v 0.343750 2.118525 0.000000
v 0.375000 2.118525 0.000000
v 0.406250 2.118525 0.000000
v 0.437500 2.118525 0.000000
v 0.468750 2.118525 0.000000
v 0.500000 2.118525 0.000000
v -0.500000 2.149775 0.000000
v -0.468750 2.149775 0.000000
v -0.437500 2.149775 0.000000
v -0.406250 2.149775 0.000000
v -0.375000 2.149775 0.000000
v -0.343750 2.149775 0.000000
v -0.312500 2.149775 0.000000
v -0.281250 2.149775 0.000000
v -0.250000 2.149775 0.000000
v -0.218750 2.149775 0.000000
v -0.187500 2.149775 0.000000
v -0.156250 2.149775 0.000000
v -0.125000 2.149775 0.000000
v -0.093750 2.149775 0.000000
v -0.062500 2.149775 0.000000
v -0.031250 2.149775 0.000000
v 0.000000 2.149775 0.000000
v 0.031250 2.149775 0.000000
v 0.062500 2.149775 0.000000
v 0.093750 2.149775 0.000000
v 0.125000 2.149775 0.000000
v 0.156250 2.149775 0.000000
v 0.187500 2.149775 0.000000
v 0.218750 2.149775 0.000000
v 0.250000 2.149775 0.000000
v 0.281250 2.149775 0.000000
v 0.312500 2.149775 0.000000
v 0.343750 2.149775 0.000000
v 0.375000 2.149775 0.000000
v 0.406250 2.149775 0.000000
v 0.437500 2.149775 0.000000
v 0.468750 2.149775 0.000000
v 0.500000 2.149775 0.000000
v -0.500000 2.181025 0.000000
v -0.468750 2.181025 0.000000
v -0.437500 2.181025 0.000000
v -0.406250 2.181025 0.000000
v -0.375000 2.181025 0.000000
v -0.343750 2.181025 0.000000
v -0.312500 2.181025 0.000000
v -0.281250 2.181025 0.000000
v -0.250000 2.181025 0.000000
v -0.218750 2.181025 0.000000
v -0.187500 2.181025 0.000000
v -0.156250 2.181025 0.000000
v -0.125000 2.181025 0.000000
v -0.093750 2.181025 0.000000
v -0.062500 2.181025 0.000000
v -0.031250 2.181025 0.000000
v 0.000000 2.181025 0.000000
v 0.031250 2.181025 0.000000
v 0.062500 2.181025 0.000000
v 0.093750 2.181025 0.000000
v 0.125000 2.181025 0.000000
v 0.156250 2.181025 0.000000
v 0.187500 2.181025 0.000000
v 0.218750 2.181025 0.000000
v 0.250000 2.181025 0.000000
v 0.281250 2.181025 0.000000
v 0.312500 2.181025 0.000000
v 0.343750 2.181025 0.000000
v 0.375000 2.181025 0.000000
v 0.406250 2.181025 0.000000
v 0.437500 2.181025 0.000000
v 0.468750 2.181025 0.000000
v 0.500000 2.181025 0.000000
v -0.500000 2.212275 0.000000
v -0.468750 2.212275 0.000000
v -0.437500 2.212275 0.000000
v -0.406250 2.212275 0.000000
v -0.375000 2.212275 0.000000
v -0.343750 2.212275 0.000000
v -0.312500 2.212275 0.000000
v -0.281250 2.212275 0.000000
v -0.250000 2.212275 0.000000
v -0.218750 2.212275 0.000000
v -0.187500 2.212275 0.000000
v -0.156250 2.212275 0.000000
v -0.125000 2.212275 0.000000
v -0.093750 2.212275 0.000000
v -0.062500 2.212275 0.000000
v -0.031250 2.212275 0.000000
v 0.000000 2.212275 0.000000
v 0.031250 2.212275 0.000000
v 0.062500 2.212275 0.000000
v 0.093750 2.212275 0.000000
v 0.125000 2.212275 0.000000
v 0.156250 2.212275 0.000000
v 0.187500 2.212275 0.000000
v 0.218750 2.212275 0.000000
v 0.250000 2.212275 0.000000
v 0.281250 2.212275 0.000000
v 0.312500 2.212275 0.000000
v 0.343750 2.212275 0.000000
v 0.375000 2.212275 0.000000
v 0.406250 2.212275 0.000000
v 0.437500 2.212275 0.000000
v 0.468750 2.212275 0.000000
v 0.500000 2.212275 0.000000
v -0.500000 2.243525 0.000000
v -0.468750 2.243525 0.000000
v -0.437500 2.243525 0.000000
v -0.406250 2.243525 0.000000
v -0.375000 2.243525 0.000000
v -0.343750 2.243525 0.000000
v -0.312500 2.243525 0.000000
v -0.281250 2.243525 0.000000
v -0.250000 2.243525 0.000000
v -0.218750 2.243525 0.000000
v -0.187500 2.243525 0.000000
v -0.156250 2.243525 0.000000
v -0.125000 2.243525 0.000000
v -0.093750 2.243525 0.000000
v -0.062500 2.243525 0.000000
v -0.031250 2.243525 0.000000
v 0.000000 2.243525 0.000000
v 0.031250 2.243525 0.000000
v 0.062500 2.243525 0.000000
v 0.093750 2.243525 0.000000
v 0.125000 2.243525 0.000000
v 0.156250 2.243525 0.000000
v 0.187500 2.243525 0.000000
v 0.218750 2.243525 0.000000
v 0.250000 2.243525 0.000000
v 0.281250 2.243525 0.000000
v 0.312500 2.243525 0.000000
v 0.343750 2.243525 0.000000
v 0.375000 2.243525 0.000000
v 0.406250 2.243525 0.000000
v 0.437500 2.243525 0.000000
v 0.468750 2.243525 0.000000
v 0.500000 2.243525 0.000000
v -0.500000 2.274775 0.000000
v -0.468750 2.274775 0.000000
v -0.437500 2.274775 0.000000
v -0.406250 2.274775 0.000000
v -0.375000 2.274775 0.000000
v -0.343750 2.274775 0.000000
v -0.312500 2.274775 0.000000
v -0.281250 2.274775 0.000000
v -0.250000 2.274775 0.000000
v -0.218750 2.274775 0.000000
v -0.187500 2.274775 0.000000
v -0.156250 2.274775 0.000000
v -0.125000 2.274775 0.000000
v -0.093750 2.274775 0.000000
v -0.062500 2.274775 0.000000
v -0.031250 2.274775 0.000000
v 0.000000 2.274775 0.000000
v 0.031250 2.274775 0.000000
v 0.062500 2.274775 0.000000
v 0.093750 2.274775 0.000000
v 0.125000 2.274775 0.000000
v 0.156250 2.274775 0.000000
v 0.187500 2.274775 0.000000
v 0.218750 2.274775 0.000000
v 0.250000 2.274775 0.000000
v 0.281250 2.274775 0.000000
v 0.312500 2.274775 0.000000
v 0.343750 2.274775 0.000000
v 0.375000 2.274775 0.000000
v 0.406250 2.274775 0.000000
v 0.437500 2.274775 0.000000
v 0.468750 2.274775 0.000000
v 0.500000 2.274775 0.000000
v -0.500000 2.306025 0.000000
v -0.468750 2.306025 0.000000
v -0.437500 2.306025 0.000000
v -0.406250 2.306025 0.000000
v -0.375000 2.306025 0.000000
v -0.343750 2.306025 0.000000
v -0.312500 2.306025 0.000000
v -0.281250 2.306025 0.000000
v -0.250000 2.306025 0.000000
v -0.218750 2.306025 0.000000
v -0.187500 2.306025 0.000000
v -0.156250 2.306025 0.000000
v -0.125000 2.306025 0.000000
v -0.093750 2.306025 0.000000
v -0.062500 2.306025 0.000000
v -0.031250 2.306025 0.000000
v 0.000000 2.306025 0.000000
v 0.031250 2.306025 0.000000
v 0.062500 2.306025 0.000000
v 0.093750 2.306025 0.000000
v 0.125000 2.306025 0.000000
v 0.156250 2.306025 0.000000
v 0.187500 2.306025 0.000000
v 0.218750 2.306025 0.000000
v 0.250000 2.306025 0.000000
v 0.281250 2.306025 0.000000
v 0.312500 2.306025 0.000000
v 0.343750 2.306025 0.000000
v 0.375000 2.306025 0.000000
v 0.406250 2.306025 0.000000
v 0.437500 2.306025 0.000000
v 0.468750 2.306025 0.000000
v 0.500000 2.306025 0.000000
v -0.500000 2.337275 0.000000
v -0.468750 2.337275 0.000000
v -0.437500 2.337275 0.000000
v -0.406250 2.337275 0.000000
v -0.375000 2.337275 0.000000
v -0.343750 2.337275 0.000000
v -0.312500 2.337275 0.000000
v -0.281250 2.337275 0.000000
v -0.250000 2.337275 0.000000
v -0.218750 2.337275 0.000000
v -0.187500 2.337275 0.000000
v -0.156250 2.337275 0.000000
v -0.125000 2.337275 0.000000
v -0.093750 2.337275 0.000000
v -0.062500 2.337275 0.000000
v -0.031250 2.337275 0.000000
v 0.000000 2.337275 0.000000
v 0.031250 2.337275 0.000000
v 0.062500 2.337275 0.000000
v 0.093750 2.337275 0.000000
v 0.125000 2.337275 0.000000
v 0.156250 2.337275 0.000000
v 0.187500 2.337275 0.000000
v 0.218750 2.337275 0.000000
v 0.250000 2.337275 0.000000
v 0.281250 2.337275 0.000000
v 0.312500 2.337275 0.000000
v 0.343750 2.337275 0.000000
v 0.375000 2.337275 0.000000
v 0.406250 2.337275 0.000000
v 0.437500 2.337275 0.000000
v 0.468750 2.337275 0.000000
v 0.500000 2.337275 0.000000
v -0.500000 2.368525 0.000000
v -0.468750 2.368525 0.000000
v -0.437500 2.368525 0.000000
v -0.406250 2.368525 0.000000
v -0.375000 2.368525 0.000000
v -0.343750 2.368525 0.000000
v -0.312500 2.368525 0.000000
v -0.281250 2.368525 0.000000
v -0.250000 2.368525 0.000000
v -0.218750 2.368525 0.000000
v -0.187500 2.368525 0.000000
v -0.156250 2.368525 0.000000
v -0.125000 2.368525 0.000000
v -0.093750 2.368525 0.000000
v -0.062500 2.368525 0.000000
v -0.031250 2.368525 0.000000
v 0.000000 2.368525 0.000000
v 0.031250 2.368525 0.000000
v 0.062500 2.368525 0.000000
v 0.093750 2.368525 0.000000
v 0.125000 2.368525 0.000000
v 0.156250 2.368525 0.000000
v 0.187500 2.368525 0.000000
v 0.218750 2.368525 0.000000
v 0.250000 2.368525 0.000000
v 0.281250 2.368525 0.000000
v 0.312500 2.368525 0.000000
v 0.343750 2.368525 0.000000
v 0.375000 2.368525 0.000000
v 0.406250 2.368525 0.000000
v 0.437500 2.368525 0.000000
v 0.468750 2.368525 0.000000
v 0.500000 2.368525 0.000000
v -0.500000 2.399775 0.000000
v -0.468750 2.399775 0.000000
v -0.437500 2.399775 0.000000
v -0.406250 2.399775 0.000000
v -0.375000 2.399775 0.000000
v -0.343750 2.399775 0.000000
v -0.312500 2.399775 0.000000
v -0.281250 2.399775 0.000000
v -0.250000 2.399775 0.000000
v -0.218750 2.399775 0.000000
v -0.187500 2.399775 0.000000
v -0.156250 2.399775 0.000000
v -0.125000 2.399775 0.000000
v -0.093750 2.399775 0.000000
v -0.062500 2.399775 0.000000
v -0.031250 2.399775 0.000000
v 0.000000 2.399775 0.000000
v 0.031250 2.399775 0.000000
v 0.062500 2.399775 0.000000
v 0.093750 2.399775 0.000000
v 0.125000 2.399775 0.000000
v 0.156250 2.399775 0.000000
v 0.187500 2.399775 0.000000
v 0.218750 2.399775 0.000000
v 0.250000 2.399775 0.000000
v 0.281250 2.399775 0.000000
v 0.312500 2.399775 0.000000
v 0.343750 2.399775 0.000000
v 0.375000 2.399775 0.000000
v 0.406250 2.399775 0.000000
v 0.437500 2.399775 0.000000
v 0.468750 2.399775 0.000000
v 0.500000 2.399775 0.000000
v -0.500000 2.431025 0.000000
v -0.468750 2.431025 0.000000
v -0.437500 2.431025 0.000000
v -0.406250 2.431025 0.000000
v -0.375000 2.431025 0.000000
v -0.343750 2.431025 0.000000
v -0.312500 2.431025 0.000000
v -0.281250 2.431025 0.000000
v -0.250000 2.431025 0.000000
v -0.218750 2.431025 0.000000
v -0.187500 2.431025 0.000000
v -0.156250 2.431025 0.000000
v -0.125000 2.431025 0.000000
v -0.093750 2.431025 0.000000
v -0.062500 2.431025 0.000000
v -0.031250 2.431025 0.000000
v 0.000000 2.431025 0.000000
v 0.031250 2.431025 0.000000
v 0.062500 2.431025 0.000000
v 0.093750 2.431025 0.000000
v 0.125000 2.431025 0.000000
v 0.156250 2.431025 0.000000
v 0.187500 2.431025 0.000000
v 0.218750 2.431025 0.000000
v 0.250000 2.431025 0.000000
v 0.281250 2.431025 0.000000
v 0.312500 2.431025 0.000000
v 0.343750 2.431025 0.000000
v 0.375000 2.431025 0.000000
v 0.406250 2.431025 0.000000
v 0.437500 2.431025 0.000000
v 0.468750 2.431025 0.000000
v 0.500000 2.431025 0.000000
v -0.500000 2.462275 0.000000
v -0.468750 2.462275 0.000000
v -0.437500 2.462275 0.000000
v -0.406250 2.462275 0.000000
v -0.375000 2.462275 0.000000
v -0.343750 2.462275 0.000000
v -0.312500 2.462275 0.000000
v -0.281250 2.462275 0.000000
v -0.250000 2.462275 0.000000
v -0.218750 2.462275 0.000000
v -0.187500 2.462275 0.000000
v -0.156250 2.462275 0.000000
v -0.125000 2.462275 0.000000
v -0.093750 2.462275 0.000000
v -0.062500 2.462275 0.000000
v -0.031250 2.462275 0.000000
v 0.000000 2.462275 0.000000
v 0.031250 2.462275 0.000000
v 0.062500 2.462275 0.000000
v 0.093750 2.462275 0.000000
v 0.125000 2.462275 0.000000
v 0.156250 2.462275 0.000000
v 0.187500 2.462275 0.000000
v 0.218750 2.462275 0.000000
v 0.250000 2.462275 0.000000
v 0.281250 2.462275 0.000000
v 0.312500 2.462275 0.000000
v 0.343750 2.462275 0.000000
v 0.375000 2.462275 0.000000
v 0.406250 2.462275 0.000000
v 0.437500 2.462275 0.000000
v 0.468750 2.462275 0.000000
v 0.500000 2.462275 0.000000
v -0.500000 2.493525 0.000000
v -0.468750 2.493525 0.000000
v -0.437500 2.493525 0.000000
v -0.406250 2.493525 0.000000
v -0.375000 2.493525 0.000000
v -0.343750 2.493525 0.000000
v -0.312500 2.493525 0.000000
v -0.281250 2.493525 0.000000
v -0.250000 2.493525 0.000000
v -0.218750 2.493525 0.000000
v -0.187500 2.493525 0.000000
v -0.156250 2.493525 0.000000
v -0.125000 2.493525 0.000000
v -0.093750 2.493525 0.000000
v -0.062500 2.493525 0.000000
v -0.031250 2.493525 0.000000
v 0.000000 2.493525 0.000000
v 0.031250 2.493525 0.000000
v 0.062500 2.493525 0.000000
v 0.093750 2.493525 0.000000
v 0.125000 2.493525 0.000000
v 0.156250 2.493525 0.000000
v 0.187500 2.493525 0.000000
v 0.218750 2.493525 0.000000
v 0.250000 2.493525 0.000000
v 0.281250 2.493525 0.000000
v 0.312500 2.493525 0.000000
v 0.343750 2.493525 0.000000
v 0.375000 2.493525 0.000000
v 0.406250 2.493525 0.000000
v 0.437500 2.493525 0.000000
v 0.468750 2.493525 0.000000
v 0.500000 2.493525 0.000000
v -0.500000 2.524775 0.000000
v -0.468750 2.524775 0.000000
v -0.437500 2.524775 0.000000
v -0.406250 2.524775 0.000000
v -0.375000 2.524775 0.000000
v -0.343750 2.524775 0.000000
v -0.312500 2.524775 0.000000
v -0.281250 2.524775 0.000000
v -0.250000 2.524775 0.000000
v -0.218750 2.524775 0.000000
v -0.187500 2.524775 0.000000
v -0.156250 2.524775 0.000000
v -0.125000 2.524775 0.000000
v -0.093750 2.524775 0.000000
v -0.062500 2.524775 0.000000
v -0.031250 2.524775 0.000000
v 0.000000 2.524775 0.000000
v 0.031250 2.524775 0.000000
v 0.062500 2.524775 0.000000
v 0.093750 2.524775 0.000000
v 0.125000 2.524775 0.000000
v 0.156250 2.524775 0.000000
v 0.187500 2.524775 0.000000
v 0.218750 2.524775 0.000000
v 0.250000 2.524775 0.000000
v 0.281250 2.524775 0.000000
v 0.312500 2.524775 0.000000
v 0.343750 2.524775 0.000000
v 0.375000 2.524775 0.000000
v 0.406250 2.524775 0.000000
v 0.437500 2.524775 0.000000
v 0.468750 2.524775 0.000000
v 0.500000 2.524775 0.000000
v -0.500000 2.556025 0.000000
v -0.468750 2.556025 0.000000
v -0.437500 2.556025 0.000000
v -0.406250 2.556025 0.000000
v -0.375000 2.556025 0.000000
v -0.343750 2.556025 0.000000
v -0.312500 2.556025 0.000000
v -0.281250 2.556025 0.000000
v -0.250000 2.556025 0.000000
v -0.218750 2.556025 0.000000
v -0.187500 2.556025 0.000000
v -0.156250 2.556025 0.000000
v -0.125000 2.556025 0.000000
v -0.093750 2.556025 0.000000
v -0.062500 2.556025 0.000000
v -0.031250 2.556025 0.000000
v 0.000000 2.556025 0.000000
v 0.031250 2.556025 0.000000
v 0.062500 2.556025 0.000000
v 0.093750 2.556025 0.000000
v 0.125000 2.556025 0.000000
v 0.156250 2.556025 0.000000
v 0.187500 2.556025 0.000000
v 0.218750 2.556025 0.000000
v 0.250000 2.556025 0.000000
v 0.281250 2.556025 0.000000
v 0.312500 2.556025 0.000000
v 0.343750 2.556025 0.000000
v 0.375000 2.556025 0.000000
v 0.406250 2.556025 0.000000
v 0.437500 2.556025 0.000000
v 0.468750 2.556025 0.000000
v 0.500000 2.556025 0.000000
v -0.500000 2.587275 0.000000
v -0.468750 2.587275 0.000000
v -0.437500 2.587275 0.000000
v -0.406250 2.587275 0.000000
v -0.375000 2.587275 0.000000
v -0.343750 2.587275 0.000000
v -0.312500 2.587275 0.000000
v -0.281250 2.587275 0.000000
v -0.250000 2.587275 0.000000
v -0.218750 2.587275 0.000000
v -0.187500 2.587275 0.000000
v -0.156250 2.587275 0.000000
v -0.125000 2.587275 0.000000
v -0.093750 2.587275 0.000000
v -0.062500 2.587275 0.000000
v -0.031250 2.587275 0.000000
v 0.000000 2.587275 0.000000
v 0.031250 2.587275 0.000000
v 0.062500 2.587275 0.000000
v 0.093750 2.587275 0.000000
v 0.125000 2.587275 0.000000
v 0.156250 2.587275 0.000000
v 0.187500 2.587275 0.000000
v 0.218750 2.587275 0.000000
v 0.250000 2.587275 0.000000
v 0.281250 2.587275 0.000000
v 0.312500 2.587275 0.000000
v 0.343750 2.587275 0.000000
v 0.375000 2.587275 0.000000
v 0.406250 2.587275 0.000000
v 0.437500 2.587275 0.000000
v 0.468750 2.587275 0.000000
v 0.500000 2.587275 0.000000
v -0.500000 2.618525 0.000000
v -0.468750 2.618525 0.000000
v -0.437500 2.618525 0.000000
v -0.406250 2.618525 0.000000
v -0.375000 2.618525 0.000000
v -0.343750 2.618525 0.000000
v -0.312500 2.618525 0.000000
v -0.281250 2.618525 0.000000
v -0.250000 2.618525 0.000000
v -0.218750 2.618525 0.000000
v -0.187500 2.618525 0.000000
v -0.156250 2.618525 0.000000
v -0.125000 2.618525 0.000000
v -0.093750 2.618525 0.000000
v -0.062500 2.618525 0.000000
v -0.031250 2.618525 0.000000
v 0.000000 2.618525 0.000000
v 0.031250 2.618525 0.000000
v 0.062500 2.618525 0.000000
v 0.093750 2.618525 0.000000
v 0.125000 2.618525 0.000000
v 0.156250 2.618525 0.000000
v 0.187500 2.618525 0.000000
v 0.218750 2.618525 0.000000
v 0.250000 2.618525 0.000000
v 0.281250 2.618525 0.000000
v 0.312500 2.618525 0.000000
v 0.343750 2.618525 0.000000
v 0.375000 2.618525 0.000000
v 0.406250 2.618525 0.000000
v 0.437500 2.618525 0.000000
v 0.468750 2.618525 0.000000
v 0.500000 2.618525 0.000000
v -0.500000 2.649775 0.000000
v -0.468750 2.649775 0.000000
v -0.437500 2.649775 0.000000
v -0.406250 2.649775 0.000000
v -0.375000 2.649775 0.000000
v -0.343750 2.649775 0.000000
v -0.312500 2.649775 0.000000
v -0.281250 2.649775 0.000000
v -0.250000 2.649775 0.000000
v -0.218750 2.649775 0.000000
v -0.187500 2.649775 0.000000
v -0.156250 2.649775 0.000000
v -0.125000 2.649775 0.000000
v -0.093750 2.649775 0.000000
v -0.062500 2.649775 0.000000
v -0.031250 2.649775 0.000000
v 0.000000 2.649775 0.000000
v 0.031250 2.649775 0.000000
v 0.062500 2.649775 0.000000
v 0.093750 2.649775 0.000000
v 0.125000 2.649775 0.000000
v 0.156250 2.649775 0.000000
v 0.187500 2.649775 0.000000
v 0.218750 2.649775 0.000000
v 0.250000 2.649775 0.000000
v 0.281250 2.649775 0.000000
v 0.312500 2.649775 0.000000
v 0.343750 2.649775 0.000000
v 0.375000 2.649775 0.000000
v 0.406250 2.649775 0.000000
v 0.437500 2.649775 0.000000
v 0.468750 2.649775 0.000000
v 0.500000 2.649775 0.000000
v -0.500000 2.681025 0.000000
v -0.468750 2.681025 0.000000
v -0.437500 2.681025 0.000000
v -0.406250 2.681025 0.000000
v -0.375000 2.681025 0.000000
v -0.343750 2.681025 0.000000
v -0.312500 2.681025 0.000000
v -0.281250 2.681025 0.000000
v -0.250000 2.681025 0.000000
v -0.218750 2.681025 0.000000
v -0.187500 2.681025 0.000000
v -0.156250 2.681025 0.000000
v -0.125000 2.681025 0.000000
v -0.093750 2.681025 0.000000
v -0.062500 2.681025 0.000000
v -0.031250 2.681025 0.000000
v 0.000000 2.681025 0.000000
v 0.031250 2.681025 0.000000
v 0.062500 2.681025 0.000000
v 0.093750 2.681025 0.000000
v 0.125000 2.681025 0.000000
v 0.156250 2.681025 0.000000
v 0.187500 2.681025 0.000000
v 0.218750 2.681025 0.000000
v 0.250000 2.681025 0.000000
v 0.281250 2.681025 0.000000
v 0.312500 2.681025 0.000000
v 0.343750 2.681025 0.000000
v 0.375000 2.681025 0.000000
v 0.406250 2.681025 0.000000
v 0.437500 2.681025 0.000000
v 0.468750 2.681025 0.000000
v 0.500000 2.681025 0.000000
v -0.500000 2.712275 0.000000
v -0.468750 2.712275 0.000000
v -0.437500 2.712275 0.000000
v -0.406250 2.712275 0.000000
v -0.375000 2.712275 0.000000
v -0.343750 2.712275 0.000000
v -0.312500 2.712275 0.000000
v -0.281250 2.712275 0.000000
v -0.250000 2.712275 0.000000
v -0.218750 2.712275 0.000000
v -0.187500 2.712275 0.000000
v -0.156250 2.712275 0.000000
v -0.125000 2.712275 0.000000
v -0.093750 2.712275 0.000000
v -0.062500 2.712275 0.000000
v -0.031250 2.712275 0.000000
v 0.000000 2.712275 0.000000
v 0.031250 2.712275 0.000000
v 0.062500 2.712275 0.000000
v 0.093750 2.712275 0.000000
v 0.125000 2.712275 0.000000
v 0.156250 2.712275 0.000000
v 0.187500 2.712275 0.000000
v 0.218750 2.712275 0.000000
v 0.250000 2.712275 0.000000
v 0.281250 2.712275 0.000000
v 0.312500 2.712275 0.000000
v 0.343750 2.712275 0.000000
v 0.375000 2.712275 0.000000
v 0.406250 2.712275 0.000000
v 0.437500 2.712275 0.000000
v 0.468750 2.712275 0.000000
v 0.500000 2.712275 0.000000
v -0.500000 2.743525 0.000000
v -0.468750 2.743525 0.000000
v -0.437500 2.743525 0.000000
v -0.406250 2.743525 0.000000
v -0.375000 2.743525 0.000000
v -0.343750 2.743525 0.000000
v -0.312500 2.743525 0.000000
v -0.281250 2.743525 0.000000
v -0.250000 2.743525 0.000000
v -0.218750 2.743525 0.000000
v -0.187500 2.743525 0.000000
v -0.156250 2.743525 0.000000
v -0.125000 2.743525 0.000000
v -0.093750 2.743525 0.000000
v -0.062500 2.743525 0.000000
v -0.031250 2.743525 0.000000
v 0.000000 2.743525 0.000000
v 0.031250 2.743525 0.000000
v 0.062500 2.743525 0.000000
v 0.093750 2.743525 0.000000
v 0.125000 2.743525 0.000000
v 0.156250 2.743525 0.000000
v 0.187500 2.743525 0.000000
v 0.218750 2.743525 0.000000
v 0.250000 2.743525 0.000000
v 0.281250 2.743525 0.000000
v 0.312500 2.743525 0.000000
v 0.343750 2.743525 0.000000
v 0.375000 2.743525 0.000000
v 0.406250 2.743525 0.000000
v 0.437500 2.743525 0.000000
v 0.468750 2.743525 0.000000
v 0.500000 2.743525 0.000000
vt 0.000000 0.000000
vt 0.031250 0.000000
vt 0.062500 0.000000
vt 0.093750 0.000000
vt 0.125000 0.000000
vt 0.156250 0.000000
vt 0.187500 0.000000
vt 0.218750 0.000000
vt 0.250000 0.000000
vt 0.281250 0.000000
vt 0.312500 0.000000
vt 0.343750 0.000000
vt 0.375000 0.000000
vt 0.406250 0.000000
vt 0.437500 0.000000
vt 0.468750 0.000000
vt 0.500000 0.000000
vt 0.531250 0.000000
vt 0.562500 0.000000
vt 0.593750 0.000000
vt 0.625000 0.000000
vt 0.656250 0.000000
vt 0.687500 0.000000
vt 0.718750 0.000000
vt 0.750000 0.000000
vt 0.781250 0.000000
vt 0.812500 0.000000
vt 0.843750 0.000000
vt 0.875000 0.000000
vt 0.906250 0.000000
vt 0.937500 0.000000
vt 0.968750 0.000000
vt 1.000000 0.000000
vt 0.000000 0.031250
vt 0.031250 0.031250
vt 0.062500 0.031250
vt 0.093750 0.031250
vt 0.125000 0.031250
vt 0.156250 0.031250
vt 0.187500 0.031250
vt 0.218750 0.031250
vt 0.250000 0.031250
vt 0.281250 0.031250
vt 0.312500 0.031250
vt 0.343750 0.031250
vt 0.375000 0.031250
vt 0.406250 0.031250
vt 0.437500 0.031250
vt 0.468750 0.031250
vt 0.500000 0.031250
vt 0.531250 0.031250
vt 0.562500 0.031250
vt 0.593750 0.031250
vt 0.625000 0.031250
vt 0.656250 0.031250
vt 0.687500 0.031250
vt 0.718750 0.031250
vt 0.750000 0.031250
vt 0.781250 0.031250
vt 0.812500 0.031250
vt 0.843750 0.031250
vt 0.875000 0.031250
vt 0.906250 0.031250
vt 0.937500 0.031250
vt 0.968750 0.031250
vt 1.000000 0.031250
vt 0.000000 0.062500
vt 0.031250 0.062500
vt 0.062500 0.062500
vt 0.093750 0.062500
vt 0.125000 0.062500
vt 0.156250 0.062500
vt 0.187500 0.062500
vt 0.218750 0.062500
vt 0.250000 0.062500
vt 0.281250 0.062500
vt 0.312500 0.062500
vt 0.343750 0.062500
vt 0.375000 0.062500
vt 0.406250 0.062500
vt 0.437500 0.062500
vt 0.468750 0.062500
vt 0.500000 0.062500
vt 0.531250 0.062500
vt 0.562500 0.062500
vt 0.593750 0.062500
vt 0.625000 0.062500
vt 0.656250 0.062500
vt 0.687500 0.062500
vt 0.718750 0.062500
vt 0.750000 0.062500
vt 0.781250 0.062500
vt 0.812500 0.062500
vt 0.843750 0.062500
vt 0.875000 0.062500
vt 0.906250 0.062500
vt 0.937500 0.062500
vt 0.968750 0.062500
vt 1.000000 0.062500
vt 0.000000 0.093750
vt 0.031250 0.093750
vt 0.062500 0.093750
vt 0.093750 0.093750
vt 0.125000 0.093750
vt 0.156250 0.093750
vt 0.187500 0.093750
vt 0.218750 0.093750
vt 0.250000 0.093750
vt 0.281250 0.093750
vt 0.312500 0.093750
vt 0.343750 0.093750
vt 0.375000 0.093750
vt 0.406250 0.093750
vt 0.437500 0.093750
vt 0.468750 0.093750
vt 0.500000 0.093750
vt 0.531250 0.093750
vt 0.562500 0.093750
vt 0.593750 0.093750
vt 0.625000 0.093750
vt 0.656250 0.093750
vt 0.687500 0.093750
vt 0.718750 0.093750
vt 0.750000 0.093750
vt 0.781250 0.093750
vt 0.812500 0.093750
vt 0.843750 0.093750
vt 0.875000 0.093750
vt 0.906250 0.093750
vt 0.937500 0.093750
vt 0.968750 0.093750
vt 1.000000 0.093750
vt 0.000000 0.125000
vt 0.031250 0.125000
vt 0.062500 0.125000
vt 0.093750 0.125000
vt 0.125000 0.125000
vt 0.156250 0.125000
vt 0.187500 0.125000
vt 0.218750 0.125000
vt 0.250000 0.125000
vt 0.281250 0.125000
vt 0.312500 0.125000
vt 0.343750 0.125000
vt 0.375000 0.125000
vt 0.406250 0.125000
vt 0.437500 0.125000
vt 0.468750 0.125000
vt 0.500000 0.125000
vt 0.531250 0.125000
vt 0.562500 0.125000
vt 0.593750 0.125000
vt 0.625000 0.125000
vt 0.656250 0.125000
vt 0.687500 0.125000
vt 0.718750 0.125000
vt 0.750000 0.125000
vt 0.781250 0.125000
vt 0.812500 0.125000
vt 0.843750 0.125000
vt 0.875000 0.125000
vt 0.906250 0.125000
vt 0.937500 0.125000
vt 0.968750 0.125000
vt 1.000000 0.125000
vt 0.000000 0.156250
vt 0.031250 0.156250
vt 0.062500 0.156250
vt 0.093750 0.156250
vt 0.125000 0.156250
vt 0.156250 0.156250
vt 0.187500 0.156250
vt 0.218750 0.156250
vt 0.250000 0.156250
vt 0.281250 0.156250
vt 0.312500 0.156250
vt 0.343750 0.156250
vt 0.375000 0.156250
vt 0.406250 0.156250
vt 0.437500 0.156250
vt 0.468750 0.156250
vt 0.500000 0.156250
vt 0.531250 0.156250
vt 0.562500 0.156250
vt 0.593750 0.156250
vt 0.625000 0.156250
vt 0.656250 0.156250
vt 0.687500 0.156250
vt 0.718750 0.156250
vt 0.750000 0.156250
vt 0.781250 0.156250
vt 0.812500 0.156250
vt 0.843750 0.156250
vt 0.875000 0.156250
vt 0.906250 0.156250
vt 0.937500 0.156250
vt 0.968750 0.156250
vt 1.000000 0.156250
vt 0.000000 0.187500
vt 0.031250 0.187500
vt 0.062500 0.187500
vt 0.093750 0.187500
vt 0.125000 0.187500
vt 0.156250 0.187500
vt 0.187500 0.187500
vt 0.218750 0.187500
vt 0.250000 0.187500
vt 0.281250 0.187500
vt 0.312500 0.187500
vt 0.343750 0.187500
vt 0.375000 0.187500
vt 0.406250 0.187500
vt 0.437500 0.187500
vt 0.468750 0.187500
vt 0.500000 0.187500
vt 0.531250 0.187500
vt 0.562500 0.187500
vt 0.593750 0.187500
vt 0.625000 0.187500
vt 0.656250 0.187500
vt 0.687500 0.187500
vt 0.718750 0.187500
vt 0.750000 0.187500
vt 0.781250 0.187500
vt 0.812500 0.187500
vt 0.843750 0.187500
vt 0.875000 0.187500
vt 0.906250 0.187500
vt 0.937500 0.187500
vt 0.968750 0.187500
vt 1.000000 0.187500
vt 0.000000 0.218750
vt 0.031250 0.218750
vt 0.062500 0.218750
vt 0.093750 0.218750
vt 0.125000 0.218750
vt 0.156250 0.218750
vt 0.187500 0.218750
vt 0.218750 0.218750
vt 0.250000 0.218750
vt 0.281250 0.218750
vt 0.312500 0.218750
vt 0.343750 0.218750
vt 0.375000 0.218750
vt 0.406250 0.218750
vt 0.437500 0.218750
vt 0.468750 0.218750
vt 0.500000 0.218750
vt 0.531250 0.218750
vt 0.562500 0.218750
vt 0.593750 0.218750
vt 0.625000 0.218750
vt 0.656250 0.218750
vt 0.687500 0.218750
vt 0.718750 0.218750
vt 0.750000 0.218750
vt 0.781250 0.218750
vt 0.812500 0.218750
vt 0.843750 0.218750
vt 0.875000 0.218750
vt 0.906250 0.218750
vt 0.937500 0.218750
vt 0.968750 0.218750
vt 1.000000 0.218750
vt 0.000000 0.250000
vt 0.031250 0.250000
vt 0.062500 0.250000
vt 0.093750 0.250000
vt 0.125000 0.250000
vt 0.156250 0.250000
vt 0.187500 0.250000
vt 0.218750 0.250000
vt 0.250000 0.250000
vt 0.281250 0.250000
vt 0.312500 0.250000
vt 0.343750 0.250000
vt 0.375000 0.250000
vt 0.406250 0.250000
vt 0.437500 0.250000
vt 0.468750 0.250000
vt 0.500000 0.250000
vt 0.531250 0.250000
vt 0.562500 0.250000
vt 0.593750 0.250000
vt 0.625000 0.250000
vt 0.656250 0.250000
vt 0.687500 0.250000
vt 0.718750 0.250000
vt 0.750000 0.250000
vt 0.781250 0.250000
vt 0.812500 0.250000
vt 0.843750 0.250000
vt 0.875000 0.250000
vt 0.906250 0.250000
vt 0.937500 0.250000
vt 0.968750 0.250000
vt 1.000000 0.250000
vt 0.000000 0.281250
vt 0.031250 0.281250
vt 0.062500 0.281250
vt 0.093750 0.281250
vt 0.125000 0.281250
vt 0.156250 0.281250
vt 0.187500 0.281250
vt 0.218750 0.281250
vt 0.250000 0.281250
vt 0.281250 0.281250
vt 0.312500 0.281250
vt 0.343750 0.281250
vt 0.375000 0.281250
vt 0.406250 0.281250
vt 0.437500 0.281250
vt 0.468750 0.281250
vt 0.500000 0.281250
vt 0.531250 0.281250
vt 0.562500 0.281250
vt 0.593750 0.281250
vt 0.625000 0.281250
vt 0.656250 0.281250
vt 0.687500 0.281250
vt 0.718750 0.281250
vt 0.750000 0.281250
vt 0.781250 0.281250
vt 0.812500 0.281250
vt 0.843750 0.281250
vt 0.875000 0.281250
vt 0.906250 0.281250
vt 0.937500 0.281250
vt 0.968750 0.281250
vt 1.000000 0.281250
vt 0.000000 0.312500
vt 0.031250 0.312500
vt 0.062500 0.312500
vt 0.093750 0.312500
vt 0.125000 0.312500
vt 0.156250 0.312500
vt 0.187500 0.312500
vt 0.218750 0.312500
vt 0.250000 0.312500
vt 0.281250 0.312500
vt 0.312500 0.312500
vt 0.343750 0.312500
vt 0.375000 0.312500
vt 0.406250 0.312500
vt 0.437500 0.312500
vt 0.468750 0.312500
vt 0.500000 0.312500
vt 0.531250 0.312500
vt 0.562500 0.312500
vt 0.593750 0.312500
vt 0.625000 0.312500
vt 0.656250 0.312500
vt 0.687500 0.312500
vt 0.718750 0.312500
vt 0.750000 0.312500
vt 0.781250 0.312500
vt 0.812500 0.312500
vt 0.843750 0.312500
vt 0.875000 0.312500
vt 0.906250 0.312500
vt 0.937500 0.312500
vt 0.968750 0.312500
vt 1.000000 0.312500
vt 0.000000 0.343750
vt 0.031250 0.343750
vt 0.062500 0.343750
vt 0.093750 0.343750
vt 0.125000 0.343750
vt 0.156250 0.343750
vt 0.187500 0.343750
vt 0.218750 0.343750
vt 0.250000 0.343750
vt 0.281250 0.343750
vt 0.312500 0.343750
vt 0.343750 0.343750
vt 0.375000 0.343750
vt 0.406250 0.343750
vt 0.437500 0.343750
vt 0.468750 0.343750
vt 0.500000 0.343750
vt 0.531250 0.343750
vt 0.562500 0.343750
vt 0.593750 0.343750
vt 0.625000 0.343750
vt 0.656250 0.343750
vt 0.687500 0.343750
vt 0.718750 0.343750
vt 0.750000 0.343750
vt 0.781250 0.343750
vt 0.812500 0.343750
vt 0.843750 0.343750
vt 0.875000 0.343750
vt 0.906250 0.343750
vt 0.937500 0.343750
vt 0.968750 0.343750
vt 1.000000 0.343750
vt 0.000000 0.375000
vt 0.031250 0.375000
vt 0.062500 0.375000
vt 0.093750 0.375000
vt 0.125000 0.375000
vt 0.156250 0.375000
vt 0.187500 0.375000
vt 0.218750 0.375000
vt 0.250000 0.375000
vt 0.281250 0.375000
vt 0.312500 0.375000
vt 0.343750 0.375000
vt 0.375000 0.375000
vt 0.406250 0.375000
vt 0.437500 0.375000
vt 0.468750 0.375000
vt 0.500000 0.375000
vt 0.531250 0.375000
vt 0.562500 0.375000
vt 0.593750 0.375000
vt 0.625000 0.375000
vt 0.656250 0.375000
vt 0.687500 0.375000
vt 0.718750 0.375000
vt 0.750000 0.375000
vt 0.781250 0.375000
vt 0.812500 0.375000
vt 0.843750 0.375000
vt 0.875000 0.375000
vt 0.906250 0.375000
vt 0.937500 0.375000
vt 0.968750 0.375000
vt 1.000000 0.375000
vt 0.000000 0.406250
vt 0.031250 0.406250
vt 0.062500 0.406250
vt 0.093750 0.406250
vt 0.125000 0.406250
vt 0.156250 0.406250
vt 0.187500 0.406250
vt 0.218750 0.406250
vt 0.250000 0.406250
vt 0.281250 0.406250
vt 0.312500 0.406250
vt 0.343750 0.406250
vt 0.375000 0.406250
vt 0.406250 0.406250
vt 0.437500 0.406250
vt 0.468750 0.406250
vt 0.500000 0.406250
vt 0.531250 0.406250
vt 0.562500 0.406250
vt 0.593750 0.406250
vt 0.625000 0.406250
vt 0.656250 0.406250
vt 0.687500 0.406250
vt 0.718750 0.406250
vt 0.750000 0.406250
vt 0.781250 0.406250
vt 0.812500 0.406250
vt 0.843750 0.406250
vt 0.875000 0.406250
vt 0.906250 0.406250
vt 0.937500 0.406250
vt 0.968750 0.406250
vt 1.000000 0.406250
vt 0.000000 0.437500
vt 0.031250 0.437500
vt 0.062500 0.437500
vt 0.093750 0.437500
vt 0.125000 0.437500
vt 0.156250 0.437500
vt 0.187500 0.437500
vt 0.218750 0.437500
vt 0.250000 0.437500
vt 0.281250 0.437500
vt 0.312500 0.437500
vt 0.343750 0.437500
vt 0.375000 0.437500
vt 0.406250 0.437500
vt 0.437500 0.437500
vt 0.468750 0.437500
vt 0.500000 0.437500
vt 0.531250 0.437500
vt 0.562500 0.437500
vt 0.593750 0.437500
vt 0.625000 0.437500
vt 0.656250 0.437500
vt 0.687500 0.437500
vt 0.718750 0.437500
vt 0.750000 0.437500
vt 0.781250 0.437500
vt 0.812500 0.437500
vt 0.843750 0.437500
vt 0.875000 0.437500
vt 0.906250 0.437500
vt 0.937500 0.437500
vt 0.968750 0.437500
vt 1.000000 0.437500
vt 0.000000 0.468750
vt 0.031250 0.468750
vt 0.062500 0.468750
vt 0.093750 0.468750
vt 0.125000 0.468750
vt 0.156250 0.468750
vt 0.187500 0.468750
vt 0.218750 0.468750
vt 0.250000 0.468750
vt 0.281250 0.468750
vt 0.312500 0.468750
vt 0.343750 0.468750
vt 0.375000 0.468750
vt 0.406250 0.468750
vt 0.437500 0.468750
vt 0.468750 0.468750
vt 0.500000 0.468750
vt 0.531250 0.468750
vt 0.562500 0.468750
vt 0.593750 0.468750
vt 0.625000 0.468750
vt 0.656250 0.468750
vt 0.687500 0.468750
vt 0.718750 0.468750
vt 0.750000 0.468750
vt 0.781250 0.468750
vt 0.812500 0.468750
vt 0.843750 0.468750
vt 0.875000 0.468750
vt 0.906250 0.468750
vt 0.937500 0.468750
vt 0.968750 0.468750
vt 1.000000 0.468750
vt 0.000000 0.500000
vt 0.031250 0.500000
vt 0.062500 0.500000
vt 0.093750 0.500000
vt 0.125000 0.500000
vt 0.156250 0.500000
vt 0.187500 0.500000
vt 0.218750 0.500000
vt 0.250000 0.500000
vt 0.281250 0.500000
vt 0.312500 0.500000
vt 0.343750 0.500000
vt 0.375000 0.500000
vt 0.406250 0.500000
vt 0.437500 0.500000
vt 0.468750 0.500000
vt 0.500000 0.500000
vt 0.531250 0.500000
vt 0.562500 0.500000
vt 0.593750 0.500000
vt 0.625000 0.500000
vt 0.656250 0.500000
vt 0.687500 0.500000
vt 0.718750 0.500000
vt 0.750000 0.500000
vt 0.781250 0.500000
vt 0.812500 0.500000
vt 0.843750 0.500000
vt 0.875000 0.500000
vt 0.906250 0.500000
vt 0.937500 0.500000
vt 0.968750 0.500000
vt 1.000000 0.500000
vt 0.000000 0.531250
vt 0.031250 0.531250
vt 0.062500 0.531250
vt 0.093750 0.531250
vt 0.125000 0.531250
vt 0.156250 0.531250
vt 0.187500 0.531250
vt 0.218750 0.531250
vt 0.250000 0.531250
vt 0.281250 0.531250
vt 0.312500 0.531250
vt 0.343750 0.531250
vt 0.375000 0.531250
vt 0.406250 0.531250
vt 0.437500 0.531250
vt 0.468750 0.531250
vt 0.500000 0.531250
vt 0.531250 0.531250
vt 0.562500 0.531250
vt 0.593750 0.531250
vt 0.625000 0.531250
vt 0.656250 0.531250
vt 0.687500 0.531250
vt 0.718750 0.531250
vt 0.750000 0.531250
vt 0.781250 0.531250
vt 0.812500 0.531250
vt 0.843750 0.531250
vt 0.875000 0.531250
vt 0.906250 0.531250
vt 0.937500 0.531250
vt 0.968750 0.531250
vt 1.000000 0.531250
vt 0.000000 0.562500
vt 0.031250 0.562500
vt 0.062500 0.562500
vt 0.093750 0.562500
vt 0.125000 0.562500
vt 0.156250 0.562500
vt 0.187500 0.562500
vt 0.218750 0.562500
vt 0.250000 0.562500
vt 0.281250 0.562500
vt 0.312500 0.562500
vt 0.343750 0.562500
vt 0.375000 0.562500
vt 0.406250 0.562500
vt 0.437500 0.562500
vt 0.468750 0.562500
vt 0.500000 0.562500
vt 0.531250 0.562500
vt 0.562500 0.562500
vt 0.593750 0.562500
vt 0.625000 0.562500
vt 0.656250 0.562500
vt 0.687500 0.562500
vt 0.718750 0.562500
vt 0.750000 0.562500
vt 0.781250 0.562500
vt 0.812500 0.562500
vt 0.843750 0.562500
vt 0.875000 0.562500
vt 0.906250 0.562500
vt 0.937500 0.562500
vt 0.968750 0.562500
vt 1.000000 0.562500
vt 0.000000 0.593750
vt 0.031250 0.593750
vt 0.062500 0.593750
vt 0.093750 0.593750
vt 0.125000 0.593750
vt 0.156250 0.593750
vt 0.187500 0.593750
vt 0.218750 0.593750
vt 0.250000 0.593750
vt 0.281250 0.593750
vt 0.312500 0.593750
vt 0.343750 0.593750
vt 0.375000 0.593750
vt 0.406250 0.593750
vt 0.437500 0.593750
vt 0.468750 0.593750
vt 0.500000 0.593750
vt 0.531250 0.593750
vt 0.562500 0.593750
vt 0.593750 0.593750
vt 0.625000 0.593750
vt 0.656250 0.593750
vt 0.687500 0.593750
vt 0.718750 0.593750
vt 0.750000 0.593750
vt 0.781250 0.593750
vt 0.812500 0.593750
vt 0.843750 0.593750
vt 0.875000 0.593750
vt 0.906250 0.593750
vt 0.937500 0.593750
vt 0.968750 0.593750
vt 1.000000 0.593750
vt 0.000000 0.625000
vt 0.031250 0.625000
vt 0.062500 0.625000
vt 0.093750 0.625000
vt 0.125000 0.625000
vt 0.156250 0.625000
vt 0.187500 0.625000
vt 0.218750 0.625000
vt 0.250000 0.625000
vt 0.281250 0.625000
vt 0.312500 0.625000
vt 0.343750 0.625000
vt 0.375000 0.625000
vt 0.406250 0.625000
vt 0.437500 0.625000
vt 0.468750 0.625000
vt 0.500000 0.625000
vt 0.531250 0.625000
vt 0.562500 0.625000
vt 0.593750 0.625000
vt 0.625000 0.625000
vt 0.656250 0.625000
vt 0.687500 0.625000
vt 0.718750 0.625000
vt 0.750000 0.625000
vt 0.781250 0.625000
vt 0.812500 0.625000
vt 0.843750 0.625000
vt 0.875000 0.625000
vt 0.906250 0.625000
vt 0.937500 0.625000
vt 0.968750 0.625000
vt 1.000000 0.625000
vt 0.000000 0.656250
vt 0.031250 0.656250
vt 0.062500 0.656250
vt 0.093750 0.656250
vt 0.125000 0.656250
vt 0.156250 0.656250
vt 0.187500 0.656250
vt 0.218750 0.656250
vt 0.250000 0.656250
vt 0.281250 0.656250
vt 0.312500 0.656250
vt 0.343750 0.656250
vt 0.375000 0.656250
vt 0.406250 0.656250
vt 0.437500 0.656250
vt 0.468750 0.656250
vt 0.500000 0.656250
vt 0.531250 0.656250
vt 0.562500 0.656250
vt 0.593750 0.656250
vt 0.625000 0.656250
vt 0.656250 0.656250
vt 0.687500 0.656250
vt 0.718750 0.656250
vt 0.750000 0.656250
vt 0.781250 0.656250
vt 0.812500 0.656250
vt 0.843750 0.656250
vt 0.875000 0.656250
vt 0.906250 0.656250
vt 0.937500 0.656250
vt 0.968750 0.656250
vt 1.000000 0.656250
vt 0.000000 0.687500
vt 0.031250 0.687500
vt 0.062500 0.687500
vt 0.093750 0.687500
vt 0.125000 0.687500
vt 0.156250 0.687500
vt 0.187500 0.687500
vt 0.218750 0.687500
vt 0.250000 0.687500
vt 0.281250 0.687500
vt 0.312500 0.687500
vt 0.343750 0.687500
vt 0.375000 0.687500
vt 0.406250 0.687500
vt 0.437500 0.687500
vt 0.468750 0.687500
vt 0.500000 0.687500
vt 0.531250 0.687500
vt 0.562500 0.687500
vt 0.593750 0.687500
vt 0.625000 0.687500
vt 0.656250 0.687500
vt 0.687500 0.687500
vt 0.718750 0.687500
vt 0.750000 0.687500
vt 0.781250 0.687500
vt 0.812500 0.687500
vt 0.843750 0.687500
vt 0.875000 0.687500
vt 0.906250 0.687500
vt 0.937500 0.687500
vt 0.968750 0.687500
vt 1.000000 0.687500
vt 0.000000 0.718750
vt 0.031250 0.718750
vt 0.062500 0.718750
vt 0.093750 0.718750
vt 0.125000 0.718750
vt 0.156250 0.718750
vt 0.187500 0.718750
vt 0.218750 0.718750
vt 0.250000 0.718750
vt 0.281250 0.718750
vt 0.312500 0.718750
vt 0.343750 0.718750
vt 0.375000 0.718750
vt 0.406250 0.718750
vt 0.437500 0.718750
vt 0.468750 0.718750
vt 0.500000 0.718750
vt 0.531250 0.718750
vt 0.562500 0.718750
vt 0.593750 0.718750
vt 0.625000 0.718750
vt 0.656250 0.718750
vt 0.687500 0.718750
vt 0.718750 0.718750
vt 0.750000 0.718750
vt 0.781250 0.718750
vt 0.812500 0.718750
vt 0.843750 0.718750
vt 0.875000 0.718750
vt 0.906250 0.718750
vt 0.937500 0.718750
vt 0.968750 0.718750
vt 1.000000 0.718750
vt 0.000000 0.750000
vt 0.031250 0.750000
vt 0.062500 0.750000
vt 0.093750 0.750000
vt 0.125000 0.750000
vt 0.156250 0.750000
vt 0.187500 0.750000
vt 0.218750 0.750000
vt 0.250000 0.750000
vt 0.281250 0.750000
vt 0.312500 0.750000
vt 0.343750 0.750000
vt 0.375000 0.750000
vt 0.406250 0.750000
vt 0.437500 0.750000
vt 0.468750 0.750000
vt 0.500000 0.750000
vt 0.531250 0.750000
vt 0.562500 0.750000
vt 0.593750 0.750000
vt 0.625000 0.750000
vt 0.656250 0.750000
vt 0.687500 0.750000
vt 0.718750 0.750000
vt 0.750000 0.750000
vt 0.781250 0.750000
vt 0.812500 0.750000
vt 0.843750 0.750000
vt 0.875000 0.750000
vt 0.906250 0.750000
vt 0.937500 0.750000
vt 0.968750 0.750000
vt 1.000000 0.750000
vt 0.000000 0.781250
vt 0.031250 0.781250
vt 0.062500 0.781250
vt 0.093750 0.781250
vt 0.125000 0.781250
vt 0.156250 0.781250
vt 0.187500 0.781250
vt 0.218750 0.781250
vt 0.250000 0.781250
vt 0.281250 0.781250
vt 0.312500 0.781250
vt 0.343750 0.781250
vt 0.375000 0.781250
vt 0.406250 0.781250
vt 0.437500 0.781250
vt 0.468750 0.781250
vt 0.500000 0.781250
vt 0.531250 0.781250
vt 0.562500 0.781250
vt 0.593750 0.781250
vt 0.625000 0.781250
vt 0.656250 0.781250
vt 0.687500 0.781250
vt 0.718750 0.781250
vt 0.750000 0.781250
vt 0.781250 0.781250
vt 0.812500 0.781250
vt 0.843750 0.781250
vt 0.875000 0.781250
vt 0.906250 0.781250
vt 0.937500 0.781250
vt 0.968750 0.781250
vt 1.000000 0.781250
vt 0.000000 0.812500
vt 0.031250 0.812500
vt 0.062500 0.812500
vt 0.093750 0.812500
vt 0.125000 0.812500
vt 0.156250 0.812500
vt 0.187500 0.812500
vt 0.218750 0.812500
vt 0.250000 0.812500
vt 0.281250 0.812500
vt 0.312500 0.812500
vt 0.343750 0.812500
vt 0.375000 0.812500
vt 0.406250 0.812500
vt 0.437500 0.812500
vt 0.468750 0.812500
vt 0.500000 0.812500
vt 0.531250 0.812500
vt 0.562500 0.812500
vt 0.593750 0.812500
vt 0.625000 0.812500
vt 0.656250 0.812500
vt 0.687500 0.812500
vt 0.718750 0.812500
vt 0.750000 0.812500
vt 0.781250 0.812500
vt 0.812500 0.812500
vt 0.843750 0.812500
vt 0.875000 0.812500
vt 0.906250 0.812500
vt 0.937500 0.812500
vt 0.968750 0.812500
vt 1.000000 0.812500
vt 0.000000 0.843750
vt 0.031250 0.843750
vt 0.062500 0.843750
vt 0.093750 0.843750
vt 0.125000 0.843750
vt 0.156250 0.843750
vt 0.187500 0.843750
vt 0.218750 0.843750
vt 0.250000 0.843750
vt 0.281250 0.843750
vt 0.312500 0.843750
vt 0.343750 0.843750
vt 0.375000 0.843750
vt 0.406250 0.843750
vt 0.437500 0.843750
vt 0.468750 0.843750
vt 0.500000 0.843750
vt 0.531250 0.843750
vt 0.562500 0.843750
vt 0.593750 0.843750
vt 0.625000 0.843750
vt 0.656250 0.843750
vt 0.687500 0.843750
vt 0.718750 0.843750
vt 0.750000 0.843750
vt 0.781250 0.843750
vt 0.812500 0.843750
vt 0.843750 0.843750
vt 0.875000 0.843750
vt 0.906250 0.843750
vt 0.937500 0.843750
vt 0.968750 0.843750
vt 1.000000 0.843750
vt 0.000000 0.875000
vt 0.031250 0.875000
vt 0.062500 0.875000
vt 0.093750 0.875000
vt 0.125000 0.875000
vt 0.156250 0.875000
vt 0.187500 0.875000
vt 0.218750 0.875000
vt 0.250000 0.875000
vt 0.281250 0.875000
vt 0.312500 0.875000
vt 0.343750 0.875000
vt 0.375000 0.875000
vt 0.406250 0.875000
vt 0.437500 0.875000
vt 0.468750 0.875000
vt 0.500000 0.875000
vt 0.531250 0.875000
vt 0.562500 0.875000
vt 0.593750 0.875000
vt 0.625000 0.875000
vt 0.656250 0.875000
vt 0.687500 0.875000
vt 0.718750 0.875000
vt 0.750000 0.875000
vt 0.781250 0.875000
vt 0.812500 0.875000
vt 0.843750 0.875000
vt 0.875000 0.875000
vt 0.906250 0.875000
vt 0.937500 0.875000
vt 0.968750 0.875000
vt 1.000000 0.875000
vt 0.000000 0.906250
vt 0.031250 0.906250
vt 0.062500 0.906250
vt 0.093750 0.906250
vt 0.125000 0.906250
vt 0.156250 0.906250
vt 0.187500 0.906250
vt 0.218750 0.906250
vt 0.250000 0.906250
vt 0.281250 0.906250
vt 0.312500 0.906250
vt 0.343750 0.906250
vt 0.375000 0.906250
vt 0.406250 0.906250
vt 0.437500 0.906250
vt 0.468750 0.906250
vt 0.500000 0.906250
vt 0.531250 0.906250
vt 0.562500 0.906250
vt 0.593750 0.906250
vt 0.625000 0.906250
vt 0.656250 0.906250
vt 0.687500 0.906250
vt 0.718750 0.906250
vt 0.750000 0.906250
vt 0.781250 0.906250
vt 0.812500 0.906250
vt 0.843750 0.906250
vt 0.875000 0.906250
vt 0.906250 0.906250
vt 0.937500 0.906250
vt 0.968750 0.906250
vt 1.000000 0.906250
vt 0.000000 0.937500
vt 0.031250 0.937500
vt 0.062500 0.937500
vt 0.093750 0.937500
vt 0.125000 0.937500
vt 0.156250 0.937500
vt 0.187500 0.937500
vt 0.218750 0.937500
vt 0.250000 0.937500
vt 0.281250 0.937500
vt 0.312500 0.937500
vt 0.343750 0.937500
vt 0.375000 0.937500
vt 0.406250 0.937500
vt 0.437500 0.937500
vt 0.468750 0.937500
vt 0.500000 0.937500
vt 0.531250 0.937500
vt 0.562500 0.937500
vt 0.593750 0.937500
vt 0.625000 0.937500
vt 0.656250 0.937500
vt 0.687500 0.937500
vt 0.718750 0.937500
vt 0.750000 0.937500
vt 0.781250 0.937500
vt 0.812500 0.937500
vt 0.843750 0.937500
vt 0.875000 0.937500
vt 0.906250 0.937500
vt 0.937500 0.937500
vt 0.968750 0.937500
vt 1.000000 0.937500
vt 0.000000 0.968750
vt 0.031250 0.968750
vt 0.062500 0.968750
vt 0.093750 0.968750
vt 0.125000 0.968750
vt 0.156250 0.968750
vt 0.187500 0.968750
vt 0.218750 0.968750
vt 0.250000 0.968750
vt 0.281250 0.968750
vt 0.312500 0.968750
vt 0.343750 0.968750
vt 0.375000 0.968750
vt 0.406250 0.968750
vt 0.437500 0.968750
vt 0.468750 0.968750
vt 0.500000 0.968750
vt 0.531250 0.968750
vt 0.562500 0.968750
vt 0.593750 0.968750
vt 0.625000 0.968750
vt 0.656250 0.968750
vt 0.687500 0.968750
vt 0.718750 0.968750
vt 0.750000 0.968750
vt 0.781250 0.968750
vt 0.812500 0.968750
vt 0.843750 0.968750
vt 0.875000 0.968750
vt 0.906250 0.968750
vt 0.937500 0.968750
vt 0.968750 0.968750
vt 1.000000 0.968750
vt 0.000000 1.000000
vt 0.031250 1.000000
vt 0.062500 1.000000
vt 0.093750 1.000000
vt 0.125000 1.000000
vt 0.156250 1.000000
vt 0.187500 1.000000
vt 0.218750 1.000000
vt 0.250000 1.000000
vt 0.281250 1.000000
vt 0.312500 1.000000
vt 0.343750 1.000000
vt 0.375000 1.000000
vt 0.406250 1.000000
vt 0.437500 1.000000
vt 0.468750 1.000000
vt 0.500000 1.000000
vt 0.531250 1.000000
vt 0.562500 1.000000
vt 0.593750 1.000000
vt 0.625000 1.000000
vt 0.656250 1.000000
vt 0.687500 1.000000
vt 0.718750 1.000000
vt 0.750000 1.000000
vt 0.781250 1.000000
vt 0.812500 1.000000
vt 0.843750 1.000000
vt 0.875000 1.000000
vt 0.906250 1.000000
vt 0.937500 1.000000
vt 0.968750 1.000000
vt 1.000000 1.000000
f 1/1 2/2 34/34
f 34/34 2/2 35/35
f 2/2 3/3 35/35
f 35/35 3/3 36/36
f 3/3 4/4 36/36
f 36/36 4/4 37/37
f 4/4 5/5 37/37
f 37/37 5/5 38/38
f 5/5 6/6 38/38
f 38/38 6/6 39/39
f 6/6 7/7 39/39
f 39/39 7/7 40/40
f 7/7 8/8 40/40
f 40/40 8/8 41/41
f 8/8 9/9 41/41
f 41/41 9/9 42/42
f 9/9 10/10 42/42
f 42/42 10/10 43/43
f 10/10 11/11 43/43
f 43/43 11/11 44/44
f 11/11 12/12 44/44
f 44/44 12/12 45/45
f 12/12 13/13 45/45
f 45/45 13/13 46/46
f 13/13 14/14 46/46
f 46/46 14/14 47/47
f 14/14 15/15 47/47
f 47/47 15/15 48/48
f 15/15 16/16 48/48
f 48/48 16/16 49/49
f 16/16 17/17 49/49
f 49/49 17/17 50/50
f 17/17 18/18 50/50
f 50/50 18/18 51/51
f 18/18 19/19 51/51
f 51/51 19/19 52/52
f 19/19 20/20 52/52
f 52/52 20/20 53/53
f 20/20 21/21 53/53
f 53/53 21/21 54/54
f 21/21 22/22 54/54
f 54/54 22/22 55/55
f 22/22 23/23 55/55
f 55/55 23/23 56/56
f 23/23 24/24 56/56
f 56/56 24/24 57/57
f 24/24 25/25 57/57
f 57/57 25/25 58/58
f 25/25 26/26 58/58
f 58/58 26/26 59/59
f 26/26 27/27 59/59
f 59/59 27/27 60/60
f 27/27 28/28 60/60
f 60/60 28/28 61/61
f 28/28 29/29 61/61
f 61/61 29/29 62/62
f 29/29 30/30 62/62
f 62/62 30/30 63/63
f 30/30 31/31 63/63
f 63/63 31/31 64/64
f 31/31 32/32 64/64
f 64/64 32/32 65/65
f 32/32 33/33 65/65
f 65/65 33/33 66/66
f 34/34 35/35 67/67
f 67/67 35/35 68/68
f 35/35 36/36 68/68
f 68/68 36/36 69/69
f 36/36 37/37 69/69
f 69/69 37/37 70/70
f 37/37 38/38 70/70
f 70/70 38/38 71/71
f 38/38 39/39 71/71
f 71/71 39/39 72/72
f 39/39 40/40 72/72
f 72/72 40/40 73/73
f 40/40 41/41 73/73
f 73/73 41/41 74/74
f 41/41 42/42 74/74
f 74/74 42/42 75/75
f 42/42 43/43 75/75
f 75/75 43/43 76/76
f 43/43 44/44 76/76
f 76/76 44/44 77/77
f 44/44 45/45 77/77
f 77/77 45/45 78/78
f 45/45 46/46 78/78
f 78/78 46/46 79/79
f 46/46 47/47 79/79
f 79/79 47/47 80/80
f 47/47 48/48 80/80
f 80/80 48/48 81/81
f 48/48 49/49 81/81
f 81/81 49/49 82/82
f 49/49 50/50 82/82
f 82/82 50/50 83/83
f 50/50 51/51 83/83
f 83/83 51/51 84/84
f 51/51 52/52 84/84
f 84/84 52/52 85/85
f 52/52 53/53 85/85
f 85/85 53/53 86/86
f 53/53 54/54 86/86
f 86/86 54/54 87/87
f 54/54 55/55 87/87
f 87/87 55/55 88/88
f 55/55 56/56 88/88
f 88/88 56/56 89/89
f 56/56 57/57 89/89
f 89/89 57/57 90/90
f 57/57 58/58 90/90
f 90/90 58/58 91/91
f 58/58 59/59 91/91
f 91/91 59/59 92/92
f 59/59 60/60 92/92
f 92/92 60/60 93/93
f 60/60 61/61 93/93
f 93/93 61/61 94/94
f 61/61 62/62 94/94
f 94/94 62/62 95/95
f 62/62 63/63 95/95
f 95/95 63/63 96/96
f 63/63 64/64 96/96
f 96/96 64/64 97/97
f 64/64 65/65 97/97
f 97/97 65/65 98/98
f 65/65 66/66 98/98
f 98/98 66/66 99/99
f 67/67 68/68 100/100
f 100/100 68/68 101/101
f 68/68 69/69 101/101
f 101/101 69/69 102/102
f 69/69 70/70 102/102
f 102/102 70/70 103/103
f 70/70 71/71 103/103
f 103/103 71/71 104/104
f 71/71 72/72 104/104
f 104/104 72/72 105/105
f 72/72 73/73 105/105
f 105/105 73/73 106/106
f 73/73 74/74 106/106
f 106/106 74/74 107/107
f 74/74 75/75 107/107
f 107/107 75/75 108/108
f 75/75 76/76 108/108
f 108/108 76/76 109/109
f 76/76 77/77 109/109
f 109/109 77/77 110/110
f 77/77 78/78 110/110
f 110/110 78/78 111/111
f 78/78 79/79 111/111
f 111/111 79/79 112/112
f 79/79 80/80 112/112
f 112/112 80/80 113/113
f 80/80 81/81 113/113
f 113/113 81/81 114/114
f 81/81 82/82 114/114
f 114/114 82/82 115/115
f 82/82 83/83 115/115
f 115/115 83/83 116/116
f 83/83 84/84 116/116
f 116/116 84/84 117/117
f 84/84 85/85 117/117
f 117/117 85/85 118/118
f 85/85 86/86 118/118
f 118/118 86/86 119/119
f 86/86 87/87 119/119
f 119/119 87/87 120/120
f 87/87 88/88 120/120
f 120/120 88/88 121/121
f 88/88 89/89 121/121
f 121/121 89/89 122/122
f 89/89 90/90 122/122
f 122/122 90/90 123/123
f 90/90 91/91 123/123
f 123/123 91/91 124/124
f 91/91 92/92 124/124
f 124/124 92/92 125/125
f 92/92 93/93 125/125
f 125/125 93/93 126/126
f 93/93 94/94 126/126
f 126/126 94/94 127/127
f 94/94 95/95 127/127
f 127/127 95/95 128/128
f 95/95 96/96 128/128
f 128/128 96/96 129/129
f 96/96 97/97 129/129
f 129/129 97/97 130/130
f 97/97 98/98 130/130
f 130/130 98/98 131/131
f 98/98 99/99 131/131
f 131/131 99/99 132/132
f 100/100 101/101 133/133
f 133/133 101/101 134/134
f 101/101 102/102 134/134
f 134/134 102/102 135/135
f 102/102 103/103 135/135
f 135/135 103/103 136/136
f 103/103 104/104 136/136
f 136/136 104/104 137/137
f 104/104 105/105 137/137
f 137/137 105/105 138/138
f 105/105 106/106 138/138
f 138/138 106/106 139/139
f 106/106 107/107 139/139
f 139/139 107/107 140/140
f 107/107 108/108 140/140
f 140/140 108/108 141/141
f 108/108 109/109 141/141
f 141/141 109/109 142/142
f 109/109 110/110 142/142
f 142/142 110/110 143/143
f 110/110 111/111 143/143
f 143/143 111/111 144/144
f 111/111 112/112 144/144
f 144/144 112/112 145/145
f 112/112 113/113 145/145
f 145/145 113/113 146/146
f 113/113 114/114 146/146
f 146/146 114/114 147/147
f 114/114 115/115 147/147
f 147/147 115/115 148/148
f 115/115 116/116 148/148
f 148/148 116/116 149/149
f 116/116 117/117 149/149
f 149/149 117/117 150/150
f 117/117 118/118 150/150
f 150/150 118/118 151/151
f 118/118 119/119 151/151
f 151/151 119/119 152/152
f 119/119 120/120 152/152
f 152/152 120/120 153/153
f 120/120 121/121 153/153
f 153/153 121/121 154/154
f 121/121 122/122 154/154
f 154/154 122/122 155/155
f 122/122 123/123 155/155
f 155/155 123/123 156/156
f 123/123 124/124 156/156
f 156/156 124/124 157/157
f 124/124 125/125 157/157
f 157/157 125/125 158/158
f 125/125 126/126 158/158
f 158/158 126/126 159/159
f 126/126 127/127 159/159
f 159/159 127/127 160/160
f 127/127 128/128 160/160
f 160/160 128/128 161/161
f 128/128 129/129 161/161
f 161/161 129/129 162/162
f 129/129 130/130 162/162
f 162/162 130/130 163/163
f 130/130 131/131 163/163
f 163/163 131/131 164/164
f 131/131 132/132 164/164
f 164/164 132/132 165/165
f 133/133 134/134 166/166
f 166/166 134/134 167/167
f 134/134 135/135 167/167
f 167/167 135/135 168/168
f 135/135 136/136 168/168
f 168/168 136/136 169/169
f 136/136 137/137 169/169
f 169/169 137/137 170/170
f 137/137 138/138 170/170
f 170/170 138/138 171/171
f 138/138 139/139 171/171
f 171/171 139/139 172/172
f 139/139 140/140 172/172
f 172/172 140/140 173/173
f 140/140 141/141 173/173
f 173/173 141/141 174/174
f 141/141 142/142 174/174
f 174/174 142/142 175/175
f 142/142 143/143 175/175
f 175/175 143/143 176/176
f 143/143 144/144 176/176
f 176/176 144/144 177/177
f 144/144 145/145 177/177
f 177/177 145/145 178/178
f 145/145 146/146 178/178
f 178/178 146/146 179/179
f 146/146 147/147 179/179
f 179/179 147/147 180/180
f 147/147 148/148 180/180
f 180/180 148/148 181/181
f 148/148 149/149 181/181
f 181/181 149/149 182/182
f 149/149 150/150 182/182
f 182/182 150/150 183/183
f 150/150 151/151 183/183
f 183/183 151/151 184/184
f 151/151 152/152 184/184
f 184/184 152/152 185/185
f 152/152 153/153 185/185
f 185/185 153/153 186/186
f 153/153 154/154 186/186
f 186/186 154/154 187/187
f 154/154 155/155 187/187
f 187/187 155/155 188/188
f 155/155 156/156 188/188
f 188/188 156/156 189/189
f 156/156 157/157 189/189
f 189/189 157/157 190/190
f 157/157 158/158 190/190
f 190/190 158/158 191/191
f 158/158 159/159 191/191
f 191/191 159/159 192/192
f 159/159 160/160 192/192
f 192/192 160/160 193/193
f 160/160 161/161 193/193
f 193/193 161/161 194/194
f 161/161 162/162 194/194
f 194/194 162/162 195/195
f 162/162 163/163 195/195
f 195/195 163/163 196/196
f 163/163 164/164 196/196
f 196/196 164/164 197/197
f 164/164 165/165 197/197
f 197/197 165/165 198/198
f 166/166 167/167 199/199
f 199/199 167/167 200/200
f 167/167 168/168 200/200
f 200/200 168/168 201/201
f 168/168 169/169 201/201
f 201/201 169/169 202/202
f 169/169 170/170 202/202
f 202/202 170/170 203/203
f 170/170 171/171 203/203
f 203/203 171/171 204/204
f 171/171 172/172 204/204
f 204/204 172/172 205/205
f 172/172 173/173 205/205
f 205/205 173/173 206/206
f 173/173 174/174 206/206
f 206/206 174/174 207/207
f 174/174 175/175 207/207
f 207/207 175/175 208/208
f 175/175 176/176 208/208
f 208/208 176/176 209/209
f 176/176 177/177 209/209
f 209/209 177/177 210/210
f 177/177 178/178 210/210
f 210/210 178/178 211/211
f 178/178 179/179 211/211
f 211/211 179/179 212/212
f 179/179 180/180 212/212
f 212/212 180/180 213/213
f 180/180 181/181 213/213
f 213/213 181/181 214/214
f 181/181 182/182 214/214
f 214/214 182/182 215/215
f 182/182 183/183 215/215
f 215/215 183/183 216/216
f 183/183 184/184 216/216
f 216/216 184/184 217/217
f 184/184 185/185 217/217
f 217/217 185/185 218/218
f 185/185 186/186 218/218
f 218/218 186/186 219/219
f 186/186 187/187 219/219
f 219/219 187/187 220/220
f 187/187 188/188 220/220
f 220/220 188/188 221/221
f 188/188 189/189 221/221
f 221/221 189/189 222/222
f 189/189 190/190 222/222
f 222/222 190/190 223/223
f 190/190 191/191 223/223
f 223/223 191/191 224/224
f 191/191 192/192 224/224
f 224/224 192/192 225/225
f 192/192 193/193 225/225
f 225/225 193/193 226/226
f 193/193 194/194 226/226
f 226/226 194/194 227/227
f 194/194 195/195 227/227
f 227/227 195/195 228/228
f 195/195 196/196 228/228
f 228/228 196/196 229/229
f 196/196 197/197 229/229
f 229/229 197/197 230/230
f 197/197 198/198 230/230
f 230/230 198/198 231/231
f 199/199 200/200 232/232
f 232/232 200/200 233/233
f 200/200 201/201 233/233
f 233/233 201/201 234/234
f 201/201 202/202 234/234
f 234/234 202/202 235/235
f 202/202 203/203 235/235
f 235/235 203/203 236/236
f 203/203 204/204 236/236
f 236/236 204/204 237/237
f 204/204 205/205 237/237
f 237/237 205/205 238/238
f 205/205 206/206 238/238
f 238/238 206/206 239/239
f 206/206 207/207 239/239
f 239/239 207/207 240/240
f 207/207 208/208 240/240
f 240/240 208/208 241/241
f 208/208 209/209 241/241
f 241/241 209/209 242/242
f 209/209 210/210 242/242
f 242/242 210/210 243/243
f 210/210 211/211 243/243
f 243/243 211/211 244/244
f 211/211 212/212 244/244
f 244/244 212/212 245/245
f 212/212 213/213 245/245
f 245/245 213/213 246/246
f 213/213 214/214 246/246
f 246/246 214/214 247/247
f 214/214 215/215 247/247
f 247/247 215/215 248/248
f 215/215 216/216 248/248
f 248/248 216/216 249/249
f 216/216 217/217 249/249
f 249/249 217/217 250/250
f 217/217 218/218 250/250
f 250/250 218/218 251/251
f 218/218 219/219 251/251
f 251/251 219/219 252/252
f 219/219 220/220 252/252
f 252/252 220/220 253/253
f 220/220 221/221 253/253
f 253/253 221/221 254/254
f 221/221 222/222 254/254
f 254/254 222/222 255/255
f 222/222 223/223 255/255
f 255/255 223/223 256/256
f 223/223 224/224 256/256
f 256/256 224/224 257/257
f 224/224 225/225 257/257
f 257/257 225/225 258/258
f 225/225 226/226 258/258
f 258/258 226/226 259/259
f 226/226 227/227 259/259
f 259/259 227/227 260/260
f 227/227 228/228 260/260
f 260/260 228/228 261/261
f 228/228 229/229 261/261
f 261/261 229/229 262/262
f 229/229 230/230 262/262
f 262/262 230/230 263/263
f 230/230 231/231 263/263
f 263/263 231/231 264/264
f 232/232 233/233 265/265
f 265/265 233/233 266/266
f 233/233 234/234 266/266
f 266/266 234/234 267/267
f 234/234 235/235 267/267
f 267/267 235/235 268/268
f 235/235 236/236 268/268
f 268/268 236/236 269/269
f 236/236 237/237 269/269
f 269/269 237/237 270/270
f 237/237 238/238 270/270
f 270/270 238/238 271/271
f 238/238 239/239 271/271
f 271/271 239/239 272/272
f 239/239 240/240 272/272
f 272/272 240/240 273/273
f 240/240 241/241 273/273
f 273/273 241/241 274/274
f 241/241 242/242 274/274
f 274/274 242/242 275/275
f 242/242 243/243 275/275
f 275/275 243/243 276/276
f 243/243 244/244 276/276
f 276/276 244/244 277/277
f 244/244 245/245 277/277
f 277/277 245/245 278/278
f 245/245 246/246 278/278
f 278/278 246/246 279/279
f 246/246 247/247 279/279
f 279/279 247/247 280/280
f 247/247 248/248 280/280
f 280/280 248/248 281/281
f 248/248 249/249 281/281
f 281/281 249/249 282/282
f 249/249 250/250 282/282
f 282/282 250/250 283/283
f 250/250 251/251 283/283
f 283/283 251/251 284/284
f 251/251 252/252 284/284
f 284/284 252/252 285/285
f 252/252 253/253 285/285
f 285/285 253/253 286/286
f 253/253 254/254 286/286
f 286/286 254/254 287/287
f 254/254 255/255 287/287
f 287/287 255/255 288/288
f 255/255 256/256 288/288
f 288/288 256/256 289/289
f 256/256 257/257 289/289
f 289/289 257/257 290/290
f 257/257 258/258 290/290
f 290/290 258/258 291/291
f 258/258 259/259 291/291
f 291/291 259/259 292/292
f 259/259 260/260 292/292
f 292/292 260/260 293/293
f 260/260 261/261 293/293
f 293/293 261/261 294/294
f 261/261 262/262 294/294
f 294/294 262/262 295/295
f 262/262 263/263 295/295
f 295/295 263/263 296/296
f 263/263 264/264 296/296
f 296/296 264/264 297/297
f 265/265 266/266 298/298
f 298/298 266/266 299/299
f 266/266 267/267 299/299
f 299/299 267/267 300/300
f 267/267 268/268 300/300
f 300/300 268/268 301/301
f 268/268 269/269 301/301
f 301/301 269/269 302/302
f 269/269 270/270 302/302
f 302/302 270/270 303/303
f 270/270 271/271 303/303
f 303/303 271/271 304/304
f 271/271 272/272 304/304
f 304/304 272/272 305/305
f 272/272 273/273 305/305
f 305/305 273/273 306/306
f 273/273 274/274 306/306
f 306/306 274/274 307/307
f 274/274 275/275 307/307
f 307/307 275/275 308/308
f 275/275 276/276 308/308
f 308/308 276/276 309/309
f 276/276 277/277 309/309
f 309/309 277/277 310/310
f 277/277 278/278 310/310
f 310/310 278/278 311/311
f 278/278 279/279 311/311
f 311/311 279/279 312/312
f 279/279 280/280 312/312
f 312/312 280/280 313/313
f 280/280 281/281 313/313
f 313/313 281/281 314/314
f 281/281 282/282 314/314
f 314/314 282/282 315/315
f 282/282 283/283 315/315
f 315/315 283/283 316/316
f 283/283 284/284 316/316
f 316/316 284/284 317/317
f 284/284 285/285 317/317
f 317/317 285/285 318/318
f 285/285 286/286 318/318
f 318/318 286/286 319/319
f 286/286 287/287 319/319
f 319/319 287/287 320/320
f 287/287 288/288 320/320
f 320/320 288/288 321/321
f 288/288 289/289 321/321
f 321/321 289/289 322/322
f 289/289 290/290 322/322
f 322/322 290/290 323/323
f 290/290 291/291 323/323
f 323/323 291/291 324/324
f 291/291 292/292 324/324
f 324/324 292/292 325/325
f 292/292 293/293 325/325
f 325/325 293/293 326/326
f 293/293 294/294 326/326
f 326/326 294/294 327/327
f 294/294 295/295 327/327
f 327/327 295/295 328/328
f 295/295 296/296 328/328
f 328/328 296/296 329/329
f 296/296 297/297 329/329
f 329/329 297/297 330/330
f 298/298 299/299 331/331
f 331/331 299/299 332/332
f 299/299 300/300 332/332
f 332/332 300/300 333/333
f 300/300 301/301 333/333
f 333/333 301/301 334/334
f 301/301 302/302 334/334
f 334/334 302/302 335/335
f 302/302 303/303 335/335
f 335/335 303/303 336/336
f 303/303 304/304 336/336
f 336/336 304/304 337/337
f 304/304 305/305 337/337
f 337/337 305/305 338/338
f 305/305 306/306 338/338
f 338/338 306/306 339/339
f 306/306 307/307 339/339
f 339/339 307/307 340/340
f 307/307 308/308 340/340
f 340/340 308/308 341/341
f 308/308 309/309 341/341
f 341/341 309/309 342/342
f 309/309 310/310 342/342
f 342/342 310/310 343/343
f 310/310 311/311 343/343
f 343/343 311/311 344/344
f 311/311 312/312 344/344
f 344/344 312/312 345/345
f 312/312 313/313 345/345
f 345/345 313/313 346/346
f 313/313 314/314 346/346
f 346/346 314/314 347/347
f 314/314 315/315 347/347
f 347/347 315/315 348/348
f 315/315 316/316 348/348
f 348/348 316/316 349/349
f 316/316 317/317 349/349
f 349/349 317/317 350/350
f 317/317 318/318 350/350
f 350/350 318/318 351/351
f 318/318 319/319 351/351
f 351/351 319/319 352/352
f 319/319 320/320 352/352
f 352/352 320/320 353/353
f 320/320 321/321 353/353
f 353/353 321/321 354/354
f 321/321 322/322 354/354
f 354/354 322/322 355/355
f 322/322 323/323 355/355
f 355/355 323/323 356/356
f 323/323 324/324 356/356
f 356/356 324/324 357/357
f 324/324 325/325 357/357
f 357/357 325/325 358/358
f 325/325 326/326 358/358
f 358/358 326/326 359/359
f 326/326 327/327 359/359
f 359/359 327/327 360/360
f 327/327 328/328 360/360
f 360/360 328/328 361/361
f 328/328 329/329 361/361
f 361/361 329/329 362/362
f 329/329 330/330 362/362
f 362/362 330/330 363/363
f 331/331 332/332 364/364
f 364/364 332/332 365/365
f 332/332 333/333 365/365
f 365/365 333/333 366/366
f 333/333 334/334 366/366
f 366/366 334/334 367/367
f 334/334 335/335 367/367
f 367/367 335/335 368/368
f 335/335 336/336 368/368
f 368/368 336/336 369/369
f 336/336 337/337 369/369
f 369/369 337/337 370/370
f 337/337 338/338 370/370
f 370/370 338/338 371/371
f 338/338 339/339 371/371
f 371/371 339/339 372/372
f 339/339 340/340 372/372
f 372/372 340/340 373/373
f 340/340 341/341 373/373
f 373/373 341/341 374/374
f 341/341 342/342 374/374
f 374/374 342/342 375/375
f 342/342 343/343 375/375
f 375/375 343/343 376/376
f 343/343 344/344 376/376
f 376/376 344/344 377/377
f 344/344 345/345 377/377
f 377/377 345/345 378/378
f 345/345 346/346 378/378
f 378/378 346/346 379/379
f 346/346 347/347 379/379
f 379/379 347/347 380/380
f 347/347 348/348 380/380
f 380/380 348/348 381/381
f 348/348 349/349 381/381
f 381/381 349/349 382/382
f 349/349 350/350 382/382
f 382/382 350/350 383/383
f 350/350 351/351 383/383
f 383/383 351/351 384/384
f 351/351 352/352 384/384
f 384/384 352/352 385/385
f 352/352 353/353 385/385
f 385/385 353/353 386/386
f 353/353 354/354 386/386
f 386/386 354/354 387/387
f 354/354 355/355 387/387
f 387/387 355/355 388/388
f 355/355 356/356 388/388
f 388/388 356/356 389/389
f 356/356 357/357 389/389
f 389/389 357/357 390/390
f 357/357 358/358 390/390
f 390/390 358/358 391/391
f 358/358 359/359 391/391
f 391/391 359/359 392/392
f 359/359 360/360 392/392
f 392/392 360/360 393/393
f 360/360 361/361 393/393
f 393/393 361/361 394/394
f 361/361 362/362 394/394
f 394/394 362/362 395/395
f 362/362 363/363 395/395
f 395/395 363/363 396/396
f 364/364 365/365 397/397
f 397/397 365/365 398/398
f 365/365 366/366 398/398
f 398/398 366/366 399/399
f 366/366 367/367 399/399
f 399/399 367/367 400/400
f 367/367 368/368 400/400
f 400/400 368/368 401/401
f 368/368 369/369 401/401
f 401/401 369/369 402/402
f 369/369 370/370 402/402
f 402/402 370/370 403/403
f 370/370 371/371 403/403
f 403/403 371/371 404/404
f 371/371 372/372 404/404
f 404/404 372/372 405/405
f 372/372 373/373 405/405
f 405/405 373/373 406/406
f 373/373 374/374 406/406
f 406/406 374/374 407/407
f 374/374 375/375 407/407
f 407/407 375/375 408/408
f 375/375 376/376 408/408
f 408/408 376/376 409/409
f 376/376 377/377 409/409
f 409/409 377/377 410/410
f 377/377 378/378 410/410
f 410/410 378/378 411/411
f 378/378 379/379 411/411
f 411/411 379/379 412/412
f 379/379 380/380 412/412
f 412/412 380/380 413/413
f 380/380 381/381 413/413
f 413/413 381/381 414/414
f 381/381 382/382 414/414
f 414/414 382/382 415/415
f 382/382 383/383 415/415
f 415/415 383/383 416/416
f 383/383 384/384 416/416
f 416/416 384/384 417/417
f 384/384 385/385 417/417
f 417/417 385/385 418/418
f 385/385 386/386 418/418
f 418/418 386/386 419/419
f 386/386 387/387 419/419
f 419/419 387/387 420/420
f 387/387 388/388 420/420
f 420/420 388/388 421/421
f 388/388 389/389 421/421
f 421/421 389/389 422/422
f 389/389 390/390 422/422
f 422/422 390/390 423/423
f 390/390 391/391 423/423
f 423/423 391/391 424/424
f 391/391 392/392 424/424
f 424/424 392/392 425/425
f 392/392 393/393 425/425
f 425/425 393/393 426/426
f 393/393 394/394 426/426
f 426/426 394/394 427/427
f 394/394 395/395 427/427
f 427/427 395/395 428/428
f 395/395 396/396 428/428
f 428/428 396/396 429/429
f 397/397 398/398 430/430
f 430/430 398/398 431/431
f 398/398 399/399 431/431
f 431/431 399/399 432/432
f 399/399 400/400 432/432
f 432/432 400/400 433/433
f 400/400 401/401 433/433
f 433/433 401/401 434/434
f 401/401 402/402 434/434
f 434/434 402/402 435/435
f 402/402 403/403 435/435
f 435/435 403/403 436/436
f 403/403 404/404 436/436
f 436/436 404/404 437/437
f 404/404 405/405 437/437
f 437/437 405/405 438/438
f 405/405 406/406 438/438
f 438/438 406/406 439/439
f 406/406 407/407 439/439
f 439/439 407/407 440/440
f 407/407 408/408 440/440
f 440/440 408/408 441/441
f 408/408 409/409 441/441
f 441/441 409/409 442/442
f 409/409 410/410 442/442
f 442/442 410/410 443/443
f 410/410 411/411 443/443
f 443/443 411/411 444/444
f 411/411 412/412 444/444
f 444/444 412/412 445/445
f 412/412 413/413 445/445
f 445/445 413/413 446/446
f 413/413 414/414 446/446
f 446/446 414/414 447/447
f 414/414 415/415 447/447
f 447/447 415/415 448/448
f 415/415 416/416 448/448
f 448/448 416/416 449/449
f 416/416 417/417 449/449
f 449/449 417/417 450/450
f 417/417 418/418 450/450
f 450/450 418/418 451/451
f 418/418 419/419 451/451
f 451/451 419/419 452/452
f 419/419 420/420 452/452
f 452/452 420/420 453/453
f 420/420 421/421 453/453
f 453/453 421/421 454/454
f 421/421 422/422 454/454
f 454/454 422/422 455/455
f 422/422 423/423 455/455
f 455/455 423/423 456/456
f 423/423 424/424 456/456
f 456/456 424/424 457/457
f 424/424 425/425 457/457
f 457/457 425/425 458/458
f 425/425 426/426 458/458
f 458/458 426/426 459/459
f 426/426 427/427 459/459
f 459/459 427/427 460/460
f 427/427 428/428 460/460
f 460/460 428/428 461/461
f 428/428 429/429 461/461
f 461/461 429/429 462/462
f 430/430 431/431 463/463
f 463/463 431/431 464/464
f 431/431 432/432 464/464
f 464/464 432/432 465/465
f 432/432 433/433 465/465
f 465/465 433/433 466/466
f 433/433 434/434 466/466
f 466/466 434/434 467/467
f 434/434 435/435 467/467
f 467/467 435/435 468/468
f 435/435 436/436 468/468
f 468/468 436/436 469/469
f 436/436 437/437 469/469
f 469/469 437/437 470/470
f 437/437 438/438 470/470
f 470/470 438/438 471/471
f 438/438 439/439 471/471
f 471/471 439/439 472/472
f 439/439 440/440 472/472
f 472/472 440/440 473/473
f 440/440 441/441 473/473
f 473/473 441/441 474/474
f 441/441 442/442 474/474
f 474/474 442/442 475/475
f 442/442 443/443 475/475
f 475/475 443/443 476/476
f 443/443 444/444 476/476
f 476/476 444/444 477/477
f 444/444 445/445 477/477
f 477/477 445/445 478/478
f 445/445 446/446 478/478
f 478/478 446/446 479/479
f 446/446 447/447 479/479
f 479/479 447/447 480/480
f 447/447 448/448 480/480
f 480/480 448/448 481/481
f 448/448 449/449 481/481
f 481/481 449/449 482/482
f 449/449 450/450 482/482
f 482/482 450/450 483/483
f 450/450 451/451 483/483
f 483/483 451/451 484/484
f 451/451 452/452 484/484
f 484/484 452/452 485/485
f 452/452 453/453 485/485
f 485/485 453/453 486/486
f 453/453 454/454 486/486
f 486/486 454/454 487/487
f 454/454 455/455 487/487
f 487/487 455/455 488/488
f 455/455 456/456 488/488
f 488/488 456/456 489/489
f 456/456 457/457 489/489
f 489/489 457/457 490/490
f 457/457 458/458 490/490
f 490/490 458/458 491/491
f 458/458 459/459 491/491
f 491/491 459/459 492/492
f 459/459 460/460 492/492
f 492/492 460/460 493/493
f 460/460 461/461 493/493
f 493/493 461/461 494/494
f 461/461 462/462 494/494
f 494/494 462/462 495/495
f 463/463 464/464 496/496
f 496/496 464/464 497/497
f 464/464 465/465 497/497
f 497/497 465/465 498/498
f 465/465 466/466 498/498
f 498/498 466/466 499/499
f 466/466 467/467 499/499
f 499/499 467/467 500/500
f 467/467 468/468 500/500
f 500/500 468/468 501/501
f 468/468 469/469 501/501
f 501/501 469/469 502/502
f 469/469 470/470 502/502
f 502/502 470/470 503/503
f 470/470 471/471 503/503
f 503/503 471/471 504/504
f 471/471 472/472 504/504
f 504/504 472/472 505/505
f 472/472 473/473 505/505
f 505/505 473/473 506/506
f 473/473 474/474 506/506
f 506/506 474/474 507/507
f 474/474 475/475 507/507
f 507/507 475/475 508/508
f 475/475 476/476 508/508
f 508/508 476/476 509/509
f 476/476 477/477 509/509
f 509/509 477/477 510/510
f 477/477 478/478 510/510
f 510/510 478/478 511/511
f 478/478 479/479 511/511
f 511/511 479/479 512/512
f 479/479 480/480 512/512
f 512/512 480/480 513/513
f 480/480 481/481 513/513
f 513/513 481/481 514/514
f 481/481 482/482 514/514
f 514/514 482/482 515/515
f 482/482 483/483 515/515
f 515/515 483/483 516/516
f 483/483 484/484 516/516
f 516/516 484/484 517/517
f 484/484 485/485 517/517
f 517/517 485/485 518/518
f 485/485 486/486 518/518
f 518/518 486/486 519/519
f 486/486 487/487 519/519
f 519/519 487/487 520/520
f 487/487 488/488 520/520
f 520/520 488/488 521/521
f 488/488 489/489 521/521
f 521/521 489/489 522/522
f 489/489 490/490 522/522
f 522/522 490/490 523/523
f 490/490 491/491 523/523
f 523/523 491/491 524/524
f 491/491 492/492 524/524
f 524/524 492/492 525/525
f 492/492 493/493 525/525
f 525/525 493/493 526/526
f 493/493 494/494 526/526
f 526/526 494/494 527/527
f 494/494 495/495 527/527
f 527/527 495/495 528/528
f 496/496 497/497 529/529
f 529/529 497/497 530/530
f 497/497 498/498 530/530
f 530/530 498/498 531/531
f 498/498 499/499 531/531
f 531/531 499/499 532/532
f 499/499 500/500 532/532
f 532/532 500/500 533/533
f 500/500 501/501 533/533
f 533/533 501/501 534/534
f 501/501 502/502 534/534
f 534/534 502/502 535/535
f 502/502 503/503 535/535
f 535/535 503/503 536/536
f 503/503 504/504 536/536
f 536/536 504/504 537/537
f 504/504 505/505 537/537
f 537/537 505/505 538/538
f 505/505 506/506 538/538
f 538/538 506/506 539/539
f 506/506 507/507 539/539
f 539/539 507/507 540/540
f 507/507 508/508 540/540
f 540/540 508/508 541/541
f 508/508 509/509 541/541
f 541/541 509/509 542/542
f 509/509 510/510 542/542
f 542/542 510/510 543/543
f 510/510 511/511 543/543
f 543/543 511/511 544/544
f 511/511 512/512 544/544
f 544/544 512/512 545/545
f 512/512 513/513 545/545
f 545/545 513/513 546/546
f 513/513 514/514 546/546
f 546/546 514/514 547/547
f 514/514 515/515 547/547
f 547/547 515/515 548/548
f 515/515 516/516 548/548
f 548/548 516/516 549/549
f 516/516 517/517 549/549
f 549/549 517/517 550/550
f 517/517 518/518 550/550
f 550/550 518/518 551/551
f 518/518 519/519 551/551
f 551/551 519/519 552/552
f 519/519 520/520 552/552
f 552/552 520/520 553/553
f 520/520 521/521 553/553
f 553/553 521/521 554/554
f 521/521 522/522 554/554
f 554/554 522/522 555/555
f 522/522 523/523 555/555
f 555/555 523/523 556/556
f 523/523 524/524 556/556
f 556/556 524/524 557/557
f 524/524 525/525 557/557
f 557/557 525/525 558/558
f 525/525 526/526 558/558
f 558/558 526/526 559/559
f 526/526 527/527 559/559
f 559/559 527/527 560/560
f 527/527 528/528 560/560
f 560/560 528/528 561/561
f 529/529 530/530 562/562
f 562/562 530/530 563/563
f 530/530 531/531 563/563
f 563/563 531/531 564/564
f 531/531 532/532 564/564
f 564/564 532/532 565/565
f 532/532 533/533 565/565
f 565/565 533/533 566/566
f 533/533 534/534 566/566
f 566/566 534/534 567/567
f 534/534 535/535 567/567
f 567/567 535/535 568/568
f 535/535 536/536 568/568
f 568/568 536/536 569/569
f 536/536 537/537 569/569
f 569/569 537/537 570/570
f 537/537 538/538 570/570
f 570/570 538/538 571/571
f 538/538 539/539 571/571
f 571/571 539/539 572/572
f 539/539 540/540 572/572
f 572/572 540/540 573/573
f 540/540 541/541 573/573
f 573/573 541/541 574/574
f 541/541 542/542 574/574
f 574/574 542/542 575/575
f 542/542 543/543 575/575
f 575/575 543/543 576/576
f 543/543 544/544 576/576
f 576/576 544/544 577/577
f 544/544 545/545 577/577
f 577/577 545/545 578/578
f 545/545 546/546 578/578
f 578/578 546/546 579/579
f 546/546 547/547 579/579
f 579/579 547/547 580/580
f 547/547 548/548 580/580
f 580/580 548/548 581/581
f 548/548 549/549 581/581
f 581/581 549/549 582/582
f 549/549 550/550 582/582
f 582/582 550/550 583/583
f 550/550 551/551 583/583
f 583/583 551/551 584/584
f 551/551 552/552 584/584
f 584/584 552/552 585/585
f 552/552 553/553 585/585
f 585/585 553/553 586/586
f 553/553 554/554 586/586
f 586/586 554/554 587/587
f 554/554 555/555 587/587
f 587/587 555/555 588/588
f 555/555 556/556 588/588
f 588/588 556/556 589/589
f 556/556 557/557 589/589
f 589/589 557/557 590/590
f 557/557 558/558 590/590
f 590/590 558/558 591/591
f 558/558 559/559 591/591
f 591/591 559/559 592/592
f 559/559 560/560 592/592
f 592/592 560/560 593/593
f 560/560 561/561 593/593
f 593/593 561/561 594/594
f 562/562 563/563 595/595
f 595/595 563/563 596/596
f 563/563 564/564 596/596
f 596/596 564/564 597/597
f 564/564 565/565 597/597
f 597/597 565/565 598/598
f 565/565 566/566 598/598
f 598/598 566/566 599/599
f 566/566 567/567 599/599
f 599/599 567/567 600/600
f 567/567 568/568 600/600
f 600/600 568/568 601/601
f 568/568 569/569 601/601
f 601/601 569/569 602/602
f 569/569 570/570 602/602
f 602/602 570/570 603/603
f 570/570 571/571 603/603
f 603/603 571/571 604/604
f 571/571 572/572 604/604
f 604/604 572/572 605/605
f 572/572 573/573 605/605
f 605/605 573/573 606/606
f 573/573 574/574 606/606
f 606/606 574/574 607/607
f 574/574 575/575 607/607
f 607/607 575/575 608/608
f 575/575 576/576 608/608
f 608/608 576/576 609/609
f 576/576 577/577 609/609
f 609/609 577/577 610/610
f 577/577 578/578 610/610
f 610/610 578/578 611/611
f 578/578 579/579 611/611
f 611/611 579/579 612/612
f 579/579 580/580 612/612
f 612/612 580/580 613/613
f 580/580 581/581 613/613
f 613/613 581/581 614/614
f 581/581 582/582 614/614
f 614/614 582/582 615/615
f 582/582 583/583 615/615
f 615/615 583/583 616/616
f 583/583 584/584 616/616
f 616/616 584/584 617/617
f 584/584 585/585 617/617
f 617/617 585/585 618/618
f 585/585 586/586 618/618
f 618/618 586/586 619/619
f 586/586 587/587 619/619
f 619/619 587/587 620/620
f 587/587 588/588 620/620
f 620/620 588/588 621/621
f 588/588 589/589 621/621
f 621/621 589/589 622/622
f 589/589 590/590 622/622
f 622/622 590/590 623/623
f 590/590 591/591 623/623
f 623/623 591/591 624/624
f 591/591 592/592 624/624
f 624/624 592/592 625/625
f 592/592 593/593 625/625
f 625/625 593/593 626/626
f 593/593 594/594 626/626
f 626/626 594/594 627/627
f 595/595 596/596 628/628
f 628/628 596/596 629/629
f 596/596 597/597 629/629
f 629/629 597/597 630/630
f 597/597 598/598 630/630
f 630/630 598/598 631/631
f 598/598 599/599 631/631
f 631/631 599/599 632/632
f 599/599 600/600 632/632
f 632/632 600/600 633/633
f 600/600 601/601 633/633
f 633/633 601/601 634/634
f 601/601 602/602 634/634
f 634/634 602/602 635/635
f 602/602 603/603 635/635
f 635/635 603/603 636/636
f 603/603 604/604 636/636
f 636/636 604/604 637/637
f 604/604 605/605 637/637
f 637/637 605/605 638/638
f 605/605 606/606 638/638
f 638/638 606/606 639/639
f 606/606 607/607 639/639
f 639/639 607/607 640/640
f 607/607 608/608 640/640
f 640/640 608/608 641/641
f 608/608 609/609 641/641
f 641/641 609/609 642/642
f 609/609 610/610 642/642
f 642/642 610/610 643/643
f 610/610 611/611 643/643
f 643/643 611/611 644/644
f 611/611 612/612 644/644
f 644/644 612/612 645/645
f 612/612 613/613 645/645
f 645/645 613/613 646/646
f 613/613 614/614 646/646
f 646/646 614/614 647/647
f 614/614 615/615 647/647
f 647/647 615/615 648/648
f 615/615 616/616 648/648
f 648/648 616/616 649/649
f 616/616 617/617 649/649
f 649/649 617/617 650/650
f 617/617 618/618 650/650
f 650/650 618/618 651/651
f 618/618 619/619 651/651
f 651/651 619/619 652/652
f 619/619 620/620 652/652
f 652/652 620/620 653/653
f 620/620 621/621 653/653
f 653/653 621/621 654/654
f 621/621 622/622 654/654
f 654/654 622/622 655/655
f 622/622 623/623 655/655
f 655/655 623/623 656/656
f 623/623 624/624 656/656
f 656/656 624/624 657/657
f 624/624 625/625 657/657
f 657/657 625/625 658/658
f 625/625 626/626 658/658
f 658/658 626/626 659/659
f 626/626 627/627 659/659
f 659/659 627/627 660/660
f 628/628 629/629 661/661
f 661/661 629/629 662/662
f 629/629 630/630 662/662
f 662/662 630/630 663/663
f 630/630 631/631 663/663
f 663/663 631/631 664/664
f 631/631 632/632 664/664
f 664/664 632/632 665/665
f 632/632 633/633 665/665
f 665/665 633/633 666/666
f 633/633 634/634 666/666
f 666/666 634/634 667/667
f 634/634 635/635 667/667
f 667/667 635/635 668/668
f 635/635 636/636 668/668
f 668/668 636/636 669/669
f 636/636 637/637 669/669
f 669/669 637/637 670/670
f 637/637 638/638 670/670
f 670/670 638/638 671/671
f 638/638 639/639 671/671
f 671/671 639/639 672/672
f 639/639 640/640 672/672
f 672/672 640/640 673/673
f 640/640 641/641 673/673
f 673/673 641/641 674/674
f 641/641 642/642 674/674
f 674/674 642/642 675/675
f 642/642 643/643 675/675
f 675/675 643/643 676/676
f 643/643 644/644 676/676
f 676/676 644/644 677/677
f 644/644 645/645 677/677
f 677/677 645/645 678/678
f 645/645 646/646 678/678
f 678/678 646/646 679/679
f 646/646 647/647 679/679
f 679/679 647/647 680/680
f 647/647 648/648 680/680
f 680/680 648/648 681/681
f 648/648 649/649 681/681
f 681/681 649/649 682/682
f 649/649 650/650 682/682
f 682/682 650/650 683/683
f 650/650 651/651 683/683
f 683/683 651/651 684/684
f 651/651 652/652 684/684
f 684/684 652/652 685/685
f 652/652 653/653 685/685
f 685/685 653/653 686/686
f 653/653 654/654 686/686
f 686/686 654/654 687/687
f 654/654 655/655 687/687
f 687/687 655/655 688/688
f 655/655 656/656 688/688
f 688/688 656/656 689/689
f 656/656 657/657 689/689
f 689/689 657/657 690/690
f 657/657 658/658 690/690
f 690/690 658/658 691/691
f 658/658 659/659 691/691
f 691/691 659/659 692/692
f 659/659 660/660 692/692
f 692/692 660/660 693/693
f 661/661 662/662 694/694
f 694/694 662/662 695/695
f 662/662 663/663 695/695
f 695/695 663/663 696/696
f 663/663 664/664 696/696
f 696/696 664/664 697/697
f 664/664 665/665 697/697
f 697/697 665/665 698/698
f 665/665 666/666 698/698
f 698/698 666/666 699/699
f 666/666 667/667 699/699
f 699/699 667/667 700/700
f 667/667 668/668 700/700
f 700/700 668/668 701/701
f 668/668 669/669 701/701
f 701/701 669/669 702/702
f 669/669 670/670 702/702
f 702/702 670/670 703/703
f 670/670 671/671 703/703
f 703/703 671/671 704/704
f 671/671 672/672 704/704
f 704/704 672/672 705/705
f 672/672 673/673 705/705
f 705/705 673/673 706/706
f 673/673 674/674 706/706
f 706/706 674/674 707/707
f 674/674 675/675 707/707
f 707/707 675/675 708/708
f 675/675 676/676 708/708
f 708/708 676/676 709/709
f 676/676 677/677 709/709
f 709/709 677/677 710/710
f 677/677 678/678 710/710
f 710/710 678/678 711/711
f 678/678 679/679 711/711
f 711/711 679/679 712/712
f 679/679 680/680 712/712
f 712/712 680/680 713/713
f 680/680 681/681 713/713
f 713/713 681/681 714/714
f 681/681 682/682 714/714
f 714/714 682/682 715/715
f 682/682 683/683 715/715
f 715/715 683/683 716/716
f 683/683 684/684 716/716
f 716/716 684/684 717/717
f 684/684 685/685 717/717
f 717/717 685/685 718/718
f 685/685 686/686 718/718
f 718/718 686/686 719/719
f 686/686 687/687 719/719
f 719/719 687/687 720/720
f 687/687 688/688 720/720
f 720/720 688/688 721/721
f 688/688 689/689 721/721
f 721/721 689/689 722/722
f 689/689 690/690 722/722
f 722/722 690/690 723/723
f 690/690 691/691 723/723
f 723/723 691/691 724/724
f 691/691 692/692 724/724
f 724/724 692/692 725/725
f 692/692 693/693 725/725
f 725/725 693/693 726/726
f 694/694 695/695 727/727
f 727/727 695/695 728/728
f 695/695 696/696 728/728
f 728/728 696/696 729/729
f 696/696 697/697 729/729
f 729/729 697/697 730/730
f 697/697 698/698 730/730
f 730/730 698/698 731/731
f 698/698 699/699 731/731
f 731/731 699/699 732/732
f 699/699 700/700 732/732
f 732/732 700/700 733/733
f 700/700 701/701 733/733
f 733/733 701/701 734/734
f 701/701 702/702 734/734
f 734/734 702/702 735/735
f 702/702 703/703 735/735
f 735/735 703/703 736/736
f 703/703 704/704 736/736
f 736/736 704/704 737/737
f 704/704 705/705 737/737
f 737/737 705/705 738/738
f 705/705 706/706 738/738
f 738/738 706/706 739/739
f 706/706 707/707 739/739
f 739/739 707/707 740/740
f 707/707 708/708 740/740
f 740/740 708/708 741/741
f 708/708 709/709 741/741
f 741/741 709/709 742/742
f 709/709 710/710 742/742
f 742/742 710/710 743/743
f 710/710 711/711 743/743
f 743/743 711/711 744/744
f 711/711 712/712 744/744
f 744/744 712/712 745/745
f 712/712 713/713 745/745
f 745/745 713/713 746/746
f 713/713 714/714 746/746
f 746/746 714/714 747/747
f 714/714 715/715 747/747
f 747/747 715/715 748/748
f 715/715 716/716 748/748
f 748/748 716/716 749/749
f 716/716 717/717 749/749
f 749/749 717/717 750/750
f 717/717 718/718 750/750
f 750/750 718/718 751/751
f 718/718 719/719 751/751
f 751/751 719/719 752/752
f 719/719 720/720 752/752
f 752/752 720/720 753/753
f 720/720 721/721 753/753
f 753/753 721/721 754/754
f 721/721 722/722 754/754
f 754/754 722/722 755/755
f 722/722 723/723 755/755
f 755/755 723/723 756/756
f 723/723 724/724 756/756
f 756/756 724/724 757/757
f 724/724 725/725 757/757
f 757/757 725/725 758/758
f 725/725 726/726 758/758
f 758/758 726/726 759/759
f 727/727 728/728 760/760
f 760/760 728/728 761/761
f 728/728 729/729 761/761
f 761/761 729/729 762/762
f 729/729 730/730 762/762
f 762/762 730/730 763/763
f 730/730 731/731 763/763
f 763/763 731/731 764/764
f 731/731 732/732 764/764
f 764/764 732/732 765/765
f 732/732 733/733 765/765
f 765/765 733/733 766/766
f 733/733 734/734 766/766
f 766/766 734/734 767/767
f 734/734 735/735 767/767
f 767/767 735/735 768/768
f 735/735 736/736 768/768
f 768/768 736/736 769/769
f 736/736 737/737 769/769
f 769/769 737/737 770/770
f 737/737 738/738 770/770
f 770/770 738/738 771/771
f 738/738 739/739 771/771
f 771/771 739/739 772/772
f 739/739 740/740 772/772
f 772/772 740/740 773/773
f 740/740 741/741 773/773
f 773/773 741/741 774/774
f 741/741 742/742 774/774
f 774/774 742/742 775/775
f 742/742 743/743 775/775
f 775/775 743/743 776/776
f 743/743 744/744 776/776
f 776/776 744/744 777/777
f 744/744 745/745 777/777
f 777/777 745/745 778/778
f 745/745 746/746 778/778
f 778/778 746/746 779/779
f 746/746 747/747 779/779
f 779/779 747/747 780/780
f 747/747 748/748 780/780
f 780/780 748/748 781/781
f 748/748 749/749 781/781
f 781/781 749/749 782/782
f 749/749 750/750 782/782
f 782/782 750/750 783/783
f 750/750 751/751 783/783
f 783/783 751/751 784/784
f 751/751 752/752 784/784
f 784/784 752/752 785/785
f 752/752 753/753 785/785
f 785/785 753/753 786/786
f 753/753 754/754 786/786
f 786/786 754/754 787/787
f 754/754 755/755 787/787
f 787/787 755/755 788/788
f 755/755 756/756 788/788
f 788/788 756/756 789/789
f 756/756 757/757 789/789
f 789/789 757/757 790/790
f 757/757 758/758 790/790
f 790/790 758/758 791/791
f 758/758 759/759 791/791
f 791/791 759/759 792/792
f 760/760 761/761 793/793
f 793/793 761/761 794/794
f 761/761 762/762 794/794
f 794/794 762/762 795/795
f 762/762 763/763 795/795
f 795/795 763/763 796/796
f 763/763 764/764 796/796
f 796/796 764/764 797/797
f 764/764 765/765 797/797
f 797/797 765/765 798/798
f 765/765 766/766 798/798
f 798/798 766/766 799/799
f 766/766 767/767 799/799
f 799/799 767/767 800/800
f 767/767 768/768 800/800
f 800/800 768/768 801/801
f 768/768 769/769 801/801
f 801/801 769/769 802/802
f 769/769 770/770 802/802
f 802/802 770/770 803/803
f 770/770 771/771 803/803
f 803/803 771/771 804/804
f 771/771 772/772 804/804
f 804/804 772/772 805/805
f 772/772 773/773 805/805
f 805/805 773/773 806/806
f 773/773 774/774 806/806
f 806/806 774/774 807/807
f 774/774 775/775 807/807
f 807/807 775/775 808/808
f 775/775 776/776 808/808
f 808/808 776/776 809/809
f 776/776 777/777 809/809
f 809/809 777/777 810/810
f 777/777 778/778 810/810
f 810/810 778/778 811/811
f 778/778 779/779 811/811
f 811/811 779/779 812/812
f 779/779 780/780 812/812
f 812/812 780/780 813/813
f 780/780 781/781 813/813
f 813/813 781/781 814/814
f 781/781 782/782 814/814
f 814/814 782/782 815/815
f 782/782 783/783 815/815
f 815/815 783/783 816/816
f 783/783 784/784 816/816
f 816/816 784/784 817/817
f 784/784 785/785 817/817
f 817/817 785/785 818/818
f 785/785 786/786 818/818
f 818/818 786/786 819/819
f 786/786 787/787 819/819
f 819/819 787/787 820/820
f 787/787 788/788 820/820
f 820/820 788/788 821/821
f 788/788 789/789 821/821
f 821/821 789/789 822/822
f 789/789 790/790 822/822
f 822/822 790/790 823/823
f 790/790 791/791 823/823
f 823/823 791/791 824/824
f 791/791 792/792 824/824
f 824/824 792/792 825/825
f 793/793 794/794 826/826
f 826/826 794/794 827/827
f 794/794 795/795 827/827
f 827/827 795/795 828/828
f 795/795 796/796 828/828
f 828/828 796/796 829/829
f 796/796 797/797 829/829
f 829/829 797/797 830/830
f 797/797 798/798 830/830
f 830/830 798/798 831/831
f 798/798 799/799 831/831
f 831/831 799/799 832/832
f 799/799 800/800 832/832
f 832/832 800/800 833/833
f 800/800 801/801 833/833
f 833/833 801/801 834/834
f 801/801 802/802 834/834
f 834/834 802/802 835/835
f 802/802 803/803 835/835
f 835/835 803/803 836/836
f 803/803 804/804 836/836
f 836/836 804/804 837/837
f 804/804 805/805 837/837
f 837/837 805/805 838/838
f 805/805 806/806 838/838
f 838/838 806/806 839/839
f 806/806 807/807 839/839
f 839/839 807/807 840/840
f 807/807 808/808 840/840
f 840/840 808/808 841/841
f 808/808 809/809 841/841
f 841/841 809/809 842/842
f 809/809 810/810 842/842
f 842/842 810/810 843/843
f 810/810 811/811 843/843
f 843/843 811/811 844/844
f 811/811 812/812 844/844
f 844/844 812/812 845/845
f 812/812 813/813 845/845
f 845/845 813/813 846/846
f 813/813 814/814 846/846
f 846/846 814/814 847/847
f 814/814 815/815 847/847
f 847/847 815/815 848/848
f 815/815 816/816 848/848
f 848/848 816/816 849/849
f 816/816 817/817 849/849
f 849/849 817/817 850/850
f 817/817 818/818 850/850
f 850/850 818/818 851/851
f 818/818 819/819 851/851
f 851/851 819/819 852/852
f 819/819 820/820 852/852
f 852/852 820/820 853/853
f 820/820 821/821 853/853
f 853/853 821/821 854/854
f 821/821 822/822 854/854
f 854/854 822/822 855/855
f 822/822 823/823 855/855
f 855/855 823/823 856/856
f 823/823 824/824 856/856
f 856/856 824/824 857/857
f 824/824 825/825 857/857
f 857/857 825/825 858/858
f 826/826 827/827 859/859
f 859/859 827/827 860/860
f 827/827 828/828 860/860
f 860/860 828/828 861/861
f 828/828 829/829 861/861
f 861/861 829/829 862/862
f 829/829 830/830 862/862
f 862/862 830/830 863/863
f 830/830 831/831 863/863
f 863/863 831/831 864/864
f 831/831 832/832 864/864
f 864/864 832/832 865/865
f 832/832 833/833 865/865
f 865/865 833/833 866/866
f 833/833 834/834 866/866
f 866/866 834/834 867/867
f 834/834 835/835 867/867
f 867/867 835/835 868/868
f 835/835 836/836 868/868
f 868/868 836/836 869/869
f 836/836 837/837 869/869
f 869/869 837/837 870/870
f 837/837 838/838 870/870
f 870/870 838/838 871/871
f 838/838 839/839 871/871
f 871/871 839/839 872/872
f 839/839 840/840 872/872
f 872/872 840/840 873/873
f 840/840 841/841 873/873
f 873/873 841/841 874/874
f 841/841 842/842 874/874
f 874/874 842/842 875/875
f 842/842 843/843 875/875
f 875/875 843/843 876/876
f 843/843 844/844 876/876
f 876/876 844/844 877/877
f 844/844 845/845 877/877
f 877/877 845/845 878/878
f 845/845 846/846 878/878
f 878/878 846/846 879/879
f 846/846 847/847 879/879
f 879/879 847/847 880/880
f 847/847 848/848 880/880
f 880/880 848/848 881/881
f 848/848 849/849 881/881
f 881/881 849/849 882/882
f 849/849 850/850 882/882
f 882/882 850/850 883/883
f 850/850 851/851 883/883
f 883/883 851/851 884/884
f 851/851 852/852 884/884
f 884/884 852/852 885/885
f 852/852 853/853 885/885
f 885/885 853/853 886/886
f 853/853 854/854 886/886
f 886/886 854/854 887/887
f 854/854 855/855 887/887
f 887/887 855/855 888/888
f 855/855 856/856 888/888
f 888/888 856/856 889/889
f 856/856 857/857 889/889
f 889/889 857/857 890/890
f 857/857 858/858 890/890
f 890/890 858/858 891/891
f 859/859 860/860 892/892
f 892/892 860/860 893/893
f 860/860 861/861 893/893
f 893/893 861/861 894/894
f 861/861 862/862 894/894
f 894/894 862/862 895/895
f 862/862 863/863 895/895
f 895/895 863/863 896/896
f 863/863 864/864 896/896
f 896/896 864/864 897/897
f 864/864 865/865 897/897
f 897/897 865/865 898/898
f 865/865 866/866 898/898
f 898/898 866/866 899/899
f 866/866 867/867 899/899
f 899/899 867/867 900/900
f 867/867 868/868 900/900
f 900/900 868/868 901/901
f 868/868 869/869 901/901
f 901/901 869/869 902/902
f 869/869 870/870 902/902
f 902/902 870/870 903/903
f 870/870 871/871 903/903
f 903/903 871/871 904/904
f 871/871 872/872 904/904
f 904/904 872/872 905/905
f 872/872 873/873 905/905
f 905/905 873/873 906/906
f 873/873 874/874 906/906
f 906/906 874/874 907/907
f 874/874 875/875 907/907
f 907/907 875/875 908/908
f 875/875 876/876 908/908
f 908/908 876/876 909/909
f 876/876 877/877 909/909
f 909/909 877/877 910/910
f 877/877 878/878 910/910
f 910/910 878/878 911/911
f 878/878 879/879 911/911
f 911/911 879/879 912/912
f 879/879 880/880 912/912
f 912/912 880/880 913/913
f 880/880 881/881 913/913
f 913/913 881/881 914/914
f 881/881 882/882 914/914
f 914/914 882/882 915/915
f 882/882 883/883 915/915
f 915/915 883/883 916/916
f 883/883 884/884 916/916
f 916/916 884/884 917/917
f 884/884 885/885 917/917
f 917/917 885/885 918/918
f 885/885 886/886 918/918
f 918/918 886/886 919/919
f 886/886 887/887 919/919
f 919/919 887/887 920/920
f 887/887 888/888 920/920
f 920/920 888/888 921/921
f 888/888 889/889 921/921
f 921/921 889/889 922/922
f 889/889 890/890 922/922
f 922/922 890/890 923/923
f 890/890 891/891 923/923
f 923/923 891/891 924/924
f 892/892 893/893 925/925
f 925/925 893/893 926/926
f 893/893 894/894 926/926
f 926/926 894/894 927/927
f 894/894 895/895 927/927
f 927/927 895/895 928/928
f 895/895 896/896 928/928
f 928/928 896/896 929/929
f 896/896 897/897 929/929
f 929/929 897/897 930/930
f 897/897 898/898 930/930
f 930/930 898/898 931/931
f 898/898 899/899 931/931
f 931/931 899/899 932/932
f 899/899 900/900 932/932
f 932/932 900/900 933/933
f 900/900 901/901 933/933
f 933/933 901/901 934/934
f 901/901 902/902 934/934
f 934/934 902/902 935/935
f 902/902 903/903 935/935
f 935/935 903/903 936/936
f 903/903 904/904 936/936
f 936/936 904/904 937/937
f 904/904 905/905 937/937
f 937/937 905/905 938/938
f 905/905 906/906 938/938
f 938/938 906/906 939/939
f 906/906 907/907 939/939
f 939/939 907/907 940/940
f 907/907 908/908 940/940
f 940/940 908/908 941/941
f 908/908 909/909 941/941
f 941/941 909/909 942/942
f 909/909 910/910 942/942
f 942/942 910/910 943/943
f 910/910 911/911 943/943
f 943/943 911/911 944/944
f 911/911 912/912 944/944
f 944/944 912/912 945/945
f 912/912 913/913 945/945
f 945/945 913/913 946/946
f 913/913 914/914 946/946
f 946/946 914/914 947/947
f 914/914 915/915 947/947
f 947/947 915/915 948/948
f 915/915 916/916 948/948
f 948/948 916/916 949/949
f 916/916 917/917 949/949
f 949/949 917/917 950/950
f 917/917 918/918 950/950
f 950/950 918/918 951/951
f 918/918 919/919 951/951
f 951/951 919/919 952/952
f 919/919 920/920 952/952
f 952/952 920/920 953/953
f 920/920 921/921 953/953
f 953/953 921/921 954/954
f 921/921 922/922 954/954
f 954/954 922/922 955/955
f 922/922 923/923 955/955
f 955/955 923/923 956/956
f 923/923 924/924 956/956
f 956/956 924/924 957/957
f 925/925 926/926 958/958
f 958/958 926/926 959/959
f 926/926 927/927 959/959
f 959/959 927/927 960/960
f 927/927 928/928 960/960
f 960/960 928/928 961/961
f 928/928 929/929 961/961
f 961/961 929/929 962/962
f 929/929 930/930 962/962
f 962/962 930/930 963/963
f 930/930 931/931 963/963
f 963/963 931/931 964/964
f 931/931 932/932 964/964
f 964/964 932/932 965/965
f 932/932 933/933 965/965
f 965/965 933/933 966/966
f 933/933 934/934 966/966
f 966/966 934/934 967/967
f 934/934 935/935 967/967
f 967/967 935/935 968/968
f 935/935 936/936 968/968
f 968/968 936/936 969/969
f 936/936 937/937 969/969
f 969/969 937/937 970/970
f 937/937 938/938 970/970
f 970/970 938/938 971/971
f 938/938 939/939 971/971
f 971/971 939/939 972/972
f 939/939 940/940 972/972
f 972/972 940/940 973/973
f 940/940 941/941 973/973
f 973/973 941/941 974/974
f 941/941 942/942 974/974
f 974/974 942/942 975/975
f 942/942 943/943 975/975
f 975/975 943/943 976/976
f 943/943 944/944 976/976
f 976/976 944/944 977/977
f 944/944 945/945 977/977
f 977/977 945/945 978/978
f 945/945 946/946 978/978
f 978/978 946/946 979/979
f 946/946 947/947 979/979
f 979/979 947/947 980/980
f 947/947 948/948 980/980
f 980/980 948/948 981/981
f 948/948 949/949 981/981
f 981/981 949/949 982/982
f 949/949 950/950 982/982
f 982/982 950/950 983/983
f 950/950 951/951 983/983
f 983/983 951/951 984/984
f 951/951 952/952 984/984
f 984/984 952/952 985/985
f 952/952 953/953 985/985
f 985/985 953/953 986/986
f 953/953 954/954 986/986
f 986/986 954/954 987/987
f 954/954 955/955 987/987
f 987/987 955/955 988/988
f 955/955 956/956 988/988
f 988/988 956/956 989/989
f 956/956 957/957 989/989
f 989/989 957/957 990/990
f 958/958 959/959 991/991
f 991/991 959/959 992/992
f 959/959 960/960 992/992
f 992/992 960/960 993/993
f 960/960 961/961 993/993
f 993/993 961/961 994/994
f 961/961 962/962 994/994
f 994/994 962/962 995/995
f 962/962 963/963 995/995
f 995/995 963/963 996/996
f 963/963 964/964 996/996
f 996/996 964/964 997/997
f 964/964 965/965 997/997
f 997/997 965/965 998/998
f 965/965 966/966 998/998
f 998/998 966/966 999/999
f 966/966 967/967 999/999
f 999/999 967/967 1000/1000
f 967/967 968/968 1000/1000
f 1000/1000 968/968 1001/1001
f 968/968 969/969 1001/1001
f 1001/1001 969/969 1002/1002
f 969/969 970/970 1002/1002
f 1002/1002 970/970 1003/1003
f 970/970 971/971 1003/1003
f 1003/1003 971/971 1004/1004
f 971/971 972/972 1004/1004
f 1004/1004 972/972 1005/1005
f 972/972 973/973 1005/1005
f 1005/1005 973/973 1006/1006
f 973/973 974/974 1006/1006
f 1006/1006 974/974 1007/1007
f 974/974 975/975 1007/1007
f 1007/1007 975/975 1008/1008
f 975/975 976/976 1008/1008
f 1008/1008 976/976 1009/1009
f 976/976 977/977 1009/1009
f 1009/1009 977/977 1010/1010
f 977/977 978/978 1010/1010
f 1010/1010 978/978 1011/1011
f 978/978 979/979 1011/1011
f 1011/1011 979/979 1012/1012
f 979/979 980/980 1012/1012
f 1012/1012 980/980 1013/1013
f 980/980 981/981 1013/1013
f 1013/1013 981/981 1014/1014
f 981/981 982/982 1014/1014
f 1014/1014 982/982 1015/1015
f 982/982 983/983 1015/1015
f 1015/1015 983/983 1016/1016
f 983/983 984/984 1016/1016
f 1016/1016 984/984 1017/1017
f 984/984 985/985 1017/1017
f 1017/1017 985/985 1018/1018
f 985/985 986/986 1018/1018
f 1018/1018 986/986 1019/1019
f 986/986 987/987 1019/1019
f 1019/1019 987/987 1020/1020
f 987/987 988/988 1020/1020
f 1020/1020 988/988 1021/1021
f 988/988 989/989 1021/1021
f 1021/1021 989/989 1022/1022
f 989/989 990/990 1022/1022
f 1022/1022 990/990 1023/1023
f 991/991 992/992 1024/1024
f 1024/1024 992/992 1025/1025
f 992/992 993/993 1025/1025
f 1025/1025 993/993 1026/1026
f 993/993 994/994 1026/1026
f 1026/1026 994/994 1027/1027
f 994/994 995/995 1027/1027
f 1027/1027 995/995 1028/1028
f 995/995 996/996 1028/1028
f 1028/1028 996/996 1029/1029
f 996/996 997/997 1029/1029
f 1029/1029 997/997 1030/1030
f 997/997 998/998 1030/1030
f 1030/1030 998/998 1031/1031
f 998/998 999/999 1031/1031
f 1031/1031 999/999 1032/1032
f 999/999 1000/1000 1032/1032
f 1032/1032 1000/1000 1033/1033
f 1000/1000 1001/1001 1033/1033
f 1033/1033 1001/1001 1034/1034
f 1001/1001 1002/1002 1034/1034
f 1034/1034 1002/1002 1035/1035
f 1002/1002 1003/1003 1035/1035
f 1035/1035 1003/1003 1036/1036
f 1003/1003 1004/1004 1036/1036
f 1036/1036 1004/1004 1037/1037
f 1004/1004 1005/1005 1037/1037
f 1037/1037 1005/1005 1038/1038
f 1005/1005 1006/1006 1038/1038
f 1038/1038 1006/1006 1039/1039
f 1006/1006 1007/1007 1039/1039
f 1039/1039 1007/1007 1040/1040
f 1007/1007 1008/1008 1040/1040
f 1040/1040 1008/1008 1041/1041
f 1008/1008 1009/1009 1041/1041
f 1041/1041 1009/1009 1042/1042
f 1009/1009 1010/1010 1042/1042
f 1042/1042 1010/1010 1043/1043
f 1010/1010 1011/1011 1043/1043
f 1043/1043 1011/1011 1044/1044
f 1011/1011 1012/1012 1044/1044
f 1044/1044 1012/1012 1045/1045
f 1012/1012 1013/1013 1045/1045
f 1045/1045 1013/1013 1046/1046
f 1013/1013 1014/1014 1046/1046
f 1046/1046 1014/1014 1047/1047
f 1014/1014 1015/1015 1047/1047
f 1047/1047 1015/1015 1048/1048
f 1015/1015 1016/1016 1048/1048
f 1048/1048 1016/1016 1049/1049
f 1016/1016 1017/1017 1049/1049
f 1049/1049 1017/1017 1050/1050
f 1017/1017 1018/1018 1050/1050
f 1050/1050 1018/1018 1051/1051
f 1018/1018 1019/1019 1051/1051
f 1051/1051 1019/1019 1052/1052
f 1019/1019 1020/1020 1052/1052
f 1052/1052 1020/1020 1053/1053
f 1020/1020 1021/1021 1053/1053
f 1053/1053 1021/1021 1054/1054
f 1021/1021 1022/1022 1054/1054
f 1054/1054 1022/1022 1055/1055
f 1022/1022 1023/1023 1055/1055
f 1055/1055 1023/1023 1056/1056
f 1024/1024 1025/1025 1057/1057
f 1057/1057 1025/1025 1058/1058
f 1025/1025 1026/1026 1058/1058
f 1058/1058 1026/1026 1059/1059
f 1026/1026 1027/1027 1059/1059
f 1059/1059 1027/1027 1060/1060
f 1027/1027 1028/1028 1060/1060
f 1060/1060 1028/1028 1061/1061
f 1028/1028 1029/1029 1061/1061
f 1061/1061 1029/1029 1062/1062
f 1029/1029 1030/1030 1062/1062
f 1062/1062 1030/1030 1063/1063
f 1030/1030 1031/1031 1063/1063
f 1063/1063 1031/1031 1064/1064
f 1031/1031 1032/1032 1064/1064
f 1064/1064 1032/1032 1065/1065
f 1032/1032 1033/1033 1065/1065
f 1065/1065 1033/1033 1066/1066
f 1033/1033 1034/1034 1066/1066
f 1066/1066 1034/1034 1067/1067
f 1034/1034 1035/1035 1067/1067
f 1067/1067 1035/1035 1068/1068
f 1035/1035 1036/1036 1068/1068
f 1068/1068 1036/1036 1069/1069
f 1036/1036 1037/1037 1069/1069
f 1069/1069 1037/1037 1070/1070
f 1037/1037 1038/1038 1070/1070
f 1070/1070 1038/1038 1071/1071
f 1038/1038 1039/1039 1071/1071
f 1071/1071 1039/1039 1072/1072
f 1039/1039 1040/1040 1072/1072
f 1072/1072 1040/1040 1073/1073
f 1040/1040 1041/1041 1073/1073
f 1073/1073 1041/1041 1074/1074
f 1041/1041 1042/1042 1074/1074
f 1074/1074 1042/1042 1075/1075
f 1042/1042 1043/1043 1075/1075
f 1075/1075 1043/1043 1076/1076
f 1043/1043 1044/1044 1076/1076
f 1076/1076 1044/1044 1077/1077
f 1044/1044 1045/1045 1077/1077
f 1077/1077 1045/1045 1078/1078
f 1045/1045 1046/1046 1078/1078
f 1078/1078 1046/1046 1079/1079
f 1046/1046 1047/1047 1079/1079
f 1079/1079 1047/1047 1080/1080
f 1047/1047 1048/1048 1080/1080
f 1080/1080 1048/1048 1081/1081
f 1048/1048 1049/1049 1081/1081
f 1081/1081 1049/1049 1082/1082
f 1049/1049 1050/1050 1082/1082
f 1082/1082 1050/1050 1083/1083
f 1050/1050 1051/1051 1083/1083
f 1083/1083 1051/1051 1084/1084
f 1051/1051 1052/1052 1084/1084
f 1084/1084 1052/1052 1085/1085
f 1052/1052 1053/1053 1085/1085
f 1085/1085 1053/1053 1086/1086
f 1053/1053 1054/1054 1086/1086
f 1086/1086 1054/1054 1087/1087
f 1054/1054 1055/1055 1087/1087
f 1087/1087 1055/1055 1088/1088
f 1055/1055 1056/1056 1088/1088
f 1088/1088 1056/1056 1089/1089
